job_id,snapshot_date,company_id,company_name,company_website,careers_url,job_title,job_url,location,city,state,country,remote,salary_min,salary_max,department,category,date_found,last_seen_at,source_url,discovery_method,job_confidence_score,status
54ff67f5275f,2026-08-08,a3c0ab6694be,Bluefors Inc.,https://bluefors.com/,https://careers.bluefors.com/jobs,Manufacturing Associate: BTA Assembler,https://careers.bluefors.com/jobs/8190303-manufacturing-associate-bta-assembler,"Syracuse, NY, United States",Syracuse,NY,United States,Not specified,,,,Core Space,2026-08-08,2026-08-08,https://careers.bluefors.com/jobs,linked_page,4,success_after_fallback
5bc16c4b4fe7,2026-08-08,a3c0ab6694be,Bluefors Inc.,https://bluefors.com/,https://careers.bluefors.com/jobs,Manufacturing Associate: Compressor Assembly,https://careers.bluefors.com/jobs/8190267-manufacturing-associate-compressor-assembly,"Syracuse, NY, United States",Syracuse,NY,United States,Not specified,,,,Core Space,2026-08-08,2026-08-08,https://careers.bluefors.com/jobs,linked_page,4,success_after_fallback
3c8f7f752242,2026-08-08,a3c0ab6694be,Bluefors Inc.,https://bluefors.com/,https://careers.bluefors.com/jobs,R&D and Engineering,https://careers.bluefors.com/jobs/8190250-toolmaker,"Syracuse, NY, United States",Syracuse,NY,United States,Not specified,,,,Core Space,2026-08-08,2026-08-08,https://careers.bluefors.com/jobs,linked_page,4,success_after_fallback
ffc0f9c180a3,2026-08-08,a3c0ab6694be,Bluefors Inc.,https://bluefors.com/,https://careers.bluefors.com/jobs,"Installation Field Service Technician, East Coast",https://careers.bluefors.com/jobs/8126332-installation-field-service-technician-east-coast,"Syracuse, NY, United States",Syracuse,NY,United States,Not specified,,,,Core Space,2026-08-08,2026-08-08,https://careers.bluefors.com/jobs,linked_page,4,success_after_fallback
9e98d837473e,2026-08-08,a3c0ab6694be,Bluefors Inc.,https://bluefors.com/,https://careers.bluefors.com/jobs,"Installation Field Service Technician , West Coast",https://careers.bluefors.com/jobs/8126326-installation-field-service-technician-west-coast,"Syracuse, NY, United States",Syracuse,NY,United States,Not specified,,,,Core Space,2026-08-08,2026-08-08,https://careers.bluefors.com/jobs,linked_page,4,success_after_fallback
2e8c959e69eb,2026-08-08,a3c0ab6694be,Bluefors Inc.,https://bluefors.com/,https://careers.bluefors.com/jobs,Customer Program Manager,https://careers.bluefors.com/jobs/8114573-customer-program-manager,"Syracuse, NY, United States",Syracuse,NY,United States,Not specified,,,,Core Space,2026-08-08,2026-08-08,https://careers.bluefors.com/jobs,linked_page,4,success_after_fallback
bc981d860b12,2026-08-08,a3c0ab6694be,Bluefors Inc.,https://bluefors.com/,https://careers.bluefors.com/jobs,Legal Analyst,https://careers.bluefors.com/jobs/8110901-legal-analyst,"Syracuse, NY, United States",Syracuse,NY,United States,Not specified,,,,Core Space,2026-08-08,2026-08-08,https://careers.bluefors.com/jobs,linked_page,4,success_after_fallback
f7c0d233bdea,2026-08-08,a3c0ab6694be,Bluefors Inc.,https://bluefors.com/,https://careers.bluefors.com/jobs,IT Specialist,https://careers.bluefors.com/jobs/8043197-it-specialist,Hybrid,,,,Hybrid,,,,Core Space,2026-08-08,2026-08-08,https://careers.bluefors.com/jobs,linked_page,4,success_after_fallback
274cf5aedd27,2026-08-08,a3c0ab6694be,Bluefors Inc.,https://bluefors.com/,https://careers.bluefors.com/jobs,Technical Service Manager,https://careers.bluefors.com/jobs/8060586-technical-service-manager,"Syracuse, NY, United States",Syracuse,NY,United States,Not specified,,,,Core Space,2026-08-08,2026-08-08,https://careers.bluefors.com/jobs,linked_page,4,success_after_fallback
4fc21f16dc33,2026-08-08,a3c0ab6694be,Bluefors Inc.,https://bluefors.com/,https://careers.bluefors.com/jobs,Cryogenic R&D Engineer,https://careers.bluefors.com/jobs/8055772-cryogenic-r-d-engineer,"Syracuse, NY, United States",Syracuse,NY,United States,Not specified,,,,Core Space,2026-08-08,2026-08-08,https://careers.bluefors.com/jobs,linked_page,4,success_after_fallback
29fe6463991a,2026-08-08,a3c0ab6694be,Bluefors Inc.,https://bluefors.com/,https://careers.bluefors.com/jobs,Customer Service Representative-Sales,https://careers.bluefors.com/jobs/8055766-customer-service-representative-sales,"Syracuse, NY, United States",Syracuse,NY,United States,Not specified,,,,Core Space,2026-08-08,2026-08-08,https://careers.bluefors.com/jobs,linked_page,4,success_after_fallback
7b0634e138bf,2026-08-08,a3c0ab6694be,Bluefors Inc.,https://bluefors.com/,https://careers.bluefors.com/jobs,"Account Manager, Growth Accounts",https://careers.bluefors.com/jobs/8040781-account-manager-growth-accounts,"Syracuse, NY, United States",Syracuse,NY,United States,Remote,,,,Core Space,2026-08-08,2026-08-08,https://careers.bluefors.com/jobs,linked_page,4,success_after_fallback
4ca7ad892cd8,2026-08-08,a3c0ab6694be,Bluefors Inc.,https://bluefors.com/,https://careers.bluefors.com/jobs,Stockroom Associate,https://careers.bluefors.com/jobs/7987885-stockroom-associate,"Syracuse, NY, United States",Syracuse,NY,United States,Not specified,,,,Core Space,2026-08-08,2026-08-08,https://careers.bluefors.com/jobs,linked_page,4,success_after_fallback
9eba9e76a6f8,2026-08-08,a3c0ab6694be,Bluefors Inc.,https://bluefors.com/,https://careers.bluefors.com/jobs,Manufacturing Associate: Compressor Assembly,https://careers.bluefors.com/jobs/7987832-manufacturing-associate-compressor-assembly,"Syracuse, NY, United States",Syracuse,NY,United States,Not specified,,,,Core Space,2026-08-08,2026-08-08,https://careers.bluefors.com/jobs,linked_page,4,success_after_fallback
e5ea58cca7b6,2026-08-08,a3c0ab6694be,Bluefors Inc.,https://bluefors.com/,https://careers.bluefors.com/jobs,Service Engineer,https://careers.bluefors.com/jobs/7874628-service-engineer,"Syracuse, NY, United States",Syracuse,NY,United States,Not specified,,,,Core Space,2026-08-08,2026-08-08,https://careers.bluefors.com/jobs,linked_page,4,success_after_fallback
7fdda253c106,2026-08-08,a3c0ab6694be,Bluefors Inc.,https://bluefors.com/,https://careers.bluefors.com/jobs,Business Development Specialist,https://careers.bluefors.com/jobs/7752465-business-development-specialist,"Syracuse, NY, United States",Syracuse,NY,United States,Not specified,,,,Core Space,2026-08-08,2026-08-08,https://careers.bluefors.com/jobs,linked_page,4,success_after_fallback
f02437780332,2026-08-08,a3c0ab6694be,Bluefors Inc.,https://bluefors.com/,https://careers.bluefors.com/jobs,Resident Cryogenic Engineer,https://careers.bluefors.com/jobs/7707351-resident-cryogenic-engineer,"Syracuse, NY, United States",Syracuse,NY,United States,Not specified,,,,Core Space,2026-08-08,2026-08-08,https://careers.bluefors.com/jobs,linked_page,4,success_after_fallback
0fdb5452fafe,2026-08-08,a3c0ab6694be,Bluefors Inc.,https://bluefors.com/,https://careers.bluefors.com/jobs,Production Control Coordinator,https://careers.bluefors.com/jobs/7694531-production-control-coordinator,"Syracuse, NY, United States",Syracuse,NY,United States,Not specified,,,,Core Space,2026-08-08,2026-08-08,https://careers.bluefors.com/jobs,linked_page,4,success_after_fallback
da03c9b935ec,2026-08-08,a3c0ab6694be,Bluefors Inc.,https://bluefors.com/,https://careers.bluefors.com/jobs,Cryo Engineer,https://careers.bluefors.com/jobs/7677576-cryo-engineer,Hybrid,,,,Hybrid,,,,Core Space,2026-08-08,2026-08-08,https://careers.bluefors.com/jobs,linked_page,4,success_after_fallback
a414449d1e04,2026-08-08,a3c0ab6694be,Bluefors Inc.,https://bluefors.com/,https://careers.bluefors.com/jobs,Technical Sales Lead,https://careers.bluefors.com/jobs/7618377-technical-sales-lead,"Syracuse, NY, United States",Syracuse,NY,United States,Remote,,,,Core Space,2026-08-08,2026-08-08,https://careers.bluefors.com/jobs,linked_page,4,success_after_fallback
1a3ad1837653,2026-08-08,0c237be7f93d,Applied Visions,https://www.avi.com/,https://app.trinethire.com/companies/1321-the-applied-visions-companies-applied-visions-software-design-solutions/jobs,Electrical Engineer,https://app.trinethire.com/companies/1321-applied-visions-software-design-solutions/jobs/121839-electrical-engineer,"Clifton Park, NY, United States",Clifton Park,NY,United States,Not specified,,,,Aerospace,2026-08-08,2026-08-08,https://app.trinethire.com/companies/1321-the-applied-visions-companies-applied-visions-software-design-solutions/jobs,linked_page,4,success_after_fallback
cb371e86cd3d,2026-08-08,0c237be7f93d,Applied Visions,https://www.avi.com/,https://app.trinethire.com/companies/1321-the-applied-visions-companies-applied-visions-software-design-solutions/jobs,Director of Engineering,https://app.trinethire.com/companies/1321-applied-visions-software-design-solutions/jobs/118815-director-of-engineering,"Clifton Park, NY, United States",Clifton Park,NY,United States,Not specified,,,,Aerospace,2026-08-08,2026-08-08,https://app.trinethire.com/companies/1321-the-applied-visions-companies-applied-visions-software-design-solutions/jobs,linked_page,4,success_after_fallback
61417aaf893b,2026-08-08,0c237be7f93d,Applied Visions,https://www.avi.com/,https://app.trinethire.com/companies/1321-the-applied-visions-companies-applied-visions-software-design-solutions/jobs,Director of Product Management,https://app.trinethire.com/companies/1321-applied-visions-software-design-solutions/jobs/120485-director-of-product-management,"Clifton Park, NY, United States",Clifton Park,NY,United States,Not specified,,,,Aerospace,2026-08-08,2026-08-08,https://app.trinethire.com/companies/1321-the-applied-visions-companies-applied-visions-software-design-solutions/jobs,linked_page,4,success_after_fallback
0ac45e64ecd0,2026-08-08,0c237be7f93d,Applied Visions,https://www.avi.com/,https://app.trinethire.com/companies/1321-the-applied-visions-companies-applied-visions-software-design-solutions/jobs,Applied Visions Software Design Solutions,https://app.trinethire.com/companies/1321-applied-visions-software-design-solutions/jobs/120013-machinist-prototype-machining-3-month-contract,"Clifton Park, NY, United States",Clifton Park,NY,United States,Not specified,,,,Aerospace,2026-08-08,2026-08-08,https://app.trinethire.com/companies/1321-the-applied-visions-companies-applied-visions-software-design-solutions/jobs,linked_page,4,success_after_fallback
873a8c5d3c48,2026-08-08,405cf37b5e7d,Arkwin Industries,https://www.arkwin.com/,https://www.arkwin.com/job/senior-design-engineer-3,Senior Design Engineer,https://www.arkwin.com/job/senior-design-engineer-3,"Bethpage, NY",Bethpage,NY,United States,Not specified,,,,Space & Defense,2026-08-08,2026-08-08,https://www.arkwin.com/job/senior-design-engineer-3,linked_page,3,success_after_fallback
973ecca02f98,2026-08-08,405cf37b5e7d,Arkwin Industries,https://www.arkwin.com/,https://www.arkwin.com/job/quality-engineer-2,Quality Engineer,https://www.arkwin.com/job/quality-engineer-2,"Bethpage, NY",Bethpage,NY,United States,Not specified,,,,Space & Defense,2026-08-08,2026-08-08,https://www.arkwin.com/job/quality-engineer-2,linked_page,3,success_after_fallback
27443147dc30,2026-08-08,405cf37b5e7d,Arkwin Industries,https://www.arkwin.com/,https://www.arkwin.com/job/business-development-manager,Business Development Manager,https://www.arkwin.com/job/business-development-manager,"Bethpage, NY",Bethpage,NY,United States,Not specified,,,,Space & Defense,2026-08-08,2026-08-08,https://www.arkwin.com/job/business-development-manager,linked_page,3,success_after_fallback
f398e8e870ff,2026-08-08,405cf37b5e7d,Arkwin Industries,https://www.arkwin.com/,https://www.arkwin.com/job/business-unit-manager-4,Business Unit Manager,https://www.arkwin.com/job/business-unit-manager-4,"Bethpage, NY",Bethpage,NY,United States,Not specified,,,,Space & Defense,2026-08-08,2026-08-08,https://www.arkwin.com/job/business-unit-manager-4,linked_page,3,success_after_fallback
8dda5fe97d2c,2026-08-08,405cf37b5e7d,Arkwin Industries,https://www.arkwin.com/,https://www.arkwin.com/job/customer-account-manager-9,Customer Account Manager,https://www.arkwin.com/job/customer-account-manager-9,"Bethpage, NY",Bethpage,NY,United States,Not specified,,,,Space & Defense,2026-08-08,2026-08-08,https://www.arkwin.com/job/customer-account-manager-9,linked_page,3,success_after_fallback
2a8047149c99,2026-08-08,f7b8731a7e71,ASR International,https://www.asrintl.com/,https://asrinternationalcorp.applytojob.com/apply/jobs,Contract Specialist,https://asrinternationalcorp.applytojob.com/apply/jobs/details/YSn0TWrPnJ,"Laughlin, TX",Laughlin,TX,United States,Not specified,,,,Space & Defense,2026-08-08,2026-08-08,https://asrinternationalcorp.applytojob.com/apply/jobs,known_careers_url,4,success
a290883f801e,2026-08-08,f7b8731a7e71,ASR International,https://www.asrintl.com/,https://asrinternationalcorp.applytojob.com/apply/jobs,Program Manager,https://asrinternationalcorp.applytojob.com/apply/jobs/details/HIXijGcJBv,"Laughlin, TX",Laughlin,TX,United States,Not specified,,,,Space & Defense,2026-08-08,2026-08-08,https://asrinternationalcorp.applytojob.com/apply/jobs,known_careers_url,4,success
1af5e2dd5580,2026-08-08,f7b8731a7e71,ASR International,https://www.asrintl.com/,https://asrinternationalcorp.applytojob.com/apply/jobs,Warehouse Associate,https://asrinternationalcorp.applytojob.com/apply/jobs/details/Sz0qmFohHe,"Minden, NV",Minden,NV,United States,Not specified,,,,Space & Defense,2026-08-08,2026-08-08,https://asrinternationalcorp.applytojob.com/apply/jobs,known_careers_url,4,success
478cb95642ea,2026-08-08,f7b8731a7e71,ASR International,https://www.asrintl.com/,https://asrinternationalcorp.applytojob.com/apply/jobs,Human Resources Specialist,https://asrinternationalcorp.applytojob.com/apply/jobs/details/pGDEb7m4z4,"Hauppauge, NY",Hauppauge,NY,United States,Not specified,,,,Space & Defense,2026-08-08,2026-08-08,https://asrinternationalcorp.applytojob.com/apply/jobs,known_careers_url,4,success
405bd4c10310,2026-08-08,f7b8731a7e71,ASR International,https://www.asrintl.com/,https://asrinternationalcorp.applytojob.com/apply/jobs,Corporate Benefits and Insurance Manager,https://asrinternationalcorp.applytojob.com/apply/jobs/details/NRNvvkf9zF,"Hauppauge, NY",Hauppauge,NY,United States,Not specified,,,,Space & Defense,2026-08-08,2026-08-08,https://asrinternationalcorp.applytojob.com/apply/jobs,known_careers_url,4,success
c8adf6db7e97,2026-08-08,f7b8731a7e71,ASR International,https://www.asrintl.com/,https://asrinternationalcorp.applytojob.com/apply/jobs,Supply Technician,https://asrinternationalcorp.applytojob.com/apply/jobs/details/STTysYlm5N,"Fort Leonard Wood, MO",Fort Leonard Wood,MO,United States,Not specified,,,,Space & Defense,2026-08-08,2026-08-08,https://asrinternationalcorp.applytojob.com/apply/jobs,known_careers_url,4,success
fe6f53b21370,2026-08-08,f7b8731a7e71,ASR International,https://www.asrintl.com/,https://asrinternationalcorp.applytojob.com/apply/jobs,Technical Instructor/Course Developer,https://asrinternationalcorp.applytojob.com/apply/jobs/details/VqhiVDUJjm,"Selfridge, MI",Selfridge,MI,United States,Not specified,,,,Space & Defense,2026-08-08,2026-08-08,https://asrinternationalcorp.applytojob.com/apply/jobs,known_careers_url,4,success
543ec18896e4,2026-08-08,f7b8731a7e71,ASR International,https://www.asrintl.com/,https://asrinternationalcorp.applytojob.com/apply/jobs,Warehouse Specialist,https://asrinternationalcorp.applytojob.com/apply/jobs/details/16x07zLWWW,"Selfridge, MI",Selfridge,MI,United States,Not specified,,,,Space & Defense,2026-08-08,2026-08-08,https://asrinternationalcorp.applytojob.com/apply/jobs,known_careers_url,4,success
15cd72b1877b,2026-08-08,f7b8731a7e71,ASR International,https://www.asrintl.com/,https://asrinternationalcorp.applytojob.com/apply/jobs,Warehouse Specialist,https://asrinternationalcorp.applytojob.com/apply/jobs/details/Vk28FnZwGp,"Fort Leonard Wood, MO",Fort Leonard Wood,MO,United States,Not specified,,,,Space & Defense,2026-08-08,2026-08-08,https://asrinternationalcorp.applytojob.com/apply/jobs,known_careers_url,4,success
fd1aec0486d3,2026-08-08,f7b8731a7e71,ASR International,https://www.asrintl.com/,https://asrinternationalcorp.applytojob.com/apply/jobs,Electronics Technician Maintenance II,https://asrinternationalcorp.applytojob.com/apply/jobs/details/ftoyjEClaW,"Fort Polk, LA",Fort Polk,LA,United States,Not specified,,,,Space & Defense,2026-08-08,2026-08-08,https://asrinternationalcorp.applytojob.com/apply/jobs,known_careers_url,4,success
c22cbbf7ca77,2026-08-08,f7b8731a7e71,ASR International,https://www.asrintl.com/,https://asrinternationalcorp.applytojob.com/apply/jobs,Electronics Technician Maintenance II,https://asrinternationalcorp.applytojob.com/apply/jobs/details/RygFEPIjZ6,"Joint Base Lewis McChord, WA",Joint Base Lewis McChord,WA,United States,Not specified,,,,Space & Defense,2026-08-08,2026-08-08,https://asrinternationalcorp.applytojob.com/apply/jobs,known_careers_url,4,success
7ae50f4e0fe0,2026-08-08,f7b8731a7e71,ASR International,https://www.asrintl.com/,https://asrinternationalcorp.applytojob.com/apply/jobs,Electronics Technician Maintenance II,https://asrinternationalcorp.applytojob.com/apply/jobs/details/xEwAcZdQEq,"Fort Irwin, CA",Fort Irwin,CA,United States,Not specified,,,,Space & Defense,2026-08-08,2026-08-08,https://asrinternationalcorp.applytojob.com/apply/jobs,known_careers_url,4,success
bb0d9fc3ddcb,2026-08-08,f7b8731a7e71,ASR International,https://www.asrintl.com/,https://asrinternationalcorp.applytojob.com/apply/jobs,Electronics Technician Maintenance II,https://asrinternationalcorp.applytojob.com/apply/jobs/details/grQg8BNQ9O,"Selfridge, MI",Selfridge,MI,United States,Not specified,,,,Space & Defense,2026-08-08,2026-08-08,https://asrinternationalcorp.applytojob.com/apply/jobs,known_careers_url,4,success
6cf69048e16c,2026-08-08,f7b8731a7e71,ASR International,https://www.asrintl.com/,https://asrinternationalcorp.applytojob.com/apply/jobs,Electronics Technician Maintenance III,https://asrinternationalcorp.applytojob.com/apply/jobs/details/dl5727MP1g,"Selfridge, MI",Selfridge,MI,United States,Not specified,,,,Space & Defense,2026-08-08,2026-08-08,https://asrinternationalcorp.applytojob.com/apply/jobs,known_careers_url,4,success
0682750694f3,2026-08-08,f7b8731a7e71,ASR International,https://www.asrintl.com/,https://asrinternationalcorp.applytojob.com/apply/jobs,Electronics Technician Maintenance III,https://asrinternationalcorp.applytojob.com/apply/jobs/details/7SJLdYr0U8,"Fort Leonard Wood, MO",Fort Leonard Wood,MO,United States,Not specified,,,,Space & Defense,2026-08-08,2026-08-08,https://asrinternationalcorp.applytojob.com/apply/jobs,known_careers_url,4,success
1b581f6a8e14,2026-08-08,f7b8731a7e71,ASR International,https://www.asrintl.com/,https://asrinternationalcorp.applytojob.com/apply/jobs,Electronics Technician Maintenance III,https://asrinternationalcorp.applytojob.com/apply/jobs/details/Aa3X1d2xt0,"Fort Belvoir, VA",Fort Belvoir,VA,United States,Not specified,,,,Space & Defense,2026-08-08,2026-08-08,https://asrinternationalcorp.applytojob.com/apply/jobs,known_careers_url,4,success
cbeebbc010d4,2026-08-08,f7b8731a7e71,ASR International,https://www.asrintl.com/,https://asrinternationalcorp.applytojob.com/apply/jobs,Electronics Technician Maintenance III,https://asrinternationalcorp.applytojob.com/apply/jobs/details/aucgOsQMp5,"Tyndall AFB, FL",Tyndall AFB,FL,United States,Not specified,,,,Space & Defense,2026-08-08,2026-08-08,https://asrinternationalcorp.applytojob.com/apply/jobs,known_careers_url,4,success
114fc2a82963,2026-08-08,f7b8731a7e71,ASR International,https://www.asrintl.com/,https://asrinternationalcorp.applytojob.com/apply/jobs,Electronics Technician Maintenance III,https://asrinternationalcorp.applytojob.com/apply/jobs/details/tkckALDrOW,"Fort Carson, CO",Fort Carson,CO,United States,Not specified,,,,Space & Defense,2026-08-08,2026-08-08,https://asrinternationalcorp.applytojob.com/apply/jobs,known_careers_url,4,success
afdaf75f6494,2026-08-08,f7b8731a7e71,ASR International,https://www.asrintl.com/,https://asrinternationalcorp.applytojob.com/apply/jobs,Electronics Technician Maintenance III,https://asrinternationalcorp.applytojob.com/apply/jobs/details/aOFDgS8w68,"Fort Liberty, NC",Fort Liberty,NC,United States,Not specified,,,,Space & Defense,2026-08-08,2026-08-08,https://asrinternationalcorp.applytojob.com/apply/jobs,known_careers_url,4,success
70c78dee8d77,2026-08-08,f7b8731a7e71,ASR International,https://www.asrintl.com/,https://asrinternationalcorp.applytojob.com/apply/jobs,Engineering Technician V,https://asrinternationalcorp.applytojob.com/apply/jobs/details/BwQa0jfLzO,"Blue Grass Army Depot, KY",Blue Grass Army Depot,KY,United States,Not specified,,,,Space & Defense,2026-08-08,2026-08-08,https://asrinternationalcorp.applytojob.com/apply/jobs,known_careers_url,4,success
7ba4f1404840,2026-08-08,f7b8731a7e71,ASR International,https://www.asrintl.com/,https://asrinternationalcorp.applytojob.com/apply/jobs,Engineering Technician V,https://asrinternationalcorp.applytojob.com/apply/jobs/details/o25vp6ScGY,"Tyndall AFB, FL",Tyndall AFB,FL,United States,Not specified,,,,Space & Defense,2026-08-08,2026-08-08,https://asrinternationalcorp.applytojob.com/apply/jobs,known_careers_url,4,success
26c16ea94a97,2026-08-08,f7b8731a7e71,ASR International,https://www.asrintl.com/,https://asrinternationalcorp.applytojob.com/apply/jobs,Engineering Technician V,https://asrinternationalcorp.applytojob.com/apply/jobs/details/GHYuVnP1D0,"Fort Irwin, CA",Fort Irwin,CA,United States,Not specified,,,,Space & Defense,2026-08-08,2026-08-08,https://asrinternationalcorp.applytojob.com/apply/jobs,known_careers_url,4,success
4d611d9582ef,2026-08-08,f7b8731a7e71,ASR International,https://www.asrintl.com/,https://asrinternationalcorp.applytojob.com/apply/jobs,Engineering Technician V,https://asrinternationalcorp.applytojob.com/apply/jobs/details/DZkZZxaITE,"Fort Hood, TX",Fort Hood,TX,United States,Not specified,,,,Space & Defense,2026-08-08,2026-08-08,https://asrinternationalcorp.applytojob.com/apply/jobs,known_careers_url,4,success
a32dd6afd23d,2026-08-08,f7b8731a7e71,ASR International,https://www.asrintl.com/,https://asrinternationalcorp.applytojob.com/apply/jobs,Engineering Technician V,https://asrinternationalcorp.applytojob.com/apply/jobs/details/Dm1je3kuW4,"Selfridge, MI",Selfridge,MI,United States,Not specified,,,,Space & Defense,2026-08-08,2026-08-08,https://asrinternationalcorp.applytojob.com/apply/jobs,known_careers_url,4,success
14f6be483896,2026-08-08,f7b8731a7e71,ASR International,https://www.asrintl.com/,https://asrinternationalcorp.applytojob.com/apply/jobs,Engineering Technician VI,https://asrinternationalcorp.applytojob.com/apply/jobs/details/AzBC67Q85x,"Blue Grass Army Depot, KY",Blue Grass Army Depot,KY,United States,Not specified,,,,Space & Defense,2026-08-08,2026-08-08,https://asrinternationalcorp.applytojob.com/apply/jobs,known_careers_url,4,success
4c63055c8585,2026-08-08,f7b8731a7e71,ASR International,https://www.asrintl.com/,https://asrinternationalcorp.applytojob.com/apply/jobs,Engineering Technician VI,https://asrinternationalcorp.applytojob.com/apply/jobs/details/4ba1Xu99wX,"Selfridge, MI",Selfridge,MI,United States,Not specified,,,,Space & Defense,2026-08-08,2026-08-08,https://asrinternationalcorp.applytojob.com/apply/jobs,known_careers_url,4,success
203788f024cd,2026-08-08,f7b8731a7e71,ASR International,https://www.asrintl.com/,https://asrinternationalcorp.applytojob.com/apply/jobs,Operations Supervisor,https://asrinternationalcorp.applytojob.com/apply/jobs/details/djhhxNrDxp,"Selfridge, MI",Selfridge,MI,United States,Not specified,,,,Space & Defense,2026-08-08,2026-08-08,https://asrinternationalcorp.applytojob.com/apply/jobs,known_careers_url,4,success
a1b24335a797,2026-08-08,f7b8731a7e71,ASR International,https://www.asrintl.com/,https://asrinternationalcorp.applytojob.com/apply/jobs,Product Support Integrator / Project Manager I,https://asrinternationalcorp.applytojob.com/apply/jobs/details/JQYWdRG1xF,"Selfridge, MI",Selfridge,MI,United States,Not specified,,,,Space & Defense,2026-08-08,2026-08-08,https://asrinternationalcorp.applytojob.com/apply/jobs,known_careers_url,4,success
331b2ef00235,2026-08-08,f7b8731a7e71,ASR International,https://www.asrintl.com/,https://asrinternationalcorp.applytojob.com/apply/jobs,Project Manager / Lead Product Support Integrator,https://asrinternationalcorp.applytojob.com/apply/jobs/details/p3kM9H87n9,"Selfridge, MI",Selfridge,MI,United States,Not specified,,,,Space & Defense,2026-08-08,2026-08-08,https://asrinternationalcorp.applytojob.com/apply/jobs,known_careers_url,4,success
7a23738b5ac7,2026-08-08,f7b8731a7e71,ASR International,https://www.asrintl.com/,https://asrinternationalcorp.applytojob.com/apply/jobs,Sr. Database Administrator,https://asrinternationalcorp.applytojob.com/apply/jobs/details/dnIGKpsYvm,"Selfridge, MI",Selfridge,MI,United States,Not specified,,,,Space & Defense,2026-08-08,2026-08-08,https://asrinternationalcorp.applytojob.com/apply/jobs,known_careers_url,4,success
918dc8cfd88d,2026-08-08,f7b8731a7e71,ASR International,https://www.asrintl.com/,https://asrinternationalcorp.applytojob.com/apply/jobs,Recruiter (Government Contracting),https://asrinternationalcorp.applytojob.com/apply/jobs/details/nnRyvfnb08,"Hauppauge, NY",Hauppauge,NY,United States,Not specified,,,,Space & Defense,2026-08-08,2026-08-08,https://asrinternationalcorp.applytojob.com/apply/jobs,known_careers_url,4,success
c92c38fcccb8,2026-08-08,f7b8731a7e71,ASR International,https://www.asrintl.com/,https://asrinternationalcorp.applytojob.com/apply/jobs,"ADMINSTRATIVE ASSISTANT - ASR Corporate Office, Hauppauge, New York",https://asrinternationalcorp.applytojob.com/apply/jobs/details/oSYUcKaGm7,"Haupppauge, NY",Haupppauge,NY,United States,Not specified,,,,Space & Defense,2026-08-08,2026-08-08,https://asrinternationalcorp.applytojob.com/apply/jobs,known_careers_url,4,success
47c96cdcf8fc,2026-08-08,f7b8731a7e71,ASR International,https://www.asrintl.com/,https://asrinternationalcorp.applytojob.com/apply/jobs,AutoCAD/GIS Support Specialist,https://asrinternationalcorp.applytojob.com/apply/jobs/details/CFG1T0VA7v,"Laurel, MD",Laurel,MD,United States,Not specified,,,,Space & Defense,2026-08-08,2026-08-08,https://asrinternationalcorp.applytojob.com/apply/jobs,known_careers_url,4,success
206a806a1118,2026-08-08,f7b8731a7e71,ASR International,https://www.asrintl.com/,https://asrinternationalcorp.applytojob.com/apply/jobs,Senior Construction Manager,https://asrinternationalcorp.applytojob.com/apply/jobs/details/KdlEs127io,"Laurel, MD",Laurel,MD,United States,Not specified,,,,Space & Defense,2026-08-08,2026-08-08,https://asrinternationalcorp.applytojob.com/apply/jobs,known_careers_url,4,success
fce7ddcbed83,2026-08-08,f7b8731a7e71,ASR International,https://www.asrintl.com/,https://asrinternationalcorp.applytojob.com/apply/jobs,Senior Office Construction Engineer,https://asrinternationalcorp.applytojob.com/apply/jobs/details/5IYbkcA0yG,"Laurel, MD",Laurel,MD,United States,Not specified,,,,Space & Defense,2026-08-08,2026-08-08,https://asrinternationalcorp.applytojob.com/apply/jobs,known_careers_url,4,success
b7525800e110,2026-08-08,f7b8731a7e71,ASR International,https://www.asrintl.com/,https://asrinternationalcorp.applytojob.com/apply/jobs,Insurance Agent Support Specialist,https://asrinternationalcorp.applytojob.com/apply/jobs/details/b9f6hcZS0i,"Hauppauge, NY",Hauppauge,NY,United States,Not specified,,,,Space & Defense,2026-08-08,2026-08-08,https://asrinternationalcorp.applytojob.com/apply/jobs,known_careers_url,4,success
6796b9fa0b30,2026-08-08,f7b8731a7e71,ASR International,https://www.asrintl.com/,https://asrinternationalcorp.applytojob.com/apply/jobs,Budget Analyst,https://asrinternationalcorp.applytojob.com/apply/jobs/details/RLzUqaJIUe,"Hauppauge, NY",Hauppauge,NY,United States,Not specified,,,,Space & Defense,2026-08-08,2026-08-08,https://asrinternationalcorp.applytojob.com/apply/jobs,known_careers_url,4,success
b3dd33f23140,2026-08-08,f7b8731a7e71,ASR International,https://www.asrintl.com/,https://asrinternationalcorp.applytojob.com/apply/jobs,Warehouse Operations Support,https://asrinternationalcorp.applytojob.com/apply/jobs/details/r9UREC7YrW,"Port Hueneme, CA",Port Hueneme,CA,United States,Not specified,,,,Space & Defense,2026-08-08,2026-08-08,https://asrinternationalcorp.applytojob.com/apply/jobs,known_careers_url,4,success
dd897e1f6477,2026-08-08,f7b8731a7e71,ASR International,https://www.asrintl.com/,https://asrinternationalcorp.applytojob.com/apply/jobs,Construction Management Representative,https://asrinternationalcorp.applytojob.com/apply/jobs/details/UyVNZ9nngE,"Hot Springs, AR",Hot Springs,AR,United States,Not specified,,,,Space & Defense,2026-08-08,2026-08-08,https://asrinternationalcorp.applytojob.com/apply/jobs,known_careers_url,4,success
a6b87e15bfc2,2026-08-08,f7b8731a7e71,ASR International,https://www.asrintl.com/,https://asrinternationalcorp.applytojob.com/apply/jobs,Engineering Technical/Proposal Writer - Entry Level,https://asrinternationalcorp.applytojob.com/apply/jobs/details/XBSGZgZv0y,"Hauppauge, NY",Hauppauge,NY,United States,Not specified,,,,Space & Defense,2026-08-08,2026-08-08,https://asrinternationalcorp.applytojob.com/apply/jobs,known_careers_url,4,success
93d4c14397c7,2026-08-08,f7b8731a7e71,ASR International,https://www.asrintl.com/,https://asrinternationalcorp.applytojob.com/apply/jobs,Payroll Associate,https://asrinternationalcorp.applytojob.com/apply/jobs/details/RlQ0knqVZm,"Hauppauge, NY",Hauppauge,NY,United States,Not specified,,,,Space & Defense,2026-08-08,2026-08-08,https://asrinternationalcorp.applytojob.com/apply/jobs,known_careers_url,4,success
35405d1364a6,2026-08-08,f7b8731a7e71,ASR International,https://www.asrintl.com/,https://asrinternationalcorp.applytojob.com/apply/jobs,Jr. Contract Analyst/Admin,https://asrinternationalcorp.applytojob.com/apply/jobs/details/xgnxrAysaC,"Hauppauge, NY",Hauppauge,NY,United States,Not specified,,,,Space & Defense,2026-08-08,2026-08-08,https://asrinternationalcorp.applytojob.com/apply/jobs,known_careers_url,4,success
c5a1b86385bc,2026-08-08,f7b8731a7e71,ASR International,https://www.asrintl.com/,https://asrinternationalcorp.applytojob.com/apply/jobs,Construction Management Support/Field Engineer,https://asrinternationalcorp.applytojob.com/apply/jobs/details/GnwewXo9mw,"Bremerton, WA",Bremerton,WA,United States,Not specified,,,,Space & Defense,2026-08-08,2026-08-08,https://asrinternationalcorp.applytojob.com/apply/jobs,known_careers_url,4,success
061c23000c12,2026-08-08,f7b8731a7e71,ASR International,https://www.asrintl.com/,https://asrinternationalcorp.applytojob.com/apply/jobs,Project Field Engineer,https://asrinternationalcorp.applytojob.com/apply/jobs/details/ykZ3eXeJqr,"Bremerton, WA",Bremerton,WA,United States,Not specified,,,,Space & Defense,2026-08-08,2026-08-08,https://asrinternationalcorp.applytojob.com/apply/jobs,known_careers_url,4,success
e0ea4168ace7,2026-08-08,f7b8731a7e71,ASR International,https://www.asrintl.com/,https://asrinternationalcorp.applytojob.com/apply/jobs,Construction Inspector/Engineering Technician,https://asrinternationalcorp.applytojob.com/apply/jobs/details/ZszfKDngfY,"Pensacola, FL",Pensacola,FL,United States,Not specified,,,,Space & Defense,2026-08-08,2026-08-08,https://asrinternationalcorp.applytojob.com/apply/jobs,known_careers_url,4,success
0fd58b762edd,2026-08-08,f7b8731a7e71,ASR International,https://www.asrintl.com/,https://asrinternationalcorp.applytojob.com/apply/jobs,Construction Management / Surveillance Engineer (CSE),https://asrinternationalcorp.applytojob.com/apply/jobs/details/ufpzVPyALE,"Pensacola, FL",Pensacola,FL,United States,Not specified,,,,Space & Defense,2026-08-08,2026-08-08,https://asrinternationalcorp.applytojob.com/apply/jobs,known_careers_url,4,success
e9ed9835b461,2026-08-08,f7b8731a7e71,ASR International,https://www.asrintl.com/,https://asrinternationalcorp.applytojob.com/apply/jobs,Pricing/Cost Analyst - Labor (ENTRY Level),https://asrinternationalcorp.applytojob.com/apply/jobs/details/zR8MbQsjSp,"Hauppauge, NY",Hauppauge,NY,United States,Not specified,,,,Space & Defense,2026-08-08,2026-08-08,https://asrinternationalcorp.applytojob.com/apply/jobs,known_careers_url,4,success
866a816f180a,2026-08-08,b00ce903c871,Boeing,https://www.boeing.com/resources/boeingdotcom/government-operations/state_cards/Card_NY.pdf,https://jobs.boeing.com/,Mid-Level Facilities Plant Engineer,https://jobs.boeing.com/job/wichita/mid-level-facilities-plant-engineer/185/95679355648,"Wichita, Kansas, United States",Wichita,KS,United States,Not specified,,,,Aerospace,2026-08-08,2026-08-08,https://jobs.boeing.com/,known_careers_url,4,success
ca1e764eced3,2026-08-08,b00ce903c871,Boeing,https://www.boeing.com/resources/boeingdotcom/government-operations/state_cards/Card_NY.pdf,https://jobs.boeing.com/,Sr. Mechanical Systems Design Engineer,https://jobs.boeing.com/job/oklahoma-city/sr-mechanical-systems-design-engineer/185/98914374608,"Oklahoma City, Oklahoma, United States",Oklahoma City,OK,United States,Not specified,,,,Aerospace,2026-08-08,2026-08-08,https://jobs.boeing.com/,known_careers_url,4,success
a0fda7deb203,2026-08-08,b00ce903c871,Boeing,https://www.boeing.com/resources/boeingdotcom/government-operations/state_cards/Card_NY.pdf,https://jobs.boeing.com/,Product Review Engineers ( Entry and Associate Level),https://jobs.boeing.com/job/san-antonio/product-review-engineers-entry-and-associate-level/185/97115964864,"San Antonio, Texas, United States",San Antonio,TX,United States,Not specified,,,,Aerospace,2026-08-08,2026-08-08,https://jobs.boeing.com/,known_careers_url,4,success
37be86cbb288,2026-08-08,b00ce903c871,Boeing,https://www.boeing.com/resources/boeingdotcom/government-operations/state_cards/Card_NY.pdf,https://jobs.boeing.com/manufacturing-careers,Flight Line Group Coordinator,https://jobs.boeing.com/job/north-charleston/flight-line-group-coordinator/185/90314735088,"North Charleston, South Carolina, United States",North Charleston,SC,United States,Not specified,,,,Aerospace,2026-08-08,2026-08-08,https://jobs.boeing.com/manufacturing-careers,linked_page,4,success_after_fallback
045d0b4931d2,2026-08-08,b00ce903c871,Boeing,https://www.boeing.com/resources/boeingdotcom/government-operations/state_cards/Card_NY.pdf,https://jobs.boeing.com/cybersecurity-careers,Corporate Cybersecurity Analyst – Millennium Space Systems,https://jobs.boeing.com/job/el-segundo/corporate-cybersecurity-analyst-millennium-space-systems/185/98901410640,"El Segundo, California, United States; and other locations",El Segundo,CA,United States,Not specified,,,,Aerospace,2026-08-08,2026-08-08,https://jobs.boeing.com/cybersecurity-careers,linked_page,4,success_after_fallback
87521ac97af2,2026-08-08,b00ce903c871,Boeing,https://www.boeing.com/resources/boeingdotcom/government-operations/state_cards/Card_NY.pdf,https://jobs.boeing.com/cybersecurity-careers,Cyber Security Specialist,https://jobs.boeing.com/job/brisbane/cyber-security-specialist/185/97175652448,"Brisbane, Australia",Brisbane,,Australia,Not specified,,,,Aerospace,2026-08-08,2026-08-08,https://jobs.boeing.com/cybersecurity-careers,linked_page,4,success_after_fallback
01f6073b4202,2026-08-08,b00ce903c871,Boeing,https://www.boeing.com/resources/boeingdotcom/government-operations/state_cards/Card_NY.pdf,https://jobs.boeing.com/cybersecurity-careers,Cyber Security Analyst,https://jobs.boeing.com/job/bristol/cyber-security-analyst/185/97829409840,"Bristol, United Kingdom",Bristol,,United Kingdom,Not specified,,,,Aerospace,2026-08-08,2026-08-08,https://jobs.boeing.com/cybersecurity-careers,linked_page,4,success_after_fallback
bf96588f28d9,2026-08-08,b00ce903c871,Boeing,https://www.boeing.com/resources/boeingdotcom/government-operations/state_cards/Card_NY.pdf,https://jobs.boeing.com/data-science-and-analytics-careers,Boeing Summer 2027 Internship Program (Paid) – Data Analytics Intern,https://jobs.boeing.com/job/everett/boeing-summer-2027-internship-program-paid-data-analytics-intern/185/98720782192,"Everett, Washington, United States; and other locations",Everett,WA,United States,Not specified,,,,Aerospace,2026-08-08,2026-08-08,https://jobs.boeing.com/data-science-and-analytics-careers,linked_page,4,success_after_fallback
20e65b058e9e,2026-08-08,b00ce903c871,Boeing,https://www.boeing.com/resources/boeingdotcom/government-operations/state_cards/Card_NY.pdf,https://jobs.boeing.com/data-science-and-analytics-careers,Boeing Summer 2027 Internship Program (Paid) - Business Operations,https://jobs.boeing.com/job/everett/boeing-summer-2027-internship-program-paid-business-operations/185/98720778416,"Everett, Washington, United States; and other locations",Everett,WA,United States,Not specified,,,,Aerospace,2026-08-08,2026-08-08,https://jobs.boeing.com/data-science-and-analytics-careers,linked_page,4,success_after_fallback
81abb0298972,2026-08-08,b00ce903c871,Boeing,https://www.boeing.com/resources/boeingdotcom/government-operations/state_cards/Card_NY.pdf,https://jobs.boeing.com/data-science-and-analytics-careers,Senior Data Scientist,https://jobs.boeing.com/job/hazelwood/senior-data-scientist/185/98530977200,"Hazelwood, Missouri, United States",Hazelwood,MO,United States,Not specified,,,,Aerospace,2026-08-08,2026-08-08,https://jobs.boeing.com/data-science-and-analytics-careers,linked_page,4,success_after_fallback
2a9587bb7fa5,2026-08-08,b00ce903c871,Boeing,https://www.boeing.com/resources/boeingdotcom/government-operations/state_cards/Card_NY.pdf,https://jobs.boeing.com/data-science-and-analytics-careers,Experienced Data Scientist,https://jobs.boeing.com/job/hazelwood/experienced-data-scientist/185/98525793280,"Hazelwood, Missouri, United States",Hazelwood,MO,United States,Not specified,,,,Aerospace,2026-08-08,2026-08-08,https://jobs.boeing.com/data-science-and-analytics-careers,linked_page,4,success_after_fallback
81e521f6a151,2026-08-08,b00ce903c871,Boeing,https://www.boeing.com/resources/boeingdotcom/government-operations/state_cards/Card_NY.pdf,https://jobs.boeing.com/information-technology-careers,IT Support Technician L2 - Contract - Onsite,https://jobs.boeing.com/job/bingen/it-support-technician-l2-contract-onsite/185/98910155552,"Bingen, Washington, United States",Bingen,WA,United States,On-site,,,,Aerospace,2026-08-08,2026-08-08,https://jobs.boeing.com/information-technology-careers,linked_page,4,success_after_fallback
6b9d727a3f8d,2026-08-08,b00ce903c871,Boeing,https://www.boeing.com/resources/boeingdotcom/government-operations/state_cards/Card_NY.pdf,https://jobs.boeing.com/information-technology-careers,"Audio Visual Programmer (Associate, Mid-Level or Senior)",https://jobs.boeing.com/job/herndon/audio-visual-programmer-associate-mid-level-or-senior/185/96176187088,"Herndon, Virginia, United States",Herndon,VA,United States,Not specified,,,,Aerospace,2026-08-08,2026-08-08,https://jobs.boeing.com/information-technology-careers,linked_page,4,success_after_fallback
428378c3b334,2026-08-08,b00ce903c871,Boeing,https://www.boeing.com/resources/boeingdotcom/government-operations/state_cards/Card_NY.pdf,https://jobs.boeing.com/information-technology-careers,Oracle EBS Functional Specialist,https://jobs.boeing.com/job/brisbane/oracle-ebs-functional-specialist/185/97906200000,"Brisbane, Australia; and other locations",Brisbane,,Australia,Not specified,,,,Aerospace,2026-08-08,2026-08-08,https://jobs.boeing.com/information-technology-careers,linked_page,4,success_after_fallback
231a213a5053,2026-08-08,b00ce903c871,Boeing,https://www.boeing.com/resources/boeingdotcom/government-operations/state_cards/Card_NY.pdf,https://jobs.boeing.com/information-technology-careers,Functional Analyst,https://jobs.boeing.com/job/brisbane/functional-analyst/185/98034726368,"Brisbane, Australia; and other locations",Brisbane,,Australia,Not specified,,,,Aerospace,2026-08-08,2026-08-08,https://jobs.boeing.com/information-technology-careers,linked_page,4,success_after_fallback
0d236857e2c8,2026-08-08,b00ce903c871,Boeing,https://www.boeing.com/resources/boeingdotcom/government-operations/state_cards/Card_NY.pdf,https://jobs.boeing.com/flight-engineering-careers,Command And Data Handling Networking Subsystem Engineers Space Autonomy Systems Associate Experienc,https://jobs.boeing.com/job/el-segundo/command-and-data-handling-networking-subsystem-engineers-space-autonomy-systems-associate-experienc/185/96228903712,"El Segundo, California, United States; and other locations",El Segundo,CA,United States,Not specified,,,,Aerospace,2026-08-08,2026-08-08,https://jobs.boeing.com/flight-engineering-careers,linked_page,4,success_after_fallback
498bca4e17b8,2026-08-08,b00ce903c871,Boeing,https://www.boeing.com/resources/boeingdotcom/government-operations/state_cards/Card_NY.pdf,https://jobs.boeing.com/flight-engineering-careers,Aircraft Stability & Control Engineer,https://jobs.boeing.com/job/oklahoma-city/aircraft-stability-and-control-engineer/185/98247802816,"Oklahoma City, Oklahoma, United States",Oklahoma City,OK,United States,Not specified,,,,Aerospace,2026-08-08,2026-08-08,https://jobs.boeing.com/flight-engineering-careers,linked_page,4,success_after_fallback
9a632744347c,2026-08-08,b00ce903c871,Boeing,https://www.boeing.com/resources/boeingdotcom/government-operations/state_cards/Card_NY.pdf,https://jobs.boeing.com/flight-engineering-careers,Aerodynamics Engineer,https://jobs.boeing.com/job/oklahoma-city/aerodynamics-engineer/185/98247802784,"Oklahoma City, Oklahoma, United States",Oklahoma City,OK,United States,Not specified,,,,Aerospace,2026-08-08,2026-08-08,https://jobs.boeing.com/flight-engineering-careers,linked_page,4,success_after_fallback
bd04cc3c5f6c,2026-08-08,b00ce903c871,Boeing,https://www.boeing.com/resources/boeingdotcom/government-operations/state_cards/Card_NY.pdf,https://jobs.boeing.com/flight-engineering-careers,Satellite Customer Operations Support Engineer (Lead),https://jobs.boeing.com/job/el-segundo/satellite-customer-operations-support-engineer-lead/185/98860069600,"El Segundo, California, United States; and other locations",El Segundo,CA,United States,Not specified,,,,Aerospace,2026-08-08,2026-08-08,https://jobs.boeing.com/flight-engineering-careers,linked_page,4,success_after_fallback
edf7ef5d5b5f,2026-08-08,b00ce903c871,Boeing,https://www.boeing.com/resources/boeingdotcom/government-operations/state_cards/Card_NY.pdf,https://jobs.boeing.com/industrial-engineering-careers,Associate Manufacturing Planner,https://jobs.boeing.com/job/wichita/associate-manufacturing-planner/185/92581913136,"Wichita, Kansas, United States",Wichita,KS,United States,Not specified,,,,Aerospace,2026-08-08,2026-08-08,https://jobs.boeing.com/industrial-engineering-careers,linked_page,4,success_after_fallback
3488da234d15,2026-08-08,b00ce903c871,Boeing,https://www.boeing.com/resources/boeingdotcom/government-operations/state_cards/Card_NY.pdf,https://jobs.boeing.com/industrial-engineering-careers,Industrial Engineer (Associate or Mid-Level),https://jobs.boeing.com/job/wichita/industrial-engineer-associate-or-mid-level/185/93690408000,"Wichita, Kansas, United States",Wichita,KS,United States,Not specified,,,,Aerospace,2026-08-08,2026-08-08,https://jobs.boeing.com/industrial-engineering-careers,linked_page,4,success_after_fallback
95f819ee19c0,2026-08-08,b00ce903c871,Boeing,https://www.boeing.com/resources/boeingdotcom/government-operations/state_cards/Card_NY.pdf,https://jobs.boeing.com/industrial-engineering-careers,Spirit Defense - Associate Industrial Engineer,https://jobs.boeing.com/job/wichita/spirit-defense-associate-industrial-engineer/185/95087216160,"Wichita, Kansas, United States",Wichita,KS,United States,Not specified,,,,Aerospace,2026-08-08,2026-08-08,https://jobs.boeing.com/industrial-engineering-careers,linked_page,4,success_after_fallback
e4da1064ea63,2026-08-08,2cdfe8725858,Bren-Tronics,https://www.bren-tronics.com/,https://jobs.enersys.com/search?q=&q2=&alertId=&locationsearch=&title=&date=&location=commack,Electrical Engineer,https://jobs.enersys.com/job/Commack-Electrical-Engineer-NY-11725/1393518033,"Commack, NY, United States",Commack,NY,United States,Not specified,,,,Aerospace,2026-08-08,2026-08-08,https://jobs.enersys.com/search?q=&q2=&alertId=&locationsearch=&title=&date=&location=commack,known_careers_url,4,success
3121343f583c,2026-08-08,2cdfe8725858,Bren-Tronics,https://www.bren-tronics.com/,https://jobs.enersys.com/search?q=&q2=&alertId=&locationsearch=&title=&date=&location=commack,Lead Electrical Engineer I,https://jobs.enersys.com/job/Commack-Lead-Electrical-Engineer-I-NY-11725/1422342233,"Commack, NY, United States",Commack,NY,United States,Not specified,,,,Aerospace,2026-08-08,2026-08-08,https://jobs.enersys.com/search?q=&q2=&alertId=&locationsearch=&title=&date=&location=commack,known_careers_url,4,success
7fd68aab3611,2026-08-08,2cdfe8725858,Bren-Tronics,https://www.bren-tronics.com/,https://jobs.enersys.com/search?q=&q2=&alertId=&locationsearch=&title=&date=&location=commack,Senior Manufacturing Engineer,https://jobs.enersys.com/job/Commack-Senior-Manufacturing-Engineer-NY-11725/1410435333,"Commack, NY, United States",Commack,NY,United States,Not specified,,,,Aerospace,2026-08-08,2026-08-08,https://jobs.enersys.com/search?q=&q2=&alertId=&locationsearch=&title=&date=&location=commack,known_careers_url,4,success
6bbc9453e327,2026-08-08,2cdfe8725858,Bren-Tronics,https://www.bren-tronics.com/,https://jobs.enersys.com/search?q=&q2=&alertId=&locationsearch=&title=&date=&location=commack,Manufacturing Engineer,https://jobs.enersys.com/job/Commack-Manufacturing-Engineer-NY-11725/1380552333,"Commack, NY, United States",Commack,NY,United States,Not specified,,,,Aerospace,2026-08-08,2026-08-08,https://jobs.enersys.com/search?q=&q2=&alertId=&locationsearch=&title=&date=&location=commack,known_careers_url,4,success
befe9653a0f7,2026-08-08,2cdfe8725858,Bren-Tronics,https://www.bren-tronics.com/,https://jobs.enersys.com/search?q=&q2=&alertId=&locationsearch=&title=&date=&location=commack,Production Manager,https://jobs.enersys.com/job/Commack-Production-Manager-NY-11725/1368745033,"Commack, NY, United States",Commack,NY,United States,Not specified,,,,Aerospace,2026-08-08,2026-08-08,https://jobs.enersys.com/search?q=&q2=&alertId=&locationsearch=&title=&date=&location=commack,known_careers_url,4,success
869b65d5f22a,2026-08-08,2cdfe8725858,Bren-Tronics,https://www.bren-tronics.com/,https://jobs.enersys.com/search?q=&q2=&alertId=&locationsearch=&title=&date=&location=commack,Senior Mechanical Engineer,https://jobs.enersys.com/job/Commack-Senior-Mechanical-Engineer-NY-11725/1279712201,"Commack, NY, United States",Commack,NY,United States,Not specified,,,,Aerospace,2026-08-08,2026-08-08,https://jobs.enersys.com/search?q=&q2=&alertId=&locationsearch=&title=&date=&location=commack,known_careers_url,4,success
5480da740e51,2026-08-08,2cdfe8725858,Bren-Tronics,https://www.bren-tronics.com/,https://jobs.enersys.com/search?q=&q2=&alertId=&locationsearch=&title=&date=&location=commack,Senior Electrical Engineer,https://jobs.enersys.com/job/Commack-Senior-Electrical-Engineer-NY-11725/1279809301,"Commack, NY, United States",Commack,NY,United States,Not specified,,,,Aerospace,2026-08-08,2026-08-08,https://jobs.enersys.com/search?q=&q2=&alertId=&locationsearch=&title=&date=&location=commack,known_careers_url,4,success
968f00799f05,2026-08-08,2cdfe8725858,Bren-Tronics,https://www.bren-tronics.com/,https://jobs.enersys.com/search?q=&q2=&alertId=&locationsearch=&title=&date=&location=commack,Planning Specialist,https://jobs.enersys.com/job/Commack-Planning-Specialist-NY-11725/1396086333,"Commack, NY, United States",Commack,NY,United States,Not specified,,,,Aerospace,2026-08-08,2026-08-08,https://jobs.enersys.com/search?q=&q2=&alertId=&locationsearch=&title=&date=&location=commack,known_careers_url,4,success
08cd4b9badfa,2026-08-08,2cdfe8725858,Bren-Tronics,https://www.bren-tronics.com/,https://jobs.enersys.com/search?q=&q2=&alertId=&locationsearch=&title=&date=&location=commack,Test Technician III,https://jobs.enersys.com/job/Commack-Test-Technician-III-NY-11725/1394556633,"Commack, NY, United States",Commack,NY,United States,Not specified,,,,Aerospace,2026-08-08,2026-08-08,https://jobs.enersys.com/search?q=&q2=&alertId=&locationsearch=&title=&date=&location=commack,known_careers_url,4,success
1e3224182459,2026-08-08,2cdfe8725858,Bren-Tronics,https://www.bren-tronics.com/,https://jobs.enersys.com/search?q=&q2=&alertId=&locationsearch=&title=&date=&location=commack,Helpdesk Technician,https://jobs.enersys.com/job/Commack-Helpdesk-Technician-NY-11725/1414827333,"Commack, NY, United States",Commack,NY,United States,Not specified,,,,Aerospace,2026-08-08,2026-08-08,https://jobs.enersys.com/search?q=&q2=&alertId=&locationsearch=&title=&date=&location=commack,known_careers_url,4,success
e55e06af8ac9,2026-08-08,2cdfe8725858,Bren-Tronics,https://www.bren-tronics.com/,https://jobs.enersys.com/search?q=&q2=&alertId=&locationsearch=&title=&date=&location=commack,Mechanical Engineer,https://jobs.enersys.com/job/Commack-Mechanical-Engineer-NY-11725/1393814433,"Commack, NY, United States",Commack,NY,United States,Not specified,,,,Aerospace,2026-08-08,2026-08-08,https://jobs.enersys.com/search?q=&q2=&alertId=&locationsearch=&title=&date=&location=commack,known_careers_url,4,success
47d11c11a928,2026-08-08,2cdfe8725858,Bren-Tronics,https://www.bren-tronics.com/,https://jobs.enersys.com/search?createNewAlert=false&q=&locationsearch=&optionsFacetsDD_department=,Sales Engineer,https://jobs.enersys.com/job/Largo-Sales-Engineer-FL-33777/1374298733,"Commack, NY, United States",Commack,NY,United States,Not specified,,,,Aerospace,2026-08-08,2026-08-08,https://jobs.enersys.com/search?createNewAlert=false&q=&locationsearch=&optionsFacetsDD_department=,linked_page,4,success_after_fallback
a33b1150e314,2026-08-08,2cdfe8725858,Bren-Tronics,https://www.bren-tronics.com/,https://jobs.enersys.com/search?createNewAlert=false&q=&locationsearch=&optionsFacetsDD_department=,Service Administrator,https://jobs.enersys.com/job/Barendrecht-Service-Administrator-2991-LT/1383505833,"Commack, NY, United States",Commack,NY,United States,Not specified,,,,Aerospace,2026-08-08,2026-08-08,https://jobs.enersys.com/search?createNewAlert=false&q=&locationsearch=&optionsFacetsDD_department=,linked_page,4,success_after_fallback
9c2889e88725,2026-08-08,2cdfe8725858,Bren-Tronics,https://www.bren-tronics.com/,https://jobs.enersys.com/search?createNewAlert=false&q=&locationsearch=&optionsFacetsDD_department=,Field Service Technician,https://jobs.enersys.com/job/Rotherham-Field-Service-Technician-ENG-S66-8RW/1413165733,"Commack, NY, United States",Commack,NY,United States,Not specified,,,,Aerospace,2026-08-08,2026-08-08,https://jobs.enersys.com/search?createNewAlert=false&q=&locationsearch=&optionsFacetsDD_department=,linked_page,4,success_after_fallback
5a0098730872,2026-08-08,2cdfe8725858,Bren-Tronics,https://www.bren-tronics.com/,https://jobs.enersys.com/search?createNewAlert=false&q=&locationsearch=&optionsFacetsDD_department=,Senior DevOps Engineer - Azure AKS & Platform Security,https://jobs.enersys.com/job/Montevarchi-Senior-DevOps-Engineer-Azure-AKS-&-Platform-Security-52025/1413351933,"Commack, NY, United States",Commack,NY,United States,Not specified,,,,Aerospace,2026-08-08,2026-08-08,https://jobs.enersys.com/search?createNewAlert=false&q=&locationsearch=&optionsFacetsDD_department=,linked_page,4,success_after_fallback
6056c28aa983,2026-08-08,2cdfe8725858,Bren-Tronics,https://www.bren-tronics.com/,https://jobs.enersys.com/search?createNewAlert=false&q=&locationsearch=&optionsFacetsDD_department=,"MOVAC Production Operator I, Finishing, 1st Shift, M-F, 5:45am-2:15pm",https://jobs.enersys.com/job/Springfield-MOVAC-Production-Operator-I%2C-Finishing%2C-1st-Shift%2C-M-F%2C-545am-215pm-MO-65803/1399335233,"Commack, NY, United States",Commack,NY,United States,Not specified,,,,Aerospace,2026-08-08,2026-08-08,https://jobs.enersys.com/search?createNewAlert=false&q=&locationsearch=&optionsFacetsDD_department=,linked_page,4,success_after_fallback
0d7e98919080,2026-08-08,2cdfe8725858,Bren-Tronics,https://www.bren-tronics.com/,https://jobs.enersys.com/search?createNewAlert=false&q=&locationsearch=&optionsFacetsDD_department=,"DC Shipping Coordinator, 2nd Shift, M-F, 1:45pm-10:15pm",https://jobs.enersys.com/job/Springfield-DC-Shipping-Coordinator%2C-2nd-Shift%2C-M-F%2C-145pm-1015pm-MO-65802/1403083333,"Commack, NY, United States",Commack,NY,United States,Not specified,,,,Aerospace,2026-08-08,2026-08-08,https://jobs.enersys.com/search?createNewAlert=false&q=&locationsearch=&optionsFacetsDD_department=,linked_page,4,success_after_fallback
a59038842d51,2026-08-08,2cdfe8725858,Bren-Tronics,https://www.bren-tronics.com/,https://jobs.enersys.com/search?createNewAlert=false&q=&locationsearch=&optionsFacetsDD_department=,"Plant 1 Production Operator I, EOL/Formation, Days, 6am-6pm",https://jobs.enersys.com/job/Springfield-Plant-1-Production-Operator-I%2C-EOLFormation%2C-Days%2C-6am-6pm-MO-65803/1402984433,"Commack, NY, United States",Commack,NY,United States,Not specified,,,,Aerospace,2026-08-08,2026-08-08,https://jobs.enersys.com/search?createNewAlert=false&q=&locationsearch=&optionsFacetsDD_department=,linked_page,4,success_after_fallback
170cee66ca6f,2026-08-08,2cdfe8725858,Bren-Tronics,https://www.bren-tronics.com/,https://jobs.enersys.com/search?createNewAlert=false&q=&locationsearch=&optionsFacetsDD_department=,Senior Manufacturing Technician,https://jobs.enersys.com/job/Abingdon-Senior-Manufacturing-Technician-ENG-OX14-3ED/1402818333,"Commack, NY, United States",Commack,NY,United States,Not specified,,,,Aerospace,2026-08-08,2026-08-08,https://jobs.enersys.com/search?createNewAlert=false&q=&locationsearch=&optionsFacetsDD_department=,linked_page,4,success_after_fallback
4472335927a6,2026-08-08,2cdfe8725858,Bren-Tronics,https://www.bren-tronics.com/,https://jobs.enersys.com/search?createNewAlert=false&q=&locationsearch=&optionsFacetsDD_department=,Maintenance Operator,https://jobs.enersys.com/job/Richmond-Maintenance-Operator-KY-40475/1424314633,"Commack, NY, United States",Commack,NY,United States,Not specified,,,,Aerospace,2026-08-08,2026-08-08,https://jobs.enersys.com/search?createNewAlert=false&q=&locationsearch=&optionsFacetsDD_department=,linked_page,4,success_after_fallback
981c3af0fd66,2026-08-08,2cdfe8725858,Bren-Tronics,https://www.bren-tronics.com/,https://jobs.enersys.com/search?createNewAlert=false&q=&locationsearch=&optionsFacetsDD_department=,Plant 2 Production Operator I 3rd Shift,https://jobs.enersys.com/job/Springfield-Plant-2-Production-Operator-I-3rd-Shift-MO-65802/1424334733,"Commack, NY, United States",Commack,NY,United States,Not specified,,,,Aerospace,2026-08-08,2026-08-08,https://jobs.enersys.com/search?createNewAlert=false&q=&locationsearch=&optionsFacetsDD_department=,linked_page,4,success_after_fallback
fc7804a24fd0,2026-08-08,2cdfe8725858,Bren-Tronics,https://www.bren-tronics.com/,https://jobs.enersys.com/search?createNewAlert=false&q=&locationsearch=&optionsFacetsDD_department=,"Plant 1 Maintenance Central Lead, 3rd Shift, Sun-Thur",https://jobs.enersys.com/job/Springfield-Plant-1-Maintenance-Central-Lead%2C-3rd-Shift%2C-Sun-Thur-MO-65803/1424383233,"Commack, NY, United States",Commack,NY,United States,Not specified,,,,Aerospace,2026-08-08,2026-08-08,https://jobs.enersys.com/search?createNewAlert=false&q=&locationsearch=&optionsFacetsDD_department=,linked_page,4,success_after_fallback
b3580db3925a,2026-08-08,2cdfe8725858,Bren-Tronics,https://www.bren-tronics.com/,https://jobs.enersys.com/search?createNewAlert=false&q=&locationsearch=&optionsFacetsDD_department=,Senior Manager TPPL Industrial Engineering,https://jobs.enersys.com/job/Reading-Senior-Manager-TPPL-Industrial-Engineering-PA-19605/1424426733,"Commack, NY, United States",Commack,NY,United States,Not specified,,,,Aerospace,2026-08-08,2026-08-08,https://jobs.enersys.com/search?createNewAlert=false&q=&locationsearch=&optionsFacetsDD_department=,linked_page,4,success_after_fallback
d72d1854f4e6,2026-08-08,2cdfe8725858,Bren-Tronics,https://www.bren-tronics.com/,https://jobs.enersys.com/search?createNewAlert=false&q=&locationsearch=&optionsFacetsDD_department=,Area Service Manager,https://jobs.enersys.com/job/Norcross-Area-Service-Manager-GA-30093/1424500633,"Commack, NY, United States",Commack,NY,United States,Not specified,,,,Aerospace,2026-08-08,2026-08-08,https://jobs.enersys.com/search?createNewAlert=false&q=&locationsearch=&optionsFacetsDD_department=,linked_page,4,success_after_fallback
ab8ed17b83cc,2026-08-08,2cdfe8725858,Bren-Tronics,https://www.bren-tronics.com/,https://jobs.enersys.com/search?createNewAlert=false&q=&locationsearch=&optionsFacetsDD_department=,EHS Technician II,https://jobs.enersys.com/job/Pinellas-Park-EHS-Technician-II-FL-33781/1424416633,"Commack, NY, United States",Commack,NY,United States,Not specified,,,,Aerospace,2026-08-08,2026-08-08,https://jobs.enersys.com/search?createNewAlert=false&q=&locationsearch=&optionsFacetsDD_department=,linked_page,4,success_after_fallback
654df3b1fc20,2026-08-08,2cdfe8725858,Bren-Tronics,https://www.bren-tronics.com/,https://jobs.enersys.com/search?createNewAlert=false&q=&locationsearch=&optionsFacetsDD_department=,Space and Medical Program Manager,https://jobs.enersys.com/job/Horsham-Space-and-Medical-Program-Manager-PA-19044/1424376433,"Commack, NY, United States",Commack,NY,United States,Not specified,,,,Aerospace,2026-08-08,2026-08-08,https://jobs.enersys.com/search?createNewAlert=false&q=&locationsearch=&optionsFacetsDD_department=,linked_page,4,success_after_fallback
e00dd3573f57,2026-08-08,2cdfe8725858,Bren-Tronics,https://www.bren-tronics.com/,https://jobs.enersys.com/search?createNewAlert=false&q=&locationsearch=&optionsFacetsDD_department=,Test Engineer,https://jobs.enersys.com/job/Largo-Test-Engineer-FL-33777/1424439733,"Commack, NY, United States",Commack,NY,United States,Not specified,,,,Aerospace,2026-08-08,2026-08-08,https://jobs.enersys.com/search?createNewAlert=false&q=&locationsearch=&optionsFacetsDD_department=,linked_page,4,success_after_fallback
ff417552d5f9,2026-08-08,2cdfe8725858,Bren-Tronics,https://www.bren-tronics.com/,https://jobs.enersys.com/search?createNewAlert=false&q=&locationsearch=&optionsFacetsDD_department=,Senior Manufacturing Engineer,https://jobs.enersys.com/job/Newport-Senior-Manufacturing-Engineer-Wale-NP19-4XJ/1412641733,"Commack, NY, United States",Commack,NY,United States,Not specified,,,,Aerospace,2026-08-08,2026-08-08,https://jobs.enersys.com/search?createNewAlert=false&q=&locationsearch=&optionsFacetsDD_department=,linked_page,4,success_after_fallback
eec4855a6cdd,2026-08-08,d3ecafe64223,Calspan Air Services,https://www.calspanairservices.com/,https://careers2-calspan.icims.com/jobs/2623/customer-service-agent/job,Customer Service Agent,https://careers2-calspan.icims.com/jobs/2623/customer-service-agent/job,"Niagara Falls, NY, US",Niagara Falls,NY,United States,Not specified,,,Operations,Aerospace,2026-08-08,2026-08-08,https://careers2-calspan.icims.com/jobs/2623/customer-service-agent/job,ats_detected,4,success_after_fallback
5e97562d44e9,2026-08-08,234e92c8de3f,Calspan Business Park,https://calspan.com/,https://careers-calspan.icims.com/jobs/search,Job Title HVAC Technician,https://careers-calspan.icims.com/jobs/2608/hvac-technician/job,"Buffalo, NY, United States",Buffalo,NY,United States,Not specified,,,,Aerospace,2026-08-08,2026-08-08,https://careers-calspan.icims.com/jobs/search,known_careers_url,5,success
8cdf91017e92,2026-08-08,234e92c8de3f,Calspan Business Park,https://calspan.com/,https://careers-calspan.icims.com/jobs/search,Job Title Principal Systems Software Engineer - Jet Engine Test Cells,https://careers-calspan.icims.com/jobs/2500/principal-systems-software-engineer---jet-engine-test-cells/job,"Buffalo, NY, United States",Buffalo,NY,United States,Not specified,,,,Aerospace,2026-08-08,2026-08-08,https://careers-calspan.icims.com/jobs/search,known_careers_url,5,success
a5ff33a43056,2026-08-08,234e92c8de3f,Calspan Business Park,https://calspan.com/,https://careers-calspan.icims.com/jobs/search,Job Title Technician,https://careers-calspan.icims.com/jobs/2601/technician/job,"Buffalo, NY, United States",Buffalo,NY,United States,Not specified,,,,Aerospace,2026-08-08,2026-08-08,https://careers-calspan.icims.com/jobs/search,known_careers_url,5,success
bea45761b69f,2026-08-08,234e92c8de3f,Calspan Business Park,https://calspan.com/,https://careers-calspan.icims.com/jobs/search,Job Title Automotive Technician,https://careers-calspan.icims.com/jobs/2603/automotive-technician/job,"Buffalo, NY, United States",Buffalo,NY,United States,Not specified,,,,Aerospace,2026-08-08,2026-08-08,https://careers-calspan.icims.com/jobs/search,known_careers_url,5,success
2e982c46f123,2026-08-08,234e92c8de3f,Calspan Business Park,https://calspan.com/,https://careers-calspan.icims.com/jobs/search,Job Title Mechanical Assembly Technician,https://careers-calspan.icims.com/jobs/2579/mechanical-assembly-technician/job,"Buffalo, NY, United States",Buffalo,NY,United States,Not specified,,,,Aerospace,2026-08-08,2026-08-08,https://careers-calspan.icims.com/jobs/search,known_careers_url,5,success
1a181099542b,2026-08-08,234e92c8de3f,Calspan Business Park,https://calspan.com/,https://careers-calspan.icims.com/jobs/search,Job Title Controls and Instrumentation Designer,https://careers-calspan.icims.com/jobs/2628/controls-and-instrumentation-designer/job,"Buffalo, NY, United States",Buffalo,NY,United States,Not specified,,,,Aerospace,2026-08-08,2026-08-08,https://careers-calspan.icims.com/jobs/search,known_careers_url,5,success
9bd406987816,2026-08-08,234e92c8de3f,Calspan Business Park,https://calspan.com/,https://careers-calspan.icims.com/jobs/search,Job Title IT Support Specialist,https://careers-calspan.icims.com/jobs/2619/it-support-specialist/job,"Buffalo, NY, United States",Buffalo,NY,United States,Not specified,,,,Aerospace,2026-08-08,2026-08-08,https://careers-calspan.icims.com/jobs/search,known_careers_url,5,success
b59fa2a18c8b,2026-08-08,234e92c8de3f,Calspan Business Park,https://calspan.com/,https://careers-calspan.icims.com/jobs/search,Job Title Sr. Mechanical Engineer,https://careers-calspan.icims.com/jobs/2612/sr.-mechanical-engineer/job,"Buffalo, NY, United States",Buffalo,NY,United States,Not specified,,,,Aerospace,2026-08-08,2026-08-08,https://careers-calspan.icims.com/jobs/search,known_careers_url,5,success
740604b3cd40,2026-08-08,234e92c8de3f,Calspan Business Park,https://calspan.com/,https://careers-calspan.icims.com/jobs/search,Job Title Instrumentation Technician,https://careers-calspan.icims.com/jobs/2615/instrumentation-technician/job,"Buffalo, NY, United States",Buffalo,NY,United States,Not specified,,,,Aerospace,2026-08-08,2026-08-08,https://careers-calspan.icims.com/jobs/search,known_careers_url,5,success
4166865d17d9,2026-08-08,234e92c8de3f,Calspan Business Park,https://calspan.com/,https://careers-calspan.icims.com/jobs/search,Job Title Lead Controls and Instrumentation Engineer,https://careers-calspan.icims.com/jobs/2613/lead-controls-and-instrumentation-engineer/job,"Buffalo, NY, United States",Buffalo,NY,United States,Not specified,,,,Aerospace,2026-08-08,2026-08-08,https://careers-calspan.icims.com/jobs/search,known_careers_url,5,success
a1ed06c23227,2026-08-08,234e92c8de3f,Calspan Business Park,https://calspan.com/,https://careers-calspan.icims.com/jobs/search,"Job Title Applied Test Engineer, TIRE",https://careers-calspan.icims.com/jobs/2605/applied-test-engineer%2c-tire/job,"Buffalo, NY, United States",Buffalo,NY,United States,Not specified,,,,Aerospace,2026-08-08,2026-08-08,https://careers-calspan.icims.com/jobs/search,known_careers_url,5,success
5035ff818551,2026-08-08,234e92c8de3f,Calspan Business Park,https://calspan.com/,https://careers-calspan.icims.com/jobs/search,Job Title Systems Administrator,https://careers-calspan.icims.com/jobs/2543/systems-administrator%c2%a0/job,"Buffalo, NY, United States",Buffalo,NY,United States,Not specified,,,,Aerospace,2026-08-08,2026-08-08,https://careers-calspan.icims.com/jobs/search,known_careers_url,5,success
5326d0744b30,2026-08-08,234e92c8de3f,Calspan Business Park,https://calspan.com/,https://careers-calspan.icims.com/jobs/search,Job Title Instrumentation Technician,https://careers-calspan.icims.com/jobs/2597/instrumentation-technician/job,"Buffalo, NY, United States",Buffalo,NY,United States,Not specified,,,,Aerospace,2026-08-08,2026-08-08,https://careers-calspan.icims.com/jobs/search,known_careers_url,5,success
abe7f9cebf52,2026-08-08,234e92c8de3f,Calspan Business Park,https://calspan.com/,https://careers-calspan.icims.com/jobs/2608/hvac-technician/job,Hvac Technician,https://careers-calspan.icims.com/jobs/2608/hvac-technician/referral,"Buffalo, NY, United States",Buffalo,NY,United States,Not specified,,,,Aerospace,2026-08-08,2026-08-08,https://careers-calspan.icims.com/jobs/2608/hvac-technician/job,ats_detected,5,success_after_fallback
46bce008ddac,2026-08-08,234e92c8de3f,Calspan Business Park,https://calspan.com/,https://careers-calspan.icims.com/jobs/2500/principal-systems-software-engineer---jet-engine-test-cells/job,Principal Systems Software Engineer Jet Engine Test Cells,https://careers-calspan.icims.com/jobs/2500/principal-systems-software-engineer---jet-engine-test-cells/referral,"Buffalo, NY, United States",Buffalo,NY,United States,Not specified,,,,Aerospace,2026-08-08,2026-08-08,https://careers-calspan.icims.com/jobs/2500/principal-systems-software-engineer---jet-engine-test-cells/job,ats_detected,5,success_after_fallback
d0c95bf6656f,2026-08-08,234e92c8de3f,Calspan Business Park,https://calspan.com/,https://careers-calspan.icims.com/jobs/2633/machine-mechanic/job,Machine Mechanic,https://careers-calspan.icims.com/jobs/2633/machine-mechanic/job,"Buffalo, NY, US",Buffalo,NY,United States,Not specified,,,Operations,Aerospace,2026-08-08,2026-08-08,https://careers-calspan.icims.com/jobs/2633/machine-mechanic/job,ats_detected,4,success_after_fallback
45a0162a1207,2026-08-08,234e92c8de3f,Calspan Business Park,https://calspan.com/,https://careers-calspan.icims.com/jobs/2603/automotive-technician/job,Automotive Technician,https://careers-calspan.icims.com/jobs/2603/automotive-technician/referral,"Buffalo, NY, United States",Buffalo,NY,United States,Not specified,,,,Aerospace,2026-08-08,2026-08-08,https://careers-calspan.icims.com/jobs/2603/automotive-technician/job,ats_detected,5,success_after_fallback
569ca4dc7d89,2026-08-08,234e92c8de3f,Calspan Business Park,https://calspan.com/,https://careers-calspan.icims.com/jobs/2629/buyer/job,Buyer,https://careers-calspan.icims.com/jobs/2629/buyer/job,"St. Paul, MN, US",St. Paul,MN,United States,Not specified,,,Operations,Aerospace,2026-08-08,2026-08-08,https://careers-calspan.icims.com/jobs/2629/buyer/job,ats_detected,4,success_after_fallback
e42e0ec9e24f,2026-08-08,234e92c8de3f,Calspan Business Park,https://calspan.com/,https://careers-calspan.icims.com/jobs/2579/mechanical-assembly-technician/job,Mechanical Assembly Technician,https://careers-calspan.icims.com/jobs/2579/mechanical-assembly-technician/referral,"Buffalo, NY, United States",Buffalo,NY,United States,Not specified,,,,Aerospace,2026-08-08,2026-08-08,https://careers-calspan.icims.com/jobs/2579/mechanical-assembly-technician/job,ats_detected,5,success_after_fallback
f2cbc1617c59,2026-08-08,234e92c8de3f,Calspan Business Park,https://calspan.com/,https://careers-calspan.icims.com/jobs/2628/controls-and-instrumentation-designer/job,Controls And Instrumentation Designer,https://careers-calspan.icims.com/jobs/2628/controls-and-instrumentation-designer/referral,"Buffalo, NY, United States",Buffalo,NY,United States,Not specified,,,,Aerospace,2026-08-08,2026-08-08,https://careers-calspan.icims.com/jobs/2628/controls-and-instrumentation-designer/job,ats_detected,5,success_after_fallback
533d28ddacc7,2026-08-08,234e92c8de3f,Calspan Business Park,https://calspan.com/,https://careers-calspan.icims.com/jobs/2625/sr.-aircraft-mechanic/job,Sr. Aircraft Mechanic,https://careers-calspan.icims.com/jobs/2625/sr.-aircraft-mechanic/job,"Niagara Falls, NY, US",Niagara Falls,NY,United States,Not specified,,,Engineering,Aerospace,2026-08-08,2026-08-08,https://careers-calspan.icims.com/jobs/2625/sr.-aircraft-mechanic/job,ats_detected,4,success_after_fallback
74934588b269,2026-08-08,babc8fbe4ec9,Crover,https://www.crover.tech/,https://www.smartrecruiters.com/?utm_source=referral&utm_medium=careerwebsitepage&utm_campaign=careerwebsite&utm_content=none&km_partner=none&km_adgroup=none&utm_term=none&km_matchtype=none,Hiring Managers,https://www.smartrecruiters.com/role/talent-acquisition,"Geneva, NY, United States",Geneva,NY,United States,Not specified,,,,Core Space,2026-08-08,2026-08-08,https://www.smartrecruiters.com/?utm_source=referral&utm_medium=careerwebsitepage&utm_campaign=careerwebsite&utm_content=none&km_partner=none&km_adgroup=none&utm_term=none&km_matchtype=none,ats_detected,4,success_after_fallback
b11bae175a23,2026-08-08,babc8fbe4ec9,Crover,https://www.crover.tech/,https://www.smartrecruiters.com/?utm_source=referral&utm_medium=careerwebsitepage&utm_campaign=careerwebsite&utm_content=none&km_partner=none&km_adgroup=none&utm_term=none&km_matchtype=none,Hiring Managers,https://www.smartrecruiters.com/role/hiring-manager,"Geneva, NY, United States",Geneva,NY,United States,Not specified,,,,Core Space,2026-08-08,2026-08-08,https://www.smartrecruiters.com/?utm_source=referral&utm_medium=careerwebsitepage&utm_campaign=careerwebsite&utm_content=none&km_partner=none&km_adgroup=none&utm_term=none&km_matchtype=none,ats_detected,4,success_after_fallback
8e4c7afd2511,2026-08-08,babc8fbe4ec9,Crover,https://www.crover.tech/,https://www.smartrecruiters.com/?utm_source=referral&utm_medium=careerwebsitepage&utm_campaign=careerwebsite&utm_content=none&km_partner=none&km_adgroup=none&utm_term=none&km_matchtype=none,Hiring Managers,https://www.smartrecruiters.com/role/hr,"Geneva, NY, United States",Geneva,NY,United States,Not specified,,,,Core Space,2026-08-08,2026-08-08,https://www.smartrecruiters.com/?utm_source=referral&utm_medium=careerwebsitepage&utm_campaign=careerwebsite&utm_content=none&km_partner=none&km_adgroup=none&utm_term=none&km_matchtype=none,ats_detected,4,success_after_fallback
e942ee7fb593,2026-08-08,babc8fbe4ec9,Crover,https://www.crover.tech/,https://www.smartrecruiters.com/?utm_source=referral&utm_medium=careerwebsitepage&utm_campaign=careerwebsite&utm_content=none&km_partner=none&km_adgroup=none&utm_term=none&km_matchtype=none,Hiring Managers,https://www.smartrecruiters.com/role/it,"Geneva, NY, United States",Geneva,NY,United States,Not specified,,,,Core Space,2026-08-08,2026-08-08,https://www.smartrecruiters.com/?utm_source=referral&utm_medium=careerwebsitepage&utm_campaign=careerwebsite&utm_content=none&km_partner=none&km_adgroup=none&utm_term=none&km_matchtype=none,ats_detected,4,success_after_fallback
675011ceb6de,2026-08-08,babc8fbe4ec9,Crover,https://www.crover.tech/,https://www.smartrecruiters.com/?utm_source=referral&utm_medium=careerwebsitepage&utm_campaign=careerwebsite&utm_content=none&km_partner=none&km_adgroup=none&utm_term=none&km_matchtype=none,Hiring Managers,https://www.smartrecruiters.com/role/finance,"Geneva, NY, United States",Geneva,NY,United States,Not specified,,,,Core Space,2026-08-08,2026-08-08,https://www.smartrecruiters.com/?utm_source=referral&utm_medium=careerwebsitepage&utm_campaign=careerwebsite&utm_content=none&km_partner=none&km_adgroup=none&utm_term=none&km_matchtype=none,ats_detected,4,success_after_fallback
2c4b3b743564,2026-08-08,bad1b820268a,Dawn Aerospace,https://www.dawnaerospace.com/,https://job-boards.anz.greenhouse.io/dawnaerospace,"Intern – Thruster Development Delft, South Holland, Netherlands",https://job-boards.anz.greenhouse.io/dawnaerospace/jobs/4004992201,"Delft, South Holland, Netherlands",Delft,South Holland,Netherlands,Not specified,,,,Core Space,2026-08-08,2026-08-08,https://job-boards.anz.greenhouse.io/dawnaerospace,ats_detected,5,success_after_fallback
447dcb8fbda1,2026-08-08,bad1b820268a,Dawn Aerospace,https://www.dawnaerospace.com/,https://job-boards.anz.greenhouse.io/dawnaerospace,"Junior / Intermediate Project Manager – Space Propulsion Delft, South Holland, Netherlands",https://job-boards.anz.greenhouse.io/dawnaerospace/jobs/4000883201,"Delft, South Holland, Netherlands",Delft,South Holland,Netherlands,Not specified,,,,Core Space,2026-08-08,2026-08-08,https://job-boards.anz.greenhouse.io/dawnaerospace,ats_detected,5,success_after_fallback
c94117e1163d,2026-08-08,bad1b820268a,Dawn Aerospace,https://www.dawnaerospace.com/,https://job-boards.anz.greenhouse.io/dawnaerospace,"Satellite Communications Engineer Delft, South Holland, Netherlands",https://job-boards.anz.greenhouse.io/dawnaerospace/jobs/4001647201,"Delft, South Holland, Netherlands",Delft,South Holland,Netherlands,Not specified,,,,Core Space,2026-08-08,2026-08-08,https://job-boards.anz.greenhouse.io/dawnaerospace,ats_detected,5,success_after_fallback
096dbf50f162,2026-08-08,bad1b820268a,Dawn Aerospace,https://www.dawnaerospace.com/,https://job-boards.anz.greenhouse.io/dawnaerospace,"Satellite RF Hardware & Operations Engineer Delft, South Holland, Netherlands",https://job-boards.anz.greenhouse.io/dawnaerospace/jobs/4000878201,"Delft, South Holland, Netherlands",Delft,South Holland,Netherlands,Not specified,,,,Core Space,2026-08-08,2026-08-08,https://job-boards.anz.greenhouse.io/dawnaerospace,ats_detected,5,success_after_fallback
5a2b0a951f06,2026-08-08,bad1b820268a,Dawn Aerospace,https://www.dawnaerospace.com/,https://job-boards.anz.greenhouse.io/dawnaerospace,"Software Developer Internship – Embedded Linux Delft, South Holland, Netherlands",https://job-boards.anz.greenhouse.io/dawnaerospace/jobs/4004658201,"Delft, South Holland, Netherlands",Delft,South Holland,Netherlands,Not specified,,,,Core Space,2026-08-08,2026-08-08,https://job-boards.anz.greenhouse.io/dawnaerospace,ats_detected,5,success_after_fallback
ac0e2509cff1,2026-08-08,bad1b820268a,Dawn Aerospace,https://www.dawnaerospace.com/,https://job-boards.anz.greenhouse.io/dawnaerospace,"Senior Systems Engineer - Spaceplane New Christchurch, Canterbury, New Zealand",https://job-boards.anz.greenhouse.io/dawnaerospace/jobs/4005444201,"Manhattan, NY, United States",Manhattan,NY,United States,Not specified,,,,Core Space,2026-08-08,2026-08-08,https://job-boards.anz.greenhouse.io/dawnaerospace,ats_detected,5,success_after_fallback
d8f159fb1390,2026-08-08,bad1b820268a,Dawn Aerospace,https://www.dawnaerospace.com/,https://job-boards.anz.greenhouse.io/dawnaerospace,"Purchasing & Inventory Coordinator Christchurch, Canterbury, New Zealand",https://job-boards.anz.greenhouse.io/dawnaerospace/jobs/4004328201,"Manhattan, NY, United States",Manhattan,NY,United States,Not specified,,,,Core Space,2026-08-08,2026-08-08,https://job-boards.anz.greenhouse.io/dawnaerospace,ats_detected,5,success_after_fallback
1a42f8f3aaaa,2026-08-08,bad1b820268a,Dawn Aerospace,https://www.dawnaerospace.com/,https://job-boards.anz.greenhouse.io/dawnaerospace,"Compliance & Export Controls Specialist New Christchurch, Canterbury, New Zealand",https://job-boards.anz.greenhouse.io/dawnaerospace/jobs/4005442201,"Manhattan, NY, United States",Manhattan,NY,United States,Not specified,,,,Core Space,2026-08-08,2026-08-08,https://job-boards.anz.greenhouse.io/dawnaerospace,ats_detected,5,success_after_fallback
1db33c6f93cb,2026-08-08,bad1b820268a,Dawn Aerospace,https://www.dawnaerospace.com/,https://job-boards.anz.greenhouse.io/dawnaerospace,Head of Defence Sales – Germany Germany,https://job-boards.anz.greenhouse.io/dawnaerospace/jobs/4004923201,"Manhattan, NY, United States",Manhattan,NY,United States,Not specified,,,,Core Space,2026-08-08,2026-08-08,https://job-boards.anz.greenhouse.io/dawnaerospace,ats_detected,5,success_after_fallback
2c974b67f5ad,2026-08-08,ba37ca62f760,echo3D,https://www.echo3d.co/,https://www.echo3d.com/about/careers,Enterprise Sales Executive B2B,https://wellfound.com/jobs/3529921-enterprise-sales-executive-b2b,"Manhattan, NY, United States",Manhattan,NY,United States,Remote,,,,Core Space,2026-08-08,2026-08-08,https://www.echo3d.com/about/careers,known_careers_url,4,success
bb9a4a219de8,2026-08-08,ba37ca62f760,echo3D,https://www.echo3d.co/,https://www.echo3d.com/about/careers,Software Engineer,https://wellfound.com/jobs/1749640-software-engineer,"Manhattan, NY, United States",Manhattan,NY,United States,Remote,,,,Core Space,2026-08-08,2026-08-08,https://www.echo3d.com/about/careers,known_careers_url,4,success
6f8ce2b1166e,2026-08-08,ba37ca62f760,echo3D,https://www.echo3d.co/,https://wellfound.com/jobs/3529921-enterprise-sales-executive-b2b,Manager - Business Development (North America) - full time $90k – $105k,https://wellfound.com/jobs/2282687-manager-business-development-north-america-full-time,"Manhattan, NY, United States",Manhattan,NY,United States,Not specified,,,,Core Space,2026-08-08,2026-08-08,https://wellfound.com/jobs/3529921-enterprise-sales-executive-b2b,linked_page,4,success_after_fallback
1c52e8c102a9,2026-08-08,ba37ca62f760,echo3D,https://www.echo3d.co/,https://wellfound.com/jobs/3529921-enterprise-sales-executive-b2b,"Director, Strategic Accounts $150k – $175k",https://wellfound.com/jobs/2543673-director-strategic-accounts,"Manhattan, NY, United States",Manhattan,NY,United States,Not specified,,,,Core Space,2026-08-08,2026-08-08,https://wellfound.com/jobs/3529921-enterprise-sales-executive-b2b,linked_page,4,success_after_fallback
2ae35c6e7a7f,2026-08-08,ba37ca62f760,echo3D,https://www.echo3d.co/,https://wellfound.com/jobs/3529921-enterprise-sales-executive-b2b,Us Business Development And Operations Support Specialist Retail Robotic Solutions,https://wellfound.com/jobs/3130978-us-business-development-and-operations-support-specialist-retail-robotic-solutions,"Manhattan, NY, United States",Manhattan,NY,United States,Not specified,,,,Core Space,2026-08-08,2026-08-08,https://wellfound.com/jobs/3529921-enterprise-sales-executive-b2b,linked_page,4,success_after_fallback
7461e070df11,2026-08-08,ba37ca62f760,echo3D,https://www.echo3d.co/,https://wellfound.com/jobs/3529921-enterprise-sales-executive-b2b,Customer Onboarding Specialist - FinTech SaaS $70k – $105k • 0.0% – 0.5%,https://wellfound.com/jobs/3162208-customer-success-specialist-financial-systems,"Manhattan, NY, United States",Manhattan,NY,United States,Not specified,,,,Core Space,2026-08-08,2026-08-08,https://wellfound.com/jobs/3529921-enterprise-sales-executive-b2b,linked_page,4,success_after_fallback
cb8f69105c36,2026-08-08,ba37ca62f760,echo3D,https://www.echo3d.co/,https://wellfound.com/jobs/3529921-enterprise-sales-executive-b2b,Ottehr Urgent Care EHR Sales AE $220k – $300k • 0.0% – 0.5%,https://wellfound.com/jobs/3190120-ottehr-urgent-care-ehr-sales-ae,"Manhattan, NY, United States",Manhattan,NY,United States,Not specified,,,,Core Space,2026-08-08,2026-08-08,https://wellfound.com/jobs/3529921-enterprise-sales-executive-b2b,linked_page,4,success_after_fallback
18248e422694,2026-08-08,ba37ca62f760,echo3D,https://www.echo3d.co/,https://wellfound.com/jobs,Staff Technical Account Manager,https://wellfound.com/jobs/4388417-staff-technical-account-manager,"Manhattan, NY, United States",Manhattan,NY,United States,Not specified,,,,Core Space,2026-08-08,2026-08-08,https://wellfound.com/jobs,linked_page,4,success_after_fallback
172218f31553,2026-08-08,ba37ca62f760,echo3D,https://www.echo3d.co/,https://wellfound.com/jobs,Territory Partner (Field Sales),https://wellfound.com/jobs/4565984-territory-partner-field-sales,"Manhattan, NY, United States",Manhattan,NY,United States,Remote,,,,Core Space,2026-08-08,2026-08-08,https://wellfound.com/jobs,linked_page,4,success_after_fallback
da15d5ff00a2,2026-08-08,ba37ca62f760,echo3D,https://www.echo3d.co/,https://wellfound.com/jobs,"Software Engineer, Backend",https://wellfound.com/jobs/3542796-software-engineer-backend,"Manhattan, NY, United States",Manhattan,NY,United States,Not specified,,,,Core Space,2026-08-08,2026-08-08,https://wellfound.com/jobs,linked_page,4,success_after_fallback
892bb50c53a8,2026-08-08,ba37ca62f760,echo3D,https://www.echo3d.co/,https://wellfound.com/jobs,Forward Deployed Engineer,https://wellfound.com/jobs/4565953-forward-deployed-engineer,"Manhattan, NY, United States",Manhattan,NY,United States,Not specified,,,,Core Space,2026-08-08,2026-08-08,https://wellfound.com/jobs,linked_page,4,success_after_fallback
8c0a74423d45,2026-08-08,ba37ca62f760,echo3D,https://www.echo3d.co/,https://wellfound.com/jobs,"Software Engineer, Frontier Data Products",https://wellfound.com/jobs/4082461-software-engineer-frontier-data-products,"Manhattan, NY, United States",Manhattan,NY,United States,On-site,,,,Core Space,2026-08-08,2026-08-08,https://wellfound.com/jobs,linked_page,4,success_after_fallback
1de8d1ffddb5,2026-08-08,ba37ca62f760,echo3D,https://www.echo3d.co/,https://wellfound.com/jobs,Investigations Engineer - NYC,https://wellfound.com/jobs/4562736-investigations-engineer-nyc,"Manhattan, NY, United States",Manhattan,NY,United States,Not specified,,,,Core Space,2026-08-08,2026-08-08,https://wellfound.com/jobs,linked_page,4,success_after_fallback
1dd81517dcd5,2026-08-08,ba37ca62f760,echo3D,https://www.echo3d.co/,https://wellfound.com/jobs,Software Engineer (New Grad December 2026),https://wellfound.com/jobs/4562621-software-engineer-new-grad-december-2026,"Manhattan, NY, United States",Manhattan,NY,United States,Not specified,,,,Core Space,2026-08-08,2026-08-08,https://wellfound.com/jobs,linked_page,4,success_after_fallback
afbcbe084c69,2026-08-08,ba37ca62f760,echo3D,https://www.echo3d.co/,https://wellfound.com/jobs,Associate Firmware Engineer,https://wellfound.com/jobs/4365739-associate-firmware-engineer,"Manhattan, NY, United States",Manhattan,NY,United States,Not specified,,,,Core Space,2026-08-08,2026-08-08,https://wellfound.com/jobs,linked_page,4,success_after_fallback
43d631ec17a1,2026-08-08,ba37ca62f760,echo3D,https://www.echo3d.co/,https://wellfound.com/jobs,"Software Engineer, AI/Agents",https://wellfound.com/jobs/4562612-software-engineer-ai-agents,Remote,,,,Remote,,,,Core Space,2026-08-08,2026-08-08,https://wellfound.com/jobs,linked_page,4,success_after_fallback
0a7ea1b21d1c,2026-08-08,ba37ca62f760,echo3D,https://www.echo3d.co/,https://wellfound.com/jobs,"Vice President, Product Development & Strategy",https://wellfound.com/jobs/4562521-vice-president-product-development-strategy,"Manhattan, NY, United States",Manhattan,NY,United States,Remote,,,,Core Space,2026-08-08,2026-08-08,https://wellfound.com/jobs,linked_page,4,success_after_fallback
9e2185bc541a,2026-08-08,ba37ca62f760,echo3D,https://www.echo3d.co/,https://wellfound.com/jobs,"Senior Product Manager, Raptive Intelligence - Consumer Applications",https://wellfound.com/jobs/4557611-senior-product-manager-raptive-intelligence-consumer-applications,"Manhattan, NY, United States",Manhattan,NY,United States,Remote,,,,Core Space,2026-08-08,2026-08-08,https://wellfound.com/jobs,linked_page,4,success_after_fallback
f7ac70b773b6,2026-08-08,ba37ca62f760,echo3D,https://www.echo3d.co/,https://wellfound.com/jobs,Principal Product Manager Lead,https://wellfound.com/jobs/4557504-principal-product-manager-lead,"Manhattan, NY, United States",Manhattan,NY,United States,Not specified,,,,Core Space,2026-08-08,2026-08-08,https://wellfound.com/jobs,linked_page,4,success_after_fallback
c43ab59ae948,2026-08-08,ba37ca62f760,echo3D,https://www.echo3d.co/,https://wellfound.com/jobs,Senior/Principal Product Manager (Developer Foundations),https://wellfound.com/jobs/4557334-senior-principal-product-manager-developer-foundations,"Manhattan, NY, United States",Manhattan,NY,United States,Remote,,,,Core Space,2026-08-08,2026-08-08,https://wellfound.com/jobs,linked_page,4,success_after_fallback
dd7963404d26,2026-08-08,ba37ca62f760,echo3D,https://www.echo3d.co/,https://wellfound.com/jobs,"Full-Stack Designer (Brand, Marketing & UI)",https://wellfound.com/jobs/4174641-full-stack-designer-brand-marketing-ui,"Manhattan, NY, United States",Manhattan,NY,United States,Remote,,,,Core Space,2026-08-08,2026-08-08,https://wellfound.com/jobs,linked_page,4,success_after_fallback
566741090858,2026-08-08,ba37ca62f760,echo3D,https://www.echo3d.co/,https://wellfound.com/jobs,Product Designer (New Grad),https://wellfound.com/jobs/4536786-product-designer-new-grad,"Manhattan, NY, United States",Manhattan,NY,United States,Remote,,,,Core Space,2026-08-08,2026-08-08,https://wellfound.com/jobs,linked_page,4,success_after_fallback
3f1462149551,2026-08-08,ba37ca62f760,echo3D,https://www.echo3d.co/,https://wellfound.com/jobs,Learning Experience Designer,https://wellfound.com/jobs/4523196-learning-experience-designer,"Manhattan, NY, United States",Manhattan,NY,United States,Not specified,,,,Core Space,2026-08-08,2026-08-08,https://wellfound.com/jobs,linked_page,4,success_after_fallback
60f19298ff4d,2026-08-08,ba37ca62f760,echo3D,https://www.echo3d.co/,https://wellfound.com/jobs,Staff Design Engineer,https://wellfound.com/jobs/4514733-staff-design-engineer,"Manhattan, NY, United States",Manhattan,NY,United States,Not specified,,,,Core Space,2026-08-08,2026-08-08,https://wellfound.com/jobs,linked_page,4,success_after_fallback
da040fd0577c,2026-08-08,ba37ca62f760,echo3D,https://www.echo3d.co/,https://wellfound.com/jobs,Product Designer—Personal Fitness Assistant (iOS App).,https://wellfound.com/jobs/4505671-product-designer-personal-fitness-assistant-ios-app,"Manhattan, NY, United States",Manhattan,NY,United States,Remote,,,,Core Space,2026-08-08,2026-08-08,https://wellfound.com/jobs,linked_page,4,success_after_fallback
ffd497db2878,2026-08-08,ba37ca62f760,echo3D,https://www.echo3d.co/,https://wellfound.com/jobs,Data Engineer,https://wellfound.com/jobs/4562602-data-engineer,"Manhattan, NY, United States",Manhattan,NY,United States,Not specified,,,,Core Space,2026-08-08,2026-08-08,https://wellfound.com/jobs,linked_page,4,success_after_fallback
c357ed108a96,2026-08-08,ba37ca62f760,echo3D,https://www.echo3d.co/,https://wellfound.com/jobs,Voice AI Evals - Lead,https://wellfound.com/jobs/4555227-voice-ai-evals-lead,"Manhattan, NY, United States",Manhattan,NY,United States,On-site,,,,Core Space,2026-08-08,2026-08-08,https://wellfound.com/jobs,linked_page,4,success_after_fallback
8c9009a238a6,2026-08-08,ba37ca62f760,echo3D,https://www.echo3d.co/,https://wellfound.com/jobs,Web Scraping Specialist,https://wellfound.com/jobs/2912889-web-scraping-specialist,"Manhattan, NY, United States",Manhattan,NY,United States,Remote,,,,Core Space,2026-08-08,2026-08-08,https://wellfound.com/jobs,linked_page,4,success_after_fallback
38dd09d6d4e4,2026-08-08,ba37ca62f760,echo3D,https://www.echo3d.co/,https://wellfound.com/jobs,"Data Engineer (Staff, Principal, Lead)",https://wellfound.com/jobs/3994821-2-data-engineer-staff-principal-lead,"Manhattan, NY, United States",Manhattan,NY,United States,On-site,,,,Core Space,2026-08-08,2026-08-08,https://wellfound.com/jobs,linked_page,4,success_after_fallback
7dfc55d6d586,2026-08-08,ba37ca62f760,echo3D,https://www.echo3d.co/,https://wellfound.com/jobs,Senior Platform Architect - Microsoft Fabric (Immediate Joiner),https://wellfound.com/jobs/4523835-senior-platform-architect-microsoft-fabric-immediate-joiner,"Manhattan, NY, United States",Manhattan,NY,United States,Remote,,,,Core Space,2026-08-08,2026-08-08,https://wellfound.com/jobs,linked_page,4,success_after_fallback
55b51092bb30,2026-08-08,ba37ca62f760,echo3D,https://www.echo3d.co/,https://wellfound.com/jobs,Territory Partner (Field Sales),https://wellfound.com/jobs/4565995-territory-partner-field-sales,"Manhattan, NY, United States",Manhattan,NY,United States,Remote,,,,Core Space,2026-08-08,2026-08-08,https://wellfound.com/jobs,linked_page,4,success_after_fallback
9e151d582958,2026-08-08,ba37ca62f760,echo3D,https://www.echo3d.co/,https://wellfound.com/jobs,2 Associate Solutions Engineer Housing,https://wellfound.com/jobs/3345492-2-associate-solutions-engineer-housing,"Manhattan, NY, United States",Manhattan,NY,United States,Not specified,,,,Core Space,2026-08-08,2026-08-08,https://wellfound.com/jobs,linked_page,4,success_after_fallback
d2c4150938c4,2026-08-08,ba37ca62f760,echo3D,https://www.echo3d.co/,https://wellfound.com/jobs,Inside Sales (Full-Cycle) — SportsTech SaaS · (Remote),https://wellfound.com/jobs/4550876-inside-sales-full-cycle-sportstech-saas-remote,"Manhattan, NY, United States",Manhattan,NY,United States,Remote,,,,Core Space,2026-08-08,2026-08-08,https://wellfound.com/jobs,linked_page,4,success_after_fallback
85dba7d95be9,2026-08-08,ba37ca62f760,echo3D,https://www.echo3d.co/,https://wellfound.com/jobs,Sales Engineer,https://wellfound.com/jobs/4551035-sales-engineer,"Manhattan, NY, United States",Manhattan,NY,United States,Remote,,,,Core Space,2026-08-08,2026-08-08,https://wellfound.com/jobs,linked_page,4,success_after_fallback
d9e7786ba58f,2026-08-08,ba37ca62f760,echo3D,https://www.echo3d.co/,https://wellfound.com/jobs,Digital Distribution & Social Media Specialist (U.S. Remote),https://wellfound.com/jobs/4550970-digital-distribution-social-media-specialist-u-s-remote,"Manhattan, NY, United States",Manhattan,NY,United States,Remote,,,,Core Space,2026-08-08,2026-08-08,https://wellfound.com/jobs,linked_page,4,success_after_fallback
f5aa136562a6,2026-08-08,ba37ca62f760,echo3D,https://www.echo3d.co/,https://wellfound.com/jobs,Director of Growth,https://wellfound.com/jobs/4544972-founding-growth-marketer-clone,"Manhattan, NY, United States",Manhattan,NY,United States,On-site,,,,Core Space,2026-08-08,2026-08-08,https://wellfound.com/jobs,linked_page,4,success_after_fallback
c6540a133758,2026-08-08,ba37ca62f760,echo3D,https://www.echo3d.co/,https://wellfound.com/jobs,Digital Marketing Coordinator,https://wellfound.com/jobs/4544654-digital-marketing-coordinator,"Manhattan, NY, United States",Manhattan,NY,United States,Remote,,,,Core Space,2026-08-08,2026-08-08,https://wellfound.com/jobs,linked_page,4,success_after_fallback
7153f98c73cc,2026-08-08,ba37ca62f760,echo3D,https://www.echo3d.co/,https://wellfound.com/jobs,VP Operations,https://wellfound.com/jobs/4565973-vp-operations,"Manhattan, NY, United States",Manhattan,NY,United States,On-site,,,,Core Space,2026-08-08,2026-08-08,https://wellfound.com/jobs,linked_page,4,success_after_fallback
91c3ed3f41ca,2026-08-08,ba37ca62f760,echo3D,https://www.echo3d.co/,https://wellfound.com/jobs,Channel Operations Manager,https://wellfound.com/jobs/4562635-channel-operations-manager,"Manhattan, NY, United States",Manhattan,NY,United States,Not specified,,,,Core Space,2026-08-08,2026-08-08,https://wellfound.com/jobs,linked_page,4,success_after_fallback
b2c7e5d8ef0c,2026-08-08,ba37ca62f760,echo3D,https://www.echo3d.co/,https://wellfound.com/jobs,Product Operations Manager,https://wellfound.com/jobs/4562607-product-operations-manager,"Manhattan, NY, United States",Manhattan,NY,United States,Not specified,,,,Core Space,2026-08-08,2026-08-08,https://wellfound.com/jobs,linked_page,4,success_after_fallback
3832869de0db,2026-08-08,ba37ca62f760,echo3D,https://www.echo3d.co/,https://wellfound.com/jobs,Channel Operations Manager,https://wellfound.com/jobs/4562563-channel-operations-manager,"Manhattan, NY, United States",Manhattan,NY,United States,Not specified,,,,Core Space,2026-08-08,2026-08-08,https://wellfound.com/jobs,linked_page,4,success_after_fallback
8706724eda71,2026-08-08,ba37ca62f760,echo3D,https://www.echo3d.co/,https://wellfound.com/jobs,"Manager, Quality & Safety (Schaumburg, IL area)",https://wellfound.com/jobs/4562385-manager-quality-safety-schaumburg-il-area,"Manhattan, NY, United States",Manhattan,NY,United States,Not specified,,,,Core Space,2026-08-08,2026-08-08,https://wellfound.com/jobs,linked_page,4,success_after_fallback
639f4afccf2d,2026-08-08,ba37ca62f760,echo3D,https://www.echo3d.co/,https://wellfound.com/jobs,GTM Recruiter,https://wellfound.com/jobs/4215120-gtm-recruiter,"Manhattan, NY, United States",Manhattan,NY,United States,Not specified,,,,Core Space,2026-08-08,2026-08-08,https://wellfound.com/jobs,linked_page,4,success_after_fallback
f2118a56ffc0,2026-08-08,ba37ca62f760,echo3D,https://www.echo3d.co/,https://wellfound.com/jobs,Recruitment Specialist,https://wellfound.com/jobs/4560670-recruitment-specialist,"Manhattan, NY, United States",Manhattan,NY,United States,Remote,,,,Core Space,2026-08-08,2026-08-08,https://wellfound.com/jobs,linked_page,4,success_after_fallback
fc7cfc864bb3,2026-08-08,ba37ca62f760,echo3D,https://www.echo3d.co/,https://wellfound.com/jobs,Technical Recruiter,https://wellfound.com/jobs/4550878-technical-recruiter,"Manhattan, NY, United States",Manhattan,NY,United States,Remote,,,,Core Space,2026-08-08,2026-08-08,https://wellfound.com/jobs,linked_page,4,success_after_fallback
7bcfc928af70,2026-08-08,ba37ca62f760,echo3D,https://www.echo3d.co/,https://wellfound.com/jobs,Legal Recruiter,https://wellfound.com/jobs/4547628-legal-recruiter,"Manhattan, NY, United States",Manhattan,NY,United States,Remote,,,,Core Space,2026-08-08,2026-08-08,https://wellfound.com/jobs,linked_page,4,success_after_fallback
f44c0cdb0195,2026-08-08,ba37ca62f760,echo3D,https://www.echo3d.co/,https://wellfound.com/jobs,"Senior Director, Revenue Accounting & Order To Cash",https://wellfound.com/jobs/4562845-senior-director-revenue-accounting-order-to-cash,"Manhattan, NY, United States",Manhattan,NY,United States,Remote,,,,Core Space,2026-08-08,2026-08-08,https://wellfound.com/jobs,linked_page,4,success_after_fallback
822d4dfdeb75,2026-08-08,ba37ca62f760,echo3D,https://www.echo3d.co/,https://wellfound.com/jobs,Accounting Manager,https://wellfound.com/jobs/4562405-accounting-manager,"Manhattan, NY, United States",Manhattan,NY,United States,Not specified,,,,Core Space,2026-08-08,2026-08-08,https://wellfound.com/jobs,linked_page,4,success_after_fallback
05bd3823a018,2026-08-08,ba37ca62f760,echo3D,https://www.echo3d.co/,https://wellfound.com/jobs,Strategic Finance Lead,https://wellfound.com/jobs/4265964-strategic-finance-lead,"Manhattan, NY, United States",Manhattan,NY,United States,Not specified,,,,Core Space,2026-08-08,2026-08-08,https://wellfound.com/jobs,linked_page,4,success_after_fallback
092a4e61db0f,2026-08-08,ba37ca62f760,echo3D,https://www.echo3d.co/,https://wellfound.com/jobs,FinOps Lead,https://wellfound.com/jobs/4550974-finops-lead,"Manhattan, NY, United States",Manhattan,NY,United States,Not specified,,,,Core Space,2026-08-08,2026-08-08,https://wellfound.com/jobs,linked_page,4,success_after_fallback
4ffe8f08ee16,2026-08-08,ba37ca62f760,echo3D,https://www.echo3d.co/,https://wellfound.com/jobs,Remote Software Engineer Jobs,https://wellfound.com/role/r/software-engineer,"Manhattan, NY, United States",Manhattan,NY,United States,Remote,,,,Core Space,2026-08-08,2026-08-08,https://wellfound.com/jobs,linked_page,3,success_after_fallback
a36be93e0048,2026-08-08,ba37ca62f760,echo3D,https://www.echo3d.co/,https://wellfound.com/jobs,Remote Product Manager Jobs,https://wellfound.com/role/r/product-manager,"Manhattan, NY, United States",Manhattan,NY,United States,Remote,,,,Core Space,2026-08-08,2026-08-08,https://wellfound.com/jobs,linked_page,3,success_after_fallback
864abf04a02f,2026-08-08,ba37ca62f760,echo3D,https://www.echo3d.co/,https://wellfound.com/jobs,Remote Data Analyst Jobs,https://wellfound.com/role/r/data-analyst,"Manhattan, NY, United States",Manhattan,NY,United States,Remote,,,,Core Space,2026-08-08,2026-08-08,https://wellfound.com/jobs,linked_page,3,success_after_fallback
c51db9a7fc56,2026-08-08,ba37ca62f760,echo3D,https://www.echo3d.co/,https://wellfound.com/jobs,Remote Product Designer Jobs,https://wellfound.com/role/r/product-designer,"Manhattan, NY, United States",Manhattan,NY,United States,Remote,,,,Core Space,2026-08-08,2026-08-08,https://wellfound.com/jobs,linked_page,3,success_after_fallback
21aa410252f9,2026-08-08,ba37ca62f760,echo3D,https://www.echo3d.co/,https://wellfound.com/jobs,Remote Graphic Designer Jobs,https://wellfound.com/role/r/graphic-designer,"Manhattan, NY, United States",Manhattan,NY,United States,Remote,,,,Core Space,2026-08-08,2026-08-08,https://wellfound.com/jobs,linked_page,3,success_after_fallback
2fcff47c1465,2026-08-08,ba37ca62f760,echo3D,https://www.echo3d.co/,https://wellfound.com/jobs,Remote UI/UX Designer Jobs,https://wellfound.com/role/r/ui-ux-designer,"Manhattan, NY, United States",Manhattan,NY,United States,Remote,,,,Core Space,2026-08-08,2026-08-08,https://wellfound.com/jobs,linked_page,3,success_after_fallback
5c3a89bd8bc7,2026-08-08,ba37ca62f760,echo3D,https://www.echo3d.co/,https://wellfound.com/jobs,Remote Operations Manager Jobs,https://wellfound.com/role/r/operations-manager,"Manhattan, NY, United States",Manhattan,NY,United States,Remote,,,,Core Space,2026-08-08,2026-08-08,https://wellfound.com/jobs,linked_page,3,success_after_fallback
c33e6e97fc39,2026-08-08,ba37ca62f760,echo3D,https://www.echo3d.co/,https://wellfound.com/jobs,Remote Account Manager Jobs,https://wellfound.com/role/r/account-manager,"Manhattan, NY, United States",Manhattan,NY,United States,Remote,,,,Core Space,2026-08-08,2026-08-08,https://wellfound.com/jobs,linked_page,3,success_after_fallback
5217fcd690d9,2026-08-08,ba37ca62f760,echo3D,https://www.echo3d.co/,https://wellfound.com/jobs,Remote Sales Manager Jobs,https://wellfound.com/role/r/sales-manager,"Manhattan, NY, United States",Manhattan,NY,United States,Remote,,,,Core Space,2026-08-08,2026-08-08,https://wellfound.com/jobs,linked_page,3,success_after_fallback
0b7eb8bfe674,2026-08-08,ba37ca62f760,echo3D,https://www.echo3d.co/,https://wellfound.com/jobs,Remote Financial Analyst Jobs,https://wellfound.com/role/r/financial-analyst,"Manhattan, NY, United States",Manhattan,NY,United States,Remote,,,,Core Space,2026-08-08,2026-08-08,https://wellfound.com/jobs,linked_page,3,success_after_fallback
e9149de421e0,2026-08-08,ba37ca62f760,echo3D,https://www.echo3d.co/,https://wellfound.com/jobs,Remote HR Manager Jobs,https://wellfound.com/role/r/hr-manager,"Manhattan, NY, United States",Manhattan,NY,United States,Remote,,,,Core Space,2026-08-08,2026-08-08,https://wellfound.com/jobs,linked_page,3,success_after_fallback
fd08b401b85c,2026-08-08,ba37ca62f760,echo3D,https://www.echo3d.co/,https://wellfound.com/browse/tech-jobs,Smart contract Developer,https://wellfound.com/role/smart-contract-developer,"Manhattan, NY, United States",Manhattan,NY,United States,Not specified,,,,Core Space,2026-08-08,2026-08-08,https://wellfound.com/browse/tech-jobs,linked_page,3,success_after_fallback
e0d5fc14ea4a,2026-08-08,ba37ca62f760,echo3D,https://www.echo3d.co/,https://wellfound.com/browse/remote-tech-jobs,Smart contract Developer,https://wellfound.com/role/r/smart-contract-developer,"Manhattan, NY, United States",Manhattan,NY,United States,Not specified,,,,Core Space,2026-08-08,2026-08-08,https://wellfound.com/browse/remote-tech-jobs,linked_page,3,success_after_fallback
3aa393bf69bb,2026-08-08,ba37ca62f760,echo3D,https://www.echo3d.co/,https://wellfound.com/jobs/1959251-enterprise-account-executive,Enterprise Account Executive,https://wellfound.com/jobs/1959251-enterprise-account-executive,"New York, New York, United States",New York,NY,United States,Remote,120000,180000,"Artificial Intelligence, Construction, Predictive Analytics, and Internet of Things",Core Space,2026-08-08,2026-08-08,https://wellfound.com/jobs/1959251-enterprise-account-executive,linked_page,3,success_after_fallback
e400d05cf5a4,2026-08-08,ba37ca62f760,echo3D,https://www.echo3d.co/,https://wellfound.com/jobs/2282687-manager-business-development-north-america-full-time,Business Development and Sales ₹4.8L – ₹9.6L • No equity,https://wellfound.com/jobs/2824133-business-development-and-sales,"Manhattan, NY, United States",Manhattan,NY,United States,Not specified,,,,Core Space,2026-08-08,2026-08-08,https://wellfound.com/jobs/2282687-manager-business-development-north-america-full-time,linked_page,4,success_after_fallback
8dd685d54965,2026-08-08,ba37ca62f760,echo3D,https://www.echo3d.co/,https://wellfound.com/jobs/2282687-manager-business-development-north-america-full-time,Director of Sales $10k – $80k • 1.0% – 5.0%,https://wellfound.com/jobs/3372582-director-of-sales,"Manhattan, NY, United States",Manhattan,NY,United States,Not specified,,,,Core Space,2026-08-08,2026-08-08,https://wellfound.com/jobs/2282687-manager-business-development-north-america-full-time,linked_page,4,success_after_fallback
c0ecb5efb77d,2026-08-08,ba37ca62f760,echo3D,https://www.echo3d.co/,https://wellfound.com/jobs/2282687-manager-business-development-north-america-full-time,Internship Opportunity Community Marketing Ambassador Indian Diaspora Focus,https://wellfound.com/jobs/3517942-internship-opportunity-community-marketing-ambassador-indian-diaspora-focus,"Manhattan, NY, United States",Manhattan,NY,United States,Not specified,,,,Core Space,2026-08-08,2026-08-08,https://wellfound.com/jobs/2282687-manager-business-development-north-america-full-time,linked_page,4,success_after_fallback
aacf1395b742,2026-08-08,ba37ca62f760,echo3D,https://www.echo3d.co/,https://wellfound.com/jobs/2282687-manager-business-development-north-america-full-time,Sales Executive Closer Real Estate Technology Services,https://wellfound.com/jobs/3826499-sales-executive-closer-real-estate-technology-services,"Manhattan, NY, United States",Manhattan,NY,United States,Not specified,,,,Core Space,2026-08-08,2026-08-08,https://wellfound.com/jobs/2282687-manager-business-development-north-america-full-time,linked_page,4,success_after_fallback
315244a8dcbf,2026-08-08,ba37ca62f760,echo3D,https://www.echo3d.co/,https://wellfound.com/jobs/2282687-manager-business-development-north-america-full-time,IBM Sales Manager $60k – $120k,https://wellfound.com/jobs/3827078-ibm-sales-manager,"Manhattan, NY, United States",Manhattan,NY,United States,Not specified,,,,Core Space,2026-08-08,2026-08-08,https://wellfound.com/jobs/2282687-manager-business-development-north-america-full-time,linked_page,4,success_after_fallback
ccb859dc18ce,2026-08-08,ba37ca62f760,echo3D,https://www.echo3d.co/,https://wellfound.com/jobs/2282687-manager-business-development-north-america-full-time,Founding GTM Lead $100k – $175k • 0.2% – 1.0%,https://wellfound.com/jobs/3904359-founding-gtm-lead,"Manhattan, NY, United States",Manhattan,NY,United States,Not specified,,,,Core Space,2026-08-08,2026-08-08,https://wellfound.com/jobs/2282687-manager-business-development-north-america-full-time,linked_page,4,success_after_fallback
be4c83859252,2026-08-08,ba37ca62f760,echo3D,https://www.echo3d.co/,https://wellfound.com/jobs/2282687-manager-business-development-north-america-full-time,Corporate Partnerships Lead $190k – $250k,https://wellfound.com/jobs/4058532-corporate-partnerships-lead,"Manhattan, NY, United States",Manhattan,NY,United States,Not specified,,,,Core Space,2026-08-08,2026-08-08,https://wellfound.com/jobs/2282687-manager-business-development-north-america-full-time,linked_page,4,success_after_fallback
e4207f4bb4af,2026-08-08,ba37ca62f760,echo3D,https://www.echo3d.co/,https://wellfound.com/jobs/2543673-director-strategic-accounts,Director of Partnerships $175k – $225k • 0.25% – 0.5%,https://wellfound.com/jobs/3610216-director-of-partnerships,"Manhattan, NY, United States",Manhattan,NY,United States,Not specified,,,,Core Space,2026-08-08,2026-08-08,https://wellfound.com/jobs/2543673-director-strategic-accounts,linked_page,4,success_after_fallback
95ae39174258,2026-08-08,ba37ca62f760,echo3D,https://www.echo3d.co/,https://wellfound.com/jobs/2543673-director-strategic-accounts,Business Development Manager $175k – $200k,https://wellfound.com/jobs/3629368-2-business-development-manager,"Manhattan, NY, United States",Manhattan,NY,United States,Not specified,,,,Core Space,2026-08-08,2026-08-08,https://wellfound.com/jobs/2543673-director-strategic-accounts,linked_page,4,success_after_fallback
6ea1d0d1d2bd,2026-08-08,ba37ca62f760,echo3D,https://www.echo3d.co/,https://wellfound.com/jobs/2543673-director-strategic-accounts,Strategic Partner Manager $150k – $180k,https://wellfound.com/jobs/3738373-strategic-partner-manager,"Manhattan, NY, United States",Manhattan,NY,United States,Not specified,,,,Core Space,2026-08-08,2026-08-08,https://wellfound.com/jobs/2543673-director-strategic-accounts,linked_page,4,success_after_fallback
3e8a9d003581,2026-08-08,ba37ca62f760,echo3D,https://www.echo3d.co/,https://wellfound.com/jobs/2543673-director-strategic-accounts,Sales and Value Engineer $160k – $200k,https://wellfound.com/jobs/3839941-sales-and-value-engineer,"Manhattan, NY, United States",Manhattan,NY,United States,Not specified,,,,Core Space,2026-08-08,2026-08-08,https://wellfound.com/jobs/2543673-director-strategic-accounts,linked_page,4,success_after_fallback
a884bc9ccaf5,2026-08-08,ba37ca62f760,echo3D,https://www.echo3d.co/,https://wellfound.com/jobs/2543673-director-strategic-accounts,"Manager, Business Development $160k – $215k",https://wellfound.com/jobs/3904973-manager-business-development,"Manhattan, NY, United States",Manhattan,NY,United States,Not specified,,,,Core Space,2026-08-08,2026-08-08,https://wellfound.com/jobs/2543673-director-strategic-accounts,linked_page,4,success_after_fallback
715db2ec2764,2026-08-08,ba37ca62f760,echo3D,https://www.echo3d.co/,https://wellfound.com/jobs/2543673-director-strategic-accounts,Alternative Investments - Internal Associate $100k – $140k,https://wellfound.com/jobs/3990278-alternative-investments-internal-associate,"Manhattan, NY, United States",Manhattan,NY,United States,Not specified,,,,Core Space,2026-08-08,2026-08-08,https://wellfound.com/jobs/2543673-director-strategic-accounts,linked_page,4,success_after_fallback
4df306b877ee,2026-08-08,ba37ca62f760,echo3D,https://www.echo3d.co/,https://wellfound.com/jobs/2543673-director-strategic-accounts,Key Account Director $370k – $410k,https://wellfound.com/jobs/4014008-key-account-director,"Manhattan, NY, United States",Manhattan,NY,United States,Not specified,,,,Core Space,2026-08-08,2026-08-08,https://wellfound.com/jobs/2543673-director-strategic-accounts,linked_page,4,success_after_fallback
0cd6864ba884,2026-08-08,ba37ca62f760,echo3D,https://www.echo3d.co/,https://wellfound.com/jobs/2543673-director-strategic-accounts,"Strategic Partnerships Manager, Retail & Commerce $120k – $160k",https://wellfound.com/jobs/4109603-strategic-partnerships-manager-retail-commerce,"Manhattan, NY, United States",Manhattan,NY,United States,Not specified,,,,Core Space,2026-08-08,2026-08-08,https://wellfound.com/jobs/2543673-director-strategic-accounts,linked_page,4,success_after_fallback
594ee8ebb9f5,2026-08-08,ba37ca62f760,echo3D,https://www.echo3d.co/,https://wellfound.com/jobs/2742334-account-executive,Account Executive,https://wellfound.com/jobs/2742334-account-executive,"New York, New York, United States",New York,NY,United States,Not specified,140000,180000,"Enterprise Software, B2B, Software, Finance Technology, Wealth Management, and Fin Tech",Core Space,2026-08-08,2026-08-08,https://wellfound.com/jobs/2742334-account-executive,linked_page,3,success_after_fallback
30cd0322985c,2026-08-08,b0d788b8ea7e,ENSCO Avionics,https://www.ensco.com/aerospace/avionics-engineering-certification,https://job-boards.greenhouse.io/ensco,"Avionics Logistics Engineer II Endicott, New York, United States",https://job-boards.greenhouse.io/ensco/jobs/5214130008,"Endicott, New York, United States",Endicott,NY,United States,Not specified,,,,Aerospace,2026-08-08,2026-08-08,https://job-boards.greenhouse.io/ensco,known_careers_url,5,success
18bbfc625340,2026-08-08,b0d788b8ea7e,ENSCO Avionics,https://www.ensco.com/aerospace/avionics-engineering-certification,https://job-boards.greenhouse.io/ensco,"Avionics Software Engineer III Endicott, New York, United States",https://job-boards.greenhouse.io/ensco/jobs/5160122008,"Endicott, New York, United States",Endicott,NY,United States,Not specified,,,,Aerospace,2026-08-08,2026-08-08,https://job-boards.greenhouse.io/ensco,known_careers_url,5,success
85bbff793bfc,2026-08-08,b0d788b8ea7e,ENSCO Avionics,https://www.ensco.com/aerospace/avionics-engineering-certification,https://job-boards.greenhouse.io/ensco,"Configuration Management Specialist El Segundo, California, United States",https://job-boards.greenhouse.io/ensco/jobs/5361928008,"El Segundo, California, United States",El Segundo,CA,United States,Not specified,,,,Aerospace,2026-08-08,2026-08-08,https://job-boards.greenhouse.io/ensco,known_careers_url,5,success
78d0b807ba6a,2026-08-08,b0d788b8ea7e,ENSCO Avionics,https://www.ensco.com/aerospace/avionics-engineering-certification,https://job-boards.greenhouse.io/ensco,"Electrical Engineer / Board Designer Endicott, New York, United States",https://job-boards.greenhouse.io/ensco/jobs/5349135008,"Endicott, New York, United States",Endicott,NY,United States,Not specified,,,,Aerospace,2026-08-08,2026-08-08,https://job-boards.greenhouse.io/ensco,known_careers_url,5,success
08b2d8483858,2026-08-08,b0d788b8ea7e,ENSCO Avionics,https://www.ensco.com/aerospace/avionics-engineering-certification,https://job-boards.greenhouse.io/ensco,"Embedded Software Engineer Endicott, New York, United States",https://job-boards.greenhouse.io/ensco/jobs/5349198008,"Endicott, New York, United States",Endicott,NY,United States,Not specified,,,,Aerospace,2026-08-08,2026-08-08,https://job-boards.greenhouse.io/ensco,known_careers_url,5,success
d89dd55f29eb,2026-08-08,b0d788b8ea7e,ENSCO Avionics,https://www.ensco.com/aerospace/avionics-engineering-certification,https://job-boards.greenhouse.io/ensco,"Enterprise Architect Warrenton, Virginia, United States",https://job-boards.greenhouse.io/ensco/jobs/5286837008,"Warrenton, Virginia, United States",Warrenton,VA,United States,Not specified,,,,Aerospace,2026-08-08,2026-08-08,https://job-boards.greenhouse.io/ensco,known_careers_url,5,success
95b0a7e5e397,2026-08-08,b0d788b8ea7e,ENSCO Avionics,https://www.ensco.com/aerospace/avionics-engineering-certification,https://job-boards.greenhouse.io/ensco,"Enterprise Requirements and Integration Engineer Colorado Springs, Colorado, United States",https://job-boards.greenhouse.io/ensco/jobs/5361962008,"Colorado Springs, Colorado, United States",Colorado Springs,CO,United States,Not specified,,,,Aerospace,2026-08-08,2026-08-08,https://job-boards.greenhouse.io/ensco,known_careers_url,5,success
44cec47aec75,2026-08-08,b0d788b8ea7e,ENSCO Avionics,https://www.ensco.com/aerospace/avionics-engineering-certification,https://job-boards.greenhouse.io/ensco,"Field Service Engineer Chambersburg, Pennsylvania, United States",https://job-boards.greenhouse.io/ensco/jobs/5268029008,"Chambersburg, Pennsylvania, United States",Chambersburg,PA,United States,Not specified,,,,Aerospace,2026-08-08,2026-08-08,https://job-boards.greenhouse.io/ensco,known_careers_url,5,success
0a8d11a57921,2026-08-08,b0d788b8ea7e,ENSCO Avionics,https://www.ensco.com/aerospace/avionics-engineering-certification,https://job-boards.greenhouse.io/ensco,"FPGA Designer Endicott, New York, United States",https://job-boards.greenhouse.io/ensco/jobs/5349060008,"Endicott, New York, United States",Endicott,NY,United States,Not specified,,,,Aerospace,2026-08-08,2026-08-08,https://job-boards.greenhouse.io/ensco,known_careers_url,5,success
dafc47784c65,2026-08-08,b0d788b8ea7e,ENSCO Avionics,https://www.ensco.com/aerospace/avionics-engineering-certification,https://job-boards.greenhouse.io/ensco,"Junior Enterprise Architect Warrenton, Virginia, United States",https://job-boards.greenhouse.io/ensco/jobs/5286847008,"Warrenton, Virginia, United States",Warrenton,VA,United States,Not specified,,,,Aerospace,2026-08-08,2026-08-08,https://job-boards.greenhouse.io/ensco,known_careers_url,5,success
c0b48621c24a,2026-08-08,b0d788b8ea7e,ENSCO Avionics,https://www.ensco.com/aerospace/avionics-engineering-certification,https://job-boards.greenhouse.io/ensco,"Junior Scientific Data Analyst Melbourne, Florida, United States",https://job-boards.greenhouse.io/ensco/jobs/5354767008,"Melbourne, Florida, United States",Melbourne,FL,United States,Not specified,,,,Aerospace,2026-08-08,2026-08-08,https://job-boards.greenhouse.io/ensco,known_careers_url,5,success
9efbb6b72098,2026-08-08,b0d788b8ea7e,ENSCO Avionics,https://www.ensco.com/aerospace/avionics-engineering-certification,https://job-boards.greenhouse.io/ensco,"Junior Technician Chambersburg, Pennsylvania, United States",https://job-boards.greenhouse.io/ensco/jobs/5238947008,"Chambersburg, Pennsylvania, United States",Chambersburg,PA,United States,Not specified,,,,Aerospace,2026-08-08,2026-08-08,https://job-boards.greenhouse.io/ensco,known_careers_url,5,success
6bc9d293d27b,2026-08-08,b0d788b8ea7e,ENSCO Avionics,https://www.ensco.com/aerospace/avionics-engineering-certification,https://job-boards.greenhouse.io/ensco,"Machine Learning Engineer Melbourne, Florida, United States",https://job-boards.greenhouse.io/ensco/jobs/5228026008,"Melbourne, Florida, United States",Melbourne,FL,United States,Not specified,,,,Aerospace,2026-08-08,2026-08-08,https://job-boards.greenhouse.io/ensco,known_careers_url,5,success
58f245b6716a,2026-08-08,b0d788b8ea7e,ENSCO Avionics,https://www.ensco.com/aerospace/avionics-engineering-certification,https://job-boards.greenhouse.io/ensco,"Mechanical Engineer Endicott, New York, United States",https://job-boards.greenhouse.io/ensco/jobs/5350248008,"Endicott, New York, United States",Endicott,NY,United States,Not specified,,,,Aerospace,2026-08-08,2026-08-08,https://job-boards.greenhouse.io/ensco,known_careers_url,5,success
c96dea8c5fd0,2026-08-08,b0d788b8ea7e,ENSCO Avionics,https://www.ensco.com/aerospace/avionics-engineering-certification,https://job-boards.greenhouse.io/ensco,"RHEL Systems Administrator (Cameo Administrator) Warrenton, Virginia, United States",https://job-boards.greenhouse.io/ensco/jobs/5375450008,"Warrenton, Virginia, United States",Warrenton,VA,United States,Not specified,,,,Aerospace,2026-08-08,2026-08-08,https://job-boards.greenhouse.io/ensco,known_careers_url,5,success
52daf6e5ef5b,2026-08-08,b0d788b8ea7e,ENSCO Avionics,https://www.ensco.com/aerospace/avionics-engineering-certification,https://job-boards.greenhouse.io/ensco,"Scientific Data Analyst Melbourne, Florida, United States",https://job-boards.greenhouse.io/ensco/jobs/5161770008,"Melbourne, Florida, United States",Melbourne,FL,United States,Not specified,,,,Aerospace,2026-08-08,2026-08-08,https://job-boards.greenhouse.io/ensco,known_careers_url,5,success
3656344df8eb,2026-08-08,b0d788b8ea7e,ENSCO Avionics,https://www.ensco.com/aerospace/avionics-engineering-certification,https://job-boards.greenhouse.io/ensco,"Scientific Data Analyst Melbourne, Florida, United States",https://job-boards.greenhouse.io/ensco/jobs/5279479008,"Melbourne, Florida, United States",Melbourne,FL,United States,Not specified,,,,Aerospace,2026-08-08,2026-08-08,https://job-boards.greenhouse.io/ensco,known_careers_url,5,success
39e9629c0d58,2026-08-08,b0d788b8ea7e,ENSCO Avionics,https://www.ensco.com/aerospace/avionics-engineering-certification,https://job-boards.greenhouse.io/ensco,"Senior DevSecOps Cybersecurity Engineer New El Segundo, California, United States",https://job-boards.greenhouse.io/ensco/jobs/5376278008,"El Segundo, California, United States",El Segundo,CA,United States,Not specified,,,,Aerospace,2026-08-08,2026-08-08,https://job-boards.greenhouse.io/ensco,known_careers_url,5,success
418b3c27cbfa,2026-08-08,b0d788b8ea7e,ENSCO Avionics,https://www.ensco.com/aerospace/avionics-engineering-certification,https://job-boards.greenhouse.io/ensco,"Senior Evolved Strategic Systems (ESS) Program, Systems Integration Engineer El Segundo, California, United States",https://job-boards.greenhouse.io/ensco/jobs/5170434008,"El Segundo, California, United States",El Segundo,CA,United States,Not specified,,,,Aerospace,2026-08-08,2026-08-08,https://job-boards.greenhouse.io/ensco,known_careers_url,5,success
3b2ad96ac381,2026-08-08,b0d788b8ea7e,ENSCO Avionics,https://www.ensco.com/aerospace/avionics-engineering-certification,https://job-boards.greenhouse.io/ensco,"Senior Program Systems Integration Engineer El Segundo, California, United States",https://job-boards.greenhouse.io/ensco/jobs/5361966008,"El Segundo, California, United States",El Segundo,CA,United States,Not specified,,,,Aerospace,2026-08-08,2026-08-08,https://job-boards.greenhouse.io/ensco,known_careers_url,5,success
6c3b99377673,2026-08-08,b0d788b8ea7e,ENSCO Avionics,https://www.ensco.com/aerospace/avionics-engineering-certification,https://job-boards.greenhouse.io/ensco,"Senior Project Manager Pueblo, Colorado, United States",https://job-boards.greenhouse.io/ensco/jobs/5165967008,"Pueblo, Colorado, United States",Pueblo,CO,United States,Not specified,,,,Aerospace,2026-08-08,2026-08-08,https://job-boards.greenhouse.io/ensco,known_careers_url,5,success
4e41a2ff7770,2026-08-08,b0d788b8ea7e,ENSCO Avionics,https://www.ensco.com/aerospace/avionics-engineering-certification,https://job-boards.greenhouse.io/ensco,"Senior Software Systems Engineer Endicott, New York, United States",https://job-boards.greenhouse.io/ensco/jobs/5219423008,"Endicott, New York, United States",Endicott,NY,United States,Not specified,,,,Aerospace,2026-08-08,2026-08-08,https://job-boards.greenhouse.io/ensco,known_careers_url,5,success
59c84a5b209a,2026-08-08,b0d788b8ea7e,ENSCO Avionics,https://www.ensco.com/aerospace/avionics-engineering-certification,https://job-boards.greenhouse.io/ensco,"Senior Sustainment Systems Engineer Colorado Springs, Colorado, United States",https://job-boards.greenhouse.io/ensco/jobs/5231434008,"Colorado Springs, Colorado, United States",Colorado Springs,CO,United States,Not specified,,,,Aerospace,2026-08-08,2026-08-08,https://job-boards.greenhouse.io/ensco,known_careers_url,5,success
722e6ef316e1,2026-08-08,b0d788b8ea7e,ENSCO Avionics,https://www.ensco.com/aerospace/avionics-engineering-certification,https://job-boards.greenhouse.io/ensco,"Senior Target Digital Network Analyst Colorado Springs, Colorado, United States",https://job-boards.greenhouse.io/ensco/jobs/5308852008,"Colorado Springs, Colorado, United States",Colorado Springs,CO,United States,Not specified,,,,Aerospace,2026-08-08,2026-08-08,https://job-boards.greenhouse.io/ensco,known_careers_url,5,success
5e21881dd2f0,2026-08-08,b0d788b8ea7e,ENSCO Avionics,https://www.ensco.com/aerospace/avionics-engineering-certification,https://job-boards.greenhouse.io/ensco,"Software Delivery Lead Colorado Springs, Colorado, United States; El Segundo, California, United States",https://job-boards.greenhouse.io/ensco/jobs/5361886008,"Colorado Springs, Colorado, United States; El Segundo, California, United States",Colorado Springs,CO,United States,Not specified,,,,Aerospace,2026-08-08,2026-08-08,https://job-boards.greenhouse.io/ensco,known_careers_url,5,success
4240676814b9,2026-08-08,b0d788b8ea7e,ENSCO Avionics,https://www.ensco.com/aerospace/avionics-engineering-certification,https://job-boards.greenhouse.io/ensco,"Software Developer Colorado Springs, Colorado, United States",https://job-boards.greenhouse.io/ensco/jobs/5287243008,"Colorado Springs, Colorado, United States",Colorado Springs,CO,United States,Not specified,,,,Aerospace,2026-08-08,2026-08-08,https://job-boards.greenhouse.io/ensco,known_careers_url,5,success
49d8eb860e09,2026-08-08,b0d788b8ea7e,ENSCO Avionics,https://www.ensco.com/aerospace/avionics-engineering-certification,https://job-boards.greenhouse.io/ensco,"Software Verification Engineer Endicott, New York, United States",https://job-boards.greenhouse.io/ensco/jobs/5078558008,"Endicott, New York, United States",Endicott,NY,United States,Not specified,,,,Aerospace,2026-08-08,2026-08-08,https://job-boards.greenhouse.io/ensco,known_careers_url,5,success
f89b9f45bf4c,2026-08-08,b0d788b8ea7e,ENSCO Avionics,https://www.ensco.com/aerospace/avionics-engineering-certification,https://job-boards.greenhouse.io/ensco,"Strategic Ground Systems Integration Lead El Segundo, California, United States",https://job-boards.greenhouse.io/ensco/jobs/5375727008,"El Segundo, California, United States",El Segundo,CA,United States,Not specified,,,,Aerospace,2026-08-08,2026-08-08,https://job-boards.greenhouse.io/ensco,known_careers_url,5,success
093154c2f256,2026-08-08,b0d788b8ea7e,ENSCO Avionics,https://www.ensco.com/aerospace/avionics-engineering-certification,https://job-boards.greenhouse.io/ensco,"Strategic MBSE Requirements & ICD Lead El Segundo, California, United States",https://job-boards.greenhouse.io/ensco/jobs/5362002008,"El Segundo, California, United States",El Segundo,CA,United States,Not specified,,,,Aerospace,2026-08-08,2026-08-08,https://job-boards.greenhouse.io/ensco,known_careers_url,5,success
3226c8c5d001,2026-08-08,b0d788b8ea7e,ENSCO Avionics,https://www.ensco.com/aerospace/avionics-engineering-certification,https://job-boards.greenhouse.io/ensco,"Strategic Requirements Systems Engineer El Segundo, California, United States",https://job-boards.greenhouse.io/ensco/jobs/5361950008,"El Segundo, California, United States",El Segundo,CA,United States,Not specified,,,,Aerospace,2026-08-08,2026-08-08,https://job-boards.greenhouse.io/ensco,known_careers_url,5,success
c1a771caa3fe,2026-08-08,b0d788b8ea7e,ENSCO Avionics,https://www.ensco.com/aerospace/avionics-engineering-certification,https://job-boards.greenhouse.io/ensco,"Strategic Senior Acquisition Support Specialist El Segundo, California, United States",https://job-boards.greenhouse.io/ensco/jobs/5226392008,"El Segundo, California, United States",El Segundo,CA,United States,Not specified,,,,Aerospace,2026-08-08,2026-08-08,https://job-boards.greenhouse.io/ensco,known_careers_url,5,success
9fb03e5525ff,2026-08-08,b0d788b8ea7e,ENSCO Avionics,https://www.ensco.com/aerospace/avionics-engineering-certification,https://job-boards.greenhouse.io/ensco,"Sustainment Test & Evaluation Engineer Colorado Springs, Colorado, United States",https://job-boards.greenhouse.io/ensco/jobs/5264672008,"Colorado Springs, Colorado, United States",Colorado Springs,CO,United States,Not specified,,,,Aerospace,2026-08-08,2026-08-08,https://job-boards.greenhouse.io/ensco,known_careers_url,5,success
10176d1dcf90,2026-08-08,b0d788b8ea7e,ENSCO Avionics,https://www.ensco.com/aerospace/avionics-engineering-certification,https://job-boards.greenhouse.io/ensco,"Test Equipment Engineer Endicott, New York, United States",https://job-boards.greenhouse.io/ensco/jobs/5285597008,"Endicott, New York, United States",Endicott,NY,United States,Not specified,,,,Aerospace,2026-08-08,2026-08-08,https://job-boards.greenhouse.io/ensco,known_careers_url,5,success
460b1e67f595,2026-08-08,b0d788b8ea7e,ENSCO Avionics,https://www.ensco.com/aerospace/avionics-engineering-certification,https://job-boards.greenhouse.io/enscohotjobs,"Scientific Data Analyst Melbourne, Florida, United States",https://job-boards.greenhouse.io/enscohotjobs/jobs/5217348008,"Melbourne, Florida, United States",Melbourne,FL,United States,Not specified,,,,Aerospace,2026-08-08,2026-08-08,https://job-boards.greenhouse.io/enscohotjobs,ats_detected,5,success_after_fallback
22f87ce948f3,2026-08-08,5e6b2d8a10cd,Flexim Americas,https://www.flexim.com/us,https://joinhandshake.com/early-talent-awards/2026/emerson,Associate Technical Training Instructor,https://app.joinhandshake.com/public/jobs/11098979,"Pittsburgh, Pennsylvania, US; Pittsburgh, Pennsylvania, US",Pittsburgh,PA,United States,Not specified,70000,80000,,Aerospace,2026-08-08,2026-08-08,https://joinhandshake.com/early-talent-awards/2026/emerson,linked_page,4,success_after_fallback
5f5615ac29d2,2026-08-08,5e6b2d8a10cd,Flexim Americas,https://www.flexim.com/us,https://joinhandshake.com/early-talent-awards/2026/emerson,Mechanical Engineer,https://app.joinhandshake.com/public/jobs/11239761,"Naperville, Illinois, US",Naperville,IL,United States,Not specified,75000,90000,,Aerospace,2026-08-08,2026-08-08,https://joinhandshake.com/early-talent-awards/2026/emerson,linked_page,4,success_after_fallback
97706cc9a709,2026-08-08,5e6b2d8a10cd,Flexim Americas,https://www.flexim.com/us,https://joinhandshake.com/early-talent-awards/2026/emerson,Quality Engineer,https://app.joinhandshake.com/public/jobs/11235277,"Ash Flat, Arkansas, US",Ash Flat,AR,United States,Not specified,,,,Aerospace,2026-08-08,2026-08-08,https://joinhandshake.com/early-talent-awards/2026/emerson,linked_page,4,success_after_fallback
328a99811208,2026-08-08,5e6b2d8a10cd,Flexim Americas,https://www.flexim.com/us,https://joinhandshake.com/early-talent-awards/2026/emerson,Sales and Applications Engineer,https://app.joinhandshake.com/public/jobs/11235358,"Marshalltown, Iowa, US",Marshalltown,IA,United States,Not specified,,,,Aerospace,2026-08-08,2026-08-08,https://joinhandshake.com/early-talent-awards/2026/emerson,linked_page,4,success_after_fallback
eecc50a3970f,2026-08-08,5e6b2d8a10cd,Flexim Americas,https://www.flexim.com/us,https://joinhandshake.com/students/whos-hiring,Website Design Intern at Websites That Elevate,https://app.joinhandshake.com/public/jobs/11283386,Remote,,,,Remote,,,,Aerospace,2026-08-08,2026-08-08,https://joinhandshake.com/students/whos-hiring,linked_page,4,success_after_fallback
e39ef15dcc74,2026-08-08,5e6b2d8a10cd,Flexim Americas,https://www.flexim.com/us,https://joinhandshake.com/students/whos-hiring,Assistant Commercial at Arnaud Franel éditions,https://app.joinhandshake.com/public/jobs/11283356,"Brentwood, NY, United States",Brentwood,NY,United States,Not specified,,,,Aerospace,2026-08-08,2026-08-08,https://joinhandshake.com/students/whos-hiring,linked_page,4,success_after_fallback
5341325dfac5,2026-08-08,5e6b2d8a10cd,Flexim Americas,https://www.flexim.com/us,https://joinhandshake.com/students/whos-hiring,Nurse Extern I - Nursing Internship at CHRISTUS Health,https://app.joinhandshake.com/public/jobs/11283035,"Shreveport, LA",Shreveport,LA,United States,Not specified,,,,Aerospace,2026-08-08,2026-08-08,https://joinhandshake.com/students/whos-hiring,linked_page,4,success_after_fallback
4100a61642a9,2026-08-08,5e6b2d8a10cd,Flexim Americas,https://www.flexim.com/us,https://joinhandshake.com/students/whos-hiring,Undergraduate Technical Intern – MONet at Pacific Northwest National Laboratory,https://app.joinhandshake.com/public/jobs/11283014,"Kennewick, WA",Kennewick,WA,United States,Not specified,,,,Aerospace,2026-08-08,2026-08-08,https://joinhandshake.com/students/whos-hiring,linked_page,4,success_after_fallback
fa7b88269534,2026-08-08,5e6b2d8a10cd,Flexim Americas,https://www.flexim.com/us,https://joinhandshake.com/students/whos-hiring,Encore Program Internship-Legal Counsel for Commercial Engagements at Texas Instruments Inc.,https://app.joinhandshake.com/public/jobs/11282889,"Dallas, TX",Dallas,TX,United States,Not specified,,,,Aerospace,2026-08-08,2026-08-08,https://joinhandshake.com/students/whos-hiring,linked_page,4,success_after_fallback
c64de7845c18,2026-08-08,5e6b2d8a10cd,Flexim Americas,https://www.flexim.com/us,https://joinhandshake.com/students/whos-hiring,Marine Conservation Internship at New Heaven Reef Conservation Program,https://app.joinhandshake.com/public/jobs/11282829,"Brentwood, NY, United States",Brentwood,NY,United States,Not specified,,,,Aerospace,2026-08-08,2026-08-08,https://joinhandshake.com/students/whos-hiring,linked_page,4,success_after_fallback
f0f993cf4eaf,2026-08-08,5e6b2d8a10cd,Flexim Americas,https://www.flexim.com/us,https://joinhandshake.com/students/whos-hiring,Outbound Warehouse Lead at JFS Fulfillments Inc.,https://app.joinhandshake.com/public/jobs/11283372,"Brentwood, NY, United States",Brentwood,NY,United States,Not specified,,,,Aerospace,2026-08-08,2026-08-08,https://joinhandshake.com/students/whos-hiring,linked_page,4,success_after_fallback
204747e35fe9,2026-08-08,5e6b2d8a10cd,Flexim Americas,https://www.flexim.com/us,https://joinhandshake.com/students/whos-hiring,UI/UX Designer at Mimetic,https://app.joinhandshake.com/public/jobs/11283357,"Brentwood, NY, United States",Brentwood,NY,United States,Remote,,,,Aerospace,2026-08-08,2026-08-08,https://joinhandshake.com/students/whos-hiring,linked_page,4,success_after_fallback
bd48fc543a63,2026-08-08,9c006685bfd8,General Dynamics,https://www.gdit.com/,https://www.gdit.com/careers/areas-of-expertise,Corporate Operations,https://www.gdit.com/careers/featured-career-paths/corporate-operations,"Rensselaer, NY, United States",Rensselaer,NY,United States,Not specified,,,,Core Space,2026-08-08,2026-08-08,https://www.gdit.com/careers/areas-of-expertise,linked_page,3,success_after_fallback
73d48c20870d,2026-08-08,22f272cffdda,GI Aerospace,https://www.giaerospace.com/,https://www.gicorp.com/careers/opportunities,Procurement and Sales Coordinator,https://www.gicorp.com/careers/engineering/312-procurement-sales-coordinator,"Dubai, United Arab Emirates",Dubai,,United Arab Emirates,Not specified,,,,Aerospace,2026-08-08,2026-08-08,https://www.gicorp.com/careers/opportunities,known_careers_url,4,success
8cc96cd7ca2c,2026-08-08,22f272cffdda,GI Aerospace,https://www.giaerospace.com/,https://www.gicorp.com/careers/opportunities,Procurement and Sales Coordinator,https://www.gicorp.com/careers/engineering/311-procurement-sales-coordinator,"Kochi, Kerala, India",Kochi,Kerala,India,Not specified,,,,Aerospace,2026-08-08,2026-08-08,https://www.gicorp.com/careers/opportunities,known_careers_url,4,success
6980f4a1dae3,2026-08-08,22f272cffdda,GI Aerospace,https://www.giaerospace.com/,https://www.gicorp.com/careers/opportunities,CNC Swiss Lathe Operator - Air Conditioned Facility,https://www.gicorp.com/careers/corp/740-cnc-lathe-machinist,"Houston, TX, United States",Houston,TX,United States,Not specified,,,,Aerospace,2026-08-08,2026-08-08,https://www.gicorp.com/careers/opportunities,known_careers_url,4,success
16834486b237,2026-08-08,22f272cffdda,GI Aerospace,https://www.giaerospace.com/,https://www.gicorp.com/careers/opportunities,Warehouse Associate / Packer,https://www.gicorp.com/careers/pacificsystems/902-warehouse-associate,"Houston, TX, United States",Houston,TX,United States,Not specified,,,,Aerospace,2026-08-08,2026-08-08,https://www.gicorp.com/careers/opportunities,known_careers_url,4,success
e1334ec3197a,2026-08-08,22f272cffdda,GI Aerospace,https://www.giaerospace.com/,https://www.gicorp.com/careers/opportunities,DoD Contractor - Military Packaging Associate,https://www.gicorp.com/careers/pacificsystems/901-packaging-administrator,"Houston, TX, United States",Houston,TX,United States,Not specified,,,,Aerospace,2026-08-08,2026-08-08,https://www.gicorp.com/careers/opportunities,known_careers_url,4,success
1e0fd893ba57,2026-08-08,22f272cffdda,GI Aerospace,https://www.giaerospace.com/,https://www.gicorp.com/careers/opportunities,UI / UX Designer,https://www.gicorp.com/careers/consulting/706-ui-ux-designer,"Kochi, Kerala, India",Kochi,Kerala,India,Not specified,,,,Aerospace,2026-08-08,2026-08-08,https://www.gicorp.com/careers/opportunities,known_careers_url,4,success
6c8504dad2fd,2026-08-08,22f272cffdda,GI Aerospace,https://www.giaerospace.com/,https://www.gicorp.com/careers/opportunities,Python Developer - Django,https://www.gicorp.com/careers/corp/732-python-developer-django,"Kochi, Kerala, India",Kochi,Kerala,India,Not specified,,,,Aerospace,2026-08-08,2026-08-08,https://www.gicorp.com/careers/opportunities,known_careers_url,4,success
cf76937925a1,2026-08-08,22f272cffdda,GI Aerospace,https://www.giaerospace.com/,https://www.gicorp.com/careers/opportunities,Full-Stack Developer - Python & Javascript,https://www.gicorp.com/careers/corp/731-full-stack-developer,"Kochi, Kerala, India",Kochi,Kerala,India,Not specified,,,,Aerospace,2026-08-08,2026-08-08,https://www.gicorp.com/careers/opportunities,known_careers_url,4,success
40ffeb81575d,2026-08-08,22f272cffdda,GI Aerospace,https://www.giaerospace.com/,https://www.gicorp.com/careers/opportunities,Creative Designer - Web and Print,https://www.gicorp.com/careers/corp/734-creative-designer,"Kochi, Kerala, India",Kochi,Kerala,India,Not specified,,,,Aerospace,2026-08-08,2026-08-08,https://www.gicorp.com/careers/opportunities,known_careers_url,4,success
1255dd6cfdd8,2026-08-08,22f272cffdda,GI Aerospace,https://www.giaerospace.com/,https://www.gicorp.com/careers/opportunities,Windows System Administrator,https://www.gicorp.com/careers/corp/738-windows-system-administrator,"Kochi, Kerala, India",Kochi,Kerala,India,Not specified,,,,Aerospace,2026-08-08,2026-08-08,https://www.gicorp.com/careers/opportunities,known_careers_url,4,success
fff41ec9a9cb,2026-08-08,22f272cffdda,GI Aerospace,https://www.giaerospace.com/,https://www.gicorp.com/careers/opportunities,EU Operations & Sales Manager,https://www.gicorp.com/careers/europe/501-eu-operations-sales-manager,"Rotterdam, Netherlands",Rotterdam,,Netherlands,Not specified,,,,Aerospace,2026-08-08,2026-08-08,https://www.gicorp.com/careers/opportunities,known_careers_url,4,success
0c572d500ee6,2026-08-08,22f272cffdda,GI Aerospace,https://www.giaerospace.com/,https://www.gicorp.com/careers/opportunities,Aircraft Assembly Tools - Sales,https://www.gicorp.com/careers/wescon/405-aircraft-assembly-tools-sales,"Houston, TX, United States",Houston,TX,United States,Not specified,,,,Aerospace,2026-08-08,2026-08-08,https://www.gicorp.com/careers/opportunities,known_careers_url,4,success
3f5004c79f36,2026-08-08,22f272cffdda,GI Aerospace,https://www.giaerospace.com/,https://www.gicorp.com/careers/opportunities,Sales Engineer - Electrical,https://www.gicorp.com/careers/engineering/315-sales-engineer-elecrical,"Kochi, Kerala, India",Kochi,Kerala,India,Not specified,,,,Aerospace,2026-08-08,2026-08-08,https://www.gicorp.com/careers/opportunities,known_careers_url,4,success
c9b04257d48a,2026-08-08,22f272cffdda,GI Aerospace,https://www.giaerospace.com/,https://www.gicorp.com/careers/opportunities,Power Transformers (132kV and above) Testing & Commissioning Engineer,https://www.gicorp.com/careers/engineering/307-Transformer-Testing-Commissioning-Engineer,"Dubai, United Arab Emirates",Dubai,,United Arab Emirates,Not specified,,,,Aerospace,2026-08-08,2026-08-08,https://www.gicorp.com/careers/opportunities,known_careers_url,4,success
9dd297bf7d6b,2026-08-08,22f272cffdda,GI Aerospace,https://www.giaerospace.com/,https://www.gicorp.com/careers/opportunities,Aviation Tools Sales Manager - Europe,https://www.gicorp.com/careers/wescon/403-aviation-tools-sales-manager-europe,"United Kingdom, European Union",,,United Kingdom,Not specified,,,,Aerospace,2026-08-08,2026-08-08,https://www.gicorp.com/careers/opportunities,known_careers_url,4,success
348a3cd2baa2,2026-08-08,22f272cffdda,GI Aerospace,https://www.giaerospace.com/,https://www.gicorp.com/careers/opportunities,Aviation Tools Sales Manager - United States,https://www.gicorp.com/careers/wescon/401-aviation-tools-sales-manager-united-states,"Houston, TX, United States",Houston,TX,United States,Not specified,,,,Aerospace,2026-08-08,2026-08-08,https://www.gicorp.com/careers/opportunities,known_careers_url,4,success
6c4c47e4078d,2026-08-08,22f272cffdda,GI Aerospace,https://www.giaerospace.com/,https://www.gicorp.com/careers/corp/740-cnc-lathe-machinist,CNC Swiss Lathe Operator - Air Conditioned Facility,https://www.gicorp.com/careers/corp/apply,"Queens, NY, United States",Queens,NY,United States,Not specified,,,,Aerospace,2026-08-08,2026-08-08,https://www.gicorp.com/careers/corp/740-cnc-lathe-machinist,linked_page,3,success_after_fallback
557fb95a533a,2026-08-08,22f272cffdda,GI Aerospace,https://www.giaerospace.com/,https://www.gicorp.com/careers/corp/743-cnc-mill-programmer,CNC Mill Programmer - Air Conditioned Facility,https://www.gicorp.com/careers/corp/743-cnc-mill-programmer,"Houston, TX, United States, Houston, TX, United States, US",Houston,TX,United States,Not specified,,,,Aerospace,2026-08-08,2026-08-08,https://www.gicorp.com/careers/corp/743-cnc-mill-programmer,linked_page,3,success_after_fallback
44617c16a82a,2026-08-08,22f272cffdda,GI Aerospace,https://www.giaerospace.com/,https://www.gicorp.com/careers/corp/742-cnc-swiss-lathe-programmer,CNC Swiss Lathe Programmer - Air Conditioned Facility,https://www.gicorp.com/careers/corp/742-cnc-swiss-lathe-programmer,"Austin, TX, United States, Austin, TX, United States, US",Austin,TX,United States,Not specified,,,,Aerospace,2026-08-08,2026-08-08,https://www.gicorp.com/careers/corp/742-cnc-swiss-lathe-programmer,linked_page,3,success_after_fallback
35021aeedbd6,2026-08-08,22f272cffdda,GI Aerospace,https://www.giaerospace.com/,https://www.gicorp.com/careers/pacificsystems/902-warehouse-associate,Warehouse Associate / Packer,https://www.gicorp.com/careers/pacificsystems/apply,"Queens, NY, United States",Queens,NY,United States,Not specified,,,,Aerospace,2026-08-08,2026-08-08,https://www.gicorp.com/careers/pacificsystems/902-warehouse-associate,linked_page,3,success_after_fallback
a8b8c0227ce9,2026-08-08,22f272cffdda,GI Aerospace,https://www.giaerospace.com/,https://www.gicorp.com/careers/consulting/706-ui-ux-designer,UI / UX Designer,https://www.gicorp.com/careers/consulting/apply,"Queens, NY, United States",Queens,NY,United States,Not specified,,,,Aerospace,2026-08-08,2026-08-08,https://www.gicorp.com/careers/consulting/706-ui-ux-designer,linked_page,3,success_after_fallback
6a029f6044e2,2026-08-08,9aece7086b18,Huntington Ingalls Industries,https://hii.com/,https://careers.huntingtoningalls.com/search?q=&locationsearch=Pascagoula%2C+MS&sortColumn=referencedate&sortDirection=desc&searchby=location&d=10,BUDGET ANALYST 2,https://careers.huntingtoningalls.com/job/Pascagoula-BUDGET-ANALYST-2-Miss/1404787200,"Syracuse, NY, United States",Syracuse,NY,United States,Not specified,,,,Space & Defense,2026-08-08,2026-08-08,https://careers.huntingtoningalls.com/search?q=&locationsearch=Pascagoula%2C+MS&sortColumn=referencedate&sortDirection=desc&searchby=location&d=10,known_careers_url,4,success
705602a73055,2026-08-08,9aece7086b18,Huntington Ingalls Industries,https://hii.com/,https://careers.huntingtoningalls.com/search?q=&locationsearch=Pascagoula%2C+MS&sortColumn=referencedate&sortDirection=desc&searchby=location&d=10,INDUSTRIAL SECURITY ANALYST 2,https://careers.huntingtoningalls.com/job/Pascagoula-INDUSTRIAL-SECURITY-ANALYST-2-Miss/1416973200,"Syracuse, NY, United States",Syracuse,NY,United States,Not specified,,,,Space & Defense,2026-08-08,2026-08-08,https://careers.huntingtoningalls.com/search?q=&locationsearch=Pascagoula%2C+MS&sortColumn=referencedate&sortDirection=desc&searchby=location&d=10,known_careers_url,4,success
ac211495fa5a,2026-08-08,9aece7086b18,Huntington Ingalls Industries,https://hii.com/,https://careers.huntingtoningalls.com/search?q=&locationsearch=Pascagoula%2C+MS&sortColumn=referencedate&sortDirection=desc&searchby=location&d=10,ENGINEER STRUCTURAL 1,https://careers.huntingtoningalls.com/job/Pascagoula-ENGINEER-STRUCTURAL-1-Miss/1416525400,"Syracuse, NY, United States",Syracuse,NY,United States,Not specified,,,,Space & Defense,2026-08-08,2026-08-08,https://careers.huntingtoningalls.com/search?q=&locationsearch=Pascagoula%2C+MS&sortColumn=referencedate&sortDirection=desc&searchby=location&d=10,known_careers_url,4,success
a2ef73a2b038,2026-08-08,9aece7086b18,Huntington Ingalls Industries,https://hii.com/,https://careers.huntingtoningalls.com/search?q=&locationsearch=Pascagoula%2C+MS&sortColumn=referencedate&sortDirection=desc&searchby=location&d=10,QUALITY ELECTRICAL INSPECTOR 2,https://careers.huntingtoningalls.com/job/Pascagoula-QUALITY-ELECTRICAL-INSPECTOR-2-Miss/1416197500,"Syracuse, NY, United States",Syracuse,NY,United States,Not specified,,,,Space & Defense,2026-08-08,2026-08-08,https://careers.huntingtoningalls.com/search?q=&locationsearch=Pascagoula%2C+MS&sortColumn=referencedate&sortDirection=desc&searchby=location&d=10,known_careers_url,4,success
820079844a40,2026-08-08,9aece7086b18,Huntington Ingalls Industries,https://hii.com/,https://careers.huntingtoningalls.com/search?q=&locationsearch=Pascagoula%2C+MS&sortColumn=referencedate&sortDirection=desc&searchby=location&d=10,ENGINEER ELECTRICAL 4,https://careers.huntingtoningalls.com/job/Pascagoula-ENGINEER-ELECTRICAL-4-Miss/1401908600,"Syracuse, NY, United States",Syracuse,NY,United States,Not specified,,,,Space & Defense,2026-08-08,2026-08-08,https://careers.huntingtoningalls.com/search?q=&locationsearch=Pascagoula%2C+MS&sortColumn=referencedate&sortDirection=desc&searchby=location&d=10,known_careers_url,4,success
29b0acbb4130,2026-08-08,9aece7086b18,Huntington Ingalls Industries,https://hii.com/,https://careers.huntingtoningalls.com/search?q=&locationsearch=Pascagoula%2C+MS&sortColumn=referencedate&sortDirection=desc&searchby=location&d=10,BUSINESS PROCESS ANALYST 2,https://careers.huntingtoningalls.com/job/Pascagoula-BUSINESS-PROCESS-ANALYST-2-Miss/1415840800,"Syracuse, NY, United States",Syracuse,NY,United States,Not specified,,,,Space & Defense,2026-08-08,2026-08-08,https://careers.huntingtoningalls.com/search?q=&locationsearch=Pascagoula%2C+MS&sortColumn=referencedate&sortDirection=desc&searchby=location&d=10,known_careers_url,4,success
ac236021628f,2026-08-08,9aece7086b18,Huntington Ingalls Industries,https://hii.com/,https://careers.huntingtoningalls.com/search?q=&locationsearch=Pascagoula%2C+MS&sortColumn=referencedate&sortDirection=desc&searchby=location&d=10,ENGINEERING DESIGN 4,https://careers.huntingtoningalls.com/job/Pascagoula-ENGINEERING-DESIGN-4-Miss/1415842900,"Syracuse, NY, United States",Syracuse,NY,United States,Not specified,,,,Space & Defense,2026-08-08,2026-08-08,https://careers.huntingtoningalls.com/search?q=&locationsearch=Pascagoula%2C+MS&sortColumn=referencedate&sortDirection=desc&searchby=location&d=10,known_careers_url,4,success
a27d9394758e,2026-08-08,9aece7086b18,Huntington Ingalls Industries,https://hii.com/,https://careers.huntingtoningalls.com/search?q=&locationsearch=Pascagoula%2C+MS&sortColumn=referencedate&sortDirection=desc&searchby=location&d=10,MANAGER 2 - WELDING SCHOOL,https://careers.huntingtoningalls.com/job/Pascagoula-MANAGER-2-WELDING-SCHOOL-Miss/1415723600,"Syracuse, NY, United States",Syracuse,NY,United States,Not specified,,,,Space & Defense,2026-08-08,2026-08-08,https://careers.huntingtoningalls.com/search?q=&locationsearch=Pascagoula%2C+MS&sortColumn=referencedate&sortDirection=desc&searchby=location&d=10,known_careers_url,4,success
fa8112c68ba6,2026-08-08,9aece7086b18,Huntington Ingalls Industries,https://hii.com/,https://careers.huntingtoningalls.com/search?q=&locationsearch=Pascagoula%2C+MS&sortColumn=referencedate&sortDirection=desc&searchby=location&d=10,BUDGET ANALYST 3,https://careers.huntingtoningalls.com/job/Pascagoula-BUDGET-ANALYST-3-Miss/1415392500,"Syracuse, NY, United States",Syracuse,NY,United States,Not specified,,,,Space & Defense,2026-08-08,2026-08-08,https://careers.huntingtoningalls.com/search?q=&locationsearch=Pascagoula%2C+MS&sortColumn=referencedate&sortDirection=desc&searchby=location&d=10,known_careers_url,4,success
98df6c695991,2026-08-08,9aece7086b18,Huntington Ingalls Industries,https://hii.com/,https://careers.huntingtoningalls.com/search?q=&locationsearch=Pascagoula%2C+MS&sortColumn=referencedate&sortDirection=desc&searchby=location&d=10,ENGINEER MECHANICAL 2,https://careers.huntingtoningalls.com/job/Pascagoula-ENGINEER-MECHANICAL-2-Miss/1415394900,"Syracuse, NY, United States",Syracuse,NY,United States,Not specified,,,,Space & Defense,2026-08-08,2026-08-08,https://careers.huntingtoningalls.com/search?q=&locationsearch=Pascagoula%2C+MS&sortColumn=referencedate&sortDirection=desc&searchby=location&d=10,known_careers_url,4,success
0e4701dd4d71,2026-08-08,9aece7086b18,Huntington Ingalls Industries,https://hii.com/,https://careers.huntingtoningalls.com/search?q=&locationsearch=Pascagoula%2C+MS&sortColumn=referencedate&sortDirection=desc&searchby=location&d=10,QUALITY PM MECHANIC---ELECTRICAL,https://careers.huntingtoningalls.com/job/Pascagoula-QUALITY-PM-MECHANIC-ELECTRICAL-Miss/1415176200,"Syracuse, NY, United States",Syracuse,NY,United States,Not specified,,,,Space & Defense,2026-08-08,2026-08-08,https://careers.huntingtoningalls.com/search?q=&locationsearch=Pascagoula%2C+MS&sortColumn=referencedate&sortDirection=desc&searchby=location&d=10,known_careers_url,4,success
c5dad4092d45,2026-08-08,64d9022f568a,ITT Enidine,https://www.enidine.com/en-US/Home,https://careersenus-itt-inc.icims.com/jobs/search?ss=1&searchRelation=keyword_all,Title Service Technician,https://careersenus-itt-inc.icims.com/jobs/17345/service-technician/job,"Orchard Park, NY, United States",Orchard Park,NY,United States,Not specified,,,,Space & Defense,2026-08-08,2026-08-08,https://careersenus-itt-inc.icims.com/jobs/search?ss=1&searchRelation=keyword_all,ats_detected,5,success_after_fallback
a1c8da2c00a5,2026-08-08,64d9022f568a,ITT Enidine,https://www.enidine.com/en-US/Home,https://careersenus-itt-inc.icims.com/jobs/search?ss=1&searchRelation=keyword_all,Title Sr HR/Talent Management Business Partner,https://careersenus-itt-inc.icims.com/jobs/17340/sr-hr-talent-management-business-partner/job,"Orchard Park, NY, United States",Orchard Park,NY,United States,Not specified,,,,Space & Defense,2026-08-08,2026-08-08,https://careersenus-itt-inc.icims.com/jobs/search?ss=1&searchRelation=keyword_all,ats_detected,5,success_after_fallback
5eeeea4bf119,2026-08-08,64d9022f568a,ITT Enidine,https://www.enidine.com/en-US/Home,https://careersenus-itt-inc.icims.com/jobs/search?ss=1&searchRelation=keyword_all,Title Senior Quality Engineer,https://careersenus-itt-inc.icims.com/jobs/17312/senior-quality-engineer/job,"Orchard Park, NY, United States",Orchard Park,NY,United States,Not specified,,,,Space & Defense,2026-08-08,2026-08-08,https://careersenus-itt-inc.icims.com/jobs/search?ss=1&searchRelation=keyword_all,ats_detected,5,success_after_fallback
727c7b1098ac,2026-08-08,64d9022f568a,ITT Enidine,https://www.enidine.com/en-US/Home,https://careersenus-itt-inc.icims.com/jobs/search?ss=1&searchRelation=keyword_all,Title Assembly Operator,https://careersenus-itt-inc.icims.com/jobs/17310/assembly-operator/job,"Orchard Park, NY, United States",Orchard Park,NY,United States,Not specified,,,,Space & Defense,2026-08-08,2026-08-08,https://careersenus-itt-inc.icims.com/jobs/search?ss=1&searchRelation=keyword_all,ats_detected,5,success_after_fallback
f5d35003e7ed,2026-08-08,64d9022f568a,ITT Enidine,https://www.enidine.com/en-US/Home,https://careersenus-itt-inc.icims.com/jobs/search?ss=1&searchRelation=keyword_all,Title LEAN TECHNICIAN I (DIRECT) 2nd Shioft,https://careersenus-itt-inc.icims.com/jobs/17285/lean-technician-i-%28direct%29-2nd-shioft/job,"Orchard Park, NY, United States",Orchard Park,NY,United States,Not specified,,,,Space & Defense,2026-08-08,2026-08-08,https://careersenus-itt-inc.icims.com/jobs/search?ss=1&searchRelation=keyword_all,ats_detected,5,success_after_fallback
7a2c741093b1,2026-08-08,64d9022f568a,ITT Enidine,https://www.enidine.com/en-US/Home,https://careersenus-itt-inc.icims.com/jobs/search?ss=1&searchRelation=keyword_all,Title Product Design Engineer I,https://careersenus-itt-inc.icims.com/jobs/17272/product-design-engineer-i/job,"Orchard Park, NY, United States",Orchard Park,NY,United States,Not specified,,,,Space & Defense,2026-08-08,2026-08-08,https://careersenus-itt-inc.icims.com/jobs/search?ss=1&searchRelation=keyword_all,ats_detected,5,success_after_fallback
d8a0e084f566,2026-08-08,64d9022f568a,ITT Enidine,https://www.enidine.com/en-US/Home,https://careersenus-itt-inc.icims.com/jobs/search?ss=1&searchRelation=keyword_all,Title R & D Test Technician,https://careersenus-itt-inc.icims.com/jobs/17271/r-%26-d-test-technician/job,"Orchard Park, NY, United States",Orchard Park,NY,United States,Not specified,,,,Space & Defense,2026-08-08,2026-08-08,https://careersenus-itt-inc.icims.com/jobs/search?ss=1&searchRelation=keyword_all,ats_detected,5,success_after_fallback
5c57e2dd2d6c,2026-08-08,64d9022f568a,ITT Enidine,https://www.enidine.com/en-US/Home,https://careersenus-itt-inc.icims.com/jobs/search?ss=1&searchRelation=keyword_all,Title Global Sourcing Manager,https://careersenus-itt-inc.icims.com/jobs/17268/global-sourcing-manager/job,"Orchard Park, NY, United States",Orchard Park,NY,United States,Not specified,,,,Space & Defense,2026-08-08,2026-08-08,https://careersenus-itt-inc.icims.com/jobs/search?ss=1&searchRelation=keyword_all,ats_detected,5,success_after_fallback
f00c424bfb2e,2026-08-08,64d9022f568a,ITT Enidine,https://www.enidine.com/en-US/Home,https://careersenus-itt-inc.icims.com/jobs/search?ss=1&searchRelation=keyword_all,Title Product Design Engineer,https://careersenus-itt-inc.icims.com/jobs/17267/product-design-engineer/job,"Orchard Park, NY, United States",Orchard Park,NY,United States,Not specified,,,,Space & Defense,2026-08-08,2026-08-08,https://careersenus-itt-inc.icims.com/jobs/search?ss=1&searchRelation=keyword_all,ats_detected,5,success_after_fallback
f2c6c334afc5,2026-08-08,64d9022f568a,ITT Enidine,https://www.enidine.com/en-US/Home,https://careersenus-itt-inc.icims.com/jobs/search?ss=1&searchRelation=keyword_all,Title Assembly Operator II,https://careersenus-itt-inc.icims.com/jobs/17263/assembly-operator-ii/job,"Orchard Park, NY, United States",Orchard Park,NY,United States,Not specified,,,,Space & Defense,2026-08-08,2026-08-08,https://careersenus-itt-inc.icims.com/jobs/search?ss=1&searchRelation=keyword_all,ats_detected,5,success_after_fallback
6ac815b1aef2,2026-08-08,64d9022f568a,ITT Enidine,https://www.enidine.com/en-US/Home,https://careersenus-itt-inc.icims.com/jobs/search?ss=1&searchRelation=keyword_all,Title Assembly Operator,https://careersenus-itt-inc.icims.com/jobs/17262/assembly-operator/job,"Orchard Park, NY, United States",Orchard Park,NY,United States,Not specified,,,,Space & Defense,2026-08-08,2026-08-08,https://careersenus-itt-inc.icims.com/jobs/search?ss=1&searchRelation=keyword_all,ats_detected,5,success_after_fallback
01c9853dad8d,2026-08-08,64d9022f568a,ITT Enidine,https://www.enidine.com/en-US/Home,https://careersenus-itt-inc.icims.com/jobs/search?ss=1&searchRelation=keyword_all,Title Product Design Engineer,https://careersenus-itt-inc.icims.com/jobs/17260/product-design-engineer/job,"Orchard Park, NY, United States",Orchard Park,NY,United States,Not specified,,,,Space & Defense,2026-08-08,2026-08-08,https://careersenus-itt-inc.icims.com/jobs/search?ss=1&searchRelation=keyword_all,ats_detected,5,success_after_fallback
8eac2dfcec39,2026-08-08,64d9022f568a,ITT Enidine,https://www.enidine.com/en-US/Home,https://careersenus-itt-inc.icims.com/jobs/search?ss=1&searchRelation=keyword_all,Title Office Support Specialist,https://careersenus-itt-inc.icims.com/jobs/17249/office-support-specialist/job,"Orchard Park, NY, United States",Orchard Park,NY,United States,Not specified,,,,Space & Defense,2026-08-08,2026-08-08,https://careersenus-itt-inc.icims.com/jobs/search?ss=1&searchRelation=keyword_all,ats_detected,5,success_after_fallback
62dcc8d48312,2026-08-08,64d9022f568a,ITT Enidine,https://www.enidine.com/en-US/Home,https://careersenus-itt-inc.icims.com/jobs/search?ss=1&searchRelation=keyword_all,Title Manufacturing Engineer,https://careersenus-itt-inc.icims.com/jobs/17232/manufacturing-engineer/job,"Orchard Park, NY, United States",Orchard Park,NY,United States,Not specified,,,,Space & Defense,2026-08-08,2026-08-08,https://careersenus-itt-inc.icims.com/jobs/search?ss=1&searchRelation=keyword_all,ats_detected,5,success_after_fallback
cc03e6efd913,2026-08-08,64d9022f568a,ITT Enidine,https://www.enidine.com/en-US/Home,https://careersenus-itt-inc.icims.com/jobs/search?ss=1&searchRelation=keyword_all,Title Manufacturing Engineer,https://careersenus-itt-inc.icims.com/jobs/17231/manufacturing-engineer/job,"Orchard Park, NY, United States",Orchard Park,NY,United States,Not specified,,,,Space & Defense,2026-08-08,2026-08-08,https://careersenus-itt-inc.icims.com/jobs/search?ss=1&searchRelation=keyword_all,ats_detected,5,success_after_fallback
738ec25a3be3,2026-08-08,64d9022f568a,ITT Enidine,https://www.enidine.com/en-US/Home,https://careersenus-itt-inc.icims.com/jobs/search?ss=1&searchRelation=keyword_all,Title Quality Control Specialist I,https://careersenus-itt-inc.icims.com/jobs/17229/quality-control-specialist-i/job,"Orchard Park, NY, United States",Orchard Park,NY,United States,Not specified,,,,Space & Defense,2026-08-08,2026-08-08,https://careersenus-itt-inc.icims.com/jobs/search?ss=1&searchRelation=keyword_all,ats_detected,5,success_after_fallback
7741e73b0d6f,2026-08-08,64d9022f568a,ITT Enidine,https://www.enidine.com/en-US/Home,https://careersenus-itt-inc.icims.com/jobs/search?ss=1&searchRelation=keyword_all,Title Product Design Engineer,https://careersenus-itt-inc.icims.com/jobs/17227/product-design-engineer/job,"Orchard Park, NY, United States",Orchard Park,NY,United States,Not specified,,,,Space & Defense,2026-08-08,2026-08-08,https://careersenus-itt-inc.icims.com/jobs/search?ss=1&searchRelation=keyword_all,ats_detected,5,success_after_fallback
f32c465883ac,2026-08-08,64d9022f568a,ITT Enidine,https://www.enidine.com/en-US/Home,https://careersenus-itt-inc.icims.com/jobs/search?ss=1&searchRelation=keyword_all,Title Product Design Engineer,https://careersenus-itt-inc.icims.com/jobs/17225/product-design-engineer/job,"Orchard Park, NY, United States",Orchard Park,NY,United States,Not specified,,,,Space & Defense,2026-08-08,2026-08-08,https://careersenus-itt-inc.icims.com/jobs/search?ss=1&searchRelation=keyword_all,ats_detected,5,success_after_fallback
31676b79267c,2026-08-08,64d9022f568a,ITT Enidine,https://www.enidine.com/en-US/Home,https://careersenus-itt-inc.icims.com/jobs/search?ss=1&searchRelation=keyword_all,Title Senior Product Design Engineer,https://careersenus-itt-inc.icims.com/jobs/17203/senior-product-design-engineer/job,"Orchard Park, NY, United States",Orchard Park,NY,United States,Not specified,,,,Space & Defense,2026-08-08,2026-08-08,https://careersenus-itt-inc.icims.com/jobs/search?ss=1&searchRelation=keyword_all,ats_detected,5,success_after_fallback
e04dbf7473e9,2026-08-08,64d9022f568a,ITT Enidine,https://www.enidine.com/en-US/Home,https://careersenus-itt-inc.icims.com/jobs/search?ss=1&searchRelation=keyword_all,Title Product Assurance Analyst,https://careersenus-itt-inc.icims.com/jobs/17200/product-assurance-analyst/job,"Orchard Park, NY, United States",Orchard Park,NY,United States,Not specified,,,,Space & Defense,2026-08-08,2026-08-08,https://careersenus-itt-inc.icims.com/jobs/search?ss=1&searchRelation=keyword_all,ats_detected,5,success_after_fallback
6a5714ad6a2d,2026-08-08,64d9022f568a,ITT Enidine,https://www.enidine.com/en-US/Home,https://careersenus-itt-inc.icims.com/jobs/search?ss=1&searchRelation=keyword_all,Title Technical Sales Support Representative,https://careersenus-itt-inc.icims.com/jobs/17197/technical-sales-support-representative/job,"Orchard Park, NY, United States",Orchard Park,NY,United States,Not specified,,,,Space & Defense,2026-08-08,2026-08-08,https://careersenus-itt-inc.icims.com/jobs/search?ss=1&searchRelation=keyword_all,ats_detected,5,success_after_fallback
cdf877a8ad1a,2026-08-08,64d9022f568a,ITT Enidine,https://www.enidine.com/en-US/Home,https://careersenus-itt-inc.icims.com/jobs/search?ss=1&searchRelation=keyword_all,"Title Director, Platform Services",https://careersenus-itt-inc.icims.com/jobs/17194/director%2c-platform-services/job,"Orchard Park, NY, United States",Orchard Park,NY,United States,Hybrid,,,,Space & Defense,2026-08-08,2026-08-08,https://careersenus-itt-inc.icims.com/jobs/search?ss=1&searchRelation=keyword_all,ats_detected,5,success_after_fallback
8fe3828e91d2,2026-08-08,64d9022f568a,ITT Enidine,https://www.enidine.com/en-US/Home,https://careersenus-itt-inc.icims.com/jobs/search?ss=1&searchRelation=keyword_all,Title Trade Compliance Coordinator II,https://careersenus-itt-inc.icims.com/jobs/17168/trade-compliance-coordinator-ii/job,"Orchard Park, NY, United States",Orchard Park,NY,United States,Not specified,,,,Space & Defense,2026-08-08,2026-08-08,https://careersenus-itt-inc.icims.com/jobs/search?ss=1&searchRelation=keyword_all,ats_detected,5,success_after_fallback
cf62009d57a7,2026-08-08,64d9022f568a,ITT Enidine,https://www.enidine.com/en-US/Home,https://careersenus-itt-inc.icims.com/jobs/search?ss=1&searchRelation=keyword_all,"Title Manager, Manufacturing Engineering",https://careersenus-itt-inc.icims.com/jobs/17167/manager%2c-manufacturing-engineering/job,"Orchard Park, NY, United States",Orchard Park,NY,United States,Not specified,,,,Space & Defense,2026-08-08,2026-08-08,https://careersenus-itt-inc.icims.com/jobs/search?ss=1&searchRelation=keyword_all,ats_detected,5,success_after_fallback
1b5d467564d9,2026-08-08,64d9022f568a,ITT Enidine,https://www.enidine.com/en-US/Home,https://careersenus-itt-inc.icims.com/jobs/search?ss=1&searchRelation=keyword_all,Title QA Engineer,https://careersenus-itt-inc.icims.com/jobs/17154/qa-engineer/job,"Orchard Park, NY, United States",Orchard Park,NY,United States,Not specified,,,,Space & Defense,2026-08-08,2026-08-08,https://careersenus-itt-inc.icims.com/jobs/search?ss=1&searchRelation=keyword_all,ats_detected,5,success_after_fallback
ff116143ad75,2026-08-08,64d9022f568a,ITT Enidine,https://www.enidine.com/en-US/Home,https://careersenus-itt-inc.icims.com/jobs/search?ss=1&searchRelation=keyword_all,Title Operations Scheduler,https://careersenus-itt-inc.icims.com/jobs/17152/operations-scheduler/job,"Orchard Park, NY, United States",Orchard Park,NY,United States,Not specified,,,,Space & Defense,2026-08-08,2026-08-08,https://careersenus-itt-inc.icims.com/jobs/search?ss=1&searchRelation=keyword_all,ats_detected,5,success_after_fallback
1e57e5c179a6,2026-08-08,64d9022f568a,ITT Enidine,https://www.enidine.com/en-US/Home,https://careersenus-itt-inc.icims.com/jobs/search?ss=1&searchRelation=keyword_all,Title HR Manager,https://careersenus-itt-inc.icims.com/jobs/17147/hr-manager/job,"Orchard Park, NY, United States",Orchard Park,NY,United States,Not specified,,,,Space & Defense,2026-08-08,2026-08-08,https://careersenus-itt-inc.icims.com/jobs/search?ss=1&searchRelation=keyword_all,ats_detected,5,success_after_fallback
94ff57f1282c,2026-08-08,64d9022f568a,ITT Enidine,https://www.enidine.com/en-US/Home,https://careersenus-itt-inc.icims.com/jobs/search?ss=1&searchRelation=keyword_all,Title Elastomeric Assembly Technician II,https://careersenus-itt-inc.icims.com/jobs/17137/elastomeric-assembly-technician-ii/job,"Orchard Park, NY, United States",Orchard Park,NY,United States,Not specified,,,,Space & Defense,2026-08-08,2026-08-08,https://careersenus-itt-inc.icims.com/jobs/search?ss=1&searchRelation=keyword_all,ats_detected,5,success_after_fallback
2c5aa67114a5,2026-08-08,64d9022f568a,ITT Enidine,https://www.enidine.com/en-US/Home,https://careersenus-itt-inc.icims.com/jobs/search?ss=1&searchRelation=keyword_all,Title Product Design Engineer II,https://careersenus-itt-inc.icims.com/jobs/17132/product-design-engineer-ii/job,"Orchard Park, NY, United States",Orchard Park,NY,United States,Not specified,,,,Space & Defense,2026-08-08,2026-08-08,https://careersenus-itt-inc.icims.com/jobs/search?ss=1&searchRelation=keyword_all,ats_detected,5,success_after_fallback
93043cbc6d6d,2026-08-08,64d9022f568a,ITT Enidine,https://www.enidine.com/en-US/Home,https://careersenus-itt-inc.icims.com/jobs/search?ss=1&searchRelation=keyword_all,Title Operations Scheduling and Control Specialist,https://careersenus-itt-inc.icims.com/jobs/17094/operations-scheduling-and-control-specialist/job,"Orchard Park, NY, United States",Orchard Park,NY,United States,Not specified,,,,Space & Defense,2026-08-08,2026-08-08,https://careersenus-itt-inc.icims.com/jobs/search?ss=1&searchRelation=keyword_all,ats_detected,5,success_after_fallback
937830fbe4cb,2026-08-08,64d9022f568a,ITT Enidine,https://www.enidine.com/en-US/Home,https://careersenus-itt-inc.icims.com/jobs/search?ss=1&searchRelation=keyword_all,Title Global Strategic Supply Manager,https://careersenus-itt-inc.icims.com/jobs/17071/global-strategic-supply-manager/job,"Orchard Park, NY, United States",Orchard Park,NY,United States,Not specified,,,,Space & Defense,2026-08-08,2026-08-08,https://careersenus-itt-inc.icims.com/jobs/search?ss=1&searchRelation=keyword_all,ats_detected,5,success_after_fallback
6d6428f6846a,2026-08-08,64d9022f568a,ITT Enidine,https://www.enidine.com/en-US/Home,https://careersenus-itt-inc.icims.com/jobs/search?ss=1&searchRelation=keyword_all,Title Senior Municipal Applications Engineer,https://careersenus-itt-inc.icims.com/jobs/17060/senior-municipal-applications-engineer/job,"Orchard Park, NY, United States",Orchard Park,NY,United States,Not specified,,,,Space & Defense,2026-08-08,2026-08-08,https://careersenus-itt-inc.icims.com/jobs/search?ss=1&searchRelation=keyword_all,ats_detected,5,success_after_fallback
2cf9c4b22f24,2026-08-08,64d9022f568a,ITT Enidine,https://www.enidine.com/en-US/Home,https://careersenus-itt-inc.icims.com/jobs/search?ss=1&searchRelation=keyword_all,Title Data Manufacturing Engineer,https://careersenus-itt-inc.icims.com/jobs/17034/data-manufacturing-engineer/job,"Orchard Park, NY, United States",Orchard Park,NY,United States,Not specified,,,,Space & Defense,2026-08-08,2026-08-08,https://careersenus-itt-inc.icims.com/jobs/search?ss=1&searchRelation=keyword_all,ats_detected,5,success_after_fallback
44c7c385faa2,2026-08-08,64d9022f568a,ITT Enidine,https://www.enidine.com/en-US/Home,https://careersenus-itt-inc.icims.com/jobs/search?ss=1&searchRelation=keyword_all,Title Operations Scheduler,https://careersenus-itt-inc.icims.com/jobs/17033/operations-scheduler/job,"Orchard Park, NY, United States",Orchard Park,NY,United States,Not specified,,,,Space & Defense,2026-08-08,2026-08-08,https://careersenus-itt-inc.icims.com/jobs/search?ss=1&searchRelation=keyword_all,ats_detected,5,success_after_fallback
ee2ef75fe0c2,2026-08-08,64d9022f568a,ITT Enidine,https://www.enidine.com/en-US/Home,https://careersenus-itt-inc.icims.com/jobs/search?ss=1&searchRelation=keyword_all,Title Quality Technician III,https://careersenus-itt-inc.icims.com/jobs/17024/quality-technician-iii/job,"Orchard Park, NY, United States",Orchard Park,NY,United States,Not specified,,,,Space & Defense,2026-08-08,2026-08-08,https://careersenus-itt-inc.icims.com/jobs/search?ss=1&searchRelation=keyword_all,ats_detected,5,success_after_fallback
d9cca6ac5cb8,2026-08-08,64d9022f568a,ITT Enidine,https://www.enidine.com/en-US/Home,https://careersenus-itt-inc.icims.com/jobs/search?ss=1&searchRelation=keyword_all,"Title Regional Lead, HR Shared Services",https://careersenus-itt-inc.icims.com/jobs/17021/regional-lead%2c-hr-shared-services/job,"Orchard Park, NY, United States",Orchard Park,NY,United States,Not specified,,,,Space & Defense,2026-08-08,2026-08-08,https://careersenus-itt-inc.icims.com/jobs/search?ss=1&searchRelation=keyword_all,ats_detected,5,success_after_fallback
8fade9fab8b1,2026-08-08,64d9022f568a,ITT Enidine,https://www.enidine.com/en-US/Home,https://careersenus-itt-inc.icims.com/jobs/search?ss=1&searchRelation=keyword_all,Title Fabrication Production Manager,https://careersenus-itt-inc.icims.com/jobs/17019/fabrication-production-manager/job,"Orchard Park, NY, United States",Orchard Park,NY,United States,Not specified,,,,Space & Defense,2026-08-08,2026-08-08,https://careersenus-itt-inc.icims.com/jobs/search?ss=1&searchRelation=keyword_all,ats_detected,5,success_after_fallback
08399c93a65d,2026-08-08,64d9022f568a,ITT Enidine,https://www.enidine.com/en-US/Home,https://careersenus-itt-inc.icims.com/jobs/search?ss=1&searchRelation=keyword_all,Title Customer Service Specialist,https://careersenus-itt-inc.icims.com/jobs/17018/customer-service-specialist/job,"Orchard Park, NY, United States",Orchard Park,NY,United States,Not specified,,,,Space & Defense,2026-08-08,2026-08-08,https://careersenus-itt-inc.icims.com/jobs/search?ss=1&searchRelation=keyword_all,ats_detected,5,success_after_fallback
6410ab5ca210,2026-08-08,64d9022f568a,ITT Enidine,https://www.enidine.com/en-US/Home,https://careersenus-itt-inc.icims.com/jobs/search?ss=1&searchRelation=keyword_all,Title Commercial Contract & Risk Specialist,https://careersenus-itt-inc.icims.com/jobs/17005/commercial-contract-%26-risk-specialist/job,"Orchard Park, NY, United States",Orchard Park,NY,United States,Not specified,,,,Space & Defense,2026-08-08,2026-08-08,https://careersenus-itt-inc.icims.com/jobs/search?ss=1&searchRelation=keyword_all,ats_detected,5,success_after_fallback
5ab16ff7b0c5,2026-08-08,64d9022f568a,ITT Enidine,https://www.enidine.com/en-US/Home,https://careersenus-itt-inc.icims.com/jobs/search?ss=1&searchRelation=keyword_all,Title Product Design Engineer,https://careersenus-itt-inc.icims.com/jobs/17003/product-design-engineer/job,"Orchard Park, NY, United States",Orchard Park,NY,United States,Not specified,,,,Space & Defense,2026-08-08,2026-08-08,https://careersenus-itt-inc.icims.com/jobs/search?ss=1&searchRelation=keyword_all,ats_detected,5,success_after_fallback
8d05183bca36,2026-08-08,64d9022f568a,ITT Enidine,https://www.enidine.com/en-US/Home,https://careersenus-itt-inc.icims.com/jobs/search?ss=1&searchRelation=keyword_all,Title Facilities Technician,https://careersenus-itt-inc.icims.com/jobs/17002/facilities-technician/job,"Orchard Park, NY, United States",Orchard Park,NY,United States,Not specified,,,,Space & Defense,2026-08-08,2026-08-08,https://careersenus-itt-inc.icims.com/jobs/search?ss=1&searchRelation=keyword_all,ats_detected,5,success_after_fallback
d0c8f7c17fd3,2026-08-08,64d9022f568a,ITT Enidine,https://www.enidine.com/en-US/Home,https://careerschn-itt-inc.icims.com/jobs/search?ss=1&searchRelation=keyword_all,标题 Supplier Development Engineer – VIDAR Motors,https://careerschn-itt-inc.icims.com/jobs/17079/supplier-development-engineer-%e2%80%93-vidar-motors/job,"Orchard Park, NY, United States",Orchard Park,NY,United States,Not specified,,,,Space & Defense,2026-08-08,2026-08-08,https://careerschn-itt-inc.icims.com/jobs/search?ss=1&searchRelation=keyword_all,ats_detected,5,success_after_fallback
a3ded9c96d44,2026-08-08,64d9022f568a,ITT Enidine,https://www.enidine.com/en-US/Home,https://careersger-itt-inc.icims.com/jobs/search?ss=1&searchRelation=keyword_all,Distribution Sales Manager %7C Central Europe,https://careersger-itt-inc.icims.com/jobs/16894/distribution-sales-manager-%7c-central-europe/job,"Orchard Park, NY, United States",Orchard Park,NY,United States,Remote,,,,Space & Defense,2026-08-08,2026-08-08,https://careersger-itt-inc.icims.com/jobs/search?ss=1&searchRelation=keyword_all,ats_detected,5,success_after_fallback
94fe2296fb92,2026-08-08,64d9022f568a,ITT Enidine,https://www.enidine.com/en-US/Home,https://careersger-itt-inc.icims.com/jobs/search?ss=1&searchRelation=keyword_all,Titel Product Manager Automotive After Market & Racing,https://careersger-itt-inc.icims.com/jobs/15454/product-manager-automotive-after-market-%26-racing/job,"Orchard Park, NY, United States",Orchard Park,NY,United States,Not specified,,,,Space & Defense,2026-08-08,2026-08-08,https://careersger-itt-inc.icims.com/jobs/search?ss=1&searchRelation=keyword_all,ats_detected,5,success_after_fallback
281e213f90a9,2026-08-08,64d9022f568a,ITT Enidine,https://www.enidine.com/en-US/Home,https://careersmex-itt-inc.icims.com/jobs/search?ss=1&searchRelation=keyword_all,Cargo Assembly Operator,https://careersmex-itt-inc.icims.com/jobs/17331/assembly-operator/job,"Orchard Park, NY, United States",Orchard Park,NY,United States,Not specified,,,,Space & Defense,2026-08-08,2026-08-08,https://careersmex-itt-inc.icims.com/jobs/search?ss=1&searchRelation=keyword_all,ats_detected,5,success_after_fallback
741095c17fd4,2026-08-08,64d9022f568a,ITT Enidine,https://www.enidine.com/en-US/Home,https://careersmex-itt-inc.icims.com/jobs/search?ss=1&searchRelation=keyword_all,"Cargo Sourcing, Supply Chain and Logistics Analyst",https://careersmex-itt-inc.icims.com/jobs/17330/sourcing%2c-supply-chain-and-logistics-analyst/job,"Orchard Park, NY, United States",Orchard Park,NY,United States,Not specified,,,,Space & Defense,2026-08-08,2026-08-08,https://careersmex-itt-inc.icims.com/jobs/search?ss=1&searchRelation=keyword_all,ats_detected,5,success_after_fallback
f12eb2ff53c9,2026-08-08,64d9022f568a,ITT Enidine,https://www.enidine.com/en-US/Home,https://careersmex-itt-inc.icims.com/jobs/search?ss=1&searchRelation=keyword_all,Cargo Designer,https://careersmex-itt-inc.icims.com/jobs/17178/designer/job,"Orchard Park, NY, United States",Orchard Park,NY,United States,Not specified,,,,Space & Defense,2026-08-08,2026-08-08,https://careersmex-itt-inc.icims.com/jobs/search?ss=1&searchRelation=keyword_all,ats_detected,5,success_after_fallback
3b38b77eaac2,2026-08-08,64d9022f568a,ITT Enidine,https://www.enidine.com/en-US/Home,https://careersmex-itt-inc.icims.com/jobs/search?ss=1&searchRelation=keyword_all,Cargo INTERN/Co-op 1,https://careersmex-itt-inc.icims.com/jobs/17169/intern-co-op-1/job,"Orchard Park, NY, United States",Orchard Park,NY,United States,Not specified,,,,Space & Defense,2026-08-08,2026-08-08,https://careersmex-itt-inc.icims.com/jobs/search?ss=1&searchRelation=keyword_all,ats_detected,5,success_after_fallback
b9d2a71458b9,2026-08-08,64d9022f568a,ITT Enidine,https://www.enidine.com/en-US/Home,https://careersmex-itt-inc.icims.com/jobs/search?ss=1&searchRelation=keyword_all,Cargo Customer Service Analyst,https://careersmex-itt-inc.icims.com/jobs/17113/customer-service-analyst/job,"Orchard Park, NY, United States",Orchard Park,NY,United States,Not specified,,,,Space & Defense,2026-08-08,2026-08-08,https://careersmex-itt-inc.icims.com/jobs/search?ss=1&searchRelation=keyword_all,ats_detected,5,success_after_fallback
db184d175990,2026-08-08,64d9022f568a,ITT Enidine,https://www.enidine.com/en-US/Home,https://careersmex-itt-inc.icims.com/jobs/search?ss=1&searchRelation=keyword_all,Cargo Receiving Inspection Technician,https://careersmex-itt-inc.icims.com/jobs/17057/receiving-inspection-technician/job,"Orchard Park, NY, United States",Orchard Park,NY,United States,Not specified,,,,Space & Defense,2026-08-08,2026-08-08,https://careersmex-itt-inc.icims.com/jobs/search?ss=1&searchRelation=keyword_all,ats_detected,5,success_after_fallback
c81b21fa771e,2026-08-08,64d9022f568a,ITT Enidine,https://www.enidine.com/en-US/Home,https://careersmex-itt-inc.icims.com/jobs/search?ss=1&searchRelation=keyword_all,Cargo QA Engineer,https://careersmex-itt-inc.icims.com/jobs/17056/qa-engineer/job,"Orchard Park, NY, United States",Orchard Park,NY,United States,Not specified,,,,Space & Defense,2026-08-08,2026-08-08,https://careersmex-itt-inc.icims.com/jobs/search?ss=1&searchRelation=keyword_all,ats_detected,5,success_after_fallback
896ecc9b3fe8,2026-08-08,64d9022f568a,ITT Enidine,https://www.enidine.com/en-US/Home,https://careersmex-itt-inc.icims.com/jobs/search?ss=1&searchRelation=keyword_all,"Cargo ""Service Technician II Plating Preventive""",https://careersmex-itt-inc.icims.com/jobs/17016/%22service-technician-ii-plating-preventive%22/job,"Orchard Park, NY, United States",Orchard Park,NY,United States,Not specified,,,,Space & Defense,2026-08-08,2026-08-08,https://careersmex-itt-inc.icims.com/jobs/search?ss=1&searchRelation=keyword_all,ats_detected,5,success_after_fallback
dadae87cd5d0,2026-08-08,64d9022f568a,ITT Enidine,https://www.enidine.com/en-US/Home,https://careersmex-itt-inc.icims.com/jobs/search?ss=1&searchRelation=keyword_all,Cargo Service Engineer,https://careersmex-itt-inc.icims.com/jobs/16362/service-engineer/job,"Orchard Park, NY, United States",Orchard Park,NY,United States,Not specified,,,,Space & Defense,2026-08-08,2026-08-08,https://careersmex-itt-inc.icims.com/jobs/search?ss=1&searchRelation=keyword_all,ats_detected,5,success_after_fallback
356153abca2d,2026-08-08,64d9022f568a,ITT Enidine,https://www.enidine.com/en-US/Home,https://careersen-itt-inc.icims.com/jobs/search?ss=1&searchRelation=keyword_all,Title Assembly Operator,https://careersen-itt-inc.icims.com/jobs/17331/assembly-operator/job,"Orchard Park, NY, United States",Orchard Park,NY,United States,Not specified,,,,Space & Defense,2026-08-08,2026-08-08,https://careersen-itt-inc.icims.com/jobs/search?ss=1&searchRelation=keyword_all,ats_detected,5,success_after_fallback
5383c4a8a4ca,2026-08-08,64d9022f568a,ITT Enidine,https://www.enidine.com/en-US/Home,https://careersen-itt-inc.icims.com/jobs/search?ss=1&searchRelation=keyword_all,"Title Sourcing, Supply Chain and Logistics Analyst",https://careersen-itt-inc.icims.com/jobs/17330/sourcing%2c-supply-chain-and-logistics-analyst/job,"Orchard Park, NY, United States",Orchard Park,NY,United States,Not specified,,,,Space & Defense,2026-08-08,2026-08-08,https://careersen-itt-inc.icims.com/jobs/search?ss=1&searchRelation=keyword_all,ats_detected,5,success_after_fallback
2603ec2fb53d,2026-08-08,64d9022f568a,ITT Enidine,https://www.enidine.com/en-US/Home,https://careersen-itt-inc.icims.com/jobs/search?ss=1&searchRelation=keyword_all,Title Lead Analytics Engineer,https://careersen-itt-inc.icims.com/jobs/17299/lead-analytics-engineer/job,"Orchard Park, NY, United States",Orchard Park,NY,United States,Not specified,,,,Space & Defense,2026-08-08,2026-08-08,https://careersen-itt-inc.icims.com/jobs/search?ss=1&searchRelation=keyword_all,ats_detected,5,success_after_fallback
1f063b3551ed,2026-08-08,64d9022f568a,ITT Enidine,https://www.enidine.com/en-US/Home,https://careersen-itt-inc.icims.com/jobs/search?ss=1&searchRelation=keyword_all,Title Junior Analytics Engineer,https://careersen-itt-inc.icims.com/jobs/17291/junior-analytics-engineer/job,"Orchard Park, NY, United States",Orchard Park,NY,United States,Not specified,,,,Space & Defense,2026-08-08,2026-08-08,https://careersen-itt-inc.icims.com/jobs/search?ss=1&searchRelation=keyword_all,ats_detected,5,success_after_fallback
63a9e46c9610,2026-08-08,64d9022f568a,ITT Enidine,https://www.enidine.com/en-US/Home,https://careersen-itt-inc.icims.com/jobs/search?ss=1&searchRelation=keyword_all,Title Quality Control Specialist,https://careersen-itt-inc.icims.com/jobs/17252/quality-control-specialist/job,"Orchard Park, NY, United States",Orchard Park,NY,United States,Not specified,,,,Space & Defense,2026-08-08,2026-08-08,https://careersen-itt-inc.icims.com/jobs/search?ss=1&searchRelation=keyword_all,ats_detected,5,success_after_fallback
74fc9d6e7c00,2026-08-08,64d9022f568a,ITT Enidine,https://www.enidine.com/en-US/Home,https://careersen-itt-inc.icims.com/jobs/search?ss=1&searchRelation=keyword_all,Title Designer,https://careersen-itt-inc.icims.com/jobs/17178/designer/job,"Orchard Park, NY, United States",Orchard Park,NY,United States,Not specified,,,,Space & Defense,2026-08-08,2026-08-08,https://careersen-itt-inc.icims.com/jobs/search?ss=1&searchRelation=keyword_all,ats_detected,5,success_after_fallback
e99ab338454a,2026-08-08,64d9022f568a,ITT Enidine,https://www.enidine.com/en-US/Home,https://careersen-itt-inc.icims.com/jobs/search?ss=1&searchRelation=keyword_all,Title INTERN/Co-op 1,https://careersen-itt-inc.icims.com/jobs/17169/intern-co-op-1/job,"Orchard Park, NY, United States",Orchard Park,NY,United States,Not specified,,,,Space & Defense,2026-08-08,2026-08-08,https://careersen-itt-inc.icims.com/jobs/search?ss=1&searchRelation=keyword_all,ats_detected,5,success_after_fallback
ab029f496844,2026-08-08,64d9022f568a,ITT Enidine,https://www.enidine.com/en-US/Home,https://careersen-itt-inc.icims.com/jobs/search?ss=1&searchRelation=keyword_all,Title Sales Manager,https://careersen-itt-inc.icims.com/jobs/17114/sales-manager/job,"Orchard Park, NY, United States",Orchard Park,NY,United States,Not specified,,,,Space & Defense,2026-08-08,2026-08-08,https://careersen-itt-inc.icims.com/jobs/search?ss=1&searchRelation=keyword_all,ats_detected,5,success_after_fallback
7c10f59eecd9,2026-08-08,64d9022f568a,ITT Enidine,https://www.enidine.com/en-US/Home,https://careersen-itt-inc.icims.com/jobs/search?ss=1&searchRelation=keyword_all,Title Customer Service Analyst,https://careersen-itt-inc.icims.com/jobs/17113/customer-service-analyst/job,"Orchard Park, NY, United States",Orchard Park,NY,United States,Not specified,,,,Space & Defense,2026-08-08,2026-08-08,https://careersen-itt-inc.icims.com/jobs/search?ss=1&searchRelation=keyword_all,ats_detected,5,success_after_fallback
7d3be2b92d44,2026-08-08,64d9022f568a,ITT Enidine,https://www.enidine.com/en-US/Home,https://careersen-itt-inc.icims.com/jobs/search?ss=1&searchRelation=keyword_all,Title Supplier Development Engineer – VIDAR Motors,https://careersen-itt-inc.icims.com/jobs/17079/supplier-development-engineer-%e2%80%93-vidar-motors/job,"Orchard Park, NY, United States",Orchard Park,NY,United States,Not specified,,,,Space & Defense,2026-08-08,2026-08-08,https://careersen-itt-inc.icims.com/jobs/search?ss=1&searchRelation=keyword_all,ats_detected,5,success_after_fallback
41163fde7d23,2026-08-08,64d9022f568a,ITT Enidine,https://www.enidine.com/en-US/Home,https://careersen-itt-inc.icims.com/jobs/search?ss=1&searchRelation=keyword_all,Title Talent Insights Analyst,https://careersen-itt-inc.icims.com/jobs/17072/talent-insights-analyst/job,"Orchard Park, NY, United States",Orchard Park,NY,United States,Not specified,,,,Space & Defense,2026-08-08,2026-08-08,https://careersen-itt-inc.icims.com/jobs/search?ss=1&searchRelation=keyword_all,ats_detected,5,success_after_fallback
45a43096654c,2026-08-08,64d9022f568a,ITT Enidine,https://www.enidine.com/en-US/Home,https://careersen-itt-inc.icims.com/jobs/search?ss=1&searchRelation=keyword_all,Title QA Engineer,https://careersen-itt-inc.icims.com/jobs/17056/qa-engineer/job,"Orchard Park, NY, United States",Orchard Park,NY,United States,Not specified,,,,Space & Defense,2026-08-08,2026-08-08,https://careersen-itt-inc.icims.com/jobs/search?ss=1&searchRelation=keyword_all,ats_detected,5,success_after_fallback
4399fac2e175,2026-08-08,64d9022f568a,ITT Enidine,https://www.enidine.com/en-US/Home,https://careersen-itt-inc.icims.com/jobs/search?ss=1&searchRelation=keyword_all,"Title ""Service Technician II Plating Preventive""",https://careersen-itt-inc.icims.com/jobs/17016/%22service-technician-ii-plating-preventive%22/job,"Orchard Park, NY, United States",Orchard Park,NY,United States,Not specified,,,,Space & Defense,2026-08-08,2026-08-08,https://careersen-itt-inc.icims.com/jobs/search?ss=1&searchRelation=keyword_all,ats_detected,5,success_after_fallback
4c765ca5b2ee,2026-08-08,64d9022f568a,ITT Enidine,https://www.enidine.com/en-US/Home,https://careersen-itt-inc.icims.com/jobs/search?ss=1&searchRelation=keyword_all,Title Project Design Engineer -P2,https://careersen-itt-inc.icims.com/jobs/16933/project-design-engineer--p2/job,"Orchard Park, NY, United States",Orchard Park,NY,United States,Not specified,,,,Space & Defense,2026-08-08,2026-08-08,https://careersen-itt-inc.icims.com/jobs/search?ss=1&searchRelation=keyword_all,ats_detected,5,success_after_fallback
366ea2ea1aa2,2026-08-08,64d9022f568a,ITT Enidine,https://www.enidine.com/en-US/Home,https://careersen-itt-inc.icims.com/jobs/search?ss=1&searchRelation=keyword_all,Distribution Sales Manager %7C Central Europe,https://careersen-itt-inc.icims.com/jobs/16894/distribution-sales-manager-%7c-central-europe/job,"Orchard Park, NY, United States",Orchard Park,NY,United States,Remote,,,,Space & Defense,2026-08-08,2026-08-08,https://careersen-itt-inc.icims.com/jobs/search?ss=1&searchRelation=keyword_all,ats_detected,5,success_after_fallback
91aa73b5e290,2026-08-08,64d9022f568a,ITT Enidine,https://www.enidine.com/en-US/Home,https://careersen-itt-inc.icims.com/jobs/search?ss=1&searchRelation=keyword_all,Title Global Quality Engineer Lead,https://careersen-itt-inc.icims.com/jobs/16805/global-quality-engineer-lead/job,"Orchard Park, NY, United States",Orchard Park,NY,United States,Not specified,,,,Space & Defense,2026-08-08,2026-08-08,https://careersen-itt-inc.icims.com/jobs/search?ss=1&searchRelation=keyword_all,ats_detected,5,success_after_fallback
54f01b8dbe30,2026-08-08,64d9022f568a,ITT Enidine,https://www.enidine.com/en-US/Home,https://careersen-itt-inc.icims.com/jobs/search?ss=1&searchRelation=keyword_all,Title Application Engineer Railway,https://careersen-itt-inc.icims.com/jobs/16767/application-engineer-railway/job,"Orchard Park, NY, United States",Orchard Park,NY,United States,Not specified,,,,Space & Defense,2026-08-08,2026-08-08,https://careersen-itt-inc.icims.com/jobs/search?ss=1&searchRelation=keyword_all,ats_detected,5,success_after_fallback
a2343af66dc4,2026-08-08,64d9022f568a,ITT Enidine,https://www.enidine.com/en-US/Home,https://careersen-itt-inc.icims.com/jobs/search?ss=1&searchRelation=keyword_all,Title Senior AI/ML Engineer,https://careersen-itt-inc.icims.com/jobs/16717/senior-ai-ml-engineer/job,"Orchard Park, NY, United States",Orchard Park,NY,United States,Not specified,,,,Space & Defense,2026-08-08,2026-08-08,https://careersen-itt-inc.icims.com/jobs/search?ss=1&searchRelation=keyword_all,ats_detected,5,success_after_fallback
b607cc8f9a30,2026-08-08,64d9022f568a,ITT Enidine,https://www.enidine.com/en-US/Home,https://careersen-itt-inc.icims.com/jobs/search?ss=1&searchRelation=keyword_all,Title IT Business Analyst (Application Configuration Specialist),https://careersen-itt-inc.icims.com/jobs/16713/it-business-analyst-%28application-configuration-specialist%29/job,"Orchard Park, NY, United States",Orchard Park,NY,United States,Not specified,,,,Space & Defense,2026-08-08,2026-08-08,https://careersen-itt-inc.icims.com/jobs/search?ss=1&searchRelation=keyword_all,ats_detected,5,success_after_fallback
e2fe533dc463,2026-08-08,64d9022f568a,ITT Enidine,https://www.enidine.com/en-US/Home,https://careersen-itt-inc.icims.com/jobs/search?ss=1&searchRelation=keyword_all,Title Application Engineer (P2),https://careersen-itt-inc.icims.com/jobs/16638/application-engineer-%28p2%29/job,"Orchard Park, NY, United States",Orchard Park,NY,United States,Not specified,,,,Space & Defense,2026-08-08,2026-08-08,https://careersen-itt-inc.icims.com/jobs/search?ss=1&searchRelation=keyword_all,ats_detected,5,success_after_fallback
21a2f01f2905,2026-08-08,64d9022f568a,ITT Enidine,https://www.enidine.com/en-US/Home,https://careersen-itt-inc.icims.com/jobs/search?ss=1&searchRelation=keyword_all,Title Senior Application Engineer,https://careersen-itt-inc.icims.com/jobs/16636/senior-application-engineer/job,"Orchard Park, NY, United States",Orchard Park,NY,United States,Not specified,,,,Space & Defense,2026-08-08,2026-08-08,https://careersen-itt-inc.icims.com/jobs/search?ss=1&searchRelation=keyword_all,ats_detected,5,success_after_fallback
b2d0be131c26,2026-08-08,64d9022f568a,ITT Enidine,https://www.enidine.com/en-US/Home,https://careersen-itt-inc.icims.com/jobs/search?ss=1&searchRelation=keyword_all,Title Global Purchasing & Sourcing Lead,https://careersen-itt-inc.icims.com/jobs/16615/global-purchasing-%26-sourcing-lead/job,"Orchard Park, NY, United States",Orchard Park,NY,United States,Not specified,,,,Space & Defense,2026-08-08,2026-08-08,https://careersen-itt-inc.icims.com/jobs/search?ss=1&searchRelation=keyword_all,ats_detected,5,success_after_fallback
c9be68aa8a2a,2026-08-08,64d9022f568a,ITT Enidine,https://www.enidine.com/en-US/Home,https://careersen-itt-inc.icims.com/jobs/search?ss=1&searchRelation=keyword_all,Title SAP Senior Business Specialist,https://careersen-itt-inc.icims.com/jobs/16533/sap-senior-business-specialist/job,"Orchard Park, NY, United States",Orchard Park,NY,United States,Not specified,,,,Space & Defense,2026-08-08,2026-08-08,https://careersen-itt-inc.icims.com/jobs/search?ss=1&searchRelation=keyword_all,ats_detected,5,success_after_fallback
8c401a107db2,2026-08-08,64d9022f568a,ITT Enidine,https://www.enidine.com/en-US/Home,https://careersen-itt-inc.icims.com/jobs/search?ss=1&searchRelation=keyword_all,Title Test Engineer,https://careersen-itt-inc.icims.com/jobs/16378/test-engineer/job,"Orchard Park, NY, United States",Orchard Park,NY,United States,Not specified,,,,Space & Defense,2026-08-08,2026-08-08,https://careersen-itt-inc.icims.com/jobs/search?ss=1&searchRelation=keyword_all,ats_detected,5,success_after_fallback
c122fdee3025,2026-08-08,64d9022f568a,ITT Enidine,https://www.enidine.com/en-US/Home,https://careersen-itt-inc.icims.com/jobs/search?ss=1&searchRelation=keyword_all,Title Service Engineer,https://careersen-itt-inc.icims.com/jobs/16362/service-engineer/job,"Orchard Park, NY, United States",Orchard Park,NY,United States,Not specified,,,,Space & Defense,2026-08-08,2026-08-08,https://careersen-itt-inc.icims.com/jobs/search?ss=1&searchRelation=keyword_all,ats_detected,5,success_after_fallback
860ea8f3330d,2026-08-08,64d9022f568a,ITT Enidine,https://www.enidine.com/en-US/Home,https://careersen-itt-inc.icims.com/jobs/search?ss=1&searchRelation=keyword_all,Title Manufacturing Engineer,https://careersen-itt-inc.icims.com/jobs/16080/manufacturing-engineer/job,"Orchard Park, NY, United States",Orchard Park,NY,United States,Not specified,,,,Space & Defense,2026-08-08,2026-08-08,https://careersen-itt-inc.icims.com/jobs/search?ss=1&searchRelation=keyword_all,ats_detected,5,success_after_fallback
ad288983df18,2026-08-08,64d9022f568a,ITT Enidine,https://www.enidine.com/en-US/Home,https://careersen-itt-inc.icims.com/jobs/search?ss=1&searchRelation=keyword_all,Title Product Manager Automotive After Market & Racing,https://careersen-itt-inc.icims.com/jobs/15454/product-manager-automotive-after-market-%26-racing/job,"Orchard Park, NY, United States",Orchard Park,NY,United States,Not specified,,,,Space & Defense,2026-08-08,2026-08-08,https://careersen-itt-inc.icims.com/jobs/search?ss=1&searchRelation=keyword_all,ats_detected,5,success_after_fallback
6b1b979a6787,2026-08-08,64d9022f568a,ITT Enidine,https://www.enidine.com/en-US/Home,https://careersen-itt-inc.icims.com/jobs/search?ss=1&searchRelation=keyword_all,Title Application Engineer,https://careersen-itt-inc.icims.com/jobs/15377/application-engineer/job,"Orchard Park, NY, United States",Orchard Park,NY,United States,Not specified,,,,Space & Defense,2026-08-08,2026-08-08,https://careersen-itt-inc.icims.com/jobs/search?ss=1&searchRelation=keyword_all,ats_detected,5,success_after_fallback
3ccf63a35027,2026-08-08,64d9022f568a,ITT Enidine,https://www.enidine.com/en-US/Home,https://careersen-itt-inc.icims.com/jobs/search?ss=1&searchRelation=keyword_all,Title Product Design Engineer,https://careersen-itt-inc.icims.com/jobs/15366/product-design-engineer/job,"Orchard Park, NY, United States",Orchard Park,NY,United States,Not specified,,,,Space & Defense,2026-08-08,2026-08-08,https://careersen-itt-inc.icims.com/jobs/search?ss=1&searchRelation=keyword_all,ats_detected,5,success_after_fallback
94bb4ec31afa,2026-08-08,64d9022f568a,ITT Enidine,https://www.enidine.com/en-US/Home,https://careersen-itt-inc.icims.com/jobs/search?ss=1&searchRelation=keyword_all,Title Application Engineering Lead,https://careersen-itt-inc.icims.com/jobs/15348/application-engineering-lead/job,"Orchard Park, NY, United States",Orchard Park,NY,United States,Not specified,,,,Space & Defense,2026-08-08,2026-08-08,https://careersen-itt-inc.icims.com/jobs/search?ss=1&searchRelation=keyword_all,ats_detected,5,success_after_fallback
65b0c84c859f,2026-08-08,64d9022f568a,ITT Enidine,https://www.enidine.com/en-US/Home,https://careersen-itt-inc.icims.com/jobs/search?ss=1&searchRelation=keyword_all,Title Senior Sales Engineer,https://careersen-itt-inc.icims.com/jobs/14632/senior-sales-engineer/job,"Orchard Park, NY, United States",Orchard Park,NY,United States,Not specified,,,,Space & Defense,2026-08-08,2026-08-08,https://careersen-itt-inc.icims.com/jobs/search?ss=1&searchRelation=keyword_all,ats_detected,5,success_after_fallback
462f8c035920,2026-08-08,64d9022f568a,ITT Enidine,https://www.enidine.com/en-US/Home,https://careersenus-itt-inc.icims.com/jobs/17345/service-technician/job,Service Technician,https://careersenus-itt-inc.icims.com/jobs/17345/service-technician/referral,"Orchard Park, NY, United States",Orchard Park,NY,United States,Not specified,,,,Space & Defense,2026-08-08,2026-08-08,https://careersenus-itt-inc.icims.com/jobs/17345/service-technician/job,ats_detected,5,success_after_fallback
4c1fcbdffd11,2026-08-08,64d9022f568a,ITT Enidine,https://www.enidine.com/en-US/Home,https://careersenus-itt-inc.icims.com/jobs/17342/trade-%26-supply-chain-data-analytics-co-op-%28fall-2026-spring-2027%29/job,Trade & Supply Chain Data Analytics Co-op (Fall 2026-Spring 2027),https://careersenus-itt-inc.icims.com/jobs/17342/trade-%26-supply-chain-data-analytics-co-op-%28fall-2026-spring-2027%29/job,"Orchard Park, NY, US",Orchard Park,NY,United States,Not specified,,,General,Space & Defense,2026-08-08,2026-08-08,https://careersenus-itt-inc.icims.com/jobs/17342/trade-%26-supply-chain-data-analytics-co-op-%28fall-2026-spring-2027%29/job,ats_detected,4,success_after_fallback
edf0ce3c878b,2026-08-08,64d9022f568a,ITT Enidine,https://www.enidine.com/en-US/Home,https://careersenus-itt-inc.icims.com/jobs/17340/sr-hr-talent-management-business-partner/job,Sr Hr Talent Management Business Partner,https://careersenus-itt-inc.icims.com/jobs/17340/sr-hr-talent-management-business-partner/referral,"Orchard Park, NY, United States",Orchard Park,NY,United States,Not specified,,,,Space & Defense,2026-08-08,2026-08-08,https://careersenus-itt-inc.icims.com/jobs/17340/sr-hr-talent-management-business-partner/job,ats_detected,5,success_after_fallback
80d538ee7935,2026-08-08,64d9022f568a,ITT Enidine,https://www.enidine.com/en-US/Home,https://careersenus-itt-inc.icims.com/jobs/17312/senior-quality-engineer/job,Senior Quality Engineer,https://careersenus-itt-inc.icims.com/jobs/17312/senior-quality-engineer/referral,"Orchard Park, NY, United States",Orchard Park,NY,United States,Not specified,,,,Space & Defense,2026-08-08,2026-08-08,https://careersenus-itt-inc.icims.com/jobs/17312/senior-quality-engineer/job,ats_detected,5,success_after_fallback
bb978639386d,2026-08-08,49a39e5c497b,L3Harris,https://www.l3harris.com/,https://careers.l3harris.com/en,L3Harris Engineering Hiring Event Rochester New York,https://careers.l3harris.com/en/job/rochester/l3harris-engineering-hiring-event-rochester-new-york/4832/95994967088,"Rochester, NY",Rochester,NY,United States,Not specified,,,,Space & Defense,2026-08-08,2026-08-08,https://careers.l3harris.com/en,known_careers_url,4,success
73dec10857f7,2026-08-08,49a39e5c497b,L3Harris,https://www.l3harris.com/,https://careers.l3harris.com/en,L3Harris Engineering Hiring Event Plano Tx 8,https://careers.l3harris.com/en/job/greenville/l3harris-engineering-hiring-event-plano-tx-8-31/4832/98424212832,"Plano, TX",Plano,TX,United States,Not specified,,,,Space & Defense,2026-08-08,2026-08-08,https://careers.l3harris.com/en,known_careers_url,4,success
7af3eba16675,2026-08-08,49a39e5c497b,L3Harris,https://www.l3harris.com/,https://careers.l3harris.com/en,Senior Specialist Systems Engineering Flight Test,https://careers.l3harris.com/en/job/greenville/senior-specialist-systems-engineering-flight-test-1/4832/98899615152,"Greenville, Texas",Greenville,TX,United States,Not specified,,,,Space & Defense,2026-08-08,2026-08-08,https://careers.l3harris.com/en,known_careers_url,4,success
7d9665bd2912,2026-08-08,49a39e5c497b,L3Harris,https://www.l3harris.com/,https://careers.l3harris.com/en,Senior Associate Manufacturing Engineer,https://careers.l3harris.com/en/job/orange/senior-associate-manufacturing-engineer/4832/98887086992,"Orange, Virginia",Orange,VA,United States,Not specified,,,,Space & Defense,2026-08-08,2026-08-08,https://careers.l3harris.com/en,known_careers_url,4,success
5fcaa8160792,2026-08-08,49a39e5c497b,L3Harris,https://www.l3harris.com/,https://careers.l3harris.com/en,Sr Associate Configuration Management,https://careers.l3harris.com/en/job/greenville/sr-associate-configuration-management/4832/98865265424,"Greenville, Texas",Greenville,TX,United States,Not specified,,,,Space & Defense,2026-08-08,2026-08-08,https://careers.l3harris.com/en,known_careers_url,4,success
5f51652f7fc3,2026-08-08,49a39e5c497b,L3Harris,https://www.l3harris.com/,https://careers.l3harris.com/en,Lead Systems Engineer,https://careers.l3harris.com/en/job/salt-lake-city/lead-systems-engineer/4832/98865265408,"Salt Lake City, Utah",Salt Lake City,UT,United States,Not specified,,,,Space & Defense,2026-08-08,2026-08-08,https://careers.l3harris.com/en,known_careers_url,4,success
e21a7aba9708,2026-08-08,49a39e5c497b,L3Harris,https://www.l3harris.com/,https://careers.l3harris.com/en/search-jobs,"Technical Manager - Systems Engineering Engineering Rochester, NY",https://careers.l3harris.com/en/job/rochester/technical-manager-systems-engineering/4832/98865265392,"Rochester, NY",Rochester,NY,United States,Not specified,,,,Space & Defense,2026-08-08,2026-08-08,https://careers.l3harris.com/en/search-jobs,linked_page,4,success_after_fallback
ade5fd81cbf1,2026-08-08,49a39e5c497b,L3Harris,https://www.l3harris.com/,https://careers.l3harris.com/en/search-jobs,"Flight, Operations",https://careers.l3harris.com/en/job/waco/aircraft-maintenance-c-p8-a/4832/98865265328,"Waco, TX",Waco,TX,United States,Not specified,,,,Space & Defense,2026-08-08,2026-08-08,https://careers.l3harris.com/en/search-jobs,linked_page,4,success_after_fallback
246c9222e72b,2026-08-08,49a39e5c497b,L3Harris,https://www.l3harris.com/,https://careers.l3harris.com/en/search-jobs,"Senior Specialist, Corporate Paralegal - Global Entity Management & Corporate Governance Legal Multiple Locations",https://careers.l3harris.com/en/job/melbourne/senior-specialist-corporate-paralegal-global-entity-management-and-corporate-governance/4832/98865265312,"Greece, NY, United States",Greece,NY,United States,Not specified,,,,Space & Defense,2026-08-08,2026-08-08,https://careers.l3harris.com/en/search-jobs,linked_page,4,success_after_fallback
36d7824c2543,2026-08-08,49a39e5c497b,L3Harris,https://www.l3harris.com/,https://careers.l3harris.com/en/search-jobs,"Lead, Trade Compliance Legal Multiple Locations",https://careers.l3harris.com/en/job/melbourne/lead-trade-compliance/4832/98865265296,"Greece, NY, United States",Greece,NY,United States,Not specified,,,,Space & Defense,2026-08-08,2026-08-08,https://careers.l3harris.com/en/search-jobs,linked_page,4,success_after_fallback
3ec7d0f12226,2026-08-08,49a39e5c497b,L3Harris,https://www.l3harris.com/,https://careers.l3harris.com/en/search-jobs,"Manager, Cash Management & Accounts Receivable Finance Remote",https://careers.l3harris.com/en/job/united-states/manager-cash-management-and-accounts-receivable/4832/98865265264,Remote,,,,Remote,,,,Space & Defense,2026-08-08,2026-08-08,https://careers.l3harris.com/en/search-jobs,linked_page,4,success_after_fallback
ae2c7f390b34,2026-08-08,49a39e5c497b,L3Harris,https://www.l3harris.com/,https://careers.l3harris.com/en/search-jobs,Sr Associate Systems Engineer,https://careers.l3harris.com/en/job/clifton/sr-associate-systems-engineer/4832/98865265216,"Greece, NY, United States",Greece,NY,United States,Not specified,,,,Space & Defense,2026-08-08,2026-08-08,https://careers.l3harris.com/en/search-jobs,linked_page,4,success_after_fallback
3a99d167ddeb,2026-08-08,49a39e5c497b,L3Harris,https://www.l3harris.com/,https://careers.l3harris.com/en/search-jobs,Associate Systems Engineer,https://careers.l3harris.com/en/job/salt-lake-city/associate-systems-engineer/4832/98865265200,"Salt Lake City, UT",Salt Lake City,UT,United States,Not specified,,,,Space & Defense,2026-08-08,2026-08-08,https://careers.l3harris.com/en/search-jobs,linked_page,4,success_after_fallback
274f5c35d5a9,2026-08-08,49a39e5c497b,L3Harris,https://www.l3harris.com/,https://careers.l3harris.com/en/job/rochester/l3harris-engineering-hiring-event-rochester-new-york/4832/95994967088,L3Harris Engineering Hiring Event Rochester New York,https://careers.l3harris.com/en/job/rochester/l3harris-engineering-hiring-event-rochester-new-york/4832/search-jobs,"Greece, NY, United States",Greece,NY,United States,Not specified,,,,Space & Defense,2026-08-08,2026-08-08,https://careers.l3harris.com/en/job/rochester/l3harris-engineering-hiring-event-rochester-new-york/4832/95994967088,linked_page,4,success_after_fallback
3d5b42b6a510,2026-08-08,49a39e5c497b,L3Harris,https://www.l3harris.com/,https://careers.l3harris.com/en/job/rochester/l3harris-engineering-hiring-event-rochester-new-york/4832/95994967088,Lead Software Engineer Dsp,https://careers.l3harris.com/en/job/rochester/lead-software-engineer-dsp/4832/98842305120,"Rochester, New York",Rochester,NY,United States,Not specified,,,,Space & Defense,2026-08-08,2026-08-08,https://careers.l3harris.com/en/job/rochester/l3harris-engineering-hiring-event-rochester-new-york/4832/95994967088,linked_page,4,success_after_fallback
58d1413c0eb6,2026-08-08,49a39e5c497b,L3Harris,https://www.l3harris.com/,https://careers.l3harris.com/en/job/rochester/l3harris-engineering-hiring-event-rochester-new-york/4832/95994967088,Senior Associate Electrical Engineering,https://careers.l3harris.com/en/job/rochester/senior-associate-electrical-engineering/4832/98753761136,"Rochester, New York",Rochester,NY,United States,Not specified,,,,Space & Defense,2026-08-08,2026-08-08,https://careers.l3harris.com/en/job/rochester/l3harris-engineering-hiring-event-rochester-new-york/4832/95994967088,linked_page,4,success_after_fallback
ed65274f30d3,2026-08-08,49a39e5c497b,L3Harris,https://www.l3harris.com/,https://careers.l3harris.com/en/job/rochester/l3harris-engineering-hiring-event-rochester-new-york/4832/95994967088,Lead Project Engineering,https://careers.l3harris.com/en/job/rochester/lead-project-engineering/4832/98753761120,"Rochester, New York",Rochester,NY,United States,Not specified,,,,Space & Defense,2026-08-08,2026-08-08,https://careers.l3harris.com/en/job/rochester/l3harris-engineering-hiring-event-rochester-new-york/4832/95994967088,linked_page,4,success_after_fallback
8e7890cf7da9,2026-08-08,49a39e5c497b,L3Harris,https://www.l3harris.com/,https://careers.l3harris.com/en/job/greenville/l3harris-engineering-hiring-event-plano-tx-8-31/4832/98424212832,"L3Harris Engineering Hiring Event - Plano, TX (8/31)",https://careers.l3harris.com/en/job/plano/l3harris-engineering-hiring-event-plano-tx-8-31/4832/98424212832,"Plano, TX, US; Greenville, Texas, United States; Waco, Texas, United States; Rockwall, Texas, United States; Richardson, Texas, United States",Plano,TX,United States,Not specified,,,,Space & Defense,2026-08-08,2026-08-08,https://careers.l3harris.com/en/job/greenville/l3harris-engineering-hiring-event-plano-tx-8-31/4832/98424212832,linked_page,4,success_after_fallback
e196c48b323b,2026-08-08,49a39e5c497b,L3Harris,https://www.l3harris.com/,https://careers.l3harris.com/en/job/greenville/l3harris-engineering-hiring-event-plano-tx-8-31/4832/98424212832,L3Harris Engineering Hiring Event Plano Tx 8,https://careers.l3harris.com/en/job/greenville/l3harris-engineering-hiring-event-plano-tx-8-31/4832/search-jobs,"Greece, NY, United States",Greece,NY,United States,Not specified,,,,Space & Defense,2026-08-08,2026-08-08,https://careers.l3harris.com/en/job/greenville/l3harris-engineering-hiring-event-plano-tx-8-31/4832/98424212832,linked_page,4,success_after_fallback
ba1a6d08529b,2026-08-08,49a39e5c497b,L3Harris,https://www.l3harris.com/,https://careers.l3harris.com/en/job/greenville/l3harris-engineering-hiring-event-plano-tx-8-31/4832/98424212832,Flight Sciences Technical Program Lead,https://careers.l3harris.com/en/job/plano/flight-sciences-technical-program-lead/4832/98852971568,"Plano, Texas, Greenville, Texas, Rockwall, Texas",Plano,TX,United States,Not specified,,,,Space & Defense,2026-08-08,2026-08-08,https://careers.l3harris.com/en/job/greenville/l3harris-engineering-hiring-event-plano-tx-8-31/4832/98424212832,linked_page,4,success_after_fallback
dc45239929fd,2026-08-08,49a39e5c497b,L3Harris,https://www.l3harris.com/,https://careers.l3harris.com/en/job/greenville/l3harris-engineering-hiring-event-plano-tx-8-31/4832/98424212832,Sr Specialist Structural Stress Engineer,https://careers.l3harris.com/en/job/plano/sr-specialist-structural-stress-engineer/4832/98847462832,"Plano, Texas, Greenville, Texas, Rockwall, Texas",Plano,TX,United States,Not specified,,,,Space & Defense,2026-08-08,2026-08-08,https://careers.l3harris.com/en/job/greenville/l3harris-engineering-hiring-event-plano-tx-8-31/4832/98424212832,linked_page,4,success_after_fallback
b5bd20eedde7,2026-08-08,49a39e5c497b,L3Harris,https://www.l3harris.com/,https://careers.l3harris.com/en/job/greenville/l3harris-engineering-hiring-event-plano-tx-8-31/4832/98424212832,Specialist Electrical Engineer,https://careers.l3harris.com/en/job/plano/specialist-electrical-engineer/4832/98847462800,"Plano, Texas",Plano,TX,United States,Not specified,,,,Space & Defense,2026-08-08,2026-08-08,https://careers.l3harris.com/en/job/greenville/l3harris-engineering-hiring-event-plano-tx-8-31/4832/98424212832,linked_page,4,success_after_fallback
c2efe61d4ae9,2026-08-08,49a39e5c497b,L3Harris,https://www.l3harris.com/,"https://careers.l3harris.com/en/search-jobs?acm=8686208,8679712,62721&alrpm=ALL&ascf=[%7B%22key%22:%22ALL%22,%22value%22:%22%22%7D]",Senior Associate Mechanical Engineer,https://careers.l3harris.com/en/job/londonderry/senior-associate-mechanical-engineer/4832/98865265168,"Londonderry, NH",Londonderry,NH,United States,Not specified,,,,Space & Defense,2026-08-08,2026-08-08,"https://careers.l3harris.com/en/search-jobs?acm=8686208,8679712,62721&alrpm=ALL&ascf=[%7B%22key%22:%22ALL%22,%22value%22:%22%22%7D]",linked_page,4,success_after_fallback
a910326e66f3,2026-08-08,49a39e5c497b,L3Harris,https://www.l3harris.com/,"https://careers.l3harris.com/en/search-jobs?acm=8686208,8679712,62721&alrpm=ALL&ascf=[%7B%22key%22:%22ALL%22,%22value%22:%22%22%7D]",Associate Program Finance,https://careers.l3harris.com/en/job/clifton/associate-program-finance/4832/98865265136,"Greece, NY, United States",Greece,NY,United States,Not specified,,,,Space & Defense,2026-08-08,2026-08-08,"https://careers.l3harris.com/en/search-jobs?acm=8686208,8679712,62721&alrpm=ALL&ascf=[%7B%22key%22:%22ALL%22,%22value%22:%22%22%7D]",linked_page,4,success_after_fallback
5e0428926558,2026-08-08,49a39e5c497b,L3Harris,https://www.l3harris.com/,"https://careers.l3harris.com/en/search-jobs?acm=8686208,8679712,62721&alrpm=ALL&ascf=[%7B%22key%22:%22ALL%22,%22value%22:%22%22%7D]",Associate Logistics,https://careers.l3harris.com/en/job/rochester/associate-logistics/4832/98865265104,"Rochester, NY",Rochester,NY,United States,Not specified,,,,Space & Defense,2026-08-08,2026-08-08,"https://careers.l3harris.com/en/search-jobs?acm=8686208,8679712,62721&alrpm=ALL&ascf=[%7B%22key%22:%22ALL%22,%22value%22:%22%22%7D]",linked_page,4,success_after_fallback
663fa28adac9,2026-08-08,49a39e5c497b,L3Harris,https://www.l3harris.com/,"https://careers.l3harris.com/en/search-jobs?acm=8686208,8679712,62721&alrpm=ALL&ascf=[%7B%22key%22:%22ALL%22,%22value%22:%22%22%7D]",Associate Proposal Management,https://careers.l3harris.com/en/job/lynchburg/associate-proposal-management/4832/98865265088,"Lynchburg, VA",Lynchburg,VA,United States,Not specified,,,,Space & Defense,2026-08-08,2026-08-08,"https://careers.l3harris.com/en/search-jobs?acm=8686208,8679712,62721&alrpm=ALL&ascf=[%7B%22key%22:%22ALL%22,%22value%22:%22%22%7D]",linked_page,4,success_after_fallback
4bbcfdebcc39,2026-08-08,49a39e5c497b,L3Harris,https://www.l3harris.com/,"https://careers.l3harris.com/en/search-jobs?acm=8686208,8679712,62721&alrpm=ALL&ascf=[%7B%22key%22:%22ALL%22,%22value%22:%22%22%7D]",Associate Systems Engineer,https://careers.l3harris.com/en/job/clifton/associate-systems-engineer/4832/98865265072,"Clifton, NJ",Clifton,NJ,United States,Not specified,,,,Space & Defense,2026-08-08,2026-08-08,"https://careers.l3harris.com/en/search-jobs?acm=8686208,8679712,62721&alrpm=ALL&ascf=[%7B%22key%22:%22ALL%22,%22value%22:%22%22%7D]",linked_page,4,success_after_fallback
182dd28ba487,2026-08-08,49a39e5c497b,L3Harris,https://www.l3harris.com/,"https://careers.l3harris.com/en/search-jobs?acm=8686208,8679712,62721&alrpm=ALL&ascf=[%7B%22key%22:%22ALL%22,%22value%22:%22%22%7D]",Associate Software Engineer,https://careers.l3harris.com/en/job/clifton/associate-software-engineer/4832/98865265040,"Greece, NY, United States",Greece,NY,United States,Not specified,,,,Space & Defense,2026-08-08,2026-08-08,"https://careers.l3harris.com/en/search-jobs?acm=8686208,8679712,62721&alrpm=ALL&ascf=[%7B%22key%22:%22ALL%22,%22value%22:%22%22%7D]",linked_page,4,success_after_fallback
ba8e4968ce59,2026-08-08,49a39e5c497b,L3Harris,https://www.l3harris.com/,"https://careers.l3harris.com/en/search-jobs?acm=8686208,8679712,62721&alrpm=ALL&ascf=[%7B%22key%22:%22ALL%22,%22value%22:%22%22%7D]",Associate Software Engineer,https://careers.l3harris.com/en/job/salt-lake-city/associate-software-engineer/4832/98852972048,"Salt Lake City, UT",Salt Lake City,UT,United States,Not specified,,,,Space & Defense,2026-08-08,2026-08-08,"https://careers.l3harris.com/en/search-jobs?acm=8686208,8679712,62721&alrpm=ALL&ascf=[%7B%22key%22:%22ALL%22,%22value%22:%22%22%7D]",linked_page,4,success_after_fallback
c039e0d8aed8,2026-08-08,49a39e5c497b,L3Harris,https://www.l3harris.com/,"https://careers.l3harris.com/en/search-jobs?acm=8686208,8679712,62721&alrpm=ALL&ascf=[%7B%22key%22:%22ALL%22,%22value%22:%22%22%7D]",Associate Software Engineering,https://careers.l3harris.com/en/job/lynchburg/associate-software-engineering/4832/98852972016,"Lynchburg, VA",Lynchburg,VA,United States,Not specified,,,,Space & Defense,2026-08-08,2026-08-08,"https://careers.l3harris.com/en/search-jobs?acm=8686208,8679712,62721&alrpm=ALL&ascf=[%7B%22key%22:%22ALL%22,%22value%22:%22%22%7D]",linked_page,4,success_after_fallback
760c045a6865,2026-08-08,49a39e5c497b,L3Harris,https://www.l3harris.com/,"https://careers.l3harris.com/en/search-jobs?acm=8686208,8679712,62721&alrpm=ALL&ascf=[%7B%22key%22:%22ALL%22,%22value%22:%22%22%7D]",Associate Software Engineering,https://careers.l3harris.com/en/job/sunrise/associate-software-engineering/4832/98852971984,"Sunrise, Broward, FL",Sunrise,FL,United States,Not specified,,,,Space & Defense,2026-08-08,2026-08-08,"https://careers.l3harris.com/en/search-jobs?acm=8686208,8679712,62721&alrpm=ALL&ascf=[%7B%22key%22:%22ALL%22,%22value%22:%22%22%7D]",linked_page,4,success_after_fallback
300791b87e47,2026-08-08,49a39e5c497b,L3Harris,https://www.l3harris.com/,"https://careers.l3harris.com/en/search-jobs?acm=8686208,8679712,62721&alrpm=ALL&ascf=[%7B%22key%22:%22ALL%22,%22value%22:%22%22%7D]",Senior Associate Software Engineering,https://careers.l3harris.com/en/job/lynchburg/senior-associate-software-engineering/4832/98847462720,"Lynchburg, VA",Lynchburg,VA,United States,Not specified,,,,Space & Defense,2026-08-08,2026-08-08,"https://careers.l3harris.com/en/search-jobs?acm=8686208,8679712,62721&alrpm=ALL&ascf=[%7B%22key%22:%22ALL%22,%22value%22:%22%22%7D]",linked_page,4,success_after_fallback
092c871fb2ce,2026-08-08,49a39e5c497b,L3Harris,https://www.l3harris.com/,"https://careers.l3harris.com/en/search-jobs?acm=8686208,8679712,62721&alrpm=ALL&ascf=[%7B%22key%22:%22ALL%22,%22value%22:%22%22%7D]",Associate Financial Planning And Analysis,https://careers.l3harris.com/en/job/plano/associate-financial-planning-and-analysis/4832/98842305248,"Plano, TX",Plano,TX,United States,Not specified,,,,Space & Defense,2026-08-08,2026-08-08,"https://careers.l3harris.com/en/search-jobs?acm=8686208,8679712,62721&alrpm=ALL&ascf=[%7B%22key%22:%22ALL%22,%22value%22:%22%22%7D]",linked_page,4,success_after_fallback
033b5ee45c6b,2026-08-08,49a39e5c497b,L3Harris,https://www.l3harris.com/,"https://careers.l3harris.com/en/search-jobs?acm=8686208,8679712,62721&alrpm=ALL&ascf=[%7B%22key%22:%22ALL%22,%22value%22:%22%22%7D]",Associate Material Management,https://careers.l3harris.com/en/job/palm-bay/associate-material-management/4832/98833260176,"Palm Bay, Brevard, FL",Palm Bay,FL,United States,Not specified,,,,Space & Defense,2026-08-08,2026-08-08,"https://careers.l3harris.com/en/search-jobs?acm=8686208,8679712,62721&alrpm=ALL&ascf=[%7B%22key%22:%22ALL%22,%22value%22:%22%22%7D]",linked_page,4,success_after_fallback
b989194ca398,2026-08-08,49a39e5c497b,L3Harris,https://www.l3harris.com/,"https://careers.l3harris.com/en/search-jobs?acm=8686208,8679712,62721&alrpm=ALL&ascf=[%7B%22key%22:%22ALL%22,%22value%22:%22%22%7D]",Associate Field Engineering,https://careers.l3harris.com/en/job/melbourne/associate-field-engineering/4832/98807498208,"Melbourne, FL",Melbourne,FL,United States,Not specified,,,,Space & Defense,2026-08-08,2026-08-08,"https://careers.l3harris.com/en/search-jobs?acm=8686208,8679712,62721&alrpm=ALL&ascf=[%7B%22key%22:%22ALL%22,%22value%22:%22%22%7D]",linked_page,4,success_after_fallback
05ed50814fd2,2026-08-08,49a39e5c497b,L3Harris,https://www.l3harris.com/,https://careers.l3harris.com/en/job/huntsville/l3harris-career-fair-huntsville-al/4832/97208729920,"L3Harris Career Fair - Huntsville, AL",https://careers.l3harris.com/en/job/huntsville/l3harris-career-fair-huntsville-al/4832/97208729920,"Huntsville, AL, US",Huntsville,AL,United States,Not specified,,,,Space & Defense,2026-08-08,2026-08-08,https://careers.l3harris.com/en/job/huntsville/l3harris-career-fair-huntsville-al/4832/97208729920,linked_page,3,success_after_fallback
e43f82d27bd0,2026-08-08,49a39e5c497b,L3Harris,https://www.l3harris.com/,https://careers.l3harris.com/en/job/huntsville/l3harris-career-fair-huntsville-al/4832/97208729920,Senior Specialist Automation,https://careers.l3harris.com/en/job/huntsville/senior-specialist-automation/4832/98852971808,"Huntsville, Alabama",Huntsville,AL,United States,Not specified,,,,Space & Defense,2026-08-08,2026-08-08,https://careers.l3harris.com/en/job/huntsville/l3harris-career-fair-huntsville-al/4832/97208729920,linked_page,4,success_after_fallback
6b37ee73b960,2026-08-08,49a39e5c497b,L3Harris,https://www.l3harris.com/,https://careers.l3harris.com/en/job/huntsville/l3harris-career-fair-huntsville-al/4832/97208729920,Lead Manufacturing Engineer Automation,https://careers.l3harris.com/en/job/huntsville/lead-manufacturing-engineer-automation/4832/98726436784,"Huntsville, Alabama, Camden, Arkansas",Huntsville,AL,United States,Not specified,,,,Space & Defense,2026-08-08,2026-08-08,https://careers.l3harris.com/en/job/huntsville/l3harris-career-fair-huntsville-al/4832/97208729920,linked_page,4,success_after_fallback
c948c38272e7,2026-08-08,b5d41f3f3457,Lockheed Martin,https://www.lockheedmartin.com/,https://www.lockheedmartin.com/en-us/careers/candidates/students-early-careers.html,Meet our Interns,https://www.lockheedmartin.com/en-us/careers/life-at-lm/2023/early-career-lessons-learned.html,"Ballston Spa, NY, United States",Ballston Spa,NY,United States,Not specified,,,,Space & Defense,2026-08-08,2026-08-08,https://www.lockheedmartin.com/en-us/careers/candidates/students-early-careers.html,linked_page,4,success_after_fallback
1a9f2b6c922b,2026-08-08,b5d41f3f3457,Lockheed Martin,https://www.lockheedmartin.com/,https://www.lockheedmartin.com/en-us/careers/candidates/students-early-careers/high-school.html,Top Engineers Influence Top Gun,https://www.lockheedmartin.com/en-us/careers/life-at-lm/2023/top-gun-movie.html,"Ballston Spa, NY, United States",Ballston Spa,NY,United States,Not specified,,,,Space & Defense,2026-08-08,2026-08-08,https://www.lockheedmartin.com/en-us/careers/candidates/students-early-careers/high-school.html,linked_page,4,success_after_fallback
4b4ea05ca0db,2026-08-08,ee835297a5f7,Magellan Aerospace,https://magellan.aero/,https://careers.magellan.aero/search?createNewAlert=false&q=&locationsearch=&optionsFacetsDD_department=,Sr. Supervisor of Operations,https://careers.magellan.aero/job/Middletown-Sr_-Supervisor-of-Operations-OH-45042/604239817,"Bohemia, NY, United States",Bohemia,NY,United States,Not specified,,,,Core Space,2026-08-08,2026-08-08,https://careers.magellan.aero/search?createNewAlert=false&q=&locationsearch=&optionsFacetsDD_department=,linked_page,4,success_after_fallback
8a851aae17e6,2026-08-08,ee835297a5f7,Magellan Aerospace,https://magellan.aero/,https://careers.magellan.aero/search?createNewAlert=false&q=&locationsearch=&optionsFacetsDD_department=,Maintenance Associate (Weekend Shift),https://careers.magellan.aero/job/West-Babylon-Maintenance-Associate-%28Weekend-Shift%29-NY-11704/602493317,"Bohemia, NY, United States",Bohemia,NY,United States,Not specified,,,,Core Space,2026-08-08,2026-08-08,https://careers.magellan.aero/search?createNewAlert=false&q=&locationsearch=&optionsFacetsDD_department=,linked_page,4,success_after_fallback
075ff634723d,2026-08-08,ee835297a5f7,Magellan Aerospace,https://magellan.aero/,https://careers.magellan.aero/search?createNewAlert=false&q=&locationsearch=&optionsFacetsDD_department=,CMM Operator (Night Shift),https://careers.magellan.aero/job/Bohemia-CMM-Operator-%28Night-Shift%29-NY-11716/602427817,"Bohemia, NY, United States",Bohemia,NY,United States,Not specified,,,,Core Space,2026-08-08,2026-08-08,https://careers.magellan.aero/search?createNewAlert=false&q=&locationsearch=&optionsFacetsDD_department=,linked_page,4,success_after_fallback
aea8cc6d7fcf,2026-08-08,ee835297a5f7,Magellan Aerospace,https://magellan.aero/,https://careers.magellan.aero/search?createNewAlert=false&q=&locationsearch=&optionsFacetsDD_department=,Finance Analyst,https://careers.magellan.aero/job/Winnipeg-Finance-Analyst-MB-R3H-0S5/604210317,"Bohemia, NY, United States",Bohemia,NY,United States,Not specified,,,,Core Space,2026-08-08,2026-08-08,https://careers.magellan.aero/search?createNewAlert=false&q=&locationsearch=&optionsFacetsDD_department=,linked_page,4,success_after_fallback
94048dc5d393,2026-08-08,ee835297a5f7,Magellan Aerospace,https://magellan.aero/,https://careers.magellan.aero/search?createNewAlert=false&q=&locationsearch=&optionsFacetsDD_department=,Senior Laboratory Technician,https://careers.magellan.aero/job/West-Babylon-Senior-Laboratory-Technician-NY-11704/603218517,"Bohemia, NY, United States",Bohemia,NY,United States,Not specified,,,,Core Space,2026-08-08,2026-08-08,https://careers.magellan.aero/search?createNewAlert=false&q=&locationsearch=&optionsFacetsDD_department=,linked_page,4,success_after_fallback
624b7dde4832,2026-08-08,ee835297a5f7,Magellan Aerospace,https://magellan.aero/,https://careers.magellan.aero/search?createNewAlert=false&q=&locationsearch=&optionsFacetsDD_department=,Program Manager,https://careers.magellan.aero/job/Corona-Program-Manager-NY-11368/601476617,"Bohemia, NY, United States",Bohemia,NY,United States,Not specified,,,,Core Space,2026-08-08,2026-08-08,https://careers.magellan.aero/search?createNewAlert=false&q=&locationsearch=&optionsFacetsDD_department=,linked_page,4,success_after_fallback
dd3bf08cbd17,2026-08-08,ee835297a5f7,Magellan Aerospace,https://magellan.aero/,https://careers.magellan.aero/search?createNewAlert=false&q=&locationsearch=&optionsFacetsDD_department=,Quality Specialist,https://careers.magellan.aero/job/Glendale-Quality-Specialist-AZ-85301/605041417,"Bohemia, NY, United States",Bohemia,NY,United States,Not specified,,,,Core Space,2026-08-08,2026-08-08,https://careers.magellan.aero/search?createNewAlert=false&q=&locationsearch=&optionsFacetsDD_department=,linked_page,4,success_after_fallback
7e442ede4466,2026-08-08,ee835297a5f7,Magellan Aerospace,https://magellan.aero/,https://careers.magellan.aero/search?createNewAlert=false&q=&locationsearch=&optionsFacetsDD_department=,Shipping & Receiving Associate (Weekend Shift),https://careers.magellan.aero/job/West-Babylon-Shipping-&-Receiving-Associate-%28Weekend-Shift%29-NY-11704/599823617,"Bohemia, NY, United States",Bohemia,NY,United States,Not specified,,,,Core Space,2026-08-08,2026-08-08,https://careers.magellan.aero/search?createNewAlert=false&q=&locationsearch=&optionsFacetsDD_department=,linked_page,4,success_after_fallback
e0d6e0f29122,2026-08-08,ee835297a5f7,Magellan Aerospace,https://magellan.aero/,https://careers.magellan.aero/search?createNewAlert=false&q=&locationsearch=&optionsFacetsDD_department=,Program Manager,https://careers.magellan.aero/job/Kitchener-Program-Manager-ON-N2C-1J1/604997817,"Bohemia, NY, United States",Bohemia,NY,United States,Not specified,,,,Core Space,2026-08-08,2026-08-08,https://careers.magellan.aero/search?createNewAlert=false&q=&locationsearch=&optionsFacetsDD_department=,linked_page,4,success_after_fallback
9f7db32aef7e,2026-08-08,ee835297a5f7,Magellan Aerospace,https://magellan.aero/,https://careers.magellan.aero/search?createNewAlert=false&q=&locationsearch=&optionsFacetsDD_department=,Shipping & Receiving Associate (First Shift),https://careers.magellan.aero/job/West-Babylon-Shipping-&-Receiving-Associate-%28First-Shift%29-NY-11704/604994717,"Bohemia, NY, United States",Bohemia,NY,United States,Not specified,,,,Core Space,2026-08-08,2026-08-08,https://careers.magellan.aero/search?createNewAlert=false&q=&locationsearch=&optionsFacetsDD_department=,linked_page,4,success_after_fallback
035373a1e3bc,2026-08-08,ee835297a5f7,Magellan Aerospace,https://magellan.aero/,https://careers.magellan.aero/search?createNewAlert=false&q=&locationsearch=&optionsFacetsDD_department=,Supplier Quality Engineer,https://careers.magellan.aero/job/Haverhill-Supplier-Quality-Engineer-MA-01832/604989017,"Bohemia, NY, United States",Bohemia,NY,United States,Not specified,,,,Core Space,2026-08-08,2026-08-08,https://careers.magellan.aero/search?createNewAlert=false&q=&locationsearch=&optionsFacetsDD_department=,linked_page,4,success_after_fallback
24a6f20ebbd3,2026-08-08,ee835297a5f7,Magellan Aerospace,https://magellan.aero/,https://careers.magellan.aero/search?createNewAlert=false&q=&locationsearch=&optionsFacetsDD_department=,Industrial Electrical Supervisor,https://careers.magellan.aero/job/Haley-Station-Industrial-Electrical-Supervisor-ON-K0J-1Y0/603223317,"Bohemia, NY, United States",Bohemia,NY,United States,Not specified,,,,Core Space,2026-08-08,2026-08-08,https://careers.magellan.aero/search?createNewAlert=false&q=&locationsearch=&optionsFacetsDD_department=,linked_page,4,success_after_fallback
9e2876498f24,2026-08-08,ee835297a5f7,Magellan Aerospace,https://magellan.aero/,https://careers.magellan.aero/search?createNewAlert=false&q=&locationsearch=&optionsFacetsDD_department=,N/C Lathe Operator,https://careers.magellan.aero/job/Corona-NC-Lathe-Operator-NY-11368/600480217,"Bohemia, NY, United States",Bohemia,NY,United States,Not specified,,,,Core Space,2026-08-08,2026-08-08,https://careers.magellan.aero/search?createNewAlert=false&q=&locationsearch=&optionsFacetsDD_department=,linked_page,4,success_after_fallback
ec717ebe2e87,2026-08-08,c67c1581a301,Mini Circuits Brooklyn,https://www.minicircuits.com/,https://jobs.jobvite.com/mini-circuits/jobs/positions,Engineering Pipeline,https://jobs.jobvite.com/mini-circuits/jobs/pipeline,"Brooklyn, NY, United States",Brooklyn,NY,United States,Not specified,,,,Core Space,2026-08-08,2026-08-08,https://jobs.jobvite.com/mini-circuits/jobs/positions,known_careers_url,4,success
1f6cba0ba94a,2026-08-08,c67c1581a301,Mini Circuits Brooklyn,https://www.minicircuits.com/,https://jobs.jobvite.com/mini-circuits/jobs/positions,Senior Manager Environmental Health & Safety Full-Time 2 Locations,https://jobs.jobvite.com/mini-circuits/job/od4qAfw1,"Brooklyn, NY, United States",Brooklyn,NY,United States,Not specified,,,,Core Space,2026-08-08,2026-08-08,https://jobs.jobvite.com/mini-circuits/jobs/positions,known_careers_url,4,success
ca529755a740,2026-08-08,c67c1581a301,Mini Circuits Brooklyn,https://www.minicircuits.com/,https://jobs.jobvite.com/mini-circuits/jobs/positions,"Robotic Operations Specialist Full-Time Deer Park, New York",https://jobs.jobvite.com/mini-circuits/job/o4KAAfwI,"Deer Park, New York",Deer Park,NY,United States,Not specified,,,,Core Space,2026-08-08,2026-08-08,https://jobs.jobvite.com/mini-circuits/jobs/positions,known_careers_url,4,success
cb884746afa4,2026-08-08,c67c1581a301,Mini Circuits Brooklyn,https://www.minicircuits.com/,https://jobs.jobvite.com/mini-circuits/jobs/positions,"Mechanical Design Engineer I Full-Time Melville, New York",https://jobs.jobvite.com/mini-circuits/job/oWJAAfwz,"Melville, New York",Melville,NY,United States,Not specified,,,,Core Space,2026-08-08,2026-08-08,https://jobs.jobvite.com/mini-circuits/jobs/positions,known_careers_url,4,success
68e8408ff31a,2026-08-08,c67c1581a301,Mini Circuits Brooklyn,https://www.minicircuits.com/,https://jobs.jobvite.com/mini-circuits/jobs/positions,"Quality Engineer Full-Time Hialeah, Florida",https://jobs.jobvite.com/mini-circuits/job/o3mxxfwd,"Hialeah, Florida",Hialeah,FL,United States,Not specified,,,,Core Space,2026-08-08,2026-08-08,https://jobs.jobvite.com/mini-circuits/jobs/positions,known_careers_url,4,success
6e74b6f1efe0,2026-08-08,c67c1581a301,Mini Circuits Brooklyn,https://www.minicircuits.com/,https://jobs.jobvite.com/mini-circuits/jobs/positions,Field Applications Engineer - West Coast,https://jobs.jobvite.com/mini-circuits/job/o9l3zfwQ,"Remote, California",Remote,CA,United States,Remote,,,,Core Space,2026-08-08,2026-08-08,https://jobs.jobvite.com/mini-circuits/jobs/positions,known_careers_url,4,success
913280d599b2,2026-08-08,c67c1581a301,Mini Circuits Brooklyn,https://www.minicircuits.com/,https://jobs.jobvite.com/mini-circuits/jobs/positions,Field Applications Engineer NA Central,https://jobs.jobvite.com/mini-circuits/job/oaGmAfww,"Remote, New York",Remote,NY,United States,Remote,,,,Core Space,2026-08-08,2026-08-08,https://jobs.jobvite.com/mini-circuits/jobs/positions,known_careers_url,4,success
ce59b6ee18c5,2026-08-08,c67c1581a301,Mini Circuits Brooklyn,https://www.minicircuits.com/,https://jobs.jobvite.com/mini-circuits/jobs/positions,RF Technician I,https://jobs.jobvite.com/mini-circuits/job/oq5vAfwk,"Deer Park, New York",Deer Park,NY,United States,Not specified,,,,Core Space,2026-08-08,2026-08-08,https://jobs.jobvite.com/mini-circuits/jobs/positions,known_careers_url,4,success
ff326000f6a1,2026-08-08,c67c1581a301,Mini Circuits Brooklyn,https://www.minicircuits.com/,https://jobs.jobvite.com/mini-circuits/jobs/positions,Engineer Operations Manager - DBU,https://jobs.jobvite.com/mini-circuits/job/o9R8zfwr,"Melville, New York",Melville,NY,United States,Not specified,,,,Core Space,2026-08-08,2026-08-08,https://jobs.jobvite.com/mini-circuits/jobs/positions,known_careers_url,4,success
cad7ef9c7bf2,2026-08-08,c67c1581a301,Mini Circuits Brooklyn,https://www.minicircuits.com/,https://jobs.jobvite.com/mini-circuits/jobs/positions,RF Design Engineer I,https://jobs.jobvite.com/mini-circuits/job/oaJjAfww,"Hialeah, Florida",Hialeah,FL,United States,Not specified,,,,Core Space,2026-08-08,2026-08-08,https://jobs.jobvite.com/mini-circuits/jobs/positions,known_careers_url,4,success
fd6473f727d6,2026-08-08,c67c1581a301,Mini Circuits Brooklyn,https://www.minicircuits.com/,https://jobs.jobvite.com/mini-circuits/jobs/positions,Senior Manager of Design Engineering,https://jobs.jobvite.com/mini-circuits/job/ocTgvfwA,"Hialeah, Florida",Hialeah,FL,United States,Not specified,,,,Core Space,2026-08-08,2026-08-08,https://jobs.jobvite.com/mini-circuits/jobs/positions,known_careers_url,4,success
708c76c41cf3,2026-08-08,c67c1581a301,Mini Circuits Brooklyn,https://www.minicircuits.com/,https://jobs.jobvite.com/mini-circuits/jobs/positions,Senior Product Engineer,https://jobs.jobvite.com/mini-circuits/job/omwuzfwF,"Hialeah, Florida",Hialeah,FL,United States,Not specified,,,,Core Space,2026-08-08,2026-08-08,https://jobs.jobvite.com/mini-circuits/jobs/positions,known_careers_url,4,success
563a04aebf6a,2026-08-08,c67c1581a301,Mini Circuits Brooklyn,https://www.minicircuits.com/,https://jobs.jobvite.com/mini-circuits/jobs/positions,Senior Project Manager,https://jobs.jobvite.com/mini-circuits/job/o9dlAfw1,"Hialeah, Florida",Hialeah,FL,United States,Not specified,,,,Core Space,2026-08-08,2026-08-08,https://jobs.jobvite.com/mini-circuits/jobs/positions,known_careers_url,4,success
cae170d97e5c,2026-08-08,c67c1581a301,Mini Circuits Brooklyn,https://www.minicircuits.com/,https://jobs.jobvite.com/mini-circuits/jobs/positions,Engineering Project Manager II,https://jobs.jobvite.com/mini-circuits/job/opZpAfw7,"Deer Park, New York",Deer Park,NY,United States,Not specified,,,,Core Space,2026-08-08,2026-08-08,https://jobs.jobvite.com/mini-circuits/jobs/positions,known_careers_url,4,success
cced1bd3bb9a,2026-08-08,c67c1581a301,Mini Circuits Brooklyn,https://www.minicircuits.com/,https://jobs.jobvite.com/mini-circuits/jobs/positions,Engineering Manager,https://jobs.jobvite.com/mini-circuits/job/o856zfwC,"Melville, New York",Melville,NY,United States,Not specified,,,,Core Space,2026-08-08,2026-08-08,https://jobs.jobvite.com/mini-circuits/jobs/positions,known_careers_url,4,success
a156d077534b,2026-08-08,c67c1581a301,Mini Circuits Brooklyn,https://www.minicircuits.com/,https://jobs.jobvite.com/mini-circuits/jobs/positions,Principal Design Engineer,https://jobs.jobvite.com/mini-circuits/job/oML0zfwQ,"Carlsbad, California",Carlsbad,CA,United States,Not specified,,,,Core Space,2026-08-08,2026-08-08,https://jobs.jobvite.com/mini-circuits/jobs/positions,known_careers_url,4,success
ad4046e78f2f,2026-08-08,c67c1581a301,Mini Circuits Brooklyn,https://www.minicircuits.com/,https://jobs.jobvite.com/mini-circuits/jobs/positions,RF Test Engineer - MMIC,https://jobs.jobvite.com/mini-circuits/job/oaxwAfwx,"Carlsbad, California",Carlsbad,CA,United States,Not specified,,,,Core Space,2026-08-08,2026-08-08,https://jobs.jobvite.com/mini-circuits/jobs/positions,known_careers_url,4,success
f58acd793692,2026-08-08,c67c1581a301,Mini Circuits Brooklyn,https://www.minicircuits.com/,https://jobs.jobvite.com/mini-circuits/jobs/positions,Development Test Engineer II,https://jobs.jobvite.com/mini-circuits/job/ofhVzfwK,"Brooklyn, New York",Brooklyn,NY,United States,Not specified,,,,Core Space,2026-08-08,2026-08-08,https://jobs.jobvite.com/mini-circuits/jobs/positions,known_careers_url,4,success
95fd8732f9fe,2026-08-08,c67c1581a301,Mini Circuits Brooklyn,https://www.minicircuits.com/,https://jobs.jobvite.com/mini-circuits/jobs/positions,PCB Designer II - MMIC,https://jobs.jobvite.com/mini-circuits/job/ovBkAfwK,"Melville, New York",Melville,NY,United States,Not specified,,,,Core Space,2026-08-08,2026-08-08,https://jobs.jobvite.com/mini-circuits/jobs/positions,known_careers_url,4,success
3a888e3d6aa2,2026-08-08,c67c1581a301,Mini Circuits Brooklyn,https://www.minicircuits.com/,https://jobs.jobvite.com/mini-circuits/jobs/positions,Senior Mechanical Design Engineer,https://jobs.jobvite.com/mini-circuits/job/ocdjAfw2,"Melville, New York",Melville,NY,United States,Not specified,,,,Core Space,2026-08-08,2026-08-08,https://jobs.jobvite.com/mini-circuits/jobs/positions,known_careers_url,4,success
3b79409f6427,2026-08-08,c67c1581a301,Mini Circuits Brooklyn,https://www.minicircuits.com/,https://jobs.jobvite.com/mini-circuits/jobs/positions,Automation Systems Engineer II,https://jobs.jobvite.com/mini-circuits/job/oUNKyfwJ,"Brooklyn, New York",Brooklyn,NY,United States,Not specified,,,,Core Space,2026-08-08,2026-08-08,https://jobs.jobvite.com/mini-circuits/jobs/positions,known_careers_url,4,success
9d9a98d628aa,2026-08-08,c67c1581a301,Mini Circuits Brooklyn,https://www.minicircuits.com/,https://jobs.jobvite.com/mini-circuits/jobs/positions,Manufacturing Automation Technician,https://jobs.jobvite.com/mini-circuits/job/oFs4zfwu,"Brooklyn, New York",Brooklyn,NY,United States,Not specified,,,,Core Space,2026-08-08,2026-08-08,https://jobs.jobvite.com/mini-circuits/jobs/positions,known_careers_url,4,success
c839efcea6da,2026-08-08,c67c1581a301,Mini Circuits Brooklyn,https://www.minicircuits.com/,https://jobs.jobvite.com/mini-circuits/jobs/positions,NA Operations Project Manager III,https://jobs.jobvite.com/mini-circuits/job/oMhWyfwh,"Brooklyn, New York",Brooklyn,NY,United States,Not specified,,,,Core Space,2026-08-08,2026-08-08,https://jobs.jobvite.com/mini-circuits/jobs/positions,known_careers_url,4,success
5eb561230770,2026-08-08,c67c1581a301,Mini Circuits Brooklyn,https://www.minicircuits.com/,https://jobs.jobvite.com/mini-circuits/jobs/positions,Senior Product Manager,https://jobs.jobvite.com/mini-circuits/job/oCWUzfwL,"Melville, New York",Melville,NY,United States,Not specified,,,,Core Space,2026-08-08,2026-08-08,https://jobs.jobvite.com/mini-circuits/jobs/positions,known_careers_url,4,success
791ff36d567d,2026-08-08,c67c1581a301,Mini Circuits Brooklyn,https://www.minicircuits.com/,https://jobs.jobvite.com/mini-circuits/jobs/positions,Supply Chain Project Manager,https://jobs.jobvite.com/mini-circuits/job/oxObAfwQ,"Melville, New York",Melville,NY,United States,Not specified,,,,Core Space,2026-08-08,2026-08-08,https://jobs.jobvite.com/mini-circuits/jobs/positions,known_careers_url,4,success
d6ba4f131525,2026-08-08,c67c1581a301,Mini Circuits Brooklyn,https://www.minicircuits.com/,https://jobs.jobvite.com/mini-circuits/jobs/positions,SAP ERP Manager,https://jobs.jobvite.com/mini-circuits/job/ogUJzfwc,"Brooklyn, NY, United States",Brooklyn,NY,United States,Not specified,,,,Core Space,2026-08-08,2026-08-08,https://jobs.jobvite.com/mini-circuits/jobs/positions,known_careers_url,4,success
1f5311b4790e,2026-08-08,c67c1581a301,Mini Circuits Brooklyn,https://www.minicircuits.com/,https://jobs.jobvite.com/mini-circuits/jobs/positions,SAP Finance (FICO) Solution Specialist,https://jobs.jobvite.com/mini-circuits/job/o4t2zfwS,"Melville, New York",Melville,NY,United States,Not specified,,,,Core Space,2026-08-08,2026-08-08,https://jobs.jobvite.com/mini-circuits/jobs/positions,known_careers_url,4,success
f2f0b0edb725,2026-08-08,c67c1581a301,Mini Circuits Brooklyn,https://www.minicircuits.com/,https://jobs.jobvite.com/mini-circuits/jobs/positions,SAP Master Data Solution Specialist,https://jobs.jobvite.com/mini-circuits/job/oK7LvfwR,"Melville, New York",Melville,NY,United States,Not specified,,,,Core Space,2026-08-08,2026-08-08,https://jobs.jobvite.com/mini-circuits/jobs/positions,known_careers_url,4,success
296a6dcedc95,2026-08-08,c67c1581a301,Mini Circuits Brooklyn,https://www.minicircuits.com/,https://jobs.jobvite.com/mini-circuits/jobs/positions,Level 2 Electro-Mechanical Inspector,https://jobs.jobvite.com/mini-circuits/job/owLmAfwX,"Brooklyn, New York",Brooklyn,NY,United States,Not specified,,,,Core Space,2026-08-08,2026-08-08,https://jobs.jobvite.com/mini-circuits/jobs/positions,known_careers_url,4,success
5f3686a35033,2026-08-08,c67c1581a301,Mini Circuits Brooklyn,https://www.minicircuits.com/,https://jobs.jobvite.com/mini-circuits/jobs/positions,Regulatory Compliance & Sustainability Program Manager,https://jobs.jobvite.com/mini-circuits/job/ol5rAfwb,"Melville, New York",Melville,NY,United States,Not specified,,,,Core Space,2026-08-08,2026-08-08,https://jobs.jobvite.com/mini-circuits/jobs/positions,known_careers_url,4,success
ed2fb6233c1f,2026-08-08,c67c1581a301,Mini Circuits Brooklyn,https://www.minicircuits.com/,https://jobs.jobvite.com/mini-circuits/jobs/positions,Reliability Technician,https://jobs.jobvite.com/mini-circuits/job/oZrrAfwb,"Brooklyn, New York",Brooklyn,NY,United States,Not specified,,,,Core Space,2026-08-08,2026-08-08,https://jobs.jobvite.com/mini-circuits/jobs/positions,known_careers_url,4,success
15e80bbaa767,2026-08-08,c67c1581a301,Mini Circuits Brooklyn,https://www.minicircuits.com/,https://jobs.jobvite.com/mini-circuits/jobs/positions,Supplier Quality Engineer,https://jobs.jobvite.com/mini-circuits/job/osLlAfwS,"Melville, New York",Melville,NY,United States,Not specified,,,,Core Space,2026-08-08,2026-08-08,https://jobs.jobvite.com/mini-circuits/jobs/positions,known_careers_url,4,success
803b97524767,2026-08-08,c67c1581a301,Mini Circuits Brooklyn,https://www.minicircuits.com/,https://jobs.jobvite.com/mini-circuits/jobs/positions,Regional Sales Manager - NA Central,https://jobs.jobvite.com/mini-circuits/job/oj4bAfwS,"Brooklyn, NY, United States",Brooklyn,NY,United States,Not specified,,,,Core Space,2026-08-08,2026-08-08,https://jobs.jobvite.com/mini-circuits/jobs/positions,known_careers_url,4,success
dca4839c54d3,2026-08-08,c67c1581a301,Mini Circuits Brooklyn,https://www.minicircuits.com/,https://jobs.jobvite.com/mini-circuits/jobs/positions,Strategic Sourcing Manager - Electronic Components,https://jobs.jobvite.com/mini-circuits/job/oGEvAfw9,"Melville, New York",Melville,NY,United States,Not specified,,,,Core Space,2026-08-08,2026-08-08,https://jobs.jobvite.com/mini-circuits/jobs/positions,known_careers_url,4,success
4add009a0d64,2026-08-08,c67c1581a301,Mini Circuits Brooklyn,https://www.minicircuits.com/,https://jobs.jobvite.com/mini-circuits/jobs/positions,Level 2 Switch Assembly Operator,https://jobs.jobvite.com/mini-circuits/job/oAHkAfwV,"Brooklyn, New York",Brooklyn,NY,United States,Not specified,,,,Core Space,2026-08-08,2026-08-08,https://jobs.jobvite.com/mini-circuits/jobs/positions,known_careers_url,4,success
fc4c96d80e6d,2026-08-08,c67c1581a301,Mini Circuits Brooklyn,https://www.minicircuits.com/,https://jobs.jobvite.com/mini-circuits,Senior Manager Environmental Health & Safety,https://jobs.jobvite.com/mini-circuits/jobs/positions,"Brooklyn, NY, United States",Brooklyn,NY,United States,Not specified,,,,Core Space,2026-08-08,2026-08-08,https://jobs.jobvite.com/mini-circuits,ats_detected,4,success_after_fallback
bfcd633eb2e7,2026-08-08,dd8e8599680c,NearSpace Labs,https://nearspacelabs.com/,https://job-boards.greenhouse.io/nearspacelabs,"Technical Program Manager & Engineering Operations (Aerospace / Robotics) Barcelona, Spain",https://job-boards.greenhouse.io/nearspacelabs/jobs/5202845008,"Barcelona, Spain",Barcelona,,Spain,Not specified,,,,Core Space,2026-08-08,2026-08-08,https://job-boards.greenhouse.io/nearspacelabs,known_careers_url,5,success
92111a8626ea,2026-08-08,dd8e8599680c,NearSpace Labs,https://nearspacelabs.com/,https://job-boards.greenhouse.io/nearspacelabs,"Associate Operator - Stratospheric Systems Nationwide, United States",https://job-boards.greenhouse.io/nearspacelabs/jobs/4749344008,"Nationwide, United States",Nationwide,,United States,Not specified,,,,Core Space,2026-08-08,2026-08-08,https://job-boards.greenhouse.io/nearspacelabs,known_careers_url,5,success
19075f4ce393,2026-08-08,6a2f5abb3318,North Atlantic Industries,https://www.naii.com/,https://www.naii.com/Opportunities,Intern It Helpdesk Tech Fall,https://recruiting.paylocity.com/recruiting/jobs/Apply/4399410/North-Atlantic-Industries-Inc/Intern-IT-Helpdesk-Tech---Fall-2026,"Bohemia, NY",Bohemia,NY,United States,Not specified,,,,Space & Defense,2026-08-08,2026-08-08,https://www.naii.com/Opportunities,linked_page,4,success_after_fallback
f3cb31fe282a,2026-08-08,6a2f5abb3318,North Atlantic Industries,https://www.naii.com/,https://www.naii.com/Opportunities,Sustaining Engineer,https://recruiting.paylocity.com/recruiting/jobs/Apply/4113142/North-Atlantic-Industries-Inc/Sustaining-Engineer,"Bohemia, NY",Bohemia,NY,United States,Not specified,,,,Space & Defense,2026-08-08,2026-08-08,https://www.naii.com/Opportunities,linked_page,4,success_after_fallback
3cd9bf7011ab,2026-08-08,6a2f5abb3318,North Atlantic Industries,https://www.naii.com/,https://www.naii.com/Opportunities,Regional Sales Manager,https://recruiting.paylocity.com/recruiting/jobs/Apply/4369018/North-Atlantic-Industries-Inc/Regional-Sales-Manager,"Los Angeles, CA",Los Angeles,CA,United States,Not specified,,,,Space & Defense,2026-08-08,2026-08-08,https://www.naii.com/Opportunities,linked_page,4,success_after_fallback
538bc55cef72,2026-08-08,6a2f5abb3318,North Atlantic Industries,https://www.naii.com/,https://www.naii.com/Opportunities,Regional Sales Manager,https://recruiting.paylocity.com/recruiting/jobs/Apply/4349376/North-Atlantic-Industries-Inc/Regional-Sales-Manager,"Phoenix, AZ",Phoenix,AZ,United States,Not specified,,,,Space & Defense,2026-08-08,2026-08-08,https://www.naii.com/Opportunities,linked_page,4,success_after_fallback
cfb59b6b405a,2026-08-08,6a2f5abb3318,North Atlantic Industries,https://www.naii.com/,https://www.naii.com/Opportunities,Pcb Designer Iii Hybrid,https://recruiting.paylocity.com/recruiting/jobs/Apply/4397150/North-Atlantic-Industries-Inc/PCB-Designer-III-Hybrid,"Bohemia, NY",Bohemia,NY,United States,Hybrid,,,,Space & Defense,2026-08-08,2026-08-08,https://www.naii.com/Opportunities,linked_page,4,success_after_fallback
593cab673465,2026-08-08,6a2f5abb3318,North Atlantic Industries,https://www.naii.com/,https://www.naii.com/Opportunities,Mechanical Engineer Ii Electronics Packaging Thermal Design,https://recruiting.paylocity.com/recruiting/jobs/Apply/3945062/North-Atlantic-Industries-Inc/Mechanical-Engineer-II---Electronics-Packaging-Thermal-Design,"Bohemia, NY",Bohemia,NY,United States,Not specified,,,,Space & Defense,2026-08-08,2026-08-08,https://www.naii.com/Opportunities,linked_page,4,success_after_fallback
e2a50a01d4f1,2026-08-08,6a2f5abb3318,North Atlantic Industries,https://www.naii.com/,https://www.naii.com/Opportunities,Electronics Technician I,https://recruiting.paylocity.com/recruiting/jobs/Apply/4384717/North-Atlantic-Industries-Inc/Electronics-Technician-I,"Bohemia, NY",Bohemia,NY,United States,Not specified,,,,Space & Defense,2026-08-08,2026-08-08,https://www.naii.com/Opportunities,linked_page,4,success_after_fallback
ae8fdeed05a5,2026-08-08,6a2f5abb3318,North Atlantic Industries,https://www.naii.com/,https://www.naii.com/Opportunities,Electronics Applications Engineer Ii Hybrid,https://recruiting.paylocity.com/recruiting/jobs/Apply/3897103/North-Atlantic-Industries-Inc/Electronics-Applications-Engineer-II-Hybrid,"Bohemia, NY",Bohemia,NY,United States,Hybrid,,,,Space & Defense,2026-08-08,2026-08-08,https://www.naii.com/Opportunities,linked_page,4,success_after_fallback
cb0d07740c33,2026-08-08,6a2f5abb3318,North Atlantic Industries,https://www.naii.com/,https://www.naii.com/Opportunities,Npi Smt Process Engineer,https://recruiting.paylocity.com/recruiting/jobs/Apply/4098066/North-Atlantic-Industries-Inc/NPI-SMT-Process-Engineer,"Bohemia, NY",Bohemia,NY,United States,Not specified,,,,Space & Defense,2026-08-08,2026-08-08,https://www.naii.com/Opportunities,linked_page,4,success_after_fallback
ffeee6d7df67,2026-08-08,6a2f5abb3318,North Atlantic Industries,https://www.naii.com/,https://www.naii.com/Opportunities,Quality Assurance Engineer I,https://recruiting.paylocity.com/recruiting/jobs/Apply/4372866/North-Atlantic-Industries-Inc/Quality-Assurance-Engineer-I,"Bohemia, NY",Bohemia,NY,United States,Not specified,,,,Space & Defense,2026-08-08,2026-08-08,https://www.naii.com/Opportunities,linked_page,4,success_after_fallback
f1c459067988,2026-08-08,6a2f5abb3318,North Atlantic Industries,https://www.naii.com/,https://www.naii.com/Opportunities,Manufacturing Engineer I,https://recruiting.paylocity.com/recruiting/jobs/Apply/4348422/North-Atlantic-Industries-Inc/Manufacturing-Engineer-I,"Bohemia, NY",Bohemia,NY,United States,Not specified,,,,Space & Defense,2026-08-08,2026-08-08,https://www.naii.com/Opportunities,linked_page,4,success_after_fallback
e0bf0ce1185e,2026-08-08,0197a4411659,RCM Engineering,https://rcmengineeringgroup.com/,https://jobs.rcmhealthcare.com/,Technician St Cloud Minnesota,https://jobs.rcmhealthcare.com/job/331395-technician-st-cloud-minnesota,"West Sayville, NY, United States",West Sayville,NY,United States,Not specified,,,,Aerospace,2026-08-08,2026-08-08,https://jobs.rcmhealthcare.com/,linked_page,4,success_after_fallback
5d4813a1c9d1,2026-08-08,0197a4411659,RCM Engineering,https://rcmengineeringgroup.com/,https://jobs.rcmhealthcare.com/,Technician Minneapolis Minnesota,https://jobs.rcmhealthcare.com/job/331394-technician-minneapolis-minnesota,"West Sayville, NY, United States",West Sayville,NY,United States,Not specified,,,,Aerospace,2026-08-08,2026-08-08,https://jobs.rcmhealthcare.com/,linked_page,4,success_after_fallback
053ee31fe22a,2026-08-08,0197a4411659,RCM Engineering,https://rcmengineeringgroup.com/,https://jobs.rcmhealthcare.com/,Technician Millcreek Utah,https://jobs.rcmhealthcare.com/job/331392-technician-millcreek-utah,"West Sayville, NY, United States",West Sayville,NY,United States,Not specified,,,,Aerospace,2026-08-08,2026-08-08,https://jobs.rcmhealthcare.com/,linked_page,4,success_after_fallback
1ff2e4257ff7,2026-08-08,0197a4411659,RCM Engineering,https://rcmengineeringgroup.com/,https://jobs.rcmhealthcare.com/,Technician Panama City Florida,https://jobs.rcmhealthcare.com/job/329297-technician-panama-city-florida,"West Sayville, NY, United States",West Sayville,NY,United States,Not specified,,,,Aerospace,2026-08-08,2026-08-08,https://jobs.rcmhealthcare.com/,linked_page,4,success_after_fallback
42f19bca41c7,2026-08-08,0197a4411659,RCM Engineering,https://rcmengineeringgroup.com/,https://jobs.rcmhealthcare.com/,Technician Tampa Florida,https://jobs.rcmhealthcare.com/job/327682-technician-tampa-florida,"West Sayville, NY, United States",West Sayville,NY,United States,Not specified,,,,Aerospace,2026-08-08,2026-08-08,https://jobs.rcmhealthcare.com/,linked_page,4,success_after_fallback
af1b9df3edb6,2026-08-08,0939c3d7e29f,Saab Group,https://www.saab.com/,https://www.saab.com/career/job-opportunities,Manager Remote Tower Projects ﻿,https://www.saab.com/career/job-opportunities/manager-remote-tower-projects,"East Syracuse, NY, United States",East Syracuse,NY,United States,Remote,,,,Space & Defense,2026-08-08,2026-08-08,https://www.saab.com/career/job-opportunities,known_careers_url,3,success
8c2ed35ec687,2026-08-08,0939c3d7e29f,Saab Group,https://www.saab.com/,https://www.saab.com/career/job-opportunities,HR Manager (m/w/d) Compensation & Benefits ﻿,https://www.saab.com/career/job-opportunities/hr-manager-mwd-compensation--benefits,"East Syracuse, NY, United States",East Syracuse,NY,United States,Not specified,,,,Space & Defense,2026-08-08,2026-08-08,https://www.saab.com/career/job-opportunities,known_careers_url,3,success
8e3b8baf19f8,2026-08-08,0939c3d7e29f,Saab Group,https://www.saab.com/,https://www.saab.com/career/job-opportunities,Head of Hybrid Navy Business Development and Sales ﻿,https://www.saab.com/career/job-opportunities/head-of-hybrid-navy-business-development-and-sales,"East Syracuse, NY, United States",East Syracuse,NY,United States,Hybrid,,,,Space & Defense,2026-08-08,2026-08-08,https://www.saab.com/career/job-opportunities,known_careers_url,3,success
523ecfa5a17c,2026-08-08,0939c3d7e29f,Saab Group,https://www.saab.com/,https://www.saab.com/career/job-opportunities,Contract Quality Manager Saab Dynamics ﻿,https://www.saab.com/career/job-opportunities/contract-quality-manager-saab-dynamics,"East Syracuse, NY, United States",East Syracuse,NY,United States,Not specified,,,,Space & Defense,2026-08-08,2026-08-08,https://www.saab.com/career/job-opportunities,known_careers_url,3,success
7733fd0da0e1,2026-08-08,0939c3d7e29f,Saab Group,https://www.saab.com/,https://www.saab.com/career/job-opportunities,Contract Manager (m/w/d) ﻿,https://www.saab.com/career/job-opportunities/contract-manager-mwd,"East Syracuse, NY, United States",East Syracuse,NY,United States,Not specified,,,,Space & Defense,2026-08-08,2026-08-08,https://www.saab.com/career/job-opportunities,known_careers_url,3,success
3272c688cfaa,2026-08-08,0939c3d7e29f,Saab Group,https://www.saab.com/,https://www.saab.com/career/job-opportunities,Contract Quality Manager till Saab ﻿,https://www.saab.com/career/job-opportunities/contract-quality-manager-till-saab1,"East Syracuse, NY, United States",East Syracuse,NY,United States,Not specified,,,,Space & Defense,2026-08-08,2026-08-08,https://www.saab.com/career/job-opportunities,known_careers_url,3,success
3c5f971721cc,2026-08-08,0939c3d7e29f,Saab Group,https://www.saab.com/,https://www.saab.com/career/job-opportunities,Senior Avionics Requirements Engineer ﻿,https://www.saab.com/career/job-opportunities/senior-avionics-requirements-engineer,"East Syracuse, NY, United States",East Syracuse,NY,United States,Not specified,,,,Space & Defense,2026-08-08,2026-08-08,https://www.saab.com/career/job-opportunities,known_careers_url,3,success
f1d8a9c67b3c,2026-08-08,0939c3d7e29f,Saab Group,https://www.saab.com/,https://www.saab.com/career/job-opportunities,"Manager, Contract Management Gripen ﻿",https://www.saab.com/career/job-opportunities/manager-contract-management-gripen,"East Syracuse, NY, United States",East Syracuse,NY,United States,Not specified,,,,Space & Defense,2026-08-08,2026-08-08,https://www.saab.com/career/job-opportunities,known_careers_url,3,success
86a46cc033d8,2026-08-08,0939c3d7e29f,Saab Group,https://www.saab.com/,https://saabgroup.wd116.myworkdayjobs.com/Saab_careers/job/Linkping---Brderna-Ugglas-Gata/Leveransskoordinator_REQ_43402/apply,Leveransskoordinator,https://saabgroup.wd116.myworkdayjobs.com/Saab_careers/job/Linkping---Brderna-Ugglas-Gata/Leveransskoordinator_REQ_43402/apply,"LinkÃ¶ping - BrÃ¶derna Ugglas Gata, Sweden",LinkÃ¶ping - BrÃ¶derna Ugglas Gata,,Sweden,Not specified,,,,Space & Defense,2026-08-08,2026-08-08,https://saabgroup.wd116.myworkdayjobs.com/Saab_careers/job/Linkping---Brderna-Ugglas-Gata/Leveransskoordinator_REQ_43402/apply,ats_detected,3,success_after_fallback
13a8130b16ae,2026-08-08,0939c3d7e29f,Saab Group,https://www.saab.com/,https://saabgroup.wd116.myworkdayjobs.com/Saab_careers/job/Musk---Musk-rlogshamn/Servicetekniker-till-televerkstaden-p-Saab-Musk_REQ_38913/apply,Servicetekniker till televerkstaden pÃ¥ Saab MuskÃ¶,https://saabgroup.wd116.myworkdayjobs.com/Saab_careers/job/Musk---Musk-rlogshamn/Servicetekniker-till-televerkstaden-p-Saab-Musk_REQ_38913/apply,"MuskÃ¶ - MuskÃ¶ Ãrlogshamn, Sweden",MuskÃ¶ - MuskÃ¶ Ãrlogshamn,,Sweden,Not specified,,,,Space & Defense,2026-08-08,2026-08-08,https://saabgroup.wd116.myworkdayjobs.com/Saab_careers/job/Musk---Musk-rlogshamn/Servicetekniker-till-televerkstaden-p-Saab-Musk_REQ_38913/apply,ats_detected,3,success_after_fallback
0087209107d7,2026-08-08,fdb04d86542a,SRI International,https://www.sri.com/,https://careers-sri.icims.com/jobs/search?ss=1&hashed=-625949242,Title Marketing Specialist - Full Time-Temporary,https://careers-sri.icims.com/jobs/6450/marketing-specialist---full-time-temporary/job,"Manhattan, NY, United States",Manhattan,NY,United States,Remote,,,,Core Space,2026-08-08,2026-08-08,https://careers-sri.icims.com/jobs/search?ss=1&hashed=-625949242,ats_detected,5,success_after_fallback
c44ad4764b51,2026-08-08,fdb04d86542a,SRI International,https://www.sri.com/,https://careers-sri.icims.com/jobs/search?ss=1&hashed=-625949242,Title Principal Image Sensor Development Engineer,https://careers-sri.icims.com/jobs/6448/principal-image-sensor-development-engineer/job,"Manhattan, NY, United States",Manhattan,NY,United States,Not specified,,,,Core Space,2026-08-08,2026-08-08,https://careers-sri.icims.com/jobs/search?ss=1&hashed=-625949242,ats_detected,5,success_after_fallback
e19fb37b9fee,2026-08-08,fdb04d86542a,SRI International,https://www.sri.com/,https://careers-sri.icims.com/jobs/search?ss=1&hashed=-625949242,Title Process Engineer (IT Applications),https://careers-sri.icims.com/jobs/6447/process-engineer-%28it-applications%29/job,"Manhattan, NY, United States",Manhattan,NY,United States,Not specified,,,,Core Space,2026-08-08,2026-08-08,https://careers-sri.icims.com/jobs/search?ss=1&hashed=-625949242,ats_detected,5,success_after_fallback
83cd75cf6b13,2026-08-08,fdb04d86542a,SRI International,https://www.sri.com/,https://careers-sri.icims.com/jobs/search?ss=1&hashed=-625949242,Title Associate Contracts Officer,https://careers-sri.icims.com/jobs/6443/associate-contracts-officer/job,"Manhattan, NY, United States",Manhattan,NY,United States,Remote,,,,Core Space,2026-08-08,2026-08-08,https://careers-sri.icims.com/jobs/search?ss=1&hashed=-625949242,ats_detected,5,success_after_fallback
6f88f052d223,2026-08-08,fdb04d86542a,SRI International,https://www.sri.com/,https://careers-sri.icims.com/jobs/search?ss=1&hashed=-625949242,Title Analog IC Design Engineer,https://careers-sri.icims.com/jobs/6441/analog-ic-design-engineer/job,"Manhattan, NY, United States",Manhattan,NY,United States,Not specified,,,,Core Space,2026-08-08,2026-08-08,https://careers-sri.icims.com/jobs/search?ss=1&hashed=-625949242,ats_detected,5,success_after_fallback
4d7d959e3ed1,2026-08-08,fdb04d86542a,SRI International,https://www.sri.com/,https://careers-sri.icims.com/jobs/search?ss=1&hashed=-625949242,"Title Research Scientist, electron beam lithography",https://careers-sri.icims.com/jobs/6440/research-scientist%2c-electron-beam-lithography/job,"Manhattan, NY, United States",Manhattan,NY,United States,On-site,,,,Core Space,2026-08-08,2026-08-08,https://careers-sri.icims.com/jobs/search?ss=1&hashed=-625949242,ats_detected,5,success_after_fallback
64b737edd5d0,2026-08-08,fdb04d86542a,SRI International,https://www.sri.com/,https://careers-sri.icims.com/jobs/search?ss=1&hashed=-625949242,Title Test Engineers I,https://careers-sri.icims.com/jobs/6439/test-engineers-i/job,"Manhattan, NY, United States",Manhattan,NY,United States,Not specified,,,,Core Space,2026-08-08,2026-08-08,https://careers-sri.icims.com/jobs/search?ss=1&hashed=-625949242,ats_detected,5,success_after_fallback
6d3d0ab8b735,2026-08-08,fdb04d86542a,SRI International,https://www.sri.com/,https://careers-sri.icims.com/jobs/search?ss=1&hashed=-625949242,Title Sr. Photonics Research Engineer,https://careers-sri.icims.com/jobs/6436/sr.-photonics-research-engineer/job,"Manhattan, NY, United States",Manhattan,NY,United States,On-site,,,,Core Space,2026-08-08,2026-08-08,https://careers-sri.icims.com/jobs/search?ss=1&hashed=-625949242,ats_detected,5,success_after_fallback
886af8140a70,2026-08-08,fdb04d86542a,SRI International,https://www.sri.com/,https://careers-sri.icims.com/jobs/search?ss=1&hashed=-625949242,Title Drexel University Co-op: Software Engineering/Full stack development,https://careers-sri.icims.com/jobs/6432/drexel-university-co-op%3a-software-engineering-full-stack-development/job,"Manhattan, NY, United States",Manhattan,NY,United States,Not specified,,,,Core Space,2026-08-08,2026-08-08,https://careers-sri.icims.com/jobs/search?ss=1&hashed=-625949242,ats_detected,5,success_after_fallback
48f2889a9cef,2026-08-08,fdb04d86542a,SRI International,https://www.sri.com/,https://careers-sri.icims.com/jobs/search?ss=1&hashed=-625949242,Title Drexel University Co-op: Embedded Software Engineering,https://careers-sri.icims.com/jobs/6431/drexel-university-co-op%3a-embedded-software-engineering/job,"Manhattan, NY, United States",Manhattan,NY,United States,Not specified,,,,Core Space,2026-08-08,2026-08-08,https://careers-sri.icims.com/jobs/search?ss=1&hashed=-625949242,ats_detected,5,success_after_fallback
9d6caebea5fb,2026-08-08,fdb04d86542a,SRI International,https://www.sri.com/,https://careers-sri.icims.com/jobs/search?ss=1&hashed=-625949242,Bilingual Education Research Assistant%2C Field Assessor %28Preschool Kindergarten In Union County%2C North Carolina%29 Temp Hourly,https://careers-sri.icims.com/jobs/6429/bilingual-education-research-assistant%2c-field-assessor-%28preschool-kindergarten-in-union-county%2c-north-carolina%29-temp-hourly/job,"Manhattan, NY, United States",Manhattan,NY,United States,Not specified,,,,Core Space,2026-08-08,2026-08-08,https://careers-sri.icims.com/jobs/search?ss=1&hashed=-625949242,ats_detected,5,success_after_fallback
fd4e35a63d72,2026-08-08,fdb04d86542a,SRI International,https://www.sri.com/,https://careers-sri.icims.com/jobs/search?ss=1&hashed=-625949242,Title Materials Research Scientist/Engineer,https://careers-sri.icims.com/jobs/6428/materials-research-scientist-engineer/job,"Manhattan, NY, United States",Manhattan,NY,United States,Not specified,,,,Core Space,2026-08-08,2026-08-08,https://careers-sri.icims.com/jobs/search?ss=1&hashed=-625949242,ats_detected,5,success_after_fallback
6a229b52cf25,2026-08-08,fdb04d86542a,SRI International,https://www.sri.com/,https://careers-sri.icims.com/jobs/search?ss=1&hashed=-625949242,Title Robotics Software Engineer - II/III,https://careers-sri.icims.com/jobs/6427/robotics-software-engineer---ii-iii/job,"Manhattan, NY, United States",Manhattan,NY,United States,On-site,,,,Core Space,2026-08-08,2026-08-08,https://careers-sri.icims.com/jobs/search?ss=1&hashed=-625949242,ats_detected,5,success_after_fallback
2bdad292cdec,2026-08-08,fdb04d86542a,SRI International,https://www.sri.com/,https://careers-sri.icims.com/jobs/search?ss=1&hashed=-625949242,Title New Jersey Institute of Technology Co-op: Electrical Engineering/Electro-Optics,https://careers-sri.icims.com/jobs/6423/new-jersey-institute-of-technology-co-op%3a-electrical-engineering-electro-optics/job,"Manhattan, NY, United States",Manhattan,NY,United States,Remote,,,,Core Space,2026-08-08,2026-08-08,https://careers-sri.icims.com/jobs/search?ss=1&hashed=-625949242,ats_detected,5,success_after_fallback
edcb4330653b,2026-08-08,fdb04d86542a,SRI International,https://www.sri.com/,https://careers-sri.icims.com/jobs/search?ss=1&hashed=-625949242,"Title Intern, Center for Health Sciences",https://careers-sri.icims.com/jobs/6421/intern%2c-center-for-health-sciences/job,"Manhattan, NY, United States",Manhattan,NY,United States,Not specified,,,,Core Space,2026-08-08,2026-08-08,https://careers-sri.icims.com/jobs/search?ss=1&hashed=-625949242,ats_detected,5,success_after_fallback
21c31e9873e5,2026-08-08,fdb04d86542a,SRI International,https://www.sri.com/,https://careers-sri.icims.com/jobs/search?ss=1&hashed=-625949242,Title Stevens Institute of Technology Co-op: Electrical Engineering/Electro-Optics,https://careers-sri.icims.com/jobs/6420/stevens-institute-of-technology-co-op%3a-electrical-engineering-electro-optics/job,"Manhattan, NY, United States",Manhattan,NY,United States,Remote,,,,Core Space,2026-08-08,2026-08-08,https://careers-sri.icims.com/jobs/search?ss=1&hashed=-625949242,ats_detected,5,success_after_fallback
bb16d8c25a0b,2026-08-08,fdb04d86542a,SRI International,https://www.sri.com/,https://careers-sri.icims.com/jobs/search?ss=1&hashed=-625949242,Title Test Technician,https://careers-sri.icims.com/jobs/6419/test-technician/job,"Manhattan, NY, United States",Manhattan,NY,United States,Not specified,,,,Core Space,2026-08-08,2026-08-08,https://careers-sri.icims.com/jobs/search?ss=1&hashed=-625949242,ats_detected,5,success_after_fallback
95b1d44347a2,2026-08-08,fdb04d86542a,SRI International,https://www.sri.com/,https://careers-sri.icims.com/jobs/search?ss=1&hashed=-625949242,Title Sr Research Engineer-RF,https://careers-sri.icims.com/jobs/6407/sr-research-engineer-rf/job,"Manhattan, NY, United States",Manhattan,NY,United States,Remote,,,,Core Space,2026-08-08,2026-08-08,https://careers-sri.icims.com/jobs/search?ss=1&hashed=-625949242,ats_detected,5,success_after_fallback
8135fc124960,2026-08-08,fdb04d86542a,SRI International,https://www.sri.com/,https://careers-sri.icims.com/jobs/search?ss=1&hashed=-625949242,Title Sr Research Engineer-Project Principal Investigator - RF,https://careers-sri.icims.com/jobs/6406/sr-research-engineer-project-principal-investigator---rf/job,"Manhattan, NY, United States",Manhattan,NY,United States,Remote,,,,Core Space,2026-08-08,2026-08-08,https://careers-sri.icims.com/jobs/search?ss=1&hashed=-625949242,ats_detected,5,success_after_fallback
fc661e612cd6,2026-08-08,fdb04d86542a,SRI International,https://www.sri.com/,https://careers-sri.icims.com/jobs/search?ss=1&hashed=-625949242,Title Research Engineer II/III - RF Hardware,https://careers-sri.icims.com/jobs/6405/research-engineer-ii-iii---rf-hardware/job,"Manhattan, NY, United States",Manhattan,NY,United States,Remote,,,,Core Space,2026-08-08,2026-08-08,https://careers-sri.icims.com/jobs/search?ss=1&hashed=-625949242,ats_detected,5,success_after_fallback
f5c85183bee4,2026-08-08,fdb04d86542a,SRI International,https://www.sri.com/,https://careers-sri.icims.com/jobs/search?ss=1&hashed=-625949242,Title IC Design Engineer III,https://careers-sri.icims.com/jobs/6403/ic-design-engineer-iii/job,"Manhattan, NY, United States",Manhattan,NY,United States,Not specified,,,,Core Space,2026-08-08,2026-08-08,https://careers-sri.icims.com/jobs/search?ss=1&hashed=-625949242,ats_detected,5,success_after_fallback
4a918651f386,2026-08-08,fdb04d86542a,SRI International,https://www.sri.com/,https://careers-sri.icims.com/jobs/search?ss=1&hashed=-625949242,Title Wafer Fab Process Engineer,https://careers-sri.icims.com/jobs/6395/wafer-fab-process-engineer/job,"Manhattan, NY, United States",Manhattan,NY,United States,Not specified,,,,Core Space,2026-08-08,2026-08-08,https://careers-sri.icims.com/jobs/search?ss=1&hashed=-625949242,ats_detected,5,success_after_fallback
68175f7d031c,2026-08-08,fdb04d86542a,SRI International,https://www.sri.com/,https://careers-sri.icims.com/jobs/search?ss=1&hashed=-625949242,"Title Semiconductor Equipment Technicians, Experienced - First Shift",https://careers-sri.icims.com/jobs/6392/semiconductor-equipment-technicians%2c-experienced---first-shift/job,"Manhattan, NY, United States",Manhattan,NY,United States,Not specified,,,,Core Space,2026-08-08,2026-08-08,https://careers-sri.icims.com/jobs/search?ss=1&hashed=-625949242,ats_detected,5,success_after_fallback
43d358810612,2026-08-08,fdb04d86542a,SRI International,https://www.sri.com/,https://careers-sri.icims.com/jobs/search?ss=1&hashed=-625949242,"Title Semiconductor Equipment Technicians, Experienced - First Shift",https://careers-sri.icims.com/jobs/6385/semiconductor-equipment-technicians%2c-experienced---first-shift/job,"Manhattan, NY, United States",Manhattan,NY,United States,Not specified,,,,Core Space,2026-08-08,2026-08-08,https://careers-sri.icims.com/jobs/search?ss=1&hashed=-625949242,ats_detected,5,success_after_fallback
914b84c5d97a,2026-08-08,fdb04d86542a,SRI International,https://www.sri.com/,https://careers-sri.icims.com/jobs/search?ss=1&hashed=-625949242,Title Mechanical Engineer,https://careers-sri.icims.com/jobs/6384/mechanical-engineer/job,"Manhattan, NY, United States",Manhattan,NY,United States,Not specified,,,,Core Space,2026-08-08,2026-08-08,https://careers-sri.icims.com/jobs/search?ss=1&hashed=-625949242,ats_detected,5,success_after_fallback
d06c2cd1b5a3,2026-08-08,fdb04d86542a,SRI International,https://www.sri.com/,https://careers-sri.icims.com/jobs/search?ss=1&hashed=-625949242,Title Sr Mechanical Engineer,https://careers-sri.icims.com/jobs/6383/sr-mechanical-engineer/job,"Manhattan, NY, United States",Manhattan,NY,United States,Not specified,,,,Core Space,2026-08-08,2026-08-08,https://careers-sri.icims.com/jobs/search?ss=1&hashed=-625949242,ats_detected,5,success_after_fallback
57bb35df9988,2026-08-08,fdb04d86542a,SRI International,https://www.sri.com/,https://careers-sri.icims.com/jobs/search?ss=1&hashed=-625949242,Title Sr Research Engineer-Project Principal Investigator,https://careers-sri.icims.com/jobs/6377/sr-research-engineer-project-principal-investigator/job,"Manhattan, NY, United States",Manhattan,NY,United States,Remote,,,,Core Space,2026-08-08,2026-08-08,https://careers-sri.icims.com/jobs/search?ss=1&hashed=-625949242,ats_detected,5,success_after_fallback
0bec5a533ca5,2026-08-08,fdb04d86542a,SRI International,https://www.sri.com/,https://careers-sri.icims.com/jobs/search?ss=1&hashed=-625949242,Title IC Design Engineer IV,https://careers-sri.icims.com/jobs/6367/ic-design-engineer-iv/job,"Manhattan, NY, United States",Manhattan,NY,United States,Not specified,,,,Core Space,2026-08-08,2026-08-08,https://careers-sri.icims.com/jobs/search?ss=1&hashed=-625949242,ats_detected,5,success_after_fallback
9b94ba03fc5f,2026-08-08,fdb04d86542a,SRI International,https://www.sri.com/,https://careers-sri.icims.com/jobs/search?ss=1&hashed=-625949242,Title Electronics Design Engineer,https://careers-sri.icims.com/jobs/6365/electronics-design-engineer/job,"Manhattan, NY, United States",Manhattan,NY,United States,Not specified,,,,Core Space,2026-08-08,2026-08-08,https://careers-sri.icims.com/jobs/search?ss=1&hashed=-625949242,ats_detected,5,success_after_fallback
14e6108fd230,2026-08-08,fdb04d86542a,SRI International,https://www.sri.com/,https://careers-sri.icims.com/jobs/search?ss=1&hashed=-625949242,"Title Test Engineer - Analog, ATE",https://careers-sri.icims.com/jobs/6325/test-engineer---analog%2c-ate/job,"Manhattan, NY, United States",Manhattan,NY,United States,Not specified,,,,Core Space,2026-08-08,2026-08-08,https://careers-sri.icims.com/jobs/search?ss=1&hashed=-625949242,ats_detected,5,success_after_fallback
5211adaa3359,2026-08-08,fdb04d86542a,SRI International,https://www.sri.com/,https://careers-sri.icims.com/jobs/search?ss=1&hashed=-625949242,Title Photonics Research Engineer III,https://careers-sri.icims.com/jobs/6320/photonics-research-engineer-iii/job,"Manhattan, NY, United States",Manhattan,NY,United States,On-site,,,,Core Space,2026-08-08,2026-08-08,https://careers-sri.icims.com/jobs/search?ss=1&hashed=-625949242,ats_detected,5,success_after_fallback
56a72cd45a9d,2026-08-08,fdb04d86542a,SRI International,https://www.sri.com/,https://careers-sri.icims.com/jobs/search?ss=1&hashed=-625949242,Title Postdoctoral Fellow - Applied & Computational Scientists,https://careers-sri.icims.com/jobs/6314/postdoctoral-fellow---applied-%26-computational-scientists/job,"Manhattan, NY, United States",Manhattan,NY,United States,Hybrid,,,,Core Space,2026-08-08,2026-08-08,https://careers-sri.icims.com/jobs/search?ss=1&hashed=-625949242,ats_detected,5,success_after_fallback
9dc620c5605a,2026-08-08,fdb04d86542a,SRI International,https://www.sri.com/,https://careers-sri.icims.com/jobs/search?ss=1&hashed=-625949242,Title Applied & Computational Research Scientists,https://careers-sri.icims.com/jobs/6313/applied-%26-computational-research-scientists/job,"Manhattan, NY, United States",Manhattan,NY,United States,Hybrid,,,,Core Space,2026-08-08,2026-08-08,https://careers-sri.icims.com/jobs/search?ss=1&hashed=-625949242,ats_detected,5,success_after_fallback
fc84266c0fdd,2026-08-08,fdb04d86542a,SRI International,https://www.sri.com/,https://careers-sri.icims.com/jobs/search?ss=1&hashed=-625949242,Title Manufacturing Technicians,https://careers-sri.icims.com/jobs/6254/manufacturing-technicians/job,"Manhattan, NY, United States",Manhattan,NY,United States,Not specified,,,,Core Space,2026-08-08,2026-08-08,https://careers-sri.icims.com/jobs/search?ss=1&hashed=-625949242,ats_detected,5,success_after_fallback
886abad21824,2026-08-08,1c2b4e10bf58,Wallaroo AI,https://wallaroo.ai/,https://www.jobvite.com/,TA Leader,https://www.jobvite.com/solutions/role/talent-acquisition-leader,"Manhattan, NY, United States",Manhattan,NY,United States,Not specified,,,,Core Space,2026-08-08,2026-08-08,https://www.jobvite.com/,ats_detected,4,success_after_fallback
fcec0899c79f,2026-08-08,1c2b4e10bf58,Wallaroo AI,https://wallaroo.ai/,https://www.jobvite.com/,HR Leader,https://www.jobvite.com/solutions/role/hr-leader,"Manhattan, NY, United States",Manhattan,NY,United States,Not specified,,,,Core Space,2026-08-08,2026-08-08,https://www.jobvite.com/,ats_detected,4,success_after_fallback
bc3248fdbd4f,2026-08-08,1c2b4e10bf58,Wallaroo AI,https://wallaroo.ai/,https://www.jobvite.com/,IT Manager,https://www.jobvite.com/solutions/role/it,"Manhattan, NY, United States",Manhattan,NY,United States,Not specified,,,,Core Space,2026-08-08,2026-08-08,https://www.jobvite.com/,ats_detected,4,success_after_fallback
