job_id,snapshot_date,company_id,company_name,company_website,careers_url,job_title,job_url,location,city,state,country,remote,salary_min,salary_max,department,category,date_found,last_seen_at,source_url,discovery_method,job_confidence_score,status
50c8386ed100,2026-09-25,a3c0ab6694be,Bluefors Inc.,https://bluefors.com/,https://careers.bluefors.com/jobs,"Junior Mechanical Design Engineer, Configuration & Layout Engineering",https://careers.bluefors.com/jobs/8454866-junior-mechanical-design-engineer-configuration-layout-engineering,Hybrid,,,,Hybrid,,,,Core Space,2026-09-25,2026-09-25,https://careers.bluefors.com/jobs,linked_page,4,success_after_fallback
4bf173e1acb2,2026-09-25,a3c0ab6694be,Bluefors Inc.,https://bluefors.com/,https://careers.bluefors.com/jobs,Junior Site Planning Engineer,https://careers.bluefors.com/jobs/8452555-junior-site-planning-engineer,Hybrid,,,,Hybrid,,,,Core Space,2026-09-25,2026-09-25,https://careers.bluefors.com/jobs,linked_page,4,success_after_fallback
b090ff870451,2026-09-25,a3c0ab6694be,Bluefors Inc.,https://bluefors.com/,https://careers.bluefors.com/jobs,Digital Marketing Manager,https://careers.bluefors.com/jobs/8402037-digital-marketing-manager,Hybrid,,,,Hybrid,,,,Core Space,2026-09-25,2026-09-25,https://careers.bluefors.com/jobs,linked_page,4,success_after_fallback
5924fffcda4f,2026-09-25,a3c0ab6694be,Bluefors Inc.,https://bluefors.com/,https://careers.bluefors.com/jobs,Manufacturing Associate-Clean/Test,https://careers.bluefors.com/jobs/8398705-manufacturing-associate-clean-test,"Syracuse, NY, United States",Syracuse,NY,United States,Not specified,,,,Core Space,2026-09-25,2026-09-25,https://careers.bluefors.com/jobs,linked_page,4,success_after_fallback
a6c01aa06a20,2026-09-25,a3c0ab6694be,Bluefors Inc.,https://bluefors.com/,https://careers.bluefors.com/jobs,Channel Sales Manager,https://careers.bluefors.com/jobs/8388769-channel-sales-manager,Hybrid,,,,Hybrid,,,,Core Space,2026-09-25,2026-09-25,https://careers.bluefors.com/jobs,linked_page,4,success_after_fallback
f4e96724309f,2026-09-25,a3c0ab6694be,Bluefors Inc.,https://bluefors.com/,https://careers.bluefors.com/jobs,"R&D Manager, Cooling team",https://careers.bluefors.com/jobs/8385475-r-d-manager-cooling-team,Hybrid,,,,Hybrid,,,,Core Space,2026-09-25,2026-09-25,https://careers.bluefors.com/jobs,linked_page,4,success_after_fallback
f9019c6c5365,2026-09-25,a3c0ab6694be,Bluefors Inc.,https://bluefors.com/,https://careers.bluefors.com/jobs,Account Manager,https://careers.bluefors.com/jobs/8382598-account-manager,"Syracuse, NY, United States",Syracuse,NY,United States,Not specified,,,,Core Space,2026-09-25,2026-09-25,https://careers.bluefors.com/jobs,linked_page,4,success_after_fallback
66a590da9a83,2026-09-25,a3c0ab6694be,Bluefors Inc.,https://bluefors.com/,https://careers.bluefors.com/jobs,Spare Parts Coordinator,https://careers.bluefors.com/jobs/8382134-spare-parts-coordinator,"Syracuse, NY, United States",Syracuse,NY,United States,Not specified,,,,Core Space,2026-09-25,2026-09-25,https://careers.bluefors.com/jobs,linked_page,4,success_after_fallback
cb87fe77bb36,2026-09-25,a3c0ab6694be,Bluefors Inc.,https://bluefors.com/,https://careers.bluefors.com/jobs,Business Development Specialist,https://careers.bluefors.com/jobs/8325654-business-development-specialist,"Syracuse, NY, United States",Syracuse,NY,United States,Not specified,,,,Core Space,2026-09-25,2026-09-25,https://careers.bluefors.com/jobs,linked_page,4,success_after_fallback
5b544f66d3fc,2026-09-25,a3c0ab6694be,Bluefors Inc.,https://bluefors.com/,https://careers.bluefors.com/jobs,Maintenance Technician,https://careers.bluefors.com/jobs/8287991-maintenance-technician,"Syracuse, NY, United States",Syracuse,NY,United States,Not specified,,,,Core Space,2026-09-25,2026-09-25,https://careers.bluefors.com/jobs,linked_page,4,success_after_fallback
ede31c521720,2026-09-25,a3c0ab6694be,Bluefors Inc.,https://bluefors.com/,https://careers.bluefors.com/jobs,Engineering Technician – R&D,https://careers.bluefors.com/jobs/8280448-engineering-technician-r-d,"Syracuse, NY, United States",Syracuse,NY,United States,Not specified,,,,Core Space,2026-09-25,2026-09-25,https://careers.bluefors.com/jobs,linked_page,4,success_after_fallback
215ba270929b,2026-09-25,a3c0ab6694be,Bluefors Inc.,https://bluefors.com/,https://careers.bluefors.com/jobs,Mechanical Engineer,https://careers.bluefors.com/jobs/8280256-mechanical-engineer,"Syracuse, NY, United States",Syracuse,NY,United States,Not specified,,,,Core Space,2026-09-25,2026-09-25,https://careers.bluefors.com/jobs,linked_page,4,success_after_fallback
105164451c73,2026-09-25,a3c0ab6694be,Bluefors Inc.,https://bluefors.com/,https://careers.bluefors.com/jobs,Account Associate,https://careers.bluefors.com/jobs/8269204-account-associate,"Syracuse, NY, United States",Syracuse,NY,United States,Not specified,,,,Core Space,2026-09-25,2026-09-25,https://careers.bluefors.com/jobs,linked_page,4,success_after_fallback
2d6a54da39ee,2026-09-25,a3c0ab6694be,Bluefors Inc.,https://bluefors.com/,https://careers.bluefors.com/jobs,Packaging & Crating Technician I,https://careers.bluefors.com/jobs/8269063-packaging-crating-technician-i,"Syracuse, NY, United States",Syracuse,NY,United States,Not specified,,,,Core Space,2026-09-25,2026-09-25,https://careers.bluefors.com/jobs,linked_page,4,success_after_fallback
b135afe961df,2026-09-25,a3c0ab6694be,Bluefors Inc.,https://bluefors.com/,https://careers.bluefors.com/jobs,Manufacturing Associate (Second Shift),https://careers.bluefors.com/jobs/8250373-manufacturing-associate-second-shift,"Syracuse, NY, United States",Syracuse,NY,United States,Not specified,,,,Core Space,2026-09-25,2026-09-25,https://careers.bluefors.com/jobs,linked_page,4,success_after_fallback
64cb776284e0,2026-09-25,a3c0ab6694be,Bluefors Inc.,https://bluefors.com/,https://careers.bluefors.com/jobs,Operations and Supply Chain,https://careers.bluefors.com/jobs/8241888-strategic-buyer,"Syracuse, NY, United States",Syracuse,NY,United States,Not specified,,,,Core Space,2026-09-25,2026-09-25,https://careers.bluefors.com/jobs,linked_page,4,success_after_fallback
8acad2b94319,2026-09-25,a3c0ab6694be,Bluefors Inc.,https://bluefors.com/,https://careers.bluefors.com/jobs,Shipping Coordinator,https://careers.bluefors.com/jobs/8237875-shipping-coordinator,"Syracuse, NY, United States",Syracuse,NY,United States,Not specified,,,,Core Space,2026-09-25,2026-09-25,https://careers.bluefors.com/jobs,linked_page,4,success_after_fallback
30f6f44e3b72,2026-09-25,a3c0ab6694be,Bluefors Inc.,https://bluefors.com/,https://careers.bluefors.com/jobs,Technical Sales Manager,https://careers.bluefors.com/jobs/8231513-technical-sales-manager,"Syracuse, NY, United States",Syracuse,NY,United States,Not specified,,,,Core Space,2026-09-25,2026-09-25,https://careers.bluefors.com/jobs,linked_page,4,success_after_fallback
fd3748e6d18d,2026-09-25,49a10cfcff0c,AIP Publishing,https://publishing.aip.org/,https://job-boards.greenhouse.io/aippublishing,Sr Peer Review Specialist,https://job-boards.greenhouse.io/aippublishing/jobs/6166603004,"Remote - NY, NJ, CT, MD, VA, PA, MA, RI or Washington, DC",Remote - NY,NJ,United States,Remote,,,,Core Space,2026-09-25,2026-09-25,https://job-boards.greenhouse.io/aippublishing,known_careers_url,5,success
44b6c278841b,2026-09-25,49a10cfcff0c,AIP Publishing,https://publishing.aip.org/,https://job-boards.greenhouse.io/aippublishing,Cloud Infrastructure Engineer,https://job-boards.greenhouse.io/aippublishing/jobs/6144177004,"Remote - NY, NJ, CT, MD, VA, PA, MA, RI or Washington, DC",Remote - NY,NJ,United States,Remote,,,,Core Space,2026-09-25,2026-09-25,https://job-boards.greenhouse.io/aippublishing,known_careers_url,5,success
1788b2d6edfe,2026-09-25,0c237be7f93d,Applied Visions,https://www.avi.com/,https://app.trinethire.com/companies/1321-the-applied-visions-companies-applied-visions-software-design-solutions/jobs,Software Engineer - Internship,https://app.trinethire.com/companies/1321-applied-visions-software-design-solutions/jobs/30071-software-engineer-internship,"Clifton Park, NY, United States",Clifton Park,NY,United States,Not specified,,,,Aerospace,2026-09-25,2026-09-25,https://app.trinethire.com/companies/1321-the-applied-visions-companies-applied-visions-software-design-solutions/jobs,linked_page,4,success_after_fallback
1a3ad1837653,2026-09-25,0c237be7f93d,Applied Visions,https://www.avi.com/,https://app.trinethire.com/companies/1321-the-applied-visions-companies-applied-visions-software-design-solutions/jobs,Electrical Engineer,https://app.trinethire.com/companies/1321-applied-visions-software-design-solutions/jobs/121839-electrical-engineer,"Clifton Park, NY, United States",Clifton Park,NY,United States,Not specified,,,,Aerospace,2026-09-25,2026-09-25,https://app.trinethire.com/companies/1321-the-applied-visions-companies-applied-visions-software-design-solutions/jobs,linked_page,4,success_after_fallback
cb371e86cd3d,2026-09-25,0c237be7f93d,Applied Visions,https://www.avi.com/,https://app.trinethire.com/companies/1321-the-applied-visions-companies-applied-visions-software-design-solutions/jobs,Director of Engineering,https://app.trinethire.com/companies/1321-applied-visions-software-design-solutions/jobs/118815-director-of-engineering,"Clifton Park, NY, United States",Clifton Park,NY,United States,Not specified,,,,Aerospace,2026-09-25,2026-09-25,https://app.trinethire.com/companies/1321-the-applied-visions-companies-applied-visions-software-design-solutions/jobs,linked_page,4,success_after_fallback
61417aaf893b,2026-09-25,0c237be7f93d,Applied Visions,https://www.avi.com/,https://app.trinethire.com/companies/1321-the-applied-visions-companies-applied-visions-software-design-solutions/jobs,Director of Product Management,https://app.trinethire.com/companies/1321-applied-visions-software-design-solutions/jobs/120485-director-of-product-management,"Clifton Park, NY, United States",Clifton Park,NY,United States,Not specified,,,,Aerospace,2026-09-25,2026-09-25,https://app.trinethire.com/companies/1321-the-applied-visions-companies-applied-visions-software-design-solutions/jobs,linked_page,4,success_after_fallback
0ac45e64ecd0,2026-09-25,0c237be7f93d,Applied Visions,https://www.avi.com/,https://app.trinethire.com/companies/1321-the-applied-visions-companies-applied-visions-software-design-solutions/jobs,Applied Visions Software Design Solutions,https://app.trinethire.com/companies/1321-applied-visions-software-design-solutions/jobs/120013-machinist-prototype-machining-3-month-contract,"Clifton Park, NY, United States",Clifton Park,NY,United States,Not specified,,,,Aerospace,2026-09-25,2026-09-25,https://app.trinethire.com/companies/1321-the-applied-visions-companies-applied-visions-software-design-solutions/jobs,linked_page,4,success_after_fallback
873a8c5d3c48,2026-09-25,405cf37b5e7d,Arkwin Industries,https://www.arkwin.com/,https://www.arkwin.com/job/senior-design-engineer-3,Senior Design Engineer,https://www.arkwin.com/job/senior-design-engineer-3,"Bethpage, NY",Bethpage,NY,United States,Not specified,,,,Space & Defense,2026-09-25,2026-09-25,https://www.arkwin.com/job/senior-design-engineer-3,linked_page,3,success_after_fallback
973ecca02f98,2026-09-25,405cf37b5e7d,Arkwin Industries,https://www.arkwin.com/,https://www.arkwin.com/job/quality-engineer-2,Quality Engineer,https://www.arkwin.com/job/quality-engineer-2,"Bethpage, NY",Bethpage,NY,United States,Not specified,,,,Space & Defense,2026-09-25,2026-09-25,https://www.arkwin.com/job/quality-engineer-2,linked_page,3,success_after_fallback
27443147dc30,2026-09-25,405cf37b5e7d,Arkwin Industries,https://www.arkwin.com/,https://www.arkwin.com/job/business-development-manager,Business Development Manager,https://www.arkwin.com/job/business-development-manager,"Bethpage, NY",Bethpage,NY,United States,Not specified,,,,Space & Defense,2026-09-25,2026-09-25,https://www.arkwin.com/job/business-development-manager,linked_page,3,success_after_fallback
f398e8e870ff,2026-09-25,405cf37b5e7d,Arkwin Industries,https://www.arkwin.com/,https://www.arkwin.com/job/business-unit-manager-4,Business Unit Manager,https://www.arkwin.com/job/business-unit-manager-4,"Bethpage, NY",Bethpage,NY,United States,Not specified,,,,Space & Defense,2026-09-25,2026-09-25,https://www.arkwin.com/job/business-unit-manager-4,linked_page,3,success_after_fallback
8dda5fe97d2c,2026-09-25,405cf37b5e7d,Arkwin Industries,https://www.arkwin.com/,https://www.arkwin.com/job/customer-account-manager-9,Customer Account Manager,https://www.arkwin.com/job/customer-account-manager-9,"Bethpage, NY",Bethpage,NY,United States,Not specified,,,,Space & Defense,2026-09-25,2026-09-25,https://www.arkwin.com/job/customer-account-manager-9,linked_page,3,success_after_fallback
81ca54dcc0f9,2026-09-25,f7b8731a7e71,ASR International,https://www.asrintl.com/,https://asrinternationalcorp.applytojob.com/apply/jobs,Laboratory Technician,https://asrinternationalcorp.applytojob.com/apply/jobs/details/9Hb0LslEp2,"Sugar Land, TX",Sugar Land,TX,United States,Not specified,,,,Space & Defense,2026-09-25,2026-09-25,https://asrinternationalcorp.applytojob.com/apply/jobs,known_careers_url,4,success
7bdd4441d288,2026-09-25,f7b8731a7e71,ASR International,https://www.asrintl.com/,https://asrinternationalcorp.applytojob.com/apply/jobs,TPRB Construction Engineer – Dam Safety SME,https://asrinternationalcorp.applytojob.com/apply/jobs/details/vmXXU9eT1F,"Tierra Amarillia, NM",Tierra Amarillia,NM,United States,Not specified,,,,Space & Defense,2026-09-25,2026-09-25,https://asrinternationalcorp.applytojob.com/apply/jobs,known_careers_url,4,success
2d6f420a125c,2026-09-25,f7b8731a7e71,ASR International,https://www.asrintl.com/,https://asrinternationalcorp.applytojob.com/apply/jobs,Information Systems Analyst,https://asrinternationalcorp.applytojob.com/apply/jobs/details/DHQO7hotlQ,"Fort Worth, TX",Fort Worth,TX,United States,Not specified,,,,Space & Defense,2026-09-25,2026-09-25,https://asrinternationalcorp.applytojob.com/apply/jobs,known_careers_url,4,success
234058d2f490,2026-09-25,f7b8731a7e71,ASR International,https://www.asrintl.com/,https://asrinternationalcorp.applytojob.com/apply/jobs,Inventory Specialist,https://asrinternationalcorp.applytojob.com/apply/jobs/details/SE42q9itOE,"Minden, NV",Minden,NV,United States,Not specified,,,,Space & Defense,2026-09-25,2026-09-25,https://asrinternationalcorp.applytojob.com/apply/jobs,known_careers_url,4,success
42dea78c8362,2026-09-25,f7b8731a7e71,ASR International,https://www.asrintl.com/,https://asrinternationalcorp.applytojob.com/apply/jobs,Civil Engineer - Federal Project Puget Sound Area WA,https://asrinternationalcorp.applytojob.com/apply/jobs/details/4EwkxN1ubg,"Silverdale, WA",Silverdale,WA,United States,Not specified,,,,Space & Defense,2026-09-25,2026-09-25,https://asrinternationalcorp.applytojob.com/apply/jobs,known_careers_url,4,success
cf99b49e5351,2026-09-25,f7b8731a7e71,ASR International,https://www.asrintl.com/,https://asrinternationalcorp.applytojob.com/apply/jobs,Electrical Engineer - Federal Project Puget Sound WA,https://asrinternationalcorp.applytojob.com/apply/jobs/details/ZLuDtwfZhZ,"Silverdale, WA",Silverdale,WA,United States,Not specified,,,,Space & Defense,2026-09-25,2026-09-25,https://asrinternationalcorp.applytojob.com/apply/jobs,known_careers_url,4,success
2ae38099ec20,2026-09-25,f7b8731a7e71,ASR International,https://www.asrintl.com/,https://asrinternationalcorp.applytojob.com/apply/jobs,"Fire Protection Engineer - Federal Project, Puget Sound WA",https://asrinternationalcorp.applytojob.com/apply/jobs/details/AbPsOo11Oe,"Silverdale, WA",Silverdale,WA,United States,Not specified,,,,Space & Defense,2026-09-25,2026-09-25,https://asrinternationalcorp.applytojob.com/apply/jobs,known_careers_url,4,success
0d995961de96,2026-09-25,f7b8731a7e71,ASR International,https://www.asrintl.com/,https://asrinternationalcorp.applytojob.com/apply/jobs,"Geotechnical Engineer - Federal Project, Puget Sound Area WA",https://asrinternationalcorp.applytojob.com/apply/jobs/details/iyeZrOpeMV,"Silverdale, WA",Silverdale,WA,United States,Not specified,,,,Space & Defense,2026-09-25,2026-09-25,https://asrinternationalcorp.applytojob.com/apply/jobs,known_careers_url,4,success
e7579b5a575e,2026-09-25,f7b8731a7e71,ASR International,https://www.asrintl.com/,https://asrinternationalcorp.applytojob.com/apply/jobs,Interior Designer,https://asrinternationalcorp.applytojob.com/apply/jobs/details/U8rduUxF8h,"Silverdale, WA",Silverdale,WA,United States,Not specified,,,,Space & Defense,2026-09-25,2026-09-25,https://asrinternationalcorp.applytojob.com/apply/jobs,known_careers_url,4,success
3d39b6753765,2026-09-25,f7b8731a7e71,ASR International,https://www.asrintl.com/,https://asrinternationalcorp.applytojob.com/apply/jobs,Mechanical Engineer,https://asrinternationalcorp.applytojob.com/apply/jobs/details/uzScG4So4o,"Silverdale, WA",Silverdale,WA,United States,Not specified,,,,Space & Defense,2026-09-25,2026-09-25,https://asrinternationalcorp.applytojob.com/apply/jobs,known_careers_url,4,success
16f02b522c48,2026-09-25,f7b8731a7e71,ASR International,https://www.asrintl.com/,https://asrinternationalcorp.applytojob.com/apply/jobs,Program / Data Analyst,https://asrinternationalcorp.applytojob.com/apply/jobs/details/kJ6JG8cPbt,"Silverdale, WA",Silverdale,WA,United States,Not specified,,,,Space & Defense,2026-09-25,2026-09-25,https://asrinternationalcorp.applytojob.com/apply/jobs,known_careers_url,4,success
025d5c4b4032,2026-09-25,f7b8731a7e71,ASR International,https://www.asrintl.com/,https://asrinternationalcorp.applytojob.com/apply/jobs,Structural Engineer,https://asrinternationalcorp.applytojob.com/apply/jobs/details/Sg497yjGBO,"Silverdale, WA",Silverdale,WA,United States,Not specified,,,,Space & Defense,2026-09-25,2026-09-25,https://asrinternationalcorp.applytojob.com/apply/jobs,known_careers_url,4,success
1af5e2dd5580,2026-09-25,f7b8731a7e71,ASR International,https://www.asrintl.com/,https://asrinternationalcorp.applytojob.com/apply/jobs,Warehouse Associate,https://asrinternationalcorp.applytojob.com/apply/jobs/details/Sz0qmFohHe,"Minden, NV",Minden,NV,United States,Not specified,,,,Space & Defense,2026-09-25,2026-09-25,https://asrinternationalcorp.applytojob.com/apply/jobs,known_careers_url,4,success
478cb95642ea,2026-09-25,f7b8731a7e71,ASR International,https://www.asrintl.com/,https://asrinternationalcorp.applytojob.com/apply/jobs,Human Resources Specialist,https://asrinternationalcorp.applytojob.com/apply/jobs/details/pGDEb7m4z4,"Hauppauge, NY",Hauppauge,NY,United States,Not specified,,,,Space & Defense,2026-09-25,2026-09-25,https://asrinternationalcorp.applytojob.com/apply/jobs,known_careers_url,4,success
405bd4c10310,2026-09-25,f7b8731a7e71,ASR International,https://www.asrintl.com/,https://asrinternationalcorp.applytojob.com/apply/jobs,Corporate Benefits and Insurance Manager,https://asrinternationalcorp.applytojob.com/apply/jobs/details/NRNvvkf9zF,"Hauppauge, NY",Hauppauge,NY,United States,Not specified,,,,Space & Defense,2026-09-25,2026-09-25,https://asrinternationalcorp.applytojob.com/apply/jobs,known_careers_url,4,success
918dc8cfd88d,2026-09-25,f7b8731a7e71,ASR International,https://www.asrintl.com/,https://asrinternationalcorp.applytojob.com/apply/jobs,Recruiter (Government Contracting),https://asrinternationalcorp.applytojob.com/apply/jobs/details/nnRyvfnb08,"Hauppauge, NY",Hauppauge,NY,United States,Not specified,,,,Space & Defense,2026-09-25,2026-09-25,https://asrinternationalcorp.applytojob.com/apply/jobs,known_careers_url,4,success
c92c38fcccb8,2026-09-25,f7b8731a7e71,ASR International,https://www.asrintl.com/,https://asrinternationalcorp.applytojob.com/apply/jobs,"ADMINSTRATIVE ASSISTANT - ASR Corporate Office, Hauppauge, New York",https://asrinternationalcorp.applytojob.com/apply/jobs/details/oSYUcKaGm7,"Haupppauge, NY",Haupppauge,NY,United States,Not specified,,,,Space & Defense,2026-09-25,2026-09-25,https://asrinternationalcorp.applytojob.com/apply/jobs,known_careers_url,4,success
b3dd33f23140,2026-09-25,f7b8731a7e71,ASR International,https://www.asrintl.com/,https://asrinternationalcorp.applytojob.com/apply/jobs,Warehouse Operations Support,https://asrinternationalcorp.applytojob.com/apply/jobs/details/r9UREC7YrW,"Port Hueneme, CA",Port Hueneme,CA,United States,Not specified,,,,Space & Defense,2026-09-25,2026-09-25,https://asrinternationalcorp.applytojob.com/apply/jobs,known_careers_url,4,success
a6b87e15bfc2,2026-09-25,f7b8731a7e71,ASR International,https://www.asrintl.com/,https://asrinternationalcorp.applytojob.com/apply/jobs,Engineering Technical/Proposal Writer - Entry Level,https://asrinternationalcorp.applytojob.com/apply/jobs/details/XBSGZgZv0y,"Hauppauge, NY",Hauppauge,NY,United States,Not specified,,,,Space & Defense,2026-09-25,2026-09-25,https://asrinternationalcorp.applytojob.com/apply/jobs,known_careers_url,4,success
2ff1f9a5aef7,2026-09-25,f7b8731a7e71,ASR International,https://www.asrintl.com/,https://asrinternationalcorp.applytojob.com/apply/jobs,Jr. IT Specialist,https://asrinternationalcorp.applytojob.com/apply/jobs/details/04COKdK6VU,"Hauppauge, NY",Hauppauge,NY,United States,Not specified,,,,Space & Defense,2026-09-25,2026-09-25,https://asrinternationalcorp.applytojob.com/apply/jobs,known_careers_url,4,success
35405d1364a6,2026-09-25,f7b8731a7e71,ASR International,https://www.asrintl.com/,https://asrinternationalcorp.applytojob.com/apply/jobs,Jr. Contract Analyst/Admin,https://asrinternationalcorp.applytojob.com/apply/jobs/details/xgnxrAysaC,"Hauppauge, NY",Hauppauge,NY,United States,Not specified,,,,Space & Defense,2026-09-25,2026-09-25,https://asrinternationalcorp.applytojob.com/apply/jobs,known_careers_url,4,success
c5a1b86385bc,2026-09-25,f7b8731a7e71,ASR International,https://www.asrintl.com/,https://asrinternationalcorp.applytojob.com/apply/jobs,Construction Management Support/Field Engineer,https://asrinternationalcorp.applytojob.com/apply/jobs/details/GnwewXo9mw,"Bremerton, WA",Bremerton,WA,United States,Not specified,,,,Space & Defense,2026-09-25,2026-09-25,https://asrinternationalcorp.applytojob.com/apply/jobs,known_careers_url,4,success
061c23000c12,2026-09-25,f7b8731a7e71,ASR International,https://www.asrintl.com/,https://asrinternationalcorp.applytojob.com/apply/jobs,Project Field Engineer,https://asrinternationalcorp.applytojob.com/apply/jobs/details/ykZ3eXeJqr,"Bremerton, WA",Bremerton,WA,United States,Not specified,,,,Space & Defense,2026-09-25,2026-09-25,https://asrinternationalcorp.applytojob.com/apply/jobs,known_careers_url,4,success
e0ea4168ace7,2026-09-25,f7b8731a7e71,ASR International,https://www.asrintl.com/,https://asrinternationalcorp.applytojob.com/apply/jobs,Construction Inspector/Engineering Technician,https://asrinternationalcorp.applytojob.com/apply/jobs/details/ZszfKDngfY,"Pensacola, FL",Pensacola,FL,United States,Not specified,,,,Space & Defense,2026-09-25,2026-09-25,https://asrinternationalcorp.applytojob.com/apply/jobs,known_careers_url,4,success
e9ed9835b461,2026-09-25,f7b8731a7e71,ASR International,https://www.asrintl.com/,https://asrinternationalcorp.applytojob.com/apply/jobs,Pricing/Cost Analyst - Labor (ENTRY Level),https://asrinternationalcorp.applytojob.com/apply/jobs/details/zR8MbQsjSp,"Hauppauge, NY",Hauppauge,NY,United States,Not specified,,,,Space & Defense,2026-09-25,2026-09-25,https://asrinternationalcorp.applytojob.com/apply/jobs,known_careers_url,4,success
98413dc18d5a,2026-09-25,b00ce903c871,Boeing,https://www.boeing.com/resources/boeingdotcom/government-operations/state_cards/Card_NY.pdf,https://jobs.boeing.com/,Quality Inspector - 737 Operations,https://jobs.boeing.com/job/wichita/quality-inspector-737-operations/185/93690408176,"Wichita, Kansas, United States",Wichita,KS,United States,Not specified,,,,Aerospace,2026-09-25,2026-09-25,https://jobs.boeing.com/,known_careers_url,4,success
6fd0970ee1a5,2026-09-25,b00ce903c871,Boeing,https://www.boeing.com/resources/boeingdotcom/government-operations/state_cards/Card_NY.pdf,https://jobs.boeing.com/,Production Manager,https://jobs.boeing.com/job/tulsa/production-manager/185/99755583504,"Tulsa, Oklahoma, United States",Tulsa,OK,United States,Not specified,,,,Aerospace,2026-09-25,2026-09-25,https://jobs.boeing.com/,known_careers_url,4,success
20415a360158,2026-09-25,b00ce903c871,Boeing,https://www.boeing.com/resources/boeingdotcom/government-operations/state_cards/Card_NY.pdf,https://jobs.boeing.com/,Spirit Defense - Associate Quality Assurance Supplier,https://jobs.boeing.com/job/wichita/spirit-defense-associate-quality-assurance-supplier/185/100725106352,"Wichita, Kansas, United States",Wichita,KS,United States,Not specified,,,,Aerospace,2026-09-25,2026-09-25,https://jobs.boeing.com/,known_careers_url,4,success
5bf81753dabb,2026-09-25,b00ce903c871,Boeing,https://www.boeing.com/resources/boeingdotcom/government-operations/state_cards/Card_NY.pdf,https://jobs.boeing.com/manufacturing-careers,Business Improvement Specialist,https://jobs.boeing.com/job/bristol/business-improvement-specialist/185/100399982880,"Bristol, United Kingdom",Bristol,,United Kingdom,Not specified,,,,Aerospace,2026-09-25,2026-09-25,https://jobs.boeing.com/manufacturing-careers,linked_page,4,success_after_fallback
01f6073b4202,2026-09-25,b00ce903c871,Boeing,https://www.boeing.com/resources/boeingdotcom/government-operations/state_cards/Card_NY.pdf,https://jobs.boeing.com/cybersecurity-careers,Cyber Security Analyst,https://jobs.boeing.com/job/bristol/cyber-security-analyst/185/97829409840,"Bristol, United Kingdom",Bristol,,United Kingdom,Not specified,,,,Aerospace,2026-09-25,2026-09-25,https://jobs.boeing.com/cybersecurity-careers,linked_page,4,success_after_fallback
f9fa2f5971dc,2026-09-25,b00ce903c871,Boeing,https://www.boeing.com/resources/boeingdotcom/government-operations/state_cards/Card_NY.pdf,https://jobs.boeing.com/cybersecurity-careers,Senior Offensive Cybersecurity Test Analyst,https://jobs.boeing.com/job/berkeley/senior-offensive-cybersecurity-test-analyst/185/101049572496,"Berkeley, Missouri, United States",Berkeley,MO,United States,Not specified,,,,Aerospace,2026-09-25,2026-09-25,https://jobs.boeing.com/cybersecurity-careers,linked_page,4,success_after_fallback
eb362dbae2cb,2026-09-25,b00ce903c871,Boeing,https://www.boeing.com/resources/boeingdotcom/government-operations/state_cards/Card_NY.pdf,https://jobs.boeing.com/cybersecurity-careers,Cybersecurity - Information System Security Manager (ISSM),https://jobs.boeing.com/job/herndon/cybersecurity-information-system-security-manager-issm/185/100996288896,"Herndon, Virginia, United States",Herndon,VA,United States,Not specified,,,,Aerospace,2026-09-25,2026-09-25,https://jobs.boeing.com/cybersecurity-careers,linked_page,4,success_after_fallback
9f3731f304c8,2026-09-25,b00ce903c871,Boeing,https://www.boeing.com/resources/boeingdotcom/government-operations/state_cards/Card_NY.pdf,https://jobs.boeing.com/cybersecurity-careers,Cybersecurity - Information System Security Manager (ISSM),https://jobs.boeing.com/job/fairfax/cybersecurity-information-system-security-manager-issm/185/100996288848,"Fairfax, Virginia, United States",Fairfax,VA,United States,Not specified,,,,Aerospace,2026-09-25,2026-09-25,https://jobs.boeing.com/cybersecurity-careers,linked_page,4,success_after_fallback
f9b727c8cd75,2026-09-25,b00ce903c871,Boeing,https://www.boeing.com/resources/boeingdotcom/government-operations/state_cards/Card_NY.pdf,https://jobs.boeing.com/data-science-and-analytics-careers,Experienced Simulation Software Engineer - Training Systems,https://jobs.boeing.com/job/hazelwood/experienced-simulation-software-engineer-training-systems/185/99081307904,"Hazelwood, Missouri, United States; and other locations",Hazelwood,MO,United States,Not specified,,,,Aerospace,2026-09-25,2026-09-25,https://jobs.boeing.com/data-science-and-analytics-careers,linked_page,4,success_after_fallback
2a2891f13e6c,2026-09-25,b00ce903c871,Boeing,https://www.boeing.com/resources/boeingdotcom/government-operations/state_cards/Card_NY.pdf,https://jobs.boeing.com/data-science-and-analytics-careers,Associate Software Engineer,https://jobs.boeing.com/job/huntsville/associate-software-engineer/185/101094019424,"Huntsville, Alabama, United States",Huntsville,AL,United States,Not specified,,,,Aerospace,2026-09-25,2026-09-25,https://jobs.boeing.com/data-science-and-analytics-careers,linked_page,4,success_after_fallback
e5aff4279847,2026-09-25,b00ce903c871,Boeing,https://www.boeing.com/resources/boeingdotcom/government-operations/state_cards/Card_NY.pdf,https://jobs.boeing.com/data-science-and-analytics-careers,Business Intelligence Analyst,https://jobs.boeing.com/job/hazelwood/business-intelligence-analyst/185/98516505328,"Hazelwood, Missouri, United States",Hazelwood,MO,United States,Not specified,,,,Aerospace,2026-09-25,2026-09-25,https://jobs.boeing.com/data-science-and-analytics-careers,linked_page,4,success_after_fallback
1742eebafd66,2026-09-25,b00ce903c871,Boeing,https://www.boeing.com/resources/boeingdotcom/government-operations/state_cards/Card_NY.pdf,https://jobs.boeing.com/data-science-and-analytics-careers,Cost Estimating Manager – Millennium Space Systems,https://jobs.boeing.com/job/el-segundo/cost-estimating-manager-millennium-space-systems/185/101061995920,"El Segundo, California, United States; and other locations",El Segundo,CA,United States,Not specified,,,,Aerospace,2026-09-25,2026-09-25,https://jobs.boeing.com/data-science-and-analytics-careers,linked_page,4,success_after_fallback
0ca1d6489b72,2026-09-25,b00ce903c871,Boeing,https://www.boeing.com/resources/boeingdotcom/government-operations/state_cards/Card_NY.pdf,https://jobs.boeing.com/information-technology-careers,Audiovisual Design & Integration Specialist (Senior or Lead),https://jobs.boeing.com/job/herndon/audiovisual-design-and-integration-specialist-senior-or-lead/185/101104387056,"Herndon, Virginia, United States",Herndon,VA,United States,Not specified,,,,Aerospace,2026-09-25,2026-09-25,https://jobs.boeing.com/information-technology-careers,linked_page,4,success_after_fallback
276a09abd387,2026-09-25,b00ce903c871,Boeing,https://www.boeing.com/resources/boeingdotcom/government-operations/state_cards/Card_NY.pdf,https://jobs.boeing.com/information-technology-careers,"Audiovisual Technician / Installer (Associate, Experienced or Senior)",https://jobs.boeing.com/job/herndon/audiovisual-technician-installer-associate-experienced-or-senior/185/101110632320,"Herndon, Virginia, United States",Herndon,VA,United States,Not specified,,,,Aerospace,2026-09-25,2026-09-25,https://jobs.boeing.com/information-technology-careers,linked_page,4,success_after_fallback
796c6dd9f63f,2026-09-25,b00ce903c871,Boeing,https://www.boeing.com/resources/boeingdotcom/government-operations/state_cards/Card_NY.pdf,https://jobs.boeing.com/information-technology-careers,"Audiovisual Technician / Installer (Associate, Experienced or Senior)",https://jobs.boeing.com/job/herndon/audiovisual-technician-installer-associate-experienced-or-senior/185/101110632256,"Herndon, Virginia, United States",Herndon,VA,United States,Not specified,,,,Aerospace,2026-09-25,2026-09-25,https://jobs.boeing.com/information-technology-careers,linked_page,4,success_after_fallback
07a55ef51b1b,2026-09-25,b00ce903c871,Boeing,https://www.boeing.com/resources/boeingdotcom/government-operations/state_cards/Card_NY.pdf,https://jobs.boeing.com/information-technology-careers,IT Support Technician Level 3 - Hybrid,https://jobs.boeing.com/job/bingen/it-support-technician-level-3-hybrid/185/101107144448,"Bingen, Washington, United States",Bingen,WA,United States,Hybrid,,,,Aerospace,2026-09-25,2026-09-25,https://jobs.boeing.com/information-technology-careers,linked_page,4,success_after_fallback
1f7b74734b6d,2026-09-25,b00ce903c871,Boeing,https://www.boeing.com/resources/boeingdotcom/government-operations/state_cards/Card_NY.pdf,https://jobs.boeing.com/electronic-and-electrical-engineering-careers,"Principal Electro-Optical Infrared Design, Assembly, Integration, and Test Engineer",https://jobs.boeing.com/job/huntington-beach/principal-electro-optical-infrared-design-assembly-integration-and-test-engineer/185/101104388848,"Huntington Beach, California, United States; and other locations",Huntington Beach,CA,United States,Not specified,,,,Aerospace,2026-09-25,2026-09-25,https://jobs.boeing.com/electronic-and-electrical-engineering-careers,linked_page,4,success_after_fallback
d08d6cd00586,2026-09-25,b00ce903c871,Boeing,https://www.boeing.com/resources/boeingdotcom/government-operations/state_cards/Card_NY.pdf,https://jobs.boeing.com/electronic-and-electrical-engineering-careers,"Experienced Electro-Optical Infrared Design, Assembly, Integration, and Test Engineer",https://jobs.boeing.com/job/huntington-beach/experienced-electro-optical-infrared-design-assembly-integration-and-test-engineer/185/101104388816,"Huntington Beach, California, United States; and other locations",Huntington Beach,CA,United States,Not specified,,,,Aerospace,2026-09-25,2026-09-25,https://jobs.boeing.com/electronic-and-electrical-engineering-careers,linked_page,4,success_after_fallback
0a1b7bbf567b,2026-09-25,b00ce903c871,Boeing,https://www.boeing.com/resources/boeingdotcom/government-operations/state_cards/Card_NY.pdf,https://jobs.boeing.com/electronic-and-electrical-engineering-careers,Electronic & Electrical System Design Engineer (Associate or Mid-Level),https://jobs.boeing.com/job/oklahoma-city/electronic-and-electrical-system-design-engineer-associate-or-mid-level/185/101104380896,"Oklahoma City, Oklahoma, United States",Oklahoma City,OK,United States,Not specified,,,,Aerospace,2026-09-25,2026-09-25,https://jobs.boeing.com/electronic-and-electrical-engineering-careers,linked_page,4,success_after_fallback
f4af8880fa91,2026-09-25,b00ce903c871,Boeing,https://www.boeing.com/resources/boeingdotcom/government-operations/state_cards/Card_NY.pdf,https://jobs.boeing.com/electronic-and-electrical-engineering-careers,Software Design and Analysis Engineer (Experienced or Senior),https://jobs.boeing.com/job/edwards-air-force-base/software-design-and-analysis-engineer-experienced-or-senior/185/101094022016,"Edwards Air Force Base, California, United States",Edwards Air Force Base,CA,United States,Not specified,,,,Aerospace,2026-09-25,2026-09-25,https://jobs.boeing.com/electronic-and-electrical-engineering-careers,linked_page,4,success_after_fallback
2532cf27337e,2026-09-25,b00ce903c871,Boeing,https://www.boeing.com/resources/boeingdotcom/government-operations/state_cards/Card_NY.pdf,https://jobs.boeing.com/flight-engineering-careers,Aerodynamics Engineer (Aero-Stability & Control Analyst),https://jobs.boeing.com/job/berkeley/aerodynamics-engineer-aero-stability-and-control-analyst/185/101104383568,"Berkeley, Missouri, United States",Berkeley,MO,United States,Not specified,,,,Aerospace,2026-09-25,2026-09-25,https://jobs.boeing.com/flight-engineering-careers,linked_page,4,success_after_fallback
a8515911d464,2026-09-25,b00ce903c871,Boeing,https://www.boeing.com/resources/boeingdotcom/government-operations/state_cards/Card_NY.pdf,https://jobs.boeing.com/flight-engineering-careers,ICBM Minuteman Flight Control Systems Engineer (Senior or Expert),https://jobs.boeing.com/job/hill-air-force-base/icbm-minuteman-flight-control-systems-engineer-senior-or-expert/185/101091403520,"Hill Air Force Base, Utah, United States",Hill Air Force Base,UT,United States,Not specified,,,,Aerospace,2026-09-25,2026-09-25,https://jobs.boeing.com/flight-engineering-careers,linked_page,4,success_after_fallback
3301727ddfdf,2026-09-25,b00ce903c871,Boeing,https://www.boeing.com/resources/boeingdotcom/government-operations/state_cards/Card_NY.pdf,https://jobs.boeing.com/flight-engineering-careers,ICBM Minuteman Flight Control Systems Engineer (Associate or Mid-Level),https://jobs.boeing.com/job/hill-air-force-base/icbm-minuteman-flight-control-systems-engineer-associate-or-mid-level/185/101091403504,"Hill Air Force Base, Utah, United States",Hill Air Force Base,UT,United States,Not specified,,,,Aerospace,2026-09-25,2026-09-25,https://jobs.boeing.com/flight-engineering-careers,linked_page,4,success_after_fallback
53abc0eda49f,2026-09-25,b00ce903c871,Boeing,https://www.boeing.com/resources/boeingdotcom/government-operations/state_cards/Card_NY.pdf,https://jobs.boeing.com/flight-engineering-careers,Propulsion Engineer (Experienced or Senior),https://jobs.boeing.com/job/hazelwood/propulsion-engineer-experienced-or-senior/185/101054504512,"Hazelwood, Missouri, United States",Hazelwood,MO,United States,Not specified,,,,Aerospace,2026-09-25,2026-09-25,https://jobs.boeing.com/flight-engineering-careers,linked_page,4,success_after_fallback
e50d66d10429,2026-09-25,b00ce903c871,Boeing,https://www.boeing.com/resources/boeingdotcom/government-operations/state_cards/Card_NY.pdf,https://jobs.boeing.com/industrial-engineering-careers,Manufacturing Planner (Associate or Mid-Level),https://jobs.boeing.com/job/wichita/manufacturing-planner-associate-or-mid-level/185/101129970912,"Wichita, Kansas, United States",Wichita,KS,United States,Not specified,,,,Aerospace,2026-09-25,2026-09-25,https://jobs.boeing.com/industrial-engineering-careers,linked_page,4,success_after_fallback
ad04b2f78e70,2026-09-25,b00ce903c871,Boeing,https://www.boeing.com/resources/boeingdotcom/government-operations/state_cards/Card_NY.pdf,https://jobs.boeing.com/industrial-engineering-careers,Phantom Works Experienced Industrial Engineer,https://jobs.boeing.com/job/berkeley/phantom-works-experienced-industrial-engineer/185/95729589200,"Berkeley, Missouri, United States",Berkeley,MO,United States,Not specified,,,,Aerospace,2026-09-25,2026-09-25,https://jobs.boeing.com/industrial-engineering-careers,linked_page,4,success_after_fallback
e75e38d01605,2026-09-25,b00ce903c871,Boeing,https://www.boeing.com/resources/boeingdotcom/government-operations/state_cards/Card_NY.pdf,https://jobs.boeing.com/industrial-engineering-careers,Associate Industrial Engineering Technician (Methods Process Analyst),https://jobs.boeing.com/job/saint-charles/associate-industrial-engineering-technician-methods-process-analyst/185/101043991376,"Saint Charles, Missouri, United States",Saint Charles,MO,United States,Not specified,,,,Aerospace,2026-09-25,2026-09-25,https://jobs.boeing.com/industrial-engineering-careers,linked_page,4,success_after_fallback
1f7fe030c66f,2026-09-25,b00ce903c871,Boeing,https://www.boeing.com/resources/boeingdotcom/government-operations/state_cards/Card_NY.pdf,https://jobs.boeing.com/industrial-engineering-careers,Associate Manufacturing Planner,https://jobs.boeing.com/job/wichita/associate-manufacturing-planner/185/99808955312,"Wichita, Kansas, United States",Wichita,KS,United States,Not specified,,,,Aerospace,2026-09-25,2026-09-25,https://jobs.boeing.com/industrial-engineering-careers,linked_page,4,success_after_fallback
f588b3b0ee35,2026-09-25,b00ce903c871,Boeing,https://www.boeing.com/resources/boeingdotcom/government-operations/state_cards/Card_NY.pdf,https://jobs.boeing.com/test-engineering-careers,"Test & Evaluation Engineer (Test Program Req & Planning) (Associate, Mid-Level or Senior)",https://jobs.boeing.com/job/long-beach/test-and-evaluation-engineer-test-program-req-and-planning-associate-mid-level-or-senior/185/101082073088,"Long Beach, California, United States",Long Beach,CA,United States,Not specified,,,,Aerospace,2026-09-25,2026-09-25,https://jobs.boeing.com/test-engineering-careers,linked_page,4,success_after_fallback
9e8b74be69ee,2026-09-25,b00ce903c871,Boeing,https://www.boeing.com/resources/boeingdotcom/government-operations/state_cards/Card_NY.pdf,https://jobs.boeing.com/test-engineering-careers,"Lab Operations Engineer (Entry, Associate, or Experienced Level)",https://jobs.boeing.com/job/long-beach/lab-operations-engineer-entry-associate-or-experienced-level/185/98193176224,"Long Beach, California, United States",Long Beach,CA,United States,Not specified,,,,Aerospace,2026-09-25,2026-09-25,https://jobs.boeing.com/test-engineering-careers,linked_page,4,success_after_fallback
a2b8ebe4a85c,2026-09-25,b00ce903c871,Boeing,https://www.boeing.com/resources/boeingdotcom/government-operations/state_cards/Card_NY.pdf,https://jobs.boeing.com/test-engineering-careers,Associate Test Engineer,https://jobs.boeing.com/job/heath/associate-test-engineer/185/101049571584,"Heath, Ohio, United States",Heath,OH,United States,Not specified,,,,Aerospace,2026-09-25,2026-09-25,https://jobs.boeing.com/test-engineering-careers,linked_page,4,success_after_fallback
b30e133f2a91,2026-09-25,b00ce903c871,Boeing,https://www.boeing.com/resources/boeingdotcom/government-operations/state_cards/Card_NY.pdf,https://jobs.boeing.com/test-engineering-careers,Electronics Test and Evaluation Lab Technician (Senior or Lead),https://jobs.boeing.com/job/kirtland-kirtland-air-force-base-auxiliary-field/electronics-test-and-evaluation-lab-technician-senior-or-lead/185/94227231088,"Bohemia, NY, United States",Bohemia,NY,United States,Not specified,,,,Aerospace,2026-09-25,2026-09-25,https://jobs.boeing.com/test-engineering-careers,linked_page,4,success_after_fallback
6bbc9453e327,2026-09-25,2cdfe8725858,Bren-Tronics,https://www.bren-tronics.com/,https://jobs.enersys.com/search?q=&q2=&alertId=&locationsearch=&title=&date=&location=commack,Manufacturing Engineer,https://jobs.enersys.com/job/Commack-Manufacturing-Engineer-NY-11725/1380552333,"Commack, NY, United States",Commack,NY,United States,Not specified,,,,Aerospace,2026-09-25,2026-09-25,https://jobs.enersys.com/search?q=&q2=&alertId=&locationsearch=&title=&date=&location=commack,known_careers_url,4,success
d811f5c45aa3,2026-09-25,2cdfe8725858,Bren-Tronics,https://www.bren-tronics.com/,https://jobs.enersys.com/search?q=&q2=&alertId=&locationsearch=&title=&date=&location=commack,Test Technician,https://jobs.enersys.com/job/Commack-Test-Technician-NY-11725/1440150433,"Commack, NY, United States",Commack,NY,United States,Not specified,,,,Aerospace,2026-09-25,2026-09-25,https://jobs.enersys.com/search?q=&q2=&alertId=&locationsearch=&title=&date=&location=commack,known_careers_url,4,success
ba27c0a8c42e,2026-09-25,2cdfe8725858,Bren-Tronics,https://www.bren-tronics.com/,https://jobs.enersys.com/search?q=&q2=&alertId=&locationsearch=&title=&date=&location=commack,Test Technician,https://jobs.enersys.com/job/Commack-Test-Technician-NY-11725/1440149733,"Commack, NY, United States",Commack,NY,United States,Not specified,,,,Aerospace,2026-09-25,2026-09-25,https://jobs.enersys.com/search?q=&q2=&alertId=&locationsearch=&title=&date=&location=commack,known_careers_url,4,success
befe9653a0f7,2026-09-25,2cdfe8725858,Bren-Tronics,https://www.bren-tronics.com/,https://jobs.enersys.com/search?q=&q2=&alertId=&locationsearch=&title=&date=&location=commack,Production Manager,https://jobs.enersys.com/job/Commack-Production-Manager-NY-11725/1368745033,"Commack, NY, United States",Commack,NY,United States,Not specified,,,,Aerospace,2026-09-25,2026-09-25,https://jobs.enersys.com/search?q=&q2=&alertId=&locationsearch=&title=&date=&location=commack,known_careers_url,4,success
869b65d5f22a,2026-09-25,2cdfe8725858,Bren-Tronics,https://www.bren-tronics.com/,https://jobs.enersys.com/search?q=&q2=&alertId=&locationsearch=&title=&date=&location=commack,Senior Mechanical Engineer,https://jobs.enersys.com/job/Commack-Senior-Mechanical-Engineer-NY-11725/1279712201,"Commack, NY, United States",Commack,NY,United States,Not specified,,,,Aerospace,2026-09-25,2026-09-25,https://jobs.enersys.com/search?q=&q2=&alertId=&locationsearch=&title=&date=&location=commack,known_careers_url,4,success
5480da740e51,2026-09-25,2cdfe8725858,Bren-Tronics,https://www.bren-tronics.com/,https://jobs.enersys.com/search?q=&q2=&alertId=&locationsearch=&title=&date=&location=commack,Senior Electrical Engineer,https://jobs.enersys.com/job/Commack-Senior-Electrical-Engineer-NY-11725/1279809301,"Commack, NY, United States",Commack,NY,United States,Not specified,,,,Aerospace,2026-09-25,2026-09-25,https://jobs.enersys.com/search?q=&q2=&alertId=&locationsearch=&title=&date=&location=commack,known_careers_url,4,success
968f00799f05,2026-09-25,2cdfe8725858,Bren-Tronics,https://www.bren-tronics.com/,https://jobs.enersys.com/search?q=&q2=&alertId=&locationsearch=&title=&date=&location=commack,Planning Specialist,https://jobs.enersys.com/job/Commack-Planning-Specialist-NY-11725/1396086333,"Commack, NY, United States",Commack,NY,United States,Not specified,,,,Aerospace,2026-09-25,2026-09-25,https://jobs.enersys.com/search?q=&q2=&alertId=&locationsearch=&title=&date=&location=commack,known_careers_url,4,success
08cd4b9badfa,2026-09-25,2cdfe8725858,Bren-Tronics,https://www.bren-tronics.com/,https://jobs.enersys.com/search?q=&q2=&alertId=&locationsearch=&title=&date=&location=commack,Test Technician III,https://jobs.enersys.com/job/Commack-Test-Technician-III-NY-11725/1394556633,"Commack, NY, United States",Commack,NY,United States,Not specified,,,,Aerospace,2026-09-25,2026-09-25,https://jobs.enersys.com/search?q=&q2=&alertId=&locationsearch=&title=&date=&location=commack,known_careers_url,4,success
1e3224182459,2026-09-25,2cdfe8725858,Bren-Tronics,https://www.bren-tronics.com/,https://jobs.enersys.com/search?q=&q2=&alertId=&locationsearch=&title=&date=&location=commack,Helpdesk Technician,https://jobs.enersys.com/job/Commack-Helpdesk-Technician-NY-11725/1414827333,"Commack, NY, United States",Commack,NY,United States,Not specified,,,,Aerospace,2026-09-25,2026-09-25,https://jobs.enersys.com/search?q=&q2=&alertId=&locationsearch=&title=&date=&location=commack,known_careers_url,4,success
e55e06af8ac9,2026-09-25,2cdfe8725858,Bren-Tronics,https://www.bren-tronics.com/,https://jobs.enersys.com/search?q=&q2=&alertId=&locationsearch=&title=&date=&location=commack,Mechanical Engineer,https://jobs.enersys.com/job/Commack-Mechanical-Engineer-NY-11725/1393814433,"Commack, NY, United States",Commack,NY,United States,Not specified,,,,Aerospace,2026-09-25,2026-09-25,https://jobs.enersys.com/search?q=&q2=&alertId=&locationsearch=&title=&date=&location=commack,known_careers_url,4,success
3121343f583c,2026-09-25,2cdfe8725858,Bren-Tronics,https://www.bren-tronics.com/,https://jobs.enersys.com/search?q=&q2=&alertId=&locationsearch=&title=&date=&location=commack,Lead Electrical Engineer I,https://jobs.enersys.com/job/Commack-Lead-Electrical-Engineer-I-NY-11725/1422342233,"Commack, NY, United States",Commack,NY,United States,Not specified,,,,Aerospace,2026-09-25,2026-09-25,https://jobs.enersys.com/search?q=&q2=&alertId=&locationsearch=&title=&date=&location=commack,known_careers_url,4,success
f915709e92a5,2026-09-25,2cdfe8725858,Bren-Tronics,https://www.bren-tronics.com/,https://jobs.enersys.com/search?q=&q2=&alertId=&locationsearch=&title=&date=&location=commack,Engineering Coordinator,https://jobs.enersys.com/job/Commack-Engineering-Coordinator-NY-11725/1432669233,"Commack, NY, United States",Commack,NY,United States,Not specified,,,,Aerospace,2026-09-25,2026-09-25,https://jobs.enersys.com/search?q=&q2=&alertId=&locationsearch=&title=&date=&location=commack,known_careers_url,4,success
7fd68aab3611,2026-09-25,2cdfe8725858,Bren-Tronics,https://www.bren-tronics.com/,https://jobs.enersys.com/search?q=&q2=&alertId=&locationsearch=&title=&date=&location=commack,Senior Manufacturing Engineer,https://jobs.enersys.com/job/Commack-Senior-Manufacturing-Engineer-NY-11725/1410435333,"Commack, NY, United States",Commack,NY,United States,Not specified,,,,Aerospace,2026-09-25,2026-09-25,https://jobs.enersys.com/search?q=&q2=&alertId=&locationsearch=&title=&date=&location=commack,known_careers_url,4,success
c26602268d8e,2026-09-25,2cdfe8725858,Bren-Tronics,https://www.bren-tronics.com/,https://jobs.enersys.com/search?createNewAlert=false&q=&locationsearch=&optionsFacetsDD_department=,Field Service Technician II,https://jobs.enersys.com/job/Anytown-Field-Service-Technician-II-NY-13057/1431280833,"Commack, NY, United States",Commack,NY,United States,Not specified,,,,Aerospace,2026-09-25,2026-09-25,https://jobs.enersys.com/search?createNewAlert=false&q=&locationsearch=&optionsFacetsDD_department=,linked_page,4,success_after_fallback
628ecaad918e,2026-09-25,2cdfe8725858,Bren-Tronics,https://www.bren-tronics.com/,https://jobs.enersys.com/search?createNewAlert=false&q=&locationsearch=&optionsFacetsDD_department=,Purchasing Manager,https://jobs.enersys.com/job/Horsham-Purchasing-Manager-PA-19044/1431221933,"Commack, NY, United States",Commack,NY,United States,Not specified,,,,Aerospace,2026-09-25,2026-09-25,https://jobs.enersys.com/search?createNewAlert=false&q=&locationsearch=&optionsFacetsDD_department=,linked_page,4,success_after_fallback
fb106ba249f8,2026-09-25,2cdfe8725858,Bren-Tronics,https://www.bren-tronics.com/,https://jobs.enersys.com/search?createNewAlert=false&q=&locationsearch=&optionsFacetsDD_department=,Senior Manufacturing Technician,https://jobs.enersys.com/job/Abingdon-Senior-Manufacturing-Technician-ENG-OX14-3ED/1420269933,"Commack, NY, United States",Commack,NY,United States,Not specified,,,,Aerospace,2026-09-25,2026-09-25,https://jobs.enersys.com/search?createNewAlert=false&q=&locationsearch=&optionsFacetsDD_department=,linked_page,4,success_after_fallback
3565adbb00fe,2026-09-25,2cdfe8725858,Bren-Tronics,https://www.bren-tronics.com/,https://jobs.enersys.com/search?createNewAlert=false&q=&locationsearch=&optionsFacetsDD_department=,Production Operator,https://jobs.enersys.com/job/Richmond-Production-Operator-KY-40475/1441402933,"Commack, NY, United States",Commack,NY,United States,Not specified,,,,Aerospace,2026-09-25,2026-09-25,https://jobs.enersys.com/search?createNewAlert=false&q=&locationsearch=&optionsFacetsDD_department=,linked_page,4,success_after_fallback
ab7b112d8d65,2026-09-25,2cdfe8725858,Bren-Tronics,https://www.bren-tronics.com/,https://jobs.enersys.com/search?createNewAlert=false&q=&locationsearch=&optionsFacetsDD_department=,Project Engineer,https://jobs.enersys.com/job/Abingdon-Project-Engineer-ENG-OX14-3ED/1441313833,"Commack, NY, United States",Commack,NY,United States,Not specified,,,,Aerospace,2026-09-25,2026-09-25,https://jobs.enersys.com/search?createNewAlert=false&q=&locationsearch=&optionsFacetsDD_department=,linked_page,4,success_after_fallback
74fefb6206de,2026-09-25,2cdfe8725858,Bren-Tronics,https://www.bren-tronics.com/,https://jobs.enersys.com/search?createNewAlert=false&q=&locationsearch=&optionsFacetsDD_department=,"MOVAC Receiving Coordinator, Shift 1 and 2 available",https://jobs.enersys.com/job/Springfield-MOVAC-Receiving-Coordinator%2C-Shift-1-and-2-available-MO-65803/1441454033,"Commack, NY, United States",Commack,NY,United States,Not specified,,,,Aerospace,2026-09-25,2026-09-25,https://jobs.enersys.com/search?createNewAlert=false&q=&locationsearch=&optionsFacetsDD_department=,linked_page,4,success_after_fallback
43ffe0760f70,2026-09-25,2cdfe8725858,Bren-Tronics,https://www.bren-tronics.com/,https://jobs.enersys.com/search?createNewAlert=false&q=&locationsearch=&optionsFacetsDD_department=,Business Development Manager,https://jobs.enersys.com/job/Pinellas-Park-Business-Development-Manager-FL-33781/1441501933,"Commack, NY, United States",Commack,NY,United States,Not specified,,,,Aerospace,2026-09-25,2026-09-25,https://jobs.enersys.com/search?createNewAlert=false&q=&locationsearch=&optionsFacetsDD_department=,linked_page,4,success_after_fallback
be7e71599f5d,2026-09-25,2cdfe8725858,Bren-Tronics,https://www.bren-tronics.com/,https://jobs.enersys.com/search?createNewAlert=false&q=&locationsearch=&optionsFacetsDD_department=,Maintenance Operator,https://jobs.enersys.com/job/Hays-Maintenance-Operator-KS-67601/1430546433,"Commack, NY, United States",Commack,NY,United States,Not specified,,,,Aerospace,2026-09-25,2026-09-25,https://jobs.enersys.com/search?createNewAlert=false&q=&locationsearch=&optionsFacetsDD_department=,linked_page,4,success_after_fallback
913544b66899,2026-09-25,2cdfe8725858,Bren-Tronics,https://www.bren-tronics.com/,https://jobs.enersys.com/search?createNewAlert=false&q=&locationsearch=&optionsFacetsDD_department=,Territory Sales Representative,https://jobs.enersys.com/job/Anytown-Territory-Sales-Representative-CA-91710/1419964033,"Commack, NY, United States",Commack,NY,United States,Not specified,,,,Aerospace,2026-09-25,2026-09-25,https://jobs.enersys.com/search?createNewAlert=false&q=&locationsearch=&optionsFacetsDD_department=,linked_page,4,success_after_fallback
92117289f977,2026-09-25,2cdfe8725858,Bren-Tronics,https://www.bren-tronics.com/,https://jobs.enersys.com/search?createNewAlert=false&q=&locationsearch=&optionsFacetsDD_department=,Battery Energy Storage System Commercial Strategy Manager,https://jobs.enersys.com/job/Anytown-Battery-Energy-Storage-System-Commercial-Strategy-Manager-NJ-07005/1418899833,"Commack, NY, United States",Commack,NY,United States,Not specified,,,,Aerospace,2026-09-25,2026-09-25,https://jobs.enersys.com/search?createNewAlert=false&q=&locationsearch=&optionsFacetsDD_department=,linked_page,4,success_after_fallback
5f6a6f5debbd,2026-09-25,2cdfe8725858,Bren-Tronics,https://www.bren-tronics.com/,https://jobs.enersys.com/search?createNewAlert=false&q=&locationsearch=&optionsFacetsDD_department=,Technical Sales Representative - Oil & Gas,https://jobs.enersys.com/job/Anytown-Technical-Sales-Representative-Oil-&-Gas-TX-75006/1396244633,"Commack, NY, United States",Commack,NY,United States,Not specified,,,,Aerospace,2026-09-25,2026-09-25,https://jobs.enersys.com/search?createNewAlert=false&q=&locationsearch=&optionsFacetsDD_department=,linked_page,4,success_after_fallback
fc59ae109736,2026-09-25,2cdfe8725858,Bren-Tronics,https://www.bren-tronics.com/,https://jobs.enersys.com/search?createNewAlert=false&q=&locationsearch=&optionsFacetsDD_department=,IT Specialist,https://jobs.enersys.com/job/Warrensburg-IT-Specialist-MO-64093-9301/1441124633,"Commack, NY, United States",Commack,NY,United States,Not specified,,,,Aerospace,2026-09-25,2026-09-25,https://jobs.enersys.com/search?createNewAlert=false&q=&locationsearch=&optionsFacetsDD_department=,linked_page,4,success_after_fallback
3585d088d5db,2026-09-25,2cdfe8725858,Bren-Tronics,https://www.bren-tronics.com/,https://jobs.enersys.com/search?createNewAlert=false&q=&locationsearch=&optionsFacetsDD_department=,Director Controller,https://jobs.enersys.com/job/Greenville-Director-Controller-SC-29673/1441119033,"Commack, NY, United States",Commack,NY,United States,Not specified,,,,Aerospace,2026-09-25,2026-09-25,https://jobs.enersys.com/search?createNewAlert=false&q=&locationsearch=&optionsFacetsDD_department=,linked_page,4,success_after_fallback
7a15844b50bf,2026-09-25,2cdfe8725858,Bren-Tronics,https://www.bren-tronics.com/,https://jobs.enersys.com/search?createNewAlert=false&q=&locationsearch=&optionsFacetsDD_department=,Quality Engineer,https://jobs.enersys.com/job/Longmont-Quality-Engineer-CO-80503/1441133433,"Commack, NY, United States",Commack,NY,United States,Not specified,,,,Aerospace,2026-09-25,2026-09-25,https://jobs.enersys.com/search?createNewAlert=false&q=&locationsearch=&optionsFacetsDD_department=,linked_page,4,success_after_fallback
b7ab9f9e7dc8,2026-09-25,3602e1c8dcbc,C3AI,https://c3.ai/,https://job-boards.greenhouse.io/c3ascend,"Data Science - Intern (Summer 2027) Redwood City, CA",https://job-boards.greenhouse.io/c3ascend/jobs/8738917002,"Redwood City, CA",Redwood City,CA,United States,Not specified,,,,Space & Defense,2026-09-25,2026-09-25,https://job-boards.greenhouse.io/c3ascend,known_careers_url,5,success
baf50405c337,2026-09-25,3602e1c8dcbc,C3AI,https://c3.ai/,https://job-boards.greenhouse.io/c3ascend,"Software Engineer - Intern (Summer 2027) Redwood City, CA",https://job-boards.greenhouse.io/c3ascend/jobs/8739036002,"Redwood City, CA",Redwood City,CA,United States,Not specified,,,,Space & Defense,2026-09-25,2026-09-25,https://job-boards.greenhouse.io/c3ascend,known_careers_url,5,success
794191ec09c4,2026-09-25,d3ecafe64223,Calspan Air Services,https://www.calspanairservices.com/,https://careers2-calspan.icims.com/jobs/search?hashed=-435589691,Title Line Technician,https://careers2-calspan.icims.com/jobs/2650/line-technician/job,"Niagara Falls, NY, United States",Niagara Falls,NY,United States,Not specified,,,,Aerospace,2026-09-25,2026-09-25,https://careers2-calspan.icims.com/jobs/search?hashed=-435589691,known_careers_url,5,success
b8831c47bfcb,2026-09-25,d3ecafe64223,Calspan Air Services,https://www.calspanairservices.com/,https://careers2-calspan.icims.com/jobs/2650/line-technician/job,Line Technician,https://careers2-calspan.icims.com/jobs/2650/line-technician/referral,"Niagara Falls, NY, United States",Niagara Falls,NY,United States,Not specified,,,,Aerospace,2026-09-25,2026-09-25,https://careers2-calspan.icims.com/jobs/2650/line-technician/job,ats_detected,5,success_after_fallback
de000ee60f42,2026-09-25,234e92c8de3f,Calspan Business Park,https://calspan.com/,https://careers-calspan.icims.com/jobs/search,Job Title Controls Designer,https://careers-calspan.icims.com/jobs/2628/controls-designer/job,"Buffalo, NY, United States",Buffalo,NY,United States,Not specified,,,,Aerospace,2026-09-25,2026-09-25,https://careers-calspan.icims.com/jobs/search,known_careers_url,5,success
ea36b298b45a,2026-09-25,234e92c8de3f,Calspan Business Park,https://calspan.com/,https://careers-calspan.icims.com/jobs/search,Job Title Senior Software Engineer,https://careers-calspan.icims.com/jobs/2570/senior-software-engineer/job,"Buffalo, NY, United States",Buffalo,NY,United States,Not specified,,,,Aerospace,2026-09-25,2026-09-25,https://careers-calspan.icims.com/jobs/search,known_careers_url,5,success
4166865d17d9,2026-09-25,234e92c8de3f,Calspan Business Park,https://calspan.com/,https://careers-calspan.icims.com/jobs/search,Job Title Lead Controls and Instrumentation Engineer,https://careers-calspan.icims.com/jobs/2613/lead-controls-and-instrumentation-engineer/job,"Buffalo, NY, United States",Buffalo,NY,United States,Not specified,,,,Aerospace,2026-09-25,2026-09-25,https://careers-calspan.icims.com/jobs/search,known_careers_url,5,success
51ea7a1ed7b8,2026-09-25,234e92c8de3f,Calspan Business Park,https://calspan.com/,https://careers-calspan.icims.com/jobs/search,"Job Title Associate Principal Engineer, Aero/Acoustics",https://careers-calspan.icims.com/jobs/2566/associate-principal-engineer%2c-aero-acoustics/job,"Buffalo, NY, United States",Buffalo,NY,United States,On-site,,,,Aerospace,2026-09-25,2026-09-25,https://careers-calspan.icims.com/jobs/search,known_careers_url,5,success
d67dbcf18a90,2026-09-25,234e92c8de3f,Calspan Business Park,https://calspan.com/,https://careers-calspan.icims.com/jobs/search,"Job Title Senior Engineer, Engine Test Structures",https://careers-calspan.icims.com/jobs/2648/senior-engineer%2c-engine-test-structures/job,"Buffalo, NY, United States",Buffalo,NY,United States,Not specified,,,,Aerospace,2026-09-25,2026-09-25,https://careers-calspan.icims.com/jobs/search,known_careers_url,5,success
6a86e7e083b8,2026-09-25,234e92c8de3f,Calspan Business Park,https://calspan.com/,https://careers-calspan.icims.com/jobs/search,Job Title AV - Photograph Technician,https://careers-calspan.icims.com/jobs/2649/av---photograph-technician/job,"Buffalo, NY, United States",Buffalo,NY,United States,Not specified,,,,Aerospace,2026-09-25,2026-09-25,https://careers-calspan.icims.com/jobs/search,known_careers_url,5,success
748b1d93c203,2026-09-25,234e92c8de3f,Calspan Business Park,https://calspan.com/,https://careers-calspan.icims.com/jobs/search,Job Title Instrumentation Technician,https://careers-calspan.icims.com/jobs/2634/instrumentation-technician/job,"Buffalo, NY, United States",Buffalo,NY,United States,Not specified,,,,Aerospace,2026-09-25,2026-09-25,https://careers-calspan.icims.com/jobs/search,known_careers_url,5,success
8cdf91017e92,2026-09-25,234e92c8de3f,Calspan Business Park,https://calspan.com/,https://careers-calspan.icims.com/jobs/search,Job Title Principal Systems Software Engineer - Jet Engine Test Cells,https://careers-calspan.icims.com/jobs/2500/principal-systems-software-engineer---jet-engine-test-cells/job,"Buffalo, NY, United States",Buffalo,NY,United States,Not specified,,,,Aerospace,2026-09-25,2026-09-25,https://careers-calspan.icims.com/jobs/search,known_careers_url,5,success
3dcf9dea581e,2026-09-25,234e92c8de3f,Calspan Business Park,https://calspan.com/,https://careers-calspan.icims.com/jobs/search,Job Title Measurement Technician,https://careers-calspan.icims.com/jobs/2645/measurement-technician/job,"Buffalo, NY, United States",Buffalo,NY,United States,Not specified,,,,Aerospace,2026-09-25,2026-09-25,https://careers-calspan.icims.com/jobs/search,known_careers_url,5,success
b55142fd4f16,2026-09-25,234e92c8de3f,Calspan Business Park,https://calspan.com/,https://careers-calspan.icims.com/jobs/search,"Job Title Program Manager, Automotive Testing",https://careers-calspan.icims.com/jobs/2642/program-manager%2c-automotive-testing/job,"Buffalo, NY, United States",Buffalo,NY,United States,Not specified,,,,Aerospace,2026-09-25,2026-09-25,https://careers-calspan.icims.com/jobs/search,known_careers_url,5,success
5ed410882db2,2026-09-25,234e92c8de3f,Calspan Business Park,https://calspan.com/,https://careers-calspan.icims.com/jobs/search,Job Title Mechanical Engineer,https://careers-calspan.icims.com/jobs/2639/mechanical-engineer/job,"Buffalo, NY, United States",Buffalo,NY,United States,Not specified,,,,Aerospace,2026-09-25,2026-09-25,https://careers-calspan.icims.com/jobs/search,known_careers_url,5,success
783458b4282d,2026-09-25,234e92c8de3f,Calspan Business Park,https://calspan.com/,https://careers-calspan.icims.com/jobs/search,Job Title Automotive Service Manager,https://careers-calspan.icims.com/jobs/2640/automotive-service-manager/job,"Buffalo, NY, United States",Buffalo,NY,United States,On-site,,,,Aerospace,2026-09-25,2026-09-25,https://careers-calspan.icims.com/jobs/search,known_careers_url,5,success
d304ffdc4400,2026-09-25,234e92c8de3f,Calspan Business Park,https://calspan.com/,https://careers-calspan.icims.com/jobs/search,Job Title Field Service Technician,https://careers-calspan.icims.com/jobs/2641/field-service-technician/job,"Buffalo, NY, United States",Buffalo,NY,United States,Not specified,,,,Aerospace,2026-09-25,2026-09-25,https://careers-calspan.icims.com/jobs/search,known_careers_url,5,success
ad6536f31d73,2026-09-25,234e92c8de3f,Calspan Business Park,https://calspan.com/,https://careers-calspan.icims.com/jobs/search,"Job Title Director, Finance Systems & Business Processes",https://careers-calspan.icims.com/jobs/2632/director%2c-finance-systems-%26-business-processes/job,"Buffalo, NY, United States",Buffalo,NY,United States,Not specified,,,,Aerospace,2026-09-25,2026-09-25,https://careers-calspan.icims.com/jobs/search,known_careers_url,5,success
051b998a1f20,2026-09-25,234e92c8de3f,Calspan Business Park,https://calspan.com/,https://careers-calspan.icims.com/jobs/search,Job Title Facilities Technician,https://careers-calspan.icims.com/jobs/2637/facilities-technician/job,"Buffalo, NY, United States",Buffalo,NY,United States,Not specified,,,,Aerospace,2026-09-25,2026-09-25,https://careers-calspan.icims.com/jobs/search,known_careers_url,5,success
133abdb9a697,2026-09-25,234e92c8de3f,Calspan Business Park,https://calspan.com/,https://careers-calspan.icims.com/jobs/search,Job Title Senior Project Manager,https://careers-calspan.icims.com/jobs/2635/senior-project-manager/job,"Buffalo, NY, United States",Buffalo,NY,United States,On-site,,,,Aerospace,2026-09-25,2026-09-25,https://careers-calspan.icims.com/jobs/search,known_careers_url,5,success
ddffad5df972,2026-09-25,234e92c8de3f,Calspan Business Park,https://calspan.com/,https://careers-calspan.icims.com/jobs/2654/sr.-electrician/job,Sr. Electrician,https://careers-calspan.icims.com/jobs/2654/sr.-electrician/job,"Buffalo, NY, US",Buffalo,NY,United States,Not specified,,,Operations,Aerospace,2026-09-25,2026-09-25,https://careers-calspan.icims.com/jobs/2654/sr.-electrician/job,ats_detected,4,success_after_fallback
418f4d6a134f,2026-09-25,234e92c8de3f,Calspan Business Park,https://calspan.com/,https://careers-calspan.icims.com/jobs/2628/controls-designer/job,Controls Designer,https://careers-calspan.icims.com/jobs/2628/controls-designer/referral,"Buffalo, NY, United States",Buffalo,NY,United States,Not specified,,,,Aerospace,2026-09-25,2026-09-25,https://careers-calspan.icims.com/jobs/2628/controls-designer/job,ats_detected,5,success_after_fallback
de55a348b216,2026-09-25,234e92c8de3f,Calspan Business Park,https://calspan.com/,https://careers-calspan.icims.com/jobs/2570/senior-software-engineer/job,Senior Software Engineer,https://careers-calspan.icims.com/jobs/2570/senior-software-engineer/referral,"Buffalo, NY, United States",Buffalo,NY,United States,Not specified,,,,Aerospace,2026-09-25,2026-09-25,https://careers-calspan.icims.com/jobs/2570/senior-software-engineer/job,ats_detected,5,success_after_fallback
0ffb672e5580,2026-09-25,234e92c8de3f,Calspan Business Park,https://calspan.com/,https://careers-calspan.icims.com/jobs/2613/lead-controls-and-instrumentation-engineer/job,Lead Controls And Instrumentation Engineer,https://careers-calspan.icims.com/jobs/2613/lead-controls-and-instrumentation-engineer/referral,"Buffalo, NY, United States",Buffalo,NY,United States,Not specified,,,,Aerospace,2026-09-25,2026-09-25,https://careers-calspan.icims.com/jobs/2613/lead-controls-and-instrumentation-engineer/job,ats_detected,5,success_after_fallback
8b55a756cd51,2026-09-25,234e92c8de3f,Calspan Business Park,https://calspan.com/,https://careers-calspan.icims.com/jobs/2566/associate-principal-engineer%2C-aero-acoustics/job,Associate Principal Engineer%2C Aero Acoustics,https://careers-calspan.icims.com/jobs/2566/associate-principal-engineer%2C-aero-acoustics/job,"Buffalo, NY, United States",Buffalo,NY,United States,Not specified,,,,Aerospace,2026-09-25,2026-09-25,https://careers-calspan.icims.com/jobs/2566/associate-principal-engineer%2C-aero-acoustics/job,ats_detected,5,success_after_fallback
9c69eae3fe24,2026-09-25,234e92c8de3f,Calspan Business Park,https://calspan.com/,https://careers-calspan.icims.com/jobs/2566/associate-principal-engineer%2C-aero-acoustics/job,Associate Principal Engineer%2C Aero Acoustics,https://careers-calspan.icims.com/jobs/2566/associate-principal-engineer%2c-aero-acoustics/referral,"Buffalo, NY, United States",Buffalo,NY,United States,Not specified,,,,Aerospace,2026-09-25,2026-09-25,https://careers-calspan.icims.com/jobs/2566/associate-principal-engineer%2C-aero-acoustics/job,ats_detected,5,success_after_fallback
cac6c8059e0d,2026-09-25,234e92c8de3f,Calspan Business Park,https://calspan.com/,https://careers-calspan.icims.com/jobs/2648/senior-engineer%2C-engine-test-structures/job,Senior Engineer%2C Engine Test Structures,https://careers-calspan.icims.com/jobs/2648/senior-engineer%2C-engine-test-structures/job,"Buffalo, NY, United States",Buffalo,NY,United States,Not specified,,,,Aerospace,2026-09-25,2026-09-25,https://careers-calspan.icims.com/jobs/2648/senior-engineer%2C-engine-test-structures/job,ats_detected,5,success_after_fallback
bc20d8626255,2026-09-25,234e92c8de3f,Calspan Business Park,https://calspan.com/,https://careers-calspan.icims.com/jobs/2648/senior-engineer%2C-engine-test-structures/job,Senior Engineer%2C Engine Test Structures,https://careers-calspan.icims.com/jobs/2648/senior-engineer%2c-engine-test-structures/referral,"Buffalo, NY, United States",Buffalo,NY,United States,Not specified,,,,Aerospace,2026-09-25,2026-09-25,https://careers-calspan.icims.com/jobs/2648/senior-engineer%2C-engine-test-structures/job,ats_detected,5,success_after_fallback
4c06b49d2d63,2026-09-25,234e92c8de3f,Calspan Business Park,https://calspan.com/,https://careers-calspan.icims.com/jobs/2649/av---photograph-technician/job,Av Photograph Technician,https://careers-calspan.icims.com/jobs/2649/av---photograph-technician/referral,"Buffalo, NY, United States",Buffalo,NY,United States,Not specified,,,,Aerospace,2026-09-25,2026-09-25,https://careers-calspan.icims.com/jobs/2649/av---photograph-technician/job,ats_detected,5,success_after_fallback
74934588b269,2026-09-25,babc8fbe4ec9,Crover,https://www.crover.tech/,https://www.smartrecruiters.com/?utm_source=referral&utm_medium=careerwebsitepage&utm_campaign=careerwebsite&utm_content=none&km_partner=none&km_adgroup=none&utm_term=none&km_matchtype=none,Hiring Managers,https://www.smartrecruiters.com/role/talent-acquisition,"Geneva, NY, United States",Geneva,NY,United States,Not specified,,,,Core Space,2026-09-25,2026-09-25,https://www.smartrecruiters.com/?utm_source=referral&utm_medium=careerwebsitepage&utm_campaign=careerwebsite&utm_content=none&km_partner=none&km_adgroup=none&utm_term=none&km_matchtype=none,ats_detected,4,success_after_fallback
b11bae175a23,2026-09-25,babc8fbe4ec9,Crover,https://www.crover.tech/,https://www.smartrecruiters.com/?utm_source=referral&utm_medium=careerwebsitepage&utm_campaign=careerwebsite&utm_content=none&km_partner=none&km_adgroup=none&utm_term=none&km_matchtype=none,Hiring Managers,https://www.smartrecruiters.com/role/hiring-manager,"Geneva, NY, United States",Geneva,NY,United States,Not specified,,,,Core Space,2026-09-25,2026-09-25,https://www.smartrecruiters.com/?utm_source=referral&utm_medium=careerwebsitepage&utm_campaign=careerwebsite&utm_content=none&km_partner=none&km_adgroup=none&utm_term=none&km_matchtype=none,ats_detected,4,success_after_fallback
8e4c7afd2511,2026-09-25,babc8fbe4ec9,Crover,https://www.crover.tech/,https://www.smartrecruiters.com/?utm_source=referral&utm_medium=careerwebsitepage&utm_campaign=careerwebsite&utm_content=none&km_partner=none&km_adgroup=none&utm_term=none&km_matchtype=none,Hiring Managers,https://www.smartrecruiters.com/role/hr,"Geneva, NY, United States",Geneva,NY,United States,Not specified,,,,Core Space,2026-09-25,2026-09-25,https://www.smartrecruiters.com/?utm_source=referral&utm_medium=careerwebsitepage&utm_campaign=careerwebsite&utm_content=none&km_partner=none&km_adgroup=none&utm_term=none&km_matchtype=none,ats_detected,4,success_after_fallback
e942ee7fb593,2026-09-25,babc8fbe4ec9,Crover,https://www.crover.tech/,https://www.smartrecruiters.com/?utm_source=referral&utm_medium=careerwebsitepage&utm_campaign=careerwebsite&utm_content=none&km_partner=none&km_adgroup=none&utm_term=none&km_matchtype=none,Hiring Managers,https://www.smartrecruiters.com/role/it,"Geneva, NY, United States",Geneva,NY,United States,Not specified,,,,Core Space,2026-09-25,2026-09-25,https://www.smartrecruiters.com/?utm_source=referral&utm_medium=careerwebsitepage&utm_campaign=careerwebsite&utm_content=none&km_partner=none&km_adgroup=none&utm_term=none&km_matchtype=none,ats_detected,4,success_after_fallback
675011ceb6de,2026-09-25,babc8fbe4ec9,Crover,https://www.crover.tech/,https://www.smartrecruiters.com/?utm_source=referral&utm_medium=careerwebsitepage&utm_campaign=careerwebsite&utm_content=none&km_partner=none&km_adgroup=none&utm_term=none&km_matchtype=none,Hiring Managers,https://www.smartrecruiters.com/role/finance,"Geneva, NY, United States",Geneva,NY,United States,Not specified,,,,Core Space,2026-09-25,2026-09-25,https://www.smartrecruiters.com/?utm_source=referral&utm_medium=careerwebsitepage&utm_campaign=careerwebsite&utm_content=none&km_partner=none&km_adgroup=none&utm_term=none&km_matchtype=none,ats_detected,4,success_after_fallback
b34a59fd21bb,2026-09-25,bad1b820268a,Dawn Aerospace,https://www.dawnaerospace.com/,https://job-boards.anz.greenhouse.io/dawnaerospace,"AIT Test Technician Delft, South Holland, Netherlands",https://job-boards.anz.greenhouse.io/dawnaerospace/jobs/4006849201,"Delft, South Holland, Netherlands",Delft,South Holland,Netherlands,Not specified,,,,Core Space,2026-09-25,2026-09-25,https://job-boards.anz.greenhouse.io/dawnaerospace,ats_detected,5,success_after_fallback
ac6ea0be4010,2026-09-25,bad1b820268a,Dawn Aerospace,https://www.dawnaerospace.com/,https://job-boards.anz.greenhouse.io/dawnaerospace,"Electrical Systems Engineer Delft, South Holland, Netherlands",https://job-boards.anz.greenhouse.io/dawnaerospace/jobs/4006270201,"Delft, South Holland, Netherlands",Delft,South Holland,Netherlands,Not specified,,,,Core Space,2026-09-25,2026-09-25,https://job-boards.anz.greenhouse.io/dawnaerospace,ats_detected,5,success_after_fallback
aeee1a6d6219,2026-09-25,bad1b820268a,Dawn Aerospace,https://www.dawnaerospace.com/,https://job-boards.anz.greenhouse.io/dawnaerospace,"PhD Research Opportunities (University of Canterbury & Dawn Aerospace) Christchurch, Canterbury, New Zealand",https://job-boards.anz.greenhouse.io/dawnaerospace/jobs/4005543201,"Manhattan, NY, United States",Manhattan,NY,United States,Not specified,,,,Core Space,2026-09-25,2026-09-25,https://job-boards.anz.greenhouse.io/dawnaerospace,ats_detected,5,success_after_fallback
c94117e1163d,2026-09-25,bad1b820268a,Dawn Aerospace,https://www.dawnaerospace.com/,https://job-boards.anz.greenhouse.io/dawnaerospace,"Satellite Communications Engineer Delft, South Holland, Netherlands",https://job-boards.anz.greenhouse.io/dawnaerospace/jobs/4001647201,"Delft, South Holland, Netherlands",Delft,South Holland,Netherlands,Not specified,,,,Core Space,2026-09-25,2026-09-25,https://job-boards.anz.greenhouse.io/dawnaerospace,ats_detected,5,success_after_fallback
096dbf50f162,2026-09-25,bad1b820268a,Dawn Aerospace,https://www.dawnaerospace.com/,https://job-boards.anz.greenhouse.io/dawnaerospace,"Satellite RF Hardware & Operations Engineer Delft, South Holland, Netherlands",https://job-boards.anz.greenhouse.io/dawnaerospace/jobs/4000878201,"Delft, South Holland, Netherlands",Delft,South Holland,Netherlands,Not specified,,,,Core Space,2026-09-25,2026-09-25,https://job-boards.anz.greenhouse.io/dawnaerospace,ats_detected,5,success_after_fallback
5f318738b232,2026-09-25,bad1b820268a,Dawn Aerospace,https://www.dawnaerospace.com/,https://job-boards.anz.greenhouse.io/dawnaerospace,"Supply Chain Coordinator Christchurch, Canterbury, New Zealand",https://job-boards.anz.greenhouse.io/dawnaerospace/jobs/4007038201,"Manhattan, NY, United States",Manhattan,NY,United States,Not specified,,,,Core Space,2026-09-25,2026-09-25,https://job-boards.anz.greenhouse.io/dawnaerospace,ats_detected,5,success_after_fallback
aa1766781fcf,2026-09-25,bad1b820268a,Dawn Aerospace,https://www.dawnaerospace.com/,https://job-boards.anz.greenhouse.io/dawnaerospace,"Mission Manager (US Remote) - Aurora Spaceplane Huntsville, Alabama, United States",https://job-boards.anz.greenhouse.io/dawnaerospace/jobs/4006758201,"Huntsville, Alabama, United States",Huntsville,AL,United States,Remote,,,,Core Space,2026-09-25,2026-09-25,https://job-boards.anz.greenhouse.io/dawnaerospace,ats_detected,5,success_after_fallback
0e09daa01916,2026-09-25,bad1b820268a,Dawn Aerospace,https://www.dawnaerospace.com/,https://job-boards.anz.greenhouse.io/dawnaerospace,"Senior Production Engineer Christchurch, Canterbury, New Zealand",https://job-boards.anz.greenhouse.io/dawnaerospace/jobs/4005932201,"Manhattan, NY, United States",Manhattan,NY,United States,Not specified,,,,Core Space,2026-09-25,2026-09-25,https://job-boards.anz.greenhouse.io/dawnaerospace,ats_detected,5,success_after_fallback
6fa88e767ff7,2026-09-25,bad1b820268a,Dawn Aerospace,https://www.dawnaerospace.com/,https://job-boards.anz.greenhouse.io/dawnaerospace,"Composites Design Engineer (Space Launch New Zealand) New Christchurch, Canterbury, New Zealand",https://job-boards.anz.greenhouse.io/dawnaerospace/jobs/4007212201,"Manhattan, NY, United States",Manhattan,NY,United States,Not specified,,,,Core Space,2026-09-25,2026-09-25,https://job-boards.anz.greenhouse.io/dawnaerospace,ats_detected,5,success_after_fallback
ab461f404f05,2026-09-25,bad1b820268a,Dawn Aerospace,https://www.dawnaerospace.com/,https://job-boards.anz.greenhouse.io/dawnaerospace,"Structural Analyst (Space Launch New Zealand) New Christchurch, Canterbury, New Zealand",https://job-boards.anz.greenhouse.io/dawnaerospace/jobs/4007214201,"Manhattan, NY, United States",Manhattan,NY,United States,Not specified,,,,Core Space,2026-09-25,2026-09-25,https://job-boards.anz.greenhouse.io/dawnaerospace,ats_detected,5,success_after_fallback
303801cd2f81,2026-09-25,bad1b820268a,Dawn Aerospace,https://www.dawnaerospace.com/,https://job-boards.anz.greenhouse.io/dawnaerospace,"Avionics Technician - Spaceplane Christchurch, Canterbury, New Zealand",https://job-boards.anz.greenhouse.io/dawnaerospace/jobs/4005859201,"Manhattan, NY, United States",Manhattan,NY,United States,Not specified,,,,Core Space,2026-09-25,2026-09-25,https://job-boards.anz.greenhouse.io/dawnaerospace,ats_detected,5,success_after_fallback
a59f939d5150,2026-09-25,bad1b820268a,Dawn Aerospace,https://www.dawnaerospace.com/,https://job-boards.anz.greenhouse.io/dawnaerospace,"Aircraft Maintenance Technician Christchurch, Canterbury, New Zealand",https://job-boards.anz.greenhouse.io/dawnaerospace/jobs/4005539201,"Manhattan, NY, United States",Manhattan,NY,United States,Not specified,,,,Core Space,2026-09-25,2026-09-25,https://job-boards.anz.greenhouse.io/dawnaerospace,ats_detected,5,success_after_fallback
1db33c6f93cb,2026-09-25,bad1b820268a,Dawn Aerospace,https://www.dawnaerospace.com/,https://job-boards.anz.greenhouse.io/dawnaerospace,Head of Defence Sales – Germany Germany,https://job-boards.anz.greenhouse.io/dawnaerospace/jobs/4004923201,"Manhattan, NY, United States",Manhattan,NY,United States,Not specified,,,,Core Space,2026-09-25,2026-09-25,https://job-boards.anz.greenhouse.io/dawnaerospace,ats_detected,5,success_after_fallback
2c974b67f5ad,2026-09-25,ba37ca62f760,echo3D,https://www.echo3d.co/,https://www.echo3d.com/about/careers,Enterprise Sales Executive B2B,https://wellfound.com/jobs/3529921-enterprise-sales-executive-b2b,"Manhattan, NY, United States",Manhattan,NY,United States,Remote,,,,Core Space,2026-09-25,2026-09-25,https://www.echo3d.com/about/careers,known_careers_url,4,success
bb9a4a219de8,2026-09-25,ba37ca62f760,echo3D,https://www.echo3d.co/,https://www.echo3d.com/about/careers,Software Engineer,https://wellfound.com/jobs/1749640-software-engineer,"Manhattan, NY, United States",Manhattan,NY,United States,Remote,,,,Core Space,2026-09-25,2026-09-25,https://www.echo3d.com/about/careers,known_careers_url,4,success
030ea85014aa,2026-09-25,ba37ca62f760,echo3D,https://www.echo3d.co/,https://wellfound.com/jobs/3529921-enterprise-sales-executive-b2b,2 Ai Powered Private Jet Platform Is Looking For A Partnerships Manager,https://wellfound.com/jobs/2216057-2-ai-powered-private-jet-platform-is-looking-for-a-partnerships-manager,"Manhattan, NY, United States",Manhattan,NY,United States,Not specified,,,,Core Space,2026-09-25,2026-09-25,https://wellfound.com/jobs/3529921-enterprise-sales-executive-b2b,linked_page,4,success_after_fallback
6f8ce2b1166e,2026-09-25,ba37ca62f760,echo3D,https://www.echo3d.co/,https://wellfound.com/jobs/3529921-enterprise-sales-executive-b2b,Manager - Business Development (North America) - full time $90k – $105k,https://wellfound.com/jobs/2282687-manager-business-development-north-america-full-time,"Manhattan, NY, United States",Manhattan,NY,United States,Not specified,,,,Core Space,2026-09-25,2026-09-25,https://wellfound.com/jobs/3529921-enterprise-sales-executive-b2b,linked_page,4,success_after_fallback
806d24003973,2026-09-25,ba37ca62f760,echo3D,https://www.echo3d.co/,https://wellfound.com/jobs/3529921-enterprise-sales-executive-b2b,Sales Development Representative $53k – $75k,https://wellfound.com/jobs/2843629-business-development-representative-bdr,"Manhattan, NY, United States",Manhattan,NY,United States,Not specified,,,,Core Space,2026-09-25,2026-09-25,https://wellfound.com/jobs/3529921-enterprise-sales-executive-b2b,linked_page,4,success_after_fallback
7ae0cf7ab393,2026-09-25,ba37ca62f760,echo3D,https://www.echo3d.co/,https://wellfound.com/jobs/3529921-enterprise-sales-executive-b2b,Technical Product Support Specialist $79k – $79k,https://wellfound.com/jobs/3050219-2-technical-product-support-specialist,"Manhattan, NY, United States",Manhattan,NY,United States,Not specified,,,,Core Space,2026-09-25,2026-09-25,https://wellfound.com/jobs/3529921-enterprise-sales-executive-b2b,linked_page,4,success_after_fallback
3cd1f31ec160,2026-09-25,ba37ca62f760,echo3D,https://www.echo3d.co/,https://wellfound.com/jobs,"SENIOR MANAGER, DATA AND ANALYTICS",https://wellfound.com/jobs/4766693-senior-manager-data-and-analytics,"Manhattan, NY, United States",Manhattan,NY,United States,On-site,,,,Core Space,2026-09-25,2026-09-25,https://wellfound.com/jobs,linked_page,4,success_after_fallback
e15a5003af54,2026-09-25,ba37ca62f760,echo3D,https://www.echo3d.co/,https://wellfound.com/jobs,Senior Software Engineer,https://wellfound.com/jobs/4766659-senior-software-engineer,"Manhattan, NY, United States",Manhattan,NY,United States,Not specified,,,,Core Space,2026-09-25,2026-09-25,https://wellfound.com/jobs,linked_page,4,success_after_fallback
189825af92ad,2026-09-25,ba37ca62f760,echo3D,https://www.echo3d.co/,https://wellfound.com/jobs,Customer Solutions Engineer,https://wellfound.com/jobs/4766643-customer-solutions-engineer,"Manhattan, NY, United States",Manhattan,NY,United States,Remote,,,,Core Space,2026-09-25,2026-09-25,https://wellfound.com/jobs,linked_page,4,success_after_fallback
83ecdb59da55,2026-09-25,ba37ca62f760,echo3D,https://www.echo3d.co/,https://wellfound.com/jobs,"Senior Software Engineer, AI/ML",https://wellfound.com/jobs/4766627-senior-software-engineer-ai-ml,"Manhattan, NY, United States",Manhattan,NY,United States,Remote,,,,Core Space,2026-09-25,2026-09-25,https://wellfound.com/jobs,linked_page,4,success_after_fallback
fb54c5874e89,2026-09-25,ba37ca62f760,echo3D,https://www.echo3d.co/,https://wellfound.com/jobs,"Senior Machine Learning Engineer, Classification and Detection (West Coast)",https://wellfound.com/jobs/4627420-senior-machine-learning-engineer-classification-and-detection-west-coast,"Manhattan, NY, United States",Manhattan,NY,United States,Remote,,,,Core Space,2026-09-25,2026-09-25,https://wellfound.com/jobs,linked_page,4,success_after_fallback
528b19369305,2026-09-25,ba37ca62f760,echo3D,https://www.echo3d.co/,https://wellfound.com/jobs,Applied AI / Prompt Engineer,https://wellfound.com/jobs/4762856-applied-ai-prompt-engineer,"Manhattan, NY, United States",Manhattan,NY,United States,Remote,,,,Core Space,2026-09-25,2026-09-25,https://wellfound.com/jobs,linked_page,4,success_after_fallback
9514b7d87770,2026-09-25,ba37ca62f760,echo3D,https://www.echo3d.co/,https://wellfound.com/jobs,"Lead Product Manager, Fraud Risk",https://wellfound.com/jobs/4764254-lead-product-manager-fraud-risk,"Manhattan, NY, United States",Manhattan,NY,United States,Not specified,,,,Core Space,2026-09-25,2026-09-25,https://wellfound.com/jobs,linked_page,4,success_after_fallback
a954753b0fed,2026-09-25,ba37ca62f760,echo3D,https://www.echo3d.co/,https://wellfound.com/jobs,Growth Product Manager,https://wellfound.com/jobs/4762897-growth-product-manager,Remote,,,,Remote,,,,Core Space,2026-09-25,2026-09-25,https://wellfound.com/jobs,linked_page,4,success_after_fallback
581fdea0ec1a,2026-09-25,ba37ca62f760,echo3D,https://www.echo3d.co/,https://wellfound.com/jobs,"Senior Product Manager, Home Screen",https://wellfound.com/jobs/4597827-senior-product-manager-home-screen,"Manhattan, NY, United States",Manhattan,NY,United States,Not specified,,,,Core Space,2026-09-25,2026-09-25,https://wellfound.com/jobs,linked_page,4,success_after_fallback
c4463ac2cac0,2026-09-25,ba37ca62f760,echo3D,https://www.echo3d.co/,https://wellfound.com/jobs,"Senior Product Manager, Student Experience",https://wellfound.com/jobs/4756968-senior-product-manager-student-experience,"Manhattan, NY, United States",Manhattan,NY,United States,Not specified,,,,Core Space,2026-09-25,2026-09-25,https://wellfound.com/jobs,linked_page,4,success_after_fallback
4a9bb1a92669,2026-09-25,ba37ca62f760,echo3D,https://www.echo3d.co/,https://wellfound.com/jobs,"Senior Product Manager, Hardware",https://wellfound.com/jobs/4756949-senior-product-manager-hardware,"Manhattan, NY, United States",Manhattan,NY,United States,Not specified,,,,Core Space,2026-09-25,2026-09-25,https://wellfound.com/jobs,linked_page,4,success_after_fallback
04862339de5e,2026-09-25,ba37ca62f760,echo3D,https://www.echo3d.co/,https://wellfound.com/jobs,"Senior AI learning designer, rapid content",https://wellfound.com/jobs/4751460-senior-ai-learning-designer-rapid-content,"Manhattan, NY, United States",Manhattan,NY,United States,Not specified,,,,Core Space,2026-09-25,2026-09-25,https://wellfound.com/jobs,linked_page,4,success_after_fallback
9aacb6d03584,2026-09-25,ba37ca62f760,echo3D,https://www.echo3d.co/,https://wellfound.com/jobs,"Senior Design Engineer, Design Systems",https://wellfound.com/jobs/4742386-senior-design-engineer-design-systems,"Manhattan, NY, United States",Manhattan,NY,United States,Remote,,,,Core Space,2026-09-25,2026-09-25,https://wellfound.com/jobs,linked_page,4,success_after_fallback
5cd851abf808,2026-09-25,ba37ca62f760,echo3D,https://www.echo3d.co/,https://wellfound.com/jobs,eLearning Designer,https://wellfound.com/jobs/4704111-elearning-designer,"Manhattan, NY, United States",Manhattan,NY,United States,Remote,,,,Core Space,2026-09-25,2026-09-25,https://wellfound.com/jobs,linked_page,4,success_after_fallback
1118963ced57,2026-09-25,ba37ca62f760,echo3D,https://www.echo3d.co/,https://wellfound.com/jobs,Senior Interior Designer,https://wellfound.com/jobs/4704026-senior-interior-designer,"Manhattan, NY, United States",Manhattan,NY,United States,On-site,,,,Core Space,2026-09-25,2026-09-25,https://wellfound.com/jobs,linked_page,4,success_after_fallback
38dd09d6d4e4,2026-09-25,ba37ca62f760,echo3D,https://www.echo3d.co/,https://wellfound.com/jobs,"Data Engineer (Staff, Principal, Lead)",https://wellfound.com/jobs/3994821-2-data-engineer-staff-principal-lead,"Manhattan, NY, United States",Manhattan,NY,United States,On-site,,,,Core Space,2026-09-25,2026-09-25,https://wellfound.com/jobs,linked_page,4,success_after_fallback
c94e4b5ca695,2026-09-25,ba37ca62f760,echo3D,https://www.echo3d.co/,https://wellfound.com/jobs,Senior Data Engineer – Data & Context Platform,https://wellfound.com/jobs/4722350-senior-data-engineer-data-context-platform,"Manhattan, NY, United States",Manhattan,NY,United States,On-site,,,,Core Space,2026-09-25,2026-09-25,https://wellfound.com/jobs,linked_page,4,success_after_fallback
916615aad80e,2026-09-25,ba37ca62f760,echo3D,https://www.echo3d.co/,https://wellfound.com/jobs,Data Visualization Engineer,https://wellfound.com/jobs/4718855-data-visualization-engineer,"Manhattan, NY, United States",Manhattan,NY,United States,On-site,,,,Core Space,2026-09-25,2026-09-25,https://wellfound.com/jobs,linked_page,4,success_after_fallback
e50c2184b94b,2026-09-25,ba37ca62f760,echo3D,https://www.echo3d.co/,https://wellfound.com/jobs,Data Engineer II (ID # 26-08670),https://wellfound.com/jobs/4718745-data-engineer-ii-id-26-08670,"Manhattan, NY, United States",Manhattan,NY,United States,On-site,,,,Core Space,2026-09-25,2026-09-25,https://wellfound.com/jobs,linked_page,4,success_after_fallback
09d25e34832e,2026-09-25,ba37ca62f760,echo3D,https://www.echo3d.co/,https://wellfound.com/jobs,Data Engineer for Social Good,https://wellfound.com/jobs/3876240-data-engineer-for-social-good,"Manhattan, NY, United States",Manhattan,NY,United States,Remote,,,,Core Space,2026-09-25,2026-09-25,https://wellfound.com/jobs,linked_page,4,success_after_fallback
0754c8daef79,2026-09-25,ba37ca62f760,echo3D,https://www.echo3d.co/,https://wellfound.com/jobs,Senior solutions architect (Central),https://wellfound.com/jobs/4751464-senior-solutions-architect-central,"Manhattan, NY, United States",Manhattan,NY,United States,Not specified,,,,Core Space,2026-09-25,2026-09-25,https://wellfound.com/jobs,linked_page,4,success_after_fallback
e275f4721c99,2026-09-25,ba37ca62f760,echo3D,https://www.echo3d.co/,https://wellfound.com/jobs,B2B Outside Sales Representative,https://wellfound.com/jobs/4589489-b2b-outside-sales-representative,"Manhattan, NY, United States",Manhattan,NY,United States,Remote,,,,Core Space,2026-09-25,2026-09-25,https://wellfound.com/jobs,linked_page,4,success_after_fallback
e6eadaf39917,2026-09-25,ba37ca62f760,echo3D,https://www.echo3d.co/,https://wellfound.com/jobs,Remote Business Development Manager (100% Remote and Performance Based),https://wellfound.com/jobs/3625150-remote-business-development-manager-100-remote-and-performance-based,"Manhattan, NY, United States",Manhattan,NY,United States,Remote,,,,Core Space,2026-09-25,2026-09-25,https://wellfound.com/jobs,linked_page,4,success_after_fallback
31f7bfa9141f,2026-09-25,ba37ca62f760,echo3D,https://www.echo3d.co/,https://wellfound.com/jobs,Marketing Director,https://wellfound.com/jobs/4756944-marketing-director,"Manhattan, NY, United States",Manhattan,NY,United States,Remote,,,,Core Space,2026-09-25,2026-09-25,https://wellfound.com/jobs,linked_page,4,success_after_fallback
a25fa2126be8,2026-09-25,ba37ca62f760,echo3D,https://www.echo3d.co/,https://wellfound.com/jobs,Event & Marketing Coordinator,https://wellfound.com/jobs/4751275-event-marketing-coordinator,"Manhattan, NY, United States",Manhattan,NY,United States,On-site,,,,Core Space,2026-09-25,2026-09-25,https://wellfound.com/jobs,linked_page,4,success_after_fallback
cc881ae96064,2026-09-25,ba37ca62f760,echo3D,https://www.echo3d.co/,https://wellfound.com/jobs,Founding Growth Engineer,https://wellfound.com/jobs/4739737-founding-electrical-engineer-clone,"Manhattan, NY, United States",Manhattan,NY,United States,On-site,,,,Core Space,2026-09-25,2026-09-25,https://wellfound.com/jobs,linked_page,4,success_after_fallback
e6931e53401c,2026-09-25,ba37ca62f760,echo3D,https://www.echo3d.co/,https://wellfound.com/jobs,Event Marketing Manager,https://wellfound.com/jobs/4735262-event-marketing-manager,"Manhattan, NY, United States",Manhattan,NY,United States,Remote,,,,Core Space,2026-09-25,2026-09-25,https://wellfound.com/jobs,linked_page,4,success_after_fallback
e35d281ba013,2026-09-25,ba37ca62f760,echo3D,https://www.echo3d.co/,https://wellfound.com/jobs,Forward Deployed Engineer,https://wellfound.com/jobs/3246874-forward-deployed-engineer,"Manhattan, NY, United States",Manhattan,NY,United States,Remote,,,,Core Space,2026-09-25,2026-09-25,https://wellfound.com/jobs,linked_page,4,success_after_fallback
19144a2dba08,2026-09-25,ba37ca62f760,echo3D,https://www.echo3d.co/,https://wellfound.com/jobs,Country Launch Lead,https://wellfound.com/jobs/4763008-country-launch-lead,"Manhattan, NY, United States",Manhattan,NY,United States,On-site,,,,Core Space,2026-09-25,2026-09-25,https://wellfound.com/jobs,linked_page,4,success_after_fallback
321ec62b9fff,2026-09-25,ba37ca62f760,echo3D,https://www.echo3d.co/,https://wellfound.com/jobs,Head of Operations,https://wellfound.com/jobs/4762817-head-of-operations,"Manhattan, NY, United States",Manhattan,NY,United States,Remote,,,,Core Space,2026-09-25,2026-09-25,https://wellfound.com/jobs,linked_page,4,success_after_fallback
a5cf14a62fce,2026-09-25,ba37ca62f760,echo3D,https://www.echo3d.co/,https://wellfound.com/jobs,Client Delivery Manager,https://wellfound.com/jobs/4612533-client-delivery-manager,"Manhattan, NY, United States",Manhattan,NY,United States,On-site,,,,Core Space,2026-09-25,2026-09-25,https://wellfound.com/jobs,linked_page,4,success_after_fallback
df5b2904fc9a,2026-09-25,ba37ca62f760,echo3D,https://www.echo3d.co/,https://wellfound.com/jobs,Payments Operations Manager,https://wellfound.com/jobs/4756960-payments-operations-manager,"Manhattan, NY, United States",Manhattan,NY,United States,On-site,,,,Core Space,2026-09-25,2026-09-25,https://wellfound.com/jobs,linked_page,4,success_after_fallback
afaa8a618607,2026-09-25,ba37ca62f760,echo3D,https://www.echo3d.co/,https://wellfound.com/jobs,Technical Recruiter,https://wellfound.com/jobs/4756824-technical-recruiter,"Manhattan, NY, United States",Manhattan,NY,United States,Not specified,,,,Core Space,2026-09-25,2026-09-25,https://wellfound.com/jobs,linked_page,4,success_after_fallback
a493bb868303,2026-09-25,ba37ca62f760,echo3D,https://www.echo3d.co/,https://wellfound.com/jobs,"Senior Recruiter, AI Research & Engineering",https://wellfound.com/jobs/4748884-senior-recruiter-ai-research-engineering,"Manhattan, NY, United States",Manhattan,NY,United States,Not specified,,,,Core Space,2026-09-25,2026-09-25,https://wellfound.com/jobs,linked_page,4,success_after_fallback
85cfdcc0c0b5,2026-09-25,ba37ca62f760,echo3D,https://www.echo3d.co/,https://wellfound.com/jobs,Technical Recruiter,https://wellfound.com/jobs/4748684-technical-recruiter,"Manhattan, NY, United States",Manhattan,NY,United States,On-site,,,,Core Space,2026-09-25,2026-09-25,https://wellfound.com/jobs,linked_page,4,success_after_fallback
16df6bc321fb,2026-09-25,ba37ca62f760,echo3D,https://www.echo3d.co/,https://wellfound.com/jobs,In-House Technical Recruiter,https://wellfound.com/jobs/4735166-in-house-technical-recruiter,"Manhattan, NY, United States",Manhattan,NY,United States,Not specified,,,,Core Space,2026-09-25,2026-09-25,https://wellfound.com/jobs,linked_page,4,success_after_fallback
fa0a62c3a195,2026-09-25,ba37ca62f760,echo3D,https://www.echo3d.co/,https://wellfound.com/jobs,Senior Tax Associate,https://wellfound.com/jobs/4206741-senior-tax-associate,"Manhattan, NY, United States",Manhattan,NY,United States,Not specified,,,,Core Space,2026-09-25,2026-09-25,https://wellfound.com/jobs,linked_page,4,success_after_fallback
1f0e9c1e7627,2026-09-25,ba37ca62f760,echo3D,https://www.echo3d.co/,https://wellfound.com/jobs,Financial Analyst (FP&A & Client Advisory),https://wellfound.com/jobs/4748756-financial-analyst-fp-a-client-advisory,"Manhattan, NY, United States",Manhattan,NY,United States,Remote,,,,Core Space,2026-09-25,2026-09-25,https://wellfound.com/jobs,linked_page,4,success_after_fallback
3d75098df510,2026-09-25,ba37ca62f760,echo3D,https://www.echo3d.co/,https://wellfound.com/jobs,Strategic Finance & Operations,https://wellfound.com/jobs/4689985-strategic-finance-operations,"Manhattan, NY, United States",Manhattan,NY,United States,On-site,,,,Core Space,2026-09-25,2026-09-25,https://wellfound.com/jobs,linked_page,4,success_after_fallback
4ffe8f08ee16,2026-09-25,ba37ca62f760,echo3D,https://www.echo3d.co/,https://wellfound.com/jobs,Remote Software Engineer Jobs,https://wellfound.com/role/r/software-engineer,"Manhattan, NY, United States",Manhattan,NY,United States,Remote,,,,Core Space,2026-09-25,2026-09-25,https://wellfound.com/jobs,linked_page,3,success_after_fallback
a36be93e0048,2026-09-25,ba37ca62f760,echo3D,https://www.echo3d.co/,https://wellfound.com/jobs,Remote Product Manager Jobs,https://wellfound.com/role/r/product-manager,"Manhattan, NY, United States",Manhattan,NY,United States,Remote,,,,Core Space,2026-09-25,2026-09-25,https://wellfound.com/jobs,linked_page,3,success_after_fallback
864abf04a02f,2026-09-25,ba37ca62f760,echo3D,https://www.echo3d.co/,https://wellfound.com/jobs,Remote Data Analyst Jobs,https://wellfound.com/role/r/data-analyst,"Manhattan, NY, United States",Manhattan,NY,United States,Remote,,,,Core Space,2026-09-25,2026-09-25,https://wellfound.com/jobs,linked_page,3,success_after_fallback
c51db9a7fc56,2026-09-25,ba37ca62f760,echo3D,https://www.echo3d.co/,https://wellfound.com/jobs,Remote Product Designer Jobs,https://wellfound.com/role/r/product-designer,"Manhattan, NY, United States",Manhattan,NY,United States,Remote,,,,Core Space,2026-09-25,2026-09-25,https://wellfound.com/jobs,linked_page,3,success_after_fallback
21aa410252f9,2026-09-25,ba37ca62f760,echo3D,https://www.echo3d.co/,https://wellfound.com/jobs,Remote Graphic Designer Jobs,https://wellfound.com/role/r/graphic-designer,"Manhattan, NY, United States",Manhattan,NY,United States,Remote,,,,Core Space,2026-09-25,2026-09-25,https://wellfound.com/jobs,linked_page,3,success_after_fallback
2fcff47c1465,2026-09-25,ba37ca62f760,echo3D,https://www.echo3d.co/,https://wellfound.com/jobs,Remote UI/UX Designer Jobs,https://wellfound.com/role/r/ui-ux-designer,"Manhattan, NY, United States",Manhattan,NY,United States,Remote,,,,Core Space,2026-09-25,2026-09-25,https://wellfound.com/jobs,linked_page,3,success_after_fallback
5c3a89bd8bc7,2026-09-25,ba37ca62f760,echo3D,https://www.echo3d.co/,https://wellfound.com/jobs,Remote Operations Manager Jobs,https://wellfound.com/role/r/operations-manager,"Manhattan, NY, United States",Manhattan,NY,United States,Remote,,,,Core Space,2026-09-25,2026-09-25,https://wellfound.com/jobs,linked_page,3,success_after_fallback
c33e6e97fc39,2026-09-25,ba37ca62f760,echo3D,https://www.echo3d.co/,https://wellfound.com/jobs,Remote Account Manager Jobs,https://wellfound.com/role/r/account-manager,"Manhattan, NY, United States",Manhattan,NY,United States,Remote,,,,Core Space,2026-09-25,2026-09-25,https://wellfound.com/jobs,linked_page,3,success_after_fallback
5217fcd690d9,2026-09-25,ba37ca62f760,echo3D,https://www.echo3d.co/,https://wellfound.com/jobs,Remote Sales Manager Jobs,https://wellfound.com/role/r/sales-manager,"Manhattan, NY, United States",Manhattan,NY,United States,Remote,,,,Core Space,2026-09-25,2026-09-25,https://wellfound.com/jobs,linked_page,3,success_after_fallback
0b7eb8bfe674,2026-09-25,ba37ca62f760,echo3D,https://www.echo3d.co/,https://wellfound.com/jobs,Remote Financial Analyst Jobs,https://wellfound.com/role/r/financial-analyst,"Manhattan, NY, United States",Manhattan,NY,United States,Remote,,,,Core Space,2026-09-25,2026-09-25,https://wellfound.com/jobs,linked_page,3,success_after_fallback
e9149de421e0,2026-09-25,ba37ca62f760,echo3D,https://www.echo3d.co/,https://wellfound.com/jobs,Remote HR Manager Jobs,https://wellfound.com/role/r/hr-manager,"Manhattan, NY, United States",Manhattan,NY,United States,Remote,,,,Core Space,2026-09-25,2026-09-25,https://wellfound.com/jobs,linked_page,3,success_after_fallback
fd08b401b85c,2026-09-25,ba37ca62f760,echo3D,https://www.echo3d.co/,https://wellfound.com/browse/tech-jobs,Smart contract Developer,https://wellfound.com/role/smart-contract-developer,"Manhattan, NY, United States",Manhattan,NY,United States,Not specified,,,,Core Space,2026-09-25,2026-09-25,https://wellfound.com/browse/tech-jobs,linked_page,3,success_after_fallback
e0d5fc14ea4a,2026-09-25,ba37ca62f760,echo3D,https://www.echo3d.co/,https://wellfound.com/browse/remote-tech-jobs,Smart contract Developer,https://wellfound.com/role/r/smart-contract-developer,"Manhattan, NY, United States",Manhattan,NY,United States,Not specified,,,,Core Space,2026-09-25,2026-09-25,https://wellfound.com/browse/remote-tech-jobs,linked_page,3,success_after_fallback
ff098704153a,2026-09-25,ba37ca62f760,echo3D,https://www.echo3d.co/,https://wellfound.com/jobs/2216057-2-ai-powered-private-jet-platform-is-looking-for-a-partnerships-manager,Business Development Representative / GTM Specialist $24k – $36k,https://wellfound.com/jobs/2523572-business-development-associate,"Manhattan, NY, United States",Manhattan,NY,United States,Not specified,,,,Core Space,2026-09-25,2026-09-25,https://wellfound.com/jobs/2216057-2-ai-powered-private-jet-platform-is-looking-for-a-partnerships-manager,linked_page,4,success_after_fallback
fdc2f6a92359,2026-09-25,ba37ca62f760,echo3D,https://www.echo3d.co/,https://wellfound.com/jobs/2216057-2-ai-powered-private-jet-platform-is-looking-for-a-partnerships-manager,Co Founder Head Of Operations Join A Game Changing Social Beauty Startup,https://wellfound.com/jobs/2933247-co-founder-head-of-operations-join-a-game-changing-social-beauty-startup,"Manhattan, NY, United States",Manhattan,NY,United States,Not specified,,,,Core Space,2026-09-25,2026-09-25,https://wellfound.com/jobs/2216057-2-ai-powered-private-jet-platform-is-looking-for-a-partnerships-manager,linked_page,4,success_after_fallback
c0ecb5efb77d,2026-09-25,ba37ca62f760,echo3D,https://www.echo3d.co/,https://wellfound.com/jobs/2216057-2-ai-powered-private-jet-platform-is-looking-for-a-partnerships-manager,Internship Opportunity Community Marketing Ambassador Indian Diaspora Focus,https://wellfound.com/jobs/3517942-internship-opportunity-community-marketing-ambassador-indian-diaspora-focus,"Manhattan, NY, United States",Manhattan,NY,United States,Not specified,,,,Core Space,2026-09-25,2026-09-25,https://wellfound.com/jobs/2216057-2-ai-powered-private-jet-platform-is-looking-for-a-partnerships-manager,linked_page,4,success_after_fallback
315244a8dcbf,2026-09-25,ba37ca62f760,echo3D,https://www.echo3d.co/,https://wellfound.com/jobs/2282687-manager-business-development-north-america-full-time,IBM Sales Manager $60k – $120k,https://wellfound.com/jobs/3827078-ibm-sales-manager,"Manhattan, NY, United States",Manhattan,NY,United States,Not specified,,,,Core Space,2026-09-25,2026-09-25,https://wellfound.com/jobs/2282687-manager-business-development-north-america-full-time,linked_page,4,success_after_fallback
ccb859dc18ce,2026-09-25,ba37ca62f760,echo3D,https://www.echo3d.co/,https://wellfound.com/jobs/2282687-manager-business-development-north-america-full-time,Founding GTM Lead $100k – $175k • 0.2% – 1.0%,https://wellfound.com/jobs/3904359-founding-gtm-lead,"Manhattan, NY, United States",Manhattan,NY,United States,Not specified,,,,Core Space,2026-09-25,2026-09-25,https://wellfound.com/jobs/2282687-manager-business-development-north-america-full-time,linked_page,4,success_after_fallback
594ee8ebb9f5,2026-09-25,ba37ca62f760,echo3D,https://www.echo3d.co/,https://wellfound.com/jobs/2742334-account-executive,Account Executive,https://wellfound.com/jobs/2742334-account-executive,"New York, New York, United States",New York,NY,United States,Not specified,140000,180000,"Enterprise Software, B2B, Software, Finance Technology, Wealth Management, and Fin Tech",Core Space,2026-09-25,2026-09-25,https://wellfound.com/jobs/2742334-account-executive,linked_page,3,success_after_fallback
cb8f69105c36,2026-09-25,ba37ca62f760,echo3D,https://www.echo3d.co/,https://wellfound.com/jobs/2843629-business-development-representative-bdr,Ottehr Urgent Care EHR Sales AE $220k – $300k • 0.0% – 0.5%,https://wellfound.com/jobs/3190120-ottehr-urgent-care-ehr-sales-ae,"Manhattan, NY, United States",Manhattan,NY,United States,Not specified,,,,Core Space,2026-09-25,2026-09-25,https://wellfound.com/jobs/2843629-business-development-representative-bdr,linked_page,4,success_after_fallback
776b97a1932c,2026-09-25,ba37ca62f760,echo3D,https://www.echo3d.co/,https://wellfound.com/jobs/2843629-business-development-representative-bdr,AI Partnerships & Sales Associate $25k – $40k • No equity,https://wellfound.com/jobs/4129437-ai-partnerships-sales-associate,"Manhattan, NY, United States",Manhattan,NY,United States,Not specified,,,,Core Space,2026-09-25,2026-09-25,https://wellfound.com/jobs/2843629-business-development-representative-bdr,linked_page,4,success_after_fallback
83044bd8e33f,2026-09-25,ba37ca62f760,echo3D,https://www.echo3d.co/,https://wellfound.com/jobs/2843629-business-development-representative-bdr,Sales Development Representative $52k – $104k • No equity,https://wellfound.com/jobs/4130815-sales-development-representative,"Manhattan, NY, United States",Manhattan,NY,United States,Not specified,,,,Core Space,2026-09-25,2026-09-25,https://wellfound.com/jobs/2843629-business-development-representative-bdr,linked_page,4,success_after_fallback
342390f4404d,2026-09-25,ba37ca62f760,echo3D,https://www.echo3d.co/,https://wellfound.com/jobs/2843629-business-development-representative-bdr,Sales Development Representative $42k – $65k • No equity,https://wellfound.com/jobs/4307536-sales-development-representative,"Manhattan, NY, United States",Manhattan,NY,United States,Not specified,,,,Core Space,2026-09-25,2026-09-25,https://wellfound.com/jobs/2843629-business-development-representative-bdr,linked_page,4,success_after_fallback
93df433add06,2026-09-25,b0d788b8ea7e,ENSCO Avionics,https://www.ensco.com/aerospace/avionics-engineering-certification,https://job-boards.greenhouse.io/ensco,"Assistant Controller Vienna, Virginia, United States",https://job-boards.greenhouse.io/ensco/jobs/5389049008,"Vienna, Virginia, United States",Vienna,VA,United States,Not specified,,,,Aerospace,2026-09-25,2026-09-25,https://job-boards.greenhouse.io/ensco,known_careers_url,5,success
18bbfc625340,2026-09-25,b0d788b8ea7e,ENSCO Avionics,https://www.ensco.com/aerospace/avionics-engineering-certification,https://job-boards.greenhouse.io/ensco,"Avionics Software Engineer III Endicott, New York, United States",https://job-boards.greenhouse.io/ensco/jobs/5160122008,"Endicott, New York, United States",Endicott,NY,United States,Not specified,,,,Aerospace,2026-09-25,2026-09-25,https://job-boards.greenhouse.io/ensco,known_careers_url,5,success
89fe8d60b183,2026-09-25,b0d788b8ea7e,ENSCO Avionics,https://www.ensco.com/aerospace/avionics-engineering-certification,https://job-boards.greenhouse.io/ensco,"Business Development Director for the Intelligence Community Chantilly, Virginia, United States",https://job-boards.greenhouse.io/ensco/jobs/5424584008,"Chantilly, Virginia, United States",Chantilly,VA,United States,Not specified,,,,Aerospace,2026-09-25,2026-09-25,https://job-boards.greenhouse.io/ensco,known_careers_url,5,success
2018683061fa,2026-09-25,b0d788b8ea7e,ENSCO Avionics,https://www.ensco.com/aerospace/avionics-engineering-certification,https://job-boards.greenhouse.io/ensco,"DCO-S Technician Colorado Springs, Colorado, United States",https://job-boards.greenhouse.io/ensco/jobs/5421143008,"Colorado Springs, Colorado, United States",Colorado Springs,CO,United States,Not specified,,,,Aerospace,2026-09-25,2026-09-25,https://job-boards.greenhouse.io/ensco,known_careers_url,5,success
78d0b807ba6a,2026-09-25,b0d788b8ea7e,ENSCO Avionics,https://www.ensco.com/aerospace/avionics-engineering-certification,https://job-boards.greenhouse.io/ensco,"Electrical Engineer / Board Designer Endicott, New York, United States",https://job-boards.greenhouse.io/ensco/jobs/5349135008,"Endicott, New York, United States",Endicott,NY,United States,Not specified,,,,Aerospace,2026-09-25,2026-09-25,https://job-boards.greenhouse.io/ensco,known_careers_url,5,success
08b2d8483858,2026-09-25,b0d788b8ea7e,ENSCO Avionics,https://www.ensco.com/aerospace/avionics-engineering-certification,https://job-boards.greenhouse.io/ensco,"Embedded Software Engineer Endicott, New York, United States",https://job-boards.greenhouse.io/ensco/jobs/5349198008,"Endicott, New York, United States",Endicott,NY,United States,Not specified,,,,Aerospace,2026-09-25,2026-09-25,https://job-boards.greenhouse.io/ensco,known_careers_url,5,success
0cb6758b522a,2026-09-25,b0d788b8ea7e,ENSCO Avionics,https://www.ensco.com/aerospace/avionics-engineering-certification,https://job-boards.greenhouse.io/ensco,"Environmental Health & Safety (EHS) Specialist Pueblo, Colorado, United States",https://job-boards.greenhouse.io/ensco/jobs/5380647008,"Pueblo, Colorado, United States",Pueblo,CO,United States,Not specified,,,,Aerospace,2026-09-25,2026-09-25,https://job-boards.greenhouse.io/ensco,known_careers_url,5,success
44cec47aec75,2026-09-25,b0d788b8ea7e,ENSCO Avionics,https://www.ensco.com/aerospace/avionics-engineering-certification,https://job-boards.greenhouse.io/ensco,"Field Service Engineer Chambersburg, Pennsylvania, United States",https://job-boards.greenhouse.io/ensco/jobs/5268029008,"Chambersburg, Pennsylvania, United States",Chambersburg,PA,United States,Not specified,,,,Aerospace,2026-09-25,2026-09-25,https://job-boards.greenhouse.io/ensco,known_careers_url,5,success
0a8d11a57921,2026-09-25,b0d788b8ea7e,ENSCO Avionics,https://www.ensco.com/aerospace/avionics-engineering-certification,https://job-boards.greenhouse.io/ensco,"FPGA Designer Endicott, New York, United States",https://job-boards.greenhouse.io/ensco/jobs/5349060008,"Endicott, New York, United States",Endicott,NY,United States,Not specified,,,,Aerospace,2026-09-25,2026-09-25,https://job-boards.greenhouse.io/ensco,known_careers_url,5,success
9efbb6b72098,2026-09-25,b0d788b8ea7e,ENSCO Avionics,https://www.ensco.com/aerospace/avionics-engineering-certification,https://job-boards.greenhouse.io/ensco,"Junior Technician Chambersburg, Pennsylvania, United States",https://job-boards.greenhouse.io/ensco/jobs/5238947008,"Chambersburg, Pennsylvania, United States",Chambersburg,PA,United States,Not specified,,,,Aerospace,2026-09-25,2026-09-25,https://job-boards.greenhouse.io/ensco,known_careers_url,5,success
58f245b6716a,2026-09-25,b0d788b8ea7e,ENSCO Avionics,https://www.ensco.com/aerospace/avionics-engineering-certification,https://job-boards.greenhouse.io/ensco,"Mechanical Engineer Endicott, New York, United States",https://job-boards.greenhouse.io/ensco/jobs/5350248008,"Endicott, New York, United States",Endicott,NY,United States,Not specified,,,,Aerospace,2026-09-25,2026-09-25,https://job-boards.greenhouse.io/ensco,known_careers_url,5,success
4f9c817b4bb6,2026-09-25,b0d788b8ea7e,ENSCO Avionics,https://www.ensco.com/aerospace/avionics-engineering-certification,https://job-boards.greenhouse.io/ensco,"Project Manager Hauppauge, New York, United States",https://job-boards.greenhouse.io/ensco/jobs/5415468008,"Hauppauge, New York, United States",Hauppauge,NY,United States,Not specified,,,,Aerospace,2026-09-25,2026-09-25,https://job-boards.greenhouse.io/ensco,known_careers_url,5,success
bb1cf2beebf1,2026-09-25,b0d788b8ea7e,ENSCO Avionics,https://www.ensco.com/aerospace/avionics-engineering-certification,https://job-boards.greenhouse.io/ensco,"Senior Billing Specialist Vienna, Virginia, United States",https://job-boards.greenhouse.io/ensco/jobs/5416741008,"Vienna, Virginia, United States",Vienna,VA,United States,Not specified,,,,Aerospace,2026-09-25,2026-09-25,https://job-boards.greenhouse.io/ensco,known_careers_url,5,success
6ad05658c5e8,2026-09-25,b0d788b8ea7e,ENSCO Avionics,https://www.ensco.com/aerospace/avionics-engineering-certification,https://job-boards.greenhouse.io/ensco,"Senior Project Manager Pueblo, Colorado, United States",https://job-boards.greenhouse.io/ensco/jobs/5384887008,"Pueblo, Colorado, United States",Pueblo,CO,United States,Not specified,,,,Aerospace,2026-09-25,2026-09-25,https://job-boards.greenhouse.io/ensco,known_careers_url,5,success
4e41a2ff7770,2026-09-25,b0d788b8ea7e,ENSCO Avionics,https://www.ensco.com/aerospace/avionics-engineering-certification,https://job-boards.greenhouse.io/ensco,"Senior Software Systems Engineer Endicott, New York, United States",https://job-boards.greenhouse.io/ensco/jobs/5219423008,"Endicott, New York, United States",Endicott,NY,United States,Not specified,,,,Aerospace,2026-09-25,2026-09-25,https://job-boards.greenhouse.io/ensco,known_careers_url,5,success
e36cb3cede9d,2026-09-25,b0d788b8ea7e,ENSCO Avionics,https://www.ensco.com/aerospace/avionics-engineering-certification,https://job-boards.greenhouse.io/ensco,"Senior Staff Engineer Colorado Springs, Colorado, United States",https://job-boards.greenhouse.io/ensco/jobs/5398017008,"Colorado Springs, Colorado, United States",Colorado Springs,CO,United States,Not specified,,,,Aerospace,2026-09-25,2026-09-25,https://job-boards.greenhouse.io/ensco,known_careers_url,5,success
e45ecb785305,2026-09-25,b0d788b8ea7e,ENSCO Avionics,https://www.ensco.com/aerospace/avionics-engineering-certification,https://job-boards.greenhouse.io/ensco,"Senior Staff Solutions Architect New Albuquerque, New Mexico, United States",https://job-boards.greenhouse.io/ensco/jobs/5428599008,"Albuquerque, New Mexico, United States",Albuquerque,NM,United States,Not specified,,,,Aerospace,2026-09-25,2026-09-25,https://job-boards.greenhouse.io/ensco,known_careers_url,5,success
59c84a5b209a,2026-09-25,b0d788b8ea7e,ENSCO Avionics,https://www.ensco.com/aerospace/avionics-engineering-certification,https://job-boards.greenhouse.io/ensco,"Senior Sustainment Systems Engineer Colorado Springs, Colorado, United States",https://job-boards.greenhouse.io/ensco/jobs/5231434008,"Colorado Springs, Colorado, United States",Colorado Springs,CO,United States,Not specified,,,,Aerospace,2026-09-25,2026-09-25,https://job-boards.greenhouse.io/ensco,known_careers_url,5,success
722e6ef316e1,2026-09-25,b0d788b8ea7e,ENSCO Avionics,https://www.ensco.com/aerospace/avionics-engineering-certification,https://job-boards.greenhouse.io/ensco,"Senior Target Digital Network Analyst Colorado Springs, Colorado, United States",https://job-boards.greenhouse.io/ensco/jobs/5308852008,"Colorado Springs, Colorado, United States",Colorado Springs,CO,United States,Not specified,,,,Aerospace,2026-09-25,2026-09-25,https://job-boards.greenhouse.io/ensco,known_careers_url,5,success
5f6b0cc1fb90,2026-09-25,b0d788b8ea7e,ENSCO Avionics,https://www.ensco.com/aerospace/avionics-engineering-certification,https://job-boards.greenhouse.io/ensco,"Senior Technologist, Multi-Domain Joint Operations & Technology Transition Arlington, Virginia, United States",https://job-boards.greenhouse.io/ensco/jobs/5418680008,"Arlington, Virginia, United States",Arlington,VA,United States,Not specified,,,,Aerospace,2026-09-25,2026-09-25,https://job-boards.greenhouse.io/ensco,known_careers_url,5,success
5e21881dd2f0,2026-09-25,b0d788b8ea7e,ENSCO Avionics,https://www.ensco.com/aerospace/avionics-engineering-certification,https://job-boards.greenhouse.io/ensco,"Software Delivery Lead Colorado Springs, Colorado, United States; El Segundo, California, United States",https://job-boards.greenhouse.io/ensco/jobs/5361886008,"Colorado Springs, Colorado, United States; El Segundo, California, United States",Colorado Springs,CO,United States,Not specified,,,,Aerospace,2026-09-25,2026-09-25,https://job-boards.greenhouse.io/ensco,known_careers_url,5,success
49d8eb860e09,2026-09-25,b0d788b8ea7e,ENSCO Avionics,https://www.ensco.com/aerospace/avionics-engineering-certification,https://job-boards.greenhouse.io/ensco,"Software Verification Engineer Endicott, New York, United States",https://job-boards.greenhouse.io/ensco/jobs/5078558008,"Endicott, New York, United States",Endicott,NY,United States,Not specified,,,,Aerospace,2026-09-25,2026-09-25,https://job-boards.greenhouse.io/ensco,known_careers_url,5,success
093154c2f256,2026-09-25,b0d788b8ea7e,ENSCO Avionics,https://www.ensco.com/aerospace/avionics-engineering-certification,https://job-boards.greenhouse.io/ensco,"Strategic MBSE Requirements & ICD Lead El Segundo, California, United States",https://job-boards.greenhouse.io/ensco/jobs/5362002008,"El Segundo, California, United States",El Segundo,CA,United States,Not specified,,,,Aerospace,2026-09-25,2026-09-25,https://job-boards.greenhouse.io/ensco,known_careers_url,5,success
9fb03e5525ff,2026-09-25,b0d788b8ea7e,ENSCO Avionics,https://www.ensco.com/aerospace/avionics-engineering-certification,https://job-boards.greenhouse.io/ensco,"Sustainment Test & Evaluation Engineer Colorado Springs, Colorado, United States",https://job-boards.greenhouse.io/ensco/jobs/5264672008,"Colorado Springs, Colorado, United States",Colorado Springs,CO,United States,Not specified,,,,Aerospace,2026-09-25,2026-09-25,https://job-boards.greenhouse.io/ensco,known_careers_url,5,success
b4856c49793d,2026-09-25,b0d788b8ea7e,ENSCO Avionics,https://www.ensco.com/aerospace/avionics-engineering-certification,https://job-boards.greenhouse.io/ensco,"Systems Engineer - Mission Integration & Capability Delivery Albuquerque, New Mexico, United States",https://job-boards.greenhouse.io/ensco/jobs/5397561008,"Albuquerque, New Mexico, United States",Albuquerque,NM,United States,Not specified,,,,Aerospace,2026-09-25,2026-09-25,https://job-boards.greenhouse.io/ensco,known_careers_url,5,success
f8050b49cc1e,2026-09-25,b0d788b8ea7e,ENSCO Avionics,https://www.ensco.com/aerospace/avionics-engineering-certification,https://job-boards.greenhouse.io/ensco,"Technical Director Albuquerque, New Mexico, United States",https://job-boards.greenhouse.io/ensco/jobs/5398092008,"Albuquerque, New Mexico, United States",Albuquerque,NM,United States,Not specified,,,,Aerospace,2026-09-25,2026-09-25,https://job-boards.greenhouse.io/ensco,known_careers_url,5,success
10176d1dcf90,2026-09-25,b0d788b8ea7e,ENSCO Avionics,https://www.ensco.com/aerospace/avionics-engineering-certification,https://job-boards.greenhouse.io/ensco,"Test Equipment Engineer Endicott, New York, United States",https://job-boards.greenhouse.io/ensco/jobs/5285597008,"Endicott, New York, United States",Endicott,NY,United States,Not specified,,,,Aerospace,2026-09-25,2026-09-25,https://job-boards.greenhouse.io/ensco,known_careers_url,5,success
51d96310884c,2026-09-25,b0d788b8ea7e,ENSCO Avionics,https://www.ensco.com/aerospace/avionics-engineering-certification,https://job-boards.greenhouse.io/ensco,"Travel Technician Chambersburg, Pennsylvania, United States",https://job-boards.greenhouse.io/ensco/jobs/5426063008,"Chambersburg, Pennsylvania, United States",Chambersburg,PA,United States,Not specified,,,,Aerospace,2026-09-25,2026-09-25,https://job-boards.greenhouse.io/ensco,known_careers_url,5,success
26df85f81c5f,2026-09-25,5e6b2d8a10cd,Flexim Americas,https://www.flexim.com/us,https://joinhandshake.com/early-talent-awards/2026/emerson,Graduate Sales Engineer,https://app.joinhandshake.com/public/jobs/11444423,"Austin, Texas, US",Austin,TX,United States,Not specified,,,,Aerospace,2026-09-25,2026-09-25,https://joinhandshake.com/early-talent-awards/2026/emerson,linked_page,4,success_after_fallback
bba5b18dbd87,2026-09-25,5e6b2d8a10cd,Flexim Americas,https://www.flexim.com/us,https://joinhandshake.com/early-talent-awards/2026/emerson,Sales Development Engineer Intern,https://app.joinhandshake.com/public/jobs/11444363,"Austin, Texas, US",Austin,TX,United States,Not specified,,,,Aerospace,2026-09-25,2026-09-25,https://joinhandshake.com/early-talent-awards/2026/emerson,linked_page,4,success_after_fallback
5f2babe5de52,2026-09-25,5e6b2d8a10cd,Flexim Americas,https://www.flexim.com/us,https://joinhandshake.com/students/whos-hiring,"Revantage I Valuations Intern, Summer 2027 - Dallas at Blackstone LaunchPad",https://app.joinhandshake.com/public/jobs/11495824,"Brentwood, NY, United States",Brentwood,NY,United States,Not specified,,,,Aerospace,2026-09-25,2026-09-25,https://joinhandshake.com/students/whos-hiring,linked_page,4,success_after_fallback
070bd2ff10a0,2026-09-25,5e6b2d8a10cd,Flexim Americas,https://www.flexim.com/us,https://joinhandshake.com/students/whos-hiring,"Intern, Shared Services and Supply Chain (Summer 2027) at Martin Marietta",https://app.joinhandshake.com/public/jobs/11495727,"Brentwood, NY, United States",Brentwood,NY,United States,Not specified,,,,Aerospace,2026-09-25,2026-09-25,https://joinhandshake.com/students/whos-hiring,linked_page,4,success_after_fallback
e55f3da2362e,2026-09-25,5e6b2d8a10cd,Flexim Americas,https://www.flexim.com/us,https://joinhandshake.com/students/whos-hiring,Podcast Creator and Statehouse Press Intern at 46 North,https://app.joinhandshake.com/public/jobs/11495635,"Brentwood, NY, United States",Brentwood,NY,United States,Remote,,,,Aerospace,2026-09-25,2026-09-25,https://joinhandshake.com/students/whos-hiring,linked_page,4,success_after_fallback
e394c9e2a1e5,2026-09-25,5e6b2d8a10cd,Flexim Americas,https://www.flexim.com/us,https://joinhandshake.com/students/whos-hiring,Internship - Summer 2027 at The PSC,https://app.joinhandshake.com/public/jobs/11495666,"Brentwood, NY, United States",Brentwood,NY,United States,Not specified,,,,Aerospace,2026-09-25,2026-09-25,https://joinhandshake.com/students/whos-hiring,linked_page,4,success_after_fallback
c6db49f0d8f3,2026-09-25,5e6b2d8a10cd,Flexim Americas,https://www.flexim.com/us,https://joinhandshake.com/students/whos-hiring,"Project Management Intern, Summer 2027 – St. Louis, MO, US at Mastercard",https://app.joinhandshake.com/public/jobs/11495201,"Brentwood, NY, United States",Brentwood,NY,United States,Not specified,,,,Aerospace,2026-09-25,2026-09-25,https://joinhandshake.com/students/whos-hiring,linked_page,4,success_after_fallback
8bee083a5efb,2026-09-25,5e6b2d8a10cd,Flexim Americas,https://www.flexim.com/us,https://joinhandshake.com/students/whos-hiring,Administrative Operations Coordinator at SOS Care,https://app.joinhandshake.com/public/jobs/11495800,"Brentwood, NY, United States",Brentwood,NY,United States,Not specified,,,,Aerospace,2026-09-25,2026-09-25,https://joinhandshake.com/students/whos-hiring,linked_page,4,success_after_fallback
e3da4ff8c786,2026-09-25,5e6b2d8a10cd,Flexim Americas,https://www.flexim.com/us,https://joinhandshake.com/students/whos-hiring,Director of Service - Telecom at Allied Universal,https://app.joinhandshake.com/public/jobs/11495842,"Brentwood, NY, United States",Brentwood,NY,United States,Not specified,,,,Aerospace,2026-09-25,2026-09-25,https://joinhandshake.com/students/whos-hiring,linked_page,4,success_after_fallback
bd48fc543a63,2026-09-25,9c006685bfd8,General Dynamics,https://www.gdit.com/,https://www.gdit.com/careers/areas-of-expertise,Corporate Operations,https://www.gdit.com/careers/featured-career-paths/corporate-operations,"Rensselaer, NY, United States",Rensselaer,NY,United States,Not specified,,,,Core Space,2026-09-25,2026-09-25,https://www.gdit.com/careers/areas-of-expertise,linked_page,3,success_after_fallback
8cc96cd7ca2c,2026-09-25,22f272cffdda,GI Aerospace,https://www.giaerospace.com/,https://www.gicorp.com/careers/opportunities,Procurement and Sales Coordinator,https://www.gicorp.com/careers/engineering/311-procurement-sales-coordinator,"Kochi, Kerala, India",Kochi,Kerala,India,Not specified,,,,Aerospace,2026-09-25,2026-09-25,https://www.gicorp.com/careers/opportunities,known_careers_url,4,success
73d48c20870d,2026-09-25,22f272cffdda,GI Aerospace,https://www.giaerospace.com/,https://www.gicorp.com/careers/opportunities,Procurement and Sales Coordinator,https://www.gicorp.com/careers/engineering/312-procurement-sales-coordinator,"Dubai, United Arab Emirates",Dubai,,United Arab Emirates,Not specified,,,,Aerospace,2026-09-25,2026-09-25,https://www.gicorp.com/careers/opportunities,known_careers_url,4,success
6980f4a1dae3,2026-09-25,22f272cffdda,GI Aerospace,https://www.giaerospace.com/,https://www.gicorp.com/careers/opportunities,CNC Swiss Lathe Operator - Air Conditioned Facility,https://www.gicorp.com/careers/corp/740-cnc-lathe-machinist,"Houston, TX, United States",Houston,TX,United States,Not specified,,,,Aerospace,2026-09-25,2026-09-25,https://www.gicorp.com/careers/opportunities,known_careers_url,4,success
16834486b237,2026-09-25,22f272cffdda,GI Aerospace,https://www.giaerospace.com/,https://www.gicorp.com/careers/opportunities,Warehouse Associate / Packer,https://www.gicorp.com/careers/pacificsystems/902-warehouse-associate,"Houston, TX, United States",Houston,TX,United States,Not specified,,,,Aerospace,2026-09-25,2026-09-25,https://www.gicorp.com/careers/opportunities,known_careers_url,4,success
e1334ec3197a,2026-09-25,22f272cffdda,GI Aerospace,https://www.giaerospace.com/,https://www.gicorp.com/careers/opportunities,DoD Contractor - Military Packaging Associate,https://www.gicorp.com/careers/pacificsystems/901-packaging-administrator,"Houston, TX, United States",Houston,TX,United States,Not specified,,,,Aerospace,2026-09-25,2026-09-25,https://www.gicorp.com/careers/opportunities,known_careers_url,4,success
cf76937925a1,2026-09-25,22f272cffdda,GI Aerospace,https://www.giaerospace.com/,https://www.gicorp.com/careers/opportunities,Full-Stack Developer - Python & Javascript,https://www.gicorp.com/careers/corp/731-full-stack-developer,"Kochi, Kerala, India",Kochi,Kerala,India,Not specified,,,,Aerospace,2026-09-25,2026-09-25,https://www.gicorp.com/careers/opportunities,known_careers_url,4,success
6c8504dad2fd,2026-09-25,22f272cffdda,GI Aerospace,https://www.giaerospace.com/,https://www.gicorp.com/careers/opportunities,Python Developer - Django,https://www.gicorp.com/careers/corp/732-python-developer-django,"Kochi, Kerala, India",Kochi,Kerala,India,Not specified,,,,Aerospace,2026-09-25,2026-09-25,https://www.gicorp.com/careers/opportunities,known_careers_url,4,success
1e0fd893ba57,2026-09-25,22f272cffdda,GI Aerospace,https://www.giaerospace.com/,https://www.gicorp.com/careers/opportunities,UI / UX Designer,https://www.gicorp.com/careers/consulting/706-ui-ux-designer,"Kochi, Kerala, India",Kochi,Kerala,India,Not specified,,,,Aerospace,2026-09-25,2026-09-25,https://www.gicorp.com/careers/opportunities,known_careers_url,4,success
40ffeb81575d,2026-09-25,22f272cffdda,GI Aerospace,https://www.giaerospace.com/,https://www.gicorp.com/careers/opportunities,Creative Designer - Web and Print,https://www.gicorp.com/careers/corp/734-creative-designer,"Kochi, Kerala, India",Kochi,Kerala,India,Not specified,,,,Aerospace,2026-09-25,2026-09-25,https://www.gicorp.com/careers/opportunities,known_careers_url,4,success
1255dd6cfdd8,2026-09-25,22f272cffdda,GI Aerospace,https://www.giaerospace.com/,https://www.gicorp.com/careers/opportunities,Windows System Administrator,https://www.gicorp.com/careers/corp/738-windows-system-administrator,"Kochi, Kerala, India",Kochi,Kerala,India,Not specified,,,,Aerospace,2026-09-25,2026-09-25,https://www.gicorp.com/careers/opportunities,known_careers_url,4,success
fff41ec9a9cb,2026-09-25,22f272cffdda,GI Aerospace,https://www.giaerospace.com/,https://www.gicorp.com/careers/opportunities,EU Operations & Sales Manager,https://www.gicorp.com/careers/europe/501-eu-operations-sales-manager,"Rotterdam, Netherlands",Rotterdam,,Netherlands,Not specified,,,,Aerospace,2026-09-25,2026-09-25,https://www.gicorp.com/careers/opportunities,known_careers_url,4,success
0c572d500ee6,2026-09-25,22f272cffdda,GI Aerospace,https://www.giaerospace.com/,https://www.gicorp.com/careers/opportunities,Aircraft Assembly Tools - Sales,https://www.gicorp.com/careers/wescon/405-aircraft-assembly-tools-sales,"Houston, TX, United States",Houston,TX,United States,Not specified,,,,Aerospace,2026-09-25,2026-09-25,https://www.gicorp.com/careers/opportunities,known_careers_url,4,success
3f5004c79f36,2026-09-25,22f272cffdda,GI Aerospace,https://www.giaerospace.com/,https://www.gicorp.com/careers/opportunities,Sales Engineer - Electrical,https://www.gicorp.com/careers/engineering/315-sales-engineer-elecrical,"Kochi, Kerala, India",Kochi,Kerala,India,Not specified,,,,Aerospace,2026-09-25,2026-09-25,https://www.gicorp.com/careers/opportunities,known_careers_url,4,success
c9b04257d48a,2026-09-25,22f272cffdda,GI Aerospace,https://www.giaerospace.com/,https://www.gicorp.com/careers/opportunities,Power Transformers (132kV and above) Testing & Commissioning Engineer,https://www.gicorp.com/careers/engineering/307-Transformer-Testing-Commissioning-Engineer,"Dubai, United Arab Emirates",Dubai,,United Arab Emirates,Not specified,,,,Aerospace,2026-09-25,2026-09-25,https://www.gicorp.com/careers/opportunities,known_careers_url,4,success
9dd297bf7d6b,2026-09-25,22f272cffdda,GI Aerospace,https://www.giaerospace.com/,https://www.gicorp.com/careers/opportunities,Aviation Tools Sales Manager - Europe,https://www.gicorp.com/careers/wescon/403-aviation-tools-sales-manager-europe,"United Kingdom, European Union",,,United Kingdom,Not specified,,,,Aerospace,2026-09-25,2026-09-25,https://www.gicorp.com/careers/opportunities,known_careers_url,4,success
348a3cd2baa2,2026-09-25,22f272cffdda,GI Aerospace,https://www.giaerospace.com/,https://www.gicorp.com/careers/opportunities,Aviation Tools Sales Manager - United States,https://www.gicorp.com/careers/wescon/401-aviation-tools-sales-manager-united-states,"Houston, TX, United States",Houston,TX,United States,Not specified,,,,Aerospace,2026-09-25,2026-09-25,https://www.gicorp.com/careers/opportunities,known_careers_url,4,success
44617c16a82a,2026-09-25,22f272cffdda,GI Aerospace,https://www.giaerospace.com/,https://www.gicorp.com/careers/corp/742-cnc-swiss-lathe-programmer,CNC Swiss Lathe Programmer - Air Conditioned Facility,https://www.gicorp.com/careers/corp/742-cnc-swiss-lathe-programmer,"Austin, TX, United States, Austin, TX, United States, US",Austin,TX,United States,Not specified,,,,Aerospace,2026-09-25,2026-09-25,https://www.gicorp.com/careers/corp/742-cnc-swiss-lathe-programmer,linked_page,3,success_after_fallback
7b7751014110,2026-09-25,22f272cffdda,GI Aerospace,https://www.giaerospace.com/,https://www.gicorp.com/careers/corp/742-cnc-swiss-lathe-programmer,"Read, interpret, and work from complex blueprints and engineering drawings.",https://www.gicorp.com/careers/corp/apply,"Queens, NY, United States",Queens,NY,United States,Not specified,,,,Aerospace,2026-09-25,2026-09-25,https://www.gicorp.com/careers/corp/742-cnc-swiss-lathe-programmer,linked_page,3,success_after_fallback
9548940e9a5e,2026-09-25,22f272cffdda,GI Aerospace,https://www.giaerospace.com/,https://www.gicorp.com/careers/corp/741-cnc-swiss-lathe-programmer,CNC Mill Programmer - Air Conditioned Facility,https://www.gicorp.com/careers/corp/741-cnc-swiss-lathe-programmer,"Houston, TX, United States, Houston, TX, United States, US",Houston,TX,United States,Not specified,,,,Aerospace,2026-09-25,2026-09-25,https://www.gicorp.com/careers/corp/741-cnc-swiss-lathe-programmer,linked_page,3,success_after_fallback
557fb95a533a,2026-09-25,22f272cffdda,GI Aerospace,https://www.giaerospace.com/,https://www.gicorp.com/careers/corp/743-cnc-mill-programmer,CNC Mill Programmer - Air Conditioned Facility,https://www.gicorp.com/careers/corp/743-cnc-mill-programmer,"Houston, TX, United States, Houston, TX, United States, US",Houston,TX,United States,Not specified,,,,Aerospace,2026-09-25,2026-09-25,https://www.gicorp.com/careers/corp/743-cnc-mill-programmer,linked_page,3,success_after_fallback
35021aeedbd6,2026-09-25,22f272cffdda,GI Aerospace,https://www.giaerospace.com/,https://www.gicorp.com/careers/pacificsystems/902-warehouse-associate,Warehouse Associate / Packer,https://www.gicorp.com/careers/pacificsystems/apply,"Queens, NY, United States",Queens,NY,United States,Not specified,,,,Aerospace,2026-09-25,2026-09-25,https://www.gicorp.com/careers/pacificsystems/902-warehouse-associate,linked_page,3,success_after_fallback
90b9f5aefac9,2026-09-25,9aece7086b18,Huntington Ingalls Industries,https://hii.com/,https://careers.huntingtoningalls.com/search?q=&locationsearch=Pascagoula%2C+MS&sortColumn=referencedate&sortDirection=desc&searchby=location&d=10,DATA CENTER SERVICES LEAD,https://careers.huntingtoningalls.com/job/Pascagoula-DATA-CENTER-SERVICES-LEAD-Miss/1420005000,"Syracuse, NY, United States",Syracuse,NY,United States,Not specified,,,,Space & Defense,2026-09-25,2026-09-25,https://careers.huntingtoningalls.com/search?q=&locationsearch=Pascagoula%2C+MS&sortColumn=referencedate&sortDirection=desc&searchby=location&d=10,known_careers_url,4,success
a4f80670cb5e,2026-09-25,9aece7086b18,Huntington Ingalls Industries,https://hii.com/,https://careers.huntingtoningalls.com/search?q=&locationsearch=Pascagoula%2C+MS&sortColumn=referencedate&sortDirection=desc&searchby=location&d=10,MGR DESIGN ENGINEERING 2,https://careers.huntingtoningalls.com/job/Pascagoula-MGR-DESIGN-ENGINEERING-2-Miss/1433789900,"Syracuse, NY, United States",Syracuse,NY,United States,Not specified,,,,Space & Defense,2026-09-25,2026-09-25,https://careers.huntingtoningalls.com/search?q=&locationsearch=Pascagoula%2C+MS&sortColumn=referencedate&sortDirection=desc&searchby=location&d=10,known_careers_url,4,success
fa1d302392f0,2026-09-25,9aece7086b18,Huntington Ingalls Industries,https://hii.com/,https://careers.huntingtoningalls.com/search?q=&locationsearch=Pascagoula%2C+MS&sortColumn=referencedate&sortDirection=desc&searchby=location&d=10,ENGINEER FACILITIES 3,https://careers.huntingtoningalls.com/job/Pascagoula-ENGINEER-FACILITIES-3-Miss/1433835100,"Syracuse, NY, United States",Syracuse,NY,United States,Not specified,,,,Space & Defense,2026-09-25,2026-09-25,https://careers.huntingtoningalls.com/search?q=&locationsearch=Pascagoula%2C+MS&sortColumn=referencedate&sortDirection=desc&searchby=location&d=10,known_careers_url,4,success
57ee180e03eb,2026-09-25,9aece7086b18,Huntington Ingalls Industries,https://hii.com/,https://careers.huntingtoningalls.com/search?q=&locationsearch=Pascagoula%2C+MS&sortColumn=referencedate&sortDirection=desc&searchby=location&d=10,MGR DESIGN ENGINEERING 2,https://careers.huntingtoningalls.com/job/Pascagoula-MGR-DESIGN-ENGINEERING-2-Miss/1433350600,"Syracuse, NY, United States",Syracuse,NY,United States,Not specified,,,,Space & Defense,2026-09-25,2026-09-25,https://careers.huntingtoningalls.com/search?q=&locationsearch=Pascagoula%2C+MS&sortColumn=referencedate&sortDirection=desc&searchby=location&d=10,known_careers_url,4,success
8e37c5c3bfbc,2026-09-25,9aece7086b18,Huntington Ingalls Industries,https://hii.com/,https://careers.huntingtoningalls.com/search?q=&locationsearch=Pascagoula%2C+MS&sortColumn=referencedate&sortDirection=desc&searchby=location&d=10,DESIGNER 4 ELECTRICAL,https://careers.huntingtoningalls.com/job/Pascagoula-DESIGNER-4-ELECTRICAL-Miss/1433353600,"Syracuse, NY, United States",Syracuse,NY,United States,Not specified,,,,Space & Defense,2026-09-25,2026-09-25,https://careers.huntingtoningalls.com/search?q=&locationsearch=Pascagoula%2C+MS&sortColumn=referencedate&sortDirection=desc&searchby=location&d=10,known_careers_url,4,success
1b59f9ab6470,2026-09-25,9aece7086b18,Huntington Ingalls Industries,https://hii.com/,https://careers.huntingtoningalls.com/search?q=&locationsearch=Pascagoula%2C+MS&sortColumn=referencedate&sortDirection=desc&searchby=location&d=10,ENGINEER INDUSTRIAL 1,https://careers.huntingtoningalls.com/job/Pascagoula-ENGINEER-INDUSTRIAL-1-Miss/1433569900,"Syracuse, NY, United States",Syracuse,NY,United States,Not specified,,,,Space & Defense,2026-09-25,2026-09-25,https://careers.huntingtoningalls.com/search?q=&locationsearch=Pascagoula%2C+MS&sortColumn=referencedate&sortDirection=desc&searchby=location&d=10,known_careers_url,4,success
6d6b8bb5cc41,2026-09-25,9aece7086b18,Huntington Ingalls Industries,https://hii.com/,https://careers.huntingtoningalls.com/search?q=&locationsearch=Pascagoula%2C+MS&sortColumn=referencedate&sortDirection=desc&searchby=location&d=10,PROCUREMENT ASSISTANT 2,https://careers.huntingtoningalls.com/job/Pascagoula-PROCUREMENT-ASSISTANT-2-Miss/1432960400,"Syracuse, NY, United States",Syracuse,NY,United States,Not specified,,,,Space & Defense,2026-09-25,2026-09-25,https://careers.huntingtoningalls.com/search?q=&locationsearch=Pascagoula%2C+MS&sortColumn=referencedate&sortDirection=desc&searchby=location&d=10,known_careers_url,4,success
ae7618754ce9,2026-09-25,9aece7086b18,Huntington Ingalls Industries,https://hii.com/,https://careers.huntingtoningalls.com/search?q=&locationsearch=Pascagoula%2C+MS&sortColumn=referencedate&sortDirection=desc&searchby=location&d=10,DESIGNER 1,https://careers.huntingtoningalls.com/job/Pascagoula-DESIGNER-1-Miss/1419008500,"Syracuse, NY, United States",Syracuse,NY,United States,Not specified,,,,Space & Defense,2026-09-25,2026-09-25,https://careers.huntingtoningalls.com/search?q=&locationsearch=Pascagoula%2C+MS&sortColumn=referencedate&sortDirection=desc&searchby=location&d=10,known_careers_url,4,success
a7756e026b6a,2026-09-25,9aece7086b18,Huntington Ingalls Industries,https://hii.com/,https://careers.huntingtoningalls.com/search?q=&locationsearch=Pascagoula%2C+MS&sortColumn=referencedate&sortDirection=desc&searchby=location&d=10,QUALITY INSPECTOR 3 ELECTRICAL,https://careers.huntingtoningalls.com/job/Pascagoula-QUALITY-INSPECTOR-3-ELECTRICAL-Miss/1432390300,"Syracuse, NY, United States",Syracuse,NY,United States,Not specified,,,,Space & Defense,2026-09-25,2026-09-25,https://careers.huntingtoningalls.com/search?q=&locationsearch=Pascagoula%2C+MS&sortColumn=referencedate&sortDirection=desc&searchby=location&d=10,known_careers_url,4,success
6a3d030b8f23,2026-09-25,9aece7086b18,Huntington Ingalls Industries,https://hii.com/,https://careers.huntingtoningalls.com/search?q=&locationsearch=Pascagoula%2C+MS&sortColumn=referencedate&sortDirection=desc&searchby=location&d=10,IT INTEGRATION ANALYST 4,https://careers.huntingtoningalls.com/job/Pascagoula-IT-INTEGRATION-ANALYST-4-Miss/1432603900,"Syracuse, NY, United States",Syracuse,NY,United States,Not specified,,,,Space & Defense,2026-09-25,2026-09-25,https://careers.huntingtoningalls.com/search?q=&locationsearch=Pascagoula%2C+MS&sortColumn=referencedate&sortDirection=desc&searchby=location&d=10,known_careers_url,4,success
7c486c14da32,2026-09-25,9aece7086b18,Huntington Ingalls Industries,https://hii.com/,https://careers.huntingtoningalls.com/search?q=&locationsearch=Pascagoula%2C+MS&sortColumn=referencedate&sortDirection=desc&searchby=location&d=10,ENGINEER 1- 2026 FALL GRADS,https://careers.huntingtoningalls.com/job/Pascagoula-ENGINEER-1-2026-FALL-GRADS-Miss/1431580900,"Syracuse, NY, United States",Syracuse,NY,United States,Not specified,,,,Space & Defense,2026-09-25,2026-09-25,https://careers.huntingtoningalls.com/search?q=&locationsearch=Pascagoula%2C+MS&sortColumn=referencedate&sortDirection=desc&searchby=location&d=10,known_careers_url,4,success
a4ed4c5cb1e2,2026-09-25,9aece7086b18,Huntington Ingalls Industries,https://hii.com/,https://careers.huntingtoningalls.com/search?q=&locationsearch=Pascagoula%2C+MS&sortColumn=referencedate&sortDirection=desc&searchby=location&d=10,MGR DESIGN ENGINEERING 2,https://careers.huntingtoningalls.com/job/Pascagoula-MGR-DESIGN-ENGINEERING-2-Miss/1431460300,"Syracuse, NY, United States",Syracuse,NY,United States,Not specified,,,,Space & Defense,2026-09-25,2026-09-25,https://careers.huntingtoningalls.com/search?q=&locationsearch=Pascagoula%2C+MS&sortColumn=referencedate&sortDirection=desc&searchby=location&d=10,known_careers_url,4,success
5f912079fa4d,2026-09-25,9aece7086b18,Huntington Ingalls Industries,https://hii.com/,https://careers.huntingtoningalls.com/search?q=&locationsearch=Pascagoula%2C+MS&sortColumn=referencedate&sortDirection=desc&searchby=location&d=10,DESIGNER 3,https://careers.huntingtoningalls.com/job/Pascagoula-DESIGNER-3-Miss/1431394500,"Syracuse, NY, United States",Syracuse,NY,United States,Not specified,,,,Space & Defense,2026-09-25,2026-09-25,https://careers.huntingtoningalls.com/search?q=&locationsearch=Pascagoula%2C+MS&sortColumn=referencedate&sortDirection=desc&searchby=location&d=10,known_careers_url,4,success
8b7064969365,2026-09-25,9aece7086b18,Huntington Ingalls Industries,https://hii.com/,https://careers.huntingtoningalls.com/search?q=&locationsearch=Pascagoula%2C+MS&sortColumn=referencedate&sortDirection=desc&searchby=location&d=10,DESIGNER 2,https://careers.huntingtoningalls.com/job/Pascagoula-DESIGNER-2-Miss/1431394700,"Syracuse, NY, United States",Syracuse,NY,United States,Not specified,,,,Space & Defense,2026-09-25,2026-09-25,https://careers.huntingtoningalls.com/search?q=&locationsearch=Pascagoula%2C+MS&sortColumn=referencedate&sortDirection=desc&searchby=location&d=10,known_careers_url,4,success
dd2dd79ea060,2026-09-25,9aece7086b18,Huntington Ingalls Industries,https://hii.com/,https://careers.huntingtoningalls.com/search?q=&locationsearch=Pascagoula%2C+MS&sortColumn=referencedate&sortDirection=desc&searchby=location&d=10,FACILITIES ENGINEER ELECTRICAL 1,https://careers.huntingtoningalls.com/job/Pascagoula-FACILITIES-ENGINEER-ELECTRICAL-1-Miss/1431166100,"Syracuse, NY, United States",Syracuse,NY,United States,Not specified,,,,Space & Defense,2026-09-25,2026-09-25,https://careers.huntingtoningalls.com/search?q=&locationsearch=Pascagoula%2C+MS&sortColumn=referencedate&sortDirection=desc&searchby=location&d=10,known_careers_url,4,success
39b829581878,2026-09-25,9aece7086b18,Huntington Ingalls Industries,https://hii.com/,https://careers.huntingtoningalls.com/search?q=&locationsearch=Pascagoula%2C+MS&sortColumn=referencedate&sortDirection=desc&searchby=location&d=10,SUPERINTENDENT ELECTRICAL,https://careers.huntingtoningalls.com/job/Pascagoula-SUPERINTENDENT-ELECTRICAL-Miss/1431185100,"Syracuse, NY, United States",Syracuse,NY,United States,Not specified,,,,Space & Defense,2026-09-25,2026-09-25,https://careers.huntingtoningalls.com/search?q=&locationsearch=Pascagoula%2C+MS&sortColumn=referencedate&sortDirection=desc&searchby=location&d=10,known_careers_url,4,success
b2c49931690c,2026-09-25,9aece7086b18,Huntington Ingalls Industries,https://hii.com/,https://careers.huntingtoningalls.com/search?q=&locationsearch=Pascagoula%2C+MS&sortColumn=referencedate&sortDirection=desc&searchby=location&d=10,2027 COLLEGE SUMMER INTERN ENG - STRUCTURAL & AEROSPACE ENGINEERING,https://careers.huntingtoningalls.com/job/Pascagoula-2027-COLLEGE-SUMMER-INTERN-ENG-STRUCTURAL-&-AEROSPACE-ENGINEERING-Miss/1430053500,"Syracuse, NY, United States",Syracuse,NY,United States,Not specified,,,,Space & Defense,2026-09-25,2026-09-25,https://careers.huntingtoningalls.com/search?q=&locationsearch=Pascagoula%2C+MS&sortColumn=referencedate&sortDirection=desc&searchby=location&d=10,known_careers_url,4,success
fe90635addae,2026-09-25,9aece7086b18,Huntington Ingalls Industries,https://hii.com/,https://careers.huntingtoningalls.com/search?q=&locationsearch=Pascagoula%2C+MS&sortColumn=referencedate&sortDirection=desc&searchby=location&d=10,2027 COLLEGE SUMMER INTERN- HUMAN RESOURCES,https://careers.huntingtoningalls.com/job/Pascagoula-2027-COLLEGE-SUMMER-INTERN-HUMAN-RESOURCES-Miss/1430053000,"Syracuse, NY, United States",Syracuse,NY,United States,Not specified,,,,Space & Defense,2026-09-25,2026-09-25,https://careers.huntingtoningalls.com/search?q=&locationsearch=Pascagoula%2C+MS&sortColumn=referencedate&sortDirection=desc&searchby=location&d=10,known_careers_url,4,success
0f700587b18a,2026-09-25,9aece7086b18,Huntington Ingalls Industries,https://hii.com/,https://careers.huntingtoningalls.com/search?q=&locationsearch=Pascagoula%2C+MS&sortColumn=referencedate&sortDirection=desc&searchby=location&d=10,2027 COLLEGE SUMMER INTERN-COMPUTER ENGINEERING,https://careers.huntingtoningalls.com/job/Pascagoula-2027-COLLEGE-SUMMER-INTERN-COMPUTER-ENGINEERING-Miss/1430053700,"Syracuse, NY, United States",Syracuse,NY,United States,Not specified,,,,Space & Defense,2026-09-25,2026-09-25,https://careers.huntingtoningalls.com/search?q=&locationsearch=Pascagoula%2C+MS&sortColumn=referencedate&sortDirection=desc&searchby=location&d=10,known_careers_url,4,success
a10147a1481b,2026-09-25,9aece7086b18,Huntington Ingalls Industries,https://hii.com/,https://careers.huntingtoningalls.com/search?q=&locationsearch=Pascagoula%2C+MS&sortColumn=referencedate&sortDirection=desc&searchby=location&d=10,2027 SUMMER COLLEGE INTERN - BUSINESS,https://careers.huntingtoningalls.com/job/Pascagoula-2027-SUMMER-COLLEGE-INTERN-BUSINESS-Miss/1430057000,"Syracuse, NY, United States",Syracuse,NY,United States,Not specified,,,,Space & Defense,2026-09-25,2026-09-25,https://careers.huntingtoningalls.com/search?q=&locationsearch=Pascagoula%2C+MS&sortColumn=referencedate&sortDirection=desc&searchby=location&d=10,known_careers_url,4,success
2fb5b38a91e4,2026-09-25,9aece7086b18,Huntington Ingalls Industries,https://hii.com/,https://careers.huntingtoningalls.com/search?q=&locationsearch=Pascagoula%2C+MS&sortColumn=referencedate&sortDirection=desc&searchby=location&d=10,2027 SUMMER COLLEGE INTERN - SUPPLY CHAIN MANAGEMENT,https://careers.huntingtoningalls.com/job/Pascagoula-2027-SUMMER-COLLEGE-INTERN-SUPPLY-CHAIN-MANAGEMENT-Miss/1430057300,"Syracuse, NY, United States",Syracuse,NY,United States,Not specified,,,,Space & Defense,2026-09-25,2026-09-25,https://careers.huntingtoningalls.com/search?q=&locationsearch=Pascagoula%2C+MS&sortColumn=referencedate&sortDirection=desc&searchby=location&d=10,known_careers_url,4,success
f2b66374356f,2026-09-25,9aece7086b18,Huntington Ingalls Industries,https://hii.com/,https://careers.huntingtoningalls.com/search?q=&locationsearch=Pascagoula%2C+MS&sortColumn=referencedate&sortDirection=desc&searchby=location&d=10,2027 COLLEGE SUMMER INTERN - COMMUNICATIONS,https://careers.huntingtoningalls.com/job/Pascagoula-2027-COLLEGE-SUMMER-INTERN-COMMUNICATIONS-Miss/1430056000,"Syracuse, NY, United States",Syracuse,NY,United States,Not specified,,,,Space & Defense,2026-09-25,2026-09-25,https://careers.huntingtoningalls.com/search?q=&locationsearch=Pascagoula%2C+MS&sortColumn=referencedate&sortDirection=desc&searchby=location&d=10,known_careers_url,4,success
0f2937845175,2026-09-25,9aece7086b18,Huntington Ingalls Industries,https://hii.com/,https://careers.huntingtoningalls.com/search?q=&locationsearch=Pascagoula%2C+MS&sortColumn=referencedate&sortDirection=desc&searchby=location&d=10,2027 COLLEGE SUMMER INTERN-NAVAL ARCHITECTURE ENGINEERING,https://careers.huntingtoningalls.com/job/Pascagoula-2027-COLLEGE-SUMMER-INTERN-NAVAL-ARCHITECTURE-ENGINEERING-Miss/1430055600,"Syracuse, NY, United States",Syracuse,NY,United States,Not specified,,,,Space & Defense,2026-09-25,2026-09-25,https://careers.huntingtoningalls.com/search?q=&locationsearch=Pascagoula%2C+MS&sortColumn=referencedate&sortDirection=desc&searchby=location&d=10,known_careers_url,4,success
d0bbbfdd63c0,2026-09-25,9aece7086b18,Huntington Ingalls Industries,https://hii.com/,https://careers.huntingtoningalls.com/search?q=&locationsearch=Pascagoula%2C+MS&sortColumn=referencedate&sortDirection=desc&searchby=location&d=10,2027 COLLEGE SUMMER INTERN - INFRASTRUCTURE & SUSTAINABILITY,https://careers.huntingtoningalls.com/job/Pascagoula-2027-COLLEGE-SUMMER-INTERN-INFRASTRUCTURE-&-SUSTAINABILITY-Miss/1430056400,"Syracuse, NY, United States",Syracuse,NY,United States,Not specified,,,,Space & Defense,2026-09-25,2026-09-25,https://careers.huntingtoningalls.com/search?q=&locationsearch=Pascagoula%2C+MS&sortColumn=referencedate&sortDirection=desc&searchby=location&d=10,known_careers_url,4,success
1219f33334f2,2026-09-25,9aece7086b18,Huntington Ingalls Industries,https://hii.com/,https://careers.huntingtoningalls.com/search?q=&locationsearch=Pascagoula%2C+MS&sortColumn=referencedate&sortDirection=desc&searchby=location&d=10,2027 SUMMER COLLEGE INTERN - CONTRACTS & PRICING,https://careers.huntingtoningalls.com/job/Pascagoula-2027-SUMMER-COLLEGE-INTERN-CONTRACTS-&-PRICING-Miss/1430056700,"Syracuse, NY, United States",Syracuse,NY,United States,Not specified,,,,Space & Defense,2026-09-25,2026-09-25,https://careers.huntingtoningalls.com/search?q=&locationsearch=Pascagoula%2C+MS&sortColumn=referencedate&sortDirection=desc&searchby=location&d=10,known_careers_url,4,success
d8e973725391,2026-09-25,64d9022f568a,ITT Enidine,https://www.enidine.com/en-US/Home,https://careersenus-itt-inc.icims.com/jobs/search?ss=1&searchRelation=keyword_all,Title IT Sr. Business Systems Analyst,https://careersenus-itt-inc.icims.com/jobs/17781/it-sr.-business-systems-analyst/job,"Orchard Park, NY, United States",Orchard Park,NY,United States,Not specified,,,,Space & Defense,2026-09-25,2026-09-25,https://careersenus-itt-inc.icims.com/jobs/search?ss=1&searchRelation=keyword_all,ats_detected,5,success_after_fallback
3df174413423,2026-09-25,64d9022f568a,ITT Enidine,https://www.enidine.com/en-US/Home,https://careersenus-itt-inc.icims.com/jobs/search?ss=1&searchRelation=keyword_all,Title Warehousing Specialist,https://careersenus-itt-inc.icims.com/jobs/17764/warehousing-specialist/job,"Orchard Park, NY, United States",Orchard Park,NY,United States,Not specified,,,,Space & Defense,2026-09-25,2026-09-25,https://careersenus-itt-inc.icims.com/jobs/search?ss=1&searchRelation=keyword_all,ats_detected,5,success_after_fallback
ce1864d013be,2026-09-25,64d9022f568a,ITT Enidine,https://www.enidine.com/en-US/Home,https://careersenus-itt-inc.icims.com/jobs/search?ss=1&searchRelation=keyword_all,"Title Regional Sales Manager, North America (USA)",https://careersenus-itt-inc.icims.com/jobs/17738/regional-sales-manager%2c-north-america-%28usa%29/job,"Orchard Park, NY, United States",Orchard Park,NY,United States,Remote,,,,Space & Defense,2026-09-25,2026-09-25,https://careersenus-itt-inc.icims.com/jobs/search?ss=1&searchRelation=keyword_all,ats_detected,5,success_after_fallback
ed807a636308,2026-09-25,64d9022f568a,ITT Enidine,https://www.enidine.com/en-US/Home,https://careersenus-itt-inc.icims.com/jobs/search?ss=1&searchRelation=keyword_all,Title Warehousing Specialist,https://careersenus-itt-inc.icims.com/jobs/17725/warehousing-specialist/job,"Orchard Park, NY, United States",Orchard Park,NY,United States,Not specified,,,,Space & Defense,2026-09-25,2026-09-25,https://careersenus-itt-inc.icims.com/jobs/search?ss=1&searchRelation=keyword_all,ats_detected,5,success_after_fallback
5911610dfb3b,2026-09-25,64d9022f568a,ITT Enidine,https://www.enidine.com/en-US/Home,https://careersenus-itt-inc.icims.com/jobs/search?ss=1&searchRelation=keyword_all,Title Field Service Engineer,https://careersenus-itt-inc.icims.com/jobs/17724/field-service-engineer/job,"Orchard Park, NY, United States",Orchard Park,NY,United States,Not specified,,,,Space & Defense,2026-09-25,2026-09-25,https://careersenus-itt-inc.icims.com/jobs/search?ss=1&searchRelation=keyword_all,ats_detected,5,success_after_fallback
b1261b433fcf,2026-09-25,64d9022f568a,ITT Enidine,https://www.enidine.com/en-US/Home,https://careersenus-itt-inc.icims.com/jobs/search?ss=1&searchRelation=keyword_all,Title 2027 Supply Chain Summer Intern,https://careersenus-itt-inc.icims.com/jobs/17722/2027-supply-chain-summer-intern/job,"Westminster, SC",Westminster,SC,United States,Not specified,,,,Space & Defense,2026-09-25,2026-09-25,https://careersenus-itt-inc.icims.com/jobs/search?ss=1&searchRelation=keyword_all,ats_detected,5,success_after_fallback
cb7d7c1e5427,2026-09-25,64d9022f568a,ITT Enidine,https://www.enidine.com/en-US/Home,https://careersenus-itt-inc.icims.com/jobs/search?ss=1&searchRelation=keyword_all,Title 2027 Engineering Co-op,https://careersenus-itt-inc.icims.com/jobs/17721/2027-engineering-co-op/job,"Orchard Park, NY, United States",Orchard Park,NY,United States,Not specified,,,,Space & Defense,2026-09-25,2026-09-25,https://careersenus-itt-inc.icims.com/jobs/search?ss=1&searchRelation=keyword_all,ats_detected,5,success_after_fallback
64fb76034b35,2026-09-25,64d9022f568a,ITT Enidine,https://www.enidine.com/en-US/Home,https://careersenus-itt-inc.icims.com/jobs/search?ss=1&searchRelation=keyword_all,Title IT Enterprise Infrastructure Services Analyst,https://careersenus-itt-inc.icims.com/jobs/17687/it-enterprise-infrastructure-services-analyst/job,"Orchard Park, NY, United States",Orchard Park,NY,United States,Remote,,,,Space & Defense,2026-09-25,2026-09-25,https://careersenus-itt-inc.icims.com/jobs/search?ss=1&searchRelation=keyword_all,ats_detected,5,success_after_fallback
19c902120d70,2026-09-25,64d9022f568a,ITT Enidine,https://www.enidine.com/en-US/Home,https://careersenus-itt-inc.icims.com/jobs/search?ss=1&searchRelation=keyword_all,Title Test Engineering Supervisor,https://careersenus-itt-inc.icims.com/jobs/17683/test-engineering-supervisor/job,"Orchard Park, NY, United States",Orchard Park,NY,United States,On-site,,,,Space & Defense,2026-09-25,2026-09-25,https://careersenus-itt-inc.icims.com/jobs/search?ss=1&searchRelation=keyword_all,ats_detected,5,success_after_fallback
48e044feb8e0,2026-09-25,64d9022f568a,ITT Enidine,https://www.enidine.com/en-US/Home,https://careersenus-itt-inc.icims.com/jobs/search?ss=1&searchRelation=keyword_all,Title Senior Product Manager,https://careersenus-itt-inc.icims.com/jobs/17682/senior-product-manager/job,"Orchard Park, NY, United States",Orchard Park,NY,United States,Not specified,,,,Space & Defense,2026-09-25,2026-09-25,https://careersenus-itt-inc.icims.com/jobs/search?ss=1&searchRelation=keyword_all,ats_detected,5,success_after_fallback
b5dcd6cddfa5,2026-09-25,64d9022f568a,ITT Enidine,https://www.enidine.com/en-US/Home,https://careersenus-itt-inc.icims.com/jobs/search?ss=1&searchRelation=keyword_all,Title QA Engineer III,https://careersenus-itt-inc.icims.com/jobs/17678/qa-engineer-iii/job,"Orchard Park, NY, United States",Orchard Park,NY,United States,Not specified,,,,Space & Defense,2026-09-25,2026-09-25,https://careersenus-itt-inc.icims.com/jobs/search?ss=1&searchRelation=keyword_all,ats_detected,5,success_after_fallback
6720c847a72b,2026-09-25,64d9022f568a,ITT Enidine,https://www.enidine.com/en-US/Home,https://careersenus-itt-inc.icims.com/jobs/search?ss=1&searchRelation=keyword_all,Title Manufacturing Engineer,https://careersenus-itt-inc.icims.com/jobs/17675/manufacturing-engineer/job,"Orchard Park, NY, United States",Orchard Park,NY,United States,Not specified,,,,Space & Defense,2026-09-25,2026-09-25,https://careersenus-itt-inc.icims.com/jobs/search?ss=1&searchRelation=keyword_all,ats_detected,5,success_after_fallback
46eb7280a727,2026-09-25,64d9022f568a,ITT Enidine,https://www.enidine.com/en-US/Home,https://careersenus-itt-inc.icims.com/jobs/search?ss=1&searchRelation=keyword_all,"Title Manager, Production",https://careersenus-itt-inc.icims.com/jobs/17670/manager%2c-production/job,"Orchard Park, NY, United States",Orchard Park,NY,United States,Not specified,,,,Space & Defense,2026-09-25,2026-09-25,https://careersenus-itt-inc.icims.com/jobs/search?ss=1&searchRelation=keyword_all,ats_detected,5,success_after_fallback
781ab4f6cf86,2026-09-25,64d9022f568a,ITT Enidine,https://www.enidine.com/en-US/Home,https://careersenus-itt-inc.icims.com/jobs/search?ss=1&searchRelation=keyword_all,Title Product Specialist,https://careersenus-itt-inc.icims.com/jobs/17666/product-specialist/job,"Orchard Park, NY, United States",Orchard Park,NY,United States,Not specified,,,,Space & Defense,2026-09-25,2026-09-25,https://careersenus-itt-inc.icims.com/jobs/search?ss=1&searchRelation=keyword_all,ats_detected,5,success_after_fallback
5fc9d758105a,2026-09-25,64d9022f568a,ITT Enidine,https://www.enidine.com/en-US/Home,https://careersenus-itt-inc.icims.com/jobs/search?ss=1&searchRelation=keyword_all,Title Financial Planning Analyst,https://careersenus-itt-inc.icims.com/jobs/17662/financial-planning-analyst/job,"Orchard Park, NY, United States",Orchard Park,NY,United States,Not specified,,,,Space & Defense,2026-09-25,2026-09-25,https://careersenus-itt-inc.icims.com/jobs/search?ss=1&searchRelation=keyword_all,ats_detected,5,success_after_fallback
7650c53adb3a,2026-09-25,64d9022f568a,ITT Enidine,https://www.enidine.com/en-US/Home,https://careersenus-itt-inc.icims.com/jobs/search?ss=1&searchRelation=keyword_all,Title Application Engineering Co-op (Spring/Summer 2027),https://careersenus-itt-inc.icims.com/jobs/17660/application-engineering-co-op-%28spring-summer-2027%29/job,"Orchard Park, NY, United States",Orchard Park,NY,United States,Not specified,,,,Space & Defense,2026-09-25,2026-09-25,https://careersenus-itt-inc.icims.com/jobs/search?ss=1&searchRelation=keyword_all,ats_detected,5,success_after_fallback
bf87bb0404dd,2026-09-25,64d9022f568a,ITT Enidine,https://www.enidine.com/en-US/Home,https://careersenus-itt-inc.icims.com/jobs/search?ss=1&searchRelation=keyword_all,Title Strategy & Business Development Intern (Fall 2026/Spring-Summer 2027),https://careersenus-itt-inc.icims.com/jobs/17631/strategy-%26-business-development-intern-%28fall-2026-spring-summer-2027%29/job,"Orchard Park, NY, United States",Orchard Park,NY,United States,Not specified,,,,Space & Defense,2026-09-25,2026-09-25,https://careersenus-itt-inc.icims.com/jobs/search?ss=1&searchRelation=keyword_all,ats_detected,5,success_after_fallback
bad8f7ca7266,2026-09-25,64d9022f568a,ITT Enidine,https://www.enidine.com/en-US/Home,https://careersenus-itt-inc.icims.com/jobs/search?ss=1&searchRelation=keyword_all,"Title Manager, Customer Service",https://careersenus-itt-inc.icims.com/jobs/17630/manager%2c-customer-service/job,"Orchard Park, NY, United States",Orchard Park,NY,United States,Not specified,,,,Space & Defense,2026-09-25,2026-09-25,https://careersenus-itt-inc.icims.com/jobs/search?ss=1&searchRelation=keyword_all,ats_detected,5,success_after_fallback
470c0bce4517,2026-09-25,64d9022f568a,ITT Enidine,https://www.enidine.com/en-US/Home,https://careersenus-itt-inc.icims.com/jobs/search?ss=1&searchRelation=keyword_all,Title Product Design Engineer - High Speed,https://careersenus-itt-inc.icims.com/jobs/17629/product-design-engineer---high-speed/job,"Orchard Park, NY, United States",Orchard Park,NY,United States,Not specified,,,,Space & Defense,2026-09-25,2026-09-25,https://careersenus-itt-inc.icims.com/jobs/search?ss=1&searchRelation=keyword_all,ats_detected,5,success_after_fallback
a5cb1b20e5de,2026-09-25,64d9022f568a,ITT Enidine,https://www.enidine.com/en-US/Home,https://careersenus-itt-inc.icims.com/jobs/search?ss=1&searchRelation=keyword_all,Title Operations Scheduler,https://careersenus-itt-inc.icims.com/jobs/17613/operations-scheduler/job,"Orchard Park, NY, United States",Orchard Park,NY,United States,Not specified,,,,Space & Defense,2026-09-25,2026-09-25,https://careersenus-itt-inc.icims.com/jobs/search?ss=1&searchRelation=keyword_all,ats_detected,5,success_after_fallback
219d01c9239c,2026-09-25,64d9022f568a,ITT Enidine,https://www.enidine.com/en-US/Home,https://careersenus-itt-inc.icims.com/jobs/search?ss=1&searchRelation=keyword_all,Title Assembly Operator (Contingent Worker),https://careersenus-itt-inc.icims.com/jobs/17601/assembly-operator-%28contingent-worker%29/job,"Orchard Park, NY, United States",Orchard Park,NY,United States,Not specified,,,,Space & Defense,2026-09-25,2026-09-25,https://careersenus-itt-inc.icims.com/jobs/search?ss=1&searchRelation=keyword_all,ats_detected,5,success_after_fallback
c6901dfb5164,2026-09-25,64d9022f568a,ITT Enidine,https://www.enidine.com/en-US/Home,https://careersenus-itt-inc.icims.com/jobs/search?ss=1&searchRelation=keyword_all,Title Summer Internship 2027 (Various Roles),https://careersenus-itt-inc.icims.com/jobs/17595/summer-internship-2027-%28various-roles%29/job,"Orchard Park, NY, United States",Orchard Park,NY,United States,Not specified,,,,Space & Defense,2026-09-25,2026-09-25,https://careersenus-itt-inc.icims.com/jobs/search?ss=1&searchRelation=keyword_all,ats_detected,5,success_after_fallback
2131a0f54a33,2026-09-25,64d9022f568a,ITT Enidine,https://www.enidine.com/en-US/Home,https://careersenus-itt-inc.icims.com/jobs/search?ss=1&searchRelation=keyword_all,Title Engineering Intern (Summer 2027),https://careersenus-itt-inc.icims.com/jobs/17592/engineering-intern-%28summer-2027%29/job,"Orchard Park, NY, United States",Orchard Park,NY,United States,Not specified,,,,Space & Defense,2026-09-25,2026-09-25,https://careersenus-itt-inc.icims.com/jobs/search?ss=1&searchRelation=keyword_all,ats_detected,5,success_after_fallback
8b8508aa4b4a,2026-09-25,64d9022f568a,ITT Enidine,https://www.enidine.com/en-US/Home,https://careersenus-itt-inc.icims.com/jobs/search?ss=1&searchRelation=keyword_all,Title Office Support Specialist,https://careersenus-itt-inc.icims.com/jobs/17589/office-support-specialist/job,"Orchard Park, NY, United States",Orchard Park,NY,United States,Not specified,,,,Space & Defense,2026-09-25,2026-09-25,https://careersenus-itt-inc.icims.com/jobs/search?ss=1&searchRelation=keyword_all,ats_detected,5,success_after_fallback
dbecc53db211,2026-09-25,64d9022f568a,ITT Enidine,https://www.enidine.com/en-US/Home,https://careersenus-itt-inc.icims.com/jobs/search?ss=1&searchRelation=keyword_all,Title Summer Internship 2027 (Various Roles),https://careersenus-itt-inc.icims.com/jobs/17585/summer-internship-2027-%28various-roles%29/job,"Orchard Park, NY, United States",Orchard Park,NY,United States,Not specified,,,,Space & Defense,2026-09-25,2026-09-25,https://careersenus-itt-inc.icims.com/jobs/search?ss=1&searchRelation=keyword_all,ats_detected,5,success_after_fallback
cba94d18fded,2026-09-25,64d9022f568a,ITT Enidine,https://www.enidine.com/en-US/Home,https://careersenus-itt-inc.icims.com/jobs/search?ss=1&searchRelation=keyword_all,"Title Manager, Manufacturing Engineering",https://careersenus-itt-inc.icims.com/jobs/17578/manager%2c-manufacturing-engineering/job,"Orchard Park, NY, United States",Orchard Park,NY,United States,Not specified,,,,Space & Defense,2026-09-25,2026-09-25,https://careersenus-itt-inc.icims.com/jobs/search?ss=1&searchRelation=keyword_all,ats_detected,5,success_after_fallback
3dc1aff515c5,2026-09-25,64d9022f568a,ITT Enidine,https://www.enidine.com/en-US/Home,https://careersenus-itt-inc.icims.com/jobs/search?ss=1&searchRelation=keyword_all,Title Assembly Operator,https://careersenus-itt-inc.icims.com/jobs/17577/assembly-operator/job,"Orchard Park, NY, United States",Orchard Park,NY,United States,Not specified,,,,Space & Defense,2026-09-25,2026-09-25,https://careersenus-itt-inc.icims.com/jobs/search?ss=1&searchRelation=keyword_all,ats_detected,5,success_after_fallback
b62bc17b3976,2026-09-25,64d9022f568a,ITT Enidine,https://www.enidine.com/en-US/Home,https://careersenus-itt-inc.icims.com/jobs/search?ss=1&searchRelation=keyword_all,Title Assembly Operator II,https://careersenus-itt-inc.icims.com/jobs/17553/assembly-operator-ii/job,"Orchard Park, NY, United States",Orchard Park,NY,United States,Not specified,,,,Space & Defense,2026-09-25,2026-09-25,https://careersenus-itt-inc.icims.com/jobs/search?ss=1&searchRelation=keyword_all,ats_detected,5,success_after_fallback
97daa41e7415,2026-09-25,64d9022f568a,ITT Enidine,https://www.enidine.com/en-US/Home,https://careersenus-itt-inc.icims.com/jobs/search?ss=1&searchRelation=keyword_all,Title Repair & Overhaul Service Technician I,https://careersenus-itt-inc.icims.com/jobs/17542/repair-%26-overhaul-service-technician-i/job,"Orchard Park, NY, United States",Orchard Park,NY,United States,Not specified,,,,Space & Defense,2026-09-25,2026-09-25,https://careersenus-itt-inc.icims.com/jobs/search?ss=1&searchRelation=keyword_all,ats_detected,5,success_after_fallback
97dc9e199d09,2026-09-25,64d9022f568a,ITT Enidine,https://www.enidine.com/en-US/Home,https://careersenus-itt-inc.icims.com/jobs/search?ss=1&searchRelation=keyword_all,Title Repair & Overhaul Service Technician I (ECS),https://careersenus-itt-inc.icims.com/jobs/17541/repair-%26-overhaul-service-technician-i-%28ecs%29/job,"Orchard Park, NY, United States",Orchard Park,NY,United States,Not specified,,,,Space & Defense,2026-09-25,2026-09-25,https://careersenus-itt-inc.icims.com/jobs/search?ss=1&searchRelation=keyword_all,ats_detected,5,success_after_fallback
503ad20a1a32,2026-09-25,64d9022f568a,ITT Enidine,https://www.enidine.com/en-US/Home,https://careersenus-itt-inc.icims.com/jobs/search?ss=1&searchRelation=keyword_all,Title Repair & Overhaul Service Technician I,https://careersenus-itt-inc.icims.com/jobs/17540/repair-%26-overhaul-service-technician-i/job,"Orchard Park, NY, United States",Orchard Park,NY,United States,Not specified,,,,Space & Defense,2026-09-25,2026-09-25,https://careersenus-itt-inc.icims.com/jobs/search?ss=1&searchRelation=keyword_all,ats_detected,5,success_after_fallback
55fd684b44e7,2026-09-25,64d9022f568a,ITT Enidine,https://www.enidine.com/en-US/Home,https://careersenus-itt-inc.icims.com/jobs/search?ss=1&searchRelation=keyword_all,Title Repair & Overhaul Service Technician I (ECS),https://careersenus-itt-inc.icims.com/jobs/17539/repair-%26-overhaul-service-technician-i-%28ecs%29/job,"Orchard Park, NY, United States",Orchard Park,NY,United States,Not specified,,,,Space & Defense,2026-09-25,2026-09-25,https://careersenus-itt-inc.icims.com/jobs/search?ss=1&searchRelation=keyword_all,ats_detected,5,success_after_fallback
a3b2c41b605b,2026-09-25,64d9022f568a,ITT Enidine,https://www.enidine.com/en-US/Home,https://careersenus-itt-inc.icims.com/jobs/search?ss=1&searchRelation=keyword_all,Title Continuous Improvement Engineer,https://careersenus-itt-inc.icims.com/jobs/17533/continuous-improvement-engineer/job,"Orchard Park, NY, United States",Orchard Park,NY,United States,Not specified,,,,Space & Defense,2026-09-25,2026-09-25,https://careersenus-itt-inc.icims.com/jobs/search?ss=1&searchRelation=keyword_all,ats_detected,5,success_after_fallback
149a5e5d4215,2026-09-25,64d9022f568a,ITT Enidine,https://www.enidine.com/en-US/Home,https://careersenus-itt-inc.icims.com/jobs/search?ss=1&searchRelation=keyword_all,Title Product Design Engineer,https://careersenus-itt-inc.icims.com/jobs/17529/product-design-engineer/job,"Orchard Park, NY, United States",Orchard Park,NY,United States,Not specified,,,,Space & Defense,2026-09-25,2026-09-25,https://careersenus-itt-inc.icims.com/jobs/search?ss=1&searchRelation=keyword_all,ats_detected,5,success_after_fallback
3996a2cf0efe,2026-09-25,64d9022f568a,ITT Enidine,https://www.enidine.com/en-US/Home,https://careersenus-itt-inc.icims.com/jobs/search?ss=1&searchRelation=keyword_all,Title Quality Engineering Intern (Summer 2027),https://careersenus-itt-inc.icims.com/jobs/17495/quality-engineering-intern-%28summer-2027%29/job,"Orchard Park, NY, United States",Orchard Park,NY,United States,Not specified,,,,Space & Defense,2026-09-25,2026-09-25,https://careersenus-itt-inc.icims.com/jobs/search?ss=1&searchRelation=keyword_all,ats_detected,5,success_after_fallback
db3bcf8f3cbe,2026-09-25,64d9022f568a,ITT Enidine,https://www.enidine.com/en-US/Home,https://careersenus-itt-inc.icims.com/jobs/search?ss=1&searchRelation=keyword_all,Title Strategic Account Manager,https://careersenus-itt-inc.icims.com/jobs/17482/strategic-account-manager/job,"Orchard Park, NY, United States",Orchard Park,NY,United States,Not specified,,,,Space & Defense,2026-09-25,2026-09-25,https://careersenus-itt-inc.icims.com/jobs/search?ss=1&searchRelation=keyword_all,ats_detected,5,success_after_fallback
1ff847b82618,2026-09-25,64d9022f568a,ITT Enidine,https://www.enidine.com/en-US/Home,https://careersenus-itt-inc.icims.com/jobs/search?ss=1&searchRelation=keyword_all,Title Temp- Marketing Communications Analyst,https://careersenus-itt-inc.icims.com/jobs/17481/temp--marketing-communications-analyst/job,"Orchard Park, NY, United States",Orchard Park,NY,United States,Not specified,,,,Space & Defense,2026-09-25,2026-09-25,https://careersenus-itt-inc.icims.com/jobs/search?ss=1&searchRelation=keyword_all,ats_detected,5,success_after_fallback
76c54b348a70,2026-09-25,64d9022f568a,ITT Enidine,https://www.enidine.com/en-US/Home,https://careersenus-itt-inc.icims.com/jobs/search?ss=1&searchRelation=keyword_all,Title Product Management Co-op (Spring/Summer 2027),https://careersenus-itt-inc.icims.com/jobs/17451/product-management-co-op-%28spring-summer-2027%29/job,"Orchard Park, NY, United States",Orchard Park,NY,United States,Not specified,,,,Space & Defense,2026-09-25,2026-09-25,https://careersenus-itt-inc.icims.com/jobs/search?ss=1&searchRelation=keyword_all,ats_detected,5,success_after_fallback
f751a18860ad,2026-09-25,64d9022f568a,ITT Enidine,https://www.enidine.com/en-US/Home,https://careersenus-itt-inc.icims.com/jobs/search?ss=1&searchRelation=keyword_all,Title iProd Design Center Engineering Co-op (Spring/Summer 2027),https://careersenus-itt-inc.icims.com/jobs/17447/iprod-design-center-engineering-co-op-%28spring-summer-2027%29/job,"Orchard Park, NY, United States",Orchard Park,NY,United States,Not specified,,,,Space & Defense,2026-09-25,2026-09-25,https://careersenus-itt-inc.icims.com/jobs/search?ss=1&searchRelation=keyword_all,ats_detected,5,success_after_fallback
f3178d2fac08,2026-09-25,64d9022f568a,ITT Enidine,https://www.enidine.com/en-US/Home,https://careersger-itt-inc.icims.com/jobs/search?ss=1&searchRelation=keyword_all,Titel Technical Business Development Manager Connectors for Defense & Aerospace – Eastern Europe,https://careersger-itt-inc.icims.com/jobs/17258/technical-business-development-manager-connectors-for-defense-%26-aerospace-%e2%80%93-eastern-europe/job,"Orchard Park, NY, United States",Orchard Park,NY,United States,Remote,,,,Space & Defense,2026-09-25,2026-09-25,https://careersger-itt-inc.icims.com/jobs/search?ss=1&searchRelation=keyword_all,ats_detected,5,success_after_fallback
9f6ea6672698,2026-09-25,64d9022f568a,ITT Enidine,https://www.enidine.com/en-US/Home,https://careersger-itt-inc.icims.com/jobs/search?ss=1&searchRelation=keyword_all,Titel Technical Business Development Manager Connectors for Defense & Aerospace - DACH,https://careersger-itt-inc.icims.com/jobs/17257/technical-business-development-manager-connectors-for-defense-%26-aerospace---dach/job,"Orchard Park, NY, United States",Orchard Park,NY,United States,Remote,,,,Space & Defense,2026-09-25,2026-09-25,https://careersger-itt-inc.icims.com/jobs/search?ss=1&searchRelation=keyword_all,ats_detected,5,success_after_fallback
cc379f610e49,2026-09-25,64d9022f568a,ITT Enidine,https://www.enidine.com/en-US/Home,https://careersger-itt-inc.icims.com/jobs/search?ss=1&searchRelation=keyword_all,Titel Facilities Technician,https://careersger-itt-inc.icims.com/jobs/16722/facilities-technician/job,"Orchard Park, NY, United States",Orchard Park,NY,United States,Not specified,,,,Space & Defense,2026-09-25,2026-09-25,https://careersger-itt-inc.icims.com/jobs/search?ss=1&searchRelation=keyword_all,ats_detected,5,success_after_fallback
94fe2296fb92,2026-09-25,64d9022f568a,ITT Enidine,https://www.enidine.com/en-US/Home,https://careersger-itt-inc.icims.com/jobs/search?ss=1&searchRelation=keyword_all,Titel Product Manager Automotive After Market & Racing,https://careersger-itt-inc.icims.com/jobs/15454/product-manager-automotive-after-market-%26-racing/job,"Orchard Park, NY, United States",Orchard Park,NY,United States,Not specified,,,,Space & Defense,2026-09-25,2026-09-25,https://careersger-itt-inc.icims.com/jobs/search?ss=1&searchRelation=keyword_all,ats_detected,5,success_after_fallback
a4dbfa33c93b,2026-09-25,64d9022f568a,ITT Enidine,https://www.enidine.com/en-US/Home,https://careersmex-itt-inc.icims.com/jobs/search?ss=1&searchRelation=keyword_all,Cargo Financial Planning Analyst,https://careersmex-itt-inc.icims.com/jobs/17662/financial-planning-analyst/job,"Orchard Park, NY, United States",Orchard Park,NY,United States,Not specified,,,,Space & Defense,2026-09-25,2026-09-25,https://careersmex-itt-inc.icims.com/jobs/search?ss=1&searchRelation=keyword_all,ats_detected,5,success_after_fallback
425fe23d2c07,2026-09-25,64d9022f568a,ITT Enidine,https://www.enidine.com/en-US/Home,https://careersmex-itt-inc.icims.com/jobs/search?ss=1&searchRelation=keyword_all,Cargo Designer,https://careersmex-itt-inc.icims.com/jobs/17380/designer/job,"Orchard Park, NY, United States",Orchard Park,NY,United States,Not specified,,,,Space & Defense,2026-09-25,2026-09-25,https://careersmex-itt-inc.icims.com/jobs/search?ss=1&searchRelation=keyword_all,ats_detected,5,success_after_fallback
b98c7d1c9b39,2026-09-25,64d9022f568a,ITT Enidine,https://www.enidine.com/en-US/Home,https://careersmex-itt-inc.icims.com/jobs/search?ss=1&searchRelation=keyword_all,Cargo Planning Manager - SAP Implementation Project,https://careersmex-itt-inc.icims.com/jobs/17364/planning-manager---sap-implementation-project/job,"Orchard Park, NY, United States",Orchard Park,NY,United States,Not specified,,,,Space & Defense,2026-09-25,2026-09-25,https://careersmex-itt-inc.icims.com/jobs/search?ss=1&searchRelation=keyword_all,ats_detected,5,success_after_fallback
281e213f90a9,2026-09-25,64d9022f568a,ITT Enidine,https://www.enidine.com/en-US/Home,https://careersmex-itt-inc.icims.com/jobs/search?ss=1&searchRelation=keyword_all,Cargo Assembly Operator,https://careersmex-itt-inc.icims.com/jobs/17331/assembly-operator/job,"Orchard Park, NY, United States",Orchard Park,NY,United States,Not specified,,,,Space & Defense,2026-09-25,2026-09-25,https://careersmex-itt-inc.icims.com/jobs/search?ss=1&searchRelation=keyword_all,ats_detected,5,success_after_fallback
741095c17fd4,2026-09-25,64d9022f568a,ITT Enidine,https://www.enidine.com/en-US/Home,https://careersmex-itt-inc.icims.com/jobs/search?ss=1&searchRelation=keyword_all,"Cargo Sourcing, Supply Chain and Logistics Analyst",https://careersmex-itt-inc.icims.com/jobs/17330/sourcing%2c-supply-chain-and-logistics-analyst/job,"Orchard Park, NY, United States",Orchard Park,NY,United States,Not specified,,,,Space & Defense,2026-09-25,2026-09-25,https://careersmex-itt-inc.icims.com/jobs/search?ss=1&searchRelation=keyword_all,ats_detected,5,success_after_fallback
dadae87cd5d0,2026-09-25,64d9022f568a,ITT Enidine,https://www.enidine.com/en-US/Home,https://careersmex-itt-inc.icims.com/jobs/search?ss=1&searchRelation=keyword_all,Cargo Service Engineer,https://careersmex-itt-inc.icims.com/jobs/16362/service-engineer/job,"Orchard Park, NY, United States",Orchard Park,NY,United States,Not specified,,,,Space & Defense,2026-09-25,2026-09-25,https://careersmex-itt-inc.icims.com/jobs/search?ss=1&searchRelation=keyword_all,ats_detected,5,success_after_fallback
a4c67cf94a39,2026-09-25,64d9022f568a,ITT Enidine,https://www.enidine.com/en-US/Home,https://careersen-itt-inc.icims.com/jobs/search?ss=1&searchRelation=keyword_all,Title Financial Planning Analyst,https://careersen-itt-inc.icims.com/jobs/17662/financial-planning-analyst/job,"Orchard Park, NY, United States",Orchard Park,NY,United States,Not specified,,,,Space & Defense,2026-09-25,2026-09-25,https://careersen-itt-inc.icims.com/jobs/search?ss=1&searchRelation=keyword_all,ats_detected,5,success_after_fallback
3a17fdfb9069,2026-09-25,64d9022f568a,ITT Enidine,https://www.enidine.com/en-US/Home,https://careersen-itt-inc.icims.com/jobs/search?ss=1&searchRelation=keyword_all,Title Learning & Talent Specialist (Maternity Cover),https://careersen-itt-inc.icims.com/jobs/17562/learning-%26-talent-specialist-%28maternity-cover%29/job,"Orchard Park, NY, United States",Orchard Park,NY,United States,Not specified,,,,Space & Defense,2026-09-25,2026-09-25,https://careersen-itt-inc.icims.com/jobs/search?ss=1&searchRelation=keyword_all,ats_detected,5,success_after_fallback
68cc802baf5f,2026-09-25,64d9022f568a,ITT Enidine,https://www.enidine.com/en-US/Home,https://careersen-itt-inc.icims.com/jobs/search?ss=1&searchRelation=keyword_all,Title HR Operations Specialist,https://careersen-itt-inc.icims.com/jobs/17531/hr-operations-specialist/job,"Orchard Park, NY, United States",Orchard Park,NY,United States,Not specified,,,,Space & Defense,2026-09-25,2026-09-25,https://careersen-itt-inc.icims.com/jobs/search?ss=1&searchRelation=keyword_all,ats_detected,5,success_after_fallback
95066864036e,2026-09-25,64d9022f568a,ITT Enidine,https://www.enidine.com/en-US/Home,https://careersen-itt-inc.icims.com/jobs/search?ss=1&searchRelation=keyword_all,Title HR Leader - Transformation & Strategic Projects,https://careersen-itt-inc.icims.com/jobs/17459/hr-leader---transformation-%26-strategic-projects/job,"Orchard Park, NY, United States",Orchard Park,NY,United States,Not specified,,,,Space & Defense,2026-09-25,2026-09-25,https://careersen-itt-inc.icims.com/jobs/search?ss=1&searchRelation=keyword_all,ats_detected,5,success_after_fallback
8d7ea2d61c73,2026-09-25,64d9022f568a,ITT Enidine,https://www.enidine.com/en-US/Home,https://careersen-itt-inc.icims.com/jobs/search?ss=1&searchRelation=keyword_all,Title Credit Analyst,https://careersen-itt-inc.icims.com/jobs/17444/credit-analyst/job,"Orchard Park, NY, United States",Orchard Park,NY,United States,Not specified,,,,Space & Defense,2026-09-25,2026-09-25,https://careersen-itt-inc.icims.com/jobs/search?ss=1&searchRelation=keyword_all,ats_detected,5,success_after_fallback
d11b2c907757,2026-09-25,64d9022f568a,ITT Enidine,https://www.enidine.com/en-US/Home,https://careersen-itt-inc.icims.com/jobs/search?ss=1&searchRelation=keyword_all,Title Designer,https://careersen-itt-inc.icims.com/jobs/17380/designer/job,"Orchard Park, NY, United States",Orchard Park,NY,United States,Not specified,,,,Space & Defense,2026-09-25,2026-09-25,https://careersen-itt-inc.icims.com/jobs/search?ss=1&searchRelation=keyword_all,ats_detected,5,success_after_fallback
72a6568f7f40,2026-09-25,64d9022f568a,ITT Enidine,https://www.enidine.com/en-US/Home,https://careersen-itt-inc.icims.com/jobs/search?ss=1&searchRelation=keyword_all,Title Planning Manager - SAP Implementation Project,https://careersen-itt-inc.icims.com/jobs/17364/planning-manager---sap-implementation-project/job,"Orchard Park, NY, United States",Orchard Park,NY,United States,Not specified,,,,Space & Defense,2026-09-25,2026-09-25,https://careersen-itt-inc.icims.com/jobs/search?ss=1&searchRelation=keyword_all,ats_detected,5,success_after_fallback
356153abca2d,2026-09-25,64d9022f568a,ITT Enidine,https://www.enidine.com/en-US/Home,https://careersen-itt-inc.icims.com/jobs/search?ss=1&searchRelation=keyword_all,Title Assembly Operator,https://careersen-itt-inc.icims.com/jobs/17331/assembly-operator/job,"Orchard Park, NY, United States",Orchard Park,NY,United States,Not specified,,,,Space & Defense,2026-09-25,2026-09-25,https://careersen-itt-inc.icims.com/jobs/search?ss=1&searchRelation=keyword_all,ats_detected,5,success_after_fallback
2603ec2fb53d,2026-09-25,64d9022f568a,ITT Enidine,https://www.enidine.com/en-US/Home,https://careersen-itt-inc.icims.com/jobs/search?ss=1&searchRelation=keyword_all,Title Lead Analytics Engineer,https://careersen-itt-inc.icims.com/jobs/17299/lead-analytics-engineer/job,"Orchard Park, NY, United States",Orchard Park,NY,United States,Not specified,,,,Space & Defense,2026-09-25,2026-09-25,https://careersen-itt-inc.icims.com/jobs/search?ss=1&searchRelation=keyword_all,ats_detected,5,success_after_fallback
1f063b3551ed,2026-09-25,64d9022f568a,ITT Enidine,https://www.enidine.com/en-US/Home,https://careersen-itt-inc.icims.com/jobs/search?ss=1&searchRelation=keyword_all,Title Junior Analytics Engineer,https://careersen-itt-inc.icims.com/jobs/17291/junior-analytics-engineer/job,"Orchard Park, NY, United States",Orchard Park,NY,United States,Not specified,,,,Space & Defense,2026-09-25,2026-09-25,https://careersen-itt-inc.icims.com/jobs/search?ss=1&searchRelation=keyword_all,ats_detected,5,success_after_fallback
a47a09000921,2026-09-25,64d9022f568a,ITT Enidine,https://www.enidine.com/en-US/Home,https://careersen-itt-inc.icims.com/jobs/search?ss=1&searchRelation=keyword_all,Title Finance Shared Services Manager - Projects & Operations,https://careersen-itt-inc.icims.com/jobs/17284/finance-shared-services-manager---projects-%26-operations/job,"Orchard Park, NY, United States",Orchard Park,NY,United States,Not specified,,,,Space & Defense,2026-09-25,2026-09-25,https://careersen-itt-inc.icims.com/jobs/search?ss=1&searchRelation=keyword_all,ats_detected,5,success_after_fallback
0c8e0c119fe4,2026-09-25,64d9022f568a,ITT Enidine,https://www.enidine.com/en-US/Home,https://careersen-itt-inc.icims.com/jobs/search?ss=1&searchRelation=keyword_all,Title Technical Business Development Manager Connectors for Defense & Aerospace – Eastern Europe,https://careersen-itt-inc.icims.com/jobs/17258/technical-business-development-manager-connectors-for-defense-%26-aerospace-%e2%80%93-eastern-europe/job,"Orchard Park, NY, United States",Orchard Park,NY,United States,Remote,,,,Space & Defense,2026-09-25,2026-09-25,https://careersen-itt-inc.icims.com/jobs/search?ss=1&searchRelation=keyword_all,ats_detected,5,success_after_fallback
dc5541523c3d,2026-09-25,64d9022f568a,ITT Enidine,https://www.enidine.com/en-US/Home,https://careersen-itt-inc.icims.com/jobs/search?ss=1&searchRelation=keyword_all,Title Technical Business Development Manager Connectors for Defense & Aerospace - DACH,https://careersen-itt-inc.icims.com/jobs/17257/technical-business-development-manager-connectors-for-defense-%26-aerospace---dach/job,"Orchard Park, NY, United States",Orchard Park,NY,United States,Remote,,,,Space & Defense,2026-09-25,2026-09-25,https://careersen-itt-inc.icims.com/jobs/search?ss=1&searchRelation=keyword_all,ats_detected,5,success_after_fallback
66a52bce4bc4,2026-09-25,64d9022f568a,ITT Enidine,https://www.enidine.com/en-US/Home,https://careersen-itt-inc.icims.com/jobs/search?ss=1&searchRelation=keyword_all,Title Application Engineer,https://careersen-itt-inc.icims.com/jobs/17214/application-engineer/job,"Orchard Park, NY, United States",Orchard Park,NY,United States,Not specified,,,,Space & Defense,2026-09-25,2026-09-25,https://careersen-itt-inc.icims.com/jobs/search?ss=1&searchRelation=keyword_all,ats_detected,5,success_after_fallback
c404b86641f4,2026-09-25,64d9022f568a,ITT Enidine,https://www.enidine.com/en-US/Home,https://careersen-itt-inc.icims.com/jobs/search?ss=1&searchRelation=keyword_all,Title AI & Manufacturing Innovation Engineer,https://careersen-itt-inc.icims.com/jobs/17121/ai-%26-manufacturing-innovation-engineer/job,"Orchard Park, NY, United States",Orchard Park,NY,United States,Not specified,,,,Space & Defense,2026-09-25,2026-09-25,https://careersen-itt-inc.icims.com/jobs/search?ss=1&searchRelation=keyword_all,ats_detected,5,success_after_fallback
ab029f496844,2026-09-25,64d9022f568a,ITT Enidine,https://www.enidine.com/en-US/Home,https://careersen-itt-inc.icims.com/jobs/search?ss=1&searchRelation=keyword_all,Title Sales Manager,https://careersen-itt-inc.icims.com/jobs/17114/sales-manager/job,"Orchard Park, NY, United States",Orchard Park,NY,United States,Not specified,,,,Space & Defense,2026-09-25,2026-09-25,https://careersen-itt-inc.icims.com/jobs/search?ss=1&searchRelation=keyword_all,ats_detected,5,success_after_fallback
41163fde7d23,2026-09-25,64d9022f568a,ITT Enidine,https://www.enidine.com/en-US/Home,https://careersen-itt-inc.icims.com/jobs/search?ss=1&searchRelation=keyword_all,Title Talent Insights Analyst,https://careersen-itt-inc.icims.com/jobs/17072/talent-insights-analyst/job,"Orchard Park, NY, United States",Orchard Park,NY,United States,Not specified,,,,Space & Defense,2026-09-25,2026-09-25,https://careersen-itt-inc.icims.com/jobs/search?ss=1&searchRelation=keyword_all,ats_detected,5,success_after_fallback
91e3cb9f18d9,2026-09-25,64d9022f568a,ITT Enidine,https://www.enidine.com/en-US/Home,https://careersen-itt-inc.icims.com/jobs/search?ss=1&searchRelation=keyword_all,Title Global Quality Engineer,https://careersen-itt-inc.icims.com/jobs/16805/global-quality-engineer/job,"Orchard Park, NY, United States",Orchard Park,NY,United States,Not specified,,,,Space & Defense,2026-09-25,2026-09-25,https://careersen-itt-inc.icims.com/jobs/search?ss=1&searchRelation=keyword_all,ats_detected,5,success_after_fallback
54f01b8dbe30,2026-09-25,64d9022f568a,ITT Enidine,https://www.enidine.com/en-US/Home,https://careersen-itt-inc.icims.com/jobs/search?ss=1&searchRelation=keyword_all,Title Application Engineer Railway,https://careersen-itt-inc.icims.com/jobs/16767/application-engineer-railway/job,"Orchard Park, NY, United States",Orchard Park,NY,United States,Not specified,,,,Space & Defense,2026-09-25,2026-09-25,https://careersen-itt-inc.icims.com/jobs/search?ss=1&searchRelation=keyword_all,ats_detected,5,success_after_fallback
a2343af66dc4,2026-09-25,64d9022f568a,ITT Enidine,https://www.enidine.com/en-US/Home,https://careersen-itt-inc.icims.com/jobs/search?ss=1&searchRelation=keyword_all,Title Senior AI/ML Engineer,https://careersen-itt-inc.icims.com/jobs/16717/senior-ai-ml-engineer/job,"Orchard Park, NY, United States",Orchard Park,NY,United States,Not specified,,,,Space & Defense,2026-09-25,2026-09-25,https://careersen-itt-inc.icims.com/jobs/search?ss=1&searchRelation=keyword_all,ats_detected,5,success_after_fallback
b607cc8f9a30,2026-09-25,64d9022f568a,ITT Enidine,https://www.enidine.com/en-US/Home,https://careersen-itt-inc.icims.com/jobs/search?ss=1&searchRelation=keyword_all,Title IT Business Analyst (Application Configuration Specialist),https://careersen-itt-inc.icims.com/jobs/16713/it-business-analyst-%28application-configuration-specialist%29/job,"Orchard Park, NY, United States",Orchard Park,NY,United States,Not specified,,,,Space & Defense,2026-09-25,2026-09-25,https://careersen-itt-inc.icims.com/jobs/search?ss=1&searchRelation=keyword_all,ats_detected,5,success_after_fallback
e2fe533dc463,2026-09-25,64d9022f568a,ITT Enidine,https://www.enidine.com/en-US/Home,https://careersen-itt-inc.icims.com/jobs/search?ss=1&searchRelation=keyword_all,Title Application Engineer (P2),https://careersen-itt-inc.icims.com/jobs/16638/application-engineer-%28p2%29/job,"Orchard Park, NY, United States",Orchard Park,NY,United States,Not specified,,,,Space & Defense,2026-09-25,2026-09-25,https://careersen-itt-inc.icims.com/jobs/search?ss=1&searchRelation=keyword_all,ats_detected,5,success_after_fallback
b2d0be131c26,2026-09-25,64d9022f568a,ITT Enidine,https://www.enidine.com/en-US/Home,https://careersen-itt-inc.icims.com/jobs/search?ss=1&searchRelation=keyword_all,Title Global Purchasing & Sourcing Lead,https://careersen-itt-inc.icims.com/jobs/16615/global-purchasing-%26-sourcing-lead/job,"Orchard Park, NY, United States",Orchard Park,NY,United States,Not specified,,,,Space & Defense,2026-09-25,2026-09-25,https://careersen-itt-inc.icims.com/jobs/search?ss=1&searchRelation=keyword_all,ats_detected,5,success_after_fallback
8c401a107db2,2026-09-25,64d9022f568a,ITT Enidine,https://www.enidine.com/en-US/Home,https://careersen-itt-inc.icims.com/jobs/search?ss=1&searchRelation=keyword_all,Title Test Engineer,https://careersen-itt-inc.icims.com/jobs/16378/test-engineer/job,"Orchard Park, NY, United States",Orchard Park,NY,United States,Not specified,,,,Space & Defense,2026-09-25,2026-09-25,https://careersen-itt-inc.icims.com/jobs/search?ss=1&searchRelation=keyword_all,ats_detected,5,success_after_fallback
ad288983df18,2026-09-25,64d9022f568a,ITT Enidine,https://www.enidine.com/en-US/Home,https://careersen-itt-inc.icims.com/jobs/search?ss=1&searchRelation=keyword_all,Title Product Manager Automotive After Market & Racing,https://careersen-itt-inc.icims.com/jobs/15454/product-manager-automotive-after-market-%26-racing/job,"Orchard Park, NY, United States",Orchard Park,NY,United States,Not specified,,,,Space & Defense,2026-09-25,2026-09-25,https://careersen-itt-inc.icims.com/jobs/search?ss=1&searchRelation=keyword_all,ats_detected,5,success_after_fallback
6b1b979a6787,2026-09-25,64d9022f568a,ITT Enidine,https://www.enidine.com/en-US/Home,https://careersen-itt-inc.icims.com/jobs/search?ss=1&searchRelation=keyword_all,Title Application Engineer,https://careersen-itt-inc.icims.com/jobs/15377/application-engineer/job,"Orchard Park, NY, United States",Orchard Park,NY,United States,Not specified,,,,Space & Defense,2026-09-25,2026-09-25,https://careersen-itt-inc.icims.com/jobs/search?ss=1&searchRelation=keyword_all,ats_detected,5,success_after_fallback
94bb4ec31afa,2026-09-25,64d9022f568a,ITT Enidine,https://www.enidine.com/en-US/Home,https://careersen-itt-inc.icims.com/jobs/search?ss=1&searchRelation=keyword_all,Title Application Engineering Lead,https://careersen-itt-inc.icims.com/jobs/15348/application-engineering-lead/job,"Orchard Park, NY, United States",Orchard Park,NY,United States,Not specified,,,,Space & Defense,2026-09-25,2026-09-25,https://careersen-itt-inc.icims.com/jobs/search?ss=1&searchRelation=keyword_all,ats_detected,5,success_after_fallback
e71961b4bd70,2026-09-25,64d9022f568a,ITT Enidine,https://www.enidine.com/en-US/Home,https://careersenus-itt-inc.icims.com/jobs/17781/it-sr.-business-systems-analyst/job,It Sr. Business Systems Analyst,https://careersenus-itt-inc.icims.com/jobs/17781/it-sr.-business-systems-analyst/referral,"Orchard Park, NY, United States",Orchard Park,NY,United States,Not specified,,,,Space & Defense,2026-09-25,2026-09-25,https://careersenus-itt-inc.icims.com/jobs/17781/it-sr.-business-systems-analyst/job,ats_detected,5,success_after_fallback
4033c110c222,2026-09-25,64d9022f568a,ITT Enidine,https://www.enidine.com/en-US/Home,https://careersenus-itt-inc.icims.com/jobs/17780/pump-mechanic/job,Pump Mechanic,https://careersenus-itt-inc.icims.com/jobs/17780/pump-mechanic/job,"Colfax, NC, US",Colfax,NC,United States,Not specified,,,Service,Space & Defense,2026-09-25,2026-09-25,https://careersenus-itt-inc.icims.com/jobs/17780/pump-mechanic/job,ats_detected,4,success_after_fallback
5865d5fc5da2,2026-09-25,64d9022f568a,ITT Enidine,https://www.enidine.com/en-US/Home,https://careersenus-itt-inc.icims.com/jobs/17764/warehousing-specialist/job,Warehousing Specialist,https://careersenus-itt-inc.icims.com/jobs/17764/warehousing-specialist/referral,"Orchard Park, NY, United States",Orchard Park,NY,United States,Not specified,,,,Space & Defense,2026-09-25,2026-09-25,https://careersenus-itt-inc.icims.com/jobs/17764/warehousing-specialist/job,ats_detected,5,success_after_fallback
4890ea1ea8f0,2026-09-25,64d9022f568a,ITT Enidine,https://www.enidine.com/en-US/Home,https://careersenus-itt-inc.icims.com/jobs/17738/regional-sales-manager%2C-north-america-%28usa%29/job,Regional Sales Manager%2C North America %28Usa%29,https://careersenus-itt-inc.icims.com/jobs/17738/regional-sales-manager%2c-north-america-%28usa%29/referral,"Orchard Park, NY, United States",Orchard Park,NY,United States,Not specified,,,,Space & Defense,2026-09-25,2026-09-25,https://careersenus-itt-inc.icims.com/jobs/17738/regional-sales-manager%2C-north-america-%28usa%29/job,ats_detected,5,success_after_fallback
cfb445e721d4,2026-09-25,49a39e5c497b,L3Harris,https://www.l3harris.com/,https://careers.l3harris.com/en,L3Harris Engineering And Technician Career Fair Camden Ar,https://careers.l3harris.com/en/job/camden/l3harris-engineering-and-technician-career-fair-camden-ar/4832/99420660864,"Camden, AR",Camden,AR,United States,Not specified,,,,Space & Defense,2026-09-25,2026-09-25,https://careers.l3harris.com/en,known_careers_url,4,success
8fe169d92529,2026-09-25,49a39e5c497b,L3Harris,https://www.l3harris.com/,https://careers.l3harris.com/en,L3Harris Engineering Hiring Event For Cleared Talent Melbourne Fl,https://careers.l3harris.com/en/job/melbourne/l3harris-engineering-hiring-event-for-cleared-talent-melbourne-fl/4832/100774912368,"Melbourne, FL",Melbourne,FL,United States,Not specified,,,,Space & Defense,2026-09-25,2026-09-25,https://careers.l3harris.com/en,known_careers_url,4,success
aa4be1c27976,2026-09-25,49a39e5c497b,L3Harris,https://www.l3harris.com/,https://careers.l3harris.com/en,Director Program Management,https://careers.l3harris.com/en/job/plano/director-program-management/4832/101095078416,"Plano, Texas, Richardson, Texas",Plano,TX,United States,Not specified,,,,Space & Defense,2026-09-25,2026-09-25,https://careers.l3harris.com/en,known_careers_url,4,success
48d096d76211,2026-09-25,49a39e5c497b,L3Harris,https://www.l3harris.com/,https://careers.l3harris.com/en,Sr Spec Program Management,https://careers.l3harris.com/en/job/salt-lake-city/sr-spec-program-management/4832/101095078128,"Salt Lake City, Utah",Salt Lake City,UT,United States,Not specified,,,,Space & Defense,2026-09-25,2026-09-25,https://careers.l3harris.com/en,known_careers_url,4,success
dc53771bee75,2026-09-25,49a39e5c497b,L3Harris,https://www.l3harris.com/,https://careers.l3harris.com/en,Director Program Management Excellence Pmx,https://careers.l3harris.com/en/job/greenville/director-program-management-excellence-pmx/4832/101061116160,"Greenville, Texas, Plano, Texas, Rockwall, Texas",Greenville,TX,United States,Not specified,,,,Space & Defense,2026-09-25,2026-09-25,https://careers.l3harris.com/en,known_careers_url,4,success
8f388f1b34be,2026-09-25,49a39e5c497b,L3Harris,https://www.l3harris.com/,https://careers.l3harris.com/en,Senior Specialist Talent Management,https://careers.l3harris.com/en/job/united-states/senior-specialist-talent-management/4832/100994318656,"Greece, NY, United States",Greece,NY,United States,Not specified,,,,Space & Defense,2026-09-25,2026-09-25,https://careers.l3harris.com/en,known_careers_url,4,success
d804aabf5380,2026-09-25,49a39e5c497b,L3Harris,https://www.l3harris.com/,https://careers.l3harris.com/en/search-jobs,Senior Manager Program Finance,https://careers.l3harris.com/en/job/melbourne/senior-manager-program-finance/4832/101013442656,"Melbourne, FL",Melbourne,FL,United States,Not specified,,,,Space & Defense,2026-09-25,2026-09-25,https://careers.l3harris.com/en/search-jobs,linked_page,4,success_after_fallback
5cdd0c444db6,2026-09-25,49a39e5c497b,L3Harris,https://www.l3harris.com/,https://careers.l3harris.com/en/search-jobs,Lead Contracts,https://careers.l3harris.com/en/job/carlsbad/lead-contracts/4832/100994318528,"Carlsbad, CA",Carlsbad,CA,United States,Not specified,,,,Space & Defense,2026-09-25,2026-09-25,https://careers.l3harris.com/en/search-jobs,linked_page,4,success_after_fallback
4ac3978d9849,2026-09-25,49a39e5c497b,L3Harris,https://www.l3harris.com/,https://careers.l3harris.com/en/search-jobs,"Category Management Specialist (Metal Products) Supply, Chain Remote",https://careers.l3harris.com/en/job/united-states/category-management-specialist-metal-products/4832/100953923888,Remote,,,,Remote,,,,Space & Defense,2026-09-25,2026-09-25,https://careers.l3harris.com/en/search-jobs,linked_page,4,success_after_fallback
e1b1b0c47455,2026-09-25,49a39e5c497b,L3Harris,https://www.l3harris.com/,https://careers.l3harris.com/en/search-jobs,Manager Manufacturing Engineer,https://careers.l3harris.com/en/job/salt-lake-city/manager-manufacturing-engineer/4832/101013442512,"Salt Lake City, UT",Salt Lake City,UT,United States,Not specified,,,,Space & Defense,2026-09-25,2026-09-25,https://careers.l3harris.com/en/search-jobs,linked_page,4,success_after_fallback
47441a161ab5,2026-09-25,49a39e5c497b,L3Harris,https://www.l3harris.com/,https://careers.l3harris.com/en/search-jobs,Field Technician C Kansas City Ks,https://careers.l3harris.com/en/job/olathe/field-technician-c-kansas-city-ks-1/4832/100989140944,"Olathe, KS",Olathe,KS,United States,Not specified,,,,Space & Defense,2026-09-25,2026-09-25,https://careers.l3harris.com/en/search-jobs,linked_page,4,success_after_fallback
6dd3eb5278ae,2026-09-25,49a39e5c497b,L3Harris,https://www.l3harris.com/,https://careers.l3harris.com/en/search-jobs,"Technical Manager - Software Engineering Engineering Rochester, NY",https://careers.l3harris.com/en/job/rochester/technical-manager-software-engineering/4832/100946518272,"Rochester, NY",Rochester,NY,United States,Not specified,,,,Space & Defense,2026-09-25,2026-09-25,https://careers.l3harris.com/en/search-jobs,linked_page,4,success_after_fallback
b6ffd767829b,2026-09-25,49a39e5c497b,L3Harris,https://www.l3harris.com/,https://careers.l3harris.com/en/search-jobs,Lead Systems Engineer Mission Protection,https://careers.l3harris.com/en/job/springfield/lead-systems-engineer-mission-protection/4832/100946518048,"Springfield, Fairfax, VA",Springfield,VA,United States,Not specified,,,,Space & Defense,2026-09-25,2026-09-25,https://careers.l3harris.com/en/search-jobs,linked_page,4,success_after_fallback
af4dda41ce83,2026-09-25,49a39e5c497b,L3Harris,https://www.l3harris.com/,https://careers.l3harris.com/en/search-jobs,Lead Electrical Engineer Engineering Multiple Locations,https://careers.l3harris.com/en/job/millersville/lead-electrical-engineer/4832/100946517888,"Greece, NY, United States",Greece,NY,United States,Not specified,,,,Space & Defense,2026-09-25,2026-09-25,https://careers.l3harris.com/en/search-jobs,linked_page,4,success_after_fallback
0f5304ab7e51,2026-09-25,49a39e5c497b,L3Harris,https://www.l3harris.com/,https://careers.l3harris.com/en/search-jobs,Senior Associate Manufacturing Engineer,https://careers.l3harris.com/en/job/canoga-park/senior-associate-manufacturing-engineer/4832/100943339344,"Canoga Park, CA",Canoga Park,CA,United States,Not specified,,,,Space & Defense,2026-09-25,2026-09-25,https://careers.l3harris.com/en/search-jobs,linked_page,4,success_after_fallback
9e1f8968be0a,2026-09-25,49a39e5c497b,L3Harris,https://www.l3harris.com/,https://careers.l3harris.com/en/search-jobs,Lead Systems Engineering (Acoustics SME) 10K Sign-on Engineering Multiple Locations,https://careers.l3harris.com/en/job/millersville/lead-systems-engineering-acoustics-sme-10k-sign-on/4832/100946517264,"Greece, NY, United States",Greece,NY,United States,Not specified,,,,Space & Defense,2026-09-25,2026-09-25,https://careers.l3harris.com/en/search-jobs,linked_page,4,success_after_fallback
5b575ac81729,2026-09-25,49a39e5c497b,L3Harris,https://www.l3harris.com/,https://careers.l3harris.com/en/search-jobs,Sr Specialist Systems Engineering Underwater Acoustics Telemetry Comms Data Recording Radar,https://careers.l3harris.com/en/job/yorba-linda/sr-specialist-systems-engineering-underwater-acoustics-telemetry-comms-data-recording-radar/4832/100943339328,"Yorba Linda, CA",Yorba Linda,CA,United States,Not specified,,,,Space & Defense,2026-09-25,2026-09-25,https://careers.l3harris.com/en/search-jobs,linked_page,4,success_after_fallback
dc31db86dc0c,2026-09-25,49a39e5c497b,L3Harris,https://www.l3harris.com/,https://careers.l3harris.com/en/job/melbourne/l3harris-engineering-hiring-event-for-cleared-talent-melbourne-fl/4832/100774912368,L3Harris Engineering Hiring Event For Cleared Talent Melbourne Fl,https://careers.l3harris.com/en/job/melbourne/l3harris-engineering-hiring-event-for-cleared-talent-melbourne-fl/4832/search-jobs,"Greece, NY, United States",Greece,NY,United States,Not specified,,,,Space & Defense,2026-09-25,2026-09-25,https://careers.l3harris.com/en/job/melbourne/l3harris-engineering-hiring-event-for-cleared-talent-melbourne-fl/4832/100774912368,linked_page,4,success_after_fallback
23b4337a5708,2026-09-25,49a39e5c497b,L3Harris,https://www.l3harris.com/,https://careers.l3harris.com/en/job/melbourne/l3harris-engineering-hiring-event-for-cleared-talent-melbourne-fl/4832/100774912368,Lead Integration And Test Engineer Secret,https://careers.l3harris.com/en/job/palm-bay/lead-integration-and-test-engineer-secret/4832/99399018192,"Palm Bay, Florida",Palm Bay,FL,United States,Not specified,,,,Space & Defense,2026-09-25,2026-09-25,https://careers.l3harris.com/en/job/melbourne/l3harris-engineering-hiring-event-for-cleared-talent-melbourne-fl/4832/100774912368,linked_page,4,success_after_fallback
5ad4f9c74b49,2026-09-25,49a39e5c497b,L3Harris,https://www.l3harris.com/,https://careers.l3harris.com/en/job/melbourne/l3harris-engineering-hiring-event-for-cleared-talent-melbourne-fl/4832/100774912368,Senior Specialist Integration And Test Engineer,https://careers.l3harris.com/en/job/melbourne/senior-specialist-integration-and-test-engineer/4832/99420660784,"Melbourne, Florida, Patrick Air Force Base, Florida",Melbourne,FL,United States,Not specified,,,,Space & Defense,2026-09-25,2026-09-25,https://careers.l3harris.com/en/job/melbourne/l3harris-engineering-hiring-event-for-cleared-talent-melbourne-fl/4832/100774912368,linked_page,4,success_after_fallback
b61073eb6fcb,2026-09-25,49a39e5c497b,L3Harris,https://www.l3harris.com/,https://careers.l3harris.com/en/job/melbourne/l3harris-engineering-hiring-event-for-cleared-talent-melbourne-fl/4832/100774912368,Senior Associate Integration And Test Engineer Secret,https://careers.l3harris.com/en/job/palm-bay/senior-associate-integration-and-test-engineer-secret/4832/99399018176,"Palm Bay, Florida",Palm Bay,FL,United States,Not specified,,,,Space & Defense,2026-09-25,2026-09-25,https://careers.l3harris.com/en/job/melbourne/l3harris-engineering-hiring-event-for-cleared-talent-melbourne-fl/4832/100774912368,linked_page,4,success_after_fallback
bf2607661c92,2026-09-25,49a39e5c497b,L3Harris,https://www.l3harris.com/,https://careers.l3harris.com/en/job/melbourne/l3harris-engineering-hiring-event-for-cleared-talent-melbourne-fl/4832/100774912368,Specialist Systems Engineer Reliability Availability Maintainability Testability And Safety,https://careers.l3harris.com/en/job/melbourne/specialist-systems-engineer-reliability-availability-maintainability-testability-and-safety/4832/99213513408,"Melbourne, Florida, Palm Bay, Florida",Melbourne,FL,United States,Not specified,,,,Space & Defense,2026-09-25,2026-09-25,https://careers.l3harris.com/en/job/melbourne/l3harris-engineering-hiring-event-for-cleared-talent-melbourne-fl/4832/100774912368,linked_page,4,success_after_fallback
e0b7355ebcda,2026-09-25,49a39e5c497b,L3Harris,https://www.l3harris.com/,"https://careers.l3harris.com/en/search-jobs?acm=8686208,8679712,62721&alrpm=ALL&ascf=[%7B%22key%22:%22ALL%22,%22value%22:%22%22%7D]",Sr Associate Social Media,https://careers.l3harris.com/en/job/melbourne/sr-associate-social-media/4832/100436629312,"Melbourne, FL",Melbourne,FL,United States,Not specified,,,,Space & Defense,2026-09-25,2026-09-25,"https://careers.l3harris.com/en/search-jobs?acm=8686208,8679712,62721&alrpm=ALL&ascf=[%7B%22key%22:%22ALL%22,%22value%22:%22%22%7D]",linked_page,4,success_after_fallback
ccf5f7341c9f,2026-09-25,49a39e5c497b,L3Harris,https://www.l3harris.com/,"https://careers.l3harris.com/en/search-jobs?acm=8686208,8679712,62721&alrpm=ALL&ascf=[%7B%22key%22:%22ALL%22,%22value%22:%22%22%7D]",Associate Designer Huntsville Al,https://careers.l3harris.com/en/job/huntsville/associate-designer-huntsville-al/4832/101000911408,"Huntsville, AL",Huntsville,AL,United States,Not specified,,,,Space & Defense,2026-09-25,2026-09-25,"https://careers.l3harris.com/en/search-jobs?acm=8686208,8679712,62721&alrpm=ALL&ascf=[%7B%22key%22:%22ALL%22,%22value%22:%22%22%7D]",linked_page,4,success_after_fallback
d886719aeab9,2026-09-25,49a39e5c497b,L3Harris,https://www.l3harris.com/,"https://careers.l3harris.com/en/search-jobs?acm=8686208,8679712,62721&alrpm=ALL&ascf=[%7B%22key%22:%22ALL%22,%22value%22:%22%22%7D]",Associate Mechanical Engineering,https://careers.l3harris.com/en/job/huntsville/associate-mechanical-engineering/4832/101000911520,"Huntsville, AL",Huntsville,AL,United States,Not specified,,,,Space & Defense,2026-09-25,2026-09-25,"https://careers.l3harris.com/en/search-jobs?acm=8686208,8679712,62721&alrpm=ALL&ascf=[%7B%22key%22:%22ALL%22,%22value%22:%22%22%7D]",linked_page,4,success_after_fallback
1240a1cc66bb,2026-09-25,49a39e5c497b,L3Harris,https://www.l3harris.com/,"https://careers.l3harris.com/en/search-jobs?acm=8686208,8679712,62721&alrpm=ALL&ascf=[%7B%22key%22:%22ALL%22,%22value%22:%22%22%7D]",Associate Mechanical Engineering,https://careers.l3harris.com/en/job/west-palm-beach/associate-mechanical-engineering/4832/101000911344,"West Palm Beach, FL",West Palm Beach,FL,United States,Not specified,,,,Space & Defense,2026-09-25,2026-09-25,"https://careers.l3harris.com/en/search-jobs?acm=8686208,8679712,62721&alrpm=ALL&ascf=[%7B%22key%22:%22ALL%22,%22value%22:%22%22%7D]",linked_page,4,success_after_fallback
f59d56876eb5,2026-09-25,49a39e5c497b,L3Harris,https://www.l3harris.com/,"https://careers.l3harris.com/en/search-jobs?acm=8686208,8679712,62721&alrpm=ALL&ascf=[%7B%22key%22:%22ALL%22,%22value%22:%22%22%7D]",Associate Mechanical Engineering,https://careers.l3harris.com/en/job/huntsville/associate-mechanical-engineering/4832/100989141168,"Huntsville, AL",Huntsville,AL,United States,Not specified,,,,Space & Defense,2026-09-25,2026-09-25,"https://careers.l3harris.com/en/search-jobs?acm=8686208,8679712,62721&alrpm=ALL&ascf=[%7B%22key%22:%22ALL%22,%22value%22:%22%22%7D]",linked_page,4,success_after_fallback
e338f01987fe,2026-09-25,49a39e5c497b,L3Harris,https://www.l3harris.com/,"https://careers.l3harris.com/en/search-jobs?acm=8686208,8679712,62721&alrpm=ALL&ascf=[%7B%22key%22:%22ALL%22,%22value%22:%22%22%7D]",Assoc Mechanical Design West Palm Beach Fl,https://careers.l3harris.com/en/job/huntsville/assoc-mechanical-design-west-palm-beach-fl/4832/101000911680,"Huntsville, AL",Huntsville,AL,United States,Not specified,,,,Space & Defense,2026-09-25,2026-09-25,"https://careers.l3harris.com/en/search-jobs?acm=8686208,8679712,62721&alrpm=ALL&ascf=[%7B%22key%22:%22ALL%22,%22value%22:%22%22%7D]",linked_page,4,success_after_fallback
fe2106f4c5c6,2026-09-25,49a39e5c497b,L3Harris,https://www.l3harris.com/,"https://careers.l3harris.com/en/search-jobs?acm=8686208,8679712,62721&alrpm=ALL&ascf=[%7B%22key%22:%22ALL%22,%22value%22:%22%22%7D]",Associate Electrical Engineering,https://careers.l3harris.com/en/job/greenville/associate-electrical-engineering/4832/99092768272,"Greenville, TX",Greenville,TX,United States,Not specified,,,,Space & Defense,2026-09-25,2026-09-25,"https://careers.l3harris.com/en/search-jobs?acm=8686208,8679712,62721&alrpm=ALL&ascf=[%7B%22key%22:%22ALL%22,%22value%22:%22%22%7D]",linked_page,4,success_after_fallback
716c6fe11029,2026-09-25,49a39e5c497b,L3Harris,https://www.l3harris.com/,"https://careers.l3harris.com/en/search-jobs?acm=8686208,8679712,62721&alrpm=ALL&ascf=[%7B%22key%22:%22ALL%22,%22value%22:%22%22%7D]",Associate Structural Engineering,https://careers.l3harris.com/en/job/greenville/associate-structural-engineering/4832/99009048976,"Greenville, TX",Greenville,TX,United States,Not specified,,,,Space & Defense,2026-09-25,2026-09-25,"https://careers.l3harris.com/en/search-jobs?acm=8686208,8679712,62721&alrpm=ALL&ascf=[%7B%22key%22:%22ALL%22,%22value%22:%22%22%7D]",linked_page,4,success_after_fallback
42c046ae31e0,2026-09-25,49a39e5c497b,L3Harris,https://www.l3harris.com/,"https://careers.l3harris.com/en/search-jobs?acm=8686208,8679712,62721&alrpm=ALL&ascf=[%7B%22key%22:%22ALL%22,%22value%22:%22%22%7D]",Sr Associate Systems Engineer,https://careers.l3harris.com/en/job/melbourne/sr-associate-systems-engineer/4832/99009048896,"Melbourne, FL",Melbourne,FL,United States,Not specified,,,,Space & Defense,2026-09-25,2026-09-25,"https://careers.l3harris.com/en/search-jobs?acm=8686208,8679712,62721&alrpm=ALL&ascf=[%7B%22key%22:%22ALL%22,%22value%22:%22%22%7D]",linked_page,4,success_after_fallback
b989194ca398,2026-09-25,49a39e5c497b,L3Harris,https://www.l3harris.com/,"https://careers.l3harris.com/en/search-jobs?acm=8686208,8679712,62721&alrpm=ALL&ascf=[%7B%22key%22:%22ALL%22,%22value%22:%22%22%7D]",Associate Field Engineering,https://careers.l3harris.com/en/job/melbourne/associate-field-engineering/4832/98807498208,"Melbourne, FL",Melbourne,FL,United States,Not specified,,,,Space & Defense,2026-09-25,2026-09-25,"https://careers.l3harris.com/en/search-jobs?acm=8686208,8679712,62721&alrpm=ALL&ascf=[%7B%22key%22:%22ALL%22,%22value%22:%22%22%7D]",linked_page,4,success_after_fallback
c1cad14fd3c3,2026-09-25,49a39e5c497b,L3Harris,https://www.l3harris.com/,"https://careers.l3harris.com/en/search-jobs?acm=8686208,8679712,62721&alrpm=ALL&ascf=[%7B%22key%22:%22ALL%22,%22value%22:%22%22%7D]",Associate Accounting,https://careers.l3harris.com/en/job/lynchburg/associate-accounting/4832/99780405280,"Lynchburg, VA",Lynchburg,VA,United States,Not specified,,,,Space & Defense,2026-09-25,2026-09-25,"https://careers.l3harris.com/en/search-jobs?acm=8686208,8679712,62721&alrpm=ALL&ascf=[%7B%22key%22:%22ALL%22,%22value%22:%22%22%7D]",linked_page,4,success_after_fallback
6df1548b3ea9,2026-09-25,49a39e5c497b,L3Harris,https://www.l3harris.com/,"https://careers.l3harris.com/en/search-jobs?acm=8686208,8679712,62721&alrpm=ALL&ascf=[%7B%22key%22:%22ALL%22,%22value%22:%22%22%7D]",Engineering Leadership Development Program Mechanical Engineer Various Locations,https://careers.l3harris.com/en/job/melbourne/engineering-leadership-development-program-mechanical-engineer-various-locations/4832/100148576176,"Melbourne, FL",Melbourne,FL,United States,Not specified,,,,Space & Defense,2026-09-25,2026-09-25,"https://careers.l3harris.com/en/search-jobs?acm=8686208,8679712,62721&alrpm=ALL&ascf=[%7B%22key%22:%22ALL%22,%22value%22:%22%22%7D]",linked_page,4,success_after_fallback
e6a4aad5316b,2026-09-25,49a39e5c497b,L3Harris,https://www.l3harris.com/,"https://careers.l3harris.com/en/search-jobs?acm=8686208,8679712,62721&alrpm=ALL&ascf=[%7B%22key%22:%22ALL%22,%22value%22:%22%22%7D]",Engineering Leadership Development Program Mechanical Engineer Various Locations,https://careers.l3harris.com/en/job/melbourne/engineering-leadership-development-program-mechanical-engineer-various-locations/4832/100148576208,"Melbourne, FL",Melbourne,FL,United States,Not specified,,,,Space & Defense,2026-09-25,2026-09-25,"https://careers.l3harris.com/en/search-jobs?acm=8686208,8679712,62721&alrpm=ALL&ascf=[%7B%22key%22:%22ALL%22,%22value%22:%22%22%7D]",linked_page,4,success_after_fallback
3c0c9386a75b,2026-09-25,49a39e5c497b,L3Harris,https://www.l3harris.com/,"https://careers.l3harris.com/en/search-jobs?acm=8686208,8679712,62721&alrpm=ALL&ascf=[%7B%22key%22:%22ALL%22,%22value%22:%22%22%7D]",Engineering Leadership Development Program Electrical Engineer Various Locations,https://careers.l3harris.com/en/job/melbourne/engineering-leadership-development-program-electrical-engineer-various-locations/4832/100148576272,"Melbourne, FL",Melbourne,FL,United States,Not specified,,,,Space & Defense,2026-09-25,2026-09-25,"https://careers.l3harris.com/en/search-jobs?acm=8686208,8679712,62721&alrpm=ALL&ascf=[%7B%22key%22:%22ALL%22,%22value%22:%22%22%7D]",linked_page,4,success_after_fallback
1305a9f6bebe,2026-09-25,49a39e5c497b,L3Harris,https://www.l3harris.com/,"https://careers.l3harris.com/en/search-jobs?acm=8686208,8679712,62721&alrpm=ALL&ascf=[%7B%22key%22:%22ALL%22,%22value%22:%22%22%7D]",Engineering Leadership Development Program Software Engineer Various Locations,https://careers.l3harris.com/en/job/melbourne/engineering-leadership-development-program-software-engineer-various-locations/4832/100148576352,"Melbourne, FL",Melbourne,FL,United States,Not specified,,,,Space & Defense,2026-09-25,2026-09-25,"https://careers.l3harris.com/en/search-jobs?acm=8686208,8679712,62721&alrpm=ALL&ascf=[%7B%22key%22:%22ALL%22,%22value%22:%22%22%7D]",linked_page,4,success_after_fallback
5e8203725042,2026-09-25,49a39e5c497b,L3Harris,https://www.l3harris.com/,https://careers.l3harris.com/en/job/camden/l3harris-engineering-and-technician-career-fair-camden-ar/4832/99420660864,L3Harris Engineering And Technician Career Fair Camden Ar,https://careers.l3harris.com/en/job/camden/l3harris-engineering-and-technician-career-fair-camden-ar/4832/search-jobs,"Greece, NY, United States",Greece,NY,United States,Not specified,,,,Space & Defense,2026-09-25,2026-09-25,https://careers.l3harris.com/en/job/camden/l3harris-engineering-and-technician-career-fair-camden-ar/4832/99420660864,linked_page,4,success_after_fallback
4c843bb785c7,2026-09-25,49a39e5c497b,L3Harris,https://www.l3harris.com/,https://careers.l3harris.com/en/job/camden/l3harris-engineering-and-technician-career-fair-camden-ar/4832/99420660864,Specialist Automation Engineer,https://careers.l3harris.com/en/job/camden/specialist-automation-engineer/4832/99326697840,"Camden, Arkansas",Camden,AR,United States,Not specified,,,,Space & Defense,2026-09-25,2026-09-25,https://careers.l3harris.com/en/job/camden/l3harris-engineering-and-technician-career-fair-camden-ar/4832/99420660864,linked_page,4,success_after_fallback
c52cfe44bdc3,2026-09-25,49a39e5c497b,L3Harris,https://www.l3harris.com/,https://careers.l3harris.com/en/job/camden/l3harris-engineering-and-technician-career-fair-camden-ar/4832/99420660864,Senior Associate Manufacturing Engineer,https://careers.l3harris.com/en/job/camden/senior-associate-manufacturing-engineer-1/4832/99178894688,"Camden, Arkansas",Camden,AR,United States,Not specified,,,,Space & Defense,2026-09-25,2026-09-25,https://careers.l3harris.com/en/job/camden/l3harris-engineering-and-technician-career-fair-camden-ar/4832/99420660864,linked_page,4,success_after_fallback
411237e6b895,2026-09-25,49a39e5c497b,L3Harris,https://www.l3harris.com/,https://careers.l3harris.com/en/job/camden/l3harris-engineering-and-technician-career-fair-camden-ar/4832/99420660864,Manufacturing Engineering Industrial Engineer,https://careers.l3harris.com/en/job/camden/manufacturing-engineering-industrial-engineer/4832/99166969360,"Camden, Arkansas",Camden,AR,United States,Not specified,,,,Space & Defense,2026-09-25,2026-09-25,https://careers.l3harris.com/en/job/camden/l3harris-engineering-and-technician-career-fair-camden-ar/4832/99420660864,linked_page,4,success_after_fallback
c80895e55c66,2026-09-25,49a39e5c497b,L3Harris,https://www.l3harris.com/,https://careers.l3harris.com/en/job/camden/l3harris-engineering-and-technician-career-fair-camden-ar/4832/99420660864,Supervisor Operations Management,https://careers.l3harris.com/en/job/camden/supervisor-operations-management/4832/99138844320,"Camden, Arkansas",Camden,AR,United States,Not specified,,,,Space & Defense,2026-09-25,2026-09-25,https://careers.l3harris.com/en/job/camden/l3harris-engineering-and-technician-career-fair-camden-ar/4832/99420660864,linked_page,4,success_after_fallback
f61695ba5c9b,2026-09-25,49a39e5c497b,L3Harris,https://www.l3harris.com/,"https://careers.l3harris.com/en/search-jobs?acm=61370,8684512,8684496,8684688,8684208,8687808,8696112,8684256,8690160,8684528&alrpm=ALL&ascf=[%7B%22key%22:%22ALL%22,%22value%22:%22%22%7D]",Specialist Information Security Systems Engineering,https://careers.l3harris.com/en/job/salt-lake-city/specialist-information-security-systems-engineering/4832/100794144992,"Salt Lake City, UT",Salt Lake City,UT,United States,Not specified,,,,Space & Defense,2026-09-25,2026-09-25,"https://careers.l3harris.com/en/search-jobs?acm=61370,8684512,8684496,8684688,8684208,8687808,8696112,8684256,8690160,8684528&alrpm=ALL&ascf=[%7B%22key%22:%22ALL%22,%22value%22:%22%22%7D]",linked_page,4,success_after_fallback
851b33e86c1b,2026-09-25,49a39e5c497b,L3Harris,https://www.l3harris.com/,"https://careers.l3harris.com/en/search-jobs?acm=61370,8684512,8684496,8684688,8684208,8687808,8696112,8684256,8690160,8684528&alrpm=ALL&ascf=[%7B%22key%22:%22ALL%22,%22value%22:%22%22%7D]",Lead Information Security Systems Engineering,https://careers.l3harris.com/en/job/salt-lake-city/lead-information-security-systems-engineering/4832/100794145040,"Salt Lake City, UT",Salt Lake City,UT,United States,Not specified,,,,Space & Defense,2026-09-25,2026-09-25,"https://careers.l3harris.com/en/search-jobs?acm=61370,8684512,8684496,8684688,8684208,8687808,8696112,8684256,8690160,8684528&alrpm=ALL&ascf=[%7B%22key%22:%22ALL%22,%22value%22:%22%22%7D]",linked_page,4,success_after_fallback
72f78e487fc7,2026-09-25,49a39e5c497b,L3Harris,https://www.l3harris.com/,"https://careers.l3harris.com/en/search-jobs?acm=61370,8684512,8684496,8684688,8684208,8687808,8696112,8684256,8690160,8684528&alrpm=ALL&ascf=[%7B%22key%22:%22ALL%22,%22value%22:%22%22%7D]",Manager Information Security Systems Engineering,https://careers.l3harris.com/en/job/waco/manager-information-security-systems-engineering/4832/99801461584,"Waco, TX",Waco,TX,United States,Not specified,,,,Space & Defense,2026-09-25,2026-09-25,"https://careers.l3harris.com/en/search-jobs?acm=61370,8684512,8684496,8684688,8684208,8687808,8696112,8684256,8690160,8684528&alrpm=ALL&ascf=[%7B%22key%22:%22ALL%22,%22value%22:%22%22%7D]",linked_page,4,success_after_fallback
1345c391e717,2026-09-25,49a39e5c497b,L3Harris,https://www.l3harris.com/,"https://careers.l3harris.com/en/search-jobs?acm=61370,8684512,8684496,8684688,8684208,8687808,8696112,8684256,8690160,8684528&alrpm=ALL&ascf=[%7B%22key%22:%22ALL%22,%22value%22:%22%22%7D]",Scientist Project Engineer Irad,https://careers.l3harris.com/en/job/greenville/scientist-project-engineer-irad/4832/99399018400,"Greenville, TX",Greenville,TX,United States,Not specified,,,,Space & Defense,2026-09-25,2026-09-25,"https://careers.l3harris.com/en/search-jobs?acm=61370,8684512,8684496,8684688,8684208,8687808,8696112,8684256,8690160,8684528&alrpm=ALL&ascf=[%7B%22key%22:%22ALL%22,%22value%22:%22%22%7D]",linked_page,4,success_after_fallback
f3a542ef0ae0,2026-09-25,49a39e5c497b,L3Harris,https://www.l3harris.com/,"https://careers.l3harris.com/en/search-jobs?acm=61370,8684512,8684496,8684688,8684208,8687808,8696112,8684256,8690160,8684528&alrpm=ALL&ascf=[%7B%22key%22:%22ALL%22,%22value%22:%22%22%7D]",Scientist Analysis Design Engineer,https://careers.l3harris.com/en/job/salt-lake-city/scientist-analysis-design-engineer/4832/99761839968,"Salt Lake City, UT",Salt Lake City,UT,United States,Not specified,,,,Space & Defense,2026-09-25,2026-09-25,"https://careers.l3harris.com/en/search-jobs?acm=61370,8684512,8684496,8684688,8684208,8687808,8696112,8684256,8690160,8684528&alrpm=ALL&ascf=[%7B%22key%22:%22ALL%22,%22value%22:%22%22%7D]",linked_page,4,success_after_fallback
47f8742aca4a,2026-09-25,49a39e5c497b,L3Harris,https://www.l3harris.com/,"https://careers.l3harris.com/en/search-jobs?acm=61370,8684512,8684496,8684688,8684208,8687808,8696112,8684256,8690160,8684528&alrpm=ALL&ascf=[%7B%22key%22:%22ALL%22,%22value%22:%22%22%7D]","Senior Specialist, Aerospace Engineer (Thermal Analysis) Engineering Multiple Locations",https://careers.l3harris.com/en/job/huntsville/senior-specialist-aerospace-engineer-thermal-analysis/4832/99349376080,"Greece, NY, United States",Greece,NY,United States,Not specified,,,,Space & Defense,2026-09-25,2026-09-25,"https://careers.l3harris.com/en/search-jobs?acm=61370,8684512,8684496,8684688,8684208,8687808,8696112,8684256,8690160,8684528&alrpm=ALL&ascf=[%7B%22key%22:%22ALL%22,%22value%22:%22%22%7D]",linked_page,4,success_after_fallback
908226c26ca9,2026-09-25,49a39e5c497b,L3Harris,https://www.l3harris.com/,"https://careers.l3harris.com/en/search-jobs?acm=61370,8684512,8684496,8684688,8684208,8687808,8696112,8684256,8690160,8684528&alrpm=ALL&ascf=[%7B%22key%22:%22ALL%22,%22value%22:%22%22%7D]","Scientist, Systems Engineering (Mission Architecture & Advanced Concepts) 1 Engineering Multiple Locations",https://careers.l3harris.com/en/job/west-palm-beach/scientist-systems-engineering-mission-architecture-and-advanced-concepts-1/4832/99349375744,"Greece, NY, United States",Greece,NY,United States,Not specified,,,,Space & Defense,2026-09-25,2026-09-25,"https://careers.l3harris.com/en/search-jobs?acm=61370,8684512,8684496,8684688,8684208,8687808,8696112,8684256,8690160,8684528&alrpm=ALL&ascf=[%7B%22key%22:%22ALL%22,%22value%22:%22%22%7D]",linked_page,4,success_after_fallback
c948c38272e7,2026-09-25,b5d41f3f3457,Lockheed Martin,https://www.lockheedmartin.com/,https://www.lockheedmartin.com/en-us/careers/candidates/students-early-careers.html,Meet our Interns,https://www.lockheedmartin.com/en-us/careers/life-at-lm/2023/early-career-lessons-learned.html,"Ballston Spa, NY, United States",Ballston Spa,NY,United States,Not specified,,,,Space & Defense,2026-09-25,2026-09-25,https://www.lockheedmartin.com/en-us/careers/candidates/students-early-careers.html,linked_page,4,success_after_fallback
7b55bfd73ff8,2026-09-25,6f56721ec5b5,Lourdes Industries,https://lourdesinc.com/,https://lourdesinc.com/careers,Facilities Manufacturing Maintenance & EHS Supervisor -Aerospace,https://lourdesinc.com/careers/05a92983f176e193/facilities-manufacturing-maintenance-ehs-supervisor-aerospace,"📍 Hauppauge, NY",📍 Hauppauge,NY,United States,Not specified,,,,Space & Defense,2026-09-25,2026-09-25,https://lourdesinc.com/careers,known_careers_url,3,success
ac6ac155e05e,2026-09-25,6f56721ec5b5,Lourdes Industries,https://lourdesinc.com/,https://lourdesinc.com/careers,Mechanical Assembler - III--Aerospace,https://lourdesinc.com/careers/9dcd85a1be748d78/mechanical-assembler-iii-aerospace,"📍 Hauppauge, NY",📍 Hauppauge,NY,United States,Not specified,,,,Space & Defense,2026-09-25,2026-09-25,https://lourdesinc.com/careers,known_careers_url,3,success
25205774476d,2026-09-25,6f56721ec5b5,Lourdes Industries,https://lourdesinc.com/,https://lourdesinc.com/careers,QC Inspector I - Aerospace,https://lourdesinc.com/careers/077b4117e76426e7/qc-inspector-i-aerospace,"📍 Hauppauge, NY",📍 Hauppauge,NY,United States,Not specified,,,,Space & Defense,2026-09-25,2026-09-25,https://lourdesinc.com/careers,known_careers_url,3,success
c35bc1808cc8,2026-09-25,6f56721ec5b5,Lourdes Industries,https://lourdesinc.com/,https://lourdesinc.com/careers,QC Inspector II - Aerospace,https://lourdesinc.com/careers/6e6290c6cd68bd03/qc-inspector-ii-aerospace,"📍 Hauppauge, NY",📍 Hauppauge,NY,United States,Not specified,,,,Space & Defense,2026-09-25,2026-09-25,https://lourdesinc.com/careers,known_careers_url,3,success
fbf245b7cc8d,2026-09-25,ee835297a5f7,Magellan Aerospace,https://magellan.aero/,https://careers.magellan.aero/search?createNewAlert=false&q=&locationsearch=&optionsFacetsDD_department=,General Maintenance Technician,https://careers.magellan.aero/job/Winnipeg-General-Maintenance-Technician-MB-R3H-0S5/603025717,"Bohemia, NY, United States",Bohemia,NY,United States,Not specified,,,,Core Space,2026-09-25,2026-09-25,https://careers.magellan.aero/search?createNewAlert=false&q=&locationsearch=&optionsFacetsDD_department=,linked_page,4,success_after_fallback
8e2149985f05,2026-09-25,ee835297a5f7,Magellan Aerospace,https://magellan.aero/,https://careers.magellan.aero/search?createNewAlert=false&q=&locationsearch=&optionsFacetsDD_department=,Program Manager,https://careers.magellan.aero/job/Winnipeg-Program-Manager-MB-R3H-0S5/605613017,"Bohemia, NY, United States",Bohemia,NY,United States,Not specified,,,,Core Space,2026-09-25,2026-09-25,https://careers.magellan.aero/search?createNewAlert=false&q=&locationsearch=&optionsFacetsDD_department=,linked_page,4,success_after_fallback
bcac4269d7ca,2026-09-25,ee835297a5f7,Magellan Aerospace,https://magellan.aero/,https://careers.magellan.aero/search?createNewAlert=false&q=&locationsearch=&optionsFacetsDD_department=,Materials Control Manager,https://careers.magellan.aero/job/Mississauga-Materials-Control-Manager-ON-L4T-1A9/599540917,"Bohemia, NY, United States",Bohemia,NY,United States,Not specified,,,,Core Space,2026-09-25,2026-09-25,https://careers.magellan.aero/search?createNewAlert=false&q=&locationsearch=&optionsFacetsDD_department=,linked_page,4,success_after_fallback
14e59691fe4e,2026-09-25,ee835297a5f7,Magellan Aerospace,https://magellan.aero/,https://careers.magellan.aero/search?createNewAlert=false&q=&locationsearch=&optionsFacetsDD_department=,Saw Operator,https://careers.magellan.aero/job/Haley-Station-Saw-Operator-ON-K0J-1Y0/605532817,"Bohemia, NY, United States",Bohemia,NY,United States,Not specified,,,,Core Space,2026-09-25,2026-09-25,https://careers.magellan.aero/search?createNewAlert=false&q=&locationsearch=&optionsFacetsDD_department=,linked_page,4,success_after_fallback
ddff5f57f17a,2026-09-25,ee835297a5f7,Magellan Aerospace,https://magellan.aero/,https://careers.magellan.aero/search?createNewAlert=false&q=&locationsearch=&optionsFacetsDD_department=,Abrasive Blast Technician,https://careers.magellan.aero/job/West-Babylon-Abrasive-Blast-Technician-NY-11704/600351817,"Bohemia, NY, United States",Bohemia,NY,United States,Not specified,,,,Core Space,2026-09-25,2026-09-25,https://careers.magellan.aero/search?createNewAlert=false&q=&locationsearch=&optionsFacetsDD_department=,linked_page,4,success_after_fallback
657710b0595d,2026-09-25,ee835297a5f7,Magellan Aerospace,https://magellan.aero/,https://careers.magellan.aero/search?createNewAlert=false&q=&locationsearch=&optionsFacetsDD_department=,Manufacturing Engineer II (Welding),https://careers.magellan.aero/job/Middletown-Manufacturing-Engineer-II-%28Welding%29-OH-45042/606371617,"Bohemia, NY, United States",Bohemia,NY,United States,Not specified,,,,Core Space,2026-09-25,2026-09-25,https://careers.magellan.aero/search?createNewAlert=false&q=&locationsearch=&optionsFacetsDD_department=,linked_page,4,success_after_fallback
ec717ebe2e87,2026-09-25,c67c1581a301,Mini Circuits Brooklyn,https://www.minicircuits.com/,https://jobs.jobvite.com/mini-circuits/jobs/positions,Engineering Pipeline,https://jobs.jobvite.com/mini-circuits/jobs/pipeline,"Brooklyn, NY, United States",Brooklyn,NY,United States,Not specified,,,,Core Space,2026-09-25,2026-09-25,https://jobs.jobvite.com/mini-circuits/jobs/positions,known_careers_url,4,success
22bfa12958bf,2026-09-25,c67c1581a301,Mini Circuits Brooklyn,https://www.minicircuits.com/,https://jobs.jobvite.com/mini-circuits/jobs/positions,"Senior Manager - Engineering Services Full-Time Melville, New York",https://jobs.jobvite.com/mini-circuits/job/olPPAfwj,"Melville, New York",Melville,NY,United States,Not specified,,,,Core Space,2026-09-25,2026-09-25,https://jobs.jobvite.com/mini-circuits/jobs/positions,known_careers_url,4,success
9bb58627067b,2026-09-25,c67c1581a301,Mini Circuits Brooklyn,https://www.minicircuits.com/,https://jobs.jobvite.com/mini-circuits/jobs/positions,"PCB Designer II - MMIC Full-Time Melville, New York",https://jobs.jobvite.com/mini-circuits/job/ovBkAfwK,"Melville, New York",Melville,NY,United States,Not specified,,,,Core Space,2026-09-25,2026-09-25,https://jobs.jobvite.com/mini-circuits/jobs/positions,known_careers_url,4,success
ba065977f1ee,2026-09-25,c67c1581a301,Mini Circuits Brooklyn,https://www.minicircuits.com/,https://jobs.jobvite.com/mini-circuits/jobs/positions,"Senior RF Design Engineer - Core BU Full-Time Melville, New York",https://jobs.jobvite.com/mini-circuits/job/oiLQAfwd,"Melville, New York",Melville,NY,United States,Not specified,,,,Core Space,2026-09-25,2026-09-25,https://jobs.jobvite.com/mini-circuits/jobs/positions,known_careers_url,4,success
3e9f56e5a038,2026-09-25,c67c1581a301,Mini Circuits Brooklyn,https://www.minicircuits.com/,https://jobs.jobvite.com/mini-circuits/jobs/positions,"Product Marketing Engineer II - Core BU Full-Time Melville, New York",https://jobs.jobvite.com/mini-circuits/job/oXLQAfwS,"Melville, New York",Melville,NY,United States,Not specified,,,,Core Space,2026-09-25,2026-09-25,https://jobs.jobvite.com/mini-circuits/jobs/positions,known_careers_url,4,success
6e74b6f1efe0,2026-09-25,c67c1581a301,Mini Circuits Brooklyn,https://www.minicircuits.com/,https://jobs.jobvite.com/mini-circuits/jobs/positions,Field Applications Engineer - West Coast,https://jobs.jobvite.com/mini-circuits/job/o9l3zfwQ,"Remote, California",Remote,CA,United States,Remote,,,,Core Space,2026-09-25,2026-09-25,https://jobs.jobvite.com/mini-circuits/jobs/positions,known_careers_url,4,success
913280d599b2,2026-09-25,c67c1581a301,Mini Circuits Brooklyn,https://www.minicircuits.com/,https://jobs.jobvite.com/mini-circuits/jobs/positions,Field Applications Engineer NA Central,https://jobs.jobvite.com/mini-circuits/job/oaGmAfww,"Remote, New York",Remote,NY,United States,Remote,,,,Core Space,2026-09-25,2026-09-25,https://jobs.jobvite.com/mini-circuits/jobs/positions,known_careers_url,4,success
945cc4e177ae,2026-09-25,c67c1581a301,Mini Circuits Brooklyn,https://www.minicircuits.com/,https://jobs.jobvite.com/mini-circuits/jobs/positions,Engineering Micro-Assembler,https://jobs.jobvite.com/mini-circuits/job/o1zHAfwB,"Deer Park, New York",Deer Park,NY,United States,Not specified,,,,Core Space,2026-09-25,2026-09-25,https://jobs.jobvite.com/mini-circuits/jobs/positions,known_careers_url,4,success
ce59b6ee18c5,2026-09-25,c67c1581a301,Mini Circuits Brooklyn,https://www.minicircuits.com/,https://jobs.jobvite.com/mini-circuits/jobs/positions,RF Technician I,https://jobs.jobvite.com/mini-circuits/job/oq5vAfwk,"Deer Park, New York",Deer Park,NY,United States,Not specified,,,,Core Space,2026-09-25,2026-09-25,https://jobs.jobvite.com/mini-circuits/jobs/positions,known_careers_url,4,success
e45ae7610441,2026-09-25,c67c1581a301,Mini Circuits Brooklyn,https://www.minicircuits.com/,https://jobs.jobvite.com/mini-circuits/jobs/positions,RF Technician II/Team Lead,https://jobs.jobvite.com/mini-circuits/job/o8bKAfwn,"Deer Park, New York",Deer Park,NY,United States,Not specified,,,,Core Space,2026-09-25,2026-09-25,https://jobs.jobvite.com/mini-circuits/jobs/positions,known_careers_url,4,success
60930f7e9c32,2026-09-25,c67c1581a301,Mini Circuits Brooklyn,https://www.minicircuits.com/,https://jobs.jobvite.com/mini-circuits/jobs/positions,EHS Specialist,https://jobs.jobvite.com/mini-circuits/job/oERNAfwC,"Deer Park, New York",Deer Park,NY,United States,Not specified,,,,Core Space,2026-09-25,2026-09-25,https://jobs.jobvite.com/mini-circuits/jobs/positions,known_careers_url,4,success
3cab2ab376c8,2026-09-25,c67c1581a301,Mini Circuits Brooklyn,https://www.minicircuits.com/,https://jobs.jobvite.com/mini-circuits/jobs/positions,Senior Manager Environmental Health & Safety,https://jobs.jobvite.com/mini-circuits/job/od4qAfw1,"Brooklyn, NY, United States",Brooklyn,NY,United States,Not specified,,,,Core Space,2026-09-25,2026-09-25,https://jobs.jobvite.com/mini-circuits/jobs/positions,known_careers_url,4,success
c7a0482c8a6b,2026-09-25,c67c1581a301,Mini Circuits Brooklyn,https://www.minicircuits.com/,https://jobs.jobvite.com/mini-circuits/jobs/positions,Electrical Test Engineering Manager,https://jobs.jobvite.com/mini-circuits/job/oBMNAfwu,"Brooklyn, New York",Brooklyn,NY,United States,Not specified,,,,Core Space,2026-09-25,2026-09-25,https://jobs.jobvite.com/mini-circuits/jobs/positions,known_careers_url,4,success
16605ec4c643,2026-09-25,c67c1581a301,Mini Circuits Brooklyn,https://www.minicircuits.com/,https://jobs.jobvite.com/mini-circuits/jobs/positions,Product Engineer I/II,https://jobs.jobvite.com/mini-circuits/job/o2FJAfwK,"Hialeah, Florida",Hialeah,FL,United States,Not specified,,,,Core Space,2026-09-25,2026-09-25,https://jobs.jobvite.com/mini-circuits/jobs/positions,known_careers_url,4,success
7934ee5e1fe7,2026-09-25,c67c1581a301,Mini Circuits Brooklyn,https://www.minicircuits.com/,https://jobs.jobvite.com/mini-circuits/jobs/positions,Product Engineer Manager,https://jobs.jobvite.com/mini-circuits/job/omwuzfwF,"Hialeah, Florida",Hialeah,FL,United States,Not specified,,,,Core Space,2026-09-25,2026-09-25,https://jobs.jobvite.com/mini-circuits/jobs/positions,known_careers_url,4,success
cad7ef9c7bf2,2026-09-25,c67c1581a301,Mini Circuits Brooklyn,https://www.minicircuits.com/,https://jobs.jobvite.com/mini-circuits/jobs/positions,RF Design Engineer I,https://jobs.jobvite.com/mini-circuits/job/oaJjAfww,"Hialeah, Florida",Hialeah,FL,United States,Not specified,,,,Core Space,2026-09-25,2026-09-25,https://jobs.jobvite.com/mini-circuits/jobs/positions,known_careers_url,4,success
570244db8638,2026-09-25,c67c1581a301,Mini Circuits Brooklyn,https://www.minicircuits.com/,https://jobs.jobvite.com/mini-circuits/jobs/positions,RF Design Engineer I,https://jobs.jobvite.com/mini-circuits/job/oTpPAfwr,"Hialeah, Florida",Hialeah,FL,United States,Not specified,,,,Core Space,2026-09-25,2026-09-25,https://jobs.jobvite.com/mini-circuits/jobs/positions,known_careers_url,4,success
5c3c15bf9988,2026-09-25,c67c1581a301,Mini Circuits Brooklyn,https://www.minicircuits.com/,https://jobs.jobvite.com/mini-circuits/jobs/positions,RF Design Engineer I,https://jobs.jobvite.com/mini-circuits/job/oYpPAfww,"Hialeah, Florida",Hialeah,FL,United States,Not specified,,,,Core Space,2026-09-25,2026-09-25,https://jobs.jobvite.com/mini-circuits/jobs/positions,known_careers_url,4,success
fd6473f727d6,2026-09-25,c67c1581a301,Mini Circuits Brooklyn,https://www.minicircuits.com/,https://jobs.jobvite.com/mini-circuits/jobs/positions,Senior Manager of Design Engineering,https://jobs.jobvite.com/mini-circuits/job/ocTgvfwA,"Hialeah, Florida",Hialeah,FL,United States,Not specified,,,,Core Space,2026-09-25,2026-09-25,https://jobs.jobvite.com/mini-circuits/jobs/positions,known_careers_url,4,success
c1be9e5bdf5d,2026-09-25,c67c1581a301,Mini Circuits Brooklyn,https://www.minicircuits.com/,https://jobs.jobvite.com/mini-circuits/jobs/positions,Sr. Engineering Project Manager-Core BU,https://jobs.jobvite.com/mini-circuits/job/o9R8zfwr,"Melville, New York",Melville,NY,United States,Not specified,,,,Core Space,2026-09-25,2026-09-25,https://jobs.jobvite.com/mini-circuits/jobs/positions,known_careers_url,4,success
cced1bd3bb9a,2026-09-25,c67c1581a301,Mini Circuits Brooklyn,https://www.minicircuits.com/,https://jobs.jobvite.com/mini-circuits/jobs/positions,Engineering Manager,https://jobs.jobvite.com/mini-circuits/job/o856zfwC,"Melville, New York",Melville,NY,United States,Not specified,,,,Core Space,2026-09-25,2026-09-25,https://jobs.jobvite.com/mini-circuits/jobs/positions,known_careers_url,4,success
a156d077534b,2026-09-25,c67c1581a301,Mini Circuits Brooklyn,https://www.minicircuits.com/,https://jobs.jobvite.com/mini-circuits/jobs/positions,Principal Design Engineer,https://jobs.jobvite.com/mini-circuits/job/oML0zfwQ,"Carlsbad, California",Carlsbad,CA,United States,Not specified,,,,Core Space,2026-09-25,2026-09-25,https://jobs.jobvite.com/mini-circuits/jobs/positions,known_careers_url,4,success
ad4046e78f2f,2026-09-25,c67c1581a301,Mini Circuits Brooklyn,https://www.minicircuits.com/,https://jobs.jobvite.com/mini-circuits/jobs/positions,RF Test Engineer - MMIC,https://jobs.jobvite.com/mini-circuits/job/oaxwAfwx,"Carlsbad, California",Carlsbad,CA,United States,Not specified,,,,Core Space,2026-09-25,2026-09-25,https://jobs.jobvite.com/mini-circuits/jobs/positions,known_careers_url,4,success
fd3d8fef8262,2026-09-25,c67c1581a301,Mini Circuits Brooklyn,https://www.minicircuits.com/,https://jobs.jobvite.com/mini-circuits/jobs/positions,Sr. Packaging Engineer,https://jobs.jobvite.com/mini-circuits/job/oSaLAfw7,"Brooklyn, NY, United States",Brooklyn,NY,United States,Not specified,,,,Core Space,2026-09-25,2026-09-25,https://jobs.jobvite.com/mini-circuits/jobs/positions,known_careers_url,4,success
f58acd793692,2026-09-25,c67c1581a301,Mini Circuits Brooklyn,https://www.minicircuits.com/,https://jobs.jobvite.com/mini-circuits/jobs/positions,Development Test Engineer II,https://jobs.jobvite.com/mini-circuits/job/ofhVzfwK,"Brooklyn, New York",Brooklyn,NY,United States,Not specified,,,,Core Space,2026-09-25,2026-09-25,https://jobs.jobvite.com/mini-circuits/jobs/positions,known_careers_url,4,success
3a888e3d6aa2,2026-09-25,c67c1581a301,Mini Circuits Brooklyn,https://www.minicircuits.com/,https://jobs.jobvite.com/mini-circuits/jobs/positions,Senior Mechanical Design Engineer,https://jobs.jobvite.com/mini-circuits/job/ocdjAfw2,"Melville, New York",Melville,NY,United States,Not specified,,,,Core Space,2026-09-25,2026-09-25,https://jobs.jobvite.com/mini-circuits/jobs/positions,known_careers_url,4,success
d6bfe97ef334,2026-09-25,c67c1581a301,Mini Circuits Brooklyn,https://www.minicircuits.com/,https://jobs.jobvite.com/mini-circuits/jobs/positions,ERP Project Manager III,https://jobs.jobvite.com/mini-circuits/job/oQxPAfww,"Brooklyn, New York",Brooklyn,NY,United States,Not specified,,,,Core Space,2026-09-25,2026-09-25,https://jobs.jobvite.com/mini-circuits/jobs/positions,known_careers_url,4,success
e4379a06ee4a,2026-09-25,c67c1581a301,Mini Circuits Brooklyn,https://www.minicircuits.com/,https://jobs.jobvite.com/mini-circuits/jobs/positions,Manager - Global Supply Chain Systems,https://jobs.jobvite.com/mini-circuits/job/oydFAfwK,"Melville, New York",Melville,NY,United States,Not specified,,,,Core Space,2026-09-25,2026-09-25,https://jobs.jobvite.com/mini-circuits/jobs/positions,known_careers_url,4,success
37c7a9e0001d,2026-09-25,c67c1581a301,Mini Circuits Brooklyn,https://www.minicircuits.com/,https://jobs.jobvite.com/mini-circuits/jobs/positions,Technical Recruiter,https://jobs.jobvite.com/mini-circuits/job/oylEAfwR,"Melville, New York",Melville,NY,United States,Not specified,,,,Core Space,2026-09-25,2026-09-25,https://jobs.jobvite.com/mini-circuits/jobs/positions,known_careers_url,4,success
cb455cbd87fb,2026-09-25,c67c1581a301,Mini Circuits Brooklyn,https://www.minicircuits.com/,https://jobs.jobvite.com/mini-circuits/jobs/positions,Sr. Manager AI & Software Engineering,https://jobs.jobvite.com/mini-circuits/job/ofRFAfw5,"Melville, New York",Melville,NY,United States,Not specified,,,,Core Space,2026-09-25,2026-09-25,https://jobs.jobvite.com/mini-circuits/jobs/positions,known_careers_url,4,success
3b79409f6427,2026-09-25,c67c1581a301,Mini Circuits Brooklyn,https://www.minicircuits.com/,https://jobs.jobvite.com/mini-circuits/jobs/positions,Automation Systems Engineer II,https://jobs.jobvite.com/mini-circuits/job/oUNKyfwJ,"Brooklyn, New York",Brooklyn,NY,United States,Not specified,,,,Core Space,2026-09-25,2026-09-25,https://jobs.jobvite.com/mini-circuits/jobs/positions,known_careers_url,4,success
9d9a98d628aa,2026-09-25,c67c1581a301,Mini Circuits Brooklyn,https://www.minicircuits.com/,https://jobs.jobvite.com/mini-circuits/jobs/positions,Manufacturing Automation Technician,https://jobs.jobvite.com/mini-circuits/job/oFs4zfwu,"Brooklyn, New York",Brooklyn,NY,United States,Not specified,,,,Core Space,2026-09-25,2026-09-25,https://jobs.jobvite.com/mini-circuits/jobs/positions,known_careers_url,4,success
782fe4dfd6b3,2026-09-25,c67c1581a301,Mini Circuits Brooklyn,https://www.minicircuits.com/,https://jobs.jobvite.com/mini-circuits/jobs/positions,Operations Program Manager - Hi-Rel,https://jobs.jobvite.com/mini-circuits/job/oxyLAfwa,"Brooklyn, New York",Brooklyn,NY,United States,Not specified,,,,Core Space,2026-09-25,2026-09-25,https://jobs.jobvite.com/mini-circuits/jobs/positions,known_careers_url,4,success
c839efcea6da,2026-09-25,c67c1581a301,Mini Circuits Brooklyn,https://www.minicircuits.com/,https://jobs.jobvite.com/mini-circuits/jobs/positions,NA Operations Project Manager III,https://jobs.jobvite.com/mini-circuits/job/oMhWyfwh,"Brooklyn, NY, United States",Brooklyn,NY,United States,Not specified,,,,Core Space,2026-09-25,2026-09-25,https://jobs.jobvite.com/mini-circuits/jobs/positions,known_careers_url,4,success
62d3873f5a92,2026-09-25,c67c1581a301,Mini Circuits Brooklyn,https://www.minicircuits.com/,https://jobs.jobvite.com/mini-circuits/jobs/positions,SAP S/4HANA Supply Chain Functional Lead,https://jobs.jobvite.com/mini-circuits/job/ohpPAfwP,"Melville, New York",Melville,NY,United States,Not specified,,,,Core Space,2026-09-25,2026-09-25,https://jobs.jobvite.com/mini-circuits/jobs/positions,known_careers_url,4,success
d6ba4f131525,2026-09-25,c67c1581a301,Mini Circuits Brooklyn,https://www.minicircuits.com/,https://jobs.jobvite.com/mini-circuits/jobs/positions,SAP ERP Manager,https://jobs.jobvite.com/mini-circuits/job/ogUJzfwc,"Melville, New York",Melville,NY,United States,Not specified,,,,Core Space,2026-09-25,2026-09-25,https://jobs.jobvite.com/mini-circuits/jobs/positions,known_careers_url,4,success
1f5311b4790e,2026-09-25,c67c1581a301,Mini Circuits Brooklyn,https://www.minicircuits.com/,https://jobs.jobvite.com/mini-circuits/jobs/positions,SAP Finance (FICO) Solution Specialist,https://jobs.jobvite.com/mini-circuits/job/o4t2zfwS,"Melville, New York",Melville,NY,United States,Not specified,,,,Core Space,2026-09-25,2026-09-25,https://jobs.jobvite.com/mini-circuits/jobs/positions,known_careers_url,4,success
f2f0b0edb725,2026-09-25,c67c1581a301,Mini Circuits Brooklyn,https://www.minicircuits.com/,https://jobs.jobvite.com/mini-circuits/jobs/positions,SAP Master Data Solution Specialist,https://jobs.jobvite.com/mini-circuits/job/oK7LvfwR,"Melville, New York",Melville,NY,United States,Not specified,,,,Core Space,2026-09-25,2026-09-25,https://jobs.jobvite.com/mini-circuits/jobs/positions,known_careers_url,4,success
44cdc2499058,2026-09-25,c67c1581a301,Mini Circuits Brooklyn,https://www.minicircuits.com/,https://jobs.jobvite.com/mini-circuits/jobs/positions,SAP Sales and Distribution (SD) Solution Specialist,https://jobs.jobvite.com/mini-circuits/job/otlKAfwS,"Melville, New York",Melville,NY,United States,Not specified,,,,Core Space,2026-09-25,2026-09-25,https://jobs.jobvite.com/mini-circuits/jobs/positions,known_careers_url,4,success
5f3686a35033,2026-09-25,c67c1581a301,Mini Circuits Brooklyn,https://www.minicircuits.com/,https://jobs.jobvite.com/mini-circuits/jobs/positions,Regulatory Compliance & Sustainability Program Manager,https://jobs.jobvite.com/mini-circuits/job/ol5rAfwb,"Melville, New York",Melville,NY,United States,Not specified,,,,Core Space,2026-09-25,2026-09-25,https://jobs.jobvite.com/mini-circuits/jobs/positions,known_careers_url,4,success
77284f85f386,2026-09-25,c67c1581a301,Mini Circuits Brooklyn,https://www.minicircuits.com/,https://jobs.jobvite.com/mini-circuits/jobs/positions,Senior Reliability Technician,https://jobs.jobvite.com/mini-circuits/job/oRrrAfw3,"Brooklyn, New York",Brooklyn,NY,United States,Not specified,,,,Core Space,2026-09-25,2026-09-25,https://jobs.jobvite.com/mini-circuits/jobs/positions,known_careers_url,4,success
803b97524767,2026-09-25,c67c1581a301,Mini Circuits Brooklyn,https://www.minicircuits.com/,https://jobs.jobvite.com/mini-circuits/jobs/positions,Regional Sales Manager - NA Central,https://jobs.jobvite.com/mini-circuits/job/oj4bAfwS,"Brooklyn, NY, United States",Brooklyn,NY,United States,Not specified,,,,Core Space,2026-09-25,2026-09-25,https://jobs.jobvite.com/mini-circuits/jobs/positions,known_careers_url,4,success
dd051daf762f,2026-09-25,c67c1581a301,Mini Circuits Brooklyn,https://www.minicircuits.com/,https://jobs.jobvite.com/mini-circuits/jobs/positions,Sales Operations Director,https://jobs.jobvite.com/mini-circuits/job/oYvNzfwz,"Melville, New York",Melville,NY,United States,Not specified,,,,Core Space,2026-09-25,2026-09-25,https://jobs.jobvite.com/mini-circuits/jobs/positions,known_careers_url,4,success
4add009a0d64,2026-09-25,c67c1581a301,Mini Circuits Brooklyn,https://www.minicircuits.com/,https://jobs.jobvite.com/mini-circuits/jobs/positions,Level 2 Switch Assembly Operator,https://jobs.jobvite.com/mini-circuits/job/oAHkAfwV,"Brooklyn, New York",Brooklyn,NY,United States,Not specified,,,,Core Space,2026-09-25,2026-09-25,https://jobs.jobvite.com/mini-circuits/jobs/positions,known_careers_url,4,success
18c36172d44f,2026-09-25,c67c1581a301,Mini Circuits Brooklyn,https://www.minicircuits.com/,https://jobs.jobvite.com/mini-circuits,Senior Manager - Engineering Services,https://jobs.jobvite.com/mini-circuits/jobs/positions,"Brooklyn, NY, United States",Brooklyn,NY,United States,Not specified,,,,Core Space,2026-09-25,2026-09-25,https://jobs.jobvite.com/mini-circuits,ats_detected,4,success_after_fallback
6ecdf79b52b8,2026-09-25,c67c1581a301,Mini Circuits Brooklyn,https://www.minicircuits.com/,https://jobs.jobvite.com/mini-circuits/job/oN6PAfw2,HR Generalist,https://jobs.jobvite.com/mini-circuits/job/oN6PAfw2,"Hialeah, Florida, United States",Hialeah,FL,United States,Not specified,,,Human Resources,Core Space,2026-09-25,2026-09-25,https://jobs.jobvite.com/mini-circuits/job/oN6PAfw2,ats_detected,3,success_after_fallback
4faa91010b72,2026-09-25,6a2f5abb3318,North Atlantic Industries,https://www.naii.com/,https://www.naii.com/Opportunities,Qualification Test Technician,https://recruiting.paylocity.com/recruiting/jobs/Apply/4534925/North-Atlantic-Industries-Inc/Qualification-Test-Technician,"Bohemia, NY",Bohemia,NY,United States,Not specified,,,,Space & Defense,2026-09-25,2026-09-25,https://www.naii.com/Opportunities,linked_page,4,success_after_fallback
9031e497a642,2026-09-25,6a2f5abb3318,North Atlantic Industries,https://www.naii.com/,https://www.naii.com/Opportunities,Pcb Designer Iii Remote Us,https://recruiting.paylocity.com/recruiting/jobs/Apply/4532746/North-Atlantic-Industries-Inc/PCB-Designer-III-Remote---US,"Bohemia, NY, United States",Bohemia,NY,United States,Remote,,,,Space & Defense,2026-09-25,2026-09-25,https://www.naii.com/Opportunities,linked_page,4,success_after_fallback
b694e78957f2,2026-09-25,6a2f5abb3318,North Atlantic Industries,https://www.naii.com/,https://www.naii.com/Opportunities,Test Engineer I Software,https://recruiting.paylocity.com/recruiting/jobs/Apply/4523859/North-Atlantic-Industries-Inc/Test-Engineer-I---Software,"Bohemia, NY",Bohemia,NY,United States,Not specified,,,"oriented individual who can also work independently, has a deep understanding of",Space & Defense,2026-09-25,2026-09-25,https://www.naii.com/Opportunities,linked_page,4,success_after_fallback
3e66b7d91653,2026-09-25,6a2f5abb3318,North Atlantic Industries,https://www.naii.com/,https://www.naii.com/Opportunities,Intern Process Engineer,https://recruiting.paylocity.com/recruiting/jobs/Apply/4435511/North-Atlantic-Industries-Inc/Intern---Process-Engineer,"Rapid City, South Dakota",Rapid City,SD,United States,Not specified,,,,Space & Defense,2026-09-25,2026-09-25,https://www.naii.com/Opportunities,linked_page,4,success_after_fallback
0207cf69ad6b,2026-09-25,6a2f5abb3318,North Atlantic Industries,https://www.naii.com/,https://www.naii.com/Opportunities,Electrical Engineer Sustaining,https://recruiting.paylocity.com/recruiting/jobs/Apply/4504096/North-Atlantic-Industries-Inc/Electrical-Engineer-Sustaining,"Bohemia, NY",Bohemia,NY,United States,Not specified,,,,Space & Defense,2026-09-25,2026-09-25,https://www.naii.com/Opportunities,linked_page,4,success_after_fallback
e8e642db6621,2026-09-25,6a2f5abb3318,North Atlantic Industries,https://www.naii.com/,https://www.naii.com/Opportunities,Intern Quality Engineer Summer,https://recruiting.paylocity.com/recruiting/jobs/Apply/4501218/North-Atlantic-Industries-Inc/Intern---Quality-Engineer-Summer-2027,"Bohemia, NY",Bohemia,NY,United States,Not specified,,,,Space & Defense,2026-09-25,2026-09-25,https://www.naii.com/Opportunities,linked_page,4,success_after_fallback
b6a05b4913d3,2026-09-25,6a2f5abb3318,North Atlantic Industries,https://www.naii.com/,https://www.naii.com/Opportunities,Intern Software Engineer Summer,https://recruiting.paylocity.com/recruiting/jobs/Apply/4501273/North-Atlantic-Industries-Inc/Intern---Software-Engineer-Summer-2027,"Bohemia, NY",Bohemia,NY,United States,Not specified,,,,Space & Defense,2026-09-25,2026-09-25,https://www.naii.com/Opportunities,linked_page,4,success_after_fallback
4480a229021f,2026-09-25,6a2f5abb3318,North Atlantic Industries,https://www.naii.com/,https://www.naii.com/Opportunities,Intern Test Engineer Summer,https://recruiting.paylocity.com/recruiting/jobs/Apply/4501298/North-Atlantic-Industries-Inc/Intern---Test-Engineer-Summer-2027,"Bohemia, NY",Bohemia,NY,United States,Not specified,,,,Space & Defense,2026-09-25,2026-09-25,https://www.naii.com/Opportunities,linked_page,4,success_after_fallback
eb900bc7440b,2026-09-25,6a2f5abb3318,North Atlantic Industries,https://www.naii.com/,https://www.naii.com/Opportunities,Intern Electrical Design Engineer Summer,https://recruiting.paylocity.com/recruiting/jobs/Apply/4501330/North-Atlantic-Industries-Inc/Intern---Electrical-Design-Engineer-Summer-2027,"Bohemia, NY",Bohemia,NY,United States,Not specified,,,,Space & Defense,2026-09-25,2026-09-25,https://www.naii.com/Opportunities,linked_page,4,success_after_fallback
77d2cdb3c175,2026-09-25,6a2f5abb3318,North Atlantic Industries,https://www.naii.com/,https://www.naii.com/Opportunities,Intern Mechanical Engineer Summer,https://recruiting.paylocity.com/recruiting/jobs/Apply/4501357/North-Atlantic-Industries-Inc/Intern---Mechanical-Engineer-Summer-2027,"Bohemia, NY",Bohemia,NY,United States,Not specified,,,,Space & Defense,2026-09-25,2026-09-25,https://www.naii.com/Opportunities,linked_page,4,success_after_fallback
d4841176ca11,2026-09-25,6a2f5abb3318,North Atlantic Industries,https://www.naii.com/,https://www.naii.com/Opportunities,Intern Electrical Engineer Power Summer,https://recruiting.paylocity.com/recruiting/jobs/Apply/4501161/North-Atlantic-Industries-Inc/Intern---Electrical-Engineer-Power-Summer-2027,"Bohemia, NY",Bohemia,NY,United States,Not specified,,,,Space & Defense,2026-09-25,2026-09-25,https://www.naii.com/Opportunities,linked_page,4,success_after_fallback
6a57a7d2b3cd,2026-09-25,6a2f5abb3318,North Atlantic Industries,https://www.naii.com/,https://www.naii.com/Opportunities,Intern Manufacturing Engineer Summer,https://recruiting.paylocity.com/recruiting/jobs/Apply/4501124/North-Atlantic-Industries-Inc/Intern---Manufacturing-Engineer-Summer-2027,"Bohemia, NY",Bohemia,NY,United States,Not specified,,,,Space & Defense,2026-09-25,2026-09-25,https://www.naii.com/Opportunities,linked_page,4,success_after_fallback
40a9bbf7978f,2026-09-25,6a2f5abb3318,North Atlantic Industries,https://www.naii.com/,https://www.naii.com/Opportunities,Intern Full Stack Software Engineer Summer,https://recruiting.paylocity.com/recruiting/jobs/Apply/4501054/North-Atlantic-Industries-Inc/Intern---Full-Stack-Software-Engineer-Summer-2027,"Bohemia, NY",Bohemia,NY,United States,Not specified,,,,Space & Defense,2026-09-25,2026-09-25,https://www.naii.com/Opportunities,linked_page,4,success_after_fallback
14a55e91f06e,2026-09-25,6a2f5abb3318,North Atlantic Industries,https://www.naii.com/,https://www.naii.com/Opportunities,Intern Test Automation Engineer Summer,https://recruiting.paylocity.com/recruiting/jobs/Apply/4501024/North-Atlantic-Industries-Inc/Intern---Test-Automation-Engineer-Summer-2027,"Bohemia, NY",Bohemia,NY,United States,Not specified,,,,Space & Defense,2026-09-25,2026-09-25,https://www.naii.com/Opportunities,linked_page,4,success_after_fallback
124c612d24af,2026-09-25,6a2f5abb3318,North Atlantic Industries,https://www.naii.com/,https://www.naii.com/Opportunities,Intern Software Engineer Fall,https://recruiting.paylocity.com/recruiting/jobs/Apply/4450421/North-Atlantic-Industries-Inc/Intern---Software-Engineer-Fall-2026,"Bohemia, NY",Bohemia,NY,United States,Not specified,,,,Space & Defense,2026-09-25,2026-09-25,https://www.naii.com/Opportunities,linked_page,4,success_after_fallback
54ad688d63fc,2026-09-25,6a2f5abb3318,North Atlantic Industries,https://www.naii.com/,https://www.naii.com/Opportunities,Intern Full Stack Software Engineer Fall,https://recruiting.paylocity.com/recruiting/jobs/Apply/4450017/North-Atlantic-Industries-Inc/Intern---Full-Stack-Software-Engineer-Fall-2026,"Bohemia, NY",Bohemia,NY,United States,Not specified,,,,Space & Defense,2026-09-25,2026-09-25,https://www.naii.com/Opportunities,linked_page,4,success_after_fallback
45efdd2e7f6e,2026-09-25,6a2f5abb3318,North Atlantic Industries,https://www.naii.com/,https://www.naii.com/Opportunities,Electronics Applications Engineer Ii Hybrid,https://recruiting.paylocity.com/recruiting/jobs/Apply/4450709/North-Atlantic-Industries-Inc/Electronics-Applications-Engineer-II-Hybrid,"Bohemia, NY",Bohemia,NY,United States,Hybrid,,,,Space & Defense,2026-09-25,2026-09-25,https://www.naii.com/Opportunities,linked_page,4,success_after_fallback
9b4fc5c16628,2026-09-25,6a2f5abb3318,North Atlantic Industries,https://www.naii.com/,https://www.naii.com/Opportunities,Electronics Technician Ii,https://recruiting.paylocity.com/recruiting/jobs/Apply/4479256/North-Atlantic-Industries-Inc/Electronics-Technician-II,"Bohemia, NY",Bohemia,NY,United States,Not specified,,,,Space & Defense,2026-09-25,2026-09-25,https://www.naii.com/Opportunities,linked_page,4,success_after_fallback
5a4a9777ff8d,2026-09-25,6a2f5abb3318,North Atlantic Industries,https://www.naii.com/,https://www.naii.com/Opportunities,Mechanical Engineer Ii Electronics Packaging Thermal Design,https://recruiting.paylocity.com/recruiting/jobs/Apply/4438131/North-Atlantic-Industries-Inc/Mechanical-Engineer-II---Electronics-Packaging-Thermal-Design,"Bohemia, NY",Bohemia,NY,United States,Not specified,,,,Space & Defense,2026-09-25,2026-09-25,https://www.naii.com/Opportunities,linked_page,4,success_after_fallback
8d12cdb46525,2026-09-25,6a2f5abb3318,North Atlantic Industries,https://www.naii.com/,https://www.naii.com/Opportunities,Manufacturing Engineer I,https://recruiting.paylocity.com/recruiting/jobs/Apply/4450727/North-Atlantic-Industries-Inc/Manufacturing-Engineer-I,"Bohemia, NY",Bohemia,NY,United States,Not specified,,,,Space & Defense,2026-09-25,2026-09-25,https://www.naii.com/Opportunities,linked_page,4,success_after_fallback
81f6f90a85f7,2026-09-25,6a2f5abb3318,North Atlantic Industries,https://www.naii.com/,https://www.naii.com/Opportunities,Intern Electrical Engineer Test Systems Fall,https://recruiting.paylocity.com/recruiting/jobs/Apply/4450195/North-Atlantic-Industries-Inc/Intern---Electrical-Engineer-Test-Systems-Fall-2026,"Bohemia, NY",Bohemia,NY,United States,Not specified,,,,Space & Defense,2026-09-25,2026-09-25,https://www.naii.com/Opportunities,linked_page,4,success_after_fallback
1d50b7362d2c,2026-09-25,6a2f5abb3318,North Atlantic Industries,https://www.naii.com/,https://www.naii.com/Opportunities,Intern It Helpdesk Tech Fall,https://recruiting.paylocity.com/recruiting/jobs/Apply/4399410/North-Atlantic-Industries-Inc/Intern-IT-Helpdesk-Tech-Fall-2026,"Bohemia, NY",Bohemia,NY,United States,Not specified,,,,Space & Defense,2026-09-25,2026-09-25,https://www.naii.com/Opportunities,linked_page,4,success_after_fallback
3ad5459ef57e,2026-09-25,6a2f5abb3318,North Atlantic Industries,https://www.naii.com/,https://www.naii.com/Opportunities,Electronics Power Technician Ii,https://recruiting.paylocity.com/recruiting/jobs/Apply/4458207/North-Atlantic-Industries-Inc/Electronics-Power-Technician-II,"Bohemia, NY",Bohemia,NY,United States,Not specified,,,,Space & Defense,2026-09-25,2026-09-25,https://www.naii.com/Opportunities,linked_page,4,success_after_fallback
06bb9876fe36,2026-09-25,6a2f5abb3318,North Atlantic Industries,https://www.naii.com/,https://www.naii.com/Opportunities,Electronics Technician I,https://recruiting.paylocity.com/recruiting/jobs/Apply/4438944/North-Atlantic-Industries-Inc/Electronics-Technician-I,"Bohemia, NY",Bohemia,NY,United States,Not specified,,,,Space & Defense,2026-09-25,2026-09-25,https://www.naii.com/Opportunities,linked_page,4,success_after_fallback
92f6025efe59,2026-09-25,6a2f5abb3318,North Atlantic Industries,https://www.naii.com/,https://www.naii.com/Opportunities,Quality Assurance Engineer I,https://recruiting.paylocity.com/recruiting/jobs/Apply/4450692/North-Atlantic-Industries-Inc/Quality-Assurance-Engineer-I,"Bohemia, NY",Bohemia,NY,United States,Not specified,,,,Space & Defense,2026-09-25,2026-09-25,https://www.naii.com/Opportunities,linked_page,4,success_after_fallback
b2c5bb0b2c7b,2026-09-25,6a2f5abb3318,North Atlantic Industries,https://www.naii.com/,https://www.naii.com/Opportunities,Npi Smt Process Engineer,https://recruiting.paylocity.com/recruiting/jobs/Apply/4438125/North-Atlantic-Industries-Inc/NPI-SMT-Process-Engineer,"Bohemia, NY",Bohemia,NY,United States,Not specified,,,,Space & Defense,2026-09-25,2026-09-25,https://www.naii.com/Opportunities,linked_page,4,success_after_fallback
a1c7ee93d80e,2026-09-25,0197a4411659,RCM Engineering,https://rcmengineeringgroup.com/,https://jobs.rcmhealthcare.com/,Technician Asheville North Carolina,https://jobs.rcmhealthcare.com/job/335267-technician-asheville-north-carolina,"West Sayville, NY, United States",West Sayville,NY,United States,Not specified,,,,Aerospace,2026-09-25,2026-09-25,https://jobs.rcmhealthcare.com/,linked_page,4,success_after_fallback
523ecfa5a17c,2026-09-25,0939c3d7e29f,Saab Group,https://www.saab.com/,https://www.saab.com/career/job-opportunities,Contract Quality Manager Saab Dynamics ﻿,https://www.saab.com/career/job-opportunities/contract-quality-manager-saab-dynamics,"East Syracuse, NY, United States",East Syracuse,NY,United States,Not specified,,,,Space & Defense,2026-09-25,2026-09-25,https://www.saab.com/career/job-opportunities,known_careers_url,3,success
a9e58e72a200,2026-09-25,0939c3d7e29f,Saab Group,https://www.saab.com/,https://saabgroup.wd116.myworkdayjobs.com/Saab_careers/job/Linkping---Gelbgjutaregatan-2/Leveranskoordinator_REQ_45243-1/apply,Leveranskoordinator,https://saabgroup.wd116.myworkdayjobs.com/Saab_careers/job/Linkping---Gelbgjutaregatan-2/Leveranskoordinator_REQ_45243-1/apply,"East Syracuse, NY, United States",East Syracuse,NY,United States,Not specified,,,,Space & Defense,2026-09-25,2026-09-25,https://saabgroup.wd116.myworkdayjobs.com/Saab_careers/job/Linkping---Gelbgjutaregatan-2/Leveranskoordinator_REQ_45243-1/apply,ats_detected,3,success_after_fallback
77ec40a036b8,2026-09-25,0939c3d7e29f,Saab Group,https://www.saab.com/,https://saabgroup.wd116.myworkdayjobs.com/Saab_careers/job/Linkping---Civila-vgen/Head-of-Prime-Support---Planning---GlobalEye_REQ_45285/apply,Head of Prime Support &amp; Planning - GlobalEye,https://saabgroup.wd116.myworkdayjobs.com/Saab_careers/job/Linkping---Civila-vgen/Head-of-Prime-Support---Planning---GlobalEye_REQ_45285/apply,"LinkÃ¶ping - Civila vÃ¤gen, Sweden",LinkÃ¶ping - Civila vÃ¤gen,,Sweden,Not specified,,,,Space & Defense,2026-09-25,2026-09-25,https://saabgroup.wd116.myworkdayjobs.com/Saab_careers/job/Linkping---Civila-vgen/Head-of-Prime-Support---Planning---GlobalEye_REQ_45285/apply,ats_detected,3,success_after_fallback
37353dcaf680,2026-09-25,0939c3d7e29f,Saab Group,https://www.saab.com/,https://www.saab.com/career/job-opportunities/project-manager-integrated-logistic-support--saab-surveillance,Project Manager Integrated Logistic Support Saab Surveillance Req,https://saabgroup.wd116.myworkdayjobs.com/Saab_careers/job/Halmstad---Transportvgen-2/Project-Manager-Integrated-Logistic-Support---Saab-Surveillance_REQ_45684/apply,"East Syracuse, NY, United States",East Syracuse,NY,United States,Not specified,,,,Space & Defense,2026-09-25,2026-09-25,https://www.saab.com/career/job-opportunities/project-manager-integrated-logistic-support--saab-surveillance,linked_page,4,success_after_fallback
ee1ffa4bea49,2026-09-25,f03e06478cda,Safran Aerosystems,https://www.safran-group.com/companies/safran-aerosystems-oxygen,https://www.safran-group.com/jobs,Safran Electrical & Power,https://www.safran-group.com/jobs/france/chauray/ingenieur-methodes-fh-178056,"Chauray, Nouvelle Aquitaine, France",Chauray,Nouvelle Aquitaine,France,Not specified,,,,Aerospace,2026-09-25,2026-09-25,https://www.safran-group.com/jobs,common_path,3,success_after_fallback
c03905857a84,2026-09-25,f03e06478cda,Safran Aerosystems,https://www.safran-group.com/companies/safran-aerosystems-oxygen,https://www.safran-group.com/jobs,"Professional, Engineer & Manager",https://www.safran-group.com/jobs/france/corbeil-essonnes/cadre-comptable-confirme-e-fh-172588,"Corbeil-essonnes, Ile de France, France",Corbeil-essonnes,Ile de France,France,Not specified,,,,Aerospace,2026-09-25,2026-09-25,https://www.safran-group.com/jobs,common_path,3,success_after_fallback
cfd49c38c647,2026-09-25,f03e06478cda,Safran Aerosystems,https://www.safran-group.com/companies/safran-aerosystems-oxygen,https://www.safran-group.com/jobs,EDL Technician Dress Cover-Patternmaker,https://www.safran-group.com/jobs/united-states/gainesville/edl-technician-dress-coverpatternmaker-181338,"Gainesville, Texas, United States",Gainesville,TX,United States,Not specified,,,,Aerospace,2026-09-25,2026-09-25,https://www.safran-group.com/jobs,common_path,3,success_after_fallback
7e040fb13a5e,2026-09-25,f03e06478cda,Safran Aerosystems,https://www.safran-group.com/companies/safran-aerosystems-oxygen,https://www.safran-group.com/jobs,"Professional, Engineer & Manager",https://www.safran-group.com/jobs/france/bordeaux/che-fe-projet-infrastructure-aws-fh-181430,"Bordeaux, Nouvelle Aquitaine, France",Bordeaux,Nouvelle Aquitaine,France,Not specified,,,,Aerospace,2026-09-25,2026-09-25,https://www.safran-group.com/jobs,common_path,3,success_after_fallback
90b15128290f,2026-09-25,f03e06478cda,Safran Aerosystems,https://www.safran-group.com/companies/safran-aerosystems-oxygen,https://www.safran-group.com/jobs,Tech Lead CRM Dynamics 365 – Référent Technique & Exploitation F-H,https://www.safran-group.com/jobs/france/corbeil-essonnes/tech-lead-crm-dynamics-365-fh-181289,"Corbeil-essonnes, Ile de France, France",Corbeil-essonnes,Ile de France,France,Not specified,,,,Aerospace,2026-09-25,2026-09-25,https://www.safran-group.com/jobs,common_path,3,success_after_fallback
a59f68f24605,2026-09-25,f03e06478cda,Safran Aerosystems,https://www.safran-group.com/companies/safran-aerosystems-oxygen,https://www.safran-group.com/jobs,Warehouse Specialist 1-3,https://www.safran-group.com/jobs/united-states/everett/warehouse-specialist-1-3-162652,"Everett, Washington, United States",Everett,WA,United States,Not specified,,,,Aerospace,2026-09-25,2026-09-25,https://www.safran-group.com/jobs,common_path,3,success_after_fallback
1169441cf9b5,2026-09-25,f03e06478cda,Safran Aerosystems,https://www.safran-group.com/companies/safran-aerosystems-oxygen,https://www.safran-group.com/jobs,Fabrication Assembler Lead,https://www.safran-group.com/jobs/united-states/everett/production-lead-163291,"Everett, Washington, United States",Everett,WA,United States,Not specified,,,,Aerospace,2026-09-25,2026-09-25,https://www.safran-group.com/jobs,common_path,3,success_after_fallback
5e7f35429128,2026-09-25,f03e06478cda,Safran Aerosystems,https://www.safran-group.com/companies/safran-aerosystems-oxygen,https://www.safran-group.com/jobs,Northwest Aerospace Technologies,https://www.safran-group.com/jobs/united-states/everett/fabricator-assembler-1-3-163368,"Everett, Washington, United States",Everett,WA,United States,Not specified,,,,Aerospace,2026-09-25,2026-09-25,https://www.safran-group.com/jobs,common_path,3,success_after_fallback
f840ec02de19,2026-09-25,f03e06478cda,Safran Aerosystems,https://www.safran-group.com/companies/safran-aerosystems-oxygen,https://www.safran-group.com/jobs,"Professional, Engineer & Manager",https://www.safran-group.com/jobs/france/plaisir/responsable-commercial-fh-181993,"Plaisir, Ile de France, France",Plaisir,Ile de France,France,Not specified,,,,Aerospace,2026-09-25,2026-09-25,https://www.safran-group.com/jobs,common_path,3,success_after_fallback
e5e7c43edc5e,2026-09-25,f03e06478cda,Safran Aerosystems,https://www.safran-group.com/companies/safran-aerosystems-oxygen,https://www.safran-group.com/jobs,"Professional, Engineer & Manager",https://www.safran-group.com/jobs/france/velizy-villacoublay/ingenieur-e-etudes-mecanique-equipe-support-service-pole-boeing-fh-181862,"Vélizy-villacoublay, Ile de France, France",Vélizy-villacoublay,Ile de France,France,Not specified,,,,Aerospace,2026-09-25,2026-09-25,https://www.safran-group.com/jobs,common_path,3,success_after_fallback
e01e1f377b4d,2026-09-25,f03e06478cda,Safran Aerosystems,https://www.safran-group.com/companies/safran-aerosystems-oxygen,https://www.safran-group.com/jobs,"Professional, Engineer & Manager",https://www.safran-group.com/jobs/france/fougeres/ingenieur-e-expert-procedes-assemblage-electronique-international-fh-181665,"Fougeres, Bretagne, France",Fougeres,Bretagne,France,Not specified,,,,Aerospace,2026-09-25,2026-09-25,https://www.safran-group.com/jobs,common_path,3,success_after_fallback
a6ef8de54a9f,2026-09-25,fdb04d86542a,SRI International,https://www.sri.com/,https://careers-sri.icims.com/jobs/search?ss=1&hashed=-625949242,Title University of Michigan Career Event-Intern Opportunities,https://careers-sri.icims.com/jobs/6514/university-of-michigan-career-event-intern-opportunities/job,"Manhattan, NY, United States",Manhattan,NY,United States,Not specified,,,,Core Space,2026-09-25,2026-09-25,https://careers-sri.icims.com/jobs/search?ss=1&hashed=-625949242,ats_detected,5,success_after_fallback
5a5ead3f5966,2026-09-25,fdb04d86542a,SRI International,https://www.sri.com/,https://careers-sri.icims.com/jobs/search?ss=1&hashed=-625949242,Title Mechanical Engineer,https://careers-sri.icims.com/jobs/6513/mechanical-engineer/job,"Manhattan, NY, United States",Manhattan,NY,United States,Not specified,,,,Core Space,2026-09-25,2026-09-25,https://careers-sri.icims.com/jobs/search?ss=1&hashed=-625949242,ats_detected,5,success_after_fallback
5ab516230871,2026-09-25,fdb04d86542a,SRI International,https://www.sri.com/,https://careers-sri.icims.com/jobs/search?ss=1&hashed=-625949242,Title Sr Mechanical Engineer,https://careers-sri.icims.com/jobs/6512/sr-mechanical-engineer/job,"Manhattan, NY, United States",Manhattan,NY,United States,Not specified,,,,Core Space,2026-09-25,2026-09-25,https://careers-sri.icims.com/jobs/search?ss=1&hashed=-625949242,ats_detected,5,success_after_fallback
a1e77fd4437a,2026-09-25,fdb04d86542a,SRI International,https://www.sri.com/,https://careers-sri.icims.com/jobs/search?ss=1&hashed=-625949242,Title Literacy Research Associate,https://careers-sri.icims.com/jobs/6510/literacy-research-associate/job,"Manhattan, NY, United States",Manhattan,NY,United States,Remote,,,,Core Space,2026-09-25,2026-09-25,https://careers-sri.icims.com/jobs/search?ss=1&hashed=-625949242,ats_detected,5,success_after_fallback
b8b52146fd76,2026-09-25,fdb04d86542a,SRI International,https://www.sri.com/,https://careers-sri.icims.com/jobs/search?ss=1&hashed=-625949242,Title Venture Director,https://careers-sri.icims.com/jobs/6507/venture-director/job,"Manhattan, NY, United States",Manhattan,NY,United States,Remote,,,,Core Space,2026-09-25,2026-09-25,https://careers-sri.icims.com/jobs/search?ss=1&hashed=-625949242,ats_detected,5,success_after_fallback
de7482eb276a,2026-09-25,fdb04d86542a,SRI International,https://www.sri.com/,https://careers-sri.icims.com/jobs/search?ss=1&hashed=-625949242,Title Postdoctoral Fellow - Applied & Computational Scientists,https://careers-sri.icims.com/jobs/6506/postdoctoral-fellow---applied-%26-computational-scientists/job,"Manhattan, NY, United States",Manhattan,NY,United States,Not specified,,,,Core Space,2026-09-25,2026-09-25,https://careers-sri.icims.com/jobs/search?ss=1&hashed=-625949242,ats_detected,5,success_after_fallback
102c7b6f9f5f,2026-09-25,fdb04d86542a,SRI International,https://www.sri.com/,https://careers-sri.icims.com/jobs/search?ss=1&hashed=-625949242,Title Research Engineer I / II - Embedded Development Engineer,https://careers-sri.icims.com/jobs/6505/research-engineer-i---ii---embedded-development-engineer/job,"Manhattan, NY, United States",Manhattan,NY,United States,Remote,,,,Core Space,2026-09-25,2026-09-25,https://careers-sri.icims.com/jobs/search?ss=1&hashed=-625949242,ats_detected,5,success_after_fallback
65c4b06b9d52,2026-09-25,fdb04d86542a,SRI International,https://www.sri.com/,https://careers-sri.icims.com/jobs/search?ss=1&hashed=-625949242,Title Bioscience Research Associate I/II,https://careers-sri.icims.com/jobs/6466/bioscience-research-associate-i-ii/job,"Manhattan, NY, United States",Manhattan,NY,United States,Not specified,,,,Core Space,2026-09-25,2026-09-25,https://careers-sri.icims.com/jobs/search?ss=1&hashed=-625949242,ats_detected,5,success_after_fallback
dc33c273dc33,2026-09-25,fdb04d86542a,SRI International,https://www.sri.com/,https://careers-sri.icims.com/jobs/search?ss=1&hashed=-625949242,"Title Wafer Fab Operations Technicians (Machine Operations, Production Technicians)",https://careers-sri.icims.com/jobs/6465/wafer-fab-operations-technicians-%28machine-operations%2c-production-technicians%29/job,"Manhattan, NY, United States",Manhattan,NY,United States,On-site,,,,Core Space,2026-09-25,2026-09-25,https://careers-sri.icims.com/jobs/search?ss=1&hashed=-625949242,ats_detected,5,success_after_fallback
eb1fccc6f78a,2026-09-25,fdb04d86542a,SRI International,https://www.sri.com/,https://careers-sri.icims.com/jobs/search?ss=1&hashed=-625949242,Title Chemical Safety Engineer (Semiconductor),https://careers-sri.icims.com/jobs/6464/chemical-safety-engineer-%28semiconductor%29/job,"Manhattan, NY, United States",Manhattan,NY,United States,Not specified,,,,Core Space,2026-09-25,2026-09-25,https://careers-sri.icims.com/jobs/search?ss=1&hashed=-625949242,ats_detected,5,success_after_fallback
c0b92987ee7c,2026-09-25,fdb04d86542a,SRI International,https://www.sri.com/,https://careers-sri.icims.com/jobs/search?ss=1&hashed=-625949242,"Title Project Manager, Early Career, 60% travel",https://careers-sri.icims.com/jobs/6463/project-manager%2c-early-career%2c-60%25-travel/job,"Manhattan, NY, United States",Manhattan,NY,United States,Not specified,,,,Core Space,2026-09-25,2026-09-25,https://careers-sri.icims.com/jobs/search?ss=1&hashed=-625949242,ats_detected,5,success_after_fallback
31cfda380bd1,2026-09-25,fdb04d86542a,SRI International,https://www.sri.com/,https://careers-sri.icims.com/jobs/search?ss=1&hashed=-625949242,Title Research Engineer – Semiconductor Materials,https://careers-sri.icims.com/jobs/6460/research-engineer-%e2%80%93-semiconductor-materials/job,"Manhattan, NY, United States",Manhattan,NY,United States,Not specified,,,,Core Space,2026-09-25,2026-09-25,https://careers-sri.icims.com/jobs/search?ss=1&hashed=-625949242,ats_detected,5,success_after_fallback
0b2f87b7a4da,2026-09-25,fdb04d86542a,SRI International,https://www.sri.com/,https://careers-sri.icims.com/jobs/search?ss=1&hashed=-625949242,Title Sr Research Engineer - RF & Systems Engineer,https://careers-sri.icims.com/jobs/6458/sr-research-engineer---rf-%26-systems-engineer/job,"Manhattan, NY, United States",Manhattan,NY,United States,Remote,,,,Core Space,2026-09-25,2026-09-25,https://careers-sri.icims.com/jobs/search?ss=1&hashed=-625949242,ats_detected,5,success_after_fallback
af0dace94594,2026-09-25,fdb04d86542a,SRI International,https://www.sri.com/,https://careers-sri.icims.com/jobs/search?ss=1&hashed=-625949242,"Title Research Engineer II/III - FPGA, real-time and HPC code development (C programming)",https://careers-sri.icims.com/jobs/6457/research-engineer-ii-iii---fpga%2c-real-time-and-hpc-code-development-%28c-programming%29/job,"Manhattan, NY, United States",Manhattan,NY,United States,Remote,,,,Core Space,2026-09-25,2026-09-25,https://careers-sri.icims.com/jobs/search?ss=1&hashed=-625949242,ats_detected,5,success_after_fallback
5807c791eaa5,2026-09-25,fdb04d86542a,SRI International,https://www.sri.com/,https://careers-sri.icims.com/jobs/search?ss=1&hashed=-625949242,Title Sales and Operations Coordinator,https://careers-sri.icims.com/jobs/6455/sales-and-operations-coordinator/job,"Manhattan, NY, United States",Manhattan,NY,United States,Remote,,,,Core Space,2026-09-25,2026-09-25,https://careers-sri.icims.com/jobs/search?ss=1&hashed=-625949242,ats_detected,5,success_after_fallback
c44ad4764b51,2026-09-25,fdb04d86542a,SRI International,https://www.sri.com/,https://careers-sri.icims.com/jobs/search?ss=1&hashed=-625949242,Title Principal Image Sensor Development Engineer,https://careers-sri.icims.com/jobs/6448/principal-image-sensor-development-engineer/job,"Manhattan, NY, United States",Manhattan,NY,United States,Not specified,,,,Core Space,2026-09-25,2026-09-25,https://careers-sri.icims.com/jobs/search?ss=1&hashed=-625949242,ats_detected,5,success_after_fallback
28df1f4c1bd9,2026-09-25,fdb04d86542a,SRI International,https://www.sri.com/,https://careers-sri.icims.com/jobs/search?ss=1&hashed=-625949242,Title IC Layout Engineer III,https://careers-sri.icims.com/jobs/6445/ic-layout-engineer-iii/job,"Manhattan, NY, United States",Manhattan,NY,United States,Not specified,,,,Core Space,2026-09-25,2026-09-25,https://careers-sri.icims.com/jobs/search?ss=1&hashed=-625949242,ats_detected,5,success_after_fallback
83cd75cf6b13,2026-09-25,fdb04d86542a,SRI International,https://www.sri.com/,https://careers-sri.icims.com/jobs/search?ss=1&hashed=-625949242,Title Associate Contracts Officer,https://careers-sri.icims.com/jobs/6443/associate-contracts-officer/job,"Manhattan, NY, United States",Manhattan,NY,United States,Remote,,,,Core Space,2026-09-25,2026-09-25,https://careers-sri.icims.com/jobs/search?ss=1&hashed=-625949242,ats_detected,5,success_after_fallback
6f88f052d223,2026-09-25,fdb04d86542a,SRI International,https://www.sri.com/,https://careers-sri.icims.com/jobs/search?ss=1&hashed=-625949242,Title Analog IC Design Engineer,https://careers-sri.icims.com/jobs/6441/analog-ic-design-engineer/job,"Manhattan, NY, United States",Manhattan,NY,United States,Not specified,,,,Core Space,2026-09-25,2026-09-25,https://careers-sri.icims.com/jobs/search?ss=1&hashed=-625949242,ats_detected,5,success_after_fallback
4d7d959e3ed1,2026-09-25,fdb04d86542a,SRI International,https://www.sri.com/,https://careers-sri.icims.com/jobs/search?ss=1&hashed=-625949242,"Title Research Scientist, electron beam lithography",https://careers-sri.icims.com/jobs/6440/research-scientist%2c-electron-beam-lithography/job,"Manhattan, NY, United States",Manhattan,NY,United States,On-site,,,,Core Space,2026-09-25,2026-09-25,https://careers-sri.icims.com/jobs/search?ss=1&hashed=-625949242,ats_detected,5,success_after_fallback
64b737edd5d0,2026-09-25,fdb04d86542a,SRI International,https://www.sri.com/,https://careers-sri.icims.com/jobs/search?ss=1&hashed=-625949242,Title Test Engineers I,https://careers-sri.icims.com/jobs/6439/test-engineers-i/job,"Manhattan, NY, United States",Manhattan,NY,United States,Not specified,,,,Core Space,2026-09-25,2026-09-25,https://careers-sri.icims.com/jobs/search?ss=1&hashed=-625949242,ats_detected,5,success_after_fallback
6d3d0ab8b735,2026-09-25,fdb04d86542a,SRI International,https://www.sri.com/,https://careers-sri.icims.com/jobs/search?ss=1&hashed=-625949242,Title Sr. Photonics Research Engineer,https://careers-sri.icims.com/jobs/6436/sr.-photonics-research-engineer/job,"Manhattan, NY, United States",Manhattan,NY,United States,On-site,,,,Core Space,2026-09-25,2026-09-25,https://careers-sri.icims.com/jobs/search?ss=1&hashed=-625949242,ats_detected,5,success_after_fallback
fd4e35a63d72,2026-09-25,fdb04d86542a,SRI International,https://www.sri.com/,https://careers-sri.icims.com/jobs/search?ss=1&hashed=-625949242,Title Materials Research Scientist/Engineer,https://careers-sri.icims.com/jobs/6428/materials-research-scientist-engineer/job,"Manhattan, NY, United States",Manhattan,NY,United States,Not specified,,,,Core Space,2026-09-25,2026-09-25,https://careers-sri.icims.com/jobs/search?ss=1&hashed=-625949242,ats_detected,5,success_after_fallback
6a229b52cf25,2026-09-25,fdb04d86542a,SRI International,https://www.sri.com/,https://careers-sri.icims.com/jobs/search?ss=1&hashed=-625949242,Title Robotics Software Engineer - II/III,https://careers-sri.icims.com/jobs/6427/robotics-software-engineer---ii-iii/job,"Manhattan, NY, United States",Manhattan,NY,United States,On-site,,,,Core Space,2026-09-25,2026-09-25,https://careers-sri.icims.com/jobs/search?ss=1&hashed=-625949242,ats_detected,5,success_after_fallback
95b1d44347a2,2026-09-25,fdb04d86542a,SRI International,https://www.sri.com/,https://careers-sri.icims.com/jobs/search?ss=1&hashed=-625949242,Title Sr Research Engineer-RF,https://careers-sri.icims.com/jobs/6407/sr-research-engineer-rf/job,"Manhattan, NY, United States",Manhattan,NY,United States,Remote,,,,Core Space,2026-09-25,2026-09-25,https://careers-sri.icims.com/jobs/search?ss=1&hashed=-625949242,ats_detected,5,success_after_fallback
8135fc124960,2026-09-25,fdb04d86542a,SRI International,https://www.sri.com/,https://careers-sri.icims.com/jobs/search?ss=1&hashed=-625949242,Title Sr Research Engineer-Project Principal Investigator - RF,https://careers-sri.icims.com/jobs/6406/sr-research-engineer-project-principal-investigator---rf/job,"Manhattan, NY, United States",Manhattan,NY,United States,Remote,,,,Core Space,2026-09-25,2026-09-25,https://careers-sri.icims.com/jobs/search?ss=1&hashed=-625949242,ats_detected,5,success_after_fallback
fc661e612cd6,2026-09-25,fdb04d86542a,SRI International,https://www.sri.com/,https://careers-sri.icims.com/jobs/search?ss=1&hashed=-625949242,Title Research Engineer II/III - RF Hardware,https://careers-sri.icims.com/jobs/6405/research-engineer-ii-iii---rf-hardware/job,"Manhattan, NY, United States",Manhattan,NY,United States,Remote,,,,Core Space,2026-09-25,2026-09-25,https://careers-sri.icims.com/jobs/search?ss=1&hashed=-625949242,ats_detected,5,success_after_fallback
f5c85183bee4,2026-09-25,fdb04d86542a,SRI International,https://www.sri.com/,https://careers-sri.icims.com/jobs/search?ss=1&hashed=-625949242,Title IC Design Engineer III,https://careers-sri.icims.com/jobs/6403/ic-design-engineer-iii/job,"Manhattan, NY, United States",Manhattan,NY,United States,Not specified,,,,Core Space,2026-09-25,2026-09-25,https://careers-sri.icims.com/jobs/search?ss=1&hashed=-625949242,ats_detected,5,success_after_fallback
4a918651f386,2026-09-25,fdb04d86542a,SRI International,https://www.sri.com/,https://careers-sri.icims.com/jobs/search?ss=1&hashed=-625949242,Title Wafer Fab Process Engineer,https://careers-sri.icims.com/jobs/6395/wafer-fab-process-engineer/job,"Manhattan, NY, United States",Manhattan,NY,United States,Not specified,,,,Core Space,2026-09-25,2026-09-25,https://careers-sri.icims.com/jobs/search?ss=1&hashed=-625949242,ats_detected,5,success_after_fallback
57bb35df9988,2026-09-25,fdb04d86542a,SRI International,https://www.sri.com/,https://careers-sri.icims.com/jobs/search?ss=1&hashed=-625949242,Title Sr Research Engineer-Project Principal Investigator,https://careers-sri.icims.com/jobs/6377/sr-research-engineer-project-principal-investigator/job,"Manhattan, NY, United States",Manhattan,NY,United States,Remote,,,,Core Space,2026-09-25,2026-09-25,https://careers-sri.icims.com/jobs/search?ss=1&hashed=-625949242,ats_detected,5,success_after_fallback
0bec5a533ca5,2026-09-25,fdb04d86542a,SRI International,https://www.sri.com/,https://careers-sri.icims.com/jobs/search?ss=1&hashed=-625949242,Title IC Design Engineer IV,https://careers-sri.icims.com/jobs/6367/ic-design-engineer-iv/job,"Manhattan, NY, United States",Manhattan,NY,United States,Not specified,,,,Core Space,2026-09-25,2026-09-25,https://careers-sri.icims.com/jobs/search?ss=1&hashed=-625949242,ats_detected,5,success_after_fallback
9b94ba03fc5f,2026-09-25,fdb04d86542a,SRI International,https://www.sri.com/,https://careers-sri.icims.com/jobs/search?ss=1&hashed=-625949242,Title Electronics Design Engineer,https://careers-sri.icims.com/jobs/6365/electronics-design-engineer/job,"Manhattan, NY, United States",Manhattan,NY,United States,Not specified,,,,Core Space,2026-09-25,2026-09-25,https://careers-sri.icims.com/jobs/search?ss=1&hashed=-625949242,ats_detected,5,success_after_fallback
14e6108fd230,2026-09-25,fdb04d86542a,SRI International,https://www.sri.com/,https://careers-sri.icims.com/jobs/search?ss=1&hashed=-625949242,"Title Test Engineer - Analog, ATE",https://careers-sri.icims.com/jobs/6325/test-engineer---analog%2c-ate/job,"Manhattan, NY, United States",Manhattan,NY,United States,Not specified,,,,Core Space,2026-09-25,2026-09-25,https://careers-sri.icims.com/jobs/search?ss=1&hashed=-625949242,ats_detected,5,success_after_fallback
5211adaa3359,2026-09-25,fdb04d86542a,SRI International,https://www.sri.com/,https://careers-sri.icims.com/jobs/search?ss=1&hashed=-625949242,Title Photonics Research Engineer III,https://careers-sri.icims.com/jobs/6320/photonics-research-engineer-iii/job,"Manhattan, NY, United States",Manhattan,NY,United States,On-site,,,,Core Space,2026-09-25,2026-09-25,https://careers-sri.icims.com/jobs/search?ss=1&hashed=-625949242,ats_detected,5,success_after_fallback
fc84266c0fdd,2026-09-25,fdb04d86542a,SRI International,https://www.sri.com/,https://careers-sri.icims.com/jobs/search?ss=1&hashed=-625949242,Title Manufacturing Technicians,https://careers-sri.icims.com/jobs/6254/manufacturing-technicians/job,"Manhattan, NY, United States",Manhattan,NY,United States,Not specified,,,,Core Space,2026-09-25,2026-09-25,https://careers-sri.icims.com/jobs/search?ss=1&hashed=-625949242,ats_detected,5,success_after_fallback
3cba8fa61a3a,2026-09-25,e04ea6a314c3,Vishay Americas,https://www.vishay.com/,https://jobs.vishay.com/career-areas,Operator 2 Tape Reel,https://jobs.vishay.com/jobs/operator-2-tape-reel,"Niagara Falls, NY, United States of America",Niagara Falls,NY,United States,Not specified,,,,Core Space,2026-09-25,2026-09-25,https://jobs.vishay.com/career-areas,linked_page,3,success_after_fallback
209cc0bddc12,2026-09-25,e04ea6a314c3,Vishay Americas,https://www.vishay.com/,https://jobs.vishay.com/career-areas,Senior Cost Analyst,https://jobs.vishay.com/jobs/senior-cost-analyst,"Durango, MX, Mexico",Durango,MX,Mexico,Not specified,,,,Core Space,2026-09-25,2026-09-25,https://jobs.vishay.com/career-areas,linked_page,3,success_after_fallback
b03e61f09608,2026-09-25,e04ea6a314c3,Vishay Americas,https://www.vishay.com/,https://jobs.vishay.com/jobs/hr-coordinator,Hr Coordinator Jr,https://vishay.wd3.myworkdayjobs.com/VishayCareers/job/Beer-Sheva-IL/HR-Coordinator_JR-19407/apply,"Niagara Falls, NY, United States",Niagara Falls,NY,United States,Not specified,,,,Core Space,2026-09-25,2026-09-25,https://jobs.vishay.com/jobs/hr-coordinator,linked_page,4,success_after_fallback
3e1382b76cac,2026-09-25,e04ea6a314c3,Vishay Americas,https://www.vishay.com/,https://vishay.wd3.myworkdayjobs.com/VishayCareers/job/Itzehoe-DE/XMLNAME--Junior--Controller--m-w-d-_JR-19172-1/apply,(Junior) Controller (m/w/d),https://vishay.wd3.myworkdayjobs.com/VishayCareers/job/Itzehoe-DE/XMLNAME--Junior--Controller--m-w-d-_JR-19172-1/apply,"Itzehoe, DE, Germany",Itzehoe,DE,Germany,Not specified,,,,Core Space,2026-09-25,2026-09-25,https://vishay.wd3.myworkdayjobs.com/VishayCareers/job/Itzehoe-DE/XMLNAME--Junior--Controller--m-w-d-_JR-19172-1/apply,ats_detected,3,success_after_fallback
1e50b649a780,2026-09-25,e04ea6a314c3,Vishay Americas,https://www.vishay.com/,https://vishay.wd3.myworkdayjobs.com/VishayCareers/job/Ave-De-Las-Torres-1950-Col-Torres-Del-Sur-CP-32970-Ciudad-Juarez-Chih/XMLNAME-236-Tecnico-de-mantenimiento--Tercer-turno-_JR-20508/apply,236 Tecnico de mantenimiento (Tercer turno),https://vishay.wd3.myworkdayjobs.com/VishayCareers/job/Ave-De-Las-Torres-1950-Col-Torres-Del-Sur-CP-32970-Ciudad-Juarez-Chih/XMLNAME-236-Tecnico-de-mantenimiento--Tercer-turno-_JR-20508/apply,"Niagara Falls, NY, United States",Niagara Falls,NY,United States,Not specified,,,,Core Space,2026-09-25,2026-09-25,https://vishay.wd3.myworkdayjobs.com/VishayCareers/job/Ave-De-Las-Torres-1950-Col-Torres-Del-Sur-CP-32970-Ciudad-Juarez-Chih/XMLNAME-236-Tecnico-de-mantenimiento--Tercer-turno-_JR-20508/apply,ats_detected,3,success_after_fallback
886abad21824,2026-09-25,1c2b4e10bf58,Wallaroo AI,https://wallaroo.ai/,https://www.jobvite.com/,TA Leader,https://www.jobvite.com/solutions/role/talent-acquisition-leader,"Manhattan, NY, United States",Manhattan,NY,United States,Not specified,,,,Core Space,2026-09-25,2026-09-25,https://www.jobvite.com/,ats_detected,4,success_after_fallback
fcec0899c79f,2026-09-25,1c2b4e10bf58,Wallaroo AI,https://wallaroo.ai/,https://www.jobvite.com/,HR Leader,https://www.jobvite.com/solutions/role/hr-leader,"Manhattan, NY, United States",Manhattan,NY,United States,Not specified,,,,Core Space,2026-09-25,2026-09-25,https://www.jobvite.com/,ats_detected,4,success_after_fallback
bc3248fdbd4f,2026-09-25,1c2b4e10bf58,Wallaroo AI,https://wallaroo.ai/,https://www.jobvite.com/,IT Manager,https://www.jobvite.com/solutions/role/it,"Manhattan, NY, United States",Manhattan,NY,United States,Not specified,,,,Core Space,2026-09-25,2026-09-25,https://www.jobvite.com/,ats_detected,4,success_after_fallback
