job_id,snapshot_date,company_id,company_name,company_website,careers_url,job_title,job_url,location,city,state,country,remote,salary_min,salary_max,department,category,date_found,last_seen_at,source_url,discovery_method,job_confidence_score,status
1825ecf3f257,2026-08-28,a3c0ab6694be,Bluefors Inc.,https://bluefors.com/,https://careers.bluefors.com/jobs/8237894-job-fair-8-27-2026,Job Fair 8/27/2026,https://careers.bluefors.com/jobs/8237894-job-fair-8-27-2026,"Syracuse, NY, United States",Syracuse,NY,United States,Not specified,,,,Core Space,2026-08-28,2026-08-28,https://careers.bluefors.com/jobs/8237894-job-fair-8-27-2026,linked_page,3,success_after_fallback
5b544f66d3fc,2026-08-28,a3c0ab6694be,Bluefors Inc.,https://bluefors.com/,https://careers.bluefors.com/jobs,Maintenance Technician,https://careers.bluefors.com/jobs/8287991-maintenance-technician,"Syracuse, NY, United States",Syracuse,NY,United States,Not specified,,,,Core Space,2026-08-28,2026-08-28,https://careers.bluefors.com/jobs,linked_page,4,success_after_fallback
7fbf8402e6be,2026-08-28,a3c0ab6694be,Bluefors Inc.,https://bluefors.com/,https://careers.bluefors.com/jobs,Radio Frequency Engineer – Quantum & Measurement (Fixed-Term),https://careers.bluefors.com/jobs/8282628-radio-frequency-engineer-quantum-measurement-fixed-term,Hybrid,,,,Hybrid,,,,Core Space,2026-08-28,2026-08-28,https://careers.bluefors.com/jobs,linked_page,4,success_after_fallback
ede31c521720,2026-08-28,a3c0ab6694be,Bluefors Inc.,https://bluefors.com/,https://careers.bluefors.com/jobs,Engineering Technician – R&D,https://careers.bluefors.com/jobs/8280448-engineering-technician-r-d,"Syracuse, NY, United States",Syracuse,NY,United States,Not specified,,,,Core Space,2026-08-28,2026-08-28,https://careers.bluefors.com/jobs,linked_page,4,success_after_fallback
215ba270929b,2026-08-28,a3c0ab6694be,Bluefors Inc.,https://bluefors.com/,https://careers.bluefors.com/jobs,Mechanical Engineer,https://careers.bluefors.com/jobs/8280256-mechanical-engineer,"Syracuse, NY, United States",Syracuse,NY,United States,Not specified,,,,Core Space,2026-08-28,2026-08-28,https://careers.bluefors.com/jobs,linked_page,4,success_after_fallback
105164451c73,2026-08-28,a3c0ab6694be,Bluefors Inc.,https://bluefors.com/,https://careers.bluefors.com/jobs,Account Associate,https://careers.bluefors.com/jobs/8269204-account-associate,"Syracuse, NY, United States",Syracuse,NY,United States,Not specified,,,,Core Space,2026-08-28,2026-08-28,https://careers.bluefors.com/jobs,linked_page,4,success_after_fallback
2d6a54da39ee,2026-08-28,a3c0ab6694be,Bluefors Inc.,https://bluefors.com/,https://careers.bluefors.com/jobs,Packaging & Crating Technician I,https://careers.bluefors.com/jobs/8269063-packaging-crating-technician-i,"Syracuse, NY, United States",Syracuse,NY,United States,Not specified,,,,Core Space,2026-08-28,2026-08-28,https://careers.bluefors.com/jobs,linked_page,4,success_after_fallback
aa697e1fabb6,2026-08-28,a3c0ab6694be,Bluefors Inc.,https://bluefors.com/,https://careers.bluefors.com/jobs,Senior Sales Analyst,https://careers.bluefors.com/jobs/8263617-senior-sales-analyst,Hybrid,,,,Hybrid,,,,Core Space,2026-08-28,2026-08-28,https://careers.bluefors.com/jobs,linked_page,4,success_after_fallback
6947ed3c2ca3,2026-08-28,a3c0ab6694be,Bluefors Inc.,https://bluefors.com/,https://careers.bluefors.com/jobs,"Manufacturing Associate, Machine Shop",https://careers.bluefors.com/jobs/8262797-manufacturing-associate-machine-shop,"Syracuse, NY, United States",Syracuse,NY,United States,Not specified,,,,Core Space,2026-08-28,2026-08-28,https://careers.bluefors.com/jobs,linked_page,4,success_after_fallback
695f3907b22c,2026-08-28,a3c0ab6694be,Bluefors Inc.,https://bluefors.com/,https://careers.bluefors.com/jobs,Technical Sales Lead,https://careers.bluefors.com/jobs/8254898-technical-sales-lead,"Syracuse, NY, United States",Syracuse,NY,United States,Not specified,,,,Core Space,2026-08-28,2026-08-28,https://careers.bluefors.com/jobs,linked_page,4,success_after_fallback
b135afe961df,2026-08-28,a3c0ab6694be,Bluefors Inc.,https://bluefors.com/,https://careers.bluefors.com/jobs,Manufacturing Associate (Second Shift),https://careers.bluefors.com/jobs/8250373-manufacturing-associate-second-shift,"Syracuse, NY, United States",Syracuse,NY,United States,Not specified,,,,Core Space,2026-08-28,2026-08-28,https://careers.bluefors.com/jobs,linked_page,4,success_after_fallback
64cb776284e0,2026-08-28,a3c0ab6694be,Bluefors Inc.,https://bluefors.com/,https://careers.bluefors.com/jobs,Operations and Supply Chain,https://careers.bluefors.com/jobs/8241888-strategic-buyer,"Syracuse, NY, United States",Syracuse,NY,United States,Not specified,,,,Core Space,2026-08-28,2026-08-28,https://careers.bluefors.com/jobs,linked_page,4,success_after_fallback
8acad2b94319,2026-08-28,a3c0ab6694be,Bluefors Inc.,https://bluefors.com/,https://careers.bluefors.com/jobs,Shipping Coordinator,https://careers.bluefors.com/jobs/8237875-shipping-coordinator,"Syracuse, NY, United States",Syracuse,NY,United States,Not specified,,,,Core Space,2026-08-28,2026-08-28,https://careers.bluefors.com/jobs,linked_page,4,success_after_fallback
30f6f44e3b72,2026-08-28,a3c0ab6694be,Bluefors Inc.,https://bluefors.com/,https://careers.bluefors.com/jobs,Technical Sales Manager,https://careers.bluefors.com/jobs/8231513-technical-sales-manager,"Syracuse, NY, United States",Syracuse,NY,United States,Not specified,,,,Core Space,2026-08-28,2026-08-28,https://careers.bluefors.com/jobs,linked_page,4,success_after_fallback
57a0dbfdc8e4,2026-08-28,a3c0ab6694be,Bluefors Inc.,https://bluefors.com/,https://careers.bluefors.com/jobs,Accounting Associate,https://careers.bluefors.com/jobs/8224975-accounting-associate,"Syracuse, NY, United States",Syracuse,NY,United States,Not specified,,,,Core Space,2026-08-28,2026-08-28,https://careers.bluefors.com/jobs,linked_page,4,success_after_fallback
54ff67f5275f,2026-08-28,a3c0ab6694be,Bluefors Inc.,https://bluefors.com/,https://careers.bluefors.com/jobs,Manufacturing Associate: BTA Assembler,https://careers.bluefors.com/jobs/8190303-manufacturing-associate-bta-assembler,"Syracuse, NY, United States",Syracuse,NY,United States,Not specified,,,,Core Space,2026-08-28,2026-08-28,https://careers.bluefors.com/jobs,linked_page,4,success_after_fallback
5bc16c4b4fe7,2026-08-28,a3c0ab6694be,Bluefors Inc.,https://bluefors.com/,https://careers.bluefors.com/jobs,Manufacturing Associate: Compressor Assembly,https://careers.bluefors.com/jobs/8190267-manufacturing-associate-compressor-assembly,"Syracuse, NY, United States",Syracuse,NY,United States,Not specified,,,,Core Space,2026-08-28,2026-08-28,https://careers.bluefors.com/jobs,linked_page,4,success_after_fallback
fd3748e6d18d,2026-08-28,49a10cfcff0c,AIP Publishing,https://publishing.aip.org/,https://job-boards.greenhouse.io/aippublishing,Sr Peer Review Specialist,https://job-boards.greenhouse.io/aippublishing/jobs/6166603004,"Remote - NY, NJ, CT, MD, VA, PA, MA, RI or Washington, DC",Remote - NY,NJ,United States,Remote,,,,Core Space,2026-08-28,2026-08-28,https://job-boards.greenhouse.io/aippublishing,known_careers_url,5,success
44b6c278841b,2026-08-28,49a10cfcff0c,AIP Publishing,https://publishing.aip.org/,https://job-boards.greenhouse.io/aippublishing,Cloud Infrastructure Engineer,https://job-boards.greenhouse.io/aippublishing/jobs/6144177004,"Remote - NY, NJ, CT, MD, VA, PA, MA, RI or Washington, DC",Remote - NY,NJ,United States,Remote,,,,Core Space,2026-08-28,2026-08-28,https://job-boards.greenhouse.io/aippublishing,known_careers_url,5,success
1a3ad1837653,2026-08-28,0c237be7f93d,Applied Visions,https://www.avi.com/,https://app.trinethire.com/companies/1321-the-applied-visions-companies-applied-visions-software-design-solutions/jobs,Electrical Engineer,https://app.trinethire.com/companies/1321-applied-visions-software-design-solutions/jobs/121839-electrical-engineer,"Clifton Park, NY, United States",Clifton Park,NY,United States,Not specified,,,,Aerospace,2026-08-28,2026-08-28,https://app.trinethire.com/companies/1321-the-applied-visions-companies-applied-visions-software-design-solutions/jobs,linked_page,4,success_after_fallback
cb371e86cd3d,2026-08-28,0c237be7f93d,Applied Visions,https://www.avi.com/,https://app.trinethire.com/companies/1321-the-applied-visions-companies-applied-visions-software-design-solutions/jobs,Director of Engineering,https://app.trinethire.com/companies/1321-applied-visions-software-design-solutions/jobs/118815-director-of-engineering,"Clifton Park, NY, United States",Clifton Park,NY,United States,Not specified,,,,Aerospace,2026-08-28,2026-08-28,https://app.trinethire.com/companies/1321-the-applied-visions-companies-applied-visions-software-design-solutions/jobs,linked_page,4,success_after_fallback
61417aaf893b,2026-08-28,0c237be7f93d,Applied Visions,https://www.avi.com/,https://app.trinethire.com/companies/1321-the-applied-visions-companies-applied-visions-software-design-solutions/jobs,Director of Product Management,https://app.trinethire.com/companies/1321-applied-visions-software-design-solutions/jobs/120485-director-of-product-management,"Clifton Park, NY, United States",Clifton Park,NY,United States,Not specified,,,,Aerospace,2026-08-28,2026-08-28,https://app.trinethire.com/companies/1321-the-applied-visions-companies-applied-visions-software-design-solutions/jobs,linked_page,4,success_after_fallback
0ac45e64ecd0,2026-08-28,0c237be7f93d,Applied Visions,https://www.avi.com/,https://app.trinethire.com/companies/1321-the-applied-visions-companies-applied-visions-software-design-solutions/jobs,Applied Visions Software Design Solutions,https://app.trinethire.com/companies/1321-applied-visions-software-design-solutions/jobs/120013-machinist-prototype-machining-3-month-contract,"Clifton Park, NY, United States",Clifton Park,NY,United States,Not specified,,,,Aerospace,2026-08-28,2026-08-28,https://app.trinethire.com/companies/1321-the-applied-visions-companies-applied-visions-software-design-solutions/jobs,linked_page,4,success_after_fallback
873a8c5d3c48,2026-08-28,405cf37b5e7d,Arkwin Industries,https://www.arkwin.com/,https://www.arkwin.com/job/senior-design-engineer-3,Senior Design Engineer,https://www.arkwin.com/job/senior-design-engineer-3,"Bethpage, NY",Bethpage,NY,United States,Not specified,,,,Space & Defense,2026-08-28,2026-08-28,https://www.arkwin.com/job/senior-design-engineer-3,linked_page,3,success_after_fallback
973ecca02f98,2026-08-28,405cf37b5e7d,Arkwin Industries,https://www.arkwin.com/,https://www.arkwin.com/job/quality-engineer-2,Quality Engineer,https://www.arkwin.com/job/quality-engineer-2,"Bethpage, NY",Bethpage,NY,United States,Not specified,,,,Space & Defense,2026-08-28,2026-08-28,https://www.arkwin.com/job/quality-engineer-2,linked_page,3,success_after_fallback
27443147dc30,2026-08-28,405cf37b5e7d,Arkwin Industries,https://www.arkwin.com/,https://www.arkwin.com/job/business-development-manager,Business Development Manager,https://www.arkwin.com/job/business-development-manager,"Bethpage, NY",Bethpage,NY,United States,Not specified,,,,Space & Defense,2026-08-28,2026-08-28,https://www.arkwin.com/job/business-development-manager,linked_page,3,success_after_fallback
f398e8e870ff,2026-08-28,405cf37b5e7d,Arkwin Industries,https://www.arkwin.com/,https://www.arkwin.com/job/business-unit-manager-4,Business Unit Manager,https://www.arkwin.com/job/business-unit-manager-4,"Bethpage, NY",Bethpage,NY,United States,Not specified,,,,Space & Defense,2026-08-28,2026-08-28,https://www.arkwin.com/job/business-unit-manager-4,linked_page,3,success_after_fallback
8dda5fe97d2c,2026-08-28,405cf37b5e7d,Arkwin Industries,https://www.arkwin.com/,https://www.arkwin.com/job/customer-account-manager-9,Customer Account Manager,https://www.arkwin.com/job/customer-account-manager-9,"Bethpage, NY",Bethpage,NY,United States,Not specified,,,,Space & Defense,2026-08-28,2026-08-28,https://www.arkwin.com/job/customer-account-manager-9,linked_page,3,success_after_fallback
234058d2f490,2026-08-28,f7b8731a7e71,ASR International,https://www.asrintl.com/,https://asrinternationalcorp.applytojob.com/apply/jobs,Inventory Specialist,https://asrinternationalcorp.applytojob.com/apply/jobs/details/SE42q9itOE,"Minden, NV",Minden,NV,United States,Not specified,,,,Space & Defense,2026-08-28,2026-08-28,https://asrinternationalcorp.applytojob.com/apply/jobs,known_careers_url,4,success
d9d06315290c,2026-08-28,f7b8731a7e71,ASR International,https://www.asrintl.com/,https://asrinternationalcorp.applytojob.com/apply/jobs,Configuration Manager,https://asrinternationalcorp.applytojob.com/apply/jobs/details/8P5k3ffLoW,"MacDill AFB, FL",MacDill AFB,FL,United States,Not specified,,,,Space & Defense,2026-08-28,2026-08-28,https://asrinternationalcorp.applytojob.com/apply/jobs,known_careers_url,4,success
1607117b0a47,2026-08-28,f7b8731a7e71,ASR International,https://www.asrintl.com/,https://asrinternationalcorp.applytojob.com/apply/jobs,IT Asset Manager,https://asrinternationalcorp.applytojob.com/apply/jobs/details/VzwN3Vnbws,"MacDill AFB, FL",MacDill AFB,FL,United States,Not specified,,,,Space & Defense,2026-08-28,2026-08-28,https://asrinternationalcorp.applytojob.com/apply/jobs,known_careers_url,4,success
04099190582d,2026-08-28,f7b8731a7e71,ASR International,https://www.asrintl.com/,https://asrinternationalcorp.applytojob.com/apply/jobs,Senior Configuration Manager,https://asrinternationalcorp.applytojob.com/apply/jobs/details/R8fgQykTyg,"MacDill AFB, FL",MacDill AFB,FL,United States,Not specified,,,,Space & Defense,2026-08-28,2026-08-28,https://asrinternationalcorp.applytojob.com/apply/jobs,known_careers_url,4,success
26c8fc694e6b,2026-08-28,f7b8731a7e71,ASR International,https://www.asrintl.com/,https://asrinternationalcorp.applytojob.com/apply/jobs,Civil Engineer,https://asrinternationalcorp.applytojob.com/apply/jobs/details/4EwkxN1ubg,"Silverdale, WA",Silverdale,WA,United States,Not specified,,,,Space & Defense,2026-08-28,2026-08-28,https://asrinternationalcorp.applytojob.com/apply/jobs,known_careers_url,4,success
2197f386d265,2026-08-28,f7b8731a7e71,ASR International,https://www.asrintl.com/,https://asrinternationalcorp.applytojob.com/apply/jobs,Electrical Engineer,https://asrinternationalcorp.applytojob.com/apply/jobs/details/ZLuDtwfZhZ,"Silverdale, WA",Silverdale,WA,United States,Not specified,,,,Space & Defense,2026-08-28,2026-08-28,https://asrinternationalcorp.applytojob.com/apply/jobs,known_careers_url,4,success
96cc8aca75f1,2026-08-28,f7b8731a7e71,ASR International,https://www.asrintl.com/,https://asrinternationalcorp.applytojob.com/apply/jobs,Fire Protection Engineer,https://asrinternationalcorp.applytojob.com/apply/jobs/details/AbPsOo11Oe,"Silverdale, WA",Silverdale,WA,United States,Not specified,,,,Space & Defense,2026-08-28,2026-08-28,https://asrinternationalcorp.applytojob.com/apply/jobs,known_careers_url,4,success
3877182c7709,2026-08-28,f7b8731a7e71,ASR International,https://www.asrintl.com/,https://asrinternationalcorp.applytojob.com/apply/jobs,Geotechnical Engineer,https://asrinternationalcorp.applytojob.com/apply/jobs/details/iyeZrOpeMV,"Silverdale, WA",Silverdale,WA,United States,Not specified,,,,Space & Defense,2026-08-28,2026-08-28,https://asrinternationalcorp.applytojob.com/apply/jobs,known_careers_url,4,success
e7579b5a575e,2026-08-28,f7b8731a7e71,ASR International,https://www.asrintl.com/,https://asrinternationalcorp.applytojob.com/apply/jobs,Interior Designer,https://asrinternationalcorp.applytojob.com/apply/jobs/details/U8rduUxF8h,"Silverdale, WA",Silverdale,WA,United States,Not specified,,,,Space & Defense,2026-08-28,2026-08-28,https://asrinternationalcorp.applytojob.com/apply/jobs,known_careers_url,4,success
3d39b6753765,2026-08-28,f7b8731a7e71,ASR International,https://www.asrintl.com/,https://asrinternationalcorp.applytojob.com/apply/jobs,Mechanical Engineer,https://asrinternationalcorp.applytojob.com/apply/jobs/details/uzScG4So4o,"Silverdale, WA",Silverdale,WA,United States,Not specified,,,,Space & Defense,2026-08-28,2026-08-28,https://asrinternationalcorp.applytojob.com/apply/jobs,known_careers_url,4,success
16f02b522c48,2026-08-28,f7b8731a7e71,ASR International,https://www.asrintl.com/,https://asrinternationalcorp.applytojob.com/apply/jobs,Program / Data Analyst,https://asrinternationalcorp.applytojob.com/apply/jobs/details/kJ6JG8cPbt,"Silverdale, WA",Silverdale,WA,United States,Not specified,,,,Space & Defense,2026-08-28,2026-08-28,https://asrinternationalcorp.applytojob.com/apply/jobs,known_careers_url,4,success
025d5c4b4032,2026-08-28,f7b8731a7e71,ASR International,https://www.asrintl.com/,https://asrinternationalcorp.applytojob.com/apply/jobs,Structural Engineer,https://asrinternationalcorp.applytojob.com/apply/jobs/details/Sg497yjGBO,"Silverdale, WA",Silverdale,WA,United States,Not specified,,,,Space & Defense,2026-08-28,2026-08-28,https://asrinternationalcorp.applytojob.com/apply/jobs,known_careers_url,4,success
1af5e2dd5580,2026-08-28,f7b8731a7e71,ASR International,https://www.asrintl.com/,https://asrinternationalcorp.applytojob.com/apply/jobs,Warehouse Associate,https://asrinternationalcorp.applytojob.com/apply/jobs/details/Sz0qmFohHe,"Minden, NV",Minden,NV,United States,Not specified,,,,Space & Defense,2026-08-28,2026-08-28,https://asrinternationalcorp.applytojob.com/apply/jobs,known_careers_url,4,success
478cb95642ea,2026-08-28,f7b8731a7e71,ASR International,https://www.asrintl.com/,https://asrinternationalcorp.applytojob.com/apply/jobs,Human Resources Specialist,https://asrinternationalcorp.applytojob.com/apply/jobs/details/pGDEb7m4z4,"Hauppauge, NY",Hauppauge,NY,United States,Not specified,,,,Space & Defense,2026-08-28,2026-08-28,https://asrinternationalcorp.applytojob.com/apply/jobs,known_careers_url,4,success
918dc8cfd88d,2026-08-28,f7b8731a7e71,ASR International,https://www.asrintl.com/,https://asrinternationalcorp.applytojob.com/apply/jobs,Recruiter (Government Contracting),https://asrinternationalcorp.applytojob.com/apply/jobs/details/nnRyvfnb08,"Hauppauge, NY",Hauppauge,NY,United States,Not specified,,,,Space & Defense,2026-08-28,2026-08-28,https://asrinternationalcorp.applytojob.com/apply/jobs,known_careers_url,4,success
c92c38fcccb8,2026-08-28,f7b8731a7e71,ASR International,https://www.asrintl.com/,https://asrinternationalcorp.applytojob.com/apply/jobs,"ADMINSTRATIVE ASSISTANT - ASR Corporate Office, Hauppauge, New York",https://asrinternationalcorp.applytojob.com/apply/jobs/details/oSYUcKaGm7,"Haupppauge, NY",Haupppauge,NY,United States,Not specified,,,,Space & Defense,2026-08-28,2026-08-28,https://asrinternationalcorp.applytojob.com/apply/jobs,known_careers_url,4,success
b3dd33f23140,2026-08-28,f7b8731a7e71,ASR International,https://www.asrintl.com/,https://asrinternationalcorp.applytojob.com/apply/jobs,Warehouse Operations Support,https://asrinternationalcorp.applytojob.com/apply/jobs/details/r9UREC7YrW,"Port Hueneme, CA",Port Hueneme,CA,United States,Not specified,,,,Space & Defense,2026-08-28,2026-08-28,https://asrinternationalcorp.applytojob.com/apply/jobs,known_careers_url,4,success
49504576d24b,2026-08-28,f7b8731a7e71,ASR International,https://www.asrintl.com/,https://asrinternationalcorp.applytojob.com/apply/jobs,Systems Administrator,https://asrinternationalcorp.applytojob.com/apply/jobs/details/wskJdxMVm3,"Philadelphia, PA",Philadelphia,PA,United States,Not specified,,,,Space & Defense,2026-08-28,2026-08-28,https://asrinternationalcorp.applytojob.com/apply/jobs,known_careers_url,4,success
a6b87e15bfc2,2026-08-28,f7b8731a7e71,ASR International,https://www.asrintl.com/,https://asrinternationalcorp.applytojob.com/apply/jobs,Engineering Technical/Proposal Writer - Entry Level,https://asrinternationalcorp.applytojob.com/apply/jobs/details/XBSGZgZv0y,"Hauppauge, NY",Hauppauge,NY,United States,Not specified,,,,Space & Defense,2026-08-28,2026-08-28,https://asrinternationalcorp.applytojob.com/apply/jobs,known_careers_url,4,success
2ff1f9a5aef7,2026-08-28,f7b8731a7e71,ASR International,https://www.asrintl.com/,https://asrinternationalcorp.applytojob.com/apply/jobs,Jr. IT Specialist,https://asrinternationalcorp.applytojob.com/apply/jobs/details/04COKdK6VU,"Hauppauge, NY",Hauppauge,NY,United States,Not specified,,,,Space & Defense,2026-08-28,2026-08-28,https://asrinternationalcorp.applytojob.com/apply/jobs,known_careers_url,4,success
35405d1364a6,2026-08-28,f7b8731a7e71,ASR International,https://www.asrintl.com/,https://asrinternationalcorp.applytojob.com/apply/jobs,Jr. Contract Analyst/Admin,https://asrinternationalcorp.applytojob.com/apply/jobs/details/xgnxrAysaC,"Hauppauge, NY",Hauppauge,NY,United States,Not specified,,,,Space & Defense,2026-08-28,2026-08-28,https://asrinternationalcorp.applytojob.com/apply/jobs,known_careers_url,4,success
c5a1b86385bc,2026-08-28,f7b8731a7e71,ASR International,https://www.asrintl.com/,https://asrinternationalcorp.applytojob.com/apply/jobs,Construction Management Support/Field Engineer,https://asrinternationalcorp.applytojob.com/apply/jobs/details/GnwewXo9mw,"Bremerton, WA",Bremerton,WA,United States,Not specified,,,,Space & Defense,2026-08-28,2026-08-28,https://asrinternationalcorp.applytojob.com/apply/jobs,known_careers_url,4,success
061c23000c12,2026-08-28,f7b8731a7e71,ASR International,https://www.asrintl.com/,https://asrinternationalcorp.applytojob.com/apply/jobs,Project Field Engineer,https://asrinternationalcorp.applytojob.com/apply/jobs/details/ykZ3eXeJqr,"Bremerton, WA",Bremerton,WA,United States,Not specified,,,,Space & Defense,2026-08-28,2026-08-28,https://asrinternationalcorp.applytojob.com/apply/jobs,known_careers_url,4,success
e0ea4168ace7,2026-08-28,f7b8731a7e71,ASR International,https://www.asrintl.com/,https://asrinternationalcorp.applytojob.com/apply/jobs,Construction Inspector/Engineering Technician,https://asrinternationalcorp.applytojob.com/apply/jobs/details/ZszfKDngfY,"Pensacola, FL",Pensacola,FL,United States,Not specified,,,,Space & Defense,2026-08-28,2026-08-28,https://asrinternationalcorp.applytojob.com/apply/jobs,known_careers_url,4,success
0fd58b762edd,2026-08-28,f7b8731a7e71,ASR International,https://www.asrintl.com/,https://asrinternationalcorp.applytojob.com/apply/jobs,Construction Management / Surveillance Engineer (CSE),https://asrinternationalcorp.applytojob.com/apply/jobs/details/ufpzVPyALE,"Pensacola, FL",Pensacola,FL,United States,Not specified,,,,Space & Defense,2026-08-28,2026-08-28,https://asrinternationalcorp.applytojob.com/apply/jobs,known_careers_url,4,success
e9ed9835b461,2026-08-28,f7b8731a7e71,ASR International,https://www.asrintl.com/,https://asrinternationalcorp.applytojob.com/apply/jobs,Pricing/Cost Analyst - Labor (ENTRY Level),https://asrinternationalcorp.applytojob.com/apply/jobs/details/zR8MbQsjSp,"Hauppauge, NY",Hauppauge,NY,United States,Not specified,,,,Space & Defense,2026-08-28,2026-08-28,https://asrinternationalcorp.applytojob.com/apply/jobs,known_careers_url,4,success
074f4dc8c394,2026-08-28,b00ce903c871,Boeing,https://www.boeing.com/resources/boeingdotcom/government-operations/state_cards/Card_NY.pdf,https://jobs.boeing.com/,E7 EMS Program Coordinator,https://jobs.boeing.com/job/brisbane/e7-ems-program-coordinator/185/99701665424,"Brisbane, Australia",Brisbane,,Australia,Not specified,,,,Aerospace,2026-08-28,2026-08-28,https://jobs.boeing.com/,known_careers_url,4,success
8091fc5471f5,2026-08-28,b00ce903c871,Boeing,https://www.boeing.com/resources/boeingdotcom/government-operations/state_cards/Card_NY.pdf,https://jobs.boeing.com/,Spirit Defense – Associate / Mid-Level Estimating and Pricing Specialist,https://jobs.boeing.com/job/wichita/spirit-defense-associate-mid-level-estimating-and-pricing-specialist/185/96566467056,"Wichita, Kansas, United States",Wichita,KS,United States,Not specified,,,,Aerospace,2026-08-28,2026-08-28,https://jobs.boeing.com/,known_careers_url,4,success
993becf3766b,2026-08-28,b00ce903c871,Boeing,https://www.boeing.com/resources/boeingdotcom/government-operations/state_cards/Card_NY.pdf,https://jobs.boeing.com/manufacturing-careers,Senior Production Control Analyst,https://jobs.boeing.com/job/wichita/senior-production-control-analyst/185/97440744832,"Wichita, Kansas, United States",Wichita,KS,United States,Not specified,,,,Aerospace,2026-08-28,2026-08-28,https://jobs.boeing.com/manufacturing-careers,linked_page,4,success_after_fallback
22869f3bdc80,2026-08-28,b00ce903c871,Boeing,https://www.boeing.com/resources/boeingdotcom/government-operations/state_cards/Card_NY.pdf,https://jobs.boeing.com/manufacturing-careers,Tooling Technician,https://jobs.boeing.com/job/wichita/tooling-technician/185/96527488720,"Wichita, Kansas, United States",Wichita,KS,United States,Not specified,,,,Aerospace,2026-08-28,2026-08-28,https://jobs.boeing.com/manufacturing-careers,linked_page,4,success_after_fallback
01f6073b4202,2026-08-28,b00ce903c871,Boeing,https://www.boeing.com/resources/boeingdotcom/government-operations/state_cards/Card_NY.pdf,https://jobs.boeing.com/cybersecurity-careers,Cyber Security Analyst,https://jobs.boeing.com/job/bristol/cyber-security-analyst/185/97829409840,"Bristol, United Kingdom",Bristol,,United Kingdom,Not specified,,,,Aerospace,2026-08-28,2026-08-28,https://jobs.boeing.com/cybersecurity-careers,linked_page,4,success_after_fallback
3b72bbbf47a3,2026-08-28,b00ce903c871,Boeing,https://www.boeing.com/resources/boeingdotcom/government-operations/state_cards/Card_NY.pdf,https://jobs.boeing.com/cybersecurity-careers,Cybersecurity Analyst - Product Security,https://jobs.boeing.com/job/aurora/cybersecurity-analyst-product-security/185/93778184640,"Aurora, Colorado, United States; and other locations",Aurora,CO,United States,Not specified,,,,Aerospace,2026-08-28,2026-08-28,https://jobs.boeing.com/cybersecurity-careers,linked_page,4,success_after_fallback
4dacf6cfdc2a,2026-08-28,b00ce903c871,Boeing,https://www.boeing.com/resources/boeingdotcom/government-operations/state_cards/Card_NY.pdf,https://jobs.boeing.com/cybersecurity-careers,Cyber Security Specialist,https://jobs.boeing.com/job/brisbane/cyber-security-specialist/185/97168971856,"Brisbane, Australia",Brisbane,,Australia,Not specified,,,,Aerospace,2026-08-28,2026-08-28,https://jobs.boeing.com/cybersecurity-careers,linked_page,4,success_after_fallback
87521ac97af2,2026-08-28,b00ce903c871,Boeing,https://www.boeing.com/resources/boeingdotcom/government-operations/state_cards/Card_NY.pdf,https://jobs.boeing.com/cybersecurity-careers,Cyber Security Specialist,https://jobs.boeing.com/job/brisbane/cyber-security-specialist/185/97175652448,"Brisbane, Australia",Brisbane,,Australia,Not specified,,,,Aerospace,2026-08-28,2026-08-28,https://jobs.boeing.com/cybersecurity-careers,linked_page,4,success_after_fallback
c75eaa103bbd,2026-08-28,b00ce903c871,Boeing,https://www.boeing.com/resources/boeingdotcom/government-operations/state_cards/Card_NY.pdf,https://jobs.boeing.com/data-science-and-analytics-careers,Data Engineer,https://jobs.boeing.com/job/richmond/data-engineer/185/99763625328,"Richmond, Canada",Richmond,,Canada,Not specified,,,,Aerospace,2026-08-28,2026-08-28,https://jobs.boeing.com/data-science-and-analytics-careers,linked_page,4,success_after_fallback
880a0fd8dd52,2026-08-28,b00ce903c871,Boeing,https://www.boeing.com/resources/boeingdotcom/government-operations/state_cards/Card_NY.pdf,https://jobs.boeing.com/data-science-and-analytics-careers,Senior Artificial Intelligence Program Manager,https://jobs.boeing.com/job/seattle/senior-artificial-intelligence-program-manager/185/99684046160,"Seattle, Washington, United States; and other locations",Seattle,WA,United States,Not specified,,,,Aerospace,2026-08-28,2026-08-28,https://jobs.boeing.com/data-science-and-analytics-careers,linked_page,4,success_after_fallback
7616b03e728c,2026-08-28,b00ce903c871,Boeing,https://www.boeing.com/resources/boeingdotcom/government-operations/state_cards/Card_NY.pdf,https://jobs.boeing.com/data-science-and-analytics-careers,Senior Technical Product Management Specialist,https://jobs.boeing.com/job/seattle/senior-technical-product-management-specialist/185/99410952368,"Seattle, Washington, United States; and other locations",Seattle,WA,United States,Not specified,,,,Aerospace,2026-08-28,2026-08-28,https://jobs.boeing.com/data-science-and-analytics-careers,linked_page,4,success_after_fallback
f9b727c8cd75,2026-08-28,b00ce903c871,Boeing,https://www.boeing.com/resources/boeingdotcom/government-operations/state_cards/Card_NY.pdf,https://jobs.boeing.com/data-science-and-analytics-careers,Experienced Simulation Software Engineer - Training Systems,https://jobs.boeing.com/job/hazelwood/experienced-simulation-software-engineer-training-systems/185/99081307904,"Hazelwood, Missouri, United States; and other locations",Hazelwood,MO,United States,Not specified,,,,Aerospace,2026-08-28,2026-08-28,https://jobs.boeing.com/data-science-and-analytics-careers,linked_page,4,success_after_fallback
b00a100ca0c7,2026-08-28,b00ce903c871,Boeing,https://www.boeing.com/resources/boeingdotcom/government-operations/state_cards/Card_NY.pdf,https://jobs.boeing.com/information-technology-careers,"Audiovisual Design & Integration Specialist (Associate, Mid-Level or Senior)",https://jobs.boeing.com/job/herndon/audiovisual-design-and-integration-specialist-associate-mid-level-or-senior/185/96210888144,"Herndon, Virginia, United States",Herndon,VA,United States,Not specified,,,,Aerospace,2026-08-28,2026-08-28,https://jobs.boeing.com/information-technology-careers,linked_page,4,success_after_fallback
48e52ad774ef,2026-08-28,b00ce903c871,Boeing,https://www.boeing.com/resources/boeingdotcom/government-operations/state_cards/Card_NY.pdf,https://jobs.boeing.com/information-technology-careers,Data Center Critical Facility Program Lead,https://jobs.boeing.com/job/phoenix/data-center-critical-facility-program-lead/185/99808372784,"Phoenix, Arizona, United States",Phoenix,AZ,United States,Not specified,,,,Aerospace,2026-08-28,2026-08-28,https://jobs.boeing.com/information-technology-careers,linked_page,4,success_after_fallback
e8bfb7693353,2026-08-28,b00ce903c871,Boeing,https://www.boeing.com/resources/boeingdotcom/government-operations/state_cards/Card_NY.pdf,https://jobs.boeing.com/information-technology-careers,Senior Network Engineer - Millennium Space Systems,https://jobs.boeing.com/job/el-segundo/senior-network-engineer-millennium-space-systems/185/95347712112,"El Segundo, California, United States; and other locations",El Segundo,CA,United States,Not specified,,,,Aerospace,2026-08-28,2026-08-28,https://jobs.boeing.com/information-technology-careers,linked_page,4,success_after_fallback
ae1e266c6320,2026-08-28,b00ce903c871,Boeing,https://www.boeing.com/resources/boeingdotcom/government-operations/state_cards/Card_NY.pdf,https://jobs.boeing.com/electronic-and-electrical-engineering-careers,Senior Electrical System Engineer - Fuels,https://jobs.boeing.com/job/sao-jose-dos-campos/senior-electrical-system-engineer-fuels/185/99859400384,"São José dos Campos, Brazil",São José dos Campos,,Brazil,Not specified,,,,Aerospace,2026-08-28,2026-08-28,https://jobs.boeing.com/electronic-and-electrical-engineering-careers,linked_page,4,success_after_fallback
7f6359953e83,2026-08-28,b00ce903c871,Boeing,https://www.boeing.com/resources/boeingdotcom/government-operations/state_cards/Card_NY.pdf,https://jobs.boeing.com/electronic-and-electrical-engineering-careers,Electrical Engineering Manager,https://jobs.boeing.com/job/el-segundo/electrical-engineering-manager/185/99075783184,"El Segundo, California, United States; and other locations",El Segundo,CA,United States,Not specified,,,,Aerospace,2026-08-28,2026-08-28,https://jobs.boeing.com/electronic-and-electrical-engineering-careers,linked_page,4,success_after_fallback
9daf0df5eb81,2026-08-28,b00ce903c871,Boeing,https://www.boeing.com/resources/boeingdotcom/government-operations/state_cards/Card_NY.pdf,https://jobs.boeing.com/electronic-and-electrical-engineering-careers,Design and Analysis Engineer (Electronic Sys Design & Analy),https://jobs.boeing.com/job/berkeley/design-and-analysis-engineer-electronic-sys-design-and-analy/185/98860073184,"Berkeley, Missouri, United States",Berkeley,MO,United States,Not specified,,,,Aerospace,2026-08-28,2026-08-28,https://jobs.boeing.com/electronic-and-electrical-engineering-careers,linked_page,4,success_after_fallback
0bec0ea8f560,2026-08-28,b00ce903c871,Boeing,https://www.boeing.com/resources/boeingdotcom/government-operations/state_cards/Card_NY.pdf,https://jobs.boeing.com/electronic-and-electrical-engineering-careers,Senior Electrical System Design & Analysis Engineer,https://jobs.boeing.com/job/tukwila/senior-electrical-system-design-and-analysis-engineer/185/97202912160,"Tukwila, Washington, United States",Tukwila,WA,United States,Not specified,,,,Aerospace,2026-08-28,2026-08-28,https://jobs.boeing.com/electronic-and-electrical-engineering-careers,linked_page,4,success_after_fallback
acb7cd6603d1,2026-08-28,b00ce903c871,Boeing,https://www.boeing.com/resources/boeingdotcom/government-operations/state_cards/Card_NY.pdf,https://jobs.boeing.com/flight-engineering-careers,Systems Engineer (Principal),https://jobs.boeing.com/job/seal-beach/systems-engineer-principal/185/99859400512,"Seal Beach, California, United States; and other locations",Seal Beach,CA,United States,Not specified,,,,Aerospace,2026-08-28,2026-08-28,https://jobs.boeing.com/flight-engineering-careers,linked_page,4,success_after_fallback
0c49e775699e,2026-08-28,b00ce903c871,Boeing,https://www.boeing.com/resources/boeingdotcom/government-operations/state_cards/Card_NY.pdf,https://jobs.boeing.com/flight-engineering-careers,Flight Test Engineer - Test Conductor (Associate or Experienced),https://jobs.boeing.com/job/berkeley/flight-test-engineer-test-conductor-associate-or-experienced/185/99859400496,"Berkeley, Missouri, United States",Berkeley,MO,United States,Not specified,,,,Aerospace,2026-08-28,2026-08-28,https://jobs.boeing.com/flight-engineering-careers,linked_page,4,success_after_fallback
cfdf17d38c30,2026-08-28,b00ce903c871,Boeing,https://www.boeing.com/resources/boeingdotcom/government-operations/state_cards/Card_NY.pdf,https://jobs.boeing.com/flight-engineering-careers,"Systems Engineer, Senior / Experienced",https://jobs.boeing.com/job/seal-beach/systems-engineer-senior-experienced/185/99859400448,"Seal Beach, California, United States; and other locations",Seal Beach,CA,United States,Not specified,,,,Aerospace,2026-08-28,2026-08-28,https://jobs.boeing.com/flight-engineering-careers,linked_page,4,success_after_fallback
bdb9b94b1c3a,2026-08-28,b00ce903c871,Boeing,https://www.boeing.com/resources/boeingdotcom/government-operations/state_cards/Card_NY.pdf,https://jobs.boeing.com/flight-engineering-careers,"Systems Engineer, Senior / Experienced",https://jobs.boeing.com/job/seal-beach/systems-engineer-senior-experienced/185/99859400432,"Seal Beach, California, United States; and other locations",Seal Beach,CA,United States,Not specified,,,,Aerospace,2026-08-28,2026-08-28,https://jobs.boeing.com/flight-engineering-careers,linked_page,4,success_after_fallback
7fd68aab3611,2026-08-28,2cdfe8725858,Bren-Tronics,https://www.bren-tronics.com/,https://jobs.enersys.com/search?q=&q2=&alertId=&locationsearch=&title=&date=&location=commack,Senior Manufacturing Engineer,https://jobs.enersys.com/job/Commack-Senior-Manufacturing-Engineer-NY-11725/1410435333,"Commack, NY, United States",Commack,NY,United States,Not specified,,,,Aerospace,2026-08-28,2026-08-28,https://jobs.enersys.com/search?q=&q2=&alertId=&locationsearch=&title=&date=&location=commack,known_careers_url,4,success
6bbc9453e327,2026-08-28,2cdfe8725858,Bren-Tronics,https://www.bren-tronics.com/,https://jobs.enersys.com/search?q=&q2=&alertId=&locationsearch=&title=&date=&location=commack,Manufacturing Engineer,https://jobs.enersys.com/job/Commack-Manufacturing-Engineer-NY-11725/1380552333,"Commack, NY, United States",Commack,NY,United States,Not specified,,,,Aerospace,2026-08-28,2026-08-28,https://jobs.enersys.com/search?q=&q2=&alertId=&locationsearch=&title=&date=&location=commack,known_careers_url,4,success
869b65d5f22a,2026-08-28,2cdfe8725858,Bren-Tronics,https://www.bren-tronics.com/,https://jobs.enersys.com/search?q=&q2=&alertId=&locationsearch=&title=&date=&location=commack,Senior Mechanical Engineer,https://jobs.enersys.com/job/Commack-Senior-Mechanical-Engineer-NY-11725/1279712201,"Commack, NY, United States",Commack,NY,United States,Not specified,,,,Aerospace,2026-08-28,2026-08-28,https://jobs.enersys.com/search?q=&q2=&alertId=&locationsearch=&title=&date=&location=commack,known_careers_url,4,success
5480da740e51,2026-08-28,2cdfe8725858,Bren-Tronics,https://www.bren-tronics.com/,https://jobs.enersys.com/search?q=&q2=&alertId=&locationsearch=&title=&date=&location=commack,Senior Electrical Engineer,https://jobs.enersys.com/job/Commack-Senior-Electrical-Engineer-NY-11725/1279809301,"Commack, NY, United States",Commack,NY,United States,Not specified,,,,Aerospace,2026-08-28,2026-08-28,https://jobs.enersys.com/search?q=&q2=&alertId=&locationsearch=&title=&date=&location=commack,known_careers_url,4,success
befe9653a0f7,2026-08-28,2cdfe8725858,Bren-Tronics,https://www.bren-tronics.com/,https://jobs.enersys.com/search?q=&q2=&alertId=&locationsearch=&title=&date=&location=commack,Production Manager,https://jobs.enersys.com/job/Commack-Production-Manager-NY-11725/1368745033,"Commack, NY, United States",Commack,NY,United States,Not specified,,,,Aerospace,2026-08-28,2026-08-28,https://jobs.enersys.com/search?q=&q2=&alertId=&locationsearch=&title=&date=&location=commack,known_careers_url,4,success
968f00799f05,2026-08-28,2cdfe8725858,Bren-Tronics,https://www.bren-tronics.com/,https://jobs.enersys.com/search?q=&q2=&alertId=&locationsearch=&title=&date=&location=commack,Planning Specialist,https://jobs.enersys.com/job/Commack-Planning-Specialist-NY-11725/1396086333,"Commack, NY, United States",Commack,NY,United States,Not specified,,,,Aerospace,2026-08-28,2026-08-28,https://jobs.enersys.com/search?q=&q2=&alertId=&locationsearch=&title=&date=&location=commack,known_careers_url,4,success
08cd4b9badfa,2026-08-28,2cdfe8725858,Bren-Tronics,https://www.bren-tronics.com/,https://jobs.enersys.com/search?q=&q2=&alertId=&locationsearch=&title=&date=&location=commack,Test Technician III,https://jobs.enersys.com/job/Commack-Test-Technician-III-NY-11725/1394556633,"Commack, NY, United States",Commack,NY,United States,Not specified,,,,Aerospace,2026-08-28,2026-08-28,https://jobs.enersys.com/search?q=&q2=&alertId=&locationsearch=&title=&date=&location=commack,known_careers_url,4,success
1e3224182459,2026-08-28,2cdfe8725858,Bren-Tronics,https://www.bren-tronics.com/,https://jobs.enersys.com/search?q=&q2=&alertId=&locationsearch=&title=&date=&location=commack,Helpdesk Technician,https://jobs.enersys.com/job/Commack-Helpdesk-Technician-NY-11725/1414827333,"Commack, NY, United States",Commack,NY,United States,Not specified,,,,Aerospace,2026-08-28,2026-08-28,https://jobs.enersys.com/search?q=&q2=&alertId=&locationsearch=&title=&date=&location=commack,known_careers_url,4,success
e55e06af8ac9,2026-08-28,2cdfe8725858,Bren-Tronics,https://www.bren-tronics.com/,https://jobs.enersys.com/search?q=&q2=&alertId=&locationsearch=&title=&date=&location=commack,Mechanical Engineer,https://jobs.enersys.com/job/Commack-Mechanical-Engineer-NY-11725/1393814433,"Commack, NY, United States",Commack,NY,United States,Not specified,,,,Aerospace,2026-08-28,2026-08-28,https://jobs.enersys.com/search?q=&q2=&alertId=&locationsearch=&title=&date=&location=commack,known_careers_url,4,success
e4da1064ea63,2026-08-28,2cdfe8725858,Bren-Tronics,https://www.bren-tronics.com/,https://jobs.enersys.com/search?q=&q2=&alertId=&locationsearch=&title=&date=&location=commack,Electrical Engineer,https://jobs.enersys.com/job/Commack-Electrical-Engineer-NY-11725/1393518033,"Commack, NY, United States",Commack,NY,United States,Not specified,,,,Aerospace,2026-08-28,2026-08-28,https://jobs.enersys.com/search?q=&q2=&alertId=&locationsearch=&title=&date=&location=commack,known_careers_url,4,success
3121343f583c,2026-08-28,2cdfe8725858,Bren-Tronics,https://www.bren-tronics.com/,https://jobs.enersys.com/search?q=&q2=&alertId=&locationsearch=&title=&date=&location=commack,Lead Electrical Engineer I,https://jobs.enersys.com/job/Commack-Lead-Electrical-Engineer-I-NY-11725/1422342233,"Commack, NY, United States",Commack,NY,United States,Not specified,,,,Aerospace,2026-08-28,2026-08-28,https://jobs.enersys.com/search?q=&q2=&alertId=&locationsearch=&title=&date=&location=commack,known_careers_url,4,success
70573eca32d0,2026-08-28,2cdfe8725858,Bren-Tronics,https://www.bren-tronics.com/,https://jobs.enersys.com/search?createNewAlert=false&q=&locationsearch=&optionsFacetsDD_department=,Facilities Technician,https://jobs.enersys.com/job/Horsham-Facilities-Technician-PA-19044/1420951733,"Commack, NY, United States",Commack,NY,United States,Not specified,,,,Aerospace,2026-08-28,2026-08-28,https://jobs.enersys.com/search?createNewAlert=false&q=&locationsearch=&optionsFacetsDD_department=,linked_page,4,success_after_fallback
570a98db5712,2026-08-28,2cdfe8725858,Bren-Tronics,https://www.bren-tronics.com/,https://jobs.enersys.com/search?createNewAlert=false&q=&locationsearch=&optionsFacetsDD_department=,Controls Engineer,https://jobs.enersys.com/job/Springfield-Controls-Engineer-MO-65803/1420927233,"Commack, NY, United States",Commack,NY,United States,Not specified,,,,Aerospace,2026-08-28,2026-08-28,https://jobs.enersys.com/search?createNewAlert=false&q=&locationsearch=&optionsFacetsDD_department=,linked_page,4,success_after_fallback
1d9a00cb01f2,2026-08-28,2cdfe8725858,Bren-Tronics,https://www.bren-tronics.com/,https://jobs.enersys.com/search?createNewAlert=false&q=&locationsearch=&optionsFacetsDD_department=,Power Electronics Lead,https://jobs.enersys.com/job/Arras-Cedex-Power-Electronics-Lead-62033/1389973933,"Commack, NY, United States",Commack,NY,United States,Not specified,,,,Aerospace,2026-08-28,2026-08-28,https://jobs.enersys.com/search?createNewAlert=false&q=&locationsearch=&optionsFacetsDD_department=,linked_page,4,success_after_fallback
755a5bbba6d9,2026-08-28,2cdfe8725858,Bren-Tronics,https://www.bren-tronics.com/,https://jobs.enersys.com/search?createNewAlert=false&q=&locationsearch=&optionsFacetsDD_department=,Calibration Technician (Metrology / Instrumentation),https://jobs.enersys.com/job/Reading-Calibration-Technician-%28Metrology-Instrumentation%29-PA-19605/1284344501,"Commack, NY, United States",Commack,NY,United States,Not specified,,,,Aerospace,2026-08-28,2026-08-28,https://jobs.enersys.com/search?createNewAlert=false&q=&locationsearch=&optionsFacetsDD_department=,linked_page,4,success_after_fallback
fdea85eee9ca,2026-08-28,2cdfe8725858,Bren-Tronics,https://www.bren-tronics.com/,https://jobs.enersys.com/search?createNewAlert=false&q=&locationsearch=&optionsFacetsDD_department=,Product Development Engineering Manager,https://jobs.enersys.com/job/Pinellas-Park-Product-Development-Engineering-Manager-FL-33781/1420795533,"Commack, NY, United States",Commack,NY,United States,Not specified,,,,Aerospace,2026-08-28,2026-08-28,https://jobs.enersys.com/search?createNewAlert=false&q=&locationsearch=&optionsFacetsDD_department=,linked_page,4,success_after_fallback
afefe4f9ebcf,2026-08-28,2cdfe8725858,Bren-Tronics,https://www.bren-tronics.com/,https://jobs.enersys.com/search?createNewAlert=false&q=&locationsearch=&optionsFacetsDD_department=,Field Service Technician I,https://jobs.enersys.com/job/Anytown-Field-Service-Technician-I-AB-T1X-0L3/1431572033,"Commack, NY, United States",Commack,NY,United States,Not specified,,,,Aerospace,2026-08-28,2026-08-28,https://jobs.enersys.com/search?createNewAlert=false&q=&locationsearch=&optionsFacetsDD_department=,linked_page,4,success_after_fallback
299108e7f156,2026-08-28,2cdfe8725858,Bren-Tronics,https://www.bren-tronics.com/,https://jobs.enersys.com/search?createNewAlert=false&q=&locationsearch=&optionsFacetsDD_department=,Test Technician,https://jobs.enersys.com/job/Longmont-Test-Technician-CO-80503/1431537633,"Commack, NY, United States",Commack,NY,United States,Not specified,,,,Aerospace,2026-08-28,2026-08-28,https://jobs.enersys.com/search?createNewAlert=false&q=&locationsearch=&optionsFacetsDD_department=,linked_page,4,success_after_fallback
aaa339a45e35,2026-08-28,2cdfe8725858,Bren-Tronics,https://www.bren-tronics.com/,https://jobs.enersys.com/search?createNewAlert=false&q=&locationsearch=&optionsFacetsDD_department=,"Plant 1 Team Lead, Sub Assembly, 3rd, Sun-Th, 9:50pm-6:20am",https://jobs.enersys.com/job/Springfield-Plant-1-Team-Lead%2C-Sub-Assembly%2C-3rd%2C-Sun-Th%2C-950pm-620am-MO-65803/1409986133,"Commack, NY, United States",Commack,NY,United States,Not specified,,,,Aerospace,2026-08-28,2026-08-28,https://jobs.enersys.com/search?createNewAlert=false&q=&locationsearch=&optionsFacetsDD_department=,linked_page,4,success_after_fallback
fb106ba249f8,2026-08-28,2cdfe8725858,Bren-Tronics,https://www.bren-tronics.com/,https://jobs.enersys.com/search?createNewAlert=false&q=&locationsearch=&optionsFacetsDD_department=,Senior Manufacturing Technician,https://jobs.enersys.com/job/Abingdon-Senior-Manufacturing-Technician-ENG-OX14-3ED/1420269933,"Commack, NY, United States",Commack,NY,United States,Not specified,,,,Aerospace,2026-08-28,2026-08-28,https://jobs.enersys.com/search?createNewAlert=false&q=&locationsearch=&optionsFacetsDD_department=,linked_page,4,success_after_fallback
a6fdb44d10b6,2026-08-28,2cdfe8725858,Bren-Tronics,https://www.bren-tronics.com/,https://jobs.enersys.com/search?createNewAlert=false&q=&locationsearch=&optionsFacetsDD_department=,Plant 2 Perforation Press Operator 2nd Shift,https://jobs.enersys.com/job/Springfield-Plant-2-Perforation-Press-Operator-2nd-Shift-MO-65802/1431068833,"Commack, NY, United States",Commack,NY,United States,Not specified,,,,Aerospace,2026-08-28,2026-08-28,https://jobs.enersys.com/search?createNewAlert=false&q=&locationsearch=&optionsFacetsDD_department=,linked_page,4,success_after_fallback
e3955acc4bd6,2026-08-28,2cdfe8725858,Bren-Tronics,https://www.bren-tronics.com/,https://jobs.enersys.com/search?createNewAlert=false&q=&locationsearch=&optionsFacetsDD_department=,"Marketing Assistant, EMEA & APAC",https://jobs.enersys.com/job/Marketing-Assistant%2C-EMEA-&-APAC/1431061333,"Commack, NY, United States",Commack,NY,United States,Not specified,,,,Aerospace,2026-08-28,2026-08-28,https://jobs.enersys.com/search?createNewAlert=false&q=&locationsearch=&optionsFacetsDD_department=,linked_page,4,success_after_fallback
628ecaad918e,2026-08-28,2cdfe8725858,Bren-Tronics,https://www.bren-tronics.com/,https://jobs.enersys.com/search?createNewAlert=false&q=&locationsearch=&optionsFacetsDD_department=,Purchasing Manager,https://jobs.enersys.com/job/Horsham-Purchasing-Manager-PA-19044/1431221933,"Commack, NY, United States",Commack,NY,United States,Not specified,,,,Aerospace,2026-08-28,2026-08-28,https://jobs.enersys.com/search?createNewAlert=false&q=&locationsearch=&optionsFacetsDD_department=,linked_page,4,success_after_fallback
913544b66899,2026-08-28,2cdfe8725858,Bren-Tronics,https://www.bren-tronics.com/,https://jobs.enersys.com/search?createNewAlert=false&q=&locationsearch=&optionsFacetsDD_department=,Territory Sales Representative,https://jobs.enersys.com/job/Anytown-Territory-Sales-Representative-CA-91710/1419964033,"Commack, NY, United States",Commack,NY,United States,Not specified,,,,Aerospace,2026-08-28,2026-08-28,https://jobs.enersys.com/search?createNewAlert=false&q=&locationsearch=&optionsFacetsDD_department=,linked_page,4,success_after_fallback
92117289f977,2026-08-28,2cdfe8725858,Bren-Tronics,https://www.bren-tronics.com/,https://jobs.enersys.com/search?createNewAlert=false&q=&locationsearch=&optionsFacetsDD_department=,Battery Energy Storage System Commercial Strategy Manager,https://jobs.enersys.com/job/Anytown-Battery-Energy-Storage-System-Commercial-Strategy-Manager-NJ-07005/1418899833,"Commack, NY, United States",Commack,NY,United States,Not specified,,,,Aerospace,2026-08-28,2026-08-28,https://jobs.enersys.com/search?createNewAlert=false&q=&locationsearch=&optionsFacetsDD_department=,linked_page,4,success_after_fallback
5f6a6f5debbd,2026-08-28,2cdfe8725858,Bren-Tronics,https://www.bren-tronics.com/,https://jobs.enersys.com/search?createNewAlert=false&q=&locationsearch=&optionsFacetsDD_department=,Technical Sales Representative - Oil & Gas,https://jobs.enersys.com/job/Anytown-Technical-Sales-Representative-Oil-&-Gas-TX-75006/1396244633,"Commack, NY, United States",Commack,NY,United States,Not specified,,,,Aerospace,2026-08-28,2026-08-28,https://jobs.enersys.com/search?createNewAlert=false&q=&locationsearch=&optionsFacetsDD_department=,linked_page,4,success_after_fallback
eec4855a6cdd,2026-08-28,d3ecafe64223,Calspan Air Services,https://www.calspanairservices.com/,https://careers2-calspan.icims.com/jobs/2623/customer-service-agent/job,Customer Service Agent,https://careers2-calspan.icims.com/jobs/2623/customer-service-agent/job,"Niagara Falls, NY, US",Niagara Falls,NY,United States,Not specified,,,Operations,Aerospace,2026-08-28,2026-08-28,https://careers2-calspan.icims.com/jobs/2623/customer-service-agent/job,ats_detected,4,success_after_fallback
3dcf9dea581e,2026-08-28,234e92c8de3f,Calspan Business Park,https://calspan.com/,https://careers-calspan.icims.com/jobs/search,Job Title Measurement Technician,https://careers-calspan.icims.com/jobs/2645/measurement-technician/job,"Buffalo, NY, United States",Buffalo,NY,United States,Not specified,,,,Aerospace,2026-08-28,2026-08-28,https://careers-calspan.icims.com/jobs/search,known_careers_url,5,success
b55142fd4f16,2026-08-28,234e92c8de3f,Calspan Business Park,https://calspan.com/,https://careers-calspan.icims.com/jobs/search,"Job Title Program Manager, Automotive Testing",https://careers-calspan.icims.com/jobs/2642/program-manager%2c-automotive-testing/job,"Buffalo, NY, United States",Buffalo,NY,United States,Not specified,,,,Aerospace,2026-08-28,2026-08-28,https://careers-calspan.icims.com/jobs/search,known_careers_url,5,success
5ed410882db2,2026-08-28,234e92c8de3f,Calspan Business Park,https://calspan.com/,https://careers-calspan.icims.com/jobs/search,Job Title Mechanical Engineer,https://careers-calspan.icims.com/jobs/2639/mechanical-engineer/job,"Buffalo, NY, United States",Buffalo,NY,United States,Not specified,,,,Aerospace,2026-08-28,2026-08-28,https://careers-calspan.icims.com/jobs/search,known_careers_url,5,success
783458b4282d,2026-08-28,234e92c8de3f,Calspan Business Park,https://calspan.com/,https://careers-calspan.icims.com/jobs/search,Job Title Automotive Service Manager,https://careers-calspan.icims.com/jobs/2640/automotive-service-manager/job,"Buffalo, NY, United States",Buffalo,NY,United States,On-site,,,,Aerospace,2026-08-28,2026-08-28,https://careers-calspan.icims.com/jobs/search,known_careers_url,5,success
d304ffdc4400,2026-08-28,234e92c8de3f,Calspan Business Park,https://calspan.com/,https://careers-calspan.icims.com/jobs/search,Job Title Field Service Technician,https://careers-calspan.icims.com/jobs/2641/field-service-technician/job,"Buffalo, NY, United States",Buffalo,NY,United States,Not specified,,,,Aerospace,2026-08-28,2026-08-28,https://careers-calspan.icims.com/jobs/search,known_careers_url,5,success
ad6536f31d73,2026-08-28,234e92c8de3f,Calspan Business Park,https://calspan.com/,https://careers-calspan.icims.com/jobs/search,"Job Title Director, Finance Systems & Business Processes",https://careers-calspan.icims.com/jobs/2632/director%2c-finance-systems-%26-business-processes/job,"Buffalo, NY, United States",Buffalo,NY,United States,Not specified,,,,Aerospace,2026-08-28,2026-08-28,https://careers-calspan.icims.com/jobs/search,known_careers_url,5,success
051b998a1f20,2026-08-28,234e92c8de3f,Calspan Business Park,https://calspan.com/,https://careers-calspan.icims.com/jobs/search,Job Title Facilities Technician,https://careers-calspan.icims.com/jobs/2637/facilities-technician/job,"Buffalo, NY, United States",Buffalo,NY,United States,Not specified,,,,Aerospace,2026-08-28,2026-08-28,https://careers-calspan.icims.com/jobs/search,known_careers_url,5,success
748b1d93c203,2026-08-28,234e92c8de3f,Calspan Business Park,https://calspan.com/,https://careers-calspan.icims.com/jobs/search,Job Title Instrumentation Technician,https://careers-calspan.icims.com/jobs/2634/instrumentation-technician/job,"Buffalo, NY, United States",Buffalo,NY,United States,Not specified,,,,Aerospace,2026-08-28,2026-08-28,https://careers-calspan.icims.com/jobs/search,known_careers_url,5,success
5035ff818551,2026-08-28,234e92c8de3f,Calspan Business Park,https://calspan.com/,https://careers-calspan.icims.com/jobs/search,Job Title Systems Administrator,https://careers-calspan.icims.com/jobs/2543/systems-administrator%c2%a0/job,"Buffalo, NY, United States",Buffalo,NY,United States,Not specified,,,,Aerospace,2026-08-28,2026-08-28,https://careers-calspan.icims.com/jobs/search,known_careers_url,5,success
133abdb9a697,2026-08-28,234e92c8de3f,Calspan Business Park,https://calspan.com/,https://careers-calspan.icims.com/jobs/search,Job Title Senior Project Manager,https://careers-calspan.icims.com/jobs/2635/senior-project-manager/job,"Buffalo, NY, United States",Buffalo,NY,United States,Not specified,,,,Aerospace,2026-08-28,2026-08-28,https://careers-calspan.icims.com/jobs/search,known_careers_url,5,success
9661bf1f5929,2026-08-28,234e92c8de3f,Calspan Business Park,https://calspan.com/,https://careers-calspan.icims.com/jobs/search,Job Title Test Technician - TIRE,https://careers-calspan.icims.com/jobs/2604/test-technician---tire/job,"Buffalo, NY, United States",Buffalo,NY,United States,Not specified,,,,Aerospace,2026-08-28,2026-08-28,https://careers-calspan.icims.com/jobs/search,known_careers_url,5,success
0b0a1ff549c7,2026-08-28,234e92c8de3f,Calspan Business Park,https://calspan.com/,https://careers-calspan.icims.com/jobs/search,"Job Title Supervisor, Testing Operations",https://careers-calspan.icims.com/jobs/2606/supervisor%2c-testing-operations/job,"Buffalo, NY, United States",Buffalo,NY,United States,Not specified,,,,Aerospace,2026-08-28,2026-08-28,https://careers-calspan.icims.com/jobs/search,known_careers_url,5,success
00eef30a6ede,2026-08-28,234e92c8de3f,Calspan Business Park,https://calspan.com/,https://careers-calspan.icims.com/jobs/search,Job Title Technician,https://careers-calspan.icims.com/jobs/2631/technician/job,"Buffalo, NY, United States",Buffalo,NY,United States,Not specified,,,,Aerospace,2026-08-28,2026-08-28,https://careers-calspan.icims.com/jobs/search,known_careers_url,5,success
08b20a05908d,2026-08-28,234e92c8de3f,Calspan Business Park,https://calspan.com/,https://careers-calspan.icims.com/jobs/search,Job Title Engineering Technician,https://careers-calspan.icims.com/jobs/2630/engineering-technician/job,"Buffalo, NY, United States",Buffalo,NY,United States,Not specified,,,,Aerospace,2026-08-28,2026-08-28,https://careers-calspan.icims.com/jobs/search,known_careers_url,5,success
5e97562d44e9,2026-08-28,234e92c8de3f,Calspan Business Park,https://calspan.com/,https://careers-calspan.icims.com/jobs/search,Job Title HVAC Technician,https://careers-calspan.icims.com/jobs/2608/hvac-technician/job,"Buffalo, NY, United States",Buffalo,NY,United States,Not specified,,,,Aerospace,2026-08-28,2026-08-28,https://careers-calspan.icims.com/jobs/search,known_careers_url,5,success
8cdf91017e92,2026-08-28,234e92c8de3f,Calspan Business Park,https://calspan.com/,https://careers-calspan.icims.com/jobs/search,Job Title Principal Systems Software Engineer - Jet Engine Test Cells,https://careers-calspan.icims.com/jobs/2500/principal-systems-software-engineer---jet-engine-test-cells/job,"Buffalo, NY, United States",Buffalo,NY,United States,Not specified,,,,Aerospace,2026-08-28,2026-08-28,https://careers-calspan.icims.com/jobs/search,known_careers_url,5,success
bea45761b69f,2026-08-28,234e92c8de3f,Calspan Business Park,https://calspan.com/,https://careers-calspan.icims.com/jobs/search,Job Title Automotive Technician,https://careers-calspan.icims.com/jobs/2603/automotive-technician/job,"Buffalo, NY, United States",Buffalo,NY,United States,Not specified,,,,Aerospace,2026-08-28,2026-08-28,https://careers-calspan.icims.com/jobs/search,known_careers_url,5,success
2e25484034f5,2026-08-28,234e92c8de3f,Calspan Business Park,https://calspan.com/,https://careers-calspan.icims.com/jobs/2644/senior-cnc-machinist/job,Senior CNC Machinist,https://careers-calspan.icims.com/jobs/2644/senior-cnc-machinist/job,"Buffalo, NY, US",Buffalo,NY,United States,Not specified,,,Machine Shop,Aerospace,2026-08-28,2026-08-28,https://careers-calspan.icims.com/jobs/2644/senior-cnc-machinist/job,ats_detected,4,success_after_fallback
1289ceec9bd2,2026-08-28,234e92c8de3f,Calspan Business Park,https://calspan.com/,https://careers-calspan.icims.com/jobs/2645/measurement-technician/job,Measurement Technician,https://careers-calspan.icims.com/jobs/2645/measurement-technician/referral,"Buffalo, NY, United States",Buffalo,NY,United States,Not specified,,,,Aerospace,2026-08-28,2026-08-28,https://careers-calspan.icims.com/jobs/2645/measurement-technician/job,ats_detected,5,success_after_fallback
e5863877bf47,2026-08-28,234e92c8de3f,Calspan Business Park,https://calspan.com/,https://careers-calspan.icims.com/jobs/2643/warehouse-materials-handler/job,Warehouse Materials Handler,https://careers-calspan.icims.com/jobs/2643/warehouse-materials-handler/job,"St. Paul, MN, US",St. Paul,MN,United States,Not specified,,,Operations,Aerospace,2026-08-28,2026-08-28,https://careers-calspan.icims.com/jobs/2643/warehouse-materials-handler/job,ats_detected,4,success_after_fallback
e10e4d30ffda,2026-08-28,234e92c8de3f,Calspan Business Park,https://calspan.com/,https://careers-calspan.icims.com/jobs/2642/program-manager%2C-automotive-testing/job,Program Manager%2C Automotive Testing,https://careers-calspan.icims.com/jobs/2642/program-manager%2C-automotive-testing/job,"Buffalo, NY, United States",Buffalo,NY,United States,Not specified,,,,Aerospace,2026-08-28,2026-08-28,https://careers-calspan.icims.com/jobs/2642/program-manager%2C-automotive-testing/job,ats_detected,5,success_after_fallback
0e4083534365,2026-08-28,234e92c8de3f,Calspan Business Park,https://calspan.com/,https://careers-calspan.icims.com/jobs/2642/program-manager%2C-automotive-testing/job,Program Manager%2C Automotive Testing,https://careers-calspan.icims.com/jobs/2642/program-manager%2c-automotive-testing/referral,"Buffalo, NY, United States",Buffalo,NY,United States,Not specified,,,,Aerospace,2026-08-28,2026-08-28,https://careers-calspan.icims.com/jobs/2642/program-manager%2C-automotive-testing/job,ats_detected,5,success_after_fallback
709092e7d133,2026-08-28,234e92c8de3f,Calspan Business Park,https://calspan.com/,https://careers-calspan.icims.com/jobs/2639/mechanical-engineer/job,Mechanical Engineer,https://careers-calspan.icims.com/jobs/2639/mechanical-engineer/referral,"Buffalo, NY, United States",Buffalo,NY,United States,Not specified,,,,Aerospace,2026-08-28,2026-08-28,https://careers-calspan.icims.com/jobs/2639/mechanical-engineer/job,ats_detected,5,success_after_fallback
74664f9b2848,2026-08-28,234e92c8de3f,Calspan Business Park,https://calspan.com/,https://careers-calspan.icims.com/jobs/2640/automotive-service-manager/job,Automotive Service Manager,https://careers-calspan.icims.com/jobs/2640/automotive-service-manager/referral,"Buffalo, NY, United States",Buffalo,NY,United States,Not specified,,,,Aerospace,2026-08-28,2026-08-28,https://careers-calspan.icims.com/jobs/2640/automotive-service-manager/job,ats_detected,5,success_after_fallback
614d612e4335,2026-08-28,234e92c8de3f,Calspan Business Park,https://calspan.com/,https://careers-calspan.icims.com/jobs/2641/field-service-technician/job,Field Service Technician,https://careers-calspan.icims.com/jobs/2641/field-service-technician/referral,"Buffalo, NY, United States",Buffalo,NY,United States,Not specified,,,,Aerospace,2026-08-28,2026-08-28,https://careers-calspan.icims.com/jobs/2641/field-service-technician/job,ats_detected,5,success_after_fallback
d04be83c3229,2026-08-28,234e92c8de3f,Calspan Business Park,https://calspan.com/,https://careers-calspan.icims.com/jobs/2632/director%2C-finance-systems-%26-business-processes/job,Director%2C Finance Systems %26 Business Processes,https://careers-calspan.icims.com/jobs/2632/director%2C-finance-systems-%26-business-processes/job,"Buffalo, NY, United States",Buffalo,NY,United States,Not specified,,,,Aerospace,2026-08-28,2026-08-28,https://careers-calspan.icims.com/jobs/2632/director%2C-finance-systems-%26-business-processes/job,ats_detected,5,success_after_fallback
94885a6d5d0f,2026-08-28,234e92c8de3f,Calspan Business Park,https://calspan.com/,https://careers-calspan.icims.com/jobs/2632/director%2C-finance-systems-%26-business-processes/job,Director%2C Finance Systems %26 Business Processes,https://careers-calspan.icims.com/jobs/2632/director%2c-finance-systems-%26-business-processes/referral,"Buffalo, NY, United States",Buffalo,NY,United States,Not specified,,,,Aerospace,2026-08-28,2026-08-28,https://careers-calspan.icims.com/jobs/2632/director%2C-finance-systems-%26-business-processes/job,ats_detected,5,success_after_fallback
74934588b269,2026-08-28,babc8fbe4ec9,Crover,https://www.crover.tech/,https://www.smartrecruiters.com/?utm_source=referral&utm_medium=careerwebsitepage&utm_campaign=careerwebsite&utm_content=none&km_partner=none&km_adgroup=none&utm_term=none&km_matchtype=none,Hiring Managers,https://www.smartrecruiters.com/role/talent-acquisition,"Geneva, NY, United States",Geneva,NY,United States,Not specified,,,,Core Space,2026-08-28,2026-08-28,https://www.smartrecruiters.com/?utm_source=referral&utm_medium=careerwebsitepage&utm_campaign=careerwebsite&utm_content=none&km_partner=none&km_adgroup=none&utm_term=none&km_matchtype=none,ats_detected,4,success_after_fallback
b11bae175a23,2026-08-28,babc8fbe4ec9,Crover,https://www.crover.tech/,https://www.smartrecruiters.com/?utm_source=referral&utm_medium=careerwebsitepage&utm_campaign=careerwebsite&utm_content=none&km_partner=none&km_adgroup=none&utm_term=none&km_matchtype=none,Hiring Managers,https://www.smartrecruiters.com/role/hiring-manager,"Geneva, NY, United States",Geneva,NY,United States,Not specified,,,,Core Space,2026-08-28,2026-08-28,https://www.smartrecruiters.com/?utm_source=referral&utm_medium=careerwebsitepage&utm_campaign=careerwebsite&utm_content=none&km_partner=none&km_adgroup=none&utm_term=none&km_matchtype=none,ats_detected,4,success_after_fallback
8e4c7afd2511,2026-08-28,babc8fbe4ec9,Crover,https://www.crover.tech/,https://www.smartrecruiters.com/?utm_source=referral&utm_medium=careerwebsitepage&utm_campaign=careerwebsite&utm_content=none&km_partner=none&km_adgroup=none&utm_term=none&km_matchtype=none,Hiring Managers,https://www.smartrecruiters.com/role/hr,"Geneva, NY, United States",Geneva,NY,United States,Not specified,,,,Core Space,2026-08-28,2026-08-28,https://www.smartrecruiters.com/?utm_source=referral&utm_medium=careerwebsitepage&utm_campaign=careerwebsite&utm_content=none&km_partner=none&km_adgroup=none&utm_term=none&km_matchtype=none,ats_detected,4,success_after_fallback
e942ee7fb593,2026-08-28,babc8fbe4ec9,Crover,https://www.crover.tech/,https://www.smartrecruiters.com/?utm_source=referral&utm_medium=careerwebsitepage&utm_campaign=careerwebsite&utm_content=none&km_partner=none&km_adgroup=none&utm_term=none&km_matchtype=none,Hiring Managers,https://www.smartrecruiters.com/role/it,"Geneva, NY, United States",Geneva,NY,United States,Not specified,,,,Core Space,2026-08-28,2026-08-28,https://www.smartrecruiters.com/?utm_source=referral&utm_medium=careerwebsitepage&utm_campaign=careerwebsite&utm_content=none&km_partner=none&km_adgroup=none&utm_term=none&km_matchtype=none,ats_detected,4,success_after_fallback
675011ceb6de,2026-08-28,babc8fbe4ec9,Crover,https://www.crover.tech/,https://www.smartrecruiters.com/?utm_source=referral&utm_medium=careerwebsitepage&utm_campaign=careerwebsite&utm_content=none&km_partner=none&km_adgroup=none&utm_term=none&km_matchtype=none,Hiring Managers,https://www.smartrecruiters.com/role/finance,"Geneva, NY, United States",Geneva,NY,United States,Not specified,,,,Core Space,2026-08-28,2026-08-28,https://www.smartrecruiters.com/?utm_source=referral&utm_medium=careerwebsitepage&utm_campaign=careerwebsite&utm_content=none&km_partner=none&km_adgroup=none&utm_term=none&km_matchtype=none,ats_detected,4,success_after_fallback
6e4c937dee55,2026-08-28,bad1b820268a,Dawn Aerospace,https://www.dawnaerospace.com/,https://job-boards.anz.greenhouse.io/dawnaerospace,"Electrical Systems Engineer New Delft, South Holland, Netherlands",https://job-boards.anz.greenhouse.io/dawnaerospace/jobs/4006270201,"Delft, South Holland, Netherlands",Delft,South Holland,Netherlands,Not specified,,,,Core Space,2026-08-28,2026-08-28,https://job-boards.anz.greenhouse.io/dawnaerospace,ats_detected,5,success_after_fallback
aeee1a6d6219,2026-08-28,bad1b820268a,Dawn Aerospace,https://www.dawnaerospace.com/,https://job-boards.anz.greenhouse.io/dawnaerospace,"PhD Research Opportunities (University of Canterbury & Dawn Aerospace) Christchurch, Canterbury, New Zealand",https://job-boards.anz.greenhouse.io/dawnaerospace/jobs/4005543201,"Manhattan, NY, United States",Manhattan,NY,United States,Not specified,,,,Core Space,2026-08-28,2026-08-28,https://job-boards.anz.greenhouse.io/dawnaerospace,ats_detected,5,success_after_fallback
c94117e1163d,2026-08-28,bad1b820268a,Dawn Aerospace,https://www.dawnaerospace.com/,https://job-boards.anz.greenhouse.io/dawnaerospace,"Satellite Communications Engineer Delft, South Holland, Netherlands",https://job-boards.anz.greenhouse.io/dawnaerospace/jobs/4001647201,"Delft, South Holland, Netherlands",Delft,South Holland,Netherlands,Not specified,,,,Core Space,2026-08-28,2026-08-28,https://job-boards.anz.greenhouse.io/dawnaerospace,ats_detected,5,success_after_fallback
096dbf50f162,2026-08-28,bad1b820268a,Dawn Aerospace,https://www.dawnaerospace.com/,https://job-boards.anz.greenhouse.io/dawnaerospace,"Satellite RF Hardware & Operations Engineer Delft, South Holland, Netherlands",https://job-boards.anz.greenhouse.io/dawnaerospace/jobs/4000878201,"Delft, South Holland, Netherlands",Delft,South Holland,Netherlands,Not specified,,,,Core Space,2026-08-28,2026-08-28,https://job-boards.anz.greenhouse.io/dawnaerospace,ats_detected,5,success_after_fallback
0e09daa01916,2026-08-28,bad1b820268a,Dawn Aerospace,https://www.dawnaerospace.com/,https://job-boards.anz.greenhouse.io/dawnaerospace,"Senior Production Engineer Christchurch, Canterbury, New Zealand",https://job-boards.anz.greenhouse.io/dawnaerospace/jobs/4005932201,"Manhattan, NY, United States",Manhattan,NY,United States,Not specified,,,,Core Space,2026-08-28,2026-08-28,https://job-boards.anz.greenhouse.io/dawnaerospace,ats_detected,5,success_after_fallback
303801cd2f81,2026-08-28,bad1b820268a,Dawn Aerospace,https://www.dawnaerospace.com/,https://job-boards.anz.greenhouse.io/dawnaerospace,"Avionics Technician - Spaceplane Christchurch, Canterbury, New Zealand",https://job-boards.anz.greenhouse.io/dawnaerospace/jobs/4005859201,"Manhattan, NY, United States",Manhattan,NY,United States,Not specified,,,,Core Space,2026-08-28,2026-08-28,https://job-boards.anz.greenhouse.io/dawnaerospace,ats_detected,5,success_after_fallback
a59f939d5150,2026-08-28,bad1b820268a,Dawn Aerospace,https://www.dawnaerospace.com/,https://job-boards.anz.greenhouse.io/dawnaerospace,"Aircraft Maintenance Technician Christchurch, Canterbury, New Zealand",https://job-boards.anz.greenhouse.io/dawnaerospace/jobs/4005539201,"Manhattan, NY, United States",Manhattan,NY,United States,Not specified,,,,Core Space,2026-08-28,2026-08-28,https://job-boards.anz.greenhouse.io/dawnaerospace,ats_detected,5,success_after_fallback
6ac4ed7744dc,2026-08-28,bad1b820268a,Dawn Aerospace,https://www.dawnaerospace.com/,https://job-boards.anz.greenhouse.io/dawnaerospace,"Senior Systems Engineer - Spaceplane Christchurch, Canterbury, New Zealand",https://job-boards.anz.greenhouse.io/dawnaerospace/jobs/4005444201,"Manhattan, NY, United States",Manhattan,NY,United States,Not specified,,,,Core Space,2026-08-28,2026-08-28,https://job-boards.anz.greenhouse.io/dawnaerospace,ats_detected,5,success_after_fallback
caa5c227ee77,2026-08-28,bad1b820268a,Dawn Aerospace,https://www.dawnaerospace.com/,https://job-boards.anz.greenhouse.io/dawnaerospace,"Facilities & Workplace Coordinator (Part-Time) Christchurch, Canterbury, New Zealand",https://job-boards.anz.greenhouse.io/dawnaerospace/jobs/4005420201,"Manhattan, NY, United States",Manhattan,NY,United States,Not specified,,,,Core Space,2026-08-28,2026-08-28,https://job-boards.anz.greenhouse.io/dawnaerospace,ats_detected,5,success_after_fallback
ebcafc4dfcbd,2026-08-28,bad1b820268a,Dawn Aerospace,https://www.dawnaerospace.com/,https://job-boards.anz.greenhouse.io/dawnaerospace,"Governance, Risk & Compliance (GRC) Manager New Christchurch, Canterbury, New Zealand",https://job-boards.anz.greenhouse.io/dawnaerospace/jobs/4006031201,"Manhattan, NY, United States",Manhattan,NY,United States,Not specified,,,,Core Space,2026-08-28,2026-08-28,https://job-boards.anz.greenhouse.io/dawnaerospace,ats_detected,5,success_after_fallback
1db33c6f93cb,2026-08-28,bad1b820268a,Dawn Aerospace,https://www.dawnaerospace.com/,https://job-boards.anz.greenhouse.io/dawnaerospace,Head of Defence Sales – Germany Germany,https://job-boards.anz.greenhouse.io/dawnaerospace/jobs/4004923201,"Manhattan, NY, United States",Manhattan,NY,United States,Not specified,,,,Core Space,2026-08-28,2026-08-28,https://job-boards.anz.greenhouse.io/dawnaerospace,ats_detected,5,success_after_fallback
2c974b67f5ad,2026-08-28,ba37ca62f760,echo3D,https://www.echo3d.co/,https://www.echo3d.com/about/careers,Enterprise Sales Executive B2B,https://wellfound.com/jobs/3529921-enterprise-sales-executive-b2b,"Manhattan, NY, United States",Manhattan,NY,United States,Remote,,,,Core Space,2026-08-28,2026-08-28,https://www.echo3d.com/about/careers,known_careers_url,4,success
bb9a4a219de8,2026-08-28,ba37ca62f760,echo3D,https://www.echo3d.co/,https://www.echo3d.com/about/careers,Software Engineer,https://wellfound.com/jobs/1749640-software-engineer,"Manhattan, NY, United States",Manhattan,NY,United States,Remote,,,,Core Space,2026-08-28,2026-08-28,https://www.echo3d.com/about/careers,known_careers_url,4,success
6f8ce2b1166e,2026-08-28,ba37ca62f760,echo3D,https://www.echo3d.co/,https://wellfound.com/jobs/3529921-enterprise-sales-executive-b2b,Manager - Business Development (North America) - full time $90k – $105k,https://wellfound.com/jobs/2282687-manager-business-development-north-america-full-time,"Manhattan, NY, United States",Manhattan,NY,United States,Not specified,,,,Core Space,2026-08-28,2026-08-28,https://wellfound.com/jobs/3529921-enterprise-sales-executive-b2b,linked_page,4,success_after_fallback
2ae35c6e7a7f,2026-08-28,ba37ca62f760,echo3D,https://www.echo3d.co/,https://wellfound.com/jobs/3529921-enterprise-sales-executive-b2b,Us Business Development And Operations Support Specialist Retail Robotic Solutions,https://wellfound.com/jobs/3130978-us-business-development-and-operations-support-specialist-retail-robotic-solutions,"Manhattan, NY, United States",Manhattan,NY,United States,Not specified,,,,Core Space,2026-08-28,2026-08-28,https://wellfound.com/jobs/3529921-enterprise-sales-executive-b2b,linked_page,4,success_after_fallback
7461e070df11,2026-08-28,ba37ca62f760,echo3D,https://www.echo3d.co/,https://wellfound.com/jobs/3529921-enterprise-sales-executive-b2b,Customer Onboarding Specialist - FinTech SaaS $70k – $105k • 0.0% – 0.5%,https://wellfound.com/jobs/3162208-customer-success-specialist-financial-systems,"Manhattan, NY, United States",Manhattan,NY,United States,Not specified,,,,Core Space,2026-08-28,2026-08-28,https://wellfound.com/jobs/3529921-enterprise-sales-executive-b2b,linked_page,4,success_after_fallback
3e2ee6f848b2,2026-08-28,ba37ca62f760,echo3D,https://www.echo3d.co/,https://wellfound.com/jobs,Sr. Backend Engineer (Python),https://wellfound.com/jobs/3351098-sr-backend-engineer-python,"Manhattan, NY, United States",Manhattan,NY,United States,Remote,,,,Core Space,2026-08-28,2026-08-28,https://wellfound.com/jobs,linked_page,4,success_after_fallback
3bd4ae783e89,2026-08-28,ba37ca62f760,echo3D,https://www.echo3d.co/,https://wellfound.com/jobs,Principal Engineer,https://wellfound.com/jobs/4644229-principal-engineer,"Manhattan, NY, United States",Manhattan,NY,United States,Remote,,,,Core Space,2026-08-28,2026-08-28,https://wellfound.com/jobs,linked_page,4,success_after_fallback
aed10eb7f61b,2026-08-28,ba37ca62f760,echo3D,https://www.echo3d.co/,https://wellfound.com/jobs,"Platform Integrations Engineer, AI Systems",https://wellfound.com/jobs/4644220-platform-integrations-engineer-ai-systems,"Manhattan, NY, United States",Manhattan,NY,United States,Remote,,,,Core Space,2026-08-28,2026-08-28,https://wellfound.com/jobs,linked_page,4,success_after_fallback
d8e1b54aa659,2026-08-28,ba37ca62f760,echo3D,https://www.echo3d.co/,https://wellfound.com/jobs,Senior Software Engineer,https://wellfound.com/jobs/4644236-senior-software-engineer,"Manhattan, NY, United States",Manhattan,NY,United States,Remote,,,,Core Space,2026-08-28,2026-08-28,https://wellfound.com/jobs,linked_page,4,success_after_fallback
cb5bf4e408b5,2026-08-28,ba37ca62f760,echo3D,https://www.echo3d.co/,https://wellfound.com/jobs,"Senior Software Engineer, Frontend",https://wellfound.com/jobs/4078771-senior-software-engineer-frontend,"Manhattan, NY, United States",Manhattan,NY,United States,Remote,,,,Core Space,2026-08-28,2026-08-28,https://wellfound.com/jobs,linked_page,4,success_after_fallback
478148f6c564,2026-08-28,ba37ca62f760,echo3D,https://www.echo3d.co/,https://wellfound.com/jobs,AI Systems Architect,https://wellfound.com/jobs/4640017-ai-systems-architect,"Manhattan, NY, United States",Manhattan,NY,United States,Remote,,,,Core Space,2026-08-28,2026-08-28,https://wellfound.com/jobs,linked_page,4,success_after_fallback
72db27fab062,2026-08-28,ba37ca62f760,echo3D,https://www.echo3d.co/,https://wellfound.com/jobs,"Software Engineer, Provider Growth",https://wellfound.com/jobs/4639982-software-engineer-provider-growth,"Manhattan, NY, United States",Manhattan,NY,United States,Not specified,,,,Core Space,2026-08-28,2026-08-28,https://wellfound.com/jobs,linked_page,4,success_after_fallback
73f5052e79ab,2026-08-28,ba37ca62f760,echo3D,https://www.echo3d.co/,https://wellfound.com/jobs,Software Engineer - Embedded Systems (Cleared),https://wellfound.com/jobs/4639962-software-engineer-embedded-systems-cleared,"Manhattan, NY, United States",Manhattan,NY,United States,Not specified,,,,Core Space,2026-08-28,2026-08-28,https://wellfound.com/jobs,linked_page,4,success_after_fallback
88fb8f25e208,2026-08-28,ba37ca62f760,echo3D,https://www.echo3d.co/,https://wellfound.com/jobs,Senior Product Lead (AI),https://wellfound.com/jobs/4644140-senior-product-lead-ai,"Manhattan, NY, United States",Manhattan,NY,United States,Remote,,,,Core Space,2026-08-28,2026-08-28,https://wellfound.com/jobs,linked_page,4,success_after_fallback
5bb456dee029,2026-08-28,ba37ca62f760,echo3D,https://www.echo3d.co/,https://wellfound.com/jobs,Senior Product Manager,https://wellfound.com/jobs/4640001-senior-product-manager,"Manhattan, NY, United States",Manhattan,NY,United States,Not specified,,,,Core Space,2026-08-28,2026-08-28,https://wellfound.com/jobs,linked_page,4,success_after_fallback
bc61f021c31e,2026-08-28,ba37ca62f760,echo3D,https://www.echo3d.co/,https://wellfound.com/jobs,Senior Product Manager,https://wellfound.com/jobs/3209006-senior-product-manager,"Manhattan, NY, United States",Manhattan,NY,United States,Not specified,,,,Core Space,2026-08-28,2026-08-28,https://wellfound.com/jobs,linked_page,4,success_after_fallback
4d6aeadfa24f,2026-08-28,ba37ca62f760,echo3D,https://www.echo3d.co/,https://wellfound.com/jobs,Senior Product Manager,https://wellfound.com/jobs/4639911-senior-product-manager,"Manhattan, NY, United States",Manhattan,NY,United States,Not specified,,,,Core Space,2026-08-28,2026-08-28,https://wellfound.com/jobs,linked_page,4,success_after_fallback
9977f18d7ee6,2026-08-28,ba37ca62f760,echo3D,https://www.echo3d.co/,https://wellfound.com/jobs,Product Manager,https://wellfound.com/jobs/4639897-product-manager,"Manhattan, NY, United States",Manhattan,NY,United States,On-site,,,,Core Space,2026-08-28,2026-08-28,https://wellfound.com/jobs,linked_page,4,success_after_fallback
aec84d460e6a,2026-08-28,ba37ca62f760,echo3D,https://www.echo3d.co/,https://wellfound.com/jobs,CAD Designer,https://wellfound.com/jobs/3930840-cad-designer,"Manhattan, NY, United States",Manhattan,NY,United States,Not specified,,,,Core Space,2026-08-28,2026-08-28,https://wellfound.com/jobs,linked_page,4,success_after_fallback
dd7963404d26,2026-08-28,ba37ca62f760,echo3D,https://www.echo3d.co/,https://wellfound.com/jobs,"Full-Stack Designer (Brand, Marketing & UI)",https://wellfound.com/jobs/4174641-full-stack-designer-brand-marketing-ui,"Manhattan, NY, United States",Manhattan,NY,United States,Remote,,,,Core Space,2026-08-28,2026-08-28,https://wellfound.com/jobs,linked_page,4,success_after_fallback
337188615355,2026-08-28,ba37ca62f760,echo3D,https://www.echo3d.co/,https://wellfound.com/jobs,Mechanical Designer,https://wellfound.com/jobs/4612617-mechanical-designer,"Manhattan, NY, United States",Manhattan,NY,United States,On-site,,,,Core Space,2026-08-28,2026-08-28,https://wellfound.com/jobs,linked_page,4,success_after_fallback
0de6391a5aff,2026-08-28,ba37ca62f760,echo3D,https://www.echo3d.co/,https://wellfound.com/jobs,Web Developer,https://wellfound.com/jobs/4597705-web-developer,"Manhattan, NY, United States",Manhattan,NY,United States,Remote,,,,Core Space,2026-08-28,2026-08-28,https://wellfound.com/jobs,linked_page,4,success_after_fallback
6f5cf5462f85,2026-08-28,ba37ca62f760,echo3D,https://www.echo3d.co/,https://wellfound.com/jobs,Creative Designer,https://wellfound.com/jobs/4584373-creative-designer,"Manhattan, NY, United States",Manhattan,NY,United States,Remote,,,,Core Space,2026-08-28,2026-08-28,https://wellfound.com/jobs,linked_page,4,success_after_fallback
9bca4d02c0db,2026-08-28,ba37ca62f760,echo3D,https://www.echo3d.co/,https://wellfound.com/jobs,Head of Data Engineering,https://wellfound.com/jobs/4639834-head-of-data-engineering,"Manhattan, NY, United States",Manhattan,NY,United States,On-site,,,,Core Space,2026-08-28,2026-08-28,https://wellfound.com/jobs,linked_page,4,success_after_fallback
907fc405376e,2026-08-28,ba37ca62f760,echo3D,https://www.echo3d.co/,https://wellfound.com/jobs,Senior Data Engineer,https://wellfound.com/jobs/4639801-senior-data-engineer,"Manhattan, NY, United States",Manhattan,NY,United States,On-site,,,,Core Space,2026-08-28,2026-08-28,https://wellfound.com/jobs,linked_page,4,success_after_fallback
1ae8a3eb9c7b,2026-08-28,ba37ca62f760,echo3D,https://www.echo3d.co/,https://wellfound.com/jobs,Database Architect,https://wellfound.com/jobs/4639775-database-architect,"Manhattan, NY, United States",Manhattan,NY,United States,Remote,,,,Core Space,2026-08-28,2026-08-28,https://wellfound.com/jobs,linked_page,4,success_after_fallback
355642baf998,2026-08-28,ba37ca62f760,echo3D,https://www.echo3d.co/,https://wellfound.com/jobs,Principal Data Engineer,https://wellfound.com/jobs/4639752-principal-data-engineer,"Manhattan, NY, United States",Manhattan,NY,United States,Remote,,,,Core Space,2026-08-28,2026-08-28,https://wellfound.com/jobs,linked_page,4,success_after_fallback
67aec5166ab7,2026-08-28,ba37ca62f760,echo3D,https://www.echo3d.co/,https://wellfound.com/jobs,Senior Data and Platform Engineer,https://wellfound.com/jobs/4635079-senior-data-and-platform-engineer,"Manhattan, NY, United States",Manhattan,NY,United States,Remote,,,,Core Space,2026-08-28,2026-08-28,https://wellfound.com/jobs,linked_page,4,success_after_fallback
538965db6fe5,2026-08-28,ba37ca62f760,echo3D,https://www.echo3d.co/,https://wellfound.com/jobs,Director Channel Partnerships,https://wellfound.com/jobs/4634302-director-channel-partnerships,"Manhattan, NY, United States",Manhattan,NY,United States,On-site,,,,Core Space,2026-08-28,2026-08-28,https://wellfound.com/jobs,linked_page,4,success_after_fallback
797df8fdd633,2026-08-28,ba37ca62f760,echo3D,https://www.echo3d.co/,https://wellfound.com/jobs,"Founding Sales Representative, Full Time, Commission Only, US only (Clone)",https://wellfound.com/jobs/4634253-founding-sales-representative-full-time-commission-only-us-only-clone,"Manhattan, NY, United States",Manhattan,NY,United States,Remote,,,,Core Space,2026-08-28,2026-08-28,https://wellfound.com/jobs,linked_page,4,success_after_fallback
f592522549c9,2026-08-28,ba37ca62f760,echo3D,https://www.echo3d.co/,https://wellfound.com/jobs,Solutions Architect,https://wellfound.com/jobs/4632670-solutions-architect,"Manhattan, NY, United States",Manhattan,NY,United States,Not specified,,,,Core Space,2026-08-28,2026-08-28,https://wellfound.com/jobs,linked_page,4,success_after_fallback
8bb24751dfdf,2026-08-28,ba37ca62f760,echo3D,https://www.echo3d.co/,https://wellfound.com/jobs,Sporting Event Sales Representative,https://wellfound.com/jobs/4629957-sporting-event-sales-representative,"Manhattan, NY, United States",Manhattan,NY,United States,On-site,,,,Core Space,2026-08-28,2026-08-28,https://wellfound.com/jobs,linked_page,4,success_after_fallback
c76e6478a00f,2026-08-28,ba37ca62f760,echo3D,https://www.echo3d.co/,https://wellfound.com/jobs,Legal Events Coordinator,https://wellfound.com/jobs/4639826-legal-events-coordinator,"Manhattan, NY, United States",Manhattan,NY,United States,Remote,,,,Core Space,2026-08-28,2026-08-28,https://wellfound.com/jobs,linked_page,4,success_after_fallback
c6fb96ad0bc3,2026-08-28,ba37ca62f760,echo3D,https://www.echo3d.co/,https://wellfound.com/jobs,Senior Marketing Associate - Social & Community,https://wellfound.com/jobs/4639108-senior-marketing-associate-social-community,"Manhattan, NY, United States",Manhattan,NY,United States,On-site,,,,Core Space,2026-08-28,2026-08-28,https://wellfound.com/jobs,linked_page,4,success_after_fallback
7f4cfad6caa1,2026-08-28,ba37ca62f760,echo3D,https://www.echo3d.co/,https://wellfound.com/jobs,Product Operations Manager II,https://wellfound.com/jobs/4642707-product-operations-manager-ii,"Manhattan, NY, United States",Manhattan,NY,United States,Not specified,,,,Core Space,2026-08-28,2026-08-28,https://wellfound.com/jobs,linked_page,4,success_after_fallback
adae068b894a,2026-08-28,ba37ca62f760,echo3D,https://www.echo3d.co/,https://wellfound.com/jobs,Sales Operations Manager,https://wellfound.com/jobs/4640029-sales-operations-manager,"Manhattan, NY, United States",Manhattan,NY,United States,On-site,,,,Core Space,2026-08-28,2026-08-28,https://wellfound.com/jobs,linked_page,4,success_after_fallback
39a835c41a66,2026-08-28,ba37ca62f760,echo3D,https://www.echo3d.co/,https://wellfound.com/jobs,Founding Senior Revenue Operations Manager,https://wellfound.com/jobs/4639006-founding-senior-revenue-operations-manager,"Manhattan, NY, United States",Manhattan,NY,United States,Not specified,,,,Core Space,2026-08-28,2026-08-28,https://wellfound.com/jobs,linked_page,4,success_after_fallback
5bf0a68a4497,2026-08-28,ba37ca62f760,echo3D,https://www.echo3d.co/,https://wellfound.com/jobs,Healthcare Operations Associate,https://wellfound.com/jobs/4634493-healthcare-operations-associate,"Manhattan, NY, United States",Manhattan,NY,United States,On-site,,,,Core Space,2026-08-28,2026-08-28,https://wellfound.com/jobs,linked_page,4,success_after_fallback
e073c7f083ef,2026-08-28,ba37ca62f760,echo3D,https://www.echo3d.co/,https://wellfound.com/jobs,Executive Assistant,https://wellfound.com/jobs/4634489-executive-assistant,"Manhattan, NY, United States",Manhattan,NY,United States,On-site,,,,Core Space,2026-08-28,2026-08-28,https://wellfound.com/jobs,linked_page,4,success_after_fallback
b086dd4d9572,2026-08-28,ba37ca62f760,echo3D,https://www.echo3d.co/,https://wellfound.com/jobs,Technical Recruiter,https://wellfound.com/jobs/4642701-technical-recruiter,"Manhattan, NY, United States",Manhattan,NY,United States,Not specified,,,,Core Space,2026-08-28,2026-08-28,https://wellfound.com/jobs,linked_page,4,success_after_fallback
06fc80884d3d,2026-08-28,ba37ca62f760,echo3D,https://www.echo3d.co/,https://wellfound.com/jobs,Talent Acquisition Coordinator,https://wellfound.com/jobs/4639996-talent-acquisition-coordinator,"Manhattan, NY, United States",Manhattan,NY,United States,Not specified,,,,Core Space,2026-08-28,2026-08-28,https://wellfound.com/jobs,linked_page,4,success_after_fallback
03bde54b9fc1,2026-08-28,ba37ca62f760,echo3D,https://www.echo3d.co/,https://wellfound.com/jobs,Sales Recruiter,https://wellfound.com/jobs/4639957-sales-recruiter,"Manhattan, NY, United States",Manhattan,NY,United States,Remote,,,,Core Space,2026-08-28,2026-08-28,https://wellfound.com/jobs,linked_page,4,success_after_fallback
f548c83953ef,2026-08-28,ba37ca62f760,echo3D,https://www.echo3d.co/,https://wellfound.com/jobs,Technical Recruiter (Fixed Term),https://wellfound.com/jobs/3378164-2-technical-recruiter-fixed-term,"Manhattan, NY, United States",Manhattan,NY,United States,Not specified,,,,Core Space,2026-08-28,2026-08-28,https://wellfound.com/jobs,linked_page,4,success_after_fallback
3e8e24088232,2026-08-28,ba37ca62f760,echo3D,https://www.echo3d.co/,https://wellfound.com/jobs,Finance Manager,https://wellfound.com/jobs/4639919-finance-manager,"Manhattan, NY, United States",Manhattan,NY,United States,Not specified,,,,Core Space,2026-08-28,2026-08-28,https://wellfound.com/jobs,linked_page,4,success_after_fallback
2cf496f2ae37,2026-08-28,ba37ca62f760,echo3D,https://www.echo3d.co/,https://wellfound.com/jobs,Tax Manager,https://wellfound.com/jobs/4639838-tax-manager,"Manhattan, NY, United States",Manhattan,NY,United States,Not specified,,,,Core Space,2026-08-28,2026-08-28,https://wellfound.com/jobs,linked_page,4,success_after_fallback
4ffe8f08ee16,2026-08-28,ba37ca62f760,echo3D,https://www.echo3d.co/,https://wellfound.com/jobs,Remote Software Engineer Jobs,https://wellfound.com/role/r/software-engineer,"Manhattan, NY, United States",Manhattan,NY,United States,Remote,,,,Core Space,2026-08-28,2026-08-28,https://wellfound.com/jobs,linked_page,3,success_after_fallback
a36be93e0048,2026-08-28,ba37ca62f760,echo3D,https://www.echo3d.co/,https://wellfound.com/jobs,Remote Product Manager Jobs,https://wellfound.com/role/r/product-manager,"Manhattan, NY, United States",Manhattan,NY,United States,Remote,,,,Core Space,2026-08-28,2026-08-28,https://wellfound.com/jobs,linked_page,3,success_after_fallback
864abf04a02f,2026-08-28,ba37ca62f760,echo3D,https://www.echo3d.co/,https://wellfound.com/jobs,Remote Data Analyst Jobs,https://wellfound.com/role/r/data-analyst,"Manhattan, NY, United States",Manhattan,NY,United States,Remote,,,,Core Space,2026-08-28,2026-08-28,https://wellfound.com/jobs,linked_page,3,success_after_fallback
c51db9a7fc56,2026-08-28,ba37ca62f760,echo3D,https://www.echo3d.co/,https://wellfound.com/jobs,Remote Product Designer Jobs,https://wellfound.com/role/r/product-designer,"Manhattan, NY, United States",Manhattan,NY,United States,Remote,,,,Core Space,2026-08-28,2026-08-28,https://wellfound.com/jobs,linked_page,3,success_after_fallback
21aa410252f9,2026-08-28,ba37ca62f760,echo3D,https://www.echo3d.co/,https://wellfound.com/jobs,Remote Graphic Designer Jobs,https://wellfound.com/role/r/graphic-designer,"Manhattan, NY, United States",Manhattan,NY,United States,Remote,,,,Core Space,2026-08-28,2026-08-28,https://wellfound.com/jobs,linked_page,3,success_after_fallback
2fcff47c1465,2026-08-28,ba37ca62f760,echo3D,https://www.echo3d.co/,https://wellfound.com/jobs,Remote UI/UX Designer Jobs,https://wellfound.com/role/r/ui-ux-designer,"Manhattan, NY, United States",Manhattan,NY,United States,Remote,,,,Core Space,2026-08-28,2026-08-28,https://wellfound.com/jobs,linked_page,3,success_after_fallback
5c3a89bd8bc7,2026-08-28,ba37ca62f760,echo3D,https://www.echo3d.co/,https://wellfound.com/jobs,Remote Operations Manager Jobs,https://wellfound.com/role/r/operations-manager,"Manhattan, NY, United States",Manhattan,NY,United States,Remote,,,,Core Space,2026-08-28,2026-08-28,https://wellfound.com/jobs,linked_page,3,success_after_fallback
c33e6e97fc39,2026-08-28,ba37ca62f760,echo3D,https://www.echo3d.co/,https://wellfound.com/jobs,Remote Account Manager Jobs,https://wellfound.com/role/r/account-manager,"Manhattan, NY, United States",Manhattan,NY,United States,Remote,,,,Core Space,2026-08-28,2026-08-28,https://wellfound.com/jobs,linked_page,3,success_after_fallback
5217fcd690d9,2026-08-28,ba37ca62f760,echo3D,https://www.echo3d.co/,https://wellfound.com/jobs,Remote Sales Manager Jobs,https://wellfound.com/role/r/sales-manager,"Manhattan, NY, United States",Manhattan,NY,United States,Remote,,,,Core Space,2026-08-28,2026-08-28,https://wellfound.com/jobs,linked_page,3,success_after_fallback
0b7eb8bfe674,2026-08-28,ba37ca62f760,echo3D,https://www.echo3d.co/,https://wellfound.com/jobs,Remote Financial Analyst Jobs,https://wellfound.com/role/r/financial-analyst,"Manhattan, NY, United States",Manhattan,NY,United States,Remote,,,,Core Space,2026-08-28,2026-08-28,https://wellfound.com/jobs,linked_page,3,success_after_fallback
e9149de421e0,2026-08-28,ba37ca62f760,echo3D,https://www.echo3d.co/,https://wellfound.com/jobs,Remote HR Manager Jobs,https://wellfound.com/role/r/hr-manager,"Manhattan, NY, United States",Manhattan,NY,United States,Remote,,,,Core Space,2026-08-28,2026-08-28,https://wellfound.com/jobs,linked_page,3,success_after_fallback
fd08b401b85c,2026-08-28,ba37ca62f760,echo3D,https://www.echo3d.co/,https://wellfound.com/browse/tech-jobs,Smart contract Developer,https://wellfound.com/role/smart-contract-developer,"Manhattan, NY, United States",Manhattan,NY,United States,Not specified,,,,Core Space,2026-08-28,2026-08-28,https://wellfound.com/browse/tech-jobs,linked_page,3,success_after_fallback
e0d5fc14ea4a,2026-08-28,ba37ca62f760,echo3D,https://www.echo3d.co/,https://wellfound.com/browse/remote-tech-jobs,Smart contract Developer,https://wellfound.com/role/r/smart-contract-developer,"Manhattan, NY, United States",Manhattan,NY,United States,Not specified,,,,Core Space,2026-08-28,2026-08-28,https://wellfound.com/browse/remote-tech-jobs,linked_page,3,success_after_fallback
4c5de7249bf4,2026-08-28,ba37ca62f760,echo3D,https://www.echo3d.co/,https://wellfound.com/jobs/1730080-enterprise-account-executive-usa,Enterprise Account Executive (USA),https://wellfound.com/jobs/1730080-enterprise-account-executive-usa,"New York, New York, United States",New York,NY,United States,Remote,100000,150000,"Artificial Intelligence, Insurance, Risk Management, and Big Data Analytics",Core Space,2026-08-28,2026-08-28,https://wellfound.com/jobs/1730080-enterprise-account-executive-usa,linked_page,3,success_after_fallback
3aa393bf69bb,2026-08-28,ba37ca62f760,echo3D,https://www.echo3d.co/,https://wellfound.com/jobs/1959251-enterprise-account-executive,Enterprise Account Executive,https://wellfound.com/jobs/1959251-enterprise-account-executive,"New York, New York, United States",New York,NY,United States,Remote,120000,180000,"Artificial Intelligence, Construction, Predictive Analytics, and Internet of Things",Core Space,2026-08-28,2026-08-28,https://wellfound.com/jobs/1959251-enterprise-account-executive,linked_page,3,success_after_fallback
030ea85014aa,2026-08-28,ba37ca62f760,echo3D,https://www.echo3d.co/,https://wellfound.com/jobs/2282687-manager-business-development-north-america-full-time,2 Ai Powered Private Jet Platform Is Looking For A Partnerships Manager,https://wellfound.com/jobs/2216057-2-ai-powered-private-jet-platform-is-looking-for-a-partnerships-manager,"Manhattan, NY, United States",Manhattan,NY,United States,Not specified,,,,Core Space,2026-08-28,2026-08-28,https://wellfound.com/jobs/2282687-manager-business-development-north-america-full-time,linked_page,4,success_after_fallback
8dd685d54965,2026-08-28,ba37ca62f760,echo3D,https://www.echo3d.co/,https://wellfound.com/jobs/2282687-manager-business-development-north-america-full-time,Director of Sales $10k – $80k • 1.0% – 5.0%,https://wellfound.com/jobs/3372582-director-of-sales,"Manhattan, NY, United States",Manhattan,NY,United States,Not specified,,,,Core Space,2026-08-28,2026-08-28,https://wellfound.com/jobs/2282687-manager-business-development-north-america-full-time,linked_page,4,success_after_fallback
9efed8351e3b,2026-08-28,ba37ca62f760,echo3D,https://www.echo3d.co/,https://wellfound.com/jobs/2282687-manager-business-development-north-america-full-time,Sales Executive Closer Smb Technology Services,https://wellfound.com/jobs/3826499-sales-executive-closer-smb-technology-services,"Manhattan, NY, United States",Manhattan,NY,United States,Not specified,,,,Core Space,2026-08-28,2026-08-28,https://wellfound.com/jobs/2282687-manager-business-development-north-america-full-time,linked_page,4,success_after_fallback
315244a8dcbf,2026-08-28,ba37ca62f760,echo3D,https://www.echo3d.co/,https://wellfound.com/jobs/2282687-manager-business-development-north-america-full-time,IBM Sales Manager $60k – $120k,https://wellfound.com/jobs/3827078-ibm-sales-manager,"Manhattan, NY, United States",Manhattan,NY,United States,Not specified,,,,Core Space,2026-08-28,2026-08-28,https://wellfound.com/jobs/2282687-manager-business-development-north-america-full-time,linked_page,4,success_after_fallback
e07aba4d4e3c,2026-08-28,ba37ca62f760,echo3D,https://www.echo3d.co/,https://wellfound.com/jobs/3096753-account-executive-enterprise,"Account Executive, Enterprise",https://wellfound.com/jobs/3096753-account-executive-enterprise,"New York, New York, United States; California, United States",New York,NY,United States,Not specified,140000,180000,"Financial Services, Finance, Identity Management, and Financial Technology",Core Space,2026-08-28,2026-08-28,https://wellfound.com/jobs/3096753-account-executive-enterprise,linked_page,3,success_after_fallback
93df433add06,2026-08-28,b0d788b8ea7e,ENSCO Avionics,https://www.ensco.com/aerospace/avionics-engineering-certification,https://job-boards.greenhouse.io/ensco,"Assistant Controller Vienna, Virginia, United States",https://job-boards.greenhouse.io/ensco/jobs/5389049008,"Vienna, Virginia, United States",Vienna,VA,United States,Not specified,,,,Aerospace,2026-08-28,2026-08-28,https://job-boards.greenhouse.io/ensco,known_careers_url,5,success
30cd0322985c,2026-08-28,b0d788b8ea7e,ENSCO Avionics,https://www.ensco.com/aerospace/avionics-engineering-certification,https://job-boards.greenhouse.io/ensco,"Avionics Logistics Engineer II Endicott, New York, United States",https://job-boards.greenhouse.io/ensco/jobs/5214130008,"Endicott, New York, United States",Endicott,NY,United States,Not specified,,,,Aerospace,2026-08-28,2026-08-28,https://job-boards.greenhouse.io/ensco,known_careers_url,5,success
18bbfc625340,2026-08-28,b0d788b8ea7e,ENSCO Avionics,https://www.ensco.com/aerospace/avionics-engineering-certification,https://job-boards.greenhouse.io/ensco,"Avionics Software Engineer III Endicott, New York, United States",https://job-boards.greenhouse.io/ensco/jobs/5160122008,"Endicott, New York, United States",Endicott,NY,United States,Not specified,,,,Aerospace,2026-08-28,2026-08-28,https://job-boards.greenhouse.io/ensco,known_careers_url,5,success
d017476ce36f,2026-08-28,b0d788b8ea7e,ENSCO Avionics,https://www.ensco.com/aerospace/avionics-engineering-certification,https://job-boards.greenhouse.io/ensco,"Computer Support Specialist Colorado Springs, Colorado, United States",https://job-boards.greenhouse.io/ensco/jobs/5387813008,"Colorado Springs, Colorado, United States",Colorado Springs,CO,United States,Not specified,,,,Aerospace,2026-08-28,2026-08-28,https://job-boards.greenhouse.io/ensco,known_careers_url,5,success
85bbff793bfc,2026-08-28,b0d788b8ea7e,ENSCO Avionics,https://www.ensco.com/aerospace/avionics-engineering-certification,https://job-boards.greenhouse.io/ensco,"Configuration Management Specialist El Segundo, California, United States",https://job-boards.greenhouse.io/ensco/jobs/5361928008,"El Segundo, California, United States",El Segundo,CA,United States,Not specified,,,,Aerospace,2026-08-28,2026-08-28,https://job-boards.greenhouse.io/ensco,known_careers_url,5,success
78d0b807ba6a,2026-08-28,b0d788b8ea7e,ENSCO Avionics,https://www.ensco.com/aerospace/avionics-engineering-certification,https://job-boards.greenhouse.io/ensco,"Electrical Engineer / Board Designer Endicott, New York, United States",https://job-boards.greenhouse.io/ensco/jobs/5349135008,"Endicott, New York, United States",Endicott,NY,United States,Not specified,,,,Aerospace,2026-08-28,2026-08-28,https://job-boards.greenhouse.io/ensco,known_careers_url,5,success
08b2d8483858,2026-08-28,b0d788b8ea7e,ENSCO Avionics,https://www.ensco.com/aerospace/avionics-engineering-certification,https://job-boards.greenhouse.io/ensco,"Embedded Software Engineer Endicott, New York, United States",https://job-boards.greenhouse.io/ensco/jobs/5349198008,"Endicott, New York, United States",Endicott,NY,United States,Not specified,,,,Aerospace,2026-08-28,2026-08-28,https://job-boards.greenhouse.io/ensco,known_careers_url,5,success
ab3a86522c0f,2026-08-28,b0d788b8ea7e,ENSCO Avionics,https://www.ensco.com/aerospace/avionics-engineering-certification,https://job-boards.greenhouse.io/ensco,"Enterprise Architect Fort Washington, Maryland, United States; Warrenton, Virginia, United States",https://job-boards.greenhouse.io/ensco/jobs/5286837008,"Fort Washington, Maryland, United States; Warrenton, Virginia, United States",Fort Washington,MD,United States,Not specified,,,,Aerospace,2026-08-28,2026-08-28,https://job-boards.greenhouse.io/ensco,known_careers_url,5,success
0cb6758b522a,2026-08-28,b0d788b8ea7e,ENSCO Avionics,https://www.ensco.com/aerospace/avionics-engineering-certification,https://job-boards.greenhouse.io/ensco,"Environmental Health & Safety (EHS) Specialist Pueblo, Colorado, United States",https://job-boards.greenhouse.io/ensco/jobs/5380647008,"Pueblo, Colorado, United States",Pueblo,CO,United States,Not specified,,,,Aerospace,2026-08-28,2026-08-28,https://job-boards.greenhouse.io/ensco,known_careers_url,5,success
44cec47aec75,2026-08-28,b0d788b8ea7e,ENSCO Avionics,https://www.ensco.com/aerospace/avionics-engineering-certification,https://job-boards.greenhouse.io/ensco,"Field Service Engineer Chambersburg, Pennsylvania, United States",https://job-boards.greenhouse.io/ensco/jobs/5268029008,"Chambersburg, Pennsylvania, United States",Chambersburg,PA,United States,Not specified,,,,Aerospace,2026-08-28,2026-08-28,https://job-boards.greenhouse.io/ensco,known_careers_url,5,success
0a8d11a57921,2026-08-28,b0d788b8ea7e,ENSCO Avionics,https://www.ensco.com/aerospace/avionics-engineering-certification,https://job-boards.greenhouse.io/ensco,"FPGA Designer Endicott, New York, United States",https://job-boards.greenhouse.io/ensco/jobs/5349060008,"Endicott, New York, United States",Endicott,NY,United States,Not specified,,,,Aerospace,2026-08-28,2026-08-28,https://job-boards.greenhouse.io/ensco,known_careers_url,5,success
72f3e05bafe1,2026-08-28,b0d788b8ea7e,ENSCO Avionics,https://www.ensco.com/aerospace/avionics-engineering-certification,https://job-boards.greenhouse.io/ensco,"Junior Enterprise Architect Fort Washington, Maryland, United States; Warrenton, Virginia, United States",https://job-boards.greenhouse.io/ensco/jobs/5286847008,"Fort Washington, Maryland, United States; Warrenton, Virginia, United States",Fort Washington,MD,United States,Not specified,,,,Aerospace,2026-08-28,2026-08-28,https://job-boards.greenhouse.io/ensco,known_careers_url,5,success
c0b48621c24a,2026-08-28,b0d788b8ea7e,ENSCO Avionics,https://www.ensco.com/aerospace/avionics-engineering-certification,https://job-boards.greenhouse.io/ensco,"Junior Scientific Data Analyst Melbourne, Florida, United States",https://job-boards.greenhouse.io/ensco/jobs/5354767008,"Melbourne, Florida, United States",Melbourne,FL,United States,Not specified,,,,Aerospace,2026-08-28,2026-08-28,https://job-boards.greenhouse.io/ensco,known_careers_url,5,success
9efbb6b72098,2026-08-28,b0d788b8ea7e,ENSCO Avionics,https://www.ensco.com/aerospace/avionics-engineering-certification,https://job-boards.greenhouse.io/ensco,"Junior Technician Chambersburg, Pennsylvania, United States",https://job-boards.greenhouse.io/ensco/jobs/5238947008,"Chambersburg, Pennsylvania, United States",Chambersburg,PA,United States,Not specified,,,,Aerospace,2026-08-28,2026-08-28,https://job-boards.greenhouse.io/ensco,known_careers_url,5,success
4c926dfe0b51,2026-08-28,b0d788b8ea7e,ENSCO Avionics,https://www.ensco.com/aerospace/avionics-engineering-certification,https://job-boards.greenhouse.io/ensco,"Junior Technician Chambersburg, Pennsylvania, United States",https://job-boards.greenhouse.io/ensco/jobs/5384815008,"Chambersburg, Pennsylvania, United States",Chambersburg,PA,United States,Not specified,,,,Aerospace,2026-08-28,2026-08-28,https://job-boards.greenhouse.io/ensco,known_careers_url,5,success
e03d2c0385d4,2026-08-28,b0d788b8ea7e,ENSCO Avionics,https://www.ensco.com/aerospace/avionics-engineering-certification,https://job-boards.greenhouse.io/ensco,"Marketing & Communications Specialist New Vienna, Virginia, United States",https://job-boards.greenhouse.io/ensco/jobs/5406923008,"Vienna, Virginia, United States",Vienna,VA,United States,Not specified,,,,Aerospace,2026-08-28,2026-08-28,https://job-boards.greenhouse.io/ensco,known_careers_url,5,success
58f245b6716a,2026-08-28,b0d788b8ea7e,ENSCO Avionics,https://www.ensco.com/aerospace/avionics-engineering-certification,https://job-boards.greenhouse.io/ensco,"Mechanical Engineer Endicott, New York, United States",https://job-boards.greenhouse.io/ensco/jobs/5350248008,"Endicott, New York, United States",Endicott,NY,United States,Not specified,,,,Aerospace,2026-08-28,2026-08-28,https://job-boards.greenhouse.io/ensco,known_careers_url,5,success
715baa73919d,2026-08-28,b0d788b8ea7e,ENSCO Avionics,https://www.ensco.com/aerospace/avionics-engineering-certification,https://job-boards.greenhouse.io/ensco,"Operations Planner Colorado Springs, Colorado, United States",https://job-boards.greenhouse.io/ensco/jobs/5397506008,"Colorado Springs, Colorado, United States",Colorado Springs,CO,United States,Not specified,,,,Aerospace,2026-08-28,2026-08-28,https://job-boards.greenhouse.io/ensco,known_careers_url,5,success
deeb090aff48,2026-08-28,b0d788b8ea7e,ENSCO Avionics,https://www.ensco.com/aerospace/avionics-engineering-certification,https://job-boards.greenhouse.io/ensco,"Program Security Specialist New Albuquerque, New Mexico, United States",https://job-boards.greenhouse.io/ensco/jobs/5398570008,"Albuquerque, New Mexico, United States",Albuquerque,NM,United States,Not specified,,,,Aerospace,2026-08-28,2026-08-28,https://job-boards.greenhouse.io/ensco,known_careers_url,5,success
3656344df8eb,2026-08-28,b0d788b8ea7e,ENSCO Avionics,https://www.ensco.com/aerospace/avionics-engineering-certification,https://job-boards.greenhouse.io/ensco,"Scientific Data Analyst Melbourne, Florida, United States",https://job-boards.greenhouse.io/ensco/jobs/5279479008,"Melbourne, Florida, United States",Melbourne,FL,United States,Not specified,,,,Aerospace,2026-08-28,2026-08-28,https://job-boards.greenhouse.io/ensco,known_careers_url,5,success
fbf9a39f69a3,2026-08-28,b0d788b8ea7e,ENSCO Avionics,https://www.ensco.com/aerospace/avionics-engineering-certification,https://job-boards.greenhouse.io/ensco,"Senior Operations Planner Colorado Springs, Colorado, United States",https://job-boards.greenhouse.io/ensco/jobs/5398007008,"Colorado Springs, Colorado, United States",Colorado Springs,CO,United States,Not specified,,,,Aerospace,2026-08-28,2026-08-28,https://job-boards.greenhouse.io/ensco,known_careers_url,5,success
3b2ad96ac381,2026-08-28,b0d788b8ea7e,ENSCO Avionics,https://www.ensco.com/aerospace/avionics-engineering-certification,https://job-boards.greenhouse.io/ensco,"Senior Program Systems Integration Engineer El Segundo, California, United States",https://job-boards.greenhouse.io/ensco/jobs/5361966008,"El Segundo, California, United States",El Segundo,CA,United States,Not specified,,,,Aerospace,2026-08-28,2026-08-28,https://job-boards.greenhouse.io/ensco,known_careers_url,5,success
bd440d6f284c,2026-08-28,b0d788b8ea7e,ENSCO Avionics,https://www.ensco.com/aerospace/avionics-engineering-certification,https://job-boards.greenhouse.io/ensco,"Senior Project Analyst Albuquerque, New Mexico, United States",https://job-boards.greenhouse.io/ensco/jobs/5397554008,"Albuquerque, New Mexico, United States",Albuquerque,NM,United States,Not specified,,,,Aerospace,2026-08-28,2026-08-28,https://job-boards.greenhouse.io/ensco,known_careers_url,5,success
2ab7d9520b39,2026-08-28,b0d788b8ea7e,ENSCO Avionics,https://www.ensco.com/aerospace/avionics-engineering-certification,https://job-boards.greenhouse.io/ensco,"Senior Project Analyst - Part-Time Colorado Springs, Colorado, United States",https://job-boards.greenhouse.io/ensco/jobs/5397543008,"Colorado Springs, Colorado, United States",Colorado Springs,CO,United States,Not specified,,,,Aerospace,2026-08-28,2026-08-28,https://job-boards.greenhouse.io/ensco,known_careers_url,5,success
6ad05658c5e8,2026-08-28,b0d788b8ea7e,ENSCO Avionics,https://www.ensco.com/aerospace/avionics-engineering-certification,https://job-boards.greenhouse.io/ensco,"Senior Project Manager Pueblo, Colorado, United States",https://job-boards.greenhouse.io/ensco/jobs/5384887008,"Pueblo, Colorado, United States",Pueblo,CO,United States,Not specified,,,,Aerospace,2026-08-28,2026-08-28,https://job-boards.greenhouse.io/ensco,known_careers_url,5,success
4e41a2ff7770,2026-08-28,b0d788b8ea7e,ENSCO Avionics,https://www.ensco.com/aerospace/avionics-engineering-certification,https://job-boards.greenhouse.io/ensco,"Senior Software Systems Engineer Endicott, New York, United States",https://job-boards.greenhouse.io/ensco/jobs/5219423008,"Endicott, New York, United States",Endicott,NY,United States,Not specified,,,,Aerospace,2026-08-28,2026-08-28,https://job-boards.greenhouse.io/ensco,known_careers_url,5,success
e36cb3cede9d,2026-08-28,b0d788b8ea7e,ENSCO Avionics,https://www.ensco.com/aerospace/avionics-engineering-certification,https://job-boards.greenhouse.io/ensco,"Senior Staff Engineer Colorado Springs, Colorado, United States",https://job-boards.greenhouse.io/ensco/jobs/5398017008,"Colorado Springs, Colorado, United States",Colorado Springs,CO,United States,Not specified,,,,Aerospace,2026-08-28,2026-08-28,https://job-boards.greenhouse.io/ensco,known_careers_url,5,success
59c84a5b209a,2026-08-28,b0d788b8ea7e,ENSCO Avionics,https://www.ensco.com/aerospace/avionics-engineering-certification,https://job-boards.greenhouse.io/ensco,"Senior Sustainment Systems Engineer Colorado Springs, Colorado, United States",https://job-boards.greenhouse.io/ensco/jobs/5231434008,"Colorado Springs, Colorado, United States",Colorado Springs,CO,United States,Not specified,,,,Aerospace,2026-08-28,2026-08-28,https://job-boards.greenhouse.io/ensco,known_careers_url,5,success
5e21881dd2f0,2026-08-28,b0d788b8ea7e,ENSCO Avionics,https://www.ensco.com/aerospace/avionics-engineering-certification,https://job-boards.greenhouse.io/ensco,"Software Delivery Lead Colorado Springs, Colorado, United States; El Segundo, California, United States",https://job-boards.greenhouse.io/ensco/jobs/5361886008,"Colorado Springs, Colorado, United States; El Segundo, California, United States",Colorado Springs,CO,United States,Not specified,,,,Aerospace,2026-08-28,2026-08-28,https://job-boards.greenhouse.io/ensco,known_careers_url,5,success
4240676814b9,2026-08-28,b0d788b8ea7e,ENSCO Avionics,https://www.ensco.com/aerospace/avionics-engineering-certification,https://job-boards.greenhouse.io/ensco,"Software Developer Colorado Springs, Colorado, United States",https://job-boards.greenhouse.io/ensco/jobs/5287243008,"Colorado Springs, Colorado, United States",Colorado Springs,CO,United States,Not specified,,,,Aerospace,2026-08-28,2026-08-28,https://job-boards.greenhouse.io/ensco,known_careers_url,5,success
2b0fe1affc44,2026-08-28,b0d788b8ea7e,ENSCO Avionics,https://www.ensco.com/aerospace/avionics-engineering-certification,https://job-boards.greenhouse.io/ensco,"Software Developer Melbourne, Florida, United States",https://job-boards.greenhouse.io/ensco/jobs/5384918008,"Melbourne, Florida, United States",Melbourne,FL,United States,Not specified,,,,Aerospace,2026-08-28,2026-08-28,https://job-boards.greenhouse.io/ensco,known_careers_url,5,success
49d8eb860e09,2026-08-28,b0d788b8ea7e,ENSCO Avionics,https://www.ensco.com/aerospace/avionics-engineering-certification,https://job-boards.greenhouse.io/ensco,"Software Verification Engineer Endicott, New York, United States",https://job-boards.greenhouse.io/ensco/jobs/5078558008,"Endicott, New York, United States",Endicott,NY,United States,Not specified,,,,Aerospace,2026-08-28,2026-08-28,https://job-boards.greenhouse.io/ensco,known_careers_url,5,success
093154c2f256,2026-08-28,b0d788b8ea7e,ENSCO Avionics,https://www.ensco.com/aerospace/avionics-engineering-certification,https://job-boards.greenhouse.io/ensco,"Strategic MBSE Requirements & ICD Lead El Segundo, California, United States",https://job-boards.greenhouse.io/ensco/jobs/5362002008,"El Segundo, California, United States",El Segundo,CA,United States,Not specified,,,,Aerospace,2026-08-28,2026-08-28,https://job-boards.greenhouse.io/ensco,known_careers_url,5,success
3226c8c5d001,2026-08-28,b0d788b8ea7e,ENSCO Avionics,https://www.ensco.com/aerospace/avionics-engineering-certification,https://job-boards.greenhouse.io/ensco,"Strategic Requirements Systems Engineer El Segundo, California, United States",https://job-boards.greenhouse.io/ensco/jobs/5361950008,"El Segundo, California, United States",El Segundo,CA,United States,Not specified,,,,Aerospace,2026-08-28,2026-08-28,https://job-boards.greenhouse.io/ensco,known_careers_url,5,success
9fb03e5525ff,2026-08-28,b0d788b8ea7e,ENSCO Avionics,https://www.ensco.com/aerospace/avionics-engineering-certification,https://job-boards.greenhouse.io/ensco,"Sustainment Test & Evaluation Engineer Colorado Springs, Colorado, United States",https://job-boards.greenhouse.io/ensco/jobs/5264672008,"Colorado Springs, Colorado, United States",Colorado Springs,CO,United States,Not specified,,,,Aerospace,2026-08-28,2026-08-28,https://job-boards.greenhouse.io/ensco,known_careers_url,5,success
b4856c49793d,2026-08-28,b0d788b8ea7e,ENSCO Avionics,https://www.ensco.com/aerospace/avionics-engineering-certification,https://job-boards.greenhouse.io/ensco,"Systems Engineer - Mission Integration & Capability Delivery Albuquerque, New Mexico, United States",https://job-boards.greenhouse.io/ensco/jobs/5397561008,"Albuquerque, New Mexico, United States",Albuquerque,NM,United States,Not specified,,,,Aerospace,2026-08-28,2026-08-28,https://job-boards.greenhouse.io/ensco,known_careers_url,5,success
2c2ccd6e7de4,2026-08-28,b0d788b8ea7e,ENSCO Avionics,https://www.ensco.com/aerospace/avionics-engineering-certification,https://job-boards.greenhouse.io/ensco,"Technical Director New Albuquerque, New Mexico, United States",https://job-boards.greenhouse.io/ensco/jobs/5398092008,"Albuquerque, New Mexico, United States",Albuquerque,NM,United States,Not specified,,,,Aerospace,2026-08-28,2026-08-28,https://job-boards.greenhouse.io/ensco,known_careers_url,5,success
10176d1dcf90,2026-08-28,b0d788b8ea7e,ENSCO Avionics,https://www.ensco.com/aerospace/avionics-engineering-certification,https://job-boards.greenhouse.io/ensco,"Test Equipment Engineer Endicott, New York, United States",https://job-boards.greenhouse.io/ensco/jobs/5285597008,"Endicott, New York, United States",Endicott,NY,United States,Not specified,,,,Aerospace,2026-08-28,2026-08-28,https://job-boards.greenhouse.io/ensco,known_careers_url,5,success
22f87ce948f3,2026-08-28,5e6b2d8a10cd,Flexim Americas,https://www.flexim.com/us,https://joinhandshake.com/early-talent-awards/2026/emerson,Associate Technical Training Instructor,https://app.joinhandshake.com/public/jobs/11098979,"Pittsburgh, Pennsylvania, US; Pittsburgh, Pennsylvania, US",Pittsburgh,PA,United States,Not specified,70000,80000,,Aerospace,2026-08-28,2026-08-28,https://joinhandshake.com/early-talent-awards/2026/emerson,linked_page,4,success_after_fallback
0f0ed6339532,2026-08-28,5e6b2d8a10cd,Flexim Americas,https://www.flexim.com/us,https://joinhandshake.com/early-talent-awards/2026/emerson,Inside Sales Engineer,https://app.joinhandshake.com/public/jobs/11293597,"Boulder, Colorado, US",Boulder,CO,United States,Not specified,70000,74000,,Aerospace,2026-08-28,2026-08-28,https://joinhandshake.com/early-talent-awards/2026/emerson,linked_page,4,success_after_fallback
c0c8f2a6a7fd,2026-08-28,5e6b2d8a10cd,Flexim Americas,https://www.flexim.com/us,https://joinhandshake.com/early-talent-awards/2026/emerson,Manufacturing Engineer,https://app.joinhandshake.com/public/jobs/11289884,"Minneapolis, Minnesota, US",Minneapolis,MN,United States,Not specified,70000,74000,,Aerospace,2026-08-28,2026-08-28,https://joinhandshake.com/early-talent-awards/2026/emerson,linked_page,4,success_after_fallback
97706cc9a709,2026-08-28,5e6b2d8a10cd,Flexim Americas,https://www.flexim.com/us,https://joinhandshake.com/early-talent-awards/2026/emerson,Quality Engineer,https://app.joinhandshake.com/public/jobs/11235277,"Ash Flat, Arkansas, US",Ash Flat,AR,United States,Not specified,,,,Aerospace,2026-08-28,2026-08-28,https://joinhandshake.com/early-talent-awards/2026/emerson,linked_page,4,success_after_fallback
328a99811208,2026-08-28,5e6b2d8a10cd,Flexim Americas,https://www.flexim.com/us,https://joinhandshake.com/early-talent-awards/2026/emerson,Sales and Applications Engineer,https://app.joinhandshake.com/public/jobs/11235358,"Marshalltown, Iowa, US",Marshalltown,IA,United States,Not specified,,,,Aerospace,2026-08-28,2026-08-28,https://joinhandshake.com/early-talent-awards/2026/emerson,linked_page,4,success_after_fallback
2418a2e450f4,2026-08-28,5e6b2d8a10cd,Flexim Americas,https://www.flexim.com/us,https://joinhandshake.com/students/whos-hiring,Office Intern at Summit Careers Inc.,https://app.joinhandshake.com/public/jobs/11357719,"Brentwood, NY, United States",Brentwood,NY,United States,Not specified,,,,Aerospace,2026-08-28,2026-08-28,https://joinhandshake.com/students/whos-hiring,linked_page,4,success_after_fallback
4691778b7cd8,2026-08-28,5e6b2d8a10cd,Flexim Americas,https://www.flexim.com/us,https://joinhandshake.com/students/whos-hiring,"Spring 2028 Audit & Tax Intern - Chicago, Ilinios at Vrakas CPAs + Advisors",https://app.joinhandshake.com/public/jobs/11357708,"Brentwood, NY, United States",Brentwood,NY,United States,Not specified,,,,Aerospace,2026-08-28,2026-08-28,https://joinhandshake.com/students/whos-hiring,linked_page,4,success_after_fallback
706627a4d431,2026-08-28,5e6b2d8a10cd,Flexim Americas,https://www.flexim.com/us,https://joinhandshake.com/students/whos-hiring,Software Development Intern at Sysco Corporation,https://app.joinhandshake.com/public/jobs/11357649,"Brentwood, NY, United States",Brentwood,NY,United States,Not specified,,,,Aerospace,2026-08-28,2026-08-28,https://joinhandshake.com/students/whos-hiring,linked_page,4,success_after_fallback
0110b246ae2e,2026-08-28,5e6b2d8a10cd,Flexim Americas,https://www.flexim.com/us,https://joinhandshake.com/students/whos-hiring,Intern Art Teacher at CalColor Academy,https://app.joinhandshake.com/public/jobs/11357603,"Brentwood, NY, United States",Brentwood,NY,United States,Not specified,,,,Aerospace,2026-08-28,2026-08-28,https://joinhandshake.com/students/whos-hiring,linked_page,4,success_after_fallback
4d569b92a1da,2026-08-28,5e6b2d8a10cd,Flexim Americas,https://www.flexim.com/us,https://joinhandshake.com/students/whos-hiring,"(#R0037354) Manufacturing, Process & Operational Excellence Engineering Intern (Summer 2027) at Schreiber Foods",https://app.joinhandshake.com/public/jobs/11357767,"Brentwood, NY, United States",Brentwood,NY,United States,Not specified,,,,Aerospace,2026-08-28,2026-08-28,https://joinhandshake.com/students/whos-hiring,linked_page,4,success_after_fallback
ed7668478005,2026-08-28,5e6b2d8a10cd,Flexim Americas,https://www.flexim.com/us,https://joinhandshake.com/students/whos-hiring,"Clinical Assistant at Hanger, Inc",https://app.joinhandshake.com/public/jobs/11357762,"Brentwood, NY, United States",Brentwood,NY,United States,Not specified,,,,Aerospace,2026-08-28,2026-08-28,https://joinhandshake.com/students/whos-hiring,linked_page,4,success_after_fallback
306254563463,2026-08-28,5e6b2d8a10cd,Flexim Americas,https://www.flexim.com/us,https://joinhandshake.com/students/whos-hiring,Preschool Lead Teacher at YWCA Greater Cleveland,https://app.joinhandshake.com/public/jobs/11357765,"Brentwood, NY, United States",Brentwood,NY,United States,Not specified,,,,Aerospace,2026-08-28,2026-08-28,https://joinhandshake.com/students/whos-hiring,linked_page,4,success_after_fallback
008d48e23d7e,2026-08-28,5e6b2d8a10cd,Flexim Americas,https://www.flexim.com/us,https://joinhandshake.com/students/whos-hiring,Visitor Services Coordinator at Park City Chamber of Commerce & Visitors Bureau,https://app.joinhandshake.com/public/jobs/11357753,"Brentwood, NY, United States",Brentwood,NY,United States,Not specified,,,,Aerospace,2026-08-28,2026-08-28,https://joinhandshake.com/students/whos-hiring,linked_page,4,success_after_fallback
85267eacb05c,2026-08-28,5e6b2d8a10cd,Flexim Americas,https://www.flexim.com/us,https://joinhandshake.com/students/whos-hiring,Director of Nursing at Peaceful Pines Senior Living,https://app.joinhandshake.com/public/jobs/11357764,"Brentwood, NY, United States",Brentwood,NY,United States,Not specified,,,,Aerospace,2026-08-28,2026-08-28,https://joinhandshake.com/students/whos-hiring,linked_page,4,success_after_fallback
f72194179d9c,2026-08-28,5e6b2d8a10cd,Flexim Americas,https://www.flexim.com/us,https://joinhandshake.com/students/whos-hiring,Seasonal Sales Associate at Onia,https://app.joinhandshake.com/public/jobs/11357739,"Brentwood, NY, United States",Brentwood,NY,United States,Not specified,,,,Aerospace,2026-08-28,2026-08-28,https://joinhandshake.com/students/whos-hiring,linked_page,4,success_after_fallback
bd48fc543a63,2026-08-28,9c006685bfd8,General Dynamics,https://www.gdit.com/,https://www.gdit.com/careers/areas-of-expertise,Corporate Operations,https://www.gdit.com/careers/featured-career-paths/corporate-operations,"Rensselaer, NY, United States",Rensselaer,NY,United States,Not specified,,,,Core Space,2026-08-28,2026-08-28,https://www.gdit.com/careers/areas-of-expertise,linked_page,3,success_after_fallback
8cc96cd7ca2c,2026-08-28,22f272cffdda,GI Aerospace,https://www.giaerospace.com/,https://www.gicorp.com/careers/opportunities,Procurement and Sales Coordinator,https://www.gicorp.com/careers/engineering/311-procurement-sales-coordinator,"Kochi, Kerala, India",Kochi,Kerala,India,Not specified,,,,Aerospace,2026-08-28,2026-08-28,https://www.gicorp.com/careers/opportunities,known_careers_url,4,success
73d48c20870d,2026-08-28,22f272cffdda,GI Aerospace,https://www.giaerospace.com/,https://www.gicorp.com/careers/opportunities,Procurement and Sales Coordinator,https://www.gicorp.com/careers/engineering/312-procurement-sales-coordinator,"Dubai, United Arab Emirates",Dubai,,United Arab Emirates,Not specified,,,,Aerospace,2026-08-28,2026-08-28,https://www.gicorp.com/careers/opportunities,known_careers_url,4,success
6980f4a1dae3,2026-08-28,22f272cffdda,GI Aerospace,https://www.giaerospace.com/,https://www.gicorp.com/careers/opportunities,CNC Swiss Lathe Operator - Air Conditioned Facility,https://www.gicorp.com/careers/corp/740-cnc-lathe-machinist,"Houston, TX, United States",Houston,TX,United States,Not specified,,,,Aerospace,2026-08-28,2026-08-28,https://www.gicorp.com/careers/opportunities,known_careers_url,4,success
16834486b237,2026-08-28,22f272cffdda,GI Aerospace,https://www.giaerospace.com/,https://www.gicorp.com/careers/opportunities,Warehouse Associate / Packer,https://www.gicorp.com/careers/pacificsystems/902-warehouse-associate,"Houston, TX, United States",Houston,TX,United States,Not specified,,,,Aerospace,2026-08-28,2026-08-28,https://www.gicorp.com/careers/opportunities,known_careers_url,4,success
e1334ec3197a,2026-08-28,22f272cffdda,GI Aerospace,https://www.giaerospace.com/,https://www.gicorp.com/careers/opportunities,DoD Contractor - Military Packaging Associate,https://www.gicorp.com/careers/pacificsystems/901-packaging-administrator,"Houston, TX, United States",Houston,TX,United States,Not specified,,,,Aerospace,2026-08-28,2026-08-28,https://www.gicorp.com/careers/opportunities,known_careers_url,4,success
cf76937925a1,2026-08-28,22f272cffdda,GI Aerospace,https://www.giaerospace.com/,https://www.gicorp.com/careers/opportunities,Full-Stack Developer - Python & Javascript,https://www.gicorp.com/careers/corp/731-full-stack-developer,"Kochi, Kerala, India",Kochi,Kerala,India,Not specified,,,,Aerospace,2026-08-28,2026-08-28,https://www.gicorp.com/careers/opportunities,known_careers_url,4,success
6c8504dad2fd,2026-08-28,22f272cffdda,GI Aerospace,https://www.giaerospace.com/,https://www.gicorp.com/careers/opportunities,Python Developer - Django,https://www.gicorp.com/careers/corp/732-python-developer-django,"Kochi, Kerala, India",Kochi,Kerala,India,Not specified,,,,Aerospace,2026-08-28,2026-08-28,https://www.gicorp.com/careers/opportunities,known_careers_url,4,success
1e0fd893ba57,2026-08-28,22f272cffdda,GI Aerospace,https://www.giaerospace.com/,https://www.gicorp.com/careers/opportunities,UI / UX Designer,https://www.gicorp.com/careers/consulting/706-ui-ux-designer,"Kochi, Kerala, India",Kochi,Kerala,India,Not specified,,,,Aerospace,2026-08-28,2026-08-28,https://www.gicorp.com/careers/opportunities,known_careers_url,4,success
40ffeb81575d,2026-08-28,22f272cffdda,GI Aerospace,https://www.giaerospace.com/,https://www.gicorp.com/careers/opportunities,Creative Designer - Web and Print,https://www.gicorp.com/careers/corp/734-creative-designer,"Kochi, Kerala, India",Kochi,Kerala,India,Not specified,,,,Aerospace,2026-08-28,2026-08-28,https://www.gicorp.com/careers/opportunities,known_careers_url,4,success
1255dd6cfdd8,2026-08-28,22f272cffdda,GI Aerospace,https://www.giaerospace.com/,https://www.gicorp.com/careers/opportunities,Windows System Administrator,https://www.gicorp.com/careers/corp/738-windows-system-administrator,"Kochi, Kerala, India",Kochi,Kerala,India,Not specified,,,,Aerospace,2026-08-28,2026-08-28,https://www.gicorp.com/careers/opportunities,known_careers_url,4,success
fff41ec9a9cb,2026-08-28,22f272cffdda,GI Aerospace,https://www.giaerospace.com/,https://www.gicorp.com/careers/opportunities,EU Operations & Sales Manager,https://www.gicorp.com/careers/europe/501-eu-operations-sales-manager,"Rotterdam, Netherlands",Rotterdam,,Netherlands,Not specified,,,,Aerospace,2026-08-28,2026-08-28,https://www.gicorp.com/careers/opportunities,known_careers_url,4,success
0c572d500ee6,2026-08-28,22f272cffdda,GI Aerospace,https://www.giaerospace.com/,https://www.gicorp.com/careers/opportunities,Aircraft Assembly Tools - Sales,https://www.gicorp.com/careers/wescon/405-aircraft-assembly-tools-sales,"Houston, TX, United States",Houston,TX,United States,Not specified,,,,Aerospace,2026-08-28,2026-08-28,https://www.gicorp.com/careers/opportunities,known_careers_url,4,success
3f5004c79f36,2026-08-28,22f272cffdda,GI Aerospace,https://www.giaerospace.com/,https://www.gicorp.com/careers/opportunities,Sales Engineer - Electrical,https://www.gicorp.com/careers/engineering/315-sales-engineer-elecrical,"Kochi, Kerala, India",Kochi,Kerala,India,Not specified,,,,Aerospace,2026-08-28,2026-08-28,https://www.gicorp.com/careers/opportunities,known_careers_url,4,success
c9b04257d48a,2026-08-28,22f272cffdda,GI Aerospace,https://www.giaerospace.com/,https://www.gicorp.com/careers/opportunities,Power Transformers (132kV and above) Testing & Commissioning Engineer,https://www.gicorp.com/careers/engineering/307-Transformer-Testing-Commissioning-Engineer,"Dubai, United Arab Emirates",Dubai,,United Arab Emirates,Not specified,,,,Aerospace,2026-08-28,2026-08-28,https://www.gicorp.com/careers/opportunities,known_careers_url,4,success
9dd297bf7d6b,2026-08-28,22f272cffdda,GI Aerospace,https://www.giaerospace.com/,https://www.gicorp.com/careers/opportunities,Aviation Tools Sales Manager - Europe,https://www.gicorp.com/careers/wescon/403-aviation-tools-sales-manager-europe,"United Kingdom, European Union",,,United Kingdom,Not specified,,,,Aerospace,2026-08-28,2026-08-28,https://www.gicorp.com/careers/opportunities,known_careers_url,4,success
348a3cd2baa2,2026-08-28,22f272cffdda,GI Aerospace,https://www.giaerospace.com/,https://www.gicorp.com/careers/opportunities,Aviation Tools Sales Manager - United States,https://www.gicorp.com/careers/wescon/401-aviation-tools-sales-manager-united-states,"Houston, TX, United States",Houston,TX,United States,Not specified,,,,Aerospace,2026-08-28,2026-08-28,https://www.gicorp.com/careers/opportunities,known_careers_url,4,success
44617c16a82a,2026-08-28,22f272cffdda,GI Aerospace,https://www.giaerospace.com/,https://www.gicorp.com/careers/corp/742-cnc-swiss-lathe-programmer,CNC Swiss Lathe Programmer - Air Conditioned Facility,https://www.gicorp.com/careers/corp/742-cnc-swiss-lathe-programmer,"Austin, TX, United States, Austin, TX, United States, US",Austin,TX,United States,Not specified,,,,Aerospace,2026-08-28,2026-08-28,https://www.gicorp.com/careers/corp/742-cnc-swiss-lathe-programmer,linked_page,3,success_after_fallback
7b7751014110,2026-08-28,22f272cffdda,GI Aerospace,https://www.giaerospace.com/,https://www.gicorp.com/careers/corp/742-cnc-swiss-lathe-programmer,"Read, interpret, and work from complex blueprints and engineering drawings.",https://www.gicorp.com/careers/corp/apply,"Queens, NY, United States",Queens,NY,United States,Not specified,,,,Aerospace,2026-08-28,2026-08-28,https://www.gicorp.com/careers/corp/742-cnc-swiss-lathe-programmer,linked_page,3,success_after_fallback
9548940e9a5e,2026-08-28,22f272cffdda,GI Aerospace,https://www.giaerospace.com/,https://www.gicorp.com/careers/corp/741-cnc-swiss-lathe-programmer,CNC Mill Programmer - Air Conditioned Facility,https://www.gicorp.com/careers/corp/741-cnc-swiss-lathe-programmer,"Houston, TX, United States, Houston, TX, United States, US",Houston,TX,United States,Not specified,,,,Aerospace,2026-08-28,2026-08-28,https://www.gicorp.com/careers/corp/741-cnc-swiss-lathe-programmer,linked_page,3,success_after_fallback
557fb95a533a,2026-08-28,22f272cffdda,GI Aerospace,https://www.giaerospace.com/,https://www.gicorp.com/careers/corp/743-cnc-mill-programmer,CNC Mill Programmer - Air Conditioned Facility,https://www.gicorp.com/careers/corp/743-cnc-mill-programmer,"Houston, TX, United States, Houston, TX, United States, US",Houston,TX,United States,Not specified,,,,Aerospace,2026-08-28,2026-08-28,https://www.gicorp.com/careers/corp/743-cnc-mill-programmer,linked_page,3,success_after_fallback
35021aeedbd6,2026-08-28,22f272cffdda,GI Aerospace,https://www.giaerospace.com/,https://www.gicorp.com/careers/pacificsystems/902-warehouse-associate,Warehouse Associate / Packer,https://www.gicorp.com/careers/pacificsystems/apply,"Queens, NY, United States",Queens,NY,United States,Not specified,,,,Aerospace,2026-08-28,2026-08-28,https://www.gicorp.com/careers/pacificsystems/902-warehouse-associate,linked_page,3,success_after_fallback
4ca36dd7becc,2026-08-28,9aece7086b18,Huntington Ingalls Industries,https://hii.com/,https://careers.huntingtoningalls.com/search?q=&locationsearch=Pascagoula%2C+MS&sortColumn=referencedate&sortDirection=desc&searchby=location&d=10,ENGINEER ELECTRICAL 4,https://careers.huntingtoningalls.com/job/Pascagoula-ENGINEER-ELECTRICAL-4-Miss/1412509400,"Syracuse, NY, United States",Syracuse,NY,United States,Not specified,,,,Space & Defense,2026-08-28,2026-08-28,https://careers.huntingtoningalls.com/search?q=&locationsearch=Pascagoula%2C+MS&sortColumn=referencedate&sortDirection=desc&searchby=location&d=10,known_careers_url,4,success
18455fd18198,2026-08-28,9aece7086b18,Huntington Ingalls Industries,https://hii.com/,https://careers.huntingtoningalls.com/search?q=&locationsearch=Pascagoula%2C+MS&sortColumn=referencedate&sortDirection=desc&searchby=location&d=10,TEMPORARY FAN OPERATOR (H),https://careers.huntingtoningalls.com/job/Pascagoula-TEMPORARY-FAN-OPERATOR-%28H%29-Miss/1400762800,"Syracuse, NY, United States",Syracuse,NY,United States,Not specified,,,,Space & Defense,2026-08-28,2026-08-28,https://careers.huntingtoningalls.com/search?q=&locationsearch=Pascagoula%2C+MS&sortColumn=referencedate&sortDirection=desc&searchby=location&d=10,known_careers_url,4,success
17f5d00f29af,2026-08-28,9aece7086b18,Huntington Ingalls Industries,https://hii.com/,https://careers.huntingtoningalls.com/search?q=&locationsearch=Pascagoula%2C+MS&sortColumn=referencedate&sortDirection=desc&searchby=location&d=10,PROGRESS COORDINATOR 2,https://careers.huntingtoningalls.com/job/Pascagoula-PROGRESS-COORDINATOR-2-Miss/1424293900,"Syracuse, NY, United States",Syracuse,NY,United States,Not specified,,,,Space & Defense,2026-08-28,2026-08-28,https://careers.huntingtoningalls.com/search?q=&locationsearch=Pascagoula%2C+MS&sortColumn=referencedate&sortDirection=desc&searchby=location&d=10,known_careers_url,4,success
7a2ccb0ea23b,2026-08-28,9aece7086b18,Huntington Ingalls Industries,https://hii.com/,https://careers.huntingtoningalls.com/search?q=&locationsearch=Pascagoula%2C+MS&sortColumn=referencedate&sortDirection=desc&searchby=location&d=10,DESIGNER 3,https://careers.huntingtoningalls.com/job/Pascagoula-DESIGNER-3-Miss/1424350100,"Syracuse, NY, United States",Syracuse,NY,United States,Not specified,,,,Space & Defense,2026-08-28,2026-08-28,https://careers.huntingtoningalls.com/search?q=&locationsearch=Pascagoula%2C+MS&sortColumn=referencedate&sortDirection=desc&searchby=location&d=10,known_careers_url,4,success
fb8959871c60,2026-08-28,9aece7086b18,Huntington Ingalls Industries,https://hii.com/,https://careers.huntingtoningalls.com/search?q=&locationsearch=Pascagoula%2C+MS&sortColumn=referencedate&sortDirection=desc&searchby=location&d=10,DESIGNER 4,https://careers.huntingtoningalls.com/job/Pascagoula-DESIGNER-4-Miss/1423860000,"Syracuse, NY, United States",Syracuse,NY,United States,Not specified,,,,Space & Defense,2026-08-28,2026-08-28,https://careers.huntingtoningalls.com/search?q=&locationsearch=Pascagoula%2C+MS&sortColumn=referencedate&sortDirection=desc&searchby=location&d=10,known_careers_url,4,success
5fcb79cae1ce,2026-08-28,9aece7086b18,Huntington Ingalls Industries,https://hii.com/,https://careers.huntingtoningalls.com/search?q=&locationsearch=Pascagoula%2C+MS&sortColumn=referencedate&sortDirection=desc&searchby=location&d=10,NAVAL ARCHITECTURE MGR ENGINEERING 2,https://careers.huntingtoningalls.com/job/Pascagoula-NAVAL-ARCHITECTURE-MGR-ENGINEERING-2-Miss/1423860100,"Syracuse, NY, United States",Syracuse,NY,United States,Not specified,,,,Space & Defense,2026-08-28,2026-08-28,https://careers.huntingtoningalls.com/search?q=&locationsearch=Pascagoula%2C+MS&sortColumn=referencedate&sortDirection=desc&searchby=location&d=10,known_careers_url,4,success
edea66c0fc0c,2026-08-28,9aece7086b18,Huntington Ingalls Industries,https://hii.com/,https://careers.huntingtoningalls.com/search?q=&locationsearch=Pascagoula%2C+MS&sortColumn=referencedate&sortDirection=desc&searchby=location&d=10,BUSINESS PROCESS ANALYST 2,https://careers.huntingtoningalls.com/job/Pascagoula-BUSINESS-PROCESS-ANALYST-2-Miss/1423887600,"Syracuse, NY, United States",Syracuse,NY,United States,Not specified,,,,Space & Defense,2026-08-28,2026-08-28,https://careers.huntingtoningalls.com/search?q=&locationsearch=Pascagoula%2C+MS&sortColumn=referencedate&sortDirection=desc&searchby=location&d=10,known_careers_url,4,success
8754e69555f3,2026-08-28,9aece7086b18,Huntington Ingalls Industries,https://hii.com/,https://careers.huntingtoningalls.com/search?q=&locationsearch=Pascagoula%2C+MS&sortColumn=referencedate&sortDirection=desc&searchby=location&d=10,BUSINESS PROCESS ANALYST 1,https://careers.huntingtoningalls.com/job/Pascagoula-BUSINESS-PROCESS-ANALYST-1-Miss/1423888900,"Syracuse, NY, United States",Syracuse,NY,United States,Not specified,,,,Space & Defense,2026-08-28,2026-08-28,https://careers.huntingtoningalls.com/search?q=&locationsearch=Pascagoula%2C+MS&sortColumn=referencedate&sortDirection=desc&searchby=location&d=10,known_careers_url,4,success
f3d3d8e0e7c6,2026-08-28,9aece7086b18,Huntington Ingalls Industries,https://hii.com/,https://careers.huntingtoningalls.com/search?q=&locationsearch=Pascagoula%2C+MS&sortColumn=referencedate&sortDirection=desc&searchby=location&d=10,FOREMAN ELECTRICAL,https://careers.huntingtoningalls.com/job/Pascagoula-FOREMAN-ELECTRICAL-Miss/1423948700,"Syracuse, NY, United States",Syracuse,NY,United States,Not specified,,,,Space & Defense,2026-08-28,2026-08-28,https://careers.huntingtoningalls.com/search?q=&locationsearch=Pascagoula%2C+MS&sortColumn=referencedate&sortDirection=desc&searchby=location&d=10,known_careers_url,4,success
f06e8b82b504,2026-08-28,9aece7086b18,Huntington Ingalls Industries,https://hii.com/,https://careers.huntingtoningalls.com/search?q=&locationsearch=Pascagoula%2C+MS&sortColumn=referencedate&sortDirection=desc&searchby=location&d=10,DESIGNER 2,https://careers.huntingtoningalls.com/job/Pascagoula-DESIGNER-2-Miss/1423585600,"Syracuse, NY, United States",Syracuse,NY,United States,Not specified,,,,Space & Defense,2026-08-28,2026-08-28,https://careers.huntingtoningalls.com/search?q=&locationsearch=Pascagoula%2C+MS&sortColumn=referencedate&sortDirection=desc&searchby=location&d=10,known_careers_url,4,success
9059fae750a6,2026-08-28,9aece7086b18,Huntington Ingalls Industries,https://hii.com/,https://careers.huntingtoningalls.com/search?q=&locationsearch=Pascagoula%2C+MS&sortColumn=referencedate&sortDirection=desc&searchby=location&d=10,ENGINEER STRUCTURAL 2,https://careers.huntingtoningalls.com/job/Pascagoula-ENGINEER-STRUCTURAL-2-Miss/1423393500,"Syracuse, NY, United States",Syracuse,NY,United States,Not specified,,,,Space & Defense,2026-08-28,2026-08-28,https://careers.huntingtoningalls.com/search?q=&locationsearch=Pascagoula%2C+MS&sortColumn=referencedate&sortDirection=desc&searchby=location&d=10,known_careers_url,4,success
45364446ab36,2026-08-28,9aece7086b18,Huntington Ingalls Industries,https://hii.com/,https://careers.huntingtoningalls.com/search?q=&locationsearch=Pascagoula%2C+MS&sortColumn=referencedate&sortDirection=desc&searchby=location&d=10,PROJECT MANAGEMENT 3,https://careers.huntingtoningalls.com/job/Pascagoula-PROJECT-MANAGEMENT-3-Miss/1423622900,"Syracuse, NY, United States",Syracuse,NY,United States,Not specified,,,,Space & Defense,2026-08-28,2026-08-28,https://careers.huntingtoningalls.com/search?q=&locationsearch=Pascagoula%2C+MS&sortColumn=referencedate&sortDirection=desc&searchby=location&d=10,known_careers_url,4,success
ec3469f7a071,2026-08-28,9aece7086b18,Huntington Ingalls Industries,https://hii.com/,https://careers.huntingtoningalls.com/search?q=&locationsearch=Pascagoula%2C+MS&sortColumn=referencedate&sortDirection=desc&searchby=location&d=10,FINANCIAL ANALYST 4,https://careers.huntingtoningalls.com/job/Pascagoula-FINANCIAL-ANALYST-4-Miss/1423571100,"Syracuse, NY, United States",Syracuse,NY,United States,Not specified,,,,Space & Defense,2026-08-28,2026-08-28,https://careers.huntingtoningalls.com/search?q=&locationsearch=Pascagoula%2C+MS&sortColumn=referencedate&sortDirection=desc&searchby=location&d=10,known_careers_url,4,success
e24bb2eda123,2026-08-28,9aece7086b18,Huntington Ingalls Industries,https://hii.com/,https://careers.huntingtoningalls.com/search?q=&locationsearch=Pascagoula%2C+MS&sortColumn=referencedate&sortDirection=desc&searchby=location&d=10,FINANCIAL ANALYST 2,https://careers.huntingtoningalls.com/job/Pascagoula-FINANCIAL-ANALYST-2-Miss/1423578500,"Syracuse, NY, United States",Syracuse,NY,United States,Not specified,,,,Space & Defense,2026-08-28,2026-08-28,https://careers.huntingtoningalls.com/search?q=&locationsearch=Pascagoula%2C+MS&sortColumn=referencedate&sortDirection=desc&searchby=location&d=10,known_careers_url,4,success
a8931277a0e8,2026-08-28,9aece7086b18,Huntington Ingalls Industries,https://hii.com/,https://careers.huntingtoningalls.com/search?q=&locationsearch=Pascagoula%2C+MS&sortColumn=referencedate&sortDirection=desc&searchby=location&d=10,DIMENSION CONTROL TECHNICIAN 1,https://careers.huntingtoningalls.com/job/Pascagoula-DIMENSION-CONTROL-TECHNICIAN-1-Miss/1423391800,"Syracuse, NY, United States",Syracuse,NY,United States,Not specified,,,,Space & Defense,2026-08-28,2026-08-28,https://careers.huntingtoningalls.com/search?q=&locationsearch=Pascagoula%2C+MS&sortColumn=referencedate&sortDirection=desc&searchby=location&d=10,known_careers_url,4,success
bbe0791b7ed2,2026-08-28,9aece7086b18,Huntington Ingalls Industries,https://hii.com/,https://careers.huntingtoningalls.com/search?q=&locationsearch=Pascagoula%2C+MS&sortColumn=referencedate&sortDirection=desc&searchby=location&d=10,ENGINEER TEST 3,https://careers.huntingtoningalls.com/job/Pascagoula-ENGINEER-TEST-3-Miss/1423392300,"Syracuse, NY, United States",Syracuse,NY,United States,Not specified,,,,Space & Defense,2026-08-28,2026-08-28,https://careers.huntingtoningalls.com/search?q=&locationsearch=Pascagoula%2C+MS&sortColumn=referencedate&sortDirection=desc&searchby=location&d=10,known_careers_url,4,success
1c69c72e5625,2026-08-28,9aece7086b18,Huntington Ingalls Industries,https://hii.com/,https://careers.huntingtoningalls.com/search?q=&locationsearch=Pascagoula%2C+MS&sortColumn=referencedate&sortDirection=desc&searchby=location&d=10,DESIGNER 3,https://careers.huntingtoningalls.com/job/Pascagoula-DESIGNER-3-Miss/1423581700,"Syracuse, NY, United States",Syracuse,NY,United States,Not specified,,,,Space & Defense,2026-08-28,2026-08-28,https://careers.huntingtoningalls.com/search?q=&locationsearch=Pascagoula%2C+MS&sortColumn=referencedate&sortDirection=desc&searchby=location&d=10,known_careers_url,4,success
f927ea9ed269,2026-08-28,9aece7086b18,Huntington Ingalls Industries,https://hii.com/,https://careers.huntingtoningalls.com/search?q=&locationsearch=Pascagoula%2C+MS&sortColumn=referencedate&sortDirection=desc&searchby=location&d=10,SUPPLIER QUALITY ANALYST 2,https://careers.huntingtoningalls.com/job/Pascagoula-SUPPLIER-QUALITY-ANALYST-2-Miss/1408303400,"Syracuse, NY, United States",Syracuse,NY,United States,Not specified,,,,Space & Defense,2026-08-28,2026-08-28,https://careers.huntingtoningalls.com/search?q=&locationsearch=Pascagoula%2C+MS&sortColumn=referencedate&sortDirection=desc&searchby=location&d=10,known_careers_url,4,success
d43371dfda9d,2026-08-28,9aece7086b18,Huntington Ingalls Industries,https://hii.com/,https://careers.huntingtoningalls.com/search?q=&locationsearch=Pascagoula%2C+MS&sortColumn=referencedate&sortDirection=desc&searchby=location&d=10,MGR ENGINEERING 2,https://careers.huntingtoningalls.com/job/Pascagoula-MGR-ENGINEERING-2-Miss/1422378100,"Syracuse, NY, United States",Syracuse,NY,United States,Not specified,,,,Space & Defense,2026-08-28,2026-08-28,https://careers.huntingtoningalls.com/search?q=&locationsearch=Pascagoula%2C+MS&sortColumn=referencedate&sortDirection=desc&searchby=location&d=10,known_careers_url,4,success
68cdec937567,2026-08-28,9aece7086b18,Huntington Ingalls Industries,https://hii.com/,https://careers.huntingtoningalls.com/search?q=&locationsearch=Pascagoula%2C+MS&sortColumn=referencedate&sortDirection=desc&searchby=location&d=10,MGR DESIGN ENGINEERING 2,https://careers.huntingtoningalls.com/job/Pascagoula-MGR-DESIGN-ENGINEERING-2-Miss/1422342700,"Syracuse, NY, United States",Syracuse,NY,United States,Not specified,,,,Space & Defense,2026-08-28,2026-08-28,https://careers.huntingtoningalls.com/search?q=&locationsearch=Pascagoula%2C+MS&sortColumn=referencedate&sortDirection=desc&searchby=location&d=10,known_careers_url,4,success
02d8a65d359d,2026-08-28,9aece7086b18,Huntington Ingalls Industries,https://hii.com/,https://careers.huntingtoningalls.com/search?q=&locationsearch=Pascagoula%2C+MS&sortColumn=referencedate&sortDirection=desc&searchby=location&d=10,ENGINEER INDUSTRIAL 1,https://careers.huntingtoningalls.com/job/Pascagoula-ENGINEER-INDUSTRIAL-1-Miss/1393730200,"Syracuse, NY, United States",Syracuse,NY,United States,Not specified,,,,Space & Defense,2026-08-28,2026-08-28,https://careers.huntingtoningalls.com/search?q=&locationsearch=Pascagoula%2C+MS&sortColumn=referencedate&sortDirection=desc&searchby=location&d=10,known_careers_url,4,success
a3b2c41b605b,2026-08-28,64d9022f568a,ITT Enidine,https://www.enidine.com/en-US/Home,https://careersenus-itt-inc.icims.com/jobs/search?ss=1&searchRelation=keyword_all,Title Continuous Improvement Engineer,https://careersenus-itt-inc.icims.com/jobs/17533/continuous-improvement-engineer/job,"Orchard Park, NY, United States",Orchard Park,NY,United States,Not specified,,,,Space & Defense,2026-08-28,2026-08-28,https://careersenus-itt-inc.icims.com/jobs/search?ss=1&searchRelation=keyword_all,ats_detected,5,success_after_fallback
a6487063cdfd,2026-08-28,64d9022f568a,ITT Enidine,https://www.enidine.com/en-US/Home,https://careersenus-itt-inc.icims.com/jobs/search?ss=1&searchRelation=keyword_all,Title Administrative Assistant,https://careersenus-itt-inc.icims.com/jobs/17513/administrative-assistant/job,"Orchard Park, NY, United States",Orchard Park,NY,United States,Not specified,,,,Space & Defense,2026-08-28,2026-08-28,https://careersenus-itt-inc.icims.com/jobs/search?ss=1&searchRelation=keyword_all,ats_detected,5,success_after_fallback
e82bf4100917,2026-08-28,64d9022f568a,ITT Enidine,https://www.enidine.com/en-US/Home,https://careersenus-itt-inc.icims.com/jobs/search?ss=1&searchRelation=keyword_all,Title Engineer,https://careersenus-itt-inc.icims.com/jobs/17512/engineer/job,"Orchard Park, NY, United States",Orchard Park,NY,United States,Not specified,,,,Space & Defense,2026-08-28,2026-08-28,https://careersenus-itt-inc.icims.com/jobs/search?ss=1&searchRelation=keyword_all,ats_detected,5,success_after_fallback
db3bcf8f3cbe,2026-08-28,64d9022f568a,ITT Enidine,https://www.enidine.com/en-US/Home,https://careersenus-itt-inc.icims.com/jobs/search?ss=1&searchRelation=keyword_all,Title Strategic Account Manager,https://careersenus-itt-inc.icims.com/jobs/17482/strategic-account-manager/job,"Orchard Park, NY, United States",Orchard Park,NY,United States,Not specified,,,,Space & Defense,2026-08-28,2026-08-28,https://careersenus-itt-inc.icims.com/jobs/search?ss=1&searchRelation=keyword_all,ats_detected,5,success_after_fallback
6b7ccf955678,2026-08-28,64d9022f568a,ITT Enidine,https://www.enidine.com/en-US/Home,https://careersenus-itt-inc.icims.com/jobs/search?ss=1&searchRelation=keyword_all,Title Contract Administrator III,https://careersenus-itt-inc.icims.com/jobs/17448/contract-administrator-iii/job,"Orchard Park, NY, United States",Orchard Park,NY,United States,Not specified,,,,Space & Defense,2026-08-28,2026-08-28,https://careersenus-itt-inc.icims.com/jobs/search?ss=1&searchRelation=keyword_all,ats_detected,5,success_after_fallback
a3750caf4a45,2026-08-28,64d9022f568a,ITT Enidine,https://www.enidine.com/en-US/Home,https://careersenus-itt-inc.icims.com/jobs/search?ss=1&searchRelation=keyword_all,Title Warehousing Specialist,https://careersenus-itt-inc.icims.com/jobs/17424/warehousing-specialist/job,"Orchard Park, NY, United States",Orchard Park,NY,United States,Not specified,,,,Space & Defense,2026-08-28,2026-08-28,https://careersenus-itt-inc.icims.com/jobs/search?ss=1&searchRelation=keyword_all,ats_detected,5,success_after_fallback
ee5582f5829b,2026-08-28,64d9022f568a,ITT Enidine,https://www.enidine.com/en-US/Home,https://careersenus-itt-inc.icims.com/jobs/search?ss=1&searchRelation=keyword_all,"Title Manager, Strategic Accounts",https://careersenus-itt-inc.icims.com/jobs/17423/manager%2c-strategic-accounts/job,"Orchard Park, NY, United States",Orchard Park,NY,United States,Not specified,,,,Space & Defense,2026-08-28,2026-08-28,https://careersenus-itt-inc.icims.com/jobs/search?ss=1&searchRelation=keyword_all,ats_detected,5,success_after_fallback
53b57a2f4c4d,2026-08-28,64d9022f568a,ITT Enidine,https://www.enidine.com/en-US/Home,https://careersenus-itt-inc.icims.com/jobs/search?ss=1&searchRelation=keyword_all,Title Service Technician,https://careersenus-itt-inc.icims.com/jobs/17373/service-technician/job,"Orchard Park, NY, United States",Orchard Park,NY,United States,Not specified,,,,Space & Defense,2026-08-28,2026-08-28,https://careersenus-itt-inc.icims.com/jobs/search?ss=1&searchRelation=keyword_all,ats_detected,5,success_after_fallback
d792a797892c,2026-08-28,64d9022f568a,ITT Enidine,https://www.enidine.com/en-US/Home,https://careersenus-itt-inc.icims.com/jobs/search?ss=1&searchRelation=keyword_all,Title Treasury Operations Manager,https://careersenus-itt-inc.icims.com/jobs/17360/treasury-operations-manager/job,"Orchard Park, NY, United States",Orchard Park,NY,United States,Not specified,,,,Space & Defense,2026-08-28,2026-08-28,https://careersenus-itt-inc.icims.com/jobs/search?ss=1&searchRelation=keyword_all,ats_detected,5,success_after_fallback
3cb6aecaf9f4,2026-08-28,64d9022f568a,ITT Enidine,https://www.enidine.com/en-US/Home,https://careersenus-itt-inc.icims.com/jobs/search?ss=1&searchRelation=keyword_all,Title Calibration/Test Technician,https://careersenus-itt-inc.icims.com/jobs/17355/calibration-test-technician/job,"Orchard Park, NY, United States",Orchard Park,NY,United States,Not specified,,,,Space & Defense,2026-08-28,2026-08-28,https://careersenus-itt-inc.icims.com/jobs/search?ss=1&searchRelation=keyword_all,ats_detected,5,success_after_fallback
080e0443530c,2026-08-28,64d9022f568a,ITT Enidine,https://www.enidine.com/en-US/Home,https://careersenus-itt-inc.icims.com/jobs/search?ss=1&searchRelation=keyword_all,Title Inside Sales Representative,https://careersenus-itt-inc.icims.com/jobs/17348/inside-sales-representative/job,"Orchard Park, NY, United States",Orchard Park,NY,United States,Not specified,,,,Space & Defense,2026-08-28,2026-08-28,https://careersenus-itt-inc.icims.com/jobs/search?ss=1&searchRelation=keyword_all,ats_detected,5,success_after_fallback
c5dad4092d45,2026-08-28,64d9022f568a,ITT Enidine,https://www.enidine.com/en-US/Home,https://careersenus-itt-inc.icims.com/jobs/search?ss=1&searchRelation=keyword_all,Title Service Technician,https://careersenus-itt-inc.icims.com/jobs/17345/service-technician/job,"Orchard Park, NY, United States",Orchard Park,NY,United States,Not specified,,,,Space & Defense,2026-08-28,2026-08-28,https://careersenus-itt-inc.icims.com/jobs/search?ss=1&searchRelation=keyword_all,ats_detected,5,success_after_fallback
98d131eeb602,2026-08-28,64d9022f568a,ITT Enidine,https://www.enidine.com/en-US/Home,https://careersenus-itt-inc.icims.com/jobs/search?ss=1&searchRelation=keyword_all,Title Senior Human Resources Manager,https://careersenus-itt-inc.icims.com/jobs/17344/senior-human-resources-manager/job,"Orchard Park, NY, United States",Orchard Park,NY,United States,Not specified,,,,Space & Defense,2026-08-28,2026-08-28,https://careersenus-itt-inc.icims.com/jobs/search?ss=1&searchRelation=keyword_all,ats_detected,5,success_after_fallback
6668c5dabc75,2026-08-28,64d9022f568a,ITT Enidine,https://www.enidine.com/en-US/Home,https://careersenus-itt-inc.icims.com/jobs/search?ss=1&searchRelation=keyword_all,Title Senior Product Design Engineer,https://careersenus-itt-inc.icims.com/jobs/17335/senior-product-design-engineer/job,"Orchard Park, NY, United States",Orchard Park,NY,United States,Not specified,,,,Space & Defense,2026-08-28,2026-08-28,https://careersenus-itt-inc.icims.com/jobs/search?ss=1&searchRelation=keyword_all,ats_detected,5,success_after_fallback
cf7ef49b8ba2,2026-08-28,64d9022f568a,ITT Enidine,https://www.enidine.com/en-US/Home,https://careersenus-itt-inc.icims.com/jobs/search?ss=1&searchRelation=keyword_all,Title Assembly Operator,https://careersenus-itt-inc.icims.com/jobs/17331/assembly-operator/job,"Orchard Park, NY, United States",Orchard Park,NY,United States,Not specified,,,,Space & Defense,2026-08-28,2026-08-28,https://careersenus-itt-inc.icims.com/jobs/search?ss=1&searchRelation=keyword_all,ats_detected,5,success_after_fallback
306b03c9a2df,2026-08-28,64d9022f568a,ITT Enidine,https://www.enidine.com/en-US/Home,https://careersenus-itt-inc.icims.com/jobs/search?ss=1&searchRelation=keyword_all,Title Maintenance Technician II,https://careersenus-itt-inc.icims.com/jobs/17286/maintenance-technician-ii/job,"Orchard Park, NY, United States",Orchard Park,NY,United States,Not specified,,,,Space & Defense,2026-08-28,2026-08-28,https://careersenus-itt-inc.icims.com/jobs/search?ss=1&searchRelation=keyword_all,ats_detected,5,success_after_fallback
d8a0e084f566,2026-08-28,64d9022f568a,ITT Enidine,https://www.enidine.com/en-US/Home,https://careersenus-itt-inc.icims.com/jobs/search?ss=1&searchRelation=keyword_all,Title R & D Test Technician,https://careersenus-itt-inc.icims.com/jobs/17271/r-%26-d-test-technician/job,"Orchard Park, NY, United States",Orchard Park,NY,United States,Not specified,,,,Space & Defense,2026-08-28,2026-08-28,https://careersenus-itt-inc.icims.com/jobs/search?ss=1&searchRelation=keyword_all,ats_detected,5,success_after_fallback
5c57e2dd2d6c,2026-08-28,64d9022f568a,ITT Enidine,https://www.enidine.com/en-US/Home,https://careersenus-itt-inc.icims.com/jobs/search?ss=1&searchRelation=keyword_all,Title Global Sourcing Manager,https://careersenus-itt-inc.icims.com/jobs/17268/global-sourcing-manager/job,"Orchard Park, NY, United States",Orchard Park,NY,United States,Not specified,,,,Space & Defense,2026-08-28,2026-08-28,https://careersenus-itt-inc.icims.com/jobs/search?ss=1&searchRelation=keyword_all,ats_detected,5,success_after_fallback
f00c424bfb2e,2026-08-28,64d9022f568a,ITT Enidine,https://www.enidine.com/en-US/Home,https://careersenus-itt-inc.icims.com/jobs/search?ss=1&searchRelation=keyword_all,Title Product Design Engineer,https://careersenus-itt-inc.icims.com/jobs/17267/product-design-engineer/job,"Orchard Park, NY, United States",Orchard Park,NY,United States,Not specified,,,,Space & Defense,2026-08-28,2026-08-28,https://careersenus-itt-inc.icims.com/jobs/search?ss=1&searchRelation=keyword_all,ats_detected,5,success_after_fallback
01c9853dad8d,2026-08-28,64d9022f568a,ITT Enidine,https://www.enidine.com/en-US/Home,https://careersenus-itt-inc.icims.com/jobs/search?ss=1&searchRelation=keyword_all,Title Product Design Engineer,https://careersenus-itt-inc.icims.com/jobs/17260/product-design-engineer/job,"Orchard Park, NY, United States",Orchard Park,NY,United States,Not specified,,,,Space & Defense,2026-08-28,2026-08-28,https://careersenus-itt-inc.icims.com/jobs/search?ss=1&searchRelation=keyword_all,ats_detected,5,success_after_fallback
6d8ff3c0a265,2026-08-28,64d9022f568a,ITT Enidine,https://www.enidine.com/en-US/Home,https://careersenus-itt-inc.icims.com/jobs/search?ss=1&searchRelation=keyword_all,Title Quality Control Specialist,https://careersenus-itt-inc.icims.com/jobs/17252/quality-control-specialist/job,"Orchard Park, NY, United States",Orchard Park,NY,United States,Not specified,,,,Space & Defense,2026-08-28,2026-08-28,https://careersenus-itt-inc.icims.com/jobs/search?ss=1&searchRelation=keyword_all,ats_detected,5,success_after_fallback
8eac2dfcec39,2026-08-28,64d9022f568a,ITT Enidine,https://www.enidine.com/en-US/Home,https://careersenus-itt-inc.icims.com/jobs/search?ss=1&searchRelation=keyword_all,Title Office Support Specialist,https://careersenus-itt-inc.icims.com/jobs/17249/office-support-specialist/job,"Orchard Park, NY, United States",Orchard Park,NY,United States,Not specified,,,,Space & Defense,2026-08-28,2026-08-28,https://careersenus-itt-inc.icims.com/jobs/search?ss=1&searchRelation=keyword_all,ats_detected,5,success_after_fallback
62dcc8d48312,2026-08-28,64d9022f568a,ITT Enidine,https://www.enidine.com/en-US/Home,https://careersenus-itt-inc.icims.com/jobs/search?ss=1&searchRelation=keyword_all,Title Manufacturing Engineer,https://careersenus-itt-inc.icims.com/jobs/17232/manufacturing-engineer/job,"Orchard Park, NY, United States",Orchard Park,NY,United States,Not specified,,,,Space & Defense,2026-08-28,2026-08-28,https://careersenus-itt-inc.icims.com/jobs/search?ss=1&searchRelation=keyword_all,ats_detected,5,success_after_fallback
cc03e6efd913,2026-08-28,64d9022f568a,ITT Enidine,https://www.enidine.com/en-US/Home,https://careersenus-itt-inc.icims.com/jobs/search?ss=1&searchRelation=keyword_all,Title Manufacturing Engineer,https://careersenus-itt-inc.icims.com/jobs/17231/manufacturing-engineer/job,"Orchard Park, NY, United States",Orchard Park,NY,United States,Not specified,,,,Space & Defense,2026-08-28,2026-08-28,https://careersenus-itt-inc.icims.com/jobs/search?ss=1&searchRelation=keyword_all,ats_detected,5,success_after_fallback
7741e73b0d6f,2026-08-28,64d9022f568a,ITT Enidine,https://www.enidine.com/en-US/Home,https://careersenus-itt-inc.icims.com/jobs/search?ss=1&searchRelation=keyword_all,Title Product Design Engineer,https://careersenus-itt-inc.icims.com/jobs/17227/product-design-engineer/job,"Orchard Park, NY, United States",Orchard Park,NY,United States,Not specified,,,,Space & Defense,2026-08-28,2026-08-28,https://careersenus-itt-inc.icims.com/jobs/search?ss=1&searchRelation=keyword_all,ats_detected,5,success_after_fallback
f32c465883ac,2026-08-28,64d9022f568a,ITT Enidine,https://www.enidine.com/en-US/Home,https://careersenus-itt-inc.icims.com/jobs/search?ss=1&searchRelation=keyword_all,Title Product Design Engineer,https://careersenus-itt-inc.icims.com/jobs/17225/product-design-engineer/job,"Orchard Park, NY, United States",Orchard Park,NY,United States,Not specified,,,,Space & Defense,2026-08-28,2026-08-28,https://careersenus-itt-inc.icims.com/jobs/search?ss=1&searchRelation=keyword_all,ats_detected,5,success_after_fallback
e04dbf7473e9,2026-08-28,64d9022f568a,ITT Enidine,https://www.enidine.com/en-US/Home,https://careersenus-itt-inc.icims.com/jobs/search?ss=1&searchRelation=keyword_all,Title Product Assurance Analyst,https://careersenus-itt-inc.icims.com/jobs/17200/product-assurance-analyst/job,"Orchard Park, NY, United States",Orchard Park,NY,United States,Not specified,,,,Space & Defense,2026-08-28,2026-08-28,https://careersenus-itt-inc.icims.com/jobs/search?ss=1&searchRelation=keyword_all,ats_detected,5,success_after_fallback
2a74a7e96b95,2026-08-28,64d9022f568a,ITT Enidine,https://www.enidine.com/en-US/Home,https://careersenus-itt-inc.icims.com/jobs/search?ss=1&searchRelation=keyword_all,Title Technical Sales Lead,https://careersenus-itt-inc.icims.com/jobs/17199/technical-sales-lead/job,"Orchard Park, NY, United States",Orchard Park,NY,United States,Remote,,,,Space & Defense,2026-08-28,2026-08-28,https://careersenus-itt-inc.icims.com/jobs/search?ss=1&searchRelation=keyword_all,ats_detected,5,success_after_fallback
6a5714ad6a2d,2026-08-28,64d9022f568a,ITT Enidine,https://www.enidine.com/en-US/Home,https://careersenus-itt-inc.icims.com/jobs/search?ss=1&searchRelation=keyword_all,Title Technical Sales Support Representative,https://careersenus-itt-inc.icims.com/jobs/17197/technical-sales-support-representative/job,"Orchard Park, NY, United States",Orchard Park,NY,United States,Not specified,,,,Space & Defense,2026-08-28,2026-08-28,https://careersenus-itt-inc.icims.com/jobs/search?ss=1&searchRelation=keyword_all,ats_detected,5,success_after_fallback
cdf877a8ad1a,2026-08-28,64d9022f568a,ITT Enidine,https://www.enidine.com/en-US/Home,https://careersenus-itt-inc.icims.com/jobs/search?ss=1&searchRelation=keyword_all,"Title Director, Platform Services",https://careersenus-itt-inc.icims.com/jobs/17194/director%2c-platform-services/job,"Orchard Park, NY, United States",Orchard Park,NY,United States,Hybrid,,,,Space & Defense,2026-08-28,2026-08-28,https://careersenus-itt-inc.icims.com/jobs/search?ss=1&searchRelation=keyword_all,ats_detected,5,success_after_fallback
d1dc059cf203,2026-08-28,64d9022f568a,ITT Enidine,https://www.enidine.com/en-US/Home,https://careersenus-itt-inc.icims.com/jobs/search?ss=1&searchRelation=keyword_all,Title Project Manager,https://careersenus-itt-inc.icims.com/jobs/17179/project-manager/job,"Orchard Park, NY, United States",Orchard Park,NY,United States,Not specified,,,,Space & Defense,2026-08-28,2026-08-28,https://careersenus-itt-inc.icims.com/jobs/search?ss=1&searchRelation=keyword_all,ats_detected,5,success_after_fallback
cf62009d57a7,2026-08-28,64d9022f568a,ITT Enidine,https://www.enidine.com/en-US/Home,https://careersenus-itt-inc.icims.com/jobs/search?ss=1&searchRelation=keyword_all,"Title Manager, Manufacturing Engineering",https://careersenus-itt-inc.icims.com/jobs/17167/manager%2c-manufacturing-engineering/job,"Orchard Park, NY, United States",Orchard Park,NY,United States,Not specified,,,,Space & Defense,2026-08-28,2026-08-28,https://careersenus-itt-inc.icims.com/jobs/search?ss=1&searchRelation=keyword_all,ats_detected,5,success_after_fallback
d1dde5cb9155,2026-08-28,64d9022f568a,ITT Enidine,https://www.enidine.com/en-US/Home,https://careersenus-itt-inc.icims.com/jobs/search?ss=1&searchRelation=keyword_all,Title Quality Engineer (Elastomer/PTFE),https://careersenus-itt-inc.icims.com/jobs/17154/quality-engineer-%28elastomer-ptfe%29/job,"Orchard Park, NY, United States",Orchard Park,NY,United States,Not specified,,,,Space & Defense,2026-08-28,2026-08-28,https://careersenus-itt-inc.icims.com/jobs/search?ss=1&searchRelation=keyword_all,ats_detected,5,success_after_fallback
2b47cf8b5696,2026-08-28,64d9022f568a,ITT Enidine,https://www.enidine.com/en-US/Home,https://careersenus-itt-inc.icims.com/jobs/search?ss=1&searchRelation=keyword_all,Title Operations Scheduler,https://careersenus-itt-inc.icims.com/jobs/17153/operations-scheduler/job,"Orchard Park, NY, United States",Orchard Park,NY,United States,Not specified,,,,Space & Defense,2026-08-28,2026-08-28,https://careersenus-itt-inc.icims.com/jobs/search?ss=1&searchRelation=keyword_all,ats_detected,5,success_after_fallback
ff116143ad75,2026-08-28,64d9022f568a,ITT Enidine,https://www.enidine.com/en-US/Home,https://careersenus-itt-inc.icims.com/jobs/search?ss=1&searchRelation=keyword_all,Title Operations Scheduler,https://careersenus-itt-inc.icims.com/jobs/17152/operations-scheduler/job,"Orchard Park, NY, United States",Orchard Park,NY,United States,Not specified,,,,Space & Defense,2026-08-28,2026-08-28,https://careersenus-itt-inc.icims.com/jobs/search?ss=1&searchRelation=keyword_all,ats_detected,5,success_after_fallback
1e57e5c179a6,2026-08-28,64d9022f568a,ITT Enidine,https://www.enidine.com/en-US/Home,https://careersenus-itt-inc.icims.com/jobs/search?ss=1&searchRelation=keyword_all,Title HR Manager,https://careersenus-itt-inc.icims.com/jobs/17147/hr-manager/job,"Orchard Park, NY, United States",Orchard Park,NY,United States,Not specified,,,,Space & Defense,2026-08-28,2026-08-28,https://careersenus-itt-inc.icims.com/jobs/search?ss=1&searchRelation=keyword_all,ats_detected,5,success_after_fallback
f3178d2fac08,2026-08-28,64d9022f568a,ITT Enidine,https://www.enidine.com/en-US/Home,https://careersger-itt-inc.icims.com/jobs/search?ss=1&searchRelation=keyword_all,Titel Technical Business Development Manager Connectors for Defense & Aerospace – Eastern Europe,https://careersger-itt-inc.icims.com/jobs/17258/technical-business-development-manager-connectors-for-defense-%26-aerospace-%e2%80%93-eastern-europe/job,"Orchard Park, NY, United States",Orchard Park,NY,United States,Remote,,,,Space & Defense,2026-08-28,2026-08-28,https://careersger-itt-inc.icims.com/jobs/search?ss=1&searchRelation=keyword_all,ats_detected,5,success_after_fallback
9f6ea6672698,2026-08-28,64d9022f568a,ITT Enidine,https://www.enidine.com/en-US/Home,https://careersger-itt-inc.icims.com/jobs/search?ss=1&searchRelation=keyword_all,Titel Technical Business Development Manager Connectors for Defense & Aerospace - DACH,https://careersger-itt-inc.icims.com/jobs/17257/technical-business-development-manager-connectors-for-defense-%26-aerospace---dach/job,"Orchard Park, NY, United States",Orchard Park,NY,United States,Remote,,,,Space & Defense,2026-08-28,2026-08-28,https://careersger-itt-inc.icims.com/jobs/search?ss=1&searchRelation=keyword_all,ats_detected,5,success_after_fallback
1d4ca1a899ef,2026-08-28,64d9022f568a,ITT Enidine,https://www.enidine.com/en-US/Home,https://careersger-itt-inc.icims.com/jobs/search?ss=1&searchRelation=keyword_all,Titel Manager Production Hygienic,https://careersger-itt-inc.icims.com/jobs/17151/manager-production-hygienic/job,"Orchard Park, NY, United States",Orchard Park,NY,United States,Not specified,,,,Space & Defense,2026-08-28,2026-08-28,https://careersger-itt-inc.icims.com/jobs/search?ss=1&searchRelation=keyword_all,ats_detected,5,success_after_fallback
a3ded9c96d44,2026-08-28,64d9022f568a,ITT Enidine,https://www.enidine.com/en-US/Home,https://careersger-itt-inc.icims.com/jobs/search?ss=1&searchRelation=keyword_all,Distribution Sales Manager %7C Central Europe,https://careersger-itt-inc.icims.com/jobs/16894/distribution-sales-manager-%7c-central-europe/job,"Orchard Park, NY, United States",Orchard Park,NY,United States,Remote,,,,Space & Defense,2026-08-28,2026-08-28,https://careersger-itt-inc.icims.com/jobs/search?ss=1&searchRelation=keyword_all,ats_detected,5,success_after_fallback
94fe2296fb92,2026-08-28,64d9022f568a,ITT Enidine,https://www.enidine.com/en-US/Home,https://careersger-itt-inc.icims.com/jobs/search?ss=1&searchRelation=keyword_all,Titel Product Manager Automotive After Market & Racing,https://careersger-itt-inc.icims.com/jobs/15454/product-manager-automotive-after-market-%26-racing/job,"Orchard Park, NY, United States",Orchard Park,NY,United States,Not specified,,,,Space & Defense,2026-08-28,2026-08-28,https://careersger-itt-inc.icims.com/jobs/search?ss=1&searchRelation=keyword_all,ats_detected,5,success_after_fallback
6a8ff8b52443,2026-08-28,64d9022f568a,ITT Enidine,https://www.enidine.com/en-US/Home,https://careersmex-itt-inc.icims.com/jobs/search?ss=1&searchRelation=keyword_all,Cargo INTERN,https://careersmex-itt-inc.icims.com/jobs/17475/intern/job,"Orchard Park, NY, United States",Orchard Park,NY,United States,Not specified,,,,Space & Defense,2026-08-28,2026-08-28,https://careersmex-itt-inc.icims.com/jobs/search?ss=1&searchRelation=keyword_all,ats_detected,5,success_after_fallback
2da7587fad9d,2026-08-28,64d9022f568a,ITT Enidine,https://www.enidine.com/en-US/Home,https://careersmex-itt-inc.icims.com/jobs/search?ss=1&searchRelation=keyword_all,Cargo Equipment Operator I,https://careersmex-itt-inc.icims.com/jobs/17400/equipment-operator-i/job,"Orchard Park, NY, United States",Orchard Park,NY,United States,Not specified,,,,Space & Defense,2026-08-28,2026-08-28,https://careersmex-itt-inc.icims.com/jobs/search?ss=1&searchRelation=keyword_all,ats_detected,5,success_after_fallback
425fe23d2c07,2026-08-28,64d9022f568a,ITT Enidine,https://www.enidine.com/en-US/Home,https://careersmex-itt-inc.icims.com/jobs/search?ss=1&searchRelation=keyword_all,Cargo Designer,https://careersmex-itt-inc.icims.com/jobs/17380/designer/job,"Orchard Park, NY, United States",Orchard Park,NY,United States,Not specified,,,,Space & Defense,2026-08-28,2026-08-28,https://careersmex-itt-inc.icims.com/jobs/search?ss=1&searchRelation=keyword_all,ats_detected,5,success_after_fallback
b98c7d1c9b39,2026-08-28,64d9022f568a,ITT Enidine,https://www.enidine.com/en-US/Home,https://careersmex-itt-inc.icims.com/jobs/search?ss=1&searchRelation=keyword_all,Cargo Planning Manager - SAP Implementation Project,https://careersmex-itt-inc.icims.com/jobs/17364/planning-manager---sap-implementation-project/job,"Orchard Park, NY, United States",Orchard Park,NY,United States,Not specified,,,,Space & Defense,2026-08-28,2026-08-28,https://careersmex-itt-inc.icims.com/jobs/search?ss=1&searchRelation=keyword_all,ats_detected,5,success_after_fallback
043e2de0bf64,2026-08-28,64d9022f568a,ITT Enidine,https://www.enidine.com/en-US/Home,https://careersmex-itt-inc.icims.com/jobs/search?ss=1&searchRelation=keyword_all,Cargo INTERN/Co-op 1,https://careersmex-itt-inc.icims.com/jobs/17353/intern-co-op-1/job,"Orchard Park, NY, United States",Orchard Park,NY,United States,Not specified,,,,Space & Defense,2026-08-28,2026-08-28,https://careersmex-itt-inc.icims.com/jobs/search?ss=1&searchRelation=keyword_all,ats_detected,5,success_after_fallback
281e213f90a9,2026-08-28,64d9022f568a,ITT Enidine,https://www.enidine.com/en-US/Home,https://careersmex-itt-inc.icims.com/jobs/search?ss=1&searchRelation=keyword_all,Cargo Assembly Operator,https://careersmex-itt-inc.icims.com/jobs/17331/assembly-operator/job,"Orchard Park, NY, United States",Orchard Park,NY,United States,Not specified,,,,Space & Defense,2026-08-28,2026-08-28,https://careersmex-itt-inc.icims.com/jobs/search?ss=1&searchRelation=keyword_all,ats_detected,5,success_after_fallback
741095c17fd4,2026-08-28,64d9022f568a,ITT Enidine,https://www.enidine.com/en-US/Home,https://careersmex-itt-inc.icims.com/jobs/search?ss=1&searchRelation=keyword_all,"Cargo Sourcing, Supply Chain and Logistics Analyst",https://careersmex-itt-inc.icims.com/jobs/17330/sourcing%2c-supply-chain-and-logistics-analyst/job,"Orchard Park, NY, United States",Orchard Park,NY,United States,Not specified,,,,Space & Defense,2026-08-28,2026-08-28,https://careersmex-itt-inc.icims.com/jobs/search?ss=1&searchRelation=keyword_all,ats_detected,5,success_after_fallback
3b38b77eaac2,2026-08-28,64d9022f568a,ITT Enidine,https://www.enidine.com/en-US/Home,https://careersmex-itt-inc.icims.com/jobs/search?ss=1&searchRelation=keyword_all,Cargo INTERN/Co-op 1,https://careersmex-itt-inc.icims.com/jobs/17169/intern-co-op-1/job,"Orchard Park, NY, United States",Orchard Park,NY,United States,Not specified,,,,Space & Defense,2026-08-28,2026-08-28,https://careersmex-itt-inc.icims.com/jobs/search?ss=1&searchRelation=keyword_all,ats_detected,5,success_after_fallback
b9d2a71458b9,2026-08-28,64d9022f568a,ITT Enidine,https://www.enidine.com/en-US/Home,https://careersmex-itt-inc.icims.com/jobs/search?ss=1&searchRelation=keyword_all,Cargo Customer Service Analyst,https://careersmex-itt-inc.icims.com/jobs/17113/customer-service-analyst/job,"Orchard Park, NY, United States",Orchard Park,NY,United States,Not specified,,,,Space & Defense,2026-08-28,2026-08-28,https://careersmex-itt-inc.icims.com/jobs/search?ss=1&searchRelation=keyword_all,ats_detected,5,success_after_fallback
db184d175990,2026-08-28,64d9022f568a,ITT Enidine,https://www.enidine.com/en-US/Home,https://careersmex-itt-inc.icims.com/jobs/search?ss=1&searchRelation=keyword_all,Cargo Receiving Inspection Technician,https://careersmex-itt-inc.icims.com/jobs/17057/receiving-inspection-technician/job,"Orchard Park, NY, United States",Orchard Park,NY,United States,Not specified,,,,Space & Defense,2026-08-28,2026-08-28,https://careersmex-itt-inc.icims.com/jobs/search?ss=1&searchRelation=keyword_all,ats_detected,5,success_after_fallback
c81b21fa771e,2026-08-28,64d9022f568a,ITT Enidine,https://www.enidine.com/en-US/Home,https://careersmex-itt-inc.icims.com/jobs/search?ss=1&searchRelation=keyword_all,Cargo QA Engineer,https://careersmex-itt-inc.icims.com/jobs/17056/qa-engineer/job,"Orchard Park, NY, United States",Orchard Park,NY,United States,Not specified,,,,Space & Defense,2026-08-28,2026-08-28,https://careersmex-itt-inc.icims.com/jobs/search?ss=1&searchRelation=keyword_all,ats_detected,5,success_after_fallback
05955e9486cc,2026-08-28,64d9022f568a,ITT Enidine,https://www.enidine.com/en-US/Home,https://careersmex-itt-inc.icims.com/jobs/search?ss=1&searchRelation=keyword_all,Cargo Manufacturing Engineer,https://careersmex-itt-inc.icims.com/jobs/16633/manufacturing-engineer/job,"Orchard Park, NY, United States",Orchard Park,NY,United States,Not specified,,,,Space & Defense,2026-08-28,2026-08-28,https://careersmex-itt-inc.icims.com/jobs/search?ss=1&searchRelation=keyword_all,ats_detected,5,success_after_fallback
dadae87cd5d0,2026-08-28,64d9022f568a,ITT Enidine,https://www.enidine.com/en-US/Home,https://careersmex-itt-inc.icims.com/jobs/search?ss=1&searchRelation=keyword_all,Cargo Service Engineer,https://careersmex-itt-inc.icims.com/jobs/16362/service-engineer/job,"Orchard Park, NY, United States",Orchard Park,NY,United States,Not specified,,,,Space & Defense,2026-08-28,2026-08-28,https://careersmex-itt-inc.icims.com/jobs/search?ss=1&searchRelation=keyword_all,ats_detected,5,success_after_fallback
79ddb9ab56c2,2026-08-28,64d9022f568a,ITT Enidine,https://www.enidine.com/en-US/Home,https://careersen-itt-inc.icims.com/jobs/search?ss=1&searchRelation=keyword_all,Title INTERN,https://careersen-itt-inc.icims.com/jobs/17475/intern/job,"Orchard Park, NY, United States",Orchard Park,NY,United States,Not specified,,,,Space & Defense,2026-08-28,2026-08-28,https://careersen-itt-inc.icims.com/jobs/search?ss=1&searchRelation=keyword_all,ats_detected,5,success_after_fallback
95066864036e,2026-08-28,64d9022f568a,ITT Enidine,https://www.enidine.com/en-US/Home,https://careersen-itt-inc.icims.com/jobs/search?ss=1&searchRelation=keyword_all,Title HR Leader - Transformation & Strategic Projects,https://careersen-itt-inc.icims.com/jobs/17459/hr-leader---transformation-%26-strategic-projects/job,"Orchard Park, NY, United States",Orchard Park,NY,United States,Not specified,,,,Space & Defense,2026-08-28,2026-08-28,https://careersen-itt-inc.icims.com/jobs/search?ss=1&searchRelation=keyword_all,ats_detected,5,success_after_fallback
d11b2c907757,2026-08-28,64d9022f568a,ITT Enidine,https://www.enidine.com/en-US/Home,https://careersen-itt-inc.icims.com/jobs/search?ss=1&searchRelation=keyword_all,Title Designer,https://careersen-itt-inc.icims.com/jobs/17380/designer/job,"Orchard Park, NY, United States",Orchard Park,NY,United States,Not specified,,,,Space & Defense,2026-08-28,2026-08-28,https://careersen-itt-inc.icims.com/jobs/search?ss=1&searchRelation=keyword_all,ats_detected,5,success_after_fallback
72a6568f7f40,2026-08-28,64d9022f568a,ITT Enidine,https://www.enidine.com/en-US/Home,https://careersen-itt-inc.icims.com/jobs/search?ss=1&searchRelation=keyword_all,Title Planning Manager - SAP Implementation Project,https://careersen-itt-inc.icims.com/jobs/17364/planning-manager---sap-implementation-project/job,"Orchard Park, NY, United States",Orchard Park,NY,United States,Not specified,,,,Space & Defense,2026-08-28,2026-08-28,https://careersen-itt-inc.icims.com/jobs/search?ss=1&searchRelation=keyword_all,ats_detected,5,success_after_fallback
5160d1d1e933,2026-08-28,64d9022f568a,ITT Enidine,https://www.enidine.com/en-US/Home,https://careersen-itt-inc.icims.com/jobs/search?ss=1&searchRelation=keyword_all,Title Sales Representative,https://careersen-itt-inc.icims.com/jobs/17347/sales-representative/job,"Orchard Park, NY, United States",Orchard Park,NY,United States,Not specified,,,,Space & Defense,2026-08-28,2026-08-28,https://careersen-itt-inc.icims.com/jobs/search?ss=1&searchRelation=keyword_all,ats_detected,5,success_after_fallback
356153abca2d,2026-08-28,64d9022f568a,ITT Enidine,https://www.enidine.com/en-US/Home,https://careersen-itt-inc.icims.com/jobs/search?ss=1&searchRelation=keyword_all,Title Assembly Operator,https://careersen-itt-inc.icims.com/jobs/17331/assembly-operator/job,"Orchard Park, NY, United States",Orchard Park,NY,United States,Not specified,,,,Space & Defense,2026-08-28,2026-08-28,https://careersen-itt-inc.icims.com/jobs/search?ss=1&searchRelation=keyword_all,ats_detected,5,success_after_fallback
5383c4a8a4ca,2026-08-28,64d9022f568a,ITT Enidine,https://www.enidine.com/en-US/Home,https://careersen-itt-inc.icims.com/jobs/search?ss=1&searchRelation=keyword_all,"Title Sourcing, Supply Chain and Logistics Analyst",https://careersen-itt-inc.icims.com/jobs/17330/sourcing%2c-supply-chain-and-logistics-analyst/job,"Orchard Park, NY, United States",Orchard Park,NY,United States,Not specified,,,,Space & Defense,2026-08-28,2026-08-28,https://careersen-itt-inc.icims.com/jobs/search?ss=1&searchRelation=keyword_all,ats_detected,5,success_after_fallback
2603ec2fb53d,2026-08-28,64d9022f568a,ITT Enidine,https://www.enidine.com/en-US/Home,https://careersen-itt-inc.icims.com/jobs/search?ss=1&searchRelation=keyword_all,Title Lead Analytics Engineer,https://careersen-itt-inc.icims.com/jobs/17299/lead-analytics-engineer/job,"Orchard Park, NY, United States",Orchard Park,NY,United States,Not specified,,,,Space & Defense,2026-08-28,2026-08-28,https://careersen-itt-inc.icims.com/jobs/search?ss=1&searchRelation=keyword_all,ats_detected,5,success_after_fallback
1f063b3551ed,2026-08-28,64d9022f568a,ITT Enidine,https://www.enidine.com/en-US/Home,https://careersen-itt-inc.icims.com/jobs/search?ss=1&searchRelation=keyword_all,Title Junior Analytics Engineer,https://careersen-itt-inc.icims.com/jobs/17291/junior-analytics-engineer/job,"Orchard Park, NY, United States",Orchard Park,NY,United States,Not specified,,,,Space & Defense,2026-08-28,2026-08-28,https://careersen-itt-inc.icims.com/jobs/search?ss=1&searchRelation=keyword_all,ats_detected,5,success_after_fallback
0c8e0c119fe4,2026-08-28,64d9022f568a,ITT Enidine,https://www.enidine.com/en-US/Home,https://careersen-itt-inc.icims.com/jobs/search?ss=1&searchRelation=keyword_all,Title Technical Business Development Manager Connectors for Defense & Aerospace – Eastern Europe,https://careersen-itt-inc.icims.com/jobs/17258/technical-business-development-manager-connectors-for-defense-%26-aerospace-%e2%80%93-eastern-europe/job,"Orchard Park, NY, United States",Orchard Park,NY,United States,Remote,,,,Space & Defense,2026-08-28,2026-08-28,https://careersen-itt-inc.icims.com/jobs/search?ss=1&searchRelation=keyword_all,ats_detected,5,success_after_fallback
dc5541523c3d,2026-08-28,64d9022f568a,ITT Enidine,https://www.enidine.com/en-US/Home,https://careersen-itt-inc.icims.com/jobs/search?ss=1&searchRelation=keyword_all,Title Technical Business Development Manager Connectors for Defense & Aerospace - DACH,https://careersen-itt-inc.icims.com/jobs/17257/technical-business-development-manager-connectors-for-defense-%26-aerospace---dach/job,"Orchard Park, NY, United States",Orchard Park,NY,United States,Remote,,,,Space & Defense,2026-08-28,2026-08-28,https://careersen-itt-inc.icims.com/jobs/search?ss=1&searchRelation=keyword_all,ats_detected,5,success_after_fallback
66a52bce4bc4,2026-08-28,64d9022f568a,ITT Enidine,https://www.enidine.com/en-US/Home,https://careersen-itt-inc.icims.com/jobs/search?ss=1&searchRelation=keyword_all,Title Application Engineer,https://careersen-itt-inc.icims.com/jobs/17214/application-engineer/job,"Orchard Park, NY, United States",Orchard Park,NY,United States,Not specified,,,,Space & Defense,2026-08-28,2026-08-28,https://careersen-itt-inc.icims.com/jobs/search?ss=1&searchRelation=keyword_all,ats_detected,5,success_after_fallback
e99ab338454a,2026-08-28,64d9022f568a,ITT Enidine,https://www.enidine.com/en-US/Home,https://careersen-itt-inc.icims.com/jobs/search?ss=1&searchRelation=keyword_all,Title INTERN/Co-op 1,https://careersen-itt-inc.icims.com/jobs/17169/intern-co-op-1/job,"Orchard Park, NY, United States",Orchard Park,NY,United States,Not specified,,,,Space & Defense,2026-08-28,2026-08-28,https://careersen-itt-inc.icims.com/jobs/search?ss=1&searchRelation=keyword_all,ats_detected,5,success_after_fallback
ab029f496844,2026-08-28,64d9022f568a,ITT Enidine,https://www.enidine.com/en-US/Home,https://careersen-itt-inc.icims.com/jobs/search?ss=1&searchRelation=keyword_all,Title Sales Manager,https://careersen-itt-inc.icims.com/jobs/17114/sales-manager/job,"Orchard Park, NY, United States",Orchard Park,NY,United States,Not specified,,,,Space & Defense,2026-08-28,2026-08-28,https://careersen-itt-inc.icims.com/jobs/search?ss=1&searchRelation=keyword_all,ats_detected,5,success_after_fallback
7c10f59eecd9,2026-08-28,64d9022f568a,ITT Enidine,https://www.enidine.com/en-US/Home,https://careersen-itt-inc.icims.com/jobs/search?ss=1&searchRelation=keyword_all,Title Customer Service Analyst,https://careersen-itt-inc.icims.com/jobs/17113/customer-service-analyst/job,"Orchard Park, NY, United States",Orchard Park,NY,United States,Not specified,,,,Space & Defense,2026-08-28,2026-08-28,https://careersen-itt-inc.icims.com/jobs/search?ss=1&searchRelation=keyword_all,ats_detected,5,success_after_fallback
41163fde7d23,2026-08-28,64d9022f568a,ITT Enidine,https://www.enidine.com/en-US/Home,https://careersen-itt-inc.icims.com/jobs/search?ss=1&searchRelation=keyword_all,Title Talent Insights Analyst,https://careersen-itt-inc.icims.com/jobs/17072/talent-insights-analyst/job,"Orchard Park, NY, United States",Orchard Park,NY,United States,Not specified,,,,Space & Defense,2026-08-28,2026-08-28,https://careersen-itt-inc.icims.com/jobs/search?ss=1&searchRelation=keyword_all,ats_detected,5,success_after_fallback
45a43096654c,2026-08-28,64d9022f568a,ITT Enidine,https://www.enidine.com/en-US/Home,https://careersen-itt-inc.icims.com/jobs/search?ss=1&searchRelation=keyword_all,Title QA Engineer,https://careersen-itt-inc.icims.com/jobs/17056/qa-engineer/job,"Orchard Park, NY, United States",Orchard Park,NY,United States,Not specified,,,,Space & Defense,2026-08-28,2026-08-28,https://careersen-itt-inc.icims.com/jobs/search?ss=1&searchRelation=keyword_all,ats_detected,5,success_after_fallback
4c765ca5b2ee,2026-08-28,64d9022f568a,ITT Enidine,https://www.enidine.com/en-US/Home,https://careersen-itt-inc.icims.com/jobs/search?ss=1&searchRelation=keyword_all,Title Project Design Engineer -P2,https://careersen-itt-inc.icims.com/jobs/16933/project-design-engineer--p2/job,"Orchard Park, NY, United States",Orchard Park,NY,United States,Not specified,,,,Space & Defense,2026-08-28,2026-08-28,https://careersen-itt-inc.icims.com/jobs/search?ss=1&searchRelation=keyword_all,ats_detected,5,success_after_fallback
366ea2ea1aa2,2026-08-28,64d9022f568a,ITT Enidine,https://www.enidine.com/en-US/Home,https://careersen-itt-inc.icims.com/jobs/search?ss=1&searchRelation=keyword_all,Distribution Sales Manager %7C Central Europe,https://careersen-itt-inc.icims.com/jobs/16894/distribution-sales-manager-%7c-central-europe/job,"Orchard Park, NY, United States",Orchard Park,NY,United States,Remote,,,,Space & Defense,2026-08-28,2026-08-28,https://careersen-itt-inc.icims.com/jobs/search?ss=1&searchRelation=keyword_all,ats_detected,5,success_after_fallback
91aa73b5e290,2026-08-28,64d9022f568a,ITT Enidine,https://www.enidine.com/en-US/Home,https://careersen-itt-inc.icims.com/jobs/search?ss=1&searchRelation=keyword_all,Title Global Quality Engineer Lead,https://careersen-itt-inc.icims.com/jobs/16805/global-quality-engineer-lead/job,"Orchard Park, NY, United States",Orchard Park,NY,United States,Not specified,,,,Space & Defense,2026-08-28,2026-08-28,https://careersen-itt-inc.icims.com/jobs/search?ss=1&searchRelation=keyword_all,ats_detected,5,success_after_fallback
54f01b8dbe30,2026-08-28,64d9022f568a,ITT Enidine,https://www.enidine.com/en-US/Home,https://careersen-itt-inc.icims.com/jobs/search?ss=1&searchRelation=keyword_all,Title Application Engineer Railway,https://careersen-itt-inc.icims.com/jobs/16767/application-engineer-railway/job,"Orchard Park, NY, United States",Orchard Park,NY,United States,Not specified,,,,Space & Defense,2026-08-28,2026-08-28,https://careersen-itt-inc.icims.com/jobs/search?ss=1&searchRelation=keyword_all,ats_detected,5,success_after_fallback
a2343af66dc4,2026-08-28,64d9022f568a,ITT Enidine,https://www.enidine.com/en-US/Home,https://careersen-itt-inc.icims.com/jobs/search?ss=1&searchRelation=keyword_all,Title Senior AI/ML Engineer,https://careersen-itt-inc.icims.com/jobs/16717/senior-ai-ml-engineer/job,"Orchard Park, NY, United States",Orchard Park,NY,United States,Not specified,,,,Space & Defense,2026-08-28,2026-08-28,https://careersen-itt-inc.icims.com/jobs/search?ss=1&searchRelation=keyword_all,ats_detected,5,success_after_fallback
b607cc8f9a30,2026-08-28,64d9022f568a,ITT Enidine,https://www.enidine.com/en-US/Home,https://careersen-itt-inc.icims.com/jobs/search?ss=1&searchRelation=keyword_all,Title IT Business Analyst (Application Configuration Specialist),https://careersen-itt-inc.icims.com/jobs/16713/it-business-analyst-%28application-configuration-specialist%29/job,"Orchard Park, NY, United States",Orchard Park,NY,United States,Not specified,,,,Space & Defense,2026-08-28,2026-08-28,https://careersen-itt-inc.icims.com/jobs/search?ss=1&searchRelation=keyword_all,ats_detected,5,success_after_fallback
e2fe533dc463,2026-08-28,64d9022f568a,ITT Enidine,https://www.enidine.com/en-US/Home,https://careersen-itt-inc.icims.com/jobs/search?ss=1&searchRelation=keyword_all,Title Application Engineer (P2),https://careersen-itt-inc.icims.com/jobs/16638/application-engineer-%28p2%29/job,"Orchard Park, NY, United States",Orchard Park,NY,United States,Not specified,,,,Space & Defense,2026-08-28,2026-08-28,https://careersen-itt-inc.icims.com/jobs/search?ss=1&searchRelation=keyword_all,ats_detected,5,success_after_fallback
8d4e1490154e,2026-08-28,64d9022f568a,ITT Enidine,https://www.enidine.com/en-US/Home,https://careersen-itt-inc.icims.com/jobs/search?ss=1&searchRelation=keyword_all,Title Manufacturing Engineer,https://careersen-itt-inc.icims.com/jobs/16633/manufacturing-engineer/job,"Orchard Park, NY, United States",Orchard Park,NY,United States,Not specified,,,,Space & Defense,2026-08-28,2026-08-28,https://careersen-itt-inc.icims.com/jobs/search?ss=1&searchRelation=keyword_all,ats_detected,5,success_after_fallback
b2d0be131c26,2026-08-28,64d9022f568a,ITT Enidine,https://www.enidine.com/en-US/Home,https://careersen-itt-inc.icims.com/jobs/search?ss=1&searchRelation=keyword_all,Title Global Purchasing & Sourcing Lead,https://careersen-itt-inc.icims.com/jobs/16615/global-purchasing-%26-sourcing-lead/job,"Orchard Park, NY, United States",Orchard Park,NY,United States,Not specified,,,,Space & Defense,2026-08-28,2026-08-28,https://careersen-itt-inc.icims.com/jobs/search?ss=1&searchRelation=keyword_all,ats_detected,5,success_after_fallback
c9be68aa8a2a,2026-08-28,64d9022f568a,ITT Enidine,https://www.enidine.com/en-US/Home,https://careersen-itt-inc.icims.com/jobs/search?ss=1&searchRelation=keyword_all,Title SAP Senior Business Specialist,https://careersen-itt-inc.icims.com/jobs/16533/sap-senior-business-specialist/job,"Orchard Park, NY, United States",Orchard Park,NY,United States,Not specified,,,,Space & Defense,2026-08-28,2026-08-28,https://careersen-itt-inc.icims.com/jobs/search?ss=1&searchRelation=keyword_all,ats_detected,5,success_after_fallback
8c401a107db2,2026-08-28,64d9022f568a,ITT Enidine,https://www.enidine.com/en-US/Home,https://careersen-itt-inc.icims.com/jobs/search?ss=1&searchRelation=keyword_all,Title Test Engineer,https://careersen-itt-inc.icims.com/jobs/16378/test-engineer/job,"Orchard Park, NY, United States",Orchard Park,NY,United States,Not specified,,,,Space & Defense,2026-08-28,2026-08-28,https://careersen-itt-inc.icims.com/jobs/search?ss=1&searchRelation=keyword_all,ats_detected,5,success_after_fallback
c122fdee3025,2026-08-28,64d9022f568a,ITT Enidine,https://www.enidine.com/en-US/Home,https://careersen-itt-inc.icims.com/jobs/search?ss=1&searchRelation=keyword_all,Title Service Engineer,https://careersen-itt-inc.icims.com/jobs/16362/service-engineer/job,"Orchard Park, NY, United States",Orchard Park,NY,United States,Not specified,,,,Space & Defense,2026-08-28,2026-08-28,https://careersen-itt-inc.icims.com/jobs/search?ss=1&searchRelation=keyword_all,ats_detected,5,success_after_fallback
ad288983df18,2026-08-28,64d9022f568a,ITT Enidine,https://www.enidine.com/en-US/Home,https://careersen-itt-inc.icims.com/jobs/search?ss=1&searchRelation=keyword_all,Title Product Manager Automotive After Market & Racing,https://careersen-itt-inc.icims.com/jobs/15454/product-manager-automotive-after-market-%26-racing/job,"Orchard Park, NY, United States",Orchard Park,NY,United States,Not specified,,,,Space & Defense,2026-08-28,2026-08-28,https://careersen-itt-inc.icims.com/jobs/search?ss=1&searchRelation=keyword_all,ats_detected,5,success_after_fallback
6b1b979a6787,2026-08-28,64d9022f568a,ITT Enidine,https://www.enidine.com/en-US/Home,https://careersen-itt-inc.icims.com/jobs/search?ss=1&searchRelation=keyword_all,Title Application Engineer,https://careersen-itt-inc.icims.com/jobs/15377/application-engineer/job,"Orchard Park, NY, United States",Orchard Park,NY,United States,Not specified,,,,Space & Defense,2026-08-28,2026-08-28,https://careersen-itt-inc.icims.com/jobs/search?ss=1&searchRelation=keyword_all,ats_detected,5,success_after_fallback
3ccf63a35027,2026-08-28,64d9022f568a,ITT Enidine,https://www.enidine.com/en-US/Home,https://careersen-itt-inc.icims.com/jobs/search?ss=1&searchRelation=keyword_all,Title Product Design Engineer,https://careersen-itt-inc.icims.com/jobs/15366/product-design-engineer/job,"Orchard Park, NY, United States",Orchard Park,NY,United States,Not specified,,,,Space & Defense,2026-08-28,2026-08-28,https://careersen-itt-inc.icims.com/jobs/search?ss=1&searchRelation=keyword_all,ats_detected,5,success_after_fallback
94bb4ec31afa,2026-08-28,64d9022f568a,ITT Enidine,https://www.enidine.com/en-US/Home,https://careersen-itt-inc.icims.com/jobs/search?ss=1&searchRelation=keyword_all,Title Application Engineering Lead,https://careersen-itt-inc.icims.com/jobs/15348/application-engineering-lead/job,"Orchard Park, NY, United States",Orchard Park,NY,United States,Not specified,,,,Space & Defense,2026-08-28,2026-08-28,https://careersen-itt-inc.icims.com/jobs/search?ss=1&searchRelation=keyword_all,ats_detected,5,success_after_fallback
069ab83b60cd,2026-08-28,64d9022f568a,ITT Enidine,https://www.enidine.com/en-US/Home,https://careersenus-itt-inc.icims.com/jobs/17533/continuous-improvement-engineer/job,Continuous Improvement Engineer,https://careersenus-itt-inc.icims.com/jobs/17533/continuous-improvement-engineer/referral,"Orchard Park, NY, United States",Orchard Park,NY,United States,Not specified,,,,Space & Defense,2026-08-28,2026-08-28,https://careersenus-itt-inc.icims.com/jobs/17533/continuous-improvement-engineer/job,ats_detected,5,success_after_fallback
53c52ee06b65,2026-08-28,64d9022f568a,ITT Enidine,https://www.enidine.com/en-US/Home,https://careersenus-itt-inc.icims.com/jobs/17513/administrative-assistant/job,Administrative Assistant,https://careersenus-itt-inc.icims.com/jobs/17513/administrative-assistant/referral,"Orchard Park, NY, United States",Orchard Park,NY,United States,Not specified,,,,Space & Defense,2026-08-28,2026-08-28,https://careersenus-itt-inc.icims.com/jobs/17513/administrative-assistant/job,ats_detected,5,success_after_fallback
f7a6317bb731,2026-08-28,64d9022f568a,ITT Enidine,https://www.enidine.com/en-US/Home,https://careersenus-itt-inc.icims.com/jobs/17510/manual-machinist/job,Manual Machinist,https://careersenus-itt-inc.icims.com/jobs/17510/manual-machinist/job,"Stafford, TX, US",Stafford,TX,United States,Not specified,,,Service,Space & Defense,2026-08-28,2026-08-28,https://careersenus-itt-inc.icims.com/jobs/17510/manual-machinist/job,ats_detected,4,success_after_fallback
73dec10857f7,2026-08-28,49a39e5c497b,L3Harris,https://www.l3harris.com/,https://careers.l3harris.com/en,L3Harris Engineering Hiring Event Plano Tx 8,https://careers.l3harris.com/en/job/greenville/l3harris-engineering-hiring-event-plano-tx-8-31/4832/98424212832,"Plano, TX",Plano,TX,United States,Not specified,,,,Space & Defense,2026-08-28,2026-08-28,https://careers.l3harris.com/en,known_careers_url,4,success
982f7feeff58,2026-08-28,49a39e5c497b,L3Harris,https://www.l3harris.com/,https://careers.l3harris.com/en,L3Harris Engineering Hiring Event Greater Boston Ma,https://careers.l3harris.com/en/job/wilmington/l3harris-engineering-hiring-event-greater-boston-ma/4832/98348330736,"Greece, NY, United States",Greece,NY,United States,Not specified,,,,Space & Defense,2026-08-28,2026-08-28,https://careers.l3harris.com/en,known_careers_url,4,success
671c7fb454cb,2026-08-28,49a39e5c497b,L3Harris,https://www.l3harris.com/,https://careers.l3harris.com/en,Specialist Program Management,https://careers.l3harris.com/en/job/orange/specialist-program-management/4832/99860448560,"Orange, Virginia, Huntsville, Alabama",Orange,VA,United States,Not specified,,,,Space & Defense,2026-08-28,2026-08-28,https://careers.l3harris.com/en,known_careers_url,4,success
67ab778b3897,2026-08-28,49a39e5c497b,L3Harris,https://www.l3harris.com/,https://careers.l3harris.com/en,Inventory Management Support D,https://careers.l3harris.com/en/job/malabar/inventory-management-support-d/4832/99860448512,"Malabar, Florida",Malabar,FL,United States,Not specified,,,,Space & Defense,2026-08-28,2026-08-28,https://careers.l3harris.com/en,known_careers_url,4,success
d9571319ed24,2026-08-28,49a39e5c497b,L3Harris,https://www.l3harris.com/,https://careers.l3harris.com/en,Lead Program Engineer,https://careers.l3harris.com/en/job/greenville/lead-program-engineer/4832/99860448416,"Greenville, Texas",Greenville,TX,United States,Not specified,,,,Space & Defense,2026-08-28,2026-08-28,https://careers.l3harris.com/en,known_careers_url,4,success
5f6bafe659d5,2026-08-28,49a39e5c497b,L3Harris,https://www.l3harris.com/,https://careers.l3harris.com/en,Specialist Program Finance,https://careers.l3harris.com/en/job/greenville/specialist-program-finance/4832/99860448352,"Greenville, Texas, Waco, Texas",Greenville,TX,United States,Not specified,,,,Space & Defense,2026-08-28,2026-08-28,https://careers.l3harris.com/en,known_careers_url,4,success
36000c483eda,2026-08-28,49a39e5c497b,L3Harris,https://www.l3harris.com/,https://careers.l3harris.com/en/search-jobs,Senior Specialist Subcontracts,https://careers.l3harris.com/en/job/united-states/senior-specialist-subcontracts/4832/99860448304,Remote,,,,Remote,,,,Space & Defense,2026-08-28,2026-08-28,https://careers.l3harris.com/en/search-jobs,linked_page,4,success_after_fallback
9e41b865dfc7,2026-08-28,49a39e5c497b,L3Harris,https://www.l3harris.com/,https://careers.l3harris.com/en/search-jobs,Lead Business Development,https://careers.l3harris.com/en/job/palm-bay/lead-business-development/4832/99860448224,"Palm Bay, Brevard, FL",Palm Bay,FL,United States,Not specified,,,,Space & Defense,2026-08-28,2026-08-28,https://careers.l3harris.com/en/search-jobs,linked_page,4,success_after_fallback
7a96b227796f,2026-08-28,49a39e5c497b,L3Harris,https://www.l3harris.com/,https://careers.l3harris.com/en/search-jobs,Inventory Management Support B Lockbourne Oh,https://careers.l3harris.com/en/job/lockbourne/inventory-management-support-b-lockbourne-oh-1/4832/99860448160,"Lockbourne, OH",Lockbourne,OH,United States,Not specified,,,,Space & Defense,2026-08-28,2026-08-28,https://careers.l3harris.com/en/search-jobs,linked_page,4,success_after_fallback
8acd4c9cd135,2026-08-28,49a39e5c497b,L3Harris,https://www.l3harris.com/,https://careers.l3harris.com/en/search-jobs,Associate Industrial Engineer,https://careers.l3harris.com/en/job/camden/associate-industrial-engineer/4832/99420660944,"Camden, AR",Camden,AR,United States,Not specified,,,,Space & Defense,2026-08-28,2026-08-28,https://careers.l3harris.com/en/search-jobs,linked_page,4,success_after_fallback
e32ee84b8bef,2026-08-28,49a39e5c497b,L3Harris,https://www.l3harris.com/,https://careers.l3harris.com/en/search-jobs,"Lead, Business Development Strategy Multiple Locations",https://careers.l3harris.com/en/job/palm-bay/lead-business-development/4832/99860447984,"Greece, NY, United States",Greece,NY,United States,Not specified,,,,Space & Defense,2026-08-28,2026-08-28,https://careers.l3harris.com/en/search-jobs,linked_page,4,success_after_fallback
f461bebee924,2026-08-28,49a39e5c497b,L3Harris,https://www.l3harris.com/,https://careers.l3harris.com/en/search-jobs,"Specialist, Finance Finance Remote",https://careers.l3harris.com/en/job/united-states/specialist-finance/4832/99860447936,Remote,,,,Remote,,,,Space & Defense,2026-08-28,2026-08-28,https://careers.l3harris.com/en/search-jobs,linked_page,4,success_after_fallback
2b316355875e,2026-08-28,49a39e5c497b,L3Harris,https://www.l3harris.com/,https://careers.l3harris.com/en/search-jobs,"Flight, Operations",https://careers.l3harris.com/en/job/waco/aircraft-maintenance-c/4832/99860447872,"Waco, TX",Waco,TX,United States,Not specified,,,,Space & Defense,2026-08-28,2026-08-28,https://careers.l3harris.com/en/search-jobs,linked_page,4,success_after_fallback
9221b2efef56,2026-08-28,49a39e5c497b,L3Harris,https://www.l3harris.com/,https://careers.l3harris.com/en/search-jobs,"Specialist, Mechanical Engineer - Structural Analyst (Space Systems) Engineering Multiple Locations",https://careers.l3harris.com/en/job/rochester/specialist-mechanical-engineer-structural-analyst-space-systems/4832/97880113536,"Greece, NY, United States",Greece,NY,United States,Not specified,,,,Space & Defense,2026-08-28,2026-08-28,https://careers.l3harris.com/en/search-jobs,linked_page,4,success_after_fallback
e400a09e03ac,2026-08-28,49a39e5c497b,L3Harris,https://www.l3harris.com/,https://careers.l3harris.com/en/search-jobs,Associate Hardware Engineer,https://careers.l3harris.com/en/job/greenville/associate-hardware-engineer/4832/98070345632,"Greenville, TX",Greenville,TX,United States,Not specified,,,,Space & Defense,2026-08-28,2026-08-28,https://careers.l3harris.com/en/search-jobs,linked_page,4,success_after_fallback
b178ce30b9aa,2026-08-28,49a39e5c497b,L3Harris,https://www.l3harris.com/,https://careers.l3harris.com/en/search-jobs,Quality Technician C,https://careers.l3harris.com/en/job/cincinnati/quality-technician-c/4832/99854684080,"Cincinnati, OH",Cincinnati,OH,United States,Not specified,,,,Space & Defense,2026-08-28,2026-08-28,https://careers.l3harris.com/en/search-jobs,linked_page,4,success_after_fallback
7f601dbfe253,2026-08-28,49a39e5c497b,L3Harris,https://www.l3harris.com/,https://careers.l3harris.com/en/search-jobs,Intern Facilities Planning Fall,https://careers.l3harris.com/en/job/greenville/intern-facilities-planning-fall-2026/4832/99372978576,"Greenville, TX",Greenville,TX,United States,Not specified,,,,Space & Defense,2026-08-28,2026-08-28,https://careers.l3harris.com/en/search-jobs,linked_page,4,success_after_fallback
8e7890cf7da9,2026-08-28,49a39e5c497b,L3Harris,https://www.l3harris.com/,https://careers.l3harris.com/en/job/greenville/l3harris-engineering-hiring-event-plano-tx-8-31/4832/98424212832,"L3Harris Engineering Hiring Event - Plano, TX (8/31)",https://careers.l3harris.com/en/job/plano/l3harris-engineering-hiring-event-plano-tx-8-31/4832/98424212832,"Plano, TX, US; Greenville, Texas, United States; Rockwall, Texas, United States; Waco, Texas, United States; Richardson, Texas, United States",Plano,TX,United States,Not specified,,,,Space & Defense,2026-08-28,2026-08-28,https://careers.l3harris.com/en/job/greenville/l3harris-engineering-hiring-event-plano-tx-8-31/4832/98424212832,linked_page,4,success_after_fallback
e196c48b323b,2026-08-28,49a39e5c497b,L3Harris,https://www.l3harris.com/,https://careers.l3harris.com/en/job/greenville/l3harris-engineering-hiring-event-plano-tx-8-31/4832/98424212832,L3Harris Engineering Hiring Event Plano Tx 8,https://careers.l3harris.com/en/job/greenville/l3harris-engineering-hiring-event-plano-tx-8-31/4832/search-jobs,"Greece, NY, United States",Greece,NY,United States,Not specified,,,,Space & Defense,2026-08-28,2026-08-28,https://careers.l3harris.com/en/job/greenville/l3harris-engineering-hiring-event-plano-tx-8-31/4832/98424212832,linked_page,4,success_after_fallback
b2a2fa50f8c9,2026-08-28,49a39e5c497b,L3Harris,https://www.l3harris.com/,https://careers.l3harris.com/en/job/greenville/l3harris-engineering-hiring-event-plano-tx-8-31/4832/98424212832,Sr Specialist Systems Engineer Top Secret Clearance Required,https://careers.l3harris.com/en/job/melbourne/sr-specialist-systems-engineer-top-secret-clearance-required/4832/99854683904,"Melbourne, Florida, Rochester, New York, Greenville, Texas",Melbourne,FL,United States,Not specified,,,,Space & Defense,2026-08-28,2026-08-28,https://careers.l3harris.com/en/job/greenville/l3harris-engineering-hiring-event-plano-tx-8-31/4832/98424212832,linked_page,4,success_after_fallback
c932e201d4ea,2026-08-28,49a39e5c497b,L3Harris,https://www.l3harris.com/,https://careers.l3harris.com/en/job/greenville/l3harris-engineering-hiring-event-plano-tx-8-31/4832/98424212832,Associate Software Engineer,https://careers.l3harris.com/en/job/richardson/associate-software-engineer/4832/99854683792,"Richardson, Texas",Richardson,TX,United States,Not specified,,,,Space & Defense,2026-08-28,2026-08-28,https://careers.l3harris.com/en/job/greenville/l3harris-engineering-hiring-event-plano-tx-8-31/4832/98424212832,linked_page,4,success_after_fallback
c8508256c94a,2026-08-28,49a39e5c497b,L3Harris,https://www.l3harris.com/,https://careers.l3harris.com/en/job/wilmington/l3harris-engineering-hiring-event-greater-boston-ma/4832/98348330736,L3Harris Engineering Hiring Event Greater Boston Ma,https://careers.l3harris.com/en/job/wilmington/l3harris-engineering-hiring-event-greater-boston-ma/4832/search-jobs,"Greece, NY, United States",Greece,NY,United States,Not specified,,,,Space & Defense,2026-08-28,2026-08-28,https://careers.l3harris.com/en/job/wilmington/l3harris-engineering-hiring-event-greater-boston-ma/4832/98348330736,linked_page,4,success_after_fallback
26e8188d78b0,2026-08-28,49a39e5c497b,L3Harris,https://www.l3harris.com/,https://careers.l3harris.com/en/job/wilmington/l3harris-engineering-hiring-event-greater-boston-ma/4832/98348330736,Intern C Systems Engineer,https://careers.l3harris.com/en/job/wilmington/intern-c-systems-engineer/4832/99403547024,"Wilmington, Massachusetts",Wilmington,MA,United States,Not specified,,,,Space & Defense,2026-08-28,2026-08-28,https://careers.l3harris.com/en/job/wilmington/l3harris-engineering-hiring-event-greater-boston-ma/4832/98348330736,linked_page,4,success_after_fallback
801743bbc81a,2026-08-28,49a39e5c497b,L3Harris,https://www.l3harris.com/,https://careers.l3harris.com/en/job/wilmington/l3harris-engineering-hiring-event-greater-boston-ma/4832/98348330736,Lead Mechanical Engineer Ny,https://careers.l3harris.com/en/job/rochester/lead-mechanical-engineer-ny/4832/98191352000,"Rochester, New York, Wilmington, Massachusetts",Rochester,NY,United States,Not specified,,,,Space & Defense,2026-08-28,2026-08-28,https://careers.l3harris.com/en/job/wilmington/l3harris-engineering-hiring-event-greater-boston-ma/4832/98348330736,linked_page,4,success_after_fallback
64480642f5b1,2026-08-28,49a39e5c497b,L3Harris,https://www.l3harris.com/,https://careers.l3harris.com/en/job/wilmington/l3harris-engineering-hiring-event-greater-boston-ma/4832/98348330736,Intern C Mechanical Engineer,https://careers.l3harris.com/en/job/wilmington/intern-c-mechanical-engineer/4832/99701648464,"Wilmington, Massachusetts",Wilmington,MA,United States,Not specified,,,,Space & Defense,2026-08-28,2026-08-28,https://careers.l3harris.com/en/job/wilmington/l3harris-engineering-hiring-event-greater-boston-ma/4832/98348330736,linked_page,4,success_after_fallback
0c08f55ac887,2026-08-28,49a39e5c497b,L3Harris,https://www.l3harris.com/,"https://careers.l3harris.com/en/search-jobs?acm=8686208,8679712,62721&alrpm=ALL&ascf=[%7B%22key%22:%22ALL%22,%22value%22:%22%22%7D]",Assoc Software Engineer New Grad Salt Lake City Ut 1 1,https://careers.l3harris.com/en/job/salt-lake-city/assoc-software-engineer-new-grad-salt-lake-city-ut-1-1-1/4832/99812180432,"Salt Lake City, UT",Salt Lake City,UT,United States,Not specified,,,,Space & Defense,2026-08-28,2026-08-28,"https://careers.l3harris.com/en/search-jobs?acm=8686208,8679712,62721&alrpm=ALL&ascf=[%7B%22key%22:%22ALL%22,%22value%22:%22%22%7D]",linked_page,4,success_after_fallback
75175dba9c71,2026-08-28,49a39e5c497b,L3Harris,https://www.l3harris.com/,"https://careers.l3harris.com/en/search-jobs?acm=8686208,8679712,62721&alrpm=ALL&ascf=[%7B%22key%22:%22ALL%22,%22value%22:%22%22%7D]",Associate Software Engineering,https://careers.l3harris.com/en/job/rochester/associate-software-engineering/4832/99806110352,"Rochester, NY",Rochester,NY,United States,Not specified,,,,Space & Defense,2026-08-28,2026-08-28,"https://careers.l3harris.com/en/search-jobs?acm=8686208,8679712,62721&alrpm=ALL&ascf=[%7B%22key%22:%22ALL%22,%22value%22:%22%22%7D]",linked_page,4,success_after_fallback
a1a07d2bad5c,2026-08-28,49a39e5c497b,L3Harris,https://www.l3harris.com/,"https://careers.l3harris.com/en/search-jobs?acm=8686208,8679712,62721&alrpm=ALL&ascf=[%7B%22key%22:%22ALL%22,%22value%22:%22%22%7D]",Associate Rf Wireless Engineer,https://careers.l3harris.com/en/job/salt-lake-city/associate-rf-wireless-engineer-1/4832/99806110272,"Salt Lake City, UT",Salt Lake City,UT,United States,Not specified,,,,Space & Defense,2026-08-28,2026-08-28,"https://careers.l3harris.com/en/search-jobs?acm=8686208,8679712,62721&alrpm=ALL&ascf=[%7B%22key%22:%22ALL%22,%22value%22:%22%22%7D]",linked_page,4,success_after_fallback
8a2d7503ba25,2026-08-28,49a39e5c497b,L3Harris,https://www.l3harris.com/,"https://careers.l3harris.com/en/search-jobs?acm=8686208,8679712,62721&alrpm=ALL&ascf=[%7B%22key%22:%22ALL%22,%22value%22:%22%22%7D]",Associate Software Engineer,https://careers.l3harris.com/en/job/salt-lake-city/associate-software-engineer/4832/99801423920,"Salt Lake City, UT",Salt Lake City,UT,United States,Not specified,,,,Space & Defense,2026-08-28,2026-08-28,"https://careers.l3harris.com/en/search-jobs?acm=8686208,8679712,62721&alrpm=ALL&ascf=[%7B%22key%22:%22ALL%22,%22value%22:%22%22%7D]",linked_page,4,success_after_fallback
22907614c67c,2026-08-28,49a39e5c497b,L3Harris,https://www.l3harris.com/,"https://careers.l3harris.com/en/search-jobs?acm=8686208,8679712,62721&alrpm=ALL&ascf=[%7B%22key%22:%22ALL%22,%22value%22:%22%22%7D]",Sr Associate Manufacturing Engineering,https://careers.l3harris.com/en/job/clifton/sr-associate-manufacturing-engineering/4832/99725794960,"Clifton, NJ",Clifton,NJ,United States,Not specified,,,,Space & Defense,2026-08-28,2026-08-28,"https://careers.l3harris.com/en/search-jobs?acm=8686208,8679712,62721&alrpm=ALL&ascf=[%7B%22key%22:%22ALL%22,%22value%22:%22%22%7D]",linked_page,4,success_after_fallback
bda7302bffa3,2026-08-28,49a39e5c497b,L3Harris,https://www.l3harris.com/,"https://careers.l3harris.com/en/search-jobs?acm=8686208,8679712,62721&alrpm=ALL&ascf=[%7B%22key%22:%22ALL%22,%22value%22:%22%22%7D]",Associate Mechanical Engineer,https://careers.l3harris.com/en/job/rochester/associate-mechanical-engineer/4832/99720406800,"Rochester, NY",Rochester,NY,United States,Not specified,,,,Space & Defense,2026-08-28,2026-08-28,"https://careers.l3harris.com/en/search-jobs?acm=8686208,8679712,62721&alrpm=ALL&ascf=[%7B%22key%22:%22ALL%22,%22value%22:%22%22%7D]",linked_page,4,success_after_fallback
2d00bd6bb892,2026-08-28,49a39e5c497b,L3Harris,https://www.l3harris.com/,"https://careers.l3harris.com/en/search-jobs?acm=8686208,8679712,62721&alrpm=ALL&ascf=[%7B%22key%22:%22ALL%22,%22value%22:%22%22%7D]",Associate Software Engineer,https://careers.l3harris.com/en/job/palm-bay/associate-software-engineer/4832/99715686304,"Palm Bay, Brevard, FL",Palm Bay,FL,United States,Not specified,,,,Space & Defense,2026-08-28,2026-08-28,"https://careers.l3harris.com/en/search-jobs?acm=8686208,8679712,62721&alrpm=ALL&ascf=[%7B%22key%22:%22ALL%22,%22value%22:%22%22%7D]",linked_page,4,success_after_fallback
aa400ee08aea,2026-08-28,49a39e5c497b,L3Harris,https://www.l3harris.com/,"https://careers.l3harris.com/en/search-jobs?acm=8686208,8679712,62721&alrpm=ALL&ascf=[%7B%22key%22:%22ALL%22,%22value%22:%22%22%7D]",Associate Mechanical Engineer,https://careers.l3harris.com/en/job/rochester/associate-mechanical-engineer/4832/98137589040,"Rochester, NY",Rochester,NY,United States,Not specified,,,,Space & Defense,2026-08-28,2026-08-28,"https://careers.l3harris.com/en/search-jobs?acm=8686208,8679712,62721&alrpm=ALL&ascf=[%7B%22key%22:%22ALL%22,%22value%22:%22%22%7D]",linked_page,4,success_after_fallback
f91e0df48151,2026-08-28,49a39e5c497b,L3Harris,https://www.l3harris.com/,"https://careers.l3harris.com/en/search-jobs?acm=8686208,8679712,62721&alrpm=ALL&ascf=[%7B%22key%22:%22ALL%22,%22value%22:%22%22%7D]",Senior Associate Mechanical Engineering,https://careers.l3harris.com/en/job/huntsville/senior-associate-mechanical-engineering/4832/99715686512,"Huntsville, AL",Huntsville,AL,United States,Not specified,,,,Space & Defense,2026-08-28,2026-08-28,"https://careers.l3harris.com/en/search-jobs?acm=8686208,8679712,62721&alrpm=ALL&ascf=[%7B%22key%22:%22ALL%22,%22value%22:%22%22%7D]",linked_page,4,success_after_fallback
40e69be15100,2026-08-28,49a39e5c497b,L3Harris,https://www.l3harris.com/,"https://careers.l3harris.com/en/search-jobs?acm=8686208,8679712,62721&alrpm=ALL&ascf=[%7B%22key%22:%22ALL%22,%22value%22:%22%22%7D]",Associate Program Finance,https://careers.l3harris.com/en/job/orlando/associate-program-finance/4832/99576577888,"Orlando, FL",Orlando,FL,United States,Not specified,,,,Space & Defense,2026-08-28,2026-08-28,"https://careers.l3harris.com/en/search-jobs?acm=8686208,8679712,62721&alrpm=ALL&ascf=[%7B%22key%22:%22ALL%22,%22value%22:%22%22%7D]",linked_page,4,success_after_fallback
66316d899aa7,2026-08-28,49a39e5c497b,L3Harris,https://www.l3harris.com/,"https://careers.l3harris.com/en/search-jobs?acm=8686208,8679712,62721&alrpm=ALL&ascf=[%7B%22key%22:%22ALL%22,%22value%22:%22%22%7D]",Associate Software Engineering,https://careers.l3harris.com/en/job/salt-lake-city/associate-software-engineering/4832/99468972880,"Salt Lake City, UT",Salt Lake City,UT,United States,Not specified,,,,Space & Defense,2026-08-28,2026-08-28,"https://careers.l3harris.com/en/search-jobs?acm=8686208,8679712,62721&alrpm=ALL&ascf=[%7B%22key%22:%22ALL%22,%22value%22:%22%22%7D]",linked_page,4,success_after_fallback
4b6bf91ac0aa,2026-08-28,49a39e5c497b,L3Harris,https://www.l3harris.com/,"https://careers.l3harris.com/en/search-jobs?acm=8686208,8679712,62721&alrpm=ALL&ascf=[%7B%22key%22:%22ALL%22,%22value%22:%22%22%7D]",Senior Associate Procurement,https://careers.l3harris.com/en/job/nashville/senior-associate-procurement/4832/99468972720,"Nashville, TN",Nashville,TN,United States,Not specified,,,,Space & Defense,2026-08-28,2026-08-28,"https://careers.l3harris.com/en/search-jobs?acm=8686208,8679712,62721&alrpm=ALL&ascf=[%7B%22key%22:%22ALL%22,%22value%22:%22%22%7D]",linked_page,4,success_after_fallback
c948c38272e7,2026-08-28,b5d41f3f3457,Lockheed Martin,https://www.lockheedmartin.com/,https://www.lockheedmartin.com/en-us/careers/candidates/students-early-careers.html,Meet our Interns,https://www.lockheedmartin.com/en-us/careers/life-at-lm/2023/early-career-lessons-learned.html,"Ballston Spa, NY, United States",Ballston Spa,NY,United States,Not specified,,,,Space & Defense,2026-08-28,2026-08-28,https://www.lockheedmartin.com/en-us/careers/candidates/students-early-careers.html,linked_page,4,success_after_fallback
ac6ac155e05e,2026-08-28,6f56721ec5b5,Lourdes Industries,https://lourdesinc.com/,https://lourdesinc.com/careers,Mechanical Assembler - III--Aerospace,https://lourdesinc.com/careers/9dcd85a1be748d78/mechanical-assembler-iii-aerospace,"📍 Hauppauge, NY",📍 Hauppauge,NY,United States,Not specified,,,,Space & Defense,2026-08-28,2026-08-28,https://lourdesinc.com/careers,known_careers_url,3,success
b16515a80057,2026-08-28,ee835297a5f7,Magellan Aerospace,https://magellan.aero/,https://careers.magellan.aero/search?createNewAlert=false&q=&locationsearch=&optionsFacetsDD_department=,CNC Operator,https://careers.magellan.aero/job/Kitchener-CNC-Operator-ON-N2C-1J1/602298617,"Bohemia, NY, United States",Bohemia,NY,United States,Not specified,,,,Core Space,2026-08-28,2026-08-28,https://careers.magellan.aero/search?createNewAlert=false&q=&locationsearch=&optionsFacetsDD_department=,linked_page,4,success_after_fallback
c7710a71674b,2026-08-28,ee835297a5f7,Magellan Aerospace,https://magellan.aero/,https://careers.magellan.aero/search?createNewAlert=false&q=&locationsearch=&optionsFacetsDD_department=,"Director, North America Finance Business Partner",https://careers.magellan.aero/job/Mississauga-Director%2C-North-America-Finance-Business-Partner-ON-L4T-1A9/600891317,"Bohemia, NY, United States",Bohemia,NY,United States,Not specified,,,,Core Space,2026-08-28,2026-08-28,https://careers.magellan.aero/search?createNewAlert=false&q=&locationsearch=&optionsFacetsDD_department=,linked_page,4,success_after_fallback
e49f63dda8f1,2026-08-28,ee835297a5f7,Magellan Aerospace,https://magellan.aero/,https://careers.magellan.aero/search?createNewAlert=false&q=&locationsearch=&optionsFacetsDD_department=,Development Engineering Technician-Dimensional,https://careers.magellan.aero/job/Haley-Station-Development-Engineering-Technician-Dimensional-ON-K0J-1Y0/605652817,"Bohemia, NY, United States",Bohemia,NY,United States,Not specified,,,,Core Space,2026-08-28,2026-08-28,https://careers.magellan.aero/search?createNewAlert=false&q=&locationsearch=&optionsFacetsDD_department=,linked_page,4,success_after_fallback
fbf245b7cc8d,2026-08-28,ee835297a5f7,Magellan Aerospace,https://magellan.aero/,https://careers.magellan.aero/search?createNewAlert=false&q=&locationsearch=&optionsFacetsDD_department=,General Maintenance Technician,https://careers.magellan.aero/job/Winnipeg-General-Maintenance-Technician-MB-R3H-0S5/603025717,"Bohemia, NY, United States",Bohemia,NY,United States,Not specified,,,,Core Space,2026-08-28,2026-08-28,https://careers.magellan.aero/search?createNewAlert=false&q=&locationsearch=&optionsFacetsDD_department=,linked_page,4,success_after_fallback
8e2149985f05,2026-08-28,ee835297a5f7,Magellan Aerospace,https://magellan.aero/,https://careers.magellan.aero/search?createNewAlert=false&q=&locationsearch=&optionsFacetsDD_department=,Program Manager,https://careers.magellan.aero/job/Winnipeg-Program-Manager-MB-R3H-0S5/605613017,"Bohemia, NY, United States",Bohemia,NY,United States,Not specified,,,,Core Space,2026-08-28,2026-08-28,https://careers.magellan.aero/search?createNewAlert=false&q=&locationsearch=&optionsFacetsDD_department=,linked_page,4,success_after_fallback
bcac4269d7ca,2026-08-28,ee835297a5f7,Magellan Aerospace,https://magellan.aero/,https://careers.magellan.aero/search?createNewAlert=false&q=&locationsearch=&optionsFacetsDD_department=,Materials Control Manager,https://careers.magellan.aero/job/Mississauga-Materials-Control-Manager-ON-L4T-1A9/599540917,"Bohemia, NY, United States",Bohemia,NY,United States,Not specified,,,,Core Space,2026-08-28,2026-08-28,https://careers.magellan.aero/search?createNewAlert=false&q=&locationsearch=&optionsFacetsDD_department=,linked_page,4,success_after_fallback
db4d1d39c828,2026-08-28,ee835297a5f7,Magellan Aerospace,https://magellan.aero/,https://careers.magellan.aero/search?createNewAlert=false&q=&locationsearch=&optionsFacetsDD_department=,Tax Manager,https://careers.magellan.aero/job/Mississauga-Tax-Manager-ON-L4T-1A9/603893417,"Bohemia, NY, United States",Bohemia,NY,United States,Not specified,,,,Core Space,2026-08-28,2026-08-28,https://careers.magellan.aero/search?createNewAlert=false&q=&locationsearch=&optionsFacetsDD_department=,linked_page,4,success_after_fallback
766de45c86ca,2026-08-28,ee835297a5f7,Magellan Aerospace,https://magellan.aero/,https://careers.magellan.aero/search?createNewAlert=false&q=&locationsearch=&optionsFacetsDD_department=,Financial Analyst (3 Months Contract),https://careers.magellan.aero/job/Mississauga-Financial-Analyst-%283-Months-Contract%29-ON-L4T-1A9/603893317,"Bohemia, NY, United States",Bohemia,NY,United States,Not specified,,,,Core Space,2026-08-28,2026-08-28,https://careers.magellan.aero/search?createNewAlert=false&q=&locationsearch=&optionsFacetsDD_department=,linked_page,4,success_after_fallback
ddff5f57f17a,2026-08-28,ee835297a5f7,Magellan Aerospace,https://magellan.aero/,https://careers.magellan.aero/search?createNewAlert=false&q=&locationsearch=&optionsFacetsDD_department=,Abrasive Blast Technician,https://careers.magellan.aero/job/West-Babylon-Abrasive-Blast-Technician-NY-11704/600351817,"Bohemia, NY, United States",Bohemia,NY,United States,Not specified,,,,Core Space,2026-08-28,2026-08-28,https://careers.magellan.aero/search?createNewAlert=false&q=&locationsearch=&optionsFacetsDD_department=,linked_page,4,success_after_fallback
14e59691fe4e,2026-08-28,ee835297a5f7,Magellan Aerospace,https://magellan.aero/,https://careers.magellan.aero/search?createNewAlert=false&q=&locationsearch=&optionsFacetsDD_department=,Saw Operator,https://careers.magellan.aero/job/Haley-Station-Saw-Operator-ON-K0J-1Y0/605532817,"Bohemia, NY, United States",Bohemia,NY,United States,Not specified,,,,Core Space,2026-08-28,2026-08-28,https://careers.magellan.aero/search?createNewAlert=false&q=&locationsearch=&optionsFacetsDD_department=,linked_page,4,success_after_fallback
ec717ebe2e87,2026-08-28,c67c1581a301,Mini Circuits Brooklyn,https://www.minicircuits.com/,https://jobs.jobvite.com/mini-circuits/jobs/positions,Engineering Pipeline,https://jobs.jobvite.com/mini-circuits/jobs/pipeline,"Brooklyn, NY, United States",Brooklyn,NY,United States,Not specified,,,,Core Space,2026-08-28,2026-08-28,https://jobs.jobvite.com/mini-circuits/jobs/positions,known_careers_url,4,success
4b7e4c057d4a,2026-08-28,c67c1581a301,Mini Circuits Brooklyn,https://www.minicircuits.com/,https://jobs.jobvite.com/mini-circuits/jobs/positions,"RF Test Engineer - MMIC Full-Time Carlsbad, California",https://jobs.jobvite.com/mini-circuits/job/oaxwAfwx,"Carlsbad, California",Carlsbad,CA,United States,Not specified,,,,Core Space,2026-08-28,2026-08-28,https://jobs.jobvite.com/mini-circuits/jobs/positions,known_careers_url,4,success
2a21ec37be01,2026-08-28,c67c1581a301,Mini Circuits Brooklyn,https://www.minicircuits.com/,https://jobs.jobvite.com/mini-circuits/jobs/positions,"Sr. Manager AI & Software Engineering Full-Time Melville, New York",https://jobs.jobvite.com/mini-circuits/job/ofRFAfw5,"Melville, New York",Melville,NY,United States,Not specified,,,,Core Space,2026-08-28,2026-08-28,https://jobs.jobvite.com/mini-circuits/jobs/positions,known_careers_url,4,success
2f20d98de26e,2026-08-28,c67c1581a301,Mini Circuits Brooklyn,https://www.minicircuits.com/,https://jobs.jobvite.com/mini-circuits/jobs/positions,"Warehouse Operator I Full-Time Deer Park, New York",https://jobs.jobvite.com/mini-circuits/job/oWcFAfw7,"Deer Park, New York",Deer Park,NY,United States,Not specified,,,,Core Space,2026-08-28,2026-08-28,https://jobs.jobvite.com/mini-circuits/jobs/positions,known_careers_url,4,success
b845a8ee017c,2026-08-28,c67c1581a301,Mini Circuits Brooklyn,https://www.minicircuits.com/,https://jobs.jobvite.com/mini-circuits/jobs/positions,"Product Engineer Manager Full-Time Hialeah, Florida",https://jobs.jobvite.com/mini-circuits/job/omwuzfwF,"Hialeah, Florida",Hialeah,FL,United States,Not specified,,,,Core Space,2026-08-28,2026-08-28,https://jobs.jobvite.com/mini-circuits/jobs/positions,known_careers_url,4,success
6e74b6f1efe0,2026-08-28,c67c1581a301,Mini Circuits Brooklyn,https://www.minicircuits.com/,https://jobs.jobvite.com/mini-circuits/jobs/positions,Field Applications Engineer - West Coast,https://jobs.jobvite.com/mini-circuits/job/o9l3zfwQ,"Remote, California",Remote,CA,United States,Remote,,,,Core Space,2026-08-28,2026-08-28,https://jobs.jobvite.com/mini-circuits/jobs/positions,known_careers_url,4,success
913280d599b2,2026-08-28,c67c1581a301,Mini Circuits Brooklyn,https://www.minicircuits.com/,https://jobs.jobvite.com/mini-circuits/jobs/positions,Field Applications Engineer NA Central,https://jobs.jobvite.com/mini-circuits/job/oaGmAfww,"Remote, New York",Remote,NY,United States,Remote,,,,Core Space,2026-08-28,2026-08-28,https://jobs.jobvite.com/mini-circuits/jobs/positions,known_careers_url,4,success
945cc4e177ae,2026-08-28,c67c1581a301,Mini Circuits Brooklyn,https://www.minicircuits.com/,https://jobs.jobvite.com/mini-circuits/jobs/positions,Engineering Micro-Assembler,https://jobs.jobvite.com/mini-circuits/job/o1zHAfwB,"Deer Park, New York",Deer Park,NY,United States,Not specified,,,,Core Space,2026-08-28,2026-08-28,https://jobs.jobvite.com/mini-circuits/jobs/positions,known_careers_url,4,success
ce59b6ee18c5,2026-08-28,c67c1581a301,Mini Circuits Brooklyn,https://www.minicircuits.com/,https://jobs.jobvite.com/mini-circuits/jobs/positions,RF Technician I,https://jobs.jobvite.com/mini-circuits/job/oq5vAfwk,"Deer Park, New York",Deer Park,NY,United States,Not specified,,,,Core Space,2026-08-28,2026-08-28,https://jobs.jobvite.com/mini-circuits/jobs/positions,known_careers_url,4,success
721aa585ae84,2026-08-28,c67c1581a301,Mini Circuits Brooklyn,https://www.minicircuits.com/,https://jobs.jobvite.com/mini-circuits/jobs/positions,Robotic Operations Specialist,https://jobs.jobvite.com/mini-circuits/job/o4KAAfwI,"Deer Park, New York",Deer Park,NY,United States,Not specified,,,,Core Space,2026-08-28,2026-08-28,https://jobs.jobvite.com/mini-circuits/jobs/positions,known_careers_url,4,success
3cab2ab376c8,2026-08-28,c67c1581a301,Mini Circuits Brooklyn,https://www.minicircuits.com/,https://jobs.jobvite.com/mini-circuits/jobs/positions,Senior Manager Environmental Health & Safety,https://jobs.jobvite.com/mini-circuits/job/od4qAfw1,"Brooklyn, NY, United States",Brooklyn,NY,United States,Not specified,,,,Core Space,2026-08-28,2026-08-28,https://jobs.jobvite.com/mini-circuits/jobs/positions,known_careers_url,4,success
ff326000f6a1,2026-08-28,c67c1581a301,Mini Circuits Brooklyn,https://www.minicircuits.com/,https://jobs.jobvite.com/mini-circuits/jobs/positions,Engineer Operations Manager - DBU,https://jobs.jobvite.com/mini-circuits/job/o9R8zfwr,"Melville, New York",Melville,NY,United States,Not specified,,,,Core Space,2026-08-28,2026-08-28,https://jobs.jobvite.com/mini-circuits/jobs/positions,known_careers_url,4,success
cad7ef9c7bf2,2026-08-28,c67c1581a301,Mini Circuits Brooklyn,https://www.minicircuits.com/,https://jobs.jobvite.com/mini-circuits/jobs/positions,RF Design Engineer I,https://jobs.jobvite.com/mini-circuits/job/oaJjAfww,"Hialeah, Florida",Hialeah,FL,United States,Not specified,,,,Core Space,2026-08-28,2026-08-28,https://jobs.jobvite.com/mini-circuits/jobs/positions,known_careers_url,4,success
fd6473f727d6,2026-08-28,c67c1581a301,Mini Circuits Brooklyn,https://www.minicircuits.com/,https://jobs.jobvite.com/mini-circuits/jobs/positions,Senior Manager of Design Engineering,https://jobs.jobvite.com/mini-circuits/job/ocTgvfwA,"Hialeah, Florida",Hialeah,FL,United States,Not specified,,,,Core Space,2026-08-28,2026-08-28,https://jobs.jobvite.com/mini-circuits/jobs/positions,known_careers_url,4,success
cced1bd3bb9a,2026-08-28,c67c1581a301,Mini Circuits Brooklyn,https://www.minicircuits.com/,https://jobs.jobvite.com/mini-circuits/jobs/positions,Engineering Manager,https://jobs.jobvite.com/mini-circuits/job/o856zfwC,"Melville, New York",Melville,NY,United States,Not specified,,,,Core Space,2026-08-28,2026-08-28,https://jobs.jobvite.com/mini-circuits/jobs/positions,known_careers_url,4,success
a156d077534b,2026-08-28,c67c1581a301,Mini Circuits Brooklyn,https://www.minicircuits.com/,https://jobs.jobvite.com/mini-circuits/jobs/positions,Principal Design Engineer,https://jobs.jobvite.com/mini-circuits/job/oML0zfwQ,"Carlsbad, California",Carlsbad,CA,United States,Not specified,,,,Core Space,2026-08-28,2026-08-28,https://jobs.jobvite.com/mini-circuits/jobs/positions,known_careers_url,4,success
f58acd793692,2026-08-28,c67c1581a301,Mini Circuits Brooklyn,https://www.minicircuits.com/,https://jobs.jobvite.com/mini-circuits/jobs/positions,Development Test Engineer II,https://jobs.jobvite.com/mini-circuits/job/ofhVzfwK,"Brooklyn, New York",Brooklyn,NY,United States,Not specified,,,,Core Space,2026-08-28,2026-08-28,https://jobs.jobvite.com/mini-circuits/jobs/positions,known_careers_url,4,success
95fd8732f9fe,2026-08-28,c67c1581a301,Mini Circuits Brooklyn,https://www.minicircuits.com/,https://jobs.jobvite.com/mini-circuits/jobs/positions,PCB Designer II - MMIC,https://jobs.jobvite.com/mini-circuits/job/ovBkAfwK,"Melville, New York",Melville,NY,United States,Not specified,,,,Core Space,2026-08-28,2026-08-28,https://jobs.jobvite.com/mini-circuits/jobs/positions,known_careers_url,4,success
3a888e3d6aa2,2026-08-28,c67c1581a301,Mini Circuits Brooklyn,https://www.minicircuits.com/,https://jobs.jobvite.com/mini-circuits/jobs/positions,Senior Mechanical Design Engineer,https://jobs.jobvite.com/mini-circuits/job/ocdjAfw2,"Melville, New York",Melville,NY,United States,Not specified,,,,Core Space,2026-08-28,2026-08-28,https://jobs.jobvite.com/mini-circuits/jobs/positions,known_careers_url,4,success
40e0570eb75b,2026-08-28,c67c1581a301,Mini Circuits Brooklyn,https://www.minicircuits.com/,https://jobs.jobvite.com/mini-circuits/jobs/positions,Level 1 General Assembly Operator,https://jobs.jobvite.com/mini-circuits/job/oXFFAfwB,"Hialeah, Florida",Hialeah,FL,United States,Not specified,,,,Core Space,2026-08-28,2026-08-28,https://jobs.jobvite.com/mini-circuits/jobs/positions,known_careers_url,4,success
e4379a06ee4a,2026-08-28,c67c1581a301,Mini Circuits Brooklyn,https://www.minicircuits.com/,https://jobs.jobvite.com/mini-circuits/jobs/positions,Manager - Global Supply Chain Systems,https://jobs.jobvite.com/mini-circuits/job/oydFAfwK,"Melville, New York",Melville,NY,United States,Not specified,,,,Core Space,2026-08-28,2026-08-28,https://jobs.jobvite.com/mini-circuits/jobs/positions,known_careers_url,4,success
3b79409f6427,2026-08-28,c67c1581a301,Mini Circuits Brooklyn,https://www.minicircuits.com/,https://jobs.jobvite.com/mini-circuits/jobs/positions,Automation Systems Engineer II,https://jobs.jobvite.com/mini-circuits/job/oUNKyfwJ,"Brooklyn, New York",Brooklyn,NY,United States,Not specified,,,,Core Space,2026-08-28,2026-08-28,https://jobs.jobvite.com/mini-circuits/jobs/positions,known_careers_url,4,success
9d9a98d628aa,2026-08-28,c67c1581a301,Mini Circuits Brooklyn,https://www.minicircuits.com/,https://jobs.jobvite.com/mini-circuits/jobs/positions,Manufacturing Automation Technician,https://jobs.jobvite.com/mini-circuits/job/oFs4zfwu,"Brooklyn, New York",Brooklyn,NY,United States,Not specified,,,,Core Space,2026-08-28,2026-08-28,https://jobs.jobvite.com/mini-circuits/jobs/positions,known_careers_url,4,success
c839efcea6da,2026-08-28,c67c1581a301,Mini Circuits Brooklyn,https://www.minicircuits.com/,https://jobs.jobvite.com/mini-circuits/jobs/positions,NA Operations Project Manager III,https://jobs.jobvite.com/mini-circuits/job/oMhWyfwh,"Brooklyn, New York",Brooklyn,NY,United States,Not specified,,,,Core Space,2026-08-28,2026-08-28,https://jobs.jobvite.com/mini-circuits/jobs/positions,known_careers_url,4,success
22ec1917b881,2026-08-28,c67c1581a301,Mini Circuits Brooklyn,https://www.minicircuits.com/,https://jobs.jobvite.com/mini-circuits/jobs/positions,Production Test Team Leader,https://jobs.jobvite.com/mini-circuits/job/oxGFAfwc,"Hialeah, Florida",Hialeah,FL,United States,Not specified,,,,Core Space,2026-08-28,2026-08-28,https://jobs.jobvite.com/mini-circuits/jobs/positions,known_careers_url,4,success
d6ba4f131525,2026-08-28,c67c1581a301,Mini Circuits Brooklyn,https://www.minicircuits.com/,https://jobs.jobvite.com/mini-circuits/jobs/positions,SAP ERP Manager,https://jobs.jobvite.com/mini-circuits/job/ogUJzfwc,"Brooklyn, NY, United States",Brooklyn,NY,United States,Not specified,,,,Core Space,2026-08-28,2026-08-28,https://jobs.jobvite.com/mini-circuits/jobs/positions,known_careers_url,4,success
1f5311b4790e,2026-08-28,c67c1581a301,Mini Circuits Brooklyn,https://www.minicircuits.com/,https://jobs.jobvite.com/mini-circuits/jobs/positions,SAP Finance (FICO) Solution Specialist,https://jobs.jobvite.com/mini-circuits/job/o4t2zfwS,"Melville, New York",Melville,NY,United States,Not specified,,,,Core Space,2026-08-28,2026-08-28,https://jobs.jobvite.com/mini-circuits/jobs/positions,known_careers_url,4,success
f2f0b0edb725,2026-08-28,c67c1581a301,Mini Circuits Brooklyn,https://www.minicircuits.com/,https://jobs.jobvite.com/mini-circuits/jobs/positions,SAP Master Data Solution Specialist,https://jobs.jobvite.com/mini-circuits/job/oK7LvfwR,"Melville, New York",Melville,NY,United States,Not specified,,,,Core Space,2026-08-28,2026-08-28,https://jobs.jobvite.com/mini-circuits/jobs/positions,known_careers_url,4,success
617178dc5c6b,2026-08-28,c67c1581a301,Mini Circuits Brooklyn,https://www.minicircuits.com/,https://jobs.jobvite.com/mini-circuits/jobs/positions,Quality Engineer,https://jobs.jobvite.com/mini-circuits/job/o3mxxfwd,"Hialeah, Florida",Hialeah,FL,United States,Not specified,,,,Core Space,2026-08-28,2026-08-28,https://jobs.jobvite.com/mini-circuits/jobs/positions,known_careers_url,4,success
5f3686a35033,2026-08-28,c67c1581a301,Mini Circuits Brooklyn,https://www.minicircuits.com/,https://jobs.jobvite.com/mini-circuits/jobs/positions,Regulatory Compliance & Sustainability Program Manager,https://jobs.jobvite.com/mini-circuits/job/ol5rAfwb,"Melville, New York",Melville,NY,United States,Not specified,,,,Core Space,2026-08-28,2026-08-28,https://jobs.jobvite.com/mini-circuits/jobs/positions,known_careers_url,4,success
ed2fb6233c1f,2026-08-28,c67c1581a301,Mini Circuits Brooklyn,https://www.minicircuits.com/,https://jobs.jobvite.com/mini-circuits/jobs/positions,Reliability Technician,https://jobs.jobvite.com/mini-circuits/job/oZrrAfwb,"Brooklyn, New York",Brooklyn,NY,United States,Not specified,,,,Core Space,2026-08-28,2026-08-28,https://jobs.jobvite.com/mini-circuits/jobs/positions,known_careers_url,4,success
77284f85f386,2026-08-28,c67c1581a301,Mini Circuits Brooklyn,https://www.minicircuits.com/,https://jobs.jobvite.com/mini-circuits/jobs/positions,Senior Reliability Technician,https://jobs.jobvite.com/mini-circuits/job/oRrrAfw3,"Brooklyn, New York",Brooklyn,NY,United States,Not specified,,,,Core Space,2026-08-28,2026-08-28,https://jobs.jobvite.com/mini-circuits/jobs/positions,known_careers_url,4,success
803b97524767,2026-08-28,c67c1581a301,Mini Circuits Brooklyn,https://www.minicircuits.com/,https://jobs.jobvite.com/mini-circuits/jobs/positions,Regional Sales Manager - NA Central,https://jobs.jobvite.com/mini-circuits/job/oj4bAfwS,"Brooklyn, NY, United States",Brooklyn,NY,United States,Not specified,,,,Core Space,2026-08-28,2026-08-28,https://jobs.jobvite.com/mini-circuits/jobs/positions,known_careers_url,4,success
dd051daf762f,2026-08-28,c67c1581a301,Mini Circuits Brooklyn,https://www.minicircuits.com/,https://jobs.jobvite.com/mini-circuits/jobs/positions,Sales Operations Director,https://jobs.jobvite.com/mini-circuits/job/oYvNzfwz,"Melville, New York",Melville,NY,United States,Not specified,,,,Core Space,2026-08-28,2026-08-28,https://jobs.jobvite.com/mini-circuits/jobs/positions,known_careers_url,4,success
4add009a0d64,2026-08-28,c67c1581a301,Mini Circuits Brooklyn,https://www.minicircuits.com/,https://jobs.jobvite.com/mini-circuits/jobs/positions,Level 2 Switch Assembly Operator,https://jobs.jobvite.com/mini-circuits/job/oAHkAfwV,"Brooklyn, New York",Brooklyn,NY,United States,Not specified,,,,Core Space,2026-08-28,2026-08-28,https://jobs.jobvite.com/mini-circuits/jobs/positions,known_careers_url,4,success
231ec8f66518,2026-08-28,c67c1581a301,Mini Circuits Brooklyn,https://www.minicircuits.com/,https://jobs.jobvite.com/mini-circuits,RF Test Engineer - MMIC,https://jobs.jobvite.com/mini-circuits/jobs/positions,"Brooklyn, NY, United States",Brooklyn,NY,United States,Not specified,,,,Core Space,2026-08-28,2026-08-28,https://jobs.jobvite.com/mini-circuits,ats_detected,4,success_after_fallback
1d50b7362d2c,2026-08-28,6a2f5abb3318,North Atlantic Industries,https://www.naii.com/,https://www.naii.com/Opportunities,Intern It Helpdesk Tech Fall,https://recruiting.paylocity.com/recruiting/jobs/Apply/4399410/North-Atlantic-Industries-Inc/Intern-IT-Helpdesk-Tech-Fall-2026,"Bohemia, NY",Bohemia,NY,United States,Not specified,,,,Space & Defense,2026-08-28,2026-08-28,https://www.naii.com/Opportunities,linked_page,4,success_after_fallback
94bf556f1a27,2026-08-28,6a2f5abb3318,North Atlantic Industries,https://www.naii.com/,https://www.naii.com/Opportunities,Electronics Power Technician Level,https://recruiting.paylocity.com/recruiting/jobs/Apply/4458207/North-Atlantic-Industries-Inc/Electronics-Power-Technician---Level-2,"Bohemia, NY",Bohemia,NY,United States,Not specified,,,,Space & Defense,2026-08-28,2026-08-28,https://www.naii.com/Opportunities,linked_page,4,success_after_fallback
06bb9876fe36,2026-08-28,6a2f5abb3318,North Atlantic Industries,https://www.naii.com/,https://www.naii.com/Opportunities,Electronics Technician I,https://recruiting.paylocity.com/recruiting/jobs/Apply/4438944/North-Atlantic-Industries-Inc/Electronics-Technician-I,"Bohemia, NY",Bohemia,NY,United States,Not specified,,,,Space & Defense,2026-08-28,2026-08-28,https://www.naii.com/Opportunities,linked_page,4,success_after_fallback
e873bf37be8f,2026-08-28,6a2f5abb3318,North Atlantic Industries,https://www.naii.com/,https://www.naii.com/Opportunities,Pcb Designer Iii Hybrid,https://recruiting.paylocity.com/recruiting/jobs/Apply/4438140/North-Atlantic-Industries-Inc/PCB-Designer-III-Hybrid,"Bohemia, NY",Bohemia,NY,United States,Hybrid,,,,Space & Defense,2026-08-28,2026-08-28,https://www.naii.com/Opportunities,linked_page,4,success_after_fallback
bbace41f8358,2026-08-28,6a2f5abb3318,North Atlantic Industries,https://www.naii.com/,https://www.naii.com/Opportunities,Sustaining Engineer,https://recruiting.paylocity.com/recruiting/jobs/Apply/4438613/North-Atlantic-Industries-Inc/Sustaining-Engineer,"Bohemia, NY",Bohemia,NY,United States,Not specified,,,,Space & Defense,2026-08-28,2026-08-28,https://www.naii.com/Opportunities,linked_page,4,success_after_fallback
5a4a9777ff8d,2026-08-28,6a2f5abb3318,North Atlantic Industries,https://www.naii.com/,https://www.naii.com/Opportunities,Mechanical Engineer Ii Electronics Packaging Thermal Design,https://recruiting.paylocity.com/recruiting/jobs/Apply/4438131/North-Atlantic-Industries-Inc/Mechanical-Engineer-II---Electronics-Packaging-Thermal-Design,"Bohemia, NY",Bohemia,NY,United States,Not specified,,,,Space & Defense,2026-08-28,2026-08-28,https://www.naii.com/Opportunities,linked_page,4,success_after_fallback
3e66b7d91653,2026-08-28,6a2f5abb3318,North Atlantic Industries,https://www.naii.com/,https://www.naii.com/Opportunities,Intern Process Engineer,https://recruiting.paylocity.com/recruiting/jobs/Apply/4435511/North-Atlantic-Industries-Inc/Intern---Process-Engineer,"Rapid City, South Dakota",Rapid City,SD,United States,Not specified,,,,Space & Defense,2026-08-28,2026-08-28,https://www.naii.com/Opportunities,linked_page,4,success_after_fallback
538bc55cef72,2026-08-28,6a2f5abb3318,North Atlantic Industries,https://www.naii.com/,https://www.naii.com/Opportunities,Regional Sales Manager,https://recruiting.paylocity.com/recruiting/jobs/Apply/4349376/North-Atlantic-Industries-Inc/Regional-Sales-Manager,"Phoenix, AZ",Phoenix,AZ,United States,Not specified,,,,Space & Defense,2026-08-28,2026-08-28,https://www.naii.com/Opportunities,linked_page,4,success_after_fallback
3cd9bf7011ab,2026-08-28,6a2f5abb3318,North Atlantic Industries,https://www.naii.com/,https://www.naii.com/Opportunities,Regional Sales Manager,https://recruiting.paylocity.com/recruiting/jobs/Apply/4369018/North-Atlantic-Industries-Inc/Regional-Sales-Manager,"Los Angeles, CA",Los Angeles,CA,United States,Not specified,,,,Space & Defense,2026-08-28,2026-08-28,https://www.naii.com/Opportunities,linked_page,4,success_after_fallback
8d12cdb46525,2026-08-28,6a2f5abb3318,North Atlantic Industries,https://www.naii.com/,https://www.naii.com/Opportunities,Manufacturing Engineer I,https://recruiting.paylocity.com/recruiting/jobs/Apply/4450727/North-Atlantic-Industries-Inc/Manufacturing-Engineer-I,"Bohemia, NY",Bohemia,NY,United States,Not specified,,,,Space & Defense,2026-08-28,2026-08-28,https://www.naii.com/Opportunities,linked_page,4,success_after_fallback
45efdd2e7f6e,2026-08-28,6a2f5abb3318,North Atlantic Industries,https://www.naii.com/,https://www.naii.com/Opportunities,Electronics Applications Engineer Ii Hybrid,https://recruiting.paylocity.com/recruiting/jobs/Apply/4450709/North-Atlantic-Industries-Inc/Electronics-Applications-Engineer-II-Hybrid,"Bohemia, NY",Bohemia,NY,United States,Hybrid,,,,Space & Defense,2026-08-28,2026-08-28,https://www.naii.com/Opportunities,linked_page,4,success_after_fallback
92f6025efe59,2026-08-28,6a2f5abb3318,North Atlantic Industries,https://www.naii.com/,https://www.naii.com/Opportunities,Quality Assurance Engineer I,https://recruiting.paylocity.com/recruiting/jobs/Apply/4450692/North-Atlantic-Industries-Inc/Quality-Assurance-Engineer-I,"Bohemia, NY",Bohemia,NY,United States,Not specified,,,,Space & Defense,2026-08-28,2026-08-28,https://www.naii.com/Opportunities,linked_page,4,success_after_fallback
1034c7d5c0b5,2026-08-28,6a2f5abb3318,North Atlantic Industries,https://www.naii.com/,https://www.naii.com/Opportunities,Intern Software Engineer Fall,https://recruiting.paylocity.com/recruiting/jobs/Apply/4450421/North-Atlantic-Industries-Inc/Intern-Software-Engineer-Fall-2026,"Bohemia, NY",Bohemia,NY,United States,Not specified,,,,Space & Defense,2026-08-28,2026-08-28,https://www.naii.com/Opportunities,linked_page,4,success_after_fallback
e30d7f6b496a,2026-08-28,6a2f5abb3318,North Atlantic Industries,https://www.naii.com/,https://www.naii.com/Opportunities,Intern Full Stack Software Engineer Fall,https://recruiting.paylocity.com/recruiting/jobs/Apply/4450017/North-Atlantic-Industries-Inc/Intern-Full-Stack-Software-Engineer-Fall-2026,"Bohemia, NY",Bohemia,NY,United States,Not specified,,,,Space & Defense,2026-08-28,2026-08-28,https://www.naii.com/Opportunities,linked_page,4,success_after_fallback
b2c5bb0b2c7b,2026-08-28,6a2f5abb3318,North Atlantic Industries,https://www.naii.com/,https://www.naii.com/Opportunities,Npi Smt Process Engineer,https://recruiting.paylocity.com/recruiting/jobs/Apply/4438125/North-Atlantic-Industries-Inc/NPI-SMT-Process-Engineer,"Bohemia, NY",Bohemia,NY,United States,Not specified,,,,Space & Defense,2026-08-28,2026-08-28,https://www.naii.com/Opportunities,linked_page,4,success_after_fallback
63c290ad01c7,2026-08-28,0197a4411659,RCM Engineering,https://rcmengineeringgroup.com/,https://jobs.rcmhealthcare.com/,Labor Relations Associate,https://jobs.rcmhealthcare.com/job/332966-labor-relations-associate-new-york-new-york,"West Sayville, NY, United States",West Sayville,NY,United States,Not specified,,,,Aerospace,2026-08-28,2026-08-28,https://jobs.rcmhealthcare.com/,linked_page,4,success_after_fallback
92b0a6d0d040,2026-08-28,0939c3d7e29f,Saab Group,https://www.saab.com/,https://www.saab.com/career/job-opportunities,Contract Quality Manager ﻿,https://www.saab.com/career/job-opportunities/contract-quality-manager,"East Syracuse, NY, United States",East Syracuse,NY,United States,Not specified,,,,Space & Defense,2026-08-28,2026-08-28,https://www.saab.com/career/job-opportunities,known_careers_url,3,success
826793eb5cfa,2026-08-28,0939c3d7e29f,Saab Group,https://www.saab.com/,https://www.saab.com/career/job-opportunities,Contract Manager - Gripen FMV ﻿,https://www.saab.com/career/job-opportunities/contract-manager---gripen-fmv,"East Syracuse, NY, United States",East Syracuse,NY,United States,Not specified,,,,Space & Defense,2026-08-28,2026-08-28,https://www.saab.com/career/job-opportunities,known_careers_url,3,success
8c2ed35ec687,2026-08-28,0939c3d7e29f,Saab Group,https://www.saab.com/,https://www.saab.com/career/job-opportunities,HR Manager (m/w/d) Compensation & Benefits ﻿,https://www.saab.com/career/job-opportunities/hr-manager-mwd-compensation--benefits,"East Syracuse, NY, United States",East Syracuse,NY,United States,Not specified,,,,Space & Defense,2026-08-28,2026-08-28,https://www.saab.com/career/job-opportunities,known_careers_url,3,success
7733fd0da0e1,2026-08-28,0939c3d7e29f,Saab Group,https://www.saab.com/,https://www.saab.com/career/job-opportunities,Contract Manager (m/w/d) ﻿,https://www.saab.com/career/job-opportunities/contract-manager-mwd,"East Syracuse, NY, United States",East Syracuse,NY,United States,Not specified,,,,Space & Defense,2026-08-28,2026-08-28,https://www.saab.com/career/job-opportunities,known_careers_url,3,success
7ab559569942,2026-08-28,0939c3d7e29f,Saab Group,https://www.saab.com/,https://saabgroup.wd116.myworkdayjobs.com/Saab_careers/job/Lund---Skyddsgatan-5-7/Komponentingenjr-med-fokus-p-kvalitet-och-leverantrssamverkan_REQ_44358/apply,KomponentingenjÃ¶r med fokus pÃ¥ kvalitet och leverantÃ¶rssamverkan,https://saabgroup.wd116.myworkdayjobs.com/Saab_careers/job/Lund---Skyddsgatan-5-7/Komponentingenjr-med-fokus-p-kvalitet-och-leverantrssamverkan_REQ_44358/apply,"East Syracuse, NY, United States",East Syracuse,NY,United States,Not specified,,,,Space & Defense,2026-08-28,2026-08-28,https://saabgroup.wd116.myworkdayjobs.com/Saab_careers/job/Lund---Skyddsgatan-5-7/Komponentingenjr-med-fokus-p-kvalitet-och-leverantrssamverkan_REQ_44358/apply,ats_detected,3,success_after_fallback
25b770bfc904,2026-08-28,0939c3d7e29f,Saab Group,https://www.saab.com/,https://saabgroup.wd116.myworkdayjobs.com/Saab_careers/job/Stockholm---Jrflla/Produktskerhets-ingenjr_REQ_37256-1/apply,SystemsÃ¤kerhetsingenjÃ¶r till Saab,https://saabgroup.wd116.myworkdayjobs.com/Saab_careers/job/Stockholm---Jrflla/Produktskerhets-ingenjr_REQ_37256-1/apply,"East Syracuse, NY, United States",East Syracuse,NY,United States,Not specified,,,,Space & Defense,2026-08-28,2026-08-28,https://saabgroup.wd116.myworkdayjobs.com/Saab_careers/job/Stockholm---Jrflla/Produktskerhets-ingenjr_REQ_37256-1/apply,ats_detected,3,success_after_fallback
a2732b359961,2026-08-28,0939c3d7e29f,Saab Group,https://www.saab.com/,https://www.saab.com/career/job-opportunities/it-process-analyst1,It Process Analyst Req,https://saabgroup.wd116.myworkdayjobs.com/Saab_careers/job/Fareham-Hampshire---Unit-3-Trilogy-Concorde-Way/IT-Process-Analyst_REQ_44771/apply,"East Syracuse, NY, United States",East Syracuse,NY,United States,Not specified,,,,Space & Defense,2026-08-28,2026-08-28,https://www.saab.com/career/job-opportunities/it-process-analyst1,linked_page,4,success_after_fallback
4cb5be06c45c,2026-08-28,fdb04d86542a,SRI International,https://www.sri.com/,https://careers-sri.icims.com/jobs/search?ss=1&hashed=-625949242,"Title Bioscience Research Associate, Sleep Lab Part-Time",https://careers-sri.icims.com/jobs/6462/bioscience-research-associate%2c-sleep-lab-part-time/job,"Manhattan, NY, United States",Manhattan,NY,United States,Not specified,,,,Core Space,2026-08-28,2026-08-28,https://careers-sri.icims.com/jobs/search?ss=1&hashed=-625949242,ats_detected,5,success_after_fallback
c5874c81402c,2026-08-28,fdb04d86542a,SRI International,https://www.sri.com/,https://careers-sri.icims.com/jobs/search?ss=1&hashed=-625949242,Title Robotics Mechanical Engineer,https://careers-sri.icims.com/jobs/6461/robotics-mechanical-engineer/job,"Manhattan, NY, United States",Manhattan,NY,United States,Not specified,,,,Core Space,2026-08-28,2026-08-28,https://careers-sri.icims.com/jobs/search?ss=1&hashed=-625949242,ats_detected,5,success_after_fallback
31cfda380bd1,2026-08-28,fdb04d86542a,SRI International,https://www.sri.com/,https://careers-sri.icims.com/jobs/search?ss=1&hashed=-625949242,Title Research Engineer – Semiconductor Materials,https://careers-sri.icims.com/jobs/6460/research-engineer-%e2%80%93-semiconductor-materials/job,"Manhattan, NY, United States",Manhattan,NY,United States,Not specified,,,,Core Space,2026-08-28,2026-08-28,https://careers-sri.icims.com/jobs/search?ss=1&hashed=-625949242,ats_detected,5,success_after_fallback
0b2f87b7a4da,2026-08-28,fdb04d86542a,SRI International,https://www.sri.com/,https://careers-sri.icims.com/jobs/search?ss=1&hashed=-625949242,Title Sr Research Engineer - RF & Systems Engineer,https://careers-sri.icims.com/jobs/6458/sr-research-engineer---rf-%26-systems-engineer/job,"Manhattan, NY, United States",Manhattan,NY,United States,Remote,,,,Core Space,2026-08-28,2026-08-28,https://careers-sri.icims.com/jobs/search?ss=1&hashed=-625949242,ats_detected,5,success_after_fallback
af0dace94594,2026-08-28,fdb04d86542a,SRI International,https://www.sri.com/,https://careers-sri.icims.com/jobs/search?ss=1&hashed=-625949242,"Title Research Engineer II/III - FPGA, real-time and HPC code development (C programming)",https://careers-sri.icims.com/jobs/6457/research-engineer-ii-iii---fpga%2c-real-time-and-hpc-code-development-%28c-programming%29/job,"Manhattan, NY, United States",Manhattan,NY,United States,Remote,,,,Core Space,2026-08-28,2026-08-28,https://careers-sri.icims.com/jobs/search?ss=1&hashed=-625949242,ats_detected,5,success_after_fallback
eee012eafc8f,2026-08-28,fdb04d86542a,SRI International,https://www.sri.com/,https://careers-sri.icims.com/jobs/search?ss=1&hashed=-625949242,Title Finance Project Analyst II/III,https://careers-sri.icims.com/jobs/6456/finance-project-analyst-ii-iii/job,"Manhattan, NY, United States",Manhattan,NY,United States,Remote,,,,Core Space,2026-08-28,2026-08-28,https://careers-sri.icims.com/jobs/search?ss=1&hashed=-625949242,ats_detected,5,success_after_fallback
5807c791eaa5,2026-08-28,fdb04d86542a,SRI International,https://www.sri.com/,https://careers-sri.icims.com/jobs/search?ss=1&hashed=-625949242,Title Sales and Operations Coordinator,https://careers-sri.icims.com/jobs/6455/sales-and-operations-coordinator/job,"Manhattan, NY, United States",Manhattan,NY,United States,Remote,,,,Core Space,2026-08-28,2026-08-28,https://careers-sri.icims.com/jobs/search?ss=1&hashed=-625949242,ats_detected,5,success_after_fallback
c0175a50d947,2026-08-28,fdb04d86542a,SRI International,https://www.sri.com/,https://careers-sri.icims.com/jobs/search?ss=1&hashed=-625949242,"Title Intern, Sleep Lab",https://careers-sri.icims.com/jobs/6454/intern%2c-sleep-lab/job,"Manhattan, NY, United States",Manhattan,NY,United States,Not specified,,,,Core Space,2026-08-28,2026-08-28,https://careers-sri.icims.com/jobs/search?ss=1&hashed=-625949242,ats_detected,5,success_after_fallback
0087209107d7,2026-08-28,fdb04d86542a,SRI International,https://www.sri.com/,https://careers-sri.icims.com/jobs/search?ss=1&hashed=-625949242,Title Marketing Specialist - Full Time-Temporary,https://careers-sri.icims.com/jobs/6450/marketing-specialist---full-time-temporary/job,"Manhattan, NY, United States",Manhattan,NY,United States,Remote,,,,Core Space,2026-08-28,2026-08-28,https://careers-sri.icims.com/jobs/search?ss=1&hashed=-625949242,ats_detected,5,success_after_fallback
c44ad4764b51,2026-08-28,fdb04d86542a,SRI International,https://www.sri.com/,https://careers-sri.icims.com/jobs/search?ss=1&hashed=-625949242,Title Principal Image Sensor Development Engineer,https://careers-sri.icims.com/jobs/6448/principal-image-sensor-development-engineer/job,"Manhattan, NY, United States",Manhattan,NY,United States,Not specified,,,,Core Space,2026-08-28,2026-08-28,https://careers-sri.icims.com/jobs/search?ss=1&hashed=-625949242,ats_detected,5,success_after_fallback
28df1f4c1bd9,2026-08-28,fdb04d86542a,SRI International,https://www.sri.com/,https://careers-sri.icims.com/jobs/search?ss=1&hashed=-625949242,Title IC Layout Engineer III,https://careers-sri.icims.com/jobs/6445/ic-layout-engineer-iii/job,"Manhattan, NY, United States",Manhattan,NY,United States,Not specified,,,,Core Space,2026-08-28,2026-08-28,https://careers-sri.icims.com/jobs/search?ss=1&hashed=-625949242,ats_detected,5,success_after_fallback
83cd75cf6b13,2026-08-28,fdb04d86542a,SRI International,https://www.sri.com/,https://careers-sri.icims.com/jobs/search?ss=1&hashed=-625949242,Title Associate Contracts Officer,https://careers-sri.icims.com/jobs/6443/associate-contracts-officer/job,"Manhattan, NY, United States",Manhattan,NY,United States,Remote,,,,Core Space,2026-08-28,2026-08-28,https://careers-sri.icims.com/jobs/search?ss=1&hashed=-625949242,ats_detected,5,success_after_fallback
6f88f052d223,2026-08-28,fdb04d86542a,SRI International,https://www.sri.com/,https://careers-sri.icims.com/jobs/search?ss=1&hashed=-625949242,Title Analog IC Design Engineer,https://careers-sri.icims.com/jobs/6441/analog-ic-design-engineer/job,"Manhattan, NY, United States",Manhattan,NY,United States,Not specified,,,,Core Space,2026-08-28,2026-08-28,https://careers-sri.icims.com/jobs/search?ss=1&hashed=-625949242,ats_detected,5,success_after_fallback
4d7d959e3ed1,2026-08-28,fdb04d86542a,SRI International,https://www.sri.com/,https://careers-sri.icims.com/jobs/search?ss=1&hashed=-625949242,"Title Research Scientist, electron beam lithography",https://careers-sri.icims.com/jobs/6440/research-scientist%2c-electron-beam-lithography/job,"Manhattan, NY, United States",Manhattan,NY,United States,On-site,,,,Core Space,2026-08-28,2026-08-28,https://careers-sri.icims.com/jobs/search?ss=1&hashed=-625949242,ats_detected,5,success_after_fallback
64b737edd5d0,2026-08-28,fdb04d86542a,SRI International,https://www.sri.com/,https://careers-sri.icims.com/jobs/search?ss=1&hashed=-625949242,Title Test Engineers I,https://careers-sri.icims.com/jobs/6439/test-engineers-i/job,"Manhattan, NY, United States",Manhattan,NY,United States,Not specified,,,,Core Space,2026-08-28,2026-08-28,https://careers-sri.icims.com/jobs/search?ss=1&hashed=-625949242,ats_detected,5,success_after_fallback
6d3d0ab8b735,2026-08-28,fdb04d86542a,SRI International,https://www.sri.com/,https://careers-sri.icims.com/jobs/search?ss=1&hashed=-625949242,Title Sr. Photonics Research Engineer,https://careers-sri.icims.com/jobs/6436/sr.-photonics-research-engineer/job,"Manhattan, NY, United States",Manhattan,NY,United States,On-site,,,,Core Space,2026-08-28,2026-08-28,https://careers-sri.icims.com/jobs/search?ss=1&hashed=-625949242,ats_detected,5,success_after_fallback
fd4e35a63d72,2026-08-28,fdb04d86542a,SRI International,https://www.sri.com/,https://careers-sri.icims.com/jobs/search?ss=1&hashed=-625949242,Title Materials Research Scientist/Engineer,https://careers-sri.icims.com/jobs/6428/materials-research-scientist-engineer/job,"Manhattan, NY, United States",Manhattan,NY,United States,Not specified,,,,Core Space,2026-08-28,2026-08-28,https://careers-sri.icims.com/jobs/search?ss=1&hashed=-625949242,ats_detected,5,success_after_fallback
6a229b52cf25,2026-08-28,fdb04d86542a,SRI International,https://www.sri.com/,https://careers-sri.icims.com/jobs/search?ss=1&hashed=-625949242,Title Robotics Software Engineer - II/III,https://careers-sri.icims.com/jobs/6427/robotics-software-engineer---ii-iii/job,"Manhattan, NY, United States",Manhattan,NY,United States,On-site,,,,Core Space,2026-08-28,2026-08-28,https://careers-sri.icims.com/jobs/search?ss=1&hashed=-625949242,ats_detected,5,success_after_fallback
edcb4330653b,2026-08-28,fdb04d86542a,SRI International,https://www.sri.com/,https://careers-sri.icims.com/jobs/search?ss=1&hashed=-625949242,"Title Intern, Center for Health Sciences",https://careers-sri.icims.com/jobs/6421/intern%2c-center-for-health-sciences/job,"Manhattan, NY, United States",Manhattan,NY,United States,Not specified,,,,Core Space,2026-08-28,2026-08-28,https://careers-sri.icims.com/jobs/search?ss=1&hashed=-625949242,ats_detected,5,success_after_fallback
bb16d8c25a0b,2026-08-28,fdb04d86542a,SRI International,https://www.sri.com/,https://careers-sri.icims.com/jobs/search?ss=1&hashed=-625949242,Title Test Technician,https://careers-sri.icims.com/jobs/6419/test-technician/job,"Manhattan, NY, United States",Manhattan,NY,United States,Not specified,,,,Core Space,2026-08-28,2026-08-28,https://careers-sri.icims.com/jobs/search?ss=1&hashed=-625949242,ats_detected,5,success_after_fallback
95b1d44347a2,2026-08-28,fdb04d86542a,SRI International,https://www.sri.com/,https://careers-sri.icims.com/jobs/search?ss=1&hashed=-625949242,Title Sr Research Engineer-RF,https://careers-sri.icims.com/jobs/6407/sr-research-engineer-rf/job,"Manhattan, NY, United States",Manhattan,NY,United States,Remote,,,,Core Space,2026-08-28,2026-08-28,https://careers-sri.icims.com/jobs/search?ss=1&hashed=-625949242,ats_detected,5,success_after_fallback
8135fc124960,2026-08-28,fdb04d86542a,SRI International,https://www.sri.com/,https://careers-sri.icims.com/jobs/search?ss=1&hashed=-625949242,Title Sr Research Engineer-Project Principal Investigator - RF,https://careers-sri.icims.com/jobs/6406/sr-research-engineer-project-principal-investigator---rf/job,"Manhattan, NY, United States",Manhattan,NY,United States,Remote,,,,Core Space,2026-08-28,2026-08-28,https://careers-sri.icims.com/jobs/search?ss=1&hashed=-625949242,ats_detected,5,success_after_fallback
fc661e612cd6,2026-08-28,fdb04d86542a,SRI International,https://www.sri.com/,https://careers-sri.icims.com/jobs/search?ss=1&hashed=-625949242,Title Research Engineer II/III - RF Hardware,https://careers-sri.icims.com/jobs/6405/research-engineer-ii-iii---rf-hardware/job,"Manhattan, NY, United States",Manhattan,NY,United States,Remote,,,,Core Space,2026-08-28,2026-08-28,https://careers-sri.icims.com/jobs/search?ss=1&hashed=-625949242,ats_detected,5,success_after_fallback
f5c85183bee4,2026-08-28,fdb04d86542a,SRI International,https://www.sri.com/,https://careers-sri.icims.com/jobs/search?ss=1&hashed=-625949242,Title IC Design Engineer III,https://careers-sri.icims.com/jobs/6403/ic-design-engineer-iii/job,"Manhattan, NY, United States",Manhattan,NY,United States,Not specified,,,,Core Space,2026-08-28,2026-08-28,https://careers-sri.icims.com/jobs/search?ss=1&hashed=-625949242,ats_detected,5,success_after_fallback
4a918651f386,2026-08-28,fdb04d86542a,SRI International,https://www.sri.com/,https://careers-sri.icims.com/jobs/search?ss=1&hashed=-625949242,Title Wafer Fab Process Engineer,https://careers-sri.icims.com/jobs/6395/wafer-fab-process-engineer/job,"Manhattan, NY, United States",Manhattan,NY,United States,Not specified,,,,Core Space,2026-08-28,2026-08-28,https://careers-sri.icims.com/jobs/search?ss=1&hashed=-625949242,ats_detected,5,success_after_fallback
914b84c5d97a,2026-08-28,fdb04d86542a,SRI International,https://www.sri.com/,https://careers-sri.icims.com/jobs/search?ss=1&hashed=-625949242,Title Mechanical Engineer,https://careers-sri.icims.com/jobs/6384/mechanical-engineer/job,"Manhattan, NY, United States",Manhattan,NY,United States,Not specified,,,,Core Space,2026-08-28,2026-08-28,https://careers-sri.icims.com/jobs/search?ss=1&hashed=-625949242,ats_detected,5,success_after_fallback
d06c2cd1b5a3,2026-08-28,fdb04d86542a,SRI International,https://www.sri.com/,https://careers-sri.icims.com/jobs/search?ss=1&hashed=-625949242,Title Sr Mechanical Engineer,https://careers-sri.icims.com/jobs/6383/sr-mechanical-engineer/job,"Manhattan, NY, United States",Manhattan,NY,United States,Not specified,,,,Core Space,2026-08-28,2026-08-28,https://careers-sri.icims.com/jobs/search?ss=1&hashed=-625949242,ats_detected,5,success_after_fallback
57bb35df9988,2026-08-28,fdb04d86542a,SRI International,https://www.sri.com/,https://careers-sri.icims.com/jobs/search?ss=1&hashed=-625949242,Title Sr Research Engineer-Project Principal Investigator,https://careers-sri.icims.com/jobs/6377/sr-research-engineer-project-principal-investigator/job,"Manhattan, NY, United States",Manhattan,NY,United States,Remote,,,,Core Space,2026-08-28,2026-08-28,https://careers-sri.icims.com/jobs/search?ss=1&hashed=-625949242,ats_detected,5,success_after_fallback
0bec5a533ca5,2026-08-28,fdb04d86542a,SRI International,https://www.sri.com/,https://careers-sri.icims.com/jobs/search?ss=1&hashed=-625949242,Title IC Design Engineer IV,https://careers-sri.icims.com/jobs/6367/ic-design-engineer-iv/job,"Manhattan, NY, United States",Manhattan,NY,United States,Not specified,,,,Core Space,2026-08-28,2026-08-28,https://careers-sri.icims.com/jobs/search?ss=1&hashed=-625949242,ats_detected,5,success_after_fallback
9b94ba03fc5f,2026-08-28,fdb04d86542a,SRI International,https://www.sri.com/,https://careers-sri.icims.com/jobs/search?ss=1&hashed=-625949242,Title Electronics Design Engineer,https://careers-sri.icims.com/jobs/6365/electronics-design-engineer/job,"Manhattan, NY, United States",Manhattan,NY,United States,Not specified,,,,Core Space,2026-08-28,2026-08-28,https://careers-sri.icims.com/jobs/search?ss=1&hashed=-625949242,ats_detected,5,success_after_fallback
14e6108fd230,2026-08-28,fdb04d86542a,SRI International,https://www.sri.com/,https://careers-sri.icims.com/jobs/search?ss=1&hashed=-625949242,"Title Test Engineer - Analog, ATE",https://careers-sri.icims.com/jobs/6325/test-engineer---analog%2c-ate/job,"Manhattan, NY, United States",Manhattan,NY,United States,Not specified,,,,Core Space,2026-08-28,2026-08-28,https://careers-sri.icims.com/jobs/search?ss=1&hashed=-625949242,ats_detected,5,success_after_fallback
5211adaa3359,2026-08-28,fdb04d86542a,SRI International,https://www.sri.com/,https://careers-sri.icims.com/jobs/search?ss=1&hashed=-625949242,Title Photonics Research Engineer III,https://careers-sri.icims.com/jobs/6320/photonics-research-engineer-iii/job,"Manhattan, NY, United States",Manhattan,NY,United States,On-site,,,,Core Space,2026-08-28,2026-08-28,https://careers-sri.icims.com/jobs/search?ss=1&hashed=-625949242,ats_detected,5,success_after_fallback
56a72cd45a9d,2026-08-28,fdb04d86542a,SRI International,https://www.sri.com/,https://careers-sri.icims.com/jobs/search?ss=1&hashed=-625949242,Title Postdoctoral Fellow - Applied & Computational Scientists,https://careers-sri.icims.com/jobs/6314/postdoctoral-fellow---applied-%26-computational-scientists/job,"Manhattan, NY, United States",Manhattan,NY,United States,Hybrid,,,,Core Space,2026-08-28,2026-08-28,https://careers-sri.icims.com/jobs/search?ss=1&hashed=-625949242,ats_detected,5,success_after_fallback
9dc620c5605a,2026-08-28,fdb04d86542a,SRI International,https://www.sri.com/,https://careers-sri.icims.com/jobs/search?ss=1&hashed=-625949242,Title Applied & Computational Research Scientists,https://careers-sri.icims.com/jobs/6313/applied-%26-computational-research-scientists/job,"Manhattan, NY, United States",Manhattan,NY,United States,Hybrid,,,,Core Space,2026-08-28,2026-08-28,https://careers-sri.icims.com/jobs/search?ss=1&hashed=-625949242,ats_detected,5,success_after_fallback
fc84266c0fdd,2026-08-28,fdb04d86542a,SRI International,https://www.sri.com/,https://careers-sri.icims.com/jobs/search?ss=1&hashed=-625949242,Title Manufacturing Technicians,https://careers-sri.icims.com/jobs/6254/manufacturing-technicians/job,"Manhattan, NY, United States",Manhattan,NY,United States,Not specified,,,,Core Space,2026-08-28,2026-08-28,https://careers-sri.icims.com/jobs/search?ss=1&hashed=-625949242,ats_detected,5,success_after_fallback
3841d7d4b00c,2026-08-28,e04ea6a314c3,Vishay Americas,https://www.vishay.com/,https://jobs.vishay.com/career-areas,Environment Sustainability Engineer,https://jobs.vishay.com/jobs/environment-sustainability-engineer,"Newport, UK, United Kingdom",Newport,UK,United Kingdom,Not specified,,,,Core Space,2026-08-29,2026-08-28,https://jobs.vishay.com/career-areas,linked_page,3,success_after_fallback
6ebb37cdc8a8,2026-08-28,e04ea6a314c3,Vishay Americas,https://www.vishay.com/,https://jobs.vishay.com/career-areas,Sr Staff Analog Ic Design Engineer,https://jobs.vishay.com/jobs/sr-staff-analog-ic-design-engineer,"Cork, IE, Ireland",Cork,IE,Ireland,Not specified,,,,Core Space,2026-08-29,2026-08-28,https://jobs.vishay.com/career-areas,linked_page,3,success_after_fallback
b03e61f09608,2026-08-28,e04ea6a314c3,Vishay Americas,https://www.vishay.com/,https://jobs.vishay.com/jobs/hr-coordinator,Hr Coordinator Jr,https://vishay.wd3.myworkdayjobs.com/VishayCareers/job/Beer-Sheva-IL/HR-Coordinator_JR-19407/apply,"Niagara Falls, NY, United States",Niagara Falls,NY,United States,Not specified,,,,Core Space,2026-08-29,2026-08-28,https://jobs.vishay.com/jobs/hr-coordinator,linked_page,4,success_after_fallback
3e1382b76cac,2026-08-28,e04ea6a314c3,Vishay Americas,https://www.vishay.com/,https://vishay.wd3.myworkdayjobs.com/VishayCareers/job/Itzehoe-DE/XMLNAME--Junior--Controller--m-w-d-_JR-19172-1/apply,(Junior) Controller (m/w/d),https://vishay.wd3.myworkdayjobs.com/VishayCareers/job/Itzehoe-DE/XMLNAME--Junior--Controller--m-w-d-_JR-19172-1/apply,"Itzehoe, DE, Germany",Itzehoe,DE,Germany,Not specified,,,,Core Space,2026-08-29,2026-08-28,https://vishay.wd3.myworkdayjobs.com/VishayCareers/job/Itzehoe-DE/XMLNAME--Junior--Controller--m-w-d-_JR-19172-1/apply,ats_detected,3,success_after_fallback
b8c3f0a204e8,2026-08-28,e04ea6a314c3,Vishay Americas,https://www.vishay.com/,https://jobs.vishay.com/jobs/senior-hr-specialist-m-w-d,Xmlname Senior Hr Specialist M W D Jr,https://vishay.wd3.myworkdayjobs.com/VishayCareers/job/Selb-DE/XMLNAME--Senior--HR-Specialist--m-w-d-_JR-17989-1/apply,"Niagara Falls, NY, United States",Niagara Falls,NY,United States,Not specified,,,,Core Space,2026-08-29,2026-08-28,https://jobs.vishay.com/jobs/senior-hr-specialist-m-w-d,linked_page,4,success_after_fallback
bfcf8fc98432,2026-08-28,e04ea6a314c3,Vishay Americas,https://www.vishay.com/,https://jobs.vishay.com/jobs/ai-engineer-global-it-infrastructure,Ai Engineer Global It Infrastructure Jr,https://vishay.wd3.myworkdayjobs.com/VishayCareers/job/Pune-IN/AI-Engineer-Global-IT-Infrastructure_JR-17772-1/apply,"Niagara Falls, NY, United States",Niagara Falls,NY,United States,Not specified,,,,Core Space,2026-08-29,2026-08-28,https://jobs.vishay.com/jobs/ai-engineer-global-it-infrastructure,linked_page,4,success_after_fallback
886abad21824,2026-08-28,1c2b4e10bf58,Wallaroo AI,https://wallaroo.ai/,https://www.jobvite.com/,TA Leader,https://www.jobvite.com/solutions/role/talent-acquisition-leader,"Manhattan, NY, United States",Manhattan,NY,United States,Not specified,,,,Core Space,2026-08-29,2026-08-28,https://www.jobvite.com/,ats_detected,4,success_after_fallback
fcec0899c79f,2026-08-28,1c2b4e10bf58,Wallaroo AI,https://wallaroo.ai/,https://www.jobvite.com/,HR Leader,https://www.jobvite.com/solutions/role/hr-leader,"Manhattan, NY, United States",Manhattan,NY,United States,Not specified,,,,Core Space,2026-08-29,2026-08-28,https://www.jobvite.com/,ats_detected,4,success_after_fallback
bc3248fdbd4f,2026-08-28,1c2b4e10bf58,Wallaroo AI,https://wallaroo.ai/,https://www.jobvite.com/,IT Manager,https://www.jobvite.com/solutions/role/it,"Manhattan, NY, United States",Manhattan,NY,United States,Not specified,,,,Core Space,2026-08-29,2026-08-28,https://www.jobvite.com/,ats_detected,4,success_after_fallback
