job_id,snapshot_date,company_id,company_name,company_website,careers_url,job_title,job_url,location,city,state,country,remote,salary_min,salary_max,department,category,date_found,last_seen_at,source_url,discovery_method,job_confidence_score,status
1825ecf3f257,2026-08-26,a3c0ab6694be,Bluefors Inc.,https://bluefors.com/,https://careers.bluefors.com/jobs/8237894-job-fair-8-27-2026,Job Fair 8/27/2026,https://careers.bluefors.com/jobs/8237894-job-fair-8-27-2026,"Syracuse, NY, United States",Syracuse,NY,United States,Not specified,,,,Core Space,2026-08-26,2026-08-26,https://careers.bluefors.com/jobs/8237894-job-fair-8-27-2026,linked_page,3,success_after_fallback
105164451c73,2026-08-26,a3c0ab6694be,Bluefors Inc.,https://bluefors.com/,https://careers.bluefors.com/jobs,Account Associate,https://careers.bluefors.com/jobs/8269204-account-associate,"Syracuse, NY, United States",Syracuse,NY,United States,Not specified,,,,Core Space,2026-08-26,2026-08-26,https://careers.bluefors.com/jobs,linked_page,4,success_after_fallback
2d6a54da39ee,2026-08-26,a3c0ab6694be,Bluefors Inc.,https://bluefors.com/,https://careers.bluefors.com/jobs,Packaging & Crating Technician I,https://careers.bluefors.com/jobs/8269063-packaging-crating-technician-i,"Syracuse, NY, United States",Syracuse,NY,United States,Not specified,,,,Core Space,2026-08-26,2026-08-26,https://careers.bluefors.com/jobs,linked_page,4,success_after_fallback
aa697e1fabb6,2026-08-26,a3c0ab6694be,Bluefors Inc.,https://bluefors.com/,https://careers.bluefors.com/jobs,Senior Sales Analyst,https://careers.bluefors.com/jobs/8263617-senior-sales-analyst,Hybrid,,,,Hybrid,,,,Core Space,2026-08-26,2026-08-26,https://careers.bluefors.com/jobs,linked_page,4,success_after_fallback
6947ed3c2ca3,2026-08-26,a3c0ab6694be,Bluefors Inc.,https://bluefors.com/,https://careers.bluefors.com/jobs,"Manufacturing Associate, Machine Shop",https://careers.bluefors.com/jobs/8262797-manufacturing-associate-machine-shop,"Syracuse, NY, United States",Syracuse,NY,United States,Not specified,,,,Core Space,2026-08-26,2026-08-26,https://careers.bluefors.com/jobs,linked_page,4,success_after_fallback
695f3907b22c,2026-08-26,a3c0ab6694be,Bluefors Inc.,https://bluefors.com/,https://careers.bluefors.com/jobs,Technical Sales Lead,https://careers.bluefors.com/jobs/8254898-technical-sales-lead,"Syracuse, NY, United States",Syracuse,NY,United States,Not specified,,,,Core Space,2026-08-26,2026-08-26,https://careers.bluefors.com/jobs,linked_page,4,success_after_fallback
b135afe961df,2026-08-26,a3c0ab6694be,Bluefors Inc.,https://bluefors.com/,https://careers.bluefors.com/jobs,Manufacturing Associate (Second Shift),https://careers.bluefors.com/jobs/8250373-manufacturing-associate-second-shift,"Syracuse, NY, United States",Syracuse,NY,United States,Not specified,,,,Core Space,2026-08-26,2026-08-26,https://careers.bluefors.com/jobs,linked_page,4,success_after_fallback
64cb776284e0,2026-08-26,a3c0ab6694be,Bluefors Inc.,https://bluefors.com/,https://careers.bluefors.com/jobs,Operations and Supply Chain,https://careers.bluefors.com/jobs/8241888-strategic-buyer,"Syracuse, NY, United States",Syracuse,NY,United States,Not specified,,,,Core Space,2026-08-26,2026-08-26,https://careers.bluefors.com/jobs,linked_page,4,success_after_fallback
8acad2b94319,2026-08-26,a3c0ab6694be,Bluefors Inc.,https://bluefors.com/,https://careers.bluefors.com/jobs,Shipping Coordinator,https://careers.bluefors.com/jobs/8237875-shipping-coordinator,"Syracuse, NY, United States",Syracuse,NY,United States,Not specified,,,,Core Space,2026-08-26,2026-08-26,https://careers.bluefors.com/jobs,linked_page,4,success_after_fallback
30f6f44e3b72,2026-08-26,a3c0ab6694be,Bluefors Inc.,https://bluefors.com/,https://careers.bluefors.com/jobs,Technical Sales Manager,https://careers.bluefors.com/jobs/8231513-technical-sales-manager,"Syracuse, NY, United States",Syracuse,NY,United States,Not specified,,,,Core Space,2026-08-26,2026-08-26,https://careers.bluefors.com/jobs,linked_page,4,success_after_fallback
57a0dbfdc8e4,2026-08-26,a3c0ab6694be,Bluefors Inc.,https://bluefors.com/,https://careers.bluefors.com/jobs,Accounting Associate,https://careers.bluefors.com/jobs/8224975-accounting-associate,"Syracuse, NY, United States",Syracuse,NY,United States,Not specified,,,,Core Space,2026-08-26,2026-08-26,https://careers.bluefors.com/jobs,linked_page,4,success_after_fallback
54ff67f5275f,2026-08-26,a3c0ab6694be,Bluefors Inc.,https://bluefors.com/,https://careers.bluefors.com/jobs,Manufacturing Associate: BTA Assembler,https://careers.bluefors.com/jobs/8190303-manufacturing-associate-bta-assembler,"Syracuse, NY, United States",Syracuse,NY,United States,Not specified,,,,Core Space,2026-08-26,2026-08-26,https://careers.bluefors.com/jobs,linked_page,4,success_after_fallback
5bc16c4b4fe7,2026-08-26,a3c0ab6694be,Bluefors Inc.,https://bluefors.com/,https://careers.bluefors.com/jobs,Manufacturing Associate: Compressor Assembly,https://careers.bluefors.com/jobs/8190267-manufacturing-associate-compressor-assembly,"Syracuse, NY, United States",Syracuse,NY,United States,Not specified,,,,Core Space,2026-08-26,2026-08-26,https://careers.bluefors.com/jobs,linked_page,4,success_after_fallback
3c8f7f752242,2026-08-26,a3c0ab6694be,Bluefors Inc.,https://bluefors.com/,https://careers.bluefors.com/jobs,R&D and Engineering,https://careers.bluefors.com/jobs/8190250-toolmaker,"Syracuse, NY, United States",Syracuse,NY,United States,Not specified,,,,Core Space,2026-08-26,2026-08-26,https://careers.bluefors.com/jobs,linked_page,4,success_after_fallback
ffc0f9c180a3,2026-08-26,a3c0ab6694be,Bluefors Inc.,https://bluefors.com/,https://careers.bluefors.com/jobs,"Installation Field Service Technician, East Coast",https://careers.bluefors.com/jobs/8126332-installation-field-service-technician-east-coast,"Syracuse, NY, United States",Syracuse,NY,United States,Not specified,,,,Core Space,2026-08-26,2026-08-26,https://careers.bluefors.com/jobs,linked_page,4,success_after_fallback
9e98d837473e,2026-08-26,a3c0ab6694be,Bluefors Inc.,https://bluefors.com/,https://careers.bluefors.com/jobs,"Installation Field Service Technician , West Coast",https://careers.bluefors.com/jobs/8126326-installation-field-service-technician-west-coast,"Syracuse, NY, United States",Syracuse,NY,United States,Not specified,,,,Core Space,2026-08-26,2026-08-26,https://careers.bluefors.com/jobs,linked_page,4,success_after_fallback
bc981d860b12,2026-08-26,a3c0ab6694be,Bluefors Inc.,https://bluefors.com/,https://careers.bluefors.com/jobs,Legal Analyst,https://careers.bluefors.com/jobs/8110901-legal-analyst,"Syracuse, NY, United States",Syracuse,NY,United States,Not specified,,,,Core Space,2026-08-26,2026-08-26,https://careers.bluefors.com/jobs,linked_page,4,success_after_fallback
274cf5aedd27,2026-08-26,a3c0ab6694be,Bluefors Inc.,https://bluefors.com/,https://careers.bluefors.com/jobs,Technical Service Manager,https://careers.bluefors.com/jobs/8060586-technical-service-manager,"Syracuse, NY, United States",Syracuse,NY,United States,Not specified,,,,Core Space,2026-08-26,2026-08-26,https://careers.bluefors.com/jobs,linked_page,4,success_after_fallback
44b6c278841b,2026-08-26,49a10cfcff0c,AIP Publishing,https://publishing.aip.org/,https://job-boards.greenhouse.io/aippublishing,Cloud Infrastructure Engineer,https://job-boards.greenhouse.io/aippublishing/jobs/6144177004,"Remote - NY, NJ, CT, MD, VA, PA, MA, RI or Washington, DC",Remote - NY,NJ,United States,Remote,,,,Core Space,2026-08-26,2026-08-26,https://job-boards.greenhouse.io/aippublishing,known_careers_url,5,success
1a3ad1837653,2026-08-26,0c237be7f93d,Applied Visions,https://www.avi.com/,https://app.trinethire.com/companies/1321-the-applied-visions-companies-applied-visions-software-design-solutions/jobs,Electrical Engineer,https://app.trinethire.com/companies/1321-applied-visions-software-design-solutions/jobs/121839-electrical-engineer,"Clifton Park, NY, United States",Clifton Park,NY,United States,Not specified,,,,Aerospace,2026-08-26,2026-08-26,https://app.trinethire.com/companies/1321-the-applied-visions-companies-applied-visions-software-design-solutions/jobs,linked_page,4,success_after_fallback
cb371e86cd3d,2026-08-26,0c237be7f93d,Applied Visions,https://www.avi.com/,https://app.trinethire.com/companies/1321-the-applied-visions-companies-applied-visions-software-design-solutions/jobs,Director of Engineering,https://app.trinethire.com/companies/1321-applied-visions-software-design-solutions/jobs/118815-director-of-engineering,"Clifton Park, NY, United States",Clifton Park,NY,United States,Not specified,,,,Aerospace,2026-08-26,2026-08-26,https://app.trinethire.com/companies/1321-the-applied-visions-companies-applied-visions-software-design-solutions/jobs,linked_page,4,success_after_fallback
61417aaf893b,2026-08-26,0c237be7f93d,Applied Visions,https://www.avi.com/,https://app.trinethire.com/companies/1321-the-applied-visions-companies-applied-visions-software-design-solutions/jobs,Director of Product Management,https://app.trinethire.com/companies/1321-applied-visions-software-design-solutions/jobs/120485-director-of-product-management,"Clifton Park, NY, United States",Clifton Park,NY,United States,Not specified,,,,Aerospace,2026-08-26,2026-08-26,https://app.trinethire.com/companies/1321-the-applied-visions-companies-applied-visions-software-design-solutions/jobs,linked_page,4,success_after_fallback
0ac45e64ecd0,2026-08-26,0c237be7f93d,Applied Visions,https://www.avi.com/,https://app.trinethire.com/companies/1321-the-applied-visions-companies-applied-visions-software-design-solutions/jobs,Applied Visions Software Design Solutions,https://app.trinethire.com/companies/1321-applied-visions-software-design-solutions/jobs/120013-machinist-prototype-machining-3-month-contract,"Clifton Park, NY, United States",Clifton Park,NY,United States,Not specified,,,,Aerospace,2026-08-26,2026-08-26,https://app.trinethire.com/companies/1321-the-applied-visions-companies-applied-visions-software-design-solutions/jobs,linked_page,4,success_after_fallback
873a8c5d3c48,2026-08-26,405cf37b5e7d,Arkwin Industries,https://www.arkwin.com/,https://www.arkwin.com/job/senior-design-engineer-3,Senior Design Engineer,https://www.arkwin.com/job/senior-design-engineer-3,"Bethpage, NY",Bethpage,NY,United States,Not specified,,,,Space & Defense,2026-08-26,2026-08-26,https://www.arkwin.com/job/senior-design-engineer-3,linked_page,3,success_after_fallback
973ecca02f98,2026-08-26,405cf37b5e7d,Arkwin Industries,https://www.arkwin.com/,https://www.arkwin.com/job/quality-engineer-2,Quality Engineer,https://www.arkwin.com/job/quality-engineer-2,"Bethpage, NY",Bethpage,NY,United States,Not specified,,,,Space & Defense,2026-08-26,2026-08-26,https://www.arkwin.com/job/quality-engineer-2,linked_page,3,success_after_fallback
27443147dc30,2026-08-26,405cf37b5e7d,Arkwin Industries,https://www.arkwin.com/,https://www.arkwin.com/job/business-development-manager,Business Development Manager,https://www.arkwin.com/job/business-development-manager,"Bethpage, NY",Bethpage,NY,United States,Not specified,,,,Space & Defense,2026-08-26,2026-08-26,https://www.arkwin.com/job/business-development-manager,linked_page,3,success_after_fallback
f398e8e870ff,2026-08-26,405cf37b5e7d,Arkwin Industries,https://www.arkwin.com/,https://www.arkwin.com/job/business-unit-manager-4,Business Unit Manager,https://www.arkwin.com/job/business-unit-manager-4,"Bethpage, NY",Bethpage,NY,United States,Not specified,,,,Space & Defense,2026-08-26,2026-08-26,https://www.arkwin.com/job/business-unit-manager-4,linked_page,3,success_after_fallback
8dda5fe97d2c,2026-08-26,405cf37b5e7d,Arkwin Industries,https://www.arkwin.com/,https://www.arkwin.com/job/customer-account-manager-9,Customer Account Manager,https://www.arkwin.com/job/customer-account-manager-9,"Bethpage, NY",Bethpage,NY,United States,Not specified,,,,Space & Defense,2026-08-26,2026-08-26,https://www.arkwin.com/job/customer-account-manager-9,linked_page,3,success_after_fallback
234058d2f490,2026-08-26,f7b8731a7e71,ASR International,https://www.asrintl.com/,https://asrinternationalcorp.applytojob.com/apply/jobs,Inventory Specialist,https://asrinternationalcorp.applytojob.com/apply/jobs/details/SE42q9itOE,"Minden, NV",Minden,NV,United States,Not specified,,,,Space & Defense,2026-08-26,2026-08-26,https://asrinternationalcorp.applytojob.com/apply/jobs,known_careers_url,4,success
d9d06315290c,2026-08-26,f7b8731a7e71,ASR International,https://www.asrintl.com/,https://asrinternationalcorp.applytojob.com/apply/jobs,Configuration Manager,https://asrinternationalcorp.applytojob.com/apply/jobs/details/8P5k3ffLoW,"MacDill AFB, FL",MacDill AFB,FL,United States,Not specified,,,,Space & Defense,2026-08-26,2026-08-26,https://asrinternationalcorp.applytojob.com/apply/jobs,known_careers_url,4,success
1607117b0a47,2026-08-26,f7b8731a7e71,ASR International,https://www.asrintl.com/,https://asrinternationalcorp.applytojob.com/apply/jobs,IT Asset Manager,https://asrinternationalcorp.applytojob.com/apply/jobs/details/VzwN3Vnbws,"MacDill AFB, FL",MacDill AFB,FL,United States,Not specified,,,,Space & Defense,2026-08-26,2026-08-26,https://asrinternationalcorp.applytojob.com/apply/jobs,known_careers_url,4,success
04099190582d,2026-08-26,f7b8731a7e71,ASR International,https://www.asrintl.com/,https://asrinternationalcorp.applytojob.com/apply/jobs,Senior Configuration Manager,https://asrinternationalcorp.applytojob.com/apply/jobs/details/R8fgQykTyg,"MacDill AFB, FL",MacDill AFB,FL,United States,Not specified,,,,Space & Defense,2026-08-26,2026-08-26,https://asrinternationalcorp.applytojob.com/apply/jobs,known_careers_url,4,success
26c8fc694e6b,2026-08-26,f7b8731a7e71,ASR International,https://www.asrintl.com/,https://asrinternationalcorp.applytojob.com/apply/jobs,Civil Engineer,https://asrinternationalcorp.applytojob.com/apply/jobs/details/4EwkxN1ubg,"Silverdale, WA",Silverdale,WA,United States,Not specified,,,,Space & Defense,2026-08-26,2026-08-26,https://asrinternationalcorp.applytojob.com/apply/jobs,known_careers_url,4,success
2197f386d265,2026-08-26,f7b8731a7e71,ASR International,https://www.asrintl.com/,https://asrinternationalcorp.applytojob.com/apply/jobs,Electrical Engineer,https://asrinternationalcorp.applytojob.com/apply/jobs/details/ZLuDtwfZhZ,"Silverdale, WA",Silverdale,WA,United States,Not specified,,,,Space & Defense,2026-08-26,2026-08-26,https://asrinternationalcorp.applytojob.com/apply/jobs,known_careers_url,4,success
96cc8aca75f1,2026-08-26,f7b8731a7e71,ASR International,https://www.asrintl.com/,https://asrinternationalcorp.applytojob.com/apply/jobs,Fire Protection Engineer,https://asrinternationalcorp.applytojob.com/apply/jobs/details/AbPsOo11Oe,"Silverdale, WA",Silverdale,WA,United States,Not specified,,,,Space & Defense,2026-08-26,2026-08-26,https://asrinternationalcorp.applytojob.com/apply/jobs,known_careers_url,4,success
3877182c7709,2026-08-26,f7b8731a7e71,ASR International,https://www.asrintl.com/,https://asrinternationalcorp.applytojob.com/apply/jobs,Geotechnical Engineer,https://asrinternationalcorp.applytojob.com/apply/jobs/details/iyeZrOpeMV,"Silverdale, WA",Silverdale,WA,United States,Not specified,,,,Space & Defense,2026-08-26,2026-08-26,https://asrinternationalcorp.applytojob.com/apply/jobs,known_careers_url,4,success
e7579b5a575e,2026-08-26,f7b8731a7e71,ASR International,https://www.asrintl.com/,https://asrinternationalcorp.applytojob.com/apply/jobs,Interior Designer,https://asrinternationalcorp.applytojob.com/apply/jobs/details/U8rduUxF8h,"Silverdale, WA",Silverdale,WA,United States,Not specified,,,,Space & Defense,2026-08-26,2026-08-26,https://asrinternationalcorp.applytojob.com/apply/jobs,known_careers_url,4,success
3d39b6753765,2026-08-26,f7b8731a7e71,ASR International,https://www.asrintl.com/,https://asrinternationalcorp.applytojob.com/apply/jobs,Mechanical Engineer,https://asrinternationalcorp.applytojob.com/apply/jobs/details/uzScG4So4o,"Silverdale, WA",Silverdale,WA,United States,Not specified,,,,Space & Defense,2026-08-26,2026-08-26,https://asrinternationalcorp.applytojob.com/apply/jobs,known_careers_url,4,success
16f02b522c48,2026-08-26,f7b8731a7e71,ASR International,https://www.asrintl.com/,https://asrinternationalcorp.applytojob.com/apply/jobs,Program / Data Analyst,https://asrinternationalcorp.applytojob.com/apply/jobs/details/kJ6JG8cPbt,"Silverdale, WA",Silverdale,WA,United States,Not specified,,,,Space & Defense,2026-08-26,2026-08-26,https://asrinternationalcorp.applytojob.com/apply/jobs,known_careers_url,4,success
025d5c4b4032,2026-08-26,f7b8731a7e71,ASR International,https://www.asrintl.com/,https://asrinternationalcorp.applytojob.com/apply/jobs,Structural Engineer,https://asrinternationalcorp.applytojob.com/apply/jobs/details/Sg497yjGBO,"Silverdale, WA",Silverdale,WA,United States,Not specified,,,,Space & Defense,2026-08-26,2026-08-26,https://asrinternationalcorp.applytojob.com/apply/jobs,known_careers_url,4,success
de843168e0ac,2026-08-26,f7b8731a7e71,ASR International,https://www.asrintl.com/,https://asrinternationalcorp.applytojob.com/apply/jobs,Project Management Support Analyst – Senior (Technology Transfer Emphasis),https://asrinternationalcorp.applytojob.com/apply/jobs/details/jREvUFGFhX,"Ft. Eustis, VA",Ft. Eustis,VA,United States,Not specified,,,,Space & Defense,2026-08-26,2026-08-26,https://asrinternationalcorp.applytojob.com/apply/jobs,known_careers_url,4,success
2113fff94821,2026-08-26,f7b8731a7e71,ASR International,https://www.asrintl.com/,https://asrinternationalcorp.applytojob.com/apply/jobs,Quality Engineer – Senior,https://asrinternationalcorp.applytojob.com/apply/jobs/details/O1TtOTGlaz,"Ft. Eustis, VA",Ft. Eustis,VA,United States,Not specified,,,,Space & Defense,2026-08-26,2026-08-26,https://asrinternationalcorp.applytojob.com/apply/jobs,known_careers_url,4,success
0f6918bc97ee,2026-08-26,f7b8731a7e71,ASR International,https://www.asrintl.com/,https://asrinternationalcorp.applytojob.com/apply/jobs,Mission Systems Engineer – Journeyman,https://asrinternationalcorp.applytojob.com/apply/jobs/details/c4WGmOl18t,"FT Eustis, VA",FT Eustis,VA,United States,Not specified,,,,Space & Defense,2026-08-26,2026-08-26,https://asrinternationalcorp.applytojob.com/apply/jobs,known_careers_url,4,success
78ae81bbeb08,2026-08-26,f7b8731a7e71,ASR International,https://www.asrintl.com/,https://asrinternationalcorp.applytojob.com/apply/jobs,Mission Systems Engineer – Senior,https://asrinternationalcorp.applytojob.com/apply/jobs/details/TCsNE28jd7,"Ft Eustis, VA",Ft Eustis,VA,United States,Not specified,,,,Space & Defense,2026-08-26,2026-08-26,https://asrinternationalcorp.applytojob.com/apply/jobs,known_careers_url,4,success
b28cd5fe2d36,2026-08-26,f7b8731a7e71,ASR International,https://www.asrintl.com/,https://asrinternationalcorp.applytojob.com/apply/jobs,Software/Instrumentation Engineer – Senior,https://asrinternationalcorp.applytojob.com/apply/jobs/details/svW7hSQDRk,"Ft. Eustis, VA",Ft. Eustis,VA,United States,Not specified,,,,Space & Defense,2026-08-26,2026-08-26,https://asrinternationalcorp.applytojob.com/apply/jobs,known_careers_url,4,success
9915d007e5a1,2026-08-26,f7b8731a7e71,ASR International,https://www.asrintl.com/,https://asrinternationalcorp.applytojob.com/apply/jobs,Mechanical Designer – Senior,https://asrinternationalcorp.applytojob.com/apply/jobs/details/VAAYzb2jz6,"Ft. Eustis, VA",Ft. Eustis,VA,United States,Not specified,,,,Space & Defense,2026-08-26,2026-08-26,https://asrinternationalcorp.applytojob.com/apply/jobs,known_careers_url,4,success
1af5e2dd5580,2026-08-26,f7b8731a7e71,ASR International,https://www.asrintl.com/,https://asrinternationalcorp.applytojob.com/apply/jobs,Warehouse Associate,https://asrinternationalcorp.applytojob.com/apply/jobs/details/Sz0qmFohHe,"Minden, NV",Minden,NV,United States,Not specified,,,,Space & Defense,2026-08-26,2026-08-26,https://asrinternationalcorp.applytojob.com/apply/jobs,known_careers_url,4,success
478cb95642ea,2026-08-26,f7b8731a7e71,ASR International,https://www.asrintl.com/,https://asrinternationalcorp.applytojob.com/apply/jobs,Human Resources Specialist,https://asrinternationalcorp.applytojob.com/apply/jobs/details/pGDEb7m4z4,"Hauppauge, NY",Hauppauge,NY,United States,Not specified,,,,Space & Defense,2026-08-26,2026-08-26,https://asrinternationalcorp.applytojob.com/apply/jobs,known_careers_url,4,success
918dc8cfd88d,2026-08-26,f7b8731a7e71,ASR International,https://www.asrintl.com/,https://asrinternationalcorp.applytojob.com/apply/jobs,Recruiter (Government Contracting),https://asrinternationalcorp.applytojob.com/apply/jobs/details/nnRyvfnb08,"Hauppauge, NY",Hauppauge,NY,United States,Not specified,,,,Space & Defense,2026-08-26,2026-08-26,https://asrinternationalcorp.applytojob.com/apply/jobs,known_careers_url,4,success
c92c38fcccb8,2026-08-26,f7b8731a7e71,ASR International,https://www.asrintl.com/,https://asrinternationalcorp.applytojob.com/apply/jobs,"ADMINSTRATIVE ASSISTANT - ASR Corporate Office, Hauppauge, New York",https://asrinternationalcorp.applytojob.com/apply/jobs/details/oSYUcKaGm7,"Haupppauge, NY",Haupppauge,NY,United States,Not specified,,,,Space & Defense,2026-08-26,2026-08-26,https://asrinternationalcorp.applytojob.com/apply/jobs,known_careers_url,4,success
b3dd33f23140,2026-08-26,f7b8731a7e71,ASR International,https://www.asrintl.com/,https://asrinternationalcorp.applytojob.com/apply/jobs,Warehouse Operations Support,https://asrinternationalcorp.applytojob.com/apply/jobs/details/r9UREC7YrW,"Port Hueneme, CA",Port Hueneme,CA,United States,Not specified,,,,Space & Defense,2026-08-26,2026-08-26,https://asrinternationalcorp.applytojob.com/apply/jobs,known_careers_url,4,success
a6b87e15bfc2,2026-08-26,f7b8731a7e71,ASR International,https://www.asrintl.com/,https://asrinternationalcorp.applytojob.com/apply/jobs,Engineering Technical/Proposal Writer - Entry Level,https://asrinternationalcorp.applytojob.com/apply/jobs/details/XBSGZgZv0y,"Hauppauge, NY",Hauppauge,NY,United States,Not specified,,,,Space & Defense,2026-08-26,2026-08-26,https://asrinternationalcorp.applytojob.com/apply/jobs,known_careers_url,4,success
2ff1f9a5aef7,2026-08-26,f7b8731a7e71,ASR International,https://www.asrintl.com/,https://asrinternationalcorp.applytojob.com/apply/jobs,Jr. IT Specialist,https://asrinternationalcorp.applytojob.com/apply/jobs/details/04COKdK6VU,"Hauppauge, NY",Hauppauge,NY,United States,Not specified,,,,Space & Defense,2026-08-26,2026-08-26,https://asrinternationalcorp.applytojob.com/apply/jobs,known_careers_url,4,success
35405d1364a6,2026-08-26,f7b8731a7e71,ASR International,https://www.asrintl.com/,https://asrinternationalcorp.applytojob.com/apply/jobs,Jr. Contract Analyst/Admin,https://asrinternationalcorp.applytojob.com/apply/jobs/details/xgnxrAysaC,"Hauppauge, NY",Hauppauge,NY,United States,Not specified,,,,Space & Defense,2026-08-26,2026-08-26,https://asrinternationalcorp.applytojob.com/apply/jobs,known_careers_url,4,success
c5a1b86385bc,2026-08-26,f7b8731a7e71,ASR International,https://www.asrintl.com/,https://asrinternationalcorp.applytojob.com/apply/jobs,Construction Management Support/Field Engineer,https://asrinternationalcorp.applytojob.com/apply/jobs/details/GnwewXo9mw,"Bremerton, WA",Bremerton,WA,United States,Not specified,,,,Space & Defense,2026-08-26,2026-08-26,https://asrinternationalcorp.applytojob.com/apply/jobs,known_careers_url,4,success
061c23000c12,2026-08-26,f7b8731a7e71,ASR International,https://www.asrintl.com/,https://asrinternationalcorp.applytojob.com/apply/jobs,Project Field Engineer,https://asrinternationalcorp.applytojob.com/apply/jobs/details/ykZ3eXeJqr,"Bremerton, WA",Bremerton,WA,United States,Not specified,,,,Space & Defense,2026-08-26,2026-08-26,https://asrinternationalcorp.applytojob.com/apply/jobs,known_careers_url,4,success
e0ea4168ace7,2026-08-26,f7b8731a7e71,ASR International,https://www.asrintl.com/,https://asrinternationalcorp.applytojob.com/apply/jobs,Construction Inspector/Engineering Technician,https://asrinternationalcorp.applytojob.com/apply/jobs/details/ZszfKDngfY,"Pensacola, FL",Pensacola,FL,United States,Not specified,,,,Space & Defense,2026-08-26,2026-08-26,https://asrinternationalcorp.applytojob.com/apply/jobs,known_careers_url,4,success
0fd58b762edd,2026-08-26,f7b8731a7e71,ASR International,https://www.asrintl.com/,https://asrinternationalcorp.applytojob.com/apply/jobs,Construction Management / Surveillance Engineer (CSE),https://asrinternationalcorp.applytojob.com/apply/jobs/details/ufpzVPyALE,"Pensacola, FL",Pensacola,FL,United States,Not specified,,,,Space & Defense,2026-08-26,2026-08-26,https://asrinternationalcorp.applytojob.com/apply/jobs,known_careers_url,4,success
e9ed9835b461,2026-08-26,f7b8731a7e71,ASR International,https://www.asrintl.com/,https://asrinternationalcorp.applytojob.com/apply/jobs,Pricing/Cost Analyst - Labor (ENTRY Level),https://asrinternationalcorp.applytojob.com/apply/jobs/details/zR8MbQsjSp,"Hauppauge, NY",Hauppauge,NY,United States,Not specified,,,,Space & Defense,2026-08-26,2026-08-26,https://asrinternationalcorp.applytojob.com/apply/jobs,known_careers_url,4,success
c94c9ff35d19,2026-08-26,b00ce903c871,Boeing,https://www.boeing.com/resources/boeingdotcom/government-operations/state_cards/Card_NY.pdf,https://jobs.boeing.com/,Senior Instructional System Designer,https://jobs.boeing.com/job/hazelwood/senior-instructional-system-designer/185/99744947424,"Hazelwood, Missouri, United States",Hazelwood,MO,United States,Not specified,,,,Aerospace,2026-08-26,2026-08-26,https://jobs.boeing.com/,known_careers_url,4,success
f7e8c11d8413,2026-08-26,b00ce903c871,Boeing,https://www.boeing.com/resources/boeingdotcom/government-operations/state_cards/Card_NY.pdf,https://jobs.boeing.com/,Software Certification Engineer (Senior or Lead),https://jobs.boeing.com/job/everett/software-certification-engineer-senior-or-lead/185/97484277168,"Everett, Washington, United States",Everett,WA,United States,Not specified,,,,Aerospace,2026-08-26,2026-08-26,https://jobs.boeing.com/,known_careers_url,4,success
382c2169df4b,2026-08-26,b00ce903c871,Boeing,https://www.boeing.com/resources/boeingdotcom/government-operations/state_cards/Card_NY.pdf,https://jobs.boeing.com/,Engineer - Software,https://jobs.boeing.com/job/brisbane/engineer-software/185/96915796512,"Brisbane, Australia",Brisbane,,Australia,Not specified,,,,Aerospace,2026-08-26,2026-08-26,https://jobs.boeing.com/,known_careers_url,4,success
25d37122de72,2026-08-26,b00ce903c871,Boeing,https://www.boeing.com/resources/boeingdotcom/government-operations/state_cards/Card_NY.pdf,https://jobs.boeing.com/manufacturing-careers,Associate Staff Analyst,https://jobs.boeing.com/job/wichita/associate-staff-analyst/185/99082670992,"Wichita, Kansas, United States",Wichita,KS,United States,Not specified,,,,Aerospace,2026-08-26,2026-08-26,https://jobs.boeing.com/manufacturing-careers,linked_page,4,success_after_fallback
d83e19f1046a,2026-08-26,b00ce903c871,Boeing,https://www.boeing.com/resources/boeingdotcom/government-operations/state_cards/Card_NY.pdf,https://jobs.boeing.com/manufacturing-careers,Associate Tool Engineer,https://jobs.boeing.com/job/wichita/associate-tool-engineer/185/99173124048,"Wichita, Kansas, United States",Wichita,KS,United States,Not specified,,,,Aerospace,2026-08-26,2026-08-26,https://jobs.boeing.com/manufacturing-careers,linked_page,4,success_after_fallback
87521ac97af2,2026-08-26,b00ce903c871,Boeing,https://www.boeing.com/resources/boeingdotcom/government-operations/state_cards/Card_NY.pdf,https://jobs.boeing.com/cybersecurity-careers,Cyber Security Specialist,https://jobs.boeing.com/job/brisbane/cyber-security-specialist/185/97175652448,"Brisbane, Australia",Brisbane,,Australia,Not specified,,,,Aerospace,2026-08-26,2026-08-26,https://jobs.boeing.com/cybersecurity-careers,linked_page,4,success_after_fallback
045d0b4931d2,2026-08-26,b00ce903c871,Boeing,https://www.boeing.com/resources/boeingdotcom/government-operations/state_cards/Card_NY.pdf,https://jobs.boeing.com/cybersecurity-careers,Corporate Cybersecurity Analyst – Millennium Space Systems,https://jobs.boeing.com/job/el-segundo/corporate-cybersecurity-analyst-millennium-space-systems/185/98901410640,"El Segundo, California, United States; and other locations",El Segundo,CA,United States,Not specified,,,,Aerospace,2026-08-26,2026-08-26,https://jobs.boeing.com/cybersecurity-careers,linked_page,4,success_after_fallback
3b72bbbf47a3,2026-08-26,b00ce903c871,Boeing,https://www.boeing.com/resources/boeingdotcom/government-operations/state_cards/Card_NY.pdf,https://jobs.boeing.com/cybersecurity-careers,Cybersecurity Analyst - Product Security,https://jobs.boeing.com/job/aurora/cybersecurity-analyst-product-security/185/93778184640,"Aurora, Colorado, United States; and other locations",Aurora,CO,United States,Not specified,,,,Aerospace,2026-08-26,2026-08-26,https://jobs.boeing.com/cybersecurity-careers,linked_page,4,success_after_fallback
4dacf6cfdc2a,2026-08-26,b00ce903c871,Boeing,https://www.boeing.com/resources/boeingdotcom/government-operations/state_cards/Card_NY.pdf,https://jobs.boeing.com/cybersecurity-careers,Cyber Security Specialist,https://jobs.boeing.com/job/brisbane/cyber-security-specialist/185/97168971856,"Brisbane, Australia",Brisbane,,Australia,Not specified,,,,Aerospace,2026-08-26,2026-08-26,https://jobs.boeing.com/cybersecurity-careers,linked_page,4,success_after_fallback
6925cb354f94,2026-08-26,b00ce903c871,Boeing,https://www.boeing.com/resources/boeingdotcom/government-operations/state_cards/Card_NY.pdf,https://jobs.boeing.com/data-science-and-analytics-careers,Senior Business & System Architect,https://jobs.boeing.com/job/arlington/senior-business-and-system-architect/185/99727407376,"Arlington, Virginia, United States",Arlington,VA,United States,Not specified,,,,Aerospace,2026-08-26,2026-08-26,https://jobs.boeing.com/data-science-and-analytics-careers,linked_page,4,success_after_fallback
f9b727c8cd75,2026-08-26,b00ce903c871,Boeing,https://www.boeing.com/resources/boeingdotcom/government-operations/state_cards/Card_NY.pdf,https://jobs.boeing.com/data-science-and-analytics-careers,Experienced Simulation Software Engineer - Training Systems,https://jobs.boeing.com/job/hazelwood/experienced-simulation-software-engineer-training-systems/185/99081307904,"Hazelwood, Missouri, United States; and other locations",Hazelwood,MO,United States,Not specified,,,,Aerospace,2026-08-26,2026-08-26,https://jobs.boeing.com/data-science-and-analytics-careers,linked_page,4,success_after_fallback
bf96588f28d9,2026-08-26,b00ce903c871,Boeing,https://www.boeing.com/resources/boeingdotcom/government-operations/state_cards/Card_NY.pdf,https://jobs.boeing.com/data-science-and-analytics-careers,Boeing Summer 2027 Internship Program (Paid) – Data Analytics Intern,https://jobs.boeing.com/job/everett/boeing-summer-2027-internship-program-paid-data-analytics-intern/185/98720782192,"Everett, Washington, United States; and other locations",Everett,WA,United States,Not specified,,,,Aerospace,2026-08-26,2026-08-26,https://jobs.boeing.com/data-science-and-analytics-careers,linked_page,4,success_after_fallback
c5df83586922,2026-08-26,b00ce903c871,Boeing,https://www.boeing.com/resources/boeingdotcom/government-operations/state_cards/Card_NY.pdf,https://jobs.boeing.com/data-science-and-analytics-careers,Boeing Summer 2027 Internship Program (Paid) – Information Digital Technology & Security (IDT&S),https://jobs.boeing.com/job/everett/boeing-summer-2027-internship-program-paid-information-digital-technology-and-security-idt-and-s/185/98720781984,"Everett, Washington, United States; and other locations",Everett,WA,United States,Not specified,,,,Aerospace,2026-08-26,2026-08-26,https://jobs.boeing.com/data-science-and-analytics-careers,linked_page,4,success_after_fallback
87514553c3a3,2026-08-26,b00ce903c871,Boeing,https://www.boeing.com/resources/boeingdotcom/government-operations/state_cards/Card_NY.pdf,https://jobs.boeing.com/information-technology-careers,Information Technology Senior Manager,https://jobs.boeing.com/job/dallas/information-technology-senior-manager/185/99731893360,"Dallas, Texas, United States; and other locations",Dallas,TX,United States,Not specified,,,,Aerospace,2026-08-26,2026-08-26,https://jobs.boeing.com/information-technology-careers,linked_page,4,success_after_fallback
92bcaa1e29a8,2026-08-26,b00ce903c871,Boeing,https://www.boeing.com/resources/boeingdotcom/government-operations/state_cards/Card_NY.pdf,https://jobs.boeing.com/information-technology-careers,"Cloud Infrastructure Administrator (Mid-Level, Senior or Lead) **Sign on Bonus Potential**",https://jobs.boeing.com/job/berkeley/cloud-infrastructure-administrator-mid-level-senior-or-lead-sign-on-bonus-potential/185/96849872864,"Berkeley, Missouri, United States; and other locations",Berkeley,MO,United States,Not specified,,,,Aerospace,2026-08-26,2026-08-26,https://jobs.boeing.com/information-technology-careers,linked_page,4,success_after_fallback
61b8ebc4a736,2026-08-26,b00ce903c871,Boeing,https://www.boeing.com/resources/boeingdotcom/government-operations/state_cards/Card_NY.pdf,https://jobs.boeing.com/information-technology-careers,Cloud Operations System Administrator,https://jobs.boeing.com/job/swansea/cloud-operations-system-administrator/185/94781333072,"Swansea, Illinois, United States",Swansea,IL,United States,Not specified,,,,Aerospace,2026-08-26,2026-08-26,https://jobs.boeing.com/information-technology-careers,linked_page,4,success_after_fallback
0c61085d21cc,2026-08-26,b00ce903c871,Boeing,https://www.boeing.com/resources/boeingdotcom/government-operations/state_cards/Card_NY.pdf,https://jobs.boeing.com/information-technology-careers,Spirit Defense - Senior Information Assurance Specialist,https://jobs.boeing.com/job/wichita/spirit-defense-senior-information-assurance-specialist/185/94703514592,"Wichita, Kansas, United States",Wichita,KS,United States,Not specified,,,,Aerospace,2026-08-26,2026-08-26,https://jobs.boeing.com/information-technology-careers,linked_page,4,success_after_fallback
37cf38d2cc17,2026-08-26,b00ce903c871,Boeing,https://www.boeing.com/resources/boeingdotcom/government-operations/state_cards/Card_NY.pdf,https://jobs.boeing.com/electronic-and-electrical-engineering-careers,Phantom Works Mission Systems Manager,https://jobs.boeing.com/job/berkeley/phantom-works-mission-systems-manager/185/99731895504,"Berkeley, Missouri, United States",Berkeley,MO,United States,Not specified,,,,Aerospace,2026-08-26,2026-08-26,https://jobs.boeing.com/electronic-and-electrical-engineering-careers,linked_page,4,success_after_fallback
9e970944a375,2026-08-26,b00ce903c871,Boeing,https://www.boeing.com/resources/boeingdotcom/government-operations/state_cards/Card_NY.pdf,https://jobs.boeing.com/electronic-and-electrical-engineering-careers,Tactical RF Sensors Subsystem Lead Engineer,https://jobs.boeing.com/job/berkeley/tactical-rf-sensors-subsystem-lead-engineer/185/99731895488,"Berkeley, Missouri, United States",Berkeley,MO,United States,Not specified,,,,Aerospace,2026-08-26,2026-08-26,https://jobs.boeing.com/electronic-and-electrical-engineering-careers,linked_page,4,success_after_fallback
32b75f7aeed9,2026-08-26,b00ce903c871,Boeing,https://www.boeing.com/resources/boeingdotcom/government-operations/state_cards/Card_NY.pdf,https://jobs.boeing.com/electronic-and-electrical-engineering-careers,Mechanical Product Design and Analysis Engineer (Associate or Mid-Level),https://jobs.boeing.com/job/el-segundo/mechanical-product-design-and-analysis-engineer-associate-or-mid-level/185/99731895456,"El Segundo, California, United States; and other locations",El Segundo,CA,United States,Not specified,,,,Aerospace,2026-08-26,2026-08-26,https://jobs.boeing.com/electronic-and-electrical-engineering-careers,linked_page,4,success_after_fallback
e5f44b7c020e,2026-08-26,b00ce903c871,Boeing,https://www.boeing.com/resources/boeingdotcom/government-operations/state_cards/Card_NY.pdf,https://jobs.boeing.com/electronic-and-electrical-engineering-careers,Lead Electrophysics Engineer,https://jobs.boeing.com/job/huntington-beach/lead-electrophysics-engineer/185/99731894816,"Huntington Beach, California, United States; and other locations",Huntington Beach,CA,United States,Not specified,,,,Aerospace,2026-08-26,2026-08-26,https://jobs.boeing.com/electronic-and-electrical-engineering-careers,linked_page,4,success_after_fallback
4a7224738538,2026-08-26,b00ce903c871,Boeing,https://www.boeing.com/resources/boeingdotcom/government-operations/state_cards/Card_NY.pdf,https://jobs.boeing.com/flight-engineering-careers,Senior Software Engineer DevSecOps,https://jobs.boeing.com/job/brisbane/senior-software-engineer-devsecops/185/99744103488,"Brisbane, Australia",Brisbane,,Australia,Not specified,,,,Aerospace,2026-08-26,2026-08-26,https://jobs.boeing.com/flight-engineering-careers,linked_page,4,success_after_fallback
e26a59154e70,2026-08-26,b00ce903c871,Boeing,https://www.boeing.com/resources/boeingdotcom/government-operations/state_cards/Card_NY.pdf,https://jobs.boeing.com/flight-engineering-careers,Senior Systems Engineering Manager,https://jobs.boeing.com/job/seal-beach/senior-systems-engineering-manager/185/99731895552,"Seal Beach, California, United States; and other locations",Seal Beach,CA,United States,Not specified,,,,Aerospace,2026-08-26,2026-08-26,https://jobs.boeing.com/flight-engineering-careers,linked_page,4,success_after_fallback
6bbc9453e327,2026-08-26,2cdfe8725858,Bren-Tronics,https://www.bren-tronics.com/,https://jobs.enersys.com/search?q=&q2=&alertId=&locationsearch=&title=&date=&location=commack,Manufacturing Engineer,https://jobs.enersys.com/job/Commack-Manufacturing-Engineer-NY-11725/1380552333,"Commack, NY, United States",Commack,NY,United States,Not specified,,,,Aerospace,2026-08-26,2026-08-26,https://jobs.enersys.com/search?q=&q2=&alertId=&locationsearch=&title=&date=&location=commack,known_careers_url,4,success
869b65d5f22a,2026-08-26,2cdfe8725858,Bren-Tronics,https://www.bren-tronics.com/,https://jobs.enersys.com/search?q=&q2=&alertId=&locationsearch=&title=&date=&location=commack,Senior Mechanical Engineer,https://jobs.enersys.com/job/Commack-Senior-Mechanical-Engineer-NY-11725/1279712201,"Commack, NY, United States",Commack,NY,United States,Not specified,,,,Aerospace,2026-08-26,2026-08-26,https://jobs.enersys.com/search?q=&q2=&alertId=&locationsearch=&title=&date=&location=commack,known_careers_url,4,success
5480da740e51,2026-08-26,2cdfe8725858,Bren-Tronics,https://www.bren-tronics.com/,https://jobs.enersys.com/search?q=&q2=&alertId=&locationsearch=&title=&date=&location=commack,Senior Electrical Engineer,https://jobs.enersys.com/job/Commack-Senior-Electrical-Engineer-NY-11725/1279809301,"Commack, NY, United States",Commack,NY,United States,Not specified,,,,Aerospace,2026-08-26,2026-08-26,https://jobs.enersys.com/search?q=&q2=&alertId=&locationsearch=&title=&date=&location=commack,known_careers_url,4,success
befe9653a0f7,2026-08-26,2cdfe8725858,Bren-Tronics,https://www.bren-tronics.com/,https://jobs.enersys.com/search?q=&q2=&alertId=&locationsearch=&title=&date=&location=commack,Production Manager,https://jobs.enersys.com/job/Commack-Production-Manager-NY-11725/1368745033,"Commack, NY, United States",Commack,NY,United States,Not specified,,,,Aerospace,2026-08-26,2026-08-26,https://jobs.enersys.com/search?q=&q2=&alertId=&locationsearch=&title=&date=&location=commack,known_careers_url,4,success
968f00799f05,2026-08-26,2cdfe8725858,Bren-Tronics,https://www.bren-tronics.com/,https://jobs.enersys.com/search?q=&q2=&alertId=&locationsearch=&title=&date=&location=commack,Planning Specialist,https://jobs.enersys.com/job/Commack-Planning-Specialist-NY-11725/1396086333,"Commack, NY, United States",Commack,NY,United States,Not specified,,,,Aerospace,2026-08-26,2026-08-26,https://jobs.enersys.com/search?q=&q2=&alertId=&locationsearch=&title=&date=&location=commack,known_careers_url,4,success
08cd4b9badfa,2026-08-26,2cdfe8725858,Bren-Tronics,https://www.bren-tronics.com/,https://jobs.enersys.com/search?q=&q2=&alertId=&locationsearch=&title=&date=&location=commack,Test Technician III,https://jobs.enersys.com/job/Commack-Test-Technician-III-NY-11725/1394556633,"Commack, NY, United States",Commack,NY,United States,Not specified,,,,Aerospace,2026-08-26,2026-08-26,https://jobs.enersys.com/search?q=&q2=&alertId=&locationsearch=&title=&date=&location=commack,known_careers_url,4,success
1e3224182459,2026-08-26,2cdfe8725858,Bren-Tronics,https://www.bren-tronics.com/,https://jobs.enersys.com/search?q=&q2=&alertId=&locationsearch=&title=&date=&location=commack,Helpdesk Technician,https://jobs.enersys.com/job/Commack-Helpdesk-Technician-NY-11725/1414827333,"Commack, NY, United States",Commack,NY,United States,Not specified,,,,Aerospace,2026-08-26,2026-08-26,https://jobs.enersys.com/search?q=&q2=&alertId=&locationsearch=&title=&date=&location=commack,known_careers_url,4,success
e55e06af8ac9,2026-08-26,2cdfe8725858,Bren-Tronics,https://www.bren-tronics.com/,https://jobs.enersys.com/search?q=&q2=&alertId=&locationsearch=&title=&date=&location=commack,Mechanical Engineer,https://jobs.enersys.com/job/Commack-Mechanical-Engineer-NY-11725/1393814433,"Commack, NY, United States",Commack,NY,United States,Not specified,,,,Aerospace,2026-08-26,2026-08-26,https://jobs.enersys.com/search?q=&q2=&alertId=&locationsearch=&title=&date=&location=commack,known_careers_url,4,success
e4da1064ea63,2026-08-26,2cdfe8725858,Bren-Tronics,https://www.bren-tronics.com/,https://jobs.enersys.com/search?q=&q2=&alertId=&locationsearch=&title=&date=&location=commack,Electrical Engineer,https://jobs.enersys.com/job/Commack-Electrical-Engineer-NY-11725/1393518033,"Commack, NY, United States",Commack,NY,United States,Not specified,,,,Aerospace,2026-08-26,2026-08-26,https://jobs.enersys.com/search?q=&q2=&alertId=&locationsearch=&title=&date=&location=commack,known_careers_url,4,success
3121343f583c,2026-08-26,2cdfe8725858,Bren-Tronics,https://www.bren-tronics.com/,https://jobs.enersys.com/search?q=&q2=&alertId=&locationsearch=&title=&date=&location=commack,Lead Electrical Engineer I,https://jobs.enersys.com/job/Commack-Lead-Electrical-Engineer-I-NY-11725/1422342233,"Commack, NY, United States",Commack,NY,United States,Not specified,,,,Aerospace,2026-08-26,2026-08-26,https://jobs.enersys.com/search?q=&q2=&alertId=&locationsearch=&title=&date=&location=commack,known_careers_url,4,success
7fd68aab3611,2026-08-26,2cdfe8725858,Bren-Tronics,https://www.bren-tronics.com/,https://jobs.enersys.com/search?q=&q2=&alertId=&locationsearch=&title=&date=&location=commack,Senior Manufacturing Engineer,https://jobs.enersys.com/job/Commack-Senior-Manufacturing-Engineer-NY-11725/1410435333,"Commack, NY, United States",Commack,NY,United States,Not specified,,,,Aerospace,2026-08-26,2026-08-26,https://jobs.enersys.com/search?q=&q2=&alertId=&locationsearch=&title=&date=&location=commack,known_careers_url,4,success
913544b66899,2026-08-26,2cdfe8725858,Bren-Tronics,https://www.bren-tronics.com/,https://jobs.enersys.com/search?createNewAlert=false&q=&locationsearch=&optionsFacetsDD_department=,Territory Sales Representative,https://jobs.enersys.com/job/Anytown-Territory-Sales-Representative-CA-91710/1419964033,"Commack, NY, United States",Commack,NY,United States,Not specified,,,,Aerospace,2026-08-26,2026-08-26,https://jobs.enersys.com/search?createNewAlert=false&q=&locationsearch=&optionsFacetsDD_department=,linked_page,4,success_after_fallback
92117289f977,2026-08-26,2cdfe8725858,Bren-Tronics,https://www.bren-tronics.com/,https://jobs.enersys.com/search?createNewAlert=false&q=&locationsearch=&optionsFacetsDD_department=,Battery Energy Storage System Commercial Strategy Manager,https://jobs.enersys.com/job/Anytown-Battery-Energy-Storage-System-Commercial-Strategy-Manager-NJ-07005/1418899833,"Commack, NY, United States",Commack,NY,United States,Not specified,,,,Aerospace,2026-08-26,2026-08-26,https://jobs.enersys.com/search?createNewAlert=false&q=&locationsearch=&optionsFacetsDD_department=,linked_page,4,success_after_fallback
5f6a6f5debbd,2026-08-26,2cdfe8725858,Bren-Tronics,https://www.bren-tronics.com/,https://jobs.enersys.com/search?createNewAlert=false&q=&locationsearch=&optionsFacetsDD_department=,Technical Sales Representative - Oil & Gas,https://jobs.enersys.com/job/Anytown-Technical-Sales-Representative-Oil-&-Gas-TX-75006/1396244633,"Commack, NY, United States",Commack,NY,United States,Not specified,,,,Aerospace,2026-08-26,2026-08-26,https://jobs.enersys.com/search?createNewAlert=false&q=&locationsearch=&optionsFacetsDD_department=,linked_page,4,success_after_fallback
2ebf5b740bc0,2026-08-26,2cdfe8725858,Bren-Tronics,https://www.bren-tronics.com/,https://jobs.enersys.com/search?createNewAlert=false&q=&locationsearch=&optionsFacetsDD_department=,Project Design Engineering,https://jobs.enersys.com/job/Anytown-Project-Design-Engineering-FL-33805/1419329733,"Commack, NY, United States",Commack,NY,United States,Not specified,,,,Aerospace,2026-08-26,2026-08-26,https://jobs.enersys.com/search?createNewAlert=false&q=&locationsearch=&optionsFacetsDD_department=,linked_page,4,success_after_fallback
3838d66e57aa,2026-08-26,2cdfe8725858,Bren-Tronics,https://www.bren-tronics.com/,https://jobs.enersys.com/search?createNewAlert=false&q=&locationsearch=&optionsFacetsDD_department=,Lab Technician II,https://jobs.enersys.com/job/Pinellas-Park-Lab-Technician-II-FL-33781/1429795333,"Commack, NY, United States",Commack,NY,United States,Not specified,,,,Aerospace,2026-08-26,2026-08-26,https://jobs.enersys.com/search?createNewAlert=false&q=&locationsearch=&optionsFacetsDD_department=,linked_page,4,success_after_fallback
e99b9aba2cc6,2026-08-26,2cdfe8725858,Bren-Tronics,https://www.bren-tronics.com/,https://jobs.enersys.com/search?createNewAlert=false&q=&locationsearch=&optionsFacetsDD_department=,Sales Enablement Manager,https://jobs.enersys.com/job/Mississauga-Sales-Enablement-Manager-ON-L4W-1G7/1429846833,"Commack, NY, United States",Commack,NY,United States,Not specified,,,,Aerospace,2026-08-26,2026-08-26,https://jobs.enersys.com/search?createNewAlert=false&q=&locationsearch=&optionsFacetsDD_department=,linked_page,4,success_after_fallback
f9129078d73d,2026-08-26,2cdfe8725858,Bren-Tronics,https://www.bren-tronics.com/,https://jobs.enersys.com/search?createNewAlert=false&q=&locationsearch=&optionsFacetsDD_department=,Manufacturing Technician,https://jobs.enersys.com/job/Longmont-Manufacturing-Technician-CO-80503/1429808233,"Commack, NY, United States",Commack,NY,United States,Not specified,,,,Aerospace,2026-08-26,2026-08-26,https://jobs.enersys.com/search?createNewAlert=false&q=&locationsearch=&optionsFacetsDD_department=,linked_page,4,success_after_fallback
b4856321001f,2026-08-26,2cdfe8725858,Bren-Tronics,https://www.bren-tronics.com/,https://jobs.enersys.com/search?createNewAlert=false&q=&locationsearch=&optionsFacetsDD_department=,Continuous Improvement Lead - DC,https://jobs.enersys.com/job/Springfield-Continuous-Improvement-Lead-DC-MO-65802/1429432533,"Commack, NY, United States",Commack,NY,United States,Not specified,,,,Aerospace,2026-08-26,2026-08-26,https://jobs.enersys.com/search?createNewAlert=false&q=&locationsearch=&optionsFacetsDD_department=,linked_page,4,success_after_fallback
689fdf4d98ed,2026-08-26,2cdfe8725858,Bren-Tronics,https://www.bren-tronics.com/,https://jobs.enersys.com/search?createNewAlert=false&q=&locationsearch=&optionsFacetsDD_department=,Sales Cloud Product Owner,https://jobs.enersys.com/job/Reading-Sales-Cloud-Product-Owner-PA-19605/1429809633,"Commack, NY, United States",Commack,NY,United States,Not specified,,,,Aerospace,2026-08-26,2026-08-26,https://jobs.enersys.com/search?createNewAlert=false&q=&locationsearch=&optionsFacetsDD_department=,linked_page,4,success_after_fallback
19bd1af969d5,2026-08-26,2cdfe8725858,Bren-Tronics,https://www.bren-tronics.com/,https://jobs.enersys.com/search?createNewAlert=false&q=&locationsearch=&optionsFacetsDD_department=,Project Manager Service II,https://jobs.enersys.com/job/Anytown-Project-Manager-Service-II-CT-06101/1429279333,"Commack, NY, United States",Commack,NY,United States,Not specified,,,,Aerospace,2026-08-26,2026-08-26,https://jobs.enersys.com/search?createNewAlert=false&q=&locationsearch=&optionsFacetsDD_department=,linked_page,4,success_after_fallback
50dfdd2b37f1,2026-08-26,2cdfe8725858,Bren-Tronics,https://www.bren-tronics.com/,https://jobs.enersys.com/search?createNewAlert=false&q=&locationsearch=&optionsFacetsDD_department=,Process Engineering Manager,https://jobs.enersys.com/job/Pinellas-Park-Process-Engineering-Manager-FL-33781/1429306233,"Commack, NY, United States",Commack,NY,United States,Not specified,,,,Aerospace,2026-08-26,2026-08-26,https://jobs.enersys.com/search?createNewAlert=false&q=&locationsearch=&optionsFacetsDD_department=,linked_page,4,success_after_fallback
0c9f998a4225,2026-08-26,2cdfe8725858,Bren-Tronics,https://www.bren-tronics.com/,https://jobs.enersys.com/search?createNewAlert=false&q=&locationsearch=&optionsFacetsDD_department=,Senior Product Engineer,https://jobs.enersys.com/job/Largo-Senior-Product-Engineer-FL-33777/1429312633,"Commack, NY, United States",Commack,NY,United States,Not specified,,,,Aerospace,2026-08-26,2026-08-26,https://jobs.enersys.com/search?createNewAlert=false&q=&locationsearch=&optionsFacetsDD_department=,linked_page,4,success_after_fallback
d0bea58c3409,2026-08-26,2cdfe8725858,Bren-Tronics,https://www.bren-tronics.com/,https://jobs.enersys.com/search?createNewAlert=false&q=&locationsearch=&optionsFacetsDD_department=,Manufacturing Technician Lead,https://jobs.enersys.com/job/Largo-Manufacturing-Technician-Lead-FL-33777/1429312433,"Commack, NY, United States",Commack,NY,United States,Not specified,,,,Aerospace,2026-08-26,2026-08-26,https://jobs.enersys.com/search?createNewAlert=false&q=&locationsearch=&optionsFacetsDD_department=,linked_page,4,success_after_fallback
9a0ed685d213,2026-08-26,2cdfe8725858,Bren-Tronics,https://www.bren-tronics.com/,https://jobs.enersys.com/search?createNewAlert=false&q=&locationsearch=&optionsFacetsDD_department=,Manufacturing Technician III,https://jobs.enersys.com/job/Largo-Manufacturing-Technician-III-FL-33777/1429312033,"Commack, NY, United States",Commack,NY,United States,Not specified,,,,Aerospace,2026-08-26,2026-08-26,https://jobs.enersys.com/search?createNewAlert=false&q=&locationsearch=&optionsFacetsDD_department=,linked_page,4,success_after_fallback
e83dd8a7692b,2026-08-26,2cdfe8725858,Bren-Tronics,https://www.bren-tronics.com/,https://jobs.enersys.com/search?createNewAlert=false&q=&locationsearch=&optionsFacetsDD_department=,Senior Quality Engineer,https://jobs.enersys.com/job/Largo-Senior-Quality-Engineer-FL-33777/1429313433,"Commack, NY, United States",Commack,NY,United States,Not specified,,,,Aerospace,2026-08-26,2026-08-26,https://jobs.enersys.com/search?createNewAlert=false&q=&locationsearch=&optionsFacetsDD_department=,linked_page,4,success_after_fallback
59ea5b31b17b,2026-08-26,2cdfe8725858,Bren-Tronics,https://www.bren-tronics.com/,https://jobs.enersys.com/search?createNewAlert=false&q=&locationsearch=&optionsFacetsDD_department=,Electro-Mechanical Assembler,https://jobs.enersys.com/job/Suwanee-Electro-Mechanical-Assembler-GA-30024/1429369033,"Commack, NY, United States",Commack,NY,United States,Not specified,,,,Aerospace,2026-08-26,2026-08-26,https://jobs.enersys.com/search?createNewAlert=false&q=&locationsearch=&optionsFacetsDD_department=,linked_page,4,success_after_fallback
029fa124e5b7,2026-08-26,2cdfe8725858,Bren-Tronics,https://www.bren-tronics.com/,https://jobs.enersys.com/search?createNewAlert=false&q=&locationsearch=&optionsFacetsDD_department=,"MOVAC Finishing Production Operator, 3rd Shift, 9:45p-6:15a, S-TH",https://jobs.enersys.com/job/Springfield-MOVAC-Finishing-Production-Operator%2C-3rd-Shift%2C-945p-615a%2C-S-TH-MO-65803/1386649133,"Commack, NY, United States",Commack,NY,United States,Not specified,,,,Aerospace,2026-08-26,2026-08-26,https://jobs.enersys.com/search?createNewAlert=false&q=&locationsearch=&optionsFacetsDD_department=,linked_page,4,success_after_fallback
eec4855a6cdd,2026-08-26,d3ecafe64223,Calspan Air Services,https://www.calspanairservices.com/,https://careers2-calspan.icims.com/jobs/2623/customer-service-agent/job,Customer Service Agent,https://careers2-calspan.icims.com/jobs/2623/customer-service-agent/job,"Niagara Falls, NY, US",Niagara Falls,NY,United States,Not specified,,,Operations,Aerospace,2026-08-26,2026-08-26,https://careers2-calspan.icims.com/jobs/2623/customer-service-agent/job,ats_detected,4,success_after_fallback
5ed410882db2,2026-08-26,234e92c8de3f,Calspan Business Park,https://calspan.com/,https://careers-calspan.icims.com/jobs/search,Job Title Mechanical Engineer,https://careers-calspan.icims.com/jobs/2639/mechanical-engineer/job,"Buffalo, NY, United States",Buffalo,NY,United States,Not specified,,,,Aerospace,2026-08-26,2026-08-26,https://careers-calspan.icims.com/jobs/search,known_careers_url,5,success
783458b4282d,2026-08-26,234e92c8de3f,Calspan Business Park,https://calspan.com/,https://careers-calspan.icims.com/jobs/search,Job Title Automotive Service Manager,https://careers-calspan.icims.com/jobs/2640/automotive-service-manager/job,"Buffalo, NY, United States",Buffalo,NY,United States,On-site,,,,Aerospace,2026-08-26,2026-08-26,https://careers-calspan.icims.com/jobs/search,known_careers_url,5,success
d304ffdc4400,2026-08-26,234e92c8de3f,Calspan Business Park,https://calspan.com/,https://careers-calspan.icims.com/jobs/search,Job Title Field Service Technician,https://careers-calspan.icims.com/jobs/2641/field-service-technician/job,"Buffalo, NY, United States",Buffalo,NY,United States,Not specified,,,,Aerospace,2026-08-26,2026-08-26,https://careers-calspan.icims.com/jobs/search,known_careers_url,5,success
ad6536f31d73,2026-08-26,234e92c8de3f,Calspan Business Park,https://calspan.com/,https://careers-calspan.icims.com/jobs/search,"Job Title Director, Finance Systems & Business Processes",https://careers-calspan.icims.com/jobs/2632/director%2c-finance-systems-%26-business-processes/job,"Buffalo, NY, United States",Buffalo,NY,United States,Not specified,,,,Aerospace,2026-08-26,2026-08-26,https://careers-calspan.icims.com/jobs/search,known_careers_url,5,success
f3e5db14218d,2026-08-26,234e92c8de3f,Calspan Business Park,https://calspan.com/,https://careers-calspan.icims.com/jobs/search,Job Title Senior Mechanical Engineer,https://careers-calspan.icims.com/jobs/2636/senior-mechanical-engineer/job,"Buffalo, NY, United States",Buffalo,NY,United States,Not specified,,,,Aerospace,2026-08-26,2026-08-26,https://careers-calspan.icims.com/jobs/search,known_careers_url,5,success
051b998a1f20,2026-08-26,234e92c8de3f,Calspan Business Park,https://calspan.com/,https://careers-calspan.icims.com/jobs/search,Job Title Facilities Technician,https://careers-calspan.icims.com/jobs/2637/facilities-technician/job,"Buffalo, NY, United States",Buffalo,NY,United States,Not specified,,,,Aerospace,2026-08-26,2026-08-26,https://careers-calspan.icims.com/jobs/search,known_careers_url,5,success
748b1d93c203,2026-08-26,234e92c8de3f,Calspan Business Park,https://calspan.com/,https://careers-calspan.icims.com/jobs/search,Job Title Instrumentation Technician,https://careers-calspan.icims.com/jobs/2634/instrumentation-technician/job,"Buffalo, NY, United States",Buffalo,NY,United States,Not specified,,,,Aerospace,2026-08-26,2026-08-26,https://careers-calspan.icims.com/jobs/search,known_careers_url,5,success
5035ff818551,2026-08-26,234e92c8de3f,Calspan Business Park,https://calspan.com/,https://careers-calspan.icims.com/jobs/search,Job Title Systems Administrator,https://careers-calspan.icims.com/jobs/2543/systems-administrator%c2%a0/job,"Buffalo, NY, United States",Buffalo,NY,United States,Not specified,,,,Aerospace,2026-08-26,2026-08-26,https://careers-calspan.icims.com/jobs/search,known_careers_url,5,success
133abdb9a697,2026-08-26,234e92c8de3f,Calspan Business Park,https://calspan.com/,https://careers-calspan.icims.com/jobs/search,Job Title Senior Project Manager,https://careers-calspan.icims.com/jobs/2635/senior-project-manager/job,"Buffalo, NY, United States",Buffalo,NY,United States,Not specified,,,,Aerospace,2026-08-26,2026-08-26,https://careers-calspan.icims.com/jobs/search,known_careers_url,5,success
9661bf1f5929,2026-08-26,234e92c8de3f,Calspan Business Park,https://calspan.com/,https://careers-calspan.icims.com/jobs/search,Job Title Test Technician - TIRE,https://careers-calspan.icims.com/jobs/2604/test-technician---tire/job,"Buffalo, NY, United States",Buffalo,NY,United States,Not specified,,,,Aerospace,2026-08-26,2026-08-26,https://careers-calspan.icims.com/jobs/search,known_careers_url,5,success
0b0a1ff549c7,2026-08-26,234e92c8de3f,Calspan Business Park,https://calspan.com/,https://careers-calspan.icims.com/jobs/search,"Job Title Supervisor, Testing Operations",https://careers-calspan.icims.com/jobs/2606/supervisor%2c-testing-operations/job,"Buffalo, NY, United States",Buffalo,NY,United States,Not specified,,,,Aerospace,2026-08-26,2026-08-26,https://careers-calspan.icims.com/jobs/search,known_careers_url,5,success
00eef30a6ede,2026-08-26,234e92c8de3f,Calspan Business Park,https://calspan.com/,https://careers-calspan.icims.com/jobs/search,Job Title Technician,https://careers-calspan.icims.com/jobs/2631/technician/job,"Buffalo, NY, United States",Buffalo,NY,United States,Not specified,,,,Aerospace,2026-08-26,2026-08-26,https://careers-calspan.icims.com/jobs/search,known_careers_url,5,success
08b20a05908d,2026-08-26,234e92c8de3f,Calspan Business Park,https://calspan.com/,https://careers-calspan.icims.com/jobs/search,Job Title Engineering Technician,https://careers-calspan.icims.com/jobs/2630/engineering-technician/job,"Buffalo, NY, United States",Buffalo,NY,United States,Not specified,,,,Aerospace,2026-08-26,2026-08-26,https://careers-calspan.icims.com/jobs/search,known_careers_url,5,success
5e97562d44e9,2026-08-26,234e92c8de3f,Calspan Business Park,https://calspan.com/,https://careers-calspan.icims.com/jobs/search,Job Title HVAC Technician,https://careers-calspan.icims.com/jobs/2608/hvac-technician/job,"Buffalo, NY, United States",Buffalo,NY,United States,Not specified,,,,Aerospace,2026-08-26,2026-08-26,https://careers-calspan.icims.com/jobs/search,known_careers_url,5,success
8cdf91017e92,2026-08-26,234e92c8de3f,Calspan Business Park,https://calspan.com/,https://careers-calspan.icims.com/jobs/search,Job Title Principal Systems Software Engineer - Jet Engine Test Cells,https://careers-calspan.icims.com/jobs/2500/principal-systems-software-engineer---jet-engine-test-cells/job,"Buffalo, NY, United States",Buffalo,NY,United States,Not specified,,,,Aerospace,2026-08-26,2026-08-26,https://careers-calspan.icims.com/jobs/search,known_careers_url,5,success
bea45761b69f,2026-08-26,234e92c8de3f,Calspan Business Park,https://calspan.com/,https://careers-calspan.icims.com/jobs/search,Job Title Automotive Technician,https://careers-calspan.icims.com/jobs/2603/automotive-technician/job,"Buffalo, NY, United States",Buffalo,NY,United States,Not specified,,,,Aerospace,2026-08-26,2026-08-26,https://careers-calspan.icims.com/jobs/search,known_careers_url,5,success
2e982c46f123,2026-08-26,234e92c8de3f,Calspan Business Park,https://calspan.com/,https://careers-calspan.icims.com/jobs/search,Job Title Mechanical Assembly Technician,https://careers-calspan.icims.com/jobs/2579/mechanical-assembly-technician/job,"Buffalo, NY, United States",Buffalo,NY,United States,Not specified,,,,Aerospace,2026-08-26,2026-08-26,https://careers-calspan.icims.com/jobs/search,known_careers_url,5,success
709092e7d133,2026-08-26,234e92c8de3f,Calspan Business Park,https://calspan.com/,https://careers-calspan.icims.com/jobs/2639/mechanical-engineer/job,Mechanical Engineer,https://careers-calspan.icims.com/jobs/2639/mechanical-engineer/referral,"Buffalo, NY, United States",Buffalo,NY,United States,Not specified,,,,Aerospace,2026-08-26,2026-08-26,https://careers-calspan.icims.com/jobs/2639/mechanical-engineer/job,ats_detected,5,success_after_fallback
74664f9b2848,2026-08-26,234e92c8de3f,Calspan Business Park,https://calspan.com/,https://careers-calspan.icims.com/jobs/2640/automotive-service-manager/job,Automotive Service Manager,https://careers-calspan.icims.com/jobs/2640/automotive-service-manager/referral,"Buffalo, NY, United States",Buffalo,NY,United States,Not specified,,,,Aerospace,2026-08-26,2026-08-26,https://careers-calspan.icims.com/jobs/2640/automotive-service-manager/job,ats_detected,5,success_after_fallback
614d612e4335,2026-08-26,234e92c8de3f,Calspan Business Park,https://calspan.com/,https://careers-calspan.icims.com/jobs/2641/field-service-technician/job,Field Service Technician,https://careers-calspan.icims.com/jobs/2641/field-service-technician/referral,"Buffalo, NY, United States",Buffalo,NY,United States,Not specified,,,,Aerospace,2026-08-26,2026-08-26,https://careers-calspan.icims.com/jobs/2641/field-service-technician/job,ats_detected,5,success_after_fallback
d04be83c3229,2026-08-26,234e92c8de3f,Calspan Business Park,https://calspan.com/,https://careers-calspan.icims.com/jobs/2632/director%2C-finance-systems-%26-business-processes/job,Director%2C Finance Systems %26 Business Processes,https://careers-calspan.icims.com/jobs/2632/director%2C-finance-systems-%26-business-processes/job,"Buffalo, NY, United States",Buffalo,NY,United States,Not specified,,,,Aerospace,2026-08-26,2026-08-26,https://careers-calspan.icims.com/jobs/2632/director%2C-finance-systems-%26-business-processes/job,ats_detected,5,success_after_fallback
94885a6d5d0f,2026-08-26,234e92c8de3f,Calspan Business Park,https://calspan.com/,https://careers-calspan.icims.com/jobs/2632/director%2C-finance-systems-%26-business-processes/job,Director%2C Finance Systems %26 Business Processes,https://careers-calspan.icims.com/jobs/2632/director%2c-finance-systems-%26-business-processes/referral,"Buffalo, NY, United States",Buffalo,NY,United States,Not specified,,,,Aerospace,2026-08-26,2026-08-26,https://careers-calspan.icims.com/jobs/2632/director%2C-finance-systems-%26-business-processes/job,ats_detected,5,success_after_fallback
6fba05999900,2026-08-26,234e92c8de3f,Calspan Business Park,https://calspan.com/,https://careers-calspan.icims.com/jobs/2638/sr.-learjet-aircraft-mechanic/job,Sr. Learjet Aircraft Mechanic,https://careers-calspan.icims.com/jobs/2638/sr.-learjet-aircraft-mechanic/job,"Edwards AFB, CA, US",Edwards AFB,CA,United States,Not specified,,,Operations,Aerospace,2026-08-26,2026-08-26,https://careers-calspan.icims.com/jobs/2638/sr.-learjet-aircraft-mechanic/job,ats_detected,4,success_after_fallback
9772c720762d,2026-08-26,234e92c8de3f,Calspan Business Park,https://calspan.com/,https://careers-calspan.icims.com/jobs/2636/senior-mechanical-engineer/job,Senior Mechanical Engineer,https://careers-calspan.icims.com/jobs/2636/senior-mechanical-engineer/referral,"Buffalo, NY, United States",Buffalo,NY,United States,Not specified,,,,Aerospace,2026-08-26,2026-08-26,https://careers-calspan.icims.com/jobs/2636/senior-mechanical-engineer/job,ats_detected,5,success_after_fallback
f59262ed2a15,2026-08-26,234e92c8de3f,Calspan Business Park,https://calspan.com/,https://careers-calspan.icims.com/jobs/2637/facilities-technician/job,Facilities Technician,https://careers-calspan.icims.com/jobs/2637/facilities-technician/referral,"Buffalo, NY, United States",Buffalo,NY,United States,Not specified,,,,Aerospace,2026-08-26,2026-08-26,https://careers-calspan.icims.com/jobs/2637/facilities-technician/job,ats_detected,5,success_after_fallback
5a9d7f3c6274,2026-08-26,234e92c8de3f,Calspan Business Park,https://calspan.com/,https://careers-calspan.icims.com/jobs/2634/instrumentation-technician/job,Instrumentation Technician,https://careers-calspan.icims.com/jobs/2634/instrumentation-technician/referral,"Buffalo, NY, United States",Buffalo,NY,United States,Not specified,,,,Aerospace,2026-08-26,2026-08-26,https://careers-calspan.icims.com/jobs/2634/instrumentation-technician/job,ats_detected,5,success_after_fallback
74934588b269,2026-08-26,babc8fbe4ec9,Crover,https://www.crover.tech/,https://www.smartrecruiters.com/?utm_source=referral&utm_medium=careerwebsitepage&utm_campaign=careerwebsite&utm_content=none&km_partner=none&km_adgroup=none&utm_term=none&km_matchtype=none,Hiring Managers,https://www.smartrecruiters.com/role/talent-acquisition,"Geneva, NY, United States",Geneva,NY,United States,Not specified,,,,Core Space,2026-08-26,2026-08-26,https://www.smartrecruiters.com/?utm_source=referral&utm_medium=careerwebsitepage&utm_campaign=careerwebsite&utm_content=none&km_partner=none&km_adgroup=none&utm_term=none&km_matchtype=none,ats_detected,4,success_after_fallback
b11bae175a23,2026-08-26,babc8fbe4ec9,Crover,https://www.crover.tech/,https://www.smartrecruiters.com/?utm_source=referral&utm_medium=careerwebsitepage&utm_campaign=careerwebsite&utm_content=none&km_partner=none&km_adgroup=none&utm_term=none&km_matchtype=none,Hiring Managers,https://www.smartrecruiters.com/role/hiring-manager,"Geneva, NY, United States",Geneva,NY,United States,Not specified,,,,Core Space,2026-08-26,2026-08-26,https://www.smartrecruiters.com/?utm_source=referral&utm_medium=careerwebsitepage&utm_campaign=careerwebsite&utm_content=none&km_partner=none&km_adgroup=none&utm_term=none&km_matchtype=none,ats_detected,4,success_after_fallback
8e4c7afd2511,2026-08-26,babc8fbe4ec9,Crover,https://www.crover.tech/,https://www.smartrecruiters.com/?utm_source=referral&utm_medium=careerwebsitepage&utm_campaign=careerwebsite&utm_content=none&km_partner=none&km_adgroup=none&utm_term=none&km_matchtype=none,Hiring Managers,https://www.smartrecruiters.com/role/hr,"Geneva, NY, United States",Geneva,NY,United States,Not specified,,,,Core Space,2026-08-26,2026-08-26,https://www.smartrecruiters.com/?utm_source=referral&utm_medium=careerwebsitepage&utm_campaign=careerwebsite&utm_content=none&km_partner=none&km_adgroup=none&utm_term=none&km_matchtype=none,ats_detected,4,success_after_fallback
e942ee7fb593,2026-08-26,babc8fbe4ec9,Crover,https://www.crover.tech/,https://www.smartrecruiters.com/?utm_source=referral&utm_medium=careerwebsitepage&utm_campaign=careerwebsite&utm_content=none&km_partner=none&km_adgroup=none&utm_term=none&km_matchtype=none,Hiring Managers,https://www.smartrecruiters.com/role/it,"Geneva, NY, United States",Geneva,NY,United States,Not specified,,,,Core Space,2026-08-26,2026-08-26,https://www.smartrecruiters.com/?utm_source=referral&utm_medium=careerwebsitepage&utm_campaign=careerwebsite&utm_content=none&km_partner=none&km_adgroup=none&utm_term=none&km_matchtype=none,ats_detected,4,success_after_fallback
675011ceb6de,2026-08-26,babc8fbe4ec9,Crover,https://www.crover.tech/,https://www.smartrecruiters.com/?utm_source=referral&utm_medium=careerwebsitepage&utm_campaign=careerwebsite&utm_content=none&km_partner=none&km_adgroup=none&utm_term=none&km_matchtype=none,Hiring Managers,https://www.smartrecruiters.com/role/finance,"Geneva, NY, United States",Geneva,NY,United States,Not specified,,,,Core Space,2026-08-26,2026-08-26,https://www.smartrecruiters.com/?utm_source=referral&utm_medium=careerwebsitepage&utm_campaign=careerwebsite&utm_content=none&km_partner=none&km_adgroup=none&utm_term=none&km_matchtype=none,ats_detected,4,success_after_fallback
447dcb8fbda1,2026-08-26,bad1b820268a,Dawn Aerospace,https://www.dawnaerospace.com/,https://job-boards.anz.greenhouse.io/dawnaerospace,"Junior / Intermediate Project Manager – Space Propulsion Delft, South Holland, Netherlands",https://job-boards.anz.greenhouse.io/dawnaerospace/jobs/4000883201,"Delft, South Holland, Netherlands",Delft,South Holland,Netherlands,Not specified,,,,Core Space,2026-08-26,2026-08-26,https://job-boards.anz.greenhouse.io/dawnaerospace,ats_detected,5,success_after_fallback
aeee1a6d6219,2026-08-26,bad1b820268a,Dawn Aerospace,https://www.dawnaerospace.com/,https://job-boards.anz.greenhouse.io/dawnaerospace,"PhD Research Opportunities (University of Canterbury & Dawn Aerospace) Christchurch, Canterbury, New Zealand",https://job-boards.anz.greenhouse.io/dawnaerospace/jobs/4005543201,"Manhattan, NY, United States",Manhattan,NY,United States,Not specified,,,,Core Space,2026-08-26,2026-08-26,https://job-boards.anz.greenhouse.io/dawnaerospace,ats_detected,5,success_after_fallback
c94117e1163d,2026-08-26,bad1b820268a,Dawn Aerospace,https://www.dawnaerospace.com/,https://job-boards.anz.greenhouse.io/dawnaerospace,"Satellite Communications Engineer Delft, South Holland, Netherlands",https://job-boards.anz.greenhouse.io/dawnaerospace/jobs/4001647201,"Delft, South Holland, Netherlands",Delft,South Holland,Netherlands,Not specified,,,,Core Space,2026-08-26,2026-08-26,https://job-boards.anz.greenhouse.io/dawnaerospace,ats_detected,5,success_after_fallback
096dbf50f162,2026-08-26,bad1b820268a,Dawn Aerospace,https://www.dawnaerospace.com/,https://job-boards.anz.greenhouse.io/dawnaerospace,"Satellite RF Hardware & Operations Engineer Delft, South Holland, Netherlands",https://job-boards.anz.greenhouse.io/dawnaerospace/jobs/4000878201,"Delft, South Holland, Netherlands",Delft,South Holland,Netherlands,Not specified,,,,Core Space,2026-08-26,2026-08-26,https://job-boards.anz.greenhouse.io/dawnaerospace,ats_detected,5,success_after_fallback
3e383f0e5d1d,2026-08-26,bad1b820268a,Dawn Aerospace,https://www.dawnaerospace.com/,https://job-boards.anz.greenhouse.io/dawnaerospace,"Senior Production Engineer New Christchurch, Canterbury, New Zealand",https://job-boards.anz.greenhouse.io/dawnaerospace/jobs/4005932201,"Manhattan, NY, United States",Manhattan,NY,United States,Not specified,,,,Core Space,2026-08-26,2026-08-26,https://job-boards.anz.greenhouse.io/dawnaerospace,ats_detected,5,success_after_fallback
303801cd2f81,2026-08-26,bad1b820268a,Dawn Aerospace,https://www.dawnaerospace.com/,https://job-boards.anz.greenhouse.io/dawnaerospace,"Avionics Technician - Spaceplane Christchurch, Canterbury, New Zealand",https://job-boards.anz.greenhouse.io/dawnaerospace/jobs/4005859201,"Manhattan, NY, United States",Manhattan,NY,United States,Not specified,,,,Core Space,2026-08-26,2026-08-26,https://job-boards.anz.greenhouse.io/dawnaerospace,ats_detected,5,success_after_fallback
a59f939d5150,2026-08-26,bad1b820268a,Dawn Aerospace,https://www.dawnaerospace.com/,https://job-boards.anz.greenhouse.io/dawnaerospace,"Aircraft Maintenance Technician Christchurch, Canterbury, New Zealand",https://job-boards.anz.greenhouse.io/dawnaerospace/jobs/4005539201,"Manhattan, NY, United States",Manhattan,NY,United States,Not specified,,,,Core Space,2026-08-26,2026-08-26,https://job-boards.anz.greenhouse.io/dawnaerospace,ats_detected,5,success_after_fallback
6ac4ed7744dc,2026-08-26,bad1b820268a,Dawn Aerospace,https://www.dawnaerospace.com/,https://job-boards.anz.greenhouse.io/dawnaerospace,"Senior Systems Engineer - Spaceplane Christchurch, Canterbury, New Zealand",https://job-boards.anz.greenhouse.io/dawnaerospace/jobs/4005444201,"Manhattan, NY, United States",Manhattan,NY,United States,Not specified,,,,Core Space,2026-08-26,2026-08-26,https://job-boards.anz.greenhouse.io/dawnaerospace,ats_detected,5,success_after_fallback
caa5c227ee77,2026-08-26,bad1b820268a,Dawn Aerospace,https://www.dawnaerospace.com/,https://job-boards.anz.greenhouse.io/dawnaerospace,"Facilities & Workplace Coordinator (Part-Time) Christchurch, Canterbury, New Zealand",https://job-boards.anz.greenhouse.io/dawnaerospace/jobs/4005420201,"Manhattan, NY, United States",Manhattan,NY,United States,Not specified,,,,Core Space,2026-08-26,2026-08-26,https://job-boards.anz.greenhouse.io/dawnaerospace,ats_detected,5,success_after_fallback
ebcafc4dfcbd,2026-08-26,bad1b820268a,Dawn Aerospace,https://www.dawnaerospace.com/,https://job-boards.anz.greenhouse.io/dawnaerospace,"Governance, Risk & Compliance (GRC) Manager New Christchurch, Canterbury, New Zealand",https://job-boards.anz.greenhouse.io/dawnaerospace/jobs/4006031201,"Manhattan, NY, United States",Manhattan,NY,United States,Not specified,,,,Core Space,2026-08-26,2026-08-26,https://job-boards.anz.greenhouse.io/dawnaerospace,ats_detected,5,success_after_fallback
1db33c6f93cb,2026-08-26,bad1b820268a,Dawn Aerospace,https://www.dawnaerospace.com/,https://job-boards.anz.greenhouse.io/dawnaerospace,Head of Defence Sales – Germany Germany,https://job-boards.anz.greenhouse.io/dawnaerospace/jobs/4004923201,"Manhattan, NY, United States",Manhattan,NY,United States,Not specified,,,,Core Space,2026-08-26,2026-08-26,https://job-boards.anz.greenhouse.io/dawnaerospace,ats_detected,5,success_after_fallback
2c974b67f5ad,2026-08-26,ba37ca62f760,echo3D,https://www.echo3d.co/,https://www.echo3d.com/about/careers,Enterprise Sales Executive B2B,https://wellfound.com/jobs/3529921-enterprise-sales-executive-b2b,"Manhattan, NY, United States",Manhattan,NY,United States,Remote,,,,Core Space,2026-08-26,2026-08-26,https://www.echo3d.com/about/careers,known_careers_url,4,success
bb9a4a219de8,2026-08-26,ba37ca62f760,echo3D,https://www.echo3d.co/,https://www.echo3d.com/about/careers,Software Engineer,https://wellfound.com/jobs/1749640-software-engineer,"Manhattan, NY, United States",Manhattan,NY,United States,Remote,,,,Core Space,2026-08-26,2026-08-26,https://www.echo3d.com/about/careers,known_careers_url,4,success
6f8ce2b1166e,2026-08-26,ba37ca62f760,echo3D,https://www.echo3d.co/,https://wellfound.com/jobs/3529921-enterprise-sales-executive-b2b,Manager - Business Development (North America) - full time $90k – $105k,https://wellfound.com/jobs/2282687-manager-business-development-north-america-full-time,"Manhattan, NY, United States",Manhattan,NY,United States,Not specified,,,,Core Space,2026-08-26,2026-08-26,https://wellfound.com/jobs/3529921-enterprise-sales-executive-b2b,linked_page,4,success_after_fallback
7461e070df11,2026-08-26,ba37ca62f760,echo3D,https://www.echo3d.co/,https://wellfound.com/jobs/3529921-enterprise-sales-executive-b2b,Customer Onboarding Specialist - FinTech SaaS $70k – $105k • 0.0% – 0.5%,https://wellfound.com/jobs/3162208-customer-success-specialist-financial-systems,"Manhattan, NY, United States",Manhattan,NY,United States,Not specified,,,,Core Space,2026-08-26,2026-08-26,https://wellfound.com/jobs/3529921-enterprise-sales-executive-b2b,linked_page,4,success_after_fallback
cb8f69105c36,2026-08-26,ba37ca62f760,echo3D,https://www.echo3d.co/,https://wellfound.com/jobs/3529921-enterprise-sales-executive-b2b,Ottehr Urgent Care EHR Sales AE $220k – $300k • 0.0% – 0.5%,https://wellfound.com/jobs/3190120-ottehr-urgent-care-ehr-sales-ae,"Manhattan, NY, United States",Manhattan,NY,United States,Not specified,,,,Core Space,2026-08-26,2026-08-26,https://wellfound.com/jobs/3529921-enterprise-sales-executive-b2b,linked_page,4,success_after_fallback
08e83fa5c237,2026-08-26,ba37ca62f760,echo3D,https://www.echo3d.co/,https://wellfound.com/jobs,Senior Java Developer with Agentic AI,https://wellfound.com/jobs/4634119-senior-java-developer-with-agentic-ai,"Manhattan, NY, United States",Manhattan,NY,United States,On-site,,,,Core Space,2026-08-26,2026-08-26,https://wellfound.com/jobs,linked_page,4,success_after_fallback
5a28b1576672,2026-08-26,ba37ca62f760,echo3D,https://www.echo3d.co/,https://wellfound.com/jobs,Borrower Success Specialist,https://wellfound.com/jobs/4632666-borrower-success-specialist,Remote,,,,Remote,,,,Core Space,2026-08-26,2026-08-26,https://wellfound.com/jobs,linked_page,4,success_after_fallback
96c824e77497,2026-08-26,ba37ca62f760,echo3D,https://www.echo3d.co/,https://wellfound.com/jobs,"Senior Manager, Compliance",https://wellfound.com/jobs/4029601-senior-manager-compliance,"Manhattan, NY, United States",Manhattan,NY,United States,Not specified,,,,Core Space,2026-08-26,2026-08-26,https://wellfound.com/jobs,linked_page,4,success_after_fallback
8bc64f615675,2026-08-26,ba37ca62f760,echo3D,https://www.echo3d.co/,https://wellfound.com/jobs,Email Marketing Manager,https://wellfound.com/jobs/4632613-email-marketing-manager,"Manhattan, NY, United States",Manhattan,NY,United States,Remote,,,,Core Space,2026-08-26,2026-08-26,https://wellfound.com/jobs,linked_page,4,success_after_fallback
409c99c4d225,2026-08-26,ba37ca62f760,echo3D,https://www.echo3d.co/,https://wellfound.com/jobs,"Software Engineer, Robotics & Integration",https://wellfound.com/jobs/4634118-software-engineer-robotics-integration,"Manhattan, NY, United States",Manhattan,NY,United States,On-site,,,,Core Space,2026-08-26,2026-08-26,https://wellfound.com/jobs,linked_page,4,success_after_fallback
1a1e328cb998,2026-08-26,ba37ca62f760,echo3D,https://www.echo3d.co/,https://wellfound.com/jobs,Growth Engineer,https://wellfound.com/jobs/3783398-growth-engineer,"Manhattan, NY, United States",Manhattan,NY,United States,Not specified,,,,Core Space,2026-08-26,2026-08-26,https://wellfound.com/jobs,linked_page,4,success_after_fallback
3167c68876a0,2026-08-26,ba37ca62f760,echo3D,https://www.echo3d.co/,https://wellfound.com/jobs,Software Engineer (Backend-Focused),https://wellfound.com/jobs/4630196-software-engineer-backend-focused,"Manhattan, NY, United States",Manhattan,NY,United States,Remote,,,,Core Space,2026-08-26,2026-08-26,https://wellfound.com/jobs,linked_page,4,success_after_fallback
780f4ba7de60,2026-08-26,ba37ca62f760,echo3D,https://www.echo3d.co/,https://wellfound.com/jobs,Senior Software Engineer,https://wellfound.com/jobs/4630156-senior-software-engineer,Remote,,,,Remote,,,,Core Space,2026-08-26,2026-08-26,https://wellfound.com/jobs,linked_page,4,success_after_fallback
a0a4494d94e9,2026-08-26,ba37ca62f760,echo3D,https://www.echo3d.co/,https://wellfound.com/jobs,Founding AI Engineer,https://wellfound.com/jobs/4435474-founding-ai-engineer,"Manhattan, NY, United States",Manhattan,NY,United States,Remote,,,,Core Space,2026-08-26,2026-08-26,https://wellfound.com/jobs,linked_page,4,success_after_fallback
94b850c000a0,2026-08-26,ba37ca62f760,echo3D,https://www.echo3d.co/,https://wellfound.com/jobs,Product Manager - DearHiringManager.io,https://wellfound.com/jobs/4632606-product-manager-dearhiringmanager-io,"Manhattan, NY, United States",Manhattan,NY,United States,Remote,,,,Core Space,2026-08-26,2026-08-26,https://wellfound.com/jobs,linked_page,4,success_after_fallback
505988b0a56c,2026-08-26,ba37ca62f760,echo3D,https://www.echo3d.co/,https://wellfound.com/jobs,Product Designer/Manager for NewDiscoveries.com,https://wellfound.com/jobs/4632572-product-designer-manager-for-newdiscoveries-com,"Manhattan, NY, United States",Manhattan,NY,United States,Remote,,,,Core Space,2026-08-26,2026-08-26,https://wellfound.com/jobs,linked_page,4,success_after_fallback
20440b39fa3a,2026-08-26,ba37ca62f760,echo3D,https://www.echo3d.co/,https://wellfound.com/jobs,Associate Product Manager,https://wellfound.com/jobs/4630192-associate-product-manager,"Manhattan, NY, United States",Manhattan,NY,United States,Not specified,,,,Core Space,2026-08-26,2026-08-26,https://wellfound.com/jobs,linked_page,4,success_after_fallback
fc78f4d8ad1a,2026-08-26,ba37ca62f760,echo3D,https://www.echo3d.co/,https://wellfound.com/jobs,Principal Product Manager,https://wellfound.com/jobs/4630123-principal-product-manager,"Manhattan, NY, United States",Manhattan,NY,United States,Not specified,,,,Core Space,2026-08-26,2026-08-26,https://wellfound.com/jobs,linked_page,4,success_after_fallback
d84d4ed47271,2026-08-26,ba37ca62f760,echo3D,https://www.echo3d.co/,https://wellfound.com/jobs,Digital Product Lead (1099),https://wellfound.com/jobs/4629970-digital-product-lead-1099,"Manhattan, NY, United States",Manhattan,NY,United States,Remote,,,,Core Space,2026-08-26,2026-08-26,https://wellfound.com/jobs,linked_page,4,success_after_fallback
dd7963404d26,2026-08-26,ba37ca62f760,echo3D,https://www.echo3d.co/,https://wellfound.com/jobs,"Full-Stack Designer (Brand, Marketing & UI)",https://wellfound.com/jobs/4174641-full-stack-designer-brand-marketing-ui,"Manhattan, NY, United States",Manhattan,NY,United States,Remote,,,,Core Space,2026-08-26,2026-08-26,https://wellfound.com/jobs,linked_page,4,success_after_fallback
337188615355,2026-08-26,ba37ca62f760,echo3D,https://www.echo3d.co/,https://wellfound.com/jobs,Mechanical Designer,https://wellfound.com/jobs/4612617-mechanical-designer,"Manhattan, NY, United States",Manhattan,NY,United States,On-site,,,,Core Space,2026-08-26,2026-08-26,https://wellfound.com/jobs,linked_page,4,success_after_fallback
0de6391a5aff,2026-08-26,ba37ca62f760,echo3D,https://www.echo3d.co/,https://wellfound.com/jobs,Web Developer,https://wellfound.com/jobs/4597705-web-developer,"Manhattan, NY, United States",Manhattan,NY,United States,Remote,,,,Core Space,2026-08-26,2026-08-26,https://wellfound.com/jobs,linked_page,4,success_after_fallback
6f5cf5462f85,2026-08-26,ba37ca62f760,echo3D,https://www.echo3d.co/,https://wellfound.com/jobs,Creative Designer,https://wellfound.com/jobs/4584373-creative-designer,"Manhattan, NY, United States",Manhattan,NY,United States,Remote,,,,Core Space,2026-08-26,2026-08-26,https://wellfound.com/jobs,linked_page,4,success_after_fallback
a13ec9ea6447,2026-08-26,ba37ca62f760,echo3D,https://www.echo3d.co/,https://wellfound.com/jobs,Instructional Designer,https://wellfound.com/jobs/4575636-instructional-designer,"Manhattan, NY, United States",Manhattan,NY,United States,Not specified,,,,Core Space,2026-08-26,2026-08-26,https://wellfound.com/jobs,linked_page,4,success_after_fallback
38dd09d6d4e4,2026-08-26,ba37ca62f760,echo3D,https://www.echo3d.co/,https://wellfound.com/jobs,"Data Engineer (Staff, Principal, Lead)",https://wellfound.com/jobs/3994821-2-data-engineer-staff-principal-lead,"Manhattan, NY, United States",Manhattan,NY,United States,On-site,,,,Core Space,2026-08-26,2026-08-26,https://wellfound.com/jobs,linked_page,4,success_after_fallback
09d25e34832e,2026-08-26,ba37ca62f760,echo3D,https://www.echo3d.co/,https://wellfound.com/jobs,Data Engineer for Social Good,https://wellfound.com/jobs/3876240-data-engineer-for-social-good,"Manhattan, NY, United States",Manhattan,NY,United States,Remote,,,,Core Space,2026-08-26,2026-08-26,https://wellfound.com/jobs,linked_page,4,success_after_fallback
0a2761322e63,2026-08-26,ba37ca62f760,echo3D,https://www.echo3d.co/,https://wellfound.com/jobs,Technical Program Manager - Data Engineering,https://wellfound.com/jobs/4617745-technical-program-manager-hands-on,"Manhattan, NY, United States",Manhattan,NY,United States,Remote,,,,Core Space,2026-08-26,2026-08-26,https://wellfound.com/jobs,linked_page,4,success_after_fallback
8c9009a238a6,2026-08-26,ba37ca62f760,echo3D,https://www.echo3d.co/,https://wellfound.com/jobs,Web Scraping Specialist,https://wellfound.com/jobs/2912889-web-scraping-specialist,"Manhattan, NY, United States",Manhattan,NY,United States,Remote,,,,Core Space,2026-08-26,2026-08-26,https://wellfound.com/jobs,linked_page,4,success_after_fallback
a1630175e6ea,2026-08-26,ba37ca62f760,echo3D,https://www.echo3d.co/,https://wellfound.com/jobs,Lead Data Engineer,https://wellfound.com/jobs/4379442-lead-data-engineer,"Manhattan, NY, United States",Manhattan,NY,United States,Remote,,,,Core Space,2026-08-26,2026-08-26,https://wellfound.com/jobs,linked_page,4,success_after_fallback
f592522549c9,2026-08-26,ba37ca62f760,echo3D,https://www.echo3d.co/,https://wellfound.com/jobs,Solutions Architect,https://wellfound.com/jobs/4632670-solutions-architect,"Manhattan, NY, United States",Manhattan,NY,United States,Not specified,,,,Core Space,2026-08-26,2026-08-26,https://wellfound.com/jobs,linked_page,4,success_after_fallback
8bb24751dfdf,2026-08-26,ba37ca62f760,echo3D,https://www.echo3d.co/,https://wellfound.com/jobs,Sporting Event Sales Representative,https://wellfound.com/jobs/4629957-sporting-event-sales-representative,"Manhattan, NY, United States",Manhattan,NY,United States,On-site,,,,Core Space,2026-08-26,2026-08-26,https://wellfound.com/jobs,linked_page,4,success_after_fallback
4937b56a3f55,2026-08-26,ba37ca62f760,echo3D,https://www.echo3d.co/,https://wellfound.com/jobs,Principal Solutions Architect,https://wellfound.com/jobs/4150283-principal-solutions-architect,"Manhattan, NY, United States",Manhattan,NY,United States,Remote,,,,Core Space,2026-08-26,2026-08-26,https://wellfound.com/jobs,linked_page,4,success_after_fallback
2c6653c86be2,2026-08-26,ba37ca62f760,echo3D,https://www.echo3d.co/,https://wellfound.com/jobs,Sales Engineer,https://wellfound.com/jobs/3975876-sales-engineer,"Manhattan, NY, United States",Manhattan,NY,United States,Not specified,,,,Core Space,2026-08-26,2026-08-26,https://wellfound.com/jobs,linked_page,4,success_after_fallback
8e87cd3515e0,2026-08-26,ba37ca62f760,echo3D,https://www.echo3d.co/,https://wellfound.com/jobs,SALES DEVELOPMENT REPRESENTATIVE (SDR),https://wellfound.com/jobs/4617787-sales-development-representative-sdr,"Manhattan, NY, United States",Manhattan,NY,United States,Remote,,,,Core Space,2026-08-26,2026-08-26,https://wellfound.com/jobs,linked_page,4,success_after_fallback
9bb474ac752a,2026-08-26,ba37ca62f760,echo3D,https://www.echo3d.co/,https://wellfound.com/jobs,Founding Marketing Lead,https://wellfound.com/jobs/4627428-founding-marketing-lead,"Manhattan, NY, United States",Manhattan,NY,United States,Remote,,,,Core Space,2026-08-26,2026-08-26,https://wellfound.com/jobs,linked_page,4,success_after_fallback
4bf01dcd7671,2026-08-26,ba37ca62f760,echo3D,https://www.echo3d.co/,https://wellfound.com/jobs,Marketing Lead,https://wellfound.com/jobs/4627137-marketing-lead,"Manhattan, NY, United States",Manhattan,NY,United States,Remote,,,,Core Space,2026-08-26,2026-08-26,https://wellfound.com/jobs,linked_page,4,success_after_fallback
624f7783114f,2026-08-26,ba37ca62f760,echo3D,https://www.echo3d.co/,https://wellfound.com/jobs,"Director, Revenue Strategy & Operations",https://wellfound.com/jobs/4622460-director-revenue-strategy-operations,"Manhattan, NY, United States",Manhattan,NY,United States,Not specified,,,,Core Space,2026-08-26,2026-08-26,https://wellfound.com/jobs,linked_page,4,success_after_fallback
2f3c84d2e1da,2026-08-26,ba37ca62f760,echo3D,https://www.echo3d.co/,https://wellfound.com/jobs,Procurement Group Manager - Astranis Products,https://wellfound.com/jobs/4630114-procurement-group-manager-astranis-products,"Manhattan, NY, United States",Manhattan,NY,United States,Not specified,,,,Core Space,2026-08-26,2026-08-26,https://wellfound.com/jobs,linked_page,4,success_after_fallback
bdd2c92507dc,2026-08-26,ba37ca62f760,echo3D,https://www.echo3d.co/,https://wellfound.com/jobs,Operations Lead,https://wellfound.com/jobs/4629986-operations-lead,"Manhattan, NY, United States",Manhattan,NY,United States,Remote,,,,Core Space,2026-08-26,2026-08-26,https://wellfound.com/jobs,linked_page,4,success_after_fallback
d19301128c00,2026-08-26,ba37ca62f760,echo3D,https://www.echo3d.co/,https://wellfound.com/jobs,"Sr Supply Chain Manager, Power Systems",https://wellfound.com/jobs/4629819-sr-supply-chain-manager-power-systems,"Manhattan, NY, United States",Manhattan,NY,United States,Not specified,,,,Core Space,2026-08-26,2026-08-26,https://wellfound.com/jobs,linked_page,4,success_after_fallback
6e433e6bfdb4,2026-08-26,ba37ca62f760,echo3D,https://www.echo3d.co/,https://wellfound.com/jobs,Store Manager - Lynnwood,https://wellfound.com/jobs/4457969-store-manager-lynnwood,"Manhattan, NY, United States",Manhattan,NY,United States,Not specified,,,,Core Space,2026-08-26,2026-08-26,https://wellfound.com/jobs,linked_page,4,success_after_fallback
b7648671f2f0,2026-08-26,ba37ca62f760,echo3D,https://www.echo3d.co/,https://wellfound.com/jobs,Recruiter (3 Month Term),https://wellfound.com/jobs/4634096-recruiter-3-month-term,"Manhattan, NY, United States",Manhattan,NY,United States,Not specified,,,,Core Space,2026-08-26,2026-08-26,https://wellfound.com/jobs,linked_page,4,success_after_fallback
f548c83953ef,2026-08-26,ba37ca62f760,echo3D,https://www.echo3d.co/,https://wellfound.com/jobs,Technical Recruiter (Fixed Term),https://wellfound.com/jobs/3378164-2-technical-recruiter-fixed-term,"Manhattan, NY, United States",Manhattan,NY,United States,Not specified,,,,Core Space,2026-08-26,2026-08-26,https://wellfound.com/jobs,linked_page,4,success_after_fallback
970c9308545c,2026-08-26,ba37ca62f760,echo3D,https://www.echo3d.co/,https://wellfound.com/jobs,Recruitment Marketplace Manager,https://wellfound.com/jobs/4629919-recruitment-marketplace-manager,"Manhattan, NY, United States",Manhattan,NY,United States,Remote,,,,Core Space,2026-08-26,2026-08-26,https://wellfound.com/jobs,linked_page,4,success_after_fallback
5122a2e87a6c,2026-08-26,ba37ca62f760,echo3D,https://www.echo3d.co/,https://wellfound.com/jobs,Sr. Finance Manager - Deal Desk (Remote),https://wellfound.com/jobs/4629871-sr-finance-manager-deal-desk-remote,"Manhattan, NY, United States",Manhattan,NY,United States,Remote,,,,Core Space,2026-08-26,2026-08-26,https://wellfound.com/jobs,linked_page,4,success_after_fallback
141ba6523480,2026-08-26,ba37ca62f760,echo3D,https://www.echo3d.co/,https://wellfound.com/jobs,Strategic Finance Lead,https://wellfound.com/jobs/4507909-strategic-finance-lead,"Manhattan, NY, United States",Manhattan,NY,United States,Remote,,,,Core Space,2026-08-26,2026-08-26,https://wellfound.com/jobs,linked_page,4,success_after_fallback
4ffe8f08ee16,2026-08-26,ba37ca62f760,echo3D,https://www.echo3d.co/,https://wellfound.com/jobs,Remote Software Engineer Jobs,https://wellfound.com/role/r/software-engineer,"Manhattan, NY, United States",Manhattan,NY,United States,Remote,,,,Core Space,2026-08-26,2026-08-26,https://wellfound.com/jobs,linked_page,3,success_after_fallback
a36be93e0048,2026-08-26,ba37ca62f760,echo3D,https://www.echo3d.co/,https://wellfound.com/jobs,Remote Product Manager Jobs,https://wellfound.com/role/r/product-manager,"Manhattan, NY, United States",Manhattan,NY,United States,Remote,,,,Core Space,2026-08-26,2026-08-26,https://wellfound.com/jobs,linked_page,3,success_after_fallback
864abf04a02f,2026-08-26,ba37ca62f760,echo3D,https://www.echo3d.co/,https://wellfound.com/jobs,Remote Data Analyst Jobs,https://wellfound.com/role/r/data-analyst,"Manhattan, NY, United States",Manhattan,NY,United States,Remote,,,,Core Space,2026-08-26,2026-08-26,https://wellfound.com/jobs,linked_page,3,success_after_fallback
c51db9a7fc56,2026-08-26,ba37ca62f760,echo3D,https://www.echo3d.co/,https://wellfound.com/jobs,Remote Product Designer Jobs,https://wellfound.com/role/r/product-designer,"Manhattan, NY, United States",Manhattan,NY,United States,Remote,,,,Core Space,2026-08-26,2026-08-26,https://wellfound.com/jobs,linked_page,3,success_after_fallback
21aa410252f9,2026-08-26,ba37ca62f760,echo3D,https://www.echo3d.co/,https://wellfound.com/jobs,Remote Graphic Designer Jobs,https://wellfound.com/role/r/graphic-designer,"Manhattan, NY, United States",Manhattan,NY,United States,Remote,,,,Core Space,2026-08-26,2026-08-26,https://wellfound.com/jobs,linked_page,3,success_after_fallback
2fcff47c1465,2026-08-26,ba37ca62f760,echo3D,https://www.echo3d.co/,https://wellfound.com/jobs,Remote UI/UX Designer Jobs,https://wellfound.com/role/r/ui-ux-designer,"Manhattan, NY, United States",Manhattan,NY,United States,Remote,,,,Core Space,2026-08-26,2026-08-26,https://wellfound.com/jobs,linked_page,3,success_after_fallback
5c3a89bd8bc7,2026-08-26,ba37ca62f760,echo3D,https://www.echo3d.co/,https://wellfound.com/jobs,Remote Operations Manager Jobs,https://wellfound.com/role/r/operations-manager,"Manhattan, NY, United States",Manhattan,NY,United States,Remote,,,,Core Space,2026-08-26,2026-08-26,https://wellfound.com/jobs,linked_page,3,success_after_fallback
c33e6e97fc39,2026-08-26,ba37ca62f760,echo3D,https://www.echo3d.co/,https://wellfound.com/jobs,Remote Account Manager Jobs,https://wellfound.com/role/r/account-manager,"Manhattan, NY, United States",Manhattan,NY,United States,Remote,,,,Core Space,2026-08-26,2026-08-26,https://wellfound.com/jobs,linked_page,3,success_after_fallback
5217fcd690d9,2026-08-26,ba37ca62f760,echo3D,https://www.echo3d.co/,https://wellfound.com/jobs,Remote Sales Manager Jobs,https://wellfound.com/role/r/sales-manager,"Manhattan, NY, United States",Manhattan,NY,United States,Remote,,,,Core Space,2026-08-26,2026-08-26,https://wellfound.com/jobs,linked_page,3,success_after_fallback
0b7eb8bfe674,2026-08-26,ba37ca62f760,echo3D,https://www.echo3d.co/,https://wellfound.com/jobs,Remote Financial Analyst Jobs,https://wellfound.com/role/r/financial-analyst,"Manhattan, NY, United States",Manhattan,NY,United States,Remote,,,,Core Space,2026-08-26,2026-08-26,https://wellfound.com/jobs,linked_page,3,success_after_fallback
e9149de421e0,2026-08-26,ba37ca62f760,echo3D,https://www.echo3d.co/,https://wellfound.com/jobs,Remote HR Manager Jobs,https://wellfound.com/role/r/hr-manager,"Manhattan, NY, United States",Manhattan,NY,United States,Remote,,,,Core Space,2026-08-26,2026-08-26,https://wellfound.com/jobs,linked_page,3,success_after_fallback
fd08b401b85c,2026-08-26,ba37ca62f760,echo3D,https://www.echo3d.co/,https://wellfound.com/browse/tech-jobs,Smart contract Developer,https://wellfound.com/role/smart-contract-developer,"Manhattan, NY, United States",Manhattan,NY,United States,Not specified,,,,Core Space,2026-08-26,2026-08-26,https://wellfound.com/browse/tech-jobs,linked_page,3,success_after_fallback
e0d5fc14ea4a,2026-08-26,ba37ca62f760,echo3D,https://www.echo3d.co/,https://wellfound.com/browse/remote-tech-jobs,Smart contract Developer,https://wellfound.com/role/r/smart-contract-developer,"Manhattan, NY, United States",Manhattan,NY,United States,Not specified,,,,Core Space,2026-08-26,2026-08-26,https://wellfound.com/browse/remote-tech-jobs,linked_page,3,success_after_fallback
4c5de7249bf4,2026-08-26,ba37ca62f760,echo3D,https://www.echo3d.co/,https://wellfound.com/jobs/1730080-enterprise-account-executive-usa,Enterprise Account Executive (USA),https://wellfound.com/jobs/1730080-enterprise-account-executive-usa,"New York, New York, United States",New York,NY,United States,Remote,100000,150000,"Artificial Intelligence, Insurance, Risk Management, and Big Data Analytics",Core Space,2026-08-26,2026-08-26,https://wellfound.com/jobs/1730080-enterprise-account-executive-usa,linked_page,3,success_after_fallback
2ae35c6e7a7f,2026-08-26,ba37ca62f760,echo3D,https://www.echo3d.co/,https://wellfound.com/jobs/1730080-enterprise-account-executive-usa,Us Business Development And Operations Support Specialist Retail Robotic Solutions,https://wellfound.com/jobs/3130978-us-business-development-and-operations-support-specialist-retail-robotic-solutions,"Manhattan, NY, United States",Manhattan,NY,United States,Not specified,,,,Core Space,2026-08-26,2026-08-26,https://wellfound.com/jobs/1730080-enterprise-account-executive-usa,linked_page,4,success_after_fallback
3aa393bf69bb,2026-08-26,ba37ca62f760,echo3D,https://www.echo3d.co/,https://wellfound.com/jobs/1959251-enterprise-account-executive,Enterprise Account Executive,https://wellfound.com/jobs/1959251-enterprise-account-executive,"New York, New York, United States",New York,NY,United States,Remote,120000,180000,"Artificial Intelligence, Construction, Predictive Analytics, and Internet of Things",Core Space,2026-08-26,2026-08-26,https://wellfound.com/jobs/1959251-enterprise-account-executive,linked_page,3,success_after_fallback
8dd685d54965,2026-08-26,ba37ca62f760,echo3D,https://www.echo3d.co/,https://wellfound.com/jobs/2282687-manager-business-development-north-america-full-time,Director of Sales $10k – $80k • 1.0% – 5.0%,https://wellfound.com/jobs/3372582-director-of-sales,"Manhattan, NY, United States",Manhattan,NY,United States,Not specified,,,,Core Space,2026-08-26,2026-08-26,https://wellfound.com/jobs/2282687-manager-business-development-north-america-full-time,linked_page,4,success_after_fallback
c0ecb5efb77d,2026-08-26,ba37ca62f760,echo3D,https://www.echo3d.co/,https://wellfound.com/jobs/2282687-manager-business-development-north-america-full-time,Internship Opportunity Community Marketing Ambassador Indian Diaspora Focus,https://wellfound.com/jobs/3517942-internship-opportunity-community-marketing-ambassador-indian-diaspora-focus,"Manhattan, NY, United States",Manhattan,NY,United States,Not specified,,,,Core Space,2026-08-26,2026-08-26,https://wellfound.com/jobs/2282687-manager-business-development-north-america-full-time,linked_page,4,success_after_fallback
9efed8351e3b,2026-08-26,ba37ca62f760,echo3D,https://www.echo3d.co/,https://wellfound.com/jobs/2282687-manager-business-development-north-america-full-time,Sales Executive Closer Smb Technology Services,https://wellfound.com/jobs/3826499-sales-executive-closer-smb-technology-services,"Manhattan, NY, United States",Manhattan,NY,United States,Not specified,,,,Core Space,2026-08-26,2026-08-26,https://wellfound.com/jobs/2282687-manager-business-development-north-america-full-time,linked_page,4,success_after_fallback
315244a8dcbf,2026-08-26,ba37ca62f760,echo3D,https://www.echo3d.co/,https://wellfound.com/jobs/2282687-manager-business-development-north-america-full-time,IBM Sales Manager $60k – $120k,https://wellfound.com/jobs/3827078-ibm-sales-manager,"Manhattan, NY, United States",Manhattan,NY,United States,Not specified,,,,Core Space,2026-08-26,2026-08-26,https://wellfound.com/jobs/2282687-manager-business-development-north-america-full-time,linked_page,4,success_after_fallback
594ee8ebb9f5,2026-08-26,ba37ca62f760,echo3D,https://www.echo3d.co/,https://wellfound.com/jobs/2742334-account-executive,Account Executive,https://wellfound.com/jobs/2742334-account-executive,"New York, New York, United States",New York,NY,United States,Not specified,140000,180000,"Enterprise Software, B2B, Software, Finance Technology, Wealth Management, and Fin Tech",Core Space,2026-08-26,2026-08-26,https://wellfound.com/jobs/2742334-account-executive,linked_page,3,success_after_fallback
93df433add06,2026-08-26,b0d788b8ea7e,ENSCO Avionics,https://www.ensco.com/aerospace/avionics-engineering-certification,https://job-boards.greenhouse.io/ensco,"Assistant Controller Vienna, Virginia, United States",https://job-boards.greenhouse.io/ensco/jobs/5389049008,"Vienna, Virginia, United States",Vienna,VA,United States,Not specified,,,,Aerospace,2026-08-26,2026-08-26,https://job-boards.greenhouse.io/ensco,known_careers_url,5,success
30cd0322985c,2026-08-26,b0d788b8ea7e,ENSCO Avionics,https://www.ensco.com/aerospace/avionics-engineering-certification,https://job-boards.greenhouse.io/ensco,"Avionics Logistics Engineer II Endicott, New York, United States",https://job-boards.greenhouse.io/ensco/jobs/5214130008,"Endicott, New York, United States",Endicott,NY,United States,Not specified,,,,Aerospace,2026-08-26,2026-08-26,https://job-boards.greenhouse.io/ensco,known_careers_url,5,success
18bbfc625340,2026-08-26,b0d788b8ea7e,ENSCO Avionics,https://www.ensco.com/aerospace/avionics-engineering-certification,https://job-boards.greenhouse.io/ensco,"Avionics Software Engineer III Endicott, New York, United States",https://job-boards.greenhouse.io/ensco/jobs/5160122008,"Endicott, New York, United States",Endicott,NY,United States,Not specified,,,,Aerospace,2026-08-26,2026-08-26,https://job-boards.greenhouse.io/ensco,known_careers_url,5,success
d017476ce36f,2026-08-26,b0d788b8ea7e,ENSCO Avionics,https://www.ensco.com/aerospace/avionics-engineering-certification,https://job-boards.greenhouse.io/ensco,"Computer Support Specialist Colorado Springs, Colorado, United States",https://job-boards.greenhouse.io/ensco/jobs/5387813008,"Colorado Springs, Colorado, United States",Colorado Springs,CO,United States,Not specified,,,,Aerospace,2026-08-26,2026-08-26,https://job-boards.greenhouse.io/ensco,known_careers_url,5,success
85bbff793bfc,2026-08-26,b0d788b8ea7e,ENSCO Avionics,https://www.ensco.com/aerospace/avionics-engineering-certification,https://job-boards.greenhouse.io/ensco,"Configuration Management Specialist El Segundo, California, United States",https://job-boards.greenhouse.io/ensco/jobs/5361928008,"El Segundo, California, United States",El Segundo,CA,United States,Not specified,,,,Aerospace,2026-08-26,2026-08-26,https://job-boards.greenhouse.io/ensco,known_careers_url,5,success
78d0b807ba6a,2026-08-26,b0d788b8ea7e,ENSCO Avionics,https://www.ensco.com/aerospace/avionics-engineering-certification,https://job-boards.greenhouse.io/ensco,"Electrical Engineer / Board Designer Endicott, New York, United States",https://job-boards.greenhouse.io/ensco/jobs/5349135008,"Endicott, New York, United States",Endicott,NY,United States,Not specified,,,,Aerospace,2026-08-26,2026-08-26,https://job-boards.greenhouse.io/ensco,known_careers_url,5,success
08b2d8483858,2026-08-26,b0d788b8ea7e,ENSCO Avionics,https://www.ensco.com/aerospace/avionics-engineering-certification,https://job-boards.greenhouse.io/ensco,"Embedded Software Engineer Endicott, New York, United States",https://job-boards.greenhouse.io/ensco/jobs/5349198008,"Endicott, New York, United States",Endicott,NY,United States,Not specified,,,,Aerospace,2026-08-26,2026-08-26,https://job-boards.greenhouse.io/ensco,known_careers_url,5,success
ab3a86522c0f,2026-08-26,b0d788b8ea7e,ENSCO Avionics,https://www.ensco.com/aerospace/avionics-engineering-certification,https://job-boards.greenhouse.io/ensco,"Enterprise Architect Fort Washington, Maryland, United States; Warrenton, Virginia, United States",https://job-boards.greenhouse.io/ensco/jobs/5286837008,"Fort Washington, Maryland, United States; Warrenton, Virginia, United States",Fort Washington,MD,United States,Not specified,,,,Aerospace,2026-08-26,2026-08-26,https://job-boards.greenhouse.io/ensco,known_careers_url,5,success
0cb6758b522a,2026-08-26,b0d788b8ea7e,ENSCO Avionics,https://www.ensco.com/aerospace/avionics-engineering-certification,https://job-boards.greenhouse.io/ensco,"Environmental Health & Safety (EHS) Specialist Pueblo, Colorado, United States",https://job-boards.greenhouse.io/ensco/jobs/5380647008,"Pueblo, Colorado, United States",Pueblo,CO,United States,Not specified,,,,Aerospace,2026-08-26,2026-08-26,https://job-boards.greenhouse.io/ensco,known_careers_url,5,success
44cec47aec75,2026-08-26,b0d788b8ea7e,ENSCO Avionics,https://www.ensco.com/aerospace/avionics-engineering-certification,https://job-boards.greenhouse.io/ensco,"Field Service Engineer Chambersburg, Pennsylvania, United States",https://job-boards.greenhouse.io/ensco/jobs/5268029008,"Chambersburg, Pennsylvania, United States",Chambersburg,PA,United States,Not specified,,,,Aerospace,2026-08-26,2026-08-26,https://job-boards.greenhouse.io/ensco,known_careers_url,5,success
0a8d11a57921,2026-08-26,b0d788b8ea7e,ENSCO Avionics,https://www.ensco.com/aerospace/avionics-engineering-certification,https://job-boards.greenhouse.io/ensco,"FPGA Designer Endicott, New York, United States",https://job-boards.greenhouse.io/ensco/jobs/5349060008,"Endicott, New York, United States",Endicott,NY,United States,Not specified,,,,Aerospace,2026-08-26,2026-08-26,https://job-boards.greenhouse.io/ensco,known_careers_url,5,success
72f3e05bafe1,2026-08-26,b0d788b8ea7e,ENSCO Avionics,https://www.ensco.com/aerospace/avionics-engineering-certification,https://job-boards.greenhouse.io/ensco,"Junior Enterprise Architect Fort Washington, Maryland, United States; Warrenton, Virginia, United States",https://job-boards.greenhouse.io/ensco/jobs/5286847008,"Fort Washington, Maryland, United States; Warrenton, Virginia, United States",Fort Washington,MD,United States,Not specified,,,,Aerospace,2026-08-26,2026-08-26,https://job-boards.greenhouse.io/ensco,known_careers_url,5,success
c0b48621c24a,2026-08-26,b0d788b8ea7e,ENSCO Avionics,https://www.ensco.com/aerospace/avionics-engineering-certification,https://job-boards.greenhouse.io/ensco,"Junior Scientific Data Analyst Melbourne, Florida, United States",https://job-boards.greenhouse.io/ensco/jobs/5354767008,"Melbourne, Florida, United States",Melbourne,FL,United States,Not specified,,,,Aerospace,2026-08-26,2026-08-26,https://job-boards.greenhouse.io/ensco,known_careers_url,5,success
9efbb6b72098,2026-08-26,b0d788b8ea7e,ENSCO Avionics,https://www.ensco.com/aerospace/avionics-engineering-certification,https://job-boards.greenhouse.io/ensco,"Junior Technician Chambersburg, Pennsylvania, United States",https://job-boards.greenhouse.io/ensco/jobs/5238947008,"Chambersburg, Pennsylvania, United States",Chambersburg,PA,United States,Not specified,,,,Aerospace,2026-08-26,2026-08-26,https://job-boards.greenhouse.io/ensco,known_careers_url,5,success
4c926dfe0b51,2026-08-26,b0d788b8ea7e,ENSCO Avionics,https://www.ensco.com/aerospace/avionics-engineering-certification,https://job-boards.greenhouse.io/ensco,"Junior Technician Chambersburg, Pennsylvania, United States",https://job-boards.greenhouse.io/ensco/jobs/5384815008,"Chambersburg, Pennsylvania, United States",Chambersburg,PA,United States,Not specified,,,,Aerospace,2026-08-26,2026-08-26,https://job-boards.greenhouse.io/ensco,known_careers_url,5,success
58f245b6716a,2026-08-26,b0d788b8ea7e,ENSCO Avionics,https://www.ensco.com/aerospace/avionics-engineering-certification,https://job-boards.greenhouse.io/ensco,"Mechanical Engineer Endicott, New York, United States",https://job-boards.greenhouse.io/ensco/jobs/5350248008,"Endicott, New York, United States",Endicott,NY,United States,Not specified,,,,Aerospace,2026-08-26,2026-08-26,https://job-boards.greenhouse.io/ensco,known_careers_url,5,success
b35d401f55fb,2026-08-26,b0d788b8ea7e,ENSCO Avionics,https://www.ensco.com/aerospace/avionics-engineering-certification,https://job-boards.greenhouse.io/ensco,"Operations Planner New Colorado Springs, Colorado, United States",https://job-boards.greenhouse.io/ensco/jobs/5397506008,"Colorado Springs, Colorado, United States",Colorado Springs,CO,United States,Not specified,,,,Aerospace,2026-08-26,2026-08-26,https://job-boards.greenhouse.io/ensco,known_careers_url,5,success
3656344df8eb,2026-08-26,b0d788b8ea7e,ENSCO Avionics,https://www.ensco.com/aerospace/avionics-engineering-certification,https://job-boards.greenhouse.io/ensco,"Scientific Data Analyst Melbourne, Florida, United States",https://job-boards.greenhouse.io/ensco/jobs/5279479008,"Melbourne, Florida, United States",Melbourne,FL,United States,Not specified,,,,Aerospace,2026-08-26,2026-08-26,https://job-boards.greenhouse.io/ensco,known_careers_url,5,success
538838c5bac1,2026-08-26,b0d788b8ea7e,ENSCO Avionics,https://www.ensco.com/aerospace/avionics-engineering-certification,https://job-boards.greenhouse.io/ensco,"Senior Operations Planner New Colorado Springs, Colorado, United States",https://job-boards.greenhouse.io/ensco/jobs/5398007008,"Colorado Springs, Colorado, United States",Colorado Springs,CO,United States,Not specified,,,,Aerospace,2026-08-26,2026-08-26,https://job-boards.greenhouse.io/ensco,known_careers_url,5,success
3b2ad96ac381,2026-08-26,b0d788b8ea7e,ENSCO Avionics,https://www.ensco.com/aerospace/avionics-engineering-certification,https://job-boards.greenhouse.io/ensco,"Senior Program Systems Integration Engineer El Segundo, California, United States",https://job-boards.greenhouse.io/ensco/jobs/5361966008,"El Segundo, California, United States",El Segundo,CA,United States,Not specified,,,,Aerospace,2026-08-26,2026-08-26,https://job-boards.greenhouse.io/ensco,known_careers_url,5,success
170182271eaf,2026-08-26,b0d788b8ea7e,ENSCO Avionics,https://www.ensco.com/aerospace/avionics-engineering-certification,https://job-boards.greenhouse.io/ensco,"Senior Project Analyst New Albuquerque, New Mexico, United States",https://job-boards.greenhouse.io/ensco/jobs/5397554008,"Albuquerque, New Mexico, United States",Albuquerque,NM,United States,Not specified,,,,Aerospace,2026-08-26,2026-08-26,https://job-boards.greenhouse.io/ensco,known_careers_url,5,success
8f52184a68ab,2026-08-26,b0d788b8ea7e,ENSCO Avionics,https://www.ensco.com/aerospace/avionics-engineering-certification,https://job-boards.greenhouse.io/ensco,"Senior Project Analyst - Part-Time New Colorado Springs, Colorado, United States",https://job-boards.greenhouse.io/ensco/jobs/5397543008,"Colorado Springs, Colorado, United States",Colorado Springs,CO,United States,Not specified,,,,Aerospace,2026-08-26,2026-08-26,https://job-boards.greenhouse.io/ensco,known_careers_url,5,success
6ad05658c5e8,2026-08-26,b0d788b8ea7e,ENSCO Avionics,https://www.ensco.com/aerospace/avionics-engineering-certification,https://job-boards.greenhouse.io/ensco,"Senior Project Manager Pueblo, Colorado, United States",https://job-boards.greenhouse.io/ensco/jobs/5384887008,"Pueblo, Colorado, United States",Pueblo,CO,United States,Not specified,,,,Aerospace,2026-08-26,2026-08-26,https://job-boards.greenhouse.io/ensco,known_careers_url,5,success
4e41a2ff7770,2026-08-26,b0d788b8ea7e,ENSCO Avionics,https://www.ensco.com/aerospace/avionics-engineering-certification,https://job-boards.greenhouse.io/ensco,"Senior Software Systems Engineer Endicott, New York, United States",https://job-boards.greenhouse.io/ensco/jobs/5219423008,"Endicott, New York, United States",Endicott,NY,United States,Not specified,,,,Aerospace,2026-08-26,2026-08-26,https://job-boards.greenhouse.io/ensco,known_careers_url,5,success
3c97906008e3,2026-08-26,b0d788b8ea7e,ENSCO Avionics,https://www.ensco.com/aerospace/avionics-engineering-certification,https://job-boards.greenhouse.io/ensco,"Senior Staff Engineer New Colorado Springs, Colorado, United States",https://job-boards.greenhouse.io/ensco/jobs/5398017008,"Colorado Springs, Colorado, United States",Colorado Springs,CO,United States,Not specified,,,,Aerospace,2026-08-26,2026-08-26,https://job-boards.greenhouse.io/ensco,known_careers_url,5,success
1918f48b77bd,2026-08-26,b0d788b8ea7e,ENSCO Avionics,https://www.ensco.com/aerospace/avionics-engineering-certification,https://job-boards.greenhouse.io/ensco,"Senior Staff Engineer New Colorado Springs, Colorado, United States",https://job-boards.greenhouse.io/ensco/jobs/5398157008,"Colorado Springs, Colorado, United States",Colorado Springs,CO,United States,Not specified,,,,Aerospace,2026-08-26,2026-08-26,https://job-boards.greenhouse.io/ensco,known_careers_url,5,success
25fcaeb6db2d,2026-08-26,b0d788b8ea7e,ENSCO Avionics,https://www.ensco.com/aerospace/avionics-engineering-certification,https://job-boards.greenhouse.io/ensco,"Senior Staff Solutions Architect New Colorado Springs, Colorado, United States",https://job-boards.greenhouse.io/ensco/jobs/5397536008,"Colorado Springs, Colorado, United States",Colorado Springs,CO,United States,Not specified,,,,Aerospace,2026-08-26,2026-08-26,https://job-boards.greenhouse.io/ensco,known_careers_url,5,success
59c84a5b209a,2026-08-26,b0d788b8ea7e,ENSCO Avionics,https://www.ensco.com/aerospace/avionics-engineering-certification,https://job-boards.greenhouse.io/ensco,"Senior Sustainment Systems Engineer Colorado Springs, Colorado, United States",https://job-boards.greenhouse.io/ensco/jobs/5231434008,"Colorado Springs, Colorado, United States",Colorado Springs,CO,United States,Not specified,,,,Aerospace,2026-08-26,2026-08-26,https://job-boards.greenhouse.io/ensco,known_careers_url,5,success
d900795cadd4,2026-08-26,b0d788b8ea7e,ENSCO Avionics,https://www.ensco.com/aerospace/avionics-engineering-certification,https://job-boards.greenhouse.io/ensco,"Software Architect Colorado Springs, Colorado, United States",https://job-boards.greenhouse.io/ensco/jobs/5287251008,"Colorado Springs, Colorado, United States",Colorado Springs,CO,United States,Not specified,,,,Aerospace,2026-08-26,2026-08-26,https://job-boards.greenhouse.io/ensco,known_careers_url,5,success
5e21881dd2f0,2026-08-26,b0d788b8ea7e,ENSCO Avionics,https://www.ensco.com/aerospace/avionics-engineering-certification,https://job-boards.greenhouse.io/ensco,"Software Delivery Lead Colorado Springs, Colorado, United States; El Segundo, California, United States",https://job-boards.greenhouse.io/ensco/jobs/5361886008,"Colorado Springs, Colorado, United States; El Segundo, California, United States",Colorado Springs,CO,United States,Not specified,,,,Aerospace,2026-08-26,2026-08-26,https://job-boards.greenhouse.io/ensco,known_careers_url,5,success
4240676814b9,2026-08-26,b0d788b8ea7e,ENSCO Avionics,https://www.ensco.com/aerospace/avionics-engineering-certification,https://job-boards.greenhouse.io/ensco,"Software Developer Colorado Springs, Colorado, United States",https://job-boards.greenhouse.io/ensco/jobs/5287243008,"Colorado Springs, Colorado, United States",Colorado Springs,CO,United States,Not specified,,,,Aerospace,2026-08-26,2026-08-26,https://job-boards.greenhouse.io/ensco,known_careers_url,5,success
2b0fe1affc44,2026-08-26,b0d788b8ea7e,ENSCO Avionics,https://www.ensco.com/aerospace/avionics-engineering-certification,https://job-boards.greenhouse.io/ensco,"Software Developer Melbourne, Florida, United States",https://job-boards.greenhouse.io/ensco/jobs/5384918008,"Melbourne, Florida, United States",Melbourne,FL,United States,Not specified,,,,Aerospace,2026-08-26,2026-08-26,https://job-boards.greenhouse.io/ensco,known_careers_url,5,success
49d8eb860e09,2026-08-26,b0d788b8ea7e,ENSCO Avionics,https://www.ensco.com/aerospace/avionics-engineering-certification,https://job-boards.greenhouse.io/ensco,"Software Verification Engineer Endicott, New York, United States",https://job-boards.greenhouse.io/ensco/jobs/5078558008,"Endicott, New York, United States",Endicott,NY,United States,Not specified,,,,Aerospace,2026-08-26,2026-08-26,https://job-boards.greenhouse.io/ensco,known_careers_url,5,success
093154c2f256,2026-08-26,b0d788b8ea7e,ENSCO Avionics,https://www.ensco.com/aerospace/avionics-engineering-certification,https://job-boards.greenhouse.io/ensco,"Strategic MBSE Requirements & ICD Lead El Segundo, California, United States",https://job-boards.greenhouse.io/ensco/jobs/5362002008,"El Segundo, California, United States",El Segundo,CA,United States,Not specified,,,,Aerospace,2026-08-26,2026-08-26,https://job-boards.greenhouse.io/ensco,known_careers_url,5,success
3226c8c5d001,2026-08-26,b0d788b8ea7e,ENSCO Avionics,https://www.ensco.com/aerospace/avionics-engineering-certification,https://job-boards.greenhouse.io/ensco,"Strategic Requirements Systems Engineer El Segundo, California, United States",https://job-boards.greenhouse.io/ensco/jobs/5361950008,"El Segundo, California, United States",El Segundo,CA,United States,Not specified,,,,Aerospace,2026-08-26,2026-08-26,https://job-boards.greenhouse.io/ensco,known_careers_url,5,success
9fb03e5525ff,2026-08-26,b0d788b8ea7e,ENSCO Avionics,https://www.ensco.com/aerospace/avionics-engineering-certification,https://job-boards.greenhouse.io/ensco,"Sustainment Test & Evaluation Engineer Colorado Springs, Colorado, United States",https://job-boards.greenhouse.io/ensco/jobs/5264672008,"Colorado Springs, Colorado, United States",Colorado Springs,CO,United States,Not specified,,,,Aerospace,2026-08-26,2026-08-26,https://job-boards.greenhouse.io/ensco,known_careers_url,5,success
342d87ca1ac3,2026-08-26,b0d788b8ea7e,ENSCO Avionics,https://www.ensco.com/aerospace/avionics-engineering-certification,https://job-boards.greenhouse.io/ensco,"Systems Engineer - Mission Integration & Capability Delivery New Albuquerque, New Mexico, United States",https://job-boards.greenhouse.io/ensco/jobs/5397561008,"Albuquerque, New Mexico, United States",Albuquerque,NM,United States,Not specified,,,,Aerospace,2026-08-26,2026-08-26,https://job-boards.greenhouse.io/ensco,known_careers_url,5,success
2c2ccd6e7de4,2026-08-26,b0d788b8ea7e,ENSCO Avionics,https://www.ensco.com/aerospace/avionics-engineering-certification,https://job-boards.greenhouse.io/ensco,"Technical Director New Albuquerque, New Mexico, United States",https://job-boards.greenhouse.io/ensco/jobs/5398092008,"Albuquerque, New Mexico, United States",Albuquerque,NM,United States,Not specified,,,,Aerospace,2026-08-26,2026-08-26,https://job-boards.greenhouse.io/ensco,known_careers_url,5,success
a4c98a01b483,2026-08-26,b0d788b8ea7e,ENSCO Avionics,https://www.ensco.com/aerospace/avionics-engineering-certification,https://job-boards.greenhouse.io/ensco,"Test Engineer New Colorado Springs, Colorado, United States",https://job-boards.greenhouse.io/ensco/jobs/5398123008,"Colorado Springs, Colorado, United States",Colorado Springs,CO,United States,Not specified,,,,Aerospace,2026-08-26,2026-08-26,https://job-boards.greenhouse.io/ensco,known_careers_url,5,success
10176d1dcf90,2026-08-26,b0d788b8ea7e,ENSCO Avionics,https://www.ensco.com/aerospace/avionics-engineering-certification,https://job-boards.greenhouse.io/ensco,"Test Equipment Engineer Endicott, New York, United States",https://job-boards.greenhouse.io/ensco/jobs/5285597008,"Endicott, New York, United States",Endicott,NY,United States,Not specified,,,,Aerospace,2026-08-26,2026-08-26,https://job-boards.greenhouse.io/ensco,known_careers_url,5,success
22f87ce948f3,2026-08-26,5e6b2d8a10cd,Flexim Americas,https://www.flexim.com/us,https://joinhandshake.com/early-talent-awards/2026/emerson,Associate Technical Training Instructor,https://app.joinhandshake.com/public/jobs/11098979,"Pittsburgh, Pennsylvania, US; Pittsburgh, Pennsylvania, US",Pittsburgh,PA,United States,Not specified,70000,80000,,Aerospace,2026-08-26,2026-08-26,https://joinhandshake.com/early-talent-awards/2026/emerson,linked_page,4,success_after_fallback
0f0ed6339532,2026-08-26,5e6b2d8a10cd,Flexim Americas,https://www.flexim.com/us,https://joinhandshake.com/early-talent-awards/2026/emerson,Inside Sales Engineer,https://app.joinhandshake.com/public/jobs/11293597,"Boulder, Colorado, US",Boulder,CO,United States,Not specified,70000,74000,,Aerospace,2026-08-26,2026-08-26,https://joinhandshake.com/early-talent-awards/2026/emerson,linked_page,4,success_after_fallback
c0c8f2a6a7fd,2026-08-26,5e6b2d8a10cd,Flexim Americas,https://www.flexim.com/us,https://joinhandshake.com/early-talent-awards/2026/emerson,Manufacturing Engineer,https://app.joinhandshake.com/public/jobs/11289884,"Minneapolis, Minnesota, US",Minneapolis,MN,United States,Not specified,70000,74000,,Aerospace,2026-08-26,2026-08-26,https://joinhandshake.com/early-talent-awards/2026/emerson,linked_page,4,success_after_fallback
97706cc9a709,2026-08-26,5e6b2d8a10cd,Flexim Americas,https://www.flexim.com/us,https://joinhandshake.com/early-talent-awards/2026/emerson,Quality Engineer,https://app.joinhandshake.com/public/jobs/11235277,"Ash Flat, Arkansas, US",Ash Flat,AR,United States,Not specified,,,,Aerospace,2026-08-26,2026-08-26,https://joinhandshake.com/early-talent-awards/2026/emerson,linked_page,4,success_after_fallback
328a99811208,2026-08-26,5e6b2d8a10cd,Flexim Americas,https://www.flexim.com/us,https://joinhandshake.com/early-talent-awards/2026/emerson,Sales and Applications Engineer,https://app.joinhandshake.com/public/jobs/11235358,"Marshalltown, Iowa, US",Marshalltown,IA,United States,Not specified,,,,Aerospace,2026-08-26,2026-08-26,https://joinhandshake.com/early-talent-awards/2026/emerson,linked_page,4,success_after_fallback
a03670b01cb0,2026-08-26,5e6b2d8a10cd,Flexim Americas,https://www.flexim.com/us,https://joinhandshake.com/students/whos-hiring,(#R000157700) Analytics & Insights Advanced Analytics Manager at Procter & Gamble (P&G),https://app.joinhandshake.com/public/jobs/11347056,"Brentwood, NY, United States",Brentwood,NY,United States,Not specified,,,,Aerospace,2026-08-26,2026-08-26,https://joinhandshake.com/students/whos-hiring,linked_page,4,success_after_fallback
ecdda8aeef7a,2026-08-26,5e6b2d8a10cd,Flexim Americas,https://www.flexim.com/us,https://joinhandshake.com/students/whos-hiring,"Content And Social Media Coordinator at 3-D Bail Bonds, Inc",https://app.joinhandshake.com/public/jobs/11347034,"Brentwood, NY, United States",Brentwood,NY,United States,Not specified,,,,Aerospace,2026-08-26,2026-08-26,https://joinhandshake.com/students/whos-hiring,linked_page,4,success_after_fallback
be586e75f21a,2026-08-26,5e6b2d8a10cd,Flexim Americas,https://www.flexim.com/us,https://joinhandshake.com/students/whos-hiring,"Civil Engineering/Construction Testing Technician at CGC, Inc.",https://app.joinhandshake.com/public/jobs/11346975,"Brentwood, NY, United States",Brentwood,NY,United States,Not specified,,,,Aerospace,2026-08-26,2026-08-26,https://joinhandshake.com/students/whos-hiring,linked_page,4,success_after_fallback
fb296e22343e,2026-08-26,5e6b2d8a10cd,Flexim Americas,https://www.flexim.com/us,https://joinhandshake.com/students/whos-hiring,"Civil Engineering Intern, Wastewater Design - Land Development, Summer 2027 at Bohler",https://app.joinhandshake.com/public/jobs/11346938,"Brentwood, NY, United States",Brentwood,NY,United States,Not specified,,,,Aerospace,2026-08-26,2026-08-26,https://joinhandshake.com/students/whos-hiring,linked_page,4,success_after_fallback
e9117749ae0a,2026-08-26,5e6b2d8a10cd,Flexim Americas,https://www.flexim.com/us,https://joinhandshake.com/students/whos-hiring,2027 Finance Summer Analyst Program at Morgan Stanley,https://app.joinhandshake.com/public/jobs/11346922,"Brentwood, NY, United States",Brentwood,NY,United States,Not specified,,,,Aerospace,2026-08-26,2026-08-26,https://joinhandshake.com/students/whos-hiring,linked_page,4,success_after_fallback
96a705210d86,2026-08-26,5e6b2d8a10cd,Flexim Americas,https://www.flexim.com/us,https://joinhandshake.com/students/whos-hiring,Human Resources Specialist (NAF) NF-04 at Army Civilian Careers,https://app.joinhandshake.com/public/jobs/11347047,"Brentwood, NY, United States",Brentwood,NY,United States,Not specified,,,,Aerospace,2026-08-26,2026-08-26,https://joinhandshake.com/students/whos-hiring,linked_page,4,success_after_fallback
c1cd848367fa,2026-08-26,5e6b2d8a10cd,Flexim Americas,https://www.flexim.com/us,https://joinhandshake.com/students/whos-hiring,"Sales Management Program - Kansas City at Buckeye International, Inc.",https://app.joinhandshake.com/public/jobs/11347062,"Brentwood, NY, United States",Brentwood,NY,United States,Not specified,,,,Aerospace,2026-08-26,2026-08-26,https://joinhandshake.com/students/whos-hiring,linked_page,4,success_after_fallback
bd48fc543a63,2026-08-26,9c006685bfd8,General Dynamics,https://www.gdit.com/,https://www.gdit.com/careers/areas-of-expertise,Corporate Operations,https://www.gdit.com/careers/featured-career-paths/corporate-operations,"Rensselaer, NY, United States",Rensselaer,NY,United States,Not specified,,,,Core Space,2026-08-26,2026-08-26,https://www.gdit.com/careers/areas-of-expertise,linked_page,3,success_after_fallback
8cc96cd7ca2c,2026-08-26,22f272cffdda,GI Aerospace,https://www.giaerospace.com/,https://www.gicorp.com/careers/opportunities,Procurement and Sales Coordinator,https://www.gicorp.com/careers/engineering/311-procurement-sales-coordinator,"Kochi, Kerala, India",Kochi,Kerala,India,Not specified,,,,Aerospace,2026-08-26,2026-08-26,https://www.gicorp.com/careers/opportunities,known_careers_url,4,success
73d48c20870d,2026-08-26,22f272cffdda,GI Aerospace,https://www.giaerospace.com/,https://www.gicorp.com/careers/opportunities,Procurement and Sales Coordinator,https://www.gicorp.com/careers/engineering/312-procurement-sales-coordinator,"Dubai, United Arab Emirates",Dubai,,United Arab Emirates,Not specified,,,,Aerospace,2026-08-26,2026-08-26,https://www.gicorp.com/careers/opportunities,known_careers_url,4,success
6980f4a1dae3,2026-08-26,22f272cffdda,GI Aerospace,https://www.giaerospace.com/,https://www.gicorp.com/careers/opportunities,CNC Swiss Lathe Operator - Air Conditioned Facility,https://www.gicorp.com/careers/corp/740-cnc-lathe-machinist,"Houston, TX, United States",Houston,TX,United States,Not specified,,,,Aerospace,2026-08-26,2026-08-26,https://www.gicorp.com/careers/opportunities,known_careers_url,4,success
16834486b237,2026-08-26,22f272cffdda,GI Aerospace,https://www.giaerospace.com/,https://www.gicorp.com/careers/opportunities,Warehouse Associate / Packer,https://www.gicorp.com/careers/pacificsystems/902-warehouse-associate,"Houston, TX, United States",Houston,TX,United States,Not specified,,,,Aerospace,2026-08-26,2026-08-26,https://www.gicorp.com/careers/opportunities,known_careers_url,4,success
e1334ec3197a,2026-08-26,22f272cffdda,GI Aerospace,https://www.giaerospace.com/,https://www.gicorp.com/careers/opportunities,DoD Contractor - Military Packaging Associate,https://www.gicorp.com/careers/pacificsystems/901-packaging-administrator,"Houston, TX, United States",Houston,TX,United States,Not specified,,,,Aerospace,2026-08-26,2026-08-26,https://www.gicorp.com/careers/opportunities,known_careers_url,4,success
cf76937925a1,2026-08-26,22f272cffdda,GI Aerospace,https://www.giaerospace.com/,https://www.gicorp.com/careers/opportunities,Full-Stack Developer - Python & Javascript,https://www.gicorp.com/careers/corp/731-full-stack-developer,"Kochi, Kerala, India",Kochi,Kerala,India,Not specified,,,,Aerospace,2026-08-26,2026-08-26,https://www.gicorp.com/careers/opportunities,known_careers_url,4,success
6c8504dad2fd,2026-08-26,22f272cffdda,GI Aerospace,https://www.giaerospace.com/,https://www.gicorp.com/careers/opportunities,Python Developer - Django,https://www.gicorp.com/careers/corp/732-python-developer-django,"Kochi, Kerala, India",Kochi,Kerala,India,Not specified,,,,Aerospace,2026-08-26,2026-08-26,https://www.gicorp.com/careers/opportunities,known_careers_url,4,success
1e0fd893ba57,2026-08-26,22f272cffdda,GI Aerospace,https://www.giaerospace.com/,https://www.gicorp.com/careers/opportunities,UI / UX Designer,https://www.gicorp.com/careers/consulting/706-ui-ux-designer,"Kochi, Kerala, India",Kochi,Kerala,India,Not specified,,,,Aerospace,2026-08-26,2026-08-26,https://www.gicorp.com/careers/opportunities,known_careers_url,4,success
40ffeb81575d,2026-08-26,22f272cffdda,GI Aerospace,https://www.giaerospace.com/,https://www.gicorp.com/careers/opportunities,Creative Designer - Web and Print,https://www.gicorp.com/careers/corp/734-creative-designer,"Kochi, Kerala, India",Kochi,Kerala,India,Not specified,,,,Aerospace,2026-08-26,2026-08-26,https://www.gicorp.com/careers/opportunities,known_careers_url,4,success
1255dd6cfdd8,2026-08-26,22f272cffdda,GI Aerospace,https://www.giaerospace.com/,https://www.gicorp.com/careers/opportunities,Windows System Administrator,https://www.gicorp.com/careers/corp/738-windows-system-administrator,"Kochi, Kerala, India",Kochi,Kerala,India,Not specified,,,,Aerospace,2026-08-26,2026-08-26,https://www.gicorp.com/careers/opportunities,known_careers_url,4,success
fff41ec9a9cb,2026-08-26,22f272cffdda,GI Aerospace,https://www.giaerospace.com/,https://www.gicorp.com/careers/opportunities,EU Operations & Sales Manager,https://www.gicorp.com/careers/europe/501-eu-operations-sales-manager,"Rotterdam, Netherlands",Rotterdam,,Netherlands,Not specified,,,,Aerospace,2026-08-26,2026-08-26,https://www.gicorp.com/careers/opportunities,known_careers_url,4,success
0c572d500ee6,2026-08-26,22f272cffdda,GI Aerospace,https://www.giaerospace.com/,https://www.gicorp.com/careers/opportunities,Aircraft Assembly Tools - Sales,https://www.gicorp.com/careers/wescon/405-aircraft-assembly-tools-sales,"Houston, TX, United States",Houston,TX,United States,Not specified,,,,Aerospace,2026-08-26,2026-08-26,https://www.gicorp.com/careers/opportunities,known_careers_url,4,success
3f5004c79f36,2026-08-26,22f272cffdda,GI Aerospace,https://www.giaerospace.com/,https://www.gicorp.com/careers/opportunities,Sales Engineer - Electrical,https://www.gicorp.com/careers/engineering/315-sales-engineer-elecrical,"Kochi, Kerala, India",Kochi,Kerala,India,Not specified,,,,Aerospace,2026-08-26,2026-08-26,https://www.gicorp.com/careers/opportunities,known_careers_url,4,success
c9b04257d48a,2026-08-26,22f272cffdda,GI Aerospace,https://www.giaerospace.com/,https://www.gicorp.com/careers/opportunities,Power Transformers (132kV and above) Testing & Commissioning Engineer,https://www.gicorp.com/careers/engineering/307-Transformer-Testing-Commissioning-Engineer,"Dubai, United Arab Emirates",Dubai,,United Arab Emirates,Not specified,,,,Aerospace,2026-08-26,2026-08-26,https://www.gicorp.com/careers/opportunities,known_careers_url,4,success
9dd297bf7d6b,2026-08-26,22f272cffdda,GI Aerospace,https://www.giaerospace.com/,https://www.gicorp.com/careers/opportunities,Aviation Tools Sales Manager - Europe,https://www.gicorp.com/careers/wescon/403-aviation-tools-sales-manager-europe,"United Kingdom, European Union",,,United Kingdom,Not specified,,,,Aerospace,2026-08-26,2026-08-26,https://www.gicorp.com/careers/opportunities,known_careers_url,4,success
348a3cd2baa2,2026-08-26,22f272cffdda,GI Aerospace,https://www.giaerospace.com/,https://www.gicorp.com/careers/opportunities,Aviation Tools Sales Manager - United States,https://www.gicorp.com/careers/wescon/401-aviation-tools-sales-manager-united-states,"Houston, TX, United States",Houston,TX,United States,Not specified,,,,Aerospace,2026-08-26,2026-08-26,https://www.gicorp.com/careers/opportunities,known_careers_url,4,success
44617c16a82a,2026-08-26,22f272cffdda,GI Aerospace,https://www.giaerospace.com/,https://www.gicorp.com/careers/corp/742-cnc-swiss-lathe-programmer,CNC Swiss Lathe Programmer - Air Conditioned Facility,https://www.gicorp.com/careers/corp/742-cnc-swiss-lathe-programmer,"Austin, TX, United States, Austin, TX, United States, US",Austin,TX,United States,Not specified,,,,Aerospace,2026-08-26,2026-08-26,https://www.gicorp.com/careers/corp/742-cnc-swiss-lathe-programmer,linked_page,3,success_after_fallback
7b7751014110,2026-08-26,22f272cffdda,GI Aerospace,https://www.giaerospace.com/,https://www.gicorp.com/careers/corp/742-cnc-swiss-lathe-programmer,"Read, interpret, and work from complex blueprints and engineering drawings.",https://www.gicorp.com/careers/corp/apply,"Queens, NY, United States",Queens,NY,United States,Not specified,,,,Aerospace,2026-08-26,2026-08-26,https://www.gicorp.com/careers/corp/742-cnc-swiss-lathe-programmer,linked_page,3,success_after_fallback
9548940e9a5e,2026-08-26,22f272cffdda,GI Aerospace,https://www.giaerospace.com/,https://www.gicorp.com/careers/corp/741-cnc-swiss-lathe-programmer,CNC Mill Programmer - Air Conditioned Facility,https://www.gicorp.com/careers/corp/741-cnc-swiss-lathe-programmer,"Houston, TX, United States, Houston, TX, United States, US",Houston,TX,United States,Not specified,,,,Aerospace,2026-08-26,2026-08-26,https://www.gicorp.com/careers/corp/741-cnc-swiss-lathe-programmer,linked_page,3,success_after_fallback
557fb95a533a,2026-08-26,22f272cffdda,GI Aerospace,https://www.giaerospace.com/,https://www.gicorp.com/careers/corp/743-cnc-mill-programmer,CNC Mill Programmer - Air Conditioned Facility,https://www.gicorp.com/careers/corp/743-cnc-mill-programmer,"Houston, TX, United States, Houston, TX, United States, US",Houston,TX,United States,Not specified,,,,Aerospace,2026-08-26,2026-08-26,https://www.gicorp.com/careers/corp/743-cnc-mill-programmer,linked_page,3,success_after_fallback
35021aeedbd6,2026-08-26,22f272cffdda,GI Aerospace,https://www.giaerospace.com/,https://www.gicorp.com/careers/pacificsystems/902-warehouse-associate,Warehouse Associate / Packer,https://www.gicorp.com/careers/pacificsystems/apply,"Queens, NY, United States",Queens,NY,United States,Not specified,,,,Aerospace,2026-08-26,2026-08-26,https://www.gicorp.com/careers/pacificsystems/902-warehouse-associate,linked_page,3,success_after_fallback
f927ea9ed269,2026-08-26,9aece7086b18,Huntington Ingalls Industries,https://hii.com/,https://careers.huntingtoningalls.com/search?q=&locationsearch=Pascagoula%2C+MS&sortColumn=referencedate&sortDirection=desc&searchby=location&d=10,SUPPLIER QUALITY ANALYST 2,https://careers.huntingtoningalls.com/job/Pascagoula-SUPPLIER-QUALITY-ANALYST-2-Miss/1408303400,"Syracuse, NY, United States",Syracuse,NY,United States,Not specified,,,,Space & Defense,2026-08-26,2026-08-26,https://careers.huntingtoningalls.com/search?q=&locationsearch=Pascagoula%2C+MS&sortColumn=referencedate&sortDirection=desc&searchby=location&d=10,known_careers_url,4,success
d43371dfda9d,2026-08-26,9aece7086b18,Huntington Ingalls Industries,https://hii.com/,https://careers.huntingtoningalls.com/search?q=&locationsearch=Pascagoula%2C+MS&sortColumn=referencedate&sortDirection=desc&searchby=location&d=10,MGR ENGINEERING 2,https://careers.huntingtoningalls.com/job/Pascagoula-MGR-ENGINEERING-2-Miss/1422378100,"Syracuse, NY, United States",Syracuse,NY,United States,Not specified,,,,Space & Defense,2026-08-26,2026-08-26,https://careers.huntingtoningalls.com/search?q=&locationsearch=Pascagoula%2C+MS&sortColumn=referencedate&sortDirection=desc&searchby=location&d=10,known_careers_url,4,success
68cdec937567,2026-08-26,9aece7086b18,Huntington Ingalls Industries,https://hii.com/,https://careers.huntingtoningalls.com/search?q=&locationsearch=Pascagoula%2C+MS&sortColumn=referencedate&sortDirection=desc&searchby=location&d=10,MGR DESIGN ENGINEERING 2,https://careers.huntingtoningalls.com/job/Pascagoula-MGR-DESIGN-ENGINEERING-2-Miss/1422342700,"Syracuse, NY, United States",Syracuse,NY,United States,Not specified,,,,Space & Defense,2026-08-26,2026-08-26,https://careers.huntingtoningalls.com/search?q=&locationsearch=Pascagoula%2C+MS&sortColumn=referencedate&sortDirection=desc&searchby=location&d=10,known_careers_url,4,success
02d8a65d359d,2026-08-26,9aece7086b18,Huntington Ingalls Industries,https://hii.com/,https://careers.huntingtoningalls.com/search?q=&locationsearch=Pascagoula%2C+MS&sortColumn=referencedate&sortDirection=desc&searchby=location&d=10,ENGINEER INDUSTRIAL 1,https://careers.huntingtoningalls.com/job/Pascagoula-ENGINEER-INDUSTRIAL-1-Miss/1393730200,"Syracuse, NY, United States",Syracuse,NY,United States,Not specified,,,,Space & Defense,2026-08-26,2026-08-26,https://careers.huntingtoningalls.com/search?q=&locationsearch=Pascagoula%2C+MS&sortColumn=referencedate&sortDirection=desc&searchby=location&d=10,known_careers_url,4,success
90b9f5aefac9,2026-08-26,9aece7086b18,Huntington Ingalls Industries,https://hii.com/,https://careers.huntingtoningalls.com/search?q=&locationsearch=Pascagoula%2C+MS&sortColumn=referencedate&sortDirection=desc&searchby=location&d=10,DATA CENTER SERVICES LEAD,https://careers.huntingtoningalls.com/job/Pascagoula-DATA-CENTER-SERVICES-LEAD-Miss/1420005000,"Syracuse, NY, United States",Syracuse,NY,United States,Not specified,,,,Space & Defense,2026-08-26,2026-08-26,https://careers.huntingtoningalls.com/search?q=&locationsearch=Pascagoula%2C+MS&sortColumn=referencedate&sortDirection=desc&searchby=location&d=10,known_careers_url,4,success
80196bec59ef,2026-08-26,9aece7086b18,Huntington Ingalls Industries,https://hii.com/,https://careers.huntingtoningalls.com/search?q=&locationsearch=Pascagoula%2C+MS&sortColumn=referencedate&sortDirection=desc&searchby=location&d=10,DATA DEVELOPMENT TECHNICIAN 3,https://careers.huntingtoningalls.com/job/Pascagoula-DATA-DEVELOPMENT-TECHNICIAN-3-Miss/1415393400,"Syracuse, NY, United States",Syracuse,NY,United States,Not specified,,,,Space & Defense,2026-08-26,2026-08-26,https://careers.huntingtoningalls.com/search?q=&locationsearch=Pascagoula%2C+MS&sortColumn=referencedate&sortDirection=desc&searchby=location&d=10,known_careers_url,4,success
db3bcf8f3cbe,2026-08-26,64d9022f568a,ITT Enidine,https://www.enidine.com/en-US/Home,https://careersenus-itt-inc.icims.com/jobs/search?ss=1&searchRelation=keyword_all,Title Strategic Account Manager,https://careersenus-itt-inc.icims.com/jobs/17482/strategic-account-manager/job,"Orchard Park, NY, United States",Orchard Park,NY,United States,Not specified,,,,Space & Defense,2026-08-26,2026-08-26,https://careersenus-itt-inc.icims.com/jobs/search?ss=1&searchRelation=keyword_all,ats_detected,5,success_after_fallback
6b7ccf955678,2026-08-26,64d9022f568a,ITT Enidine,https://www.enidine.com/en-US/Home,https://careersenus-itt-inc.icims.com/jobs/search?ss=1&searchRelation=keyword_all,Title Contract Administrator III,https://careersenus-itt-inc.icims.com/jobs/17448/contract-administrator-iii/job,"Orchard Park, NY, United States",Orchard Park,NY,United States,Not specified,,,,Space & Defense,2026-08-26,2026-08-26,https://careersenus-itt-inc.icims.com/jobs/search?ss=1&searchRelation=keyword_all,ats_detected,5,success_after_fallback
3cce101171ce,2026-08-26,64d9022f568a,ITT Enidine,https://www.enidine.com/en-US/Home,https://careersenus-itt-inc.icims.com/jobs/search?ss=1&searchRelation=keyword_all,Title Sr. Field Applications Engineer,https://careersenus-itt-inc.icims.com/jobs/17441/sr.-field-applications-engineer/job,"Orchard Park, NY, United States",Orchard Park,NY,United States,Remote,,,,Space & Defense,2026-08-26,2026-08-26,https://careersenus-itt-inc.icims.com/jobs/search?ss=1&searchRelation=keyword_all,ats_detected,5,success_after_fallback
a3750caf4a45,2026-08-26,64d9022f568a,ITT Enidine,https://www.enidine.com/en-US/Home,https://careersenus-itt-inc.icims.com/jobs/search?ss=1&searchRelation=keyword_all,Title Warehousing Specialist,https://careersenus-itt-inc.icims.com/jobs/17424/warehousing-specialist/job,"Orchard Park, NY, United States",Orchard Park,NY,United States,Not specified,,,,Space & Defense,2026-08-26,2026-08-26,https://careersenus-itt-inc.icims.com/jobs/search?ss=1&searchRelation=keyword_all,ats_detected,5,success_after_fallback
ee5582f5829b,2026-08-26,64d9022f568a,ITT Enidine,https://www.enidine.com/en-US/Home,https://careersenus-itt-inc.icims.com/jobs/search?ss=1&searchRelation=keyword_all,"Title Manager, Strategic Accounts",https://careersenus-itt-inc.icims.com/jobs/17423/manager%2c-strategic-accounts/job,"Orchard Park, NY, United States",Orchard Park,NY,United States,Not specified,,,,Space & Defense,2026-08-26,2026-08-26,https://careersenus-itt-inc.icims.com/jobs/search?ss=1&searchRelation=keyword_all,ats_detected,5,success_after_fallback
b379dabea4f7,2026-08-26,64d9022f568a,ITT Enidine,https://www.enidine.com/en-US/Home,https://careersenus-itt-inc.icims.com/jobs/search?ss=1&searchRelation=keyword_all,Title Assembly Operator,https://careersenus-itt-inc.icims.com/jobs/17418/assembly-operator/job,"Orchard Park, NY, United States",Orchard Park,NY,United States,Not specified,,,,Space & Defense,2026-08-26,2026-08-26,https://careersenus-itt-inc.icims.com/jobs/search?ss=1&searchRelation=keyword_all,ats_detected,5,success_after_fallback
700397537e4b,2026-08-26,64d9022f568a,ITT Enidine,https://www.enidine.com/en-US/Home,https://careersenus-itt-inc.icims.com/jobs/search?ss=1&searchRelation=keyword_all,Title Customer Service Specialist-Aftermarket,https://careersenus-itt-inc.icims.com/jobs/17371/customer-service-specialist-aftermarket/job,"Orchard Park, NY, United States",Orchard Park,NY,United States,Not specified,,,,Space & Defense,2026-08-26,2026-08-26,https://careersenus-itt-inc.icims.com/jobs/search?ss=1&searchRelation=keyword_all,ats_detected,5,success_after_fallback
d792a797892c,2026-08-26,64d9022f568a,ITT Enidine,https://www.enidine.com/en-US/Home,https://careersenus-itt-inc.icims.com/jobs/search?ss=1&searchRelation=keyword_all,Title Treasury Operations Manager,https://careersenus-itt-inc.icims.com/jobs/17360/treasury-operations-manager/job,"Orchard Park, NY, United States",Orchard Park,NY,United States,Not specified,,,,Space & Defense,2026-08-26,2026-08-26,https://careersenus-itt-inc.icims.com/jobs/search?ss=1&searchRelation=keyword_all,ats_detected,5,success_after_fallback
3cb6aecaf9f4,2026-08-26,64d9022f568a,ITT Enidine,https://www.enidine.com/en-US/Home,https://careersenus-itt-inc.icims.com/jobs/search?ss=1&searchRelation=keyword_all,Title Calibration/Test Technician,https://careersenus-itt-inc.icims.com/jobs/17355/calibration-test-technician/job,"Orchard Park, NY, United States",Orchard Park,NY,United States,Not specified,,,,Space & Defense,2026-08-26,2026-08-26,https://careersenus-itt-inc.icims.com/jobs/search?ss=1&searchRelation=keyword_all,ats_detected,5,success_after_fallback
080e0443530c,2026-08-26,64d9022f568a,ITT Enidine,https://www.enidine.com/en-US/Home,https://careersenus-itt-inc.icims.com/jobs/search?ss=1&searchRelation=keyword_all,Title Inside Sales Representative,https://careersenus-itt-inc.icims.com/jobs/17348/inside-sales-representative/job,"Orchard Park, NY, United States",Orchard Park,NY,United States,Not specified,,,,Space & Defense,2026-08-26,2026-08-26,https://careersenus-itt-inc.icims.com/jobs/search?ss=1&searchRelation=keyword_all,ats_detected,5,success_after_fallback
c5dad4092d45,2026-08-26,64d9022f568a,ITT Enidine,https://www.enidine.com/en-US/Home,https://careersenus-itt-inc.icims.com/jobs/search?ss=1&searchRelation=keyword_all,Title Service Technician,https://careersenus-itt-inc.icims.com/jobs/17345/service-technician/job,"Orchard Park, NY, United States",Orchard Park,NY,United States,Not specified,,,,Space & Defense,2026-08-26,2026-08-26,https://careersenus-itt-inc.icims.com/jobs/search?ss=1&searchRelation=keyword_all,ats_detected,5,success_after_fallback
98d131eeb602,2026-08-26,64d9022f568a,ITT Enidine,https://www.enidine.com/en-US/Home,https://careersenus-itt-inc.icims.com/jobs/search?ss=1&searchRelation=keyword_all,Title Senior Human Resources Manager,https://careersenus-itt-inc.icims.com/jobs/17344/senior-human-resources-manager/job,"Orchard Park, NY, United States",Orchard Park,NY,United States,Not specified,,,,Space & Defense,2026-08-26,2026-08-26,https://careersenus-itt-inc.icims.com/jobs/search?ss=1&searchRelation=keyword_all,ats_detected,5,success_after_fallback
6668c5dabc75,2026-08-26,64d9022f568a,ITT Enidine,https://www.enidine.com/en-US/Home,https://careersenus-itt-inc.icims.com/jobs/search?ss=1&searchRelation=keyword_all,Title Senior Product Design Engineer,https://careersenus-itt-inc.icims.com/jobs/17335/senior-product-design-engineer/job,"Orchard Park, NY, United States",Orchard Park,NY,United States,Not specified,,,,Space & Defense,2026-08-26,2026-08-26,https://careersenus-itt-inc.icims.com/jobs/search?ss=1&searchRelation=keyword_all,ats_detected,5,success_after_fallback
cf7ef49b8ba2,2026-08-26,64d9022f568a,ITT Enidine,https://www.enidine.com/en-US/Home,https://careersenus-itt-inc.icims.com/jobs/search?ss=1&searchRelation=keyword_all,Title Assembly Operator,https://careersenus-itt-inc.icims.com/jobs/17331/assembly-operator/job,"Orchard Park, NY, United States",Orchard Park,NY,United States,Not specified,,,,Space & Defense,2026-08-26,2026-08-26,https://careersenus-itt-inc.icims.com/jobs/search?ss=1&searchRelation=keyword_all,ats_detected,5,success_after_fallback
306b03c9a2df,2026-08-26,64d9022f568a,ITT Enidine,https://www.enidine.com/en-US/Home,https://careersenus-itt-inc.icims.com/jobs/search?ss=1&searchRelation=keyword_all,Title Maintenance Technician II,https://careersenus-itt-inc.icims.com/jobs/17286/maintenance-technician-ii/job,"Orchard Park, NY, United States",Orchard Park,NY,United States,Not specified,,,,Space & Defense,2026-08-26,2026-08-26,https://careersenus-itt-inc.icims.com/jobs/search?ss=1&searchRelation=keyword_all,ats_detected,5,success_after_fallback
d8a0e084f566,2026-08-26,64d9022f568a,ITT Enidine,https://www.enidine.com/en-US/Home,https://careersenus-itt-inc.icims.com/jobs/search?ss=1&searchRelation=keyword_all,Title R & D Test Technician,https://careersenus-itt-inc.icims.com/jobs/17271/r-%26-d-test-technician/job,"Orchard Park, NY, United States",Orchard Park,NY,United States,Not specified,,,,Space & Defense,2026-08-26,2026-08-26,https://careersenus-itt-inc.icims.com/jobs/search?ss=1&searchRelation=keyword_all,ats_detected,5,success_after_fallback
5c57e2dd2d6c,2026-08-26,64d9022f568a,ITT Enidine,https://www.enidine.com/en-US/Home,https://careersenus-itt-inc.icims.com/jobs/search?ss=1&searchRelation=keyword_all,Title Global Sourcing Manager,https://careersenus-itt-inc.icims.com/jobs/17268/global-sourcing-manager/job,"Orchard Park, NY, United States",Orchard Park,NY,United States,Not specified,,,,Space & Defense,2026-08-26,2026-08-26,https://careersenus-itt-inc.icims.com/jobs/search?ss=1&searchRelation=keyword_all,ats_detected,5,success_after_fallback
f00c424bfb2e,2026-08-26,64d9022f568a,ITT Enidine,https://www.enidine.com/en-US/Home,https://careersenus-itt-inc.icims.com/jobs/search?ss=1&searchRelation=keyword_all,Title Product Design Engineer,https://careersenus-itt-inc.icims.com/jobs/17267/product-design-engineer/job,"Orchard Park, NY, United States",Orchard Park,NY,United States,Not specified,,,,Space & Defense,2026-08-26,2026-08-26,https://careersenus-itt-inc.icims.com/jobs/search?ss=1&searchRelation=keyword_all,ats_detected,5,success_after_fallback
01c9853dad8d,2026-08-26,64d9022f568a,ITT Enidine,https://www.enidine.com/en-US/Home,https://careersenus-itt-inc.icims.com/jobs/search?ss=1&searchRelation=keyword_all,Title Product Design Engineer,https://careersenus-itt-inc.icims.com/jobs/17260/product-design-engineer/job,"Orchard Park, NY, United States",Orchard Park,NY,United States,Not specified,,,,Space & Defense,2026-08-26,2026-08-26,https://careersenus-itt-inc.icims.com/jobs/search?ss=1&searchRelation=keyword_all,ats_detected,5,success_after_fallback
6d8ff3c0a265,2026-08-26,64d9022f568a,ITT Enidine,https://www.enidine.com/en-US/Home,https://careersenus-itt-inc.icims.com/jobs/search?ss=1&searchRelation=keyword_all,Title Quality Control Specialist,https://careersenus-itt-inc.icims.com/jobs/17252/quality-control-specialist/job,"Orchard Park, NY, United States",Orchard Park,NY,United States,Not specified,,,,Space & Defense,2026-08-26,2026-08-26,https://careersenus-itt-inc.icims.com/jobs/search?ss=1&searchRelation=keyword_all,ats_detected,5,success_after_fallback
8eac2dfcec39,2026-08-26,64d9022f568a,ITT Enidine,https://www.enidine.com/en-US/Home,https://careersenus-itt-inc.icims.com/jobs/search?ss=1&searchRelation=keyword_all,Title Office Support Specialist,https://careersenus-itt-inc.icims.com/jobs/17249/office-support-specialist/job,"Orchard Park, NY, United States",Orchard Park,NY,United States,Not specified,,,,Space & Defense,2026-08-26,2026-08-26,https://careersenus-itt-inc.icims.com/jobs/search?ss=1&searchRelation=keyword_all,ats_detected,5,success_after_fallback
62dcc8d48312,2026-08-26,64d9022f568a,ITT Enidine,https://www.enidine.com/en-US/Home,https://careersenus-itt-inc.icims.com/jobs/search?ss=1&searchRelation=keyword_all,Title Manufacturing Engineer,https://careersenus-itt-inc.icims.com/jobs/17232/manufacturing-engineer/job,"Orchard Park, NY, United States",Orchard Park,NY,United States,Not specified,,,,Space & Defense,2026-08-26,2026-08-26,https://careersenus-itt-inc.icims.com/jobs/search?ss=1&searchRelation=keyword_all,ats_detected,5,success_after_fallback
cc03e6efd913,2026-08-26,64d9022f568a,ITT Enidine,https://www.enidine.com/en-US/Home,https://careersenus-itt-inc.icims.com/jobs/search?ss=1&searchRelation=keyword_all,Title Manufacturing Engineer,https://careersenus-itt-inc.icims.com/jobs/17231/manufacturing-engineer/job,"Orchard Park, NY, United States",Orchard Park,NY,United States,Not specified,,,,Space & Defense,2026-08-26,2026-08-26,https://careersenus-itt-inc.icims.com/jobs/search?ss=1&searchRelation=keyword_all,ats_detected,5,success_after_fallback
7741e73b0d6f,2026-08-26,64d9022f568a,ITT Enidine,https://www.enidine.com/en-US/Home,https://careersenus-itt-inc.icims.com/jobs/search?ss=1&searchRelation=keyword_all,Title Product Design Engineer,https://careersenus-itt-inc.icims.com/jobs/17227/product-design-engineer/job,"Orchard Park, NY, United States",Orchard Park,NY,United States,Not specified,,,,Space & Defense,2026-08-26,2026-08-26,https://careersenus-itt-inc.icims.com/jobs/search?ss=1&searchRelation=keyword_all,ats_detected,5,success_after_fallback
f32c465883ac,2026-08-26,64d9022f568a,ITT Enidine,https://www.enidine.com/en-US/Home,https://careersenus-itt-inc.icims.com/jobs/search?ss=1&searchRelation=keyword_all,Title Product Design Engineer,https://careersenus-itt-inc.icims.com/jobs/17225/product-design-engineer/job,"Orchard Park, NY, United States",Orchard Park,NY,United States,Not specified,,,,Space & Defense,2026-08-26,2026-08-26,https://careersenus-itt-inc.icims.com/jobs/search?ss=1&searchRelation=keyword_all,ats_detected,5,success_after_fallback
e04dbf7473e9,2026-08-26,64d9022f568a,ITT Enidine,https://www.enidine.com/en-US/Home,https://careersenus-itt-inc.icims.com/jobs/search?ss=1&searchRelation=keyword_all,Title Product Assurance Analyst,https://careersenus-itt-inc.icims.com/jobs/17200/product-assurance-analyst/job,"Orchard Park, NY, United States",Orchard Park,NY,United States,Not specified,,,,Space & Defense,2026-08-26,2026-08-26,https://careersenus-itt-inc.icims.com/jobs/search?ss=1&searchRelation=keyword_all,ats_detected,5,success_after_fallback
2a74a7e96b95,2026-08-26,64d9022f568a,ITT Enidine,https://www.enidine.com/en-US/Home,https://careersenus-itt-inc.icims.com/jobs/search?ss=1&searchRelation=keyword_all,Title Technical Sales Lead,https://careersenus-itt-inc.icims.com/jobs/17199/technical-sales-lead/job,"Orchard Park, NY, United States",Orchard Park,NY,United States,Remote,,,,Space & Defense,2026-08-26,2026-08-26,https://careersenus-itt-inc.icims.com/jobs/search?ss=1&searchRelation=keyword_all,ats_detected,5,success_after_fallback
6a5714ad6a2d,2026-08-26,64d9022f568a,ITT Enidine,https://www.enidine.com/en-US/Home,https://careersenus-itt-inc.icims.com/jobs/search?ss=1&searchRelation=keyword_all,Title Technical Sales Support Representative,https://careersenus-itt-inc.icims.com/jobs/17197/technical-sales-support-representative/job,"Orchard Park, NY, United States",Orchard Park,NY,United States,Not specified,,,,Space & Defense,2026-08-26,2026-08-26,https://careersenus-itt-inc.icims.com/jobs/search?ss=1&searchRelation=keyword_all,ats_detected,5,success_after_fallback
cdf877a8ad1a,2026-08-26,64d9022f568a,ITT Enidine,https://www.enidine.com/en-US/Home,https://careersenus-itt-inc.icims.com/jobs/search?ss=1&searchRelation=keyword_all,"Title Director, Platform Services",https://careersenus-itt-inc.icims.com/jobs/17194/director%2c-platform-services/job,"Orchard Park, NY, United States",Orchard Park,NY,United States,Hybrid,,,,Space & Defense,2026-08-26,2026-08-26,https://careersenus-itt-inc.icims.com/jobs/search?ss=1&searchRelation=keyword_all,ats_detected,5,success_after_fallback
d1dc059cf203,2026-08-26,64d9022f568a,ITT Enidine,https://www.enidine.com/en-US/Home,https://careersenus-itt-inc.icims.com/jobs/search?ss=1&searchRelation=keyword_all,Title Project Manager,https://careersenus-itt-inc.icims.com/jobs/17179/project-manager/job,"Orchard Park, NY, United States",Orchard Park,NY,United States,Not specified,,,,Space & Defense,2026-08-26,2026-08-26,https://careersenus-itt-inc.icims.com/jobs/search?ss=1&searchRelation=keyword_all,ats_detected,5,success_after_fallback
cf62009d57a7,2026-08-26,64d9022f568a,ITT Enidine,https://www.enidine.com/en-US/Home,https://careersenus-itt-inc.icims.com/jobs/search?ss=1&searchRelation=keyword_all,"Title Manager, Manufacturing Engineering",https://careersenus-itt-inc.icims.com/jobs/17167/manager%2c-manufacturing-engineering/job,"Orchard Park, NY, United States",Orchard Park,NY,United States,Not specified,,,,Space & Defense,2026-08-26,2026-08-26,https://careersenus-itt-inc.icims.com/jobs/search?ss=1&searchRelation=keyword_all,ats_detected,5,success_after_fallback
d1dde5cb9155,2026-08-26,64d9022f568a,ITT Enidine,https://www.enidine.com/en-US/Home,https://careersenus-itt-inc.icims.com/jobs/search?ss=1&searchRelation=keyword_all,Title Quality Engineer (Elastomer/PTFE),https://careersenus-itt-inc.icims.com/jobs/17154/quality-engineer-%28elastomer-ptfe%29/job,"Orchard Park, NY, United States",Orchard Park,NY,United States,Not specified,,,,Space & Defense,2026-08-26,2026-08-26,https://careersenus-itt-inc.icims.com/jobs/search?ss=1&searchRelation=keyword_all,ats_detected,5,success_after_fallback
2b47cf8b5696,2026-08-26,64d9022f568a,ITT Enidine,https://www.enidine.com/en-US/Home,https://careersenus-itt-inc.icims.com/jobs/search?ss=1&searchRelation=keyword_all,Title Operations Scheduler,https://careersenus-itt-inc.icims.com/jobs/17153/operations-scheduler/job,"Orchard Park, NY, United States",Orchard Park,NY,United States,Not specified,,,,Space & Defense,2026-08-26,2026-08-26,https://careersenus-itt-inc.icims.com/jobs/search?ss=1&searchRelation=keyword_all,ats_detected,5,success_after_fallback
ff116143ad75,2026-08-26,64d9022f568a,ITT Enidine,https://www.enidine.com/en-US/Home,https://careersenus-itt-inc.icims.com/jobs/search?ss=1&searchRelation=keyword_all,Title Operations Scheduler,https://careersenus-itt-inc.icims.com/jobs/17152/operations-scheduler/job,"Orchard Park, NY, United States",Orchard Park,NY,United States,Not specified,,,,Space & Defense,2026-08-26,2026-08-26,https://careersenus-itt-inc.icims.com/jobs/search?ss=1&searchRelation=keyword_all,ats_detected,5,success_after_fallback
1e57e5c179a6,2026-08-26,64d9022f568a,ITT Enidine,https://www.enidine.com/en-US/Home,https://careersenus-itt-inc.icims.com/jobs/search?ss=1&searchRelation=keyword_all,Title HR Manager,https://careersenus-itt-inc.icims.com/jobs/17147/hr-manager/job,"Orchard Park, NY, United States",Orchard Park,NY,United States,Not specified,,,,Space & Defense,2026-08-26,2026-08-26,https://careersenus-itt-inc.icims.com/jobs/search?ss=1&searchRelation=keyword_all,ats_detected,5,success_after_fallback
2c5aa67114a5,2026-08-26,64d9022f568a,ITT Enidine,https://www.enidine.com/en-US/Home,https://careersenus-itt-inc.icims.com/jobs/search?ss=1&searchRelation=keyword_all,Title Product Design Engineer II,https://careersenus-itt-inc.icims.com/jobs/17132/product-design-engineer-ii/job,"Orchard Park, NY, United States",Orchard Park,NY,United States,Not specified,,,,Space & Defense,2026-08-26,2026-08-26,https://careersenus-itt-inc.icims.com/jobs/search?ss=1&searchRelation=keyword_all,ats_detected,5,success_after_fallback
f0fe6e9b42f2,2026-08-26,64d9022f568a,ITT Enidine,https://www.enidine.com/en-US/Home,https://careersenus-itt-inc.icims.com/jobs/search?ss=1&searchRelation=keyword_all,Title Product Design Engineer,https://careersenus-itt-inc.icims.com/jobs/17122/product-design-engineer/job,"Orchard Park, NY, United States",Orchard Park,NY,United States,Not specified,,,,Space & Defense,2026-08-26,2026-08-26,https://careersenus-itt-inc.icims.com/jobs/search?ss=1&searchRelation=keyword_all,ats_detected,5,success_after_fallback
f3178d2fac08,2026-08-26,64d9022f568a,ITT Enidine,https://www.enidine.com/en-US/Home,https://careersger-itt-inc.icims.com/jobs/search?ss=1&searchRelation=keyword_all,Titel Technical Business Development Manager Connectors for Defense & Aerospace – Eastern Europe,https://careersger-itt-inc.icims.com/jobs/17258/technical-business-development-manager-connectors-for-defense-%26-aerospace-%e2%80%93-eastern-europe/job,"Orchard Park, NY, United States",Orchard Park,NY,United States,Remote,,,,Space & Defense,2026-08-26,2026-08-26,https://careersger-itt-inc.icims.com/jobs/search?ss=1&searchRelation=keyword_all,ats_detected,5,success_after_fallback
9f6ea6672698,2026-08-26,64d9022f568a,ITT Enidine,https://www.enidine.com/en-US/Home,https://careersger-itt-inc.icims.com/jobs/search?ss=1&searchRelation=keyword_all,Titel Technical Business Development Manager Connectors for Defense & Aerospace - DACH,https://careersger-itt-inc.icims.com/jobs/17257/technical-business-development-manager-connectors-for-defense-%26-aerospace---dach/job,"Orchard Park, NY, United States",Orchard Park,NY,United States,Remote,,,,Space & Defense,2026-08-26,2026-08-26,https://careersger-itt-inc.icims.com/jobs/search?ss=1&searchRelation=keyword_all,ats_detected,5,success_after_fallback
1d4ca1a899ef,2026-08-26,64d9022f568a,ITT Enidine,https://www.enidine.com/en-US/Home,https://careersger-itt-inc.icims.com/jobs/search?ss=1&searchRelation=keyword_all,Titel Manager Production Hygienic,https://careersger-itt-inc.icims.com/jobs/17151/manager-production-hygienic/job,"Orchard Park, NY, United States",Orchard Park,NY,United States,Not specified,,,,Space & Defense,2026-08-26,2026-08-26,https://careersger-itt-inc.icims.com/jobs/search?ss=1&searchRelation=keyword_all,ats_detected,5,success_after_fallback
a3ded9c96d44,2026-08-26,64d9022f568a,ITT Enidine,https://www.enidine.com/en-US/Home,https://careersger-itt-inc.icims.com/jobs/search?ss=1&searchRelation=keyword_all,Distribution Sales Manager %7C Central Europe,https://careersger-itt-inc.icims.com/jobs/16894/distribution-sales-manager-%7c-central-europe/job,"Orchard Park, NY, United States",Orchard Park,NY,United States,Remote,,,,Space & Defense,2026-08-26,2026-08-26,https://careersger-itt-inc.icims.com/jobs/search?ss=1&searchRelation=keyword_all,ats_detected,5,success_after_fallback
94fe2296fb92,2026-08-26,64d9022f568a,ITT Enidine,https://www.enidine.com/en-US/Home,https://careersger-itt-inc.icims.com/jobs/search?ss=1&searchRelation=keyword_all,Titel Product Manager Automotive After Market & Racing,https://careersger-itt-inc.icims.com/jobs/15454/product-manager-automotive-after-market-%26-racing/job,"Orchard Park, NY, United States",Orchard Park,NY,United States,Not specified,,,,Space & Defense,2026-08-26,2026-08-26,https://careersger-itt-inc.icims.com/jobs/search?ss=1&searchRelation=keyword_all,ats_detected,5,success_after_fallback
2da7587fad9d,2026-08-26,64d9022f568a,ITT Enidine,https://www.enidine.com/en-US/Home,https://careersmex-itt-inc.icims.com/jobs/search?ss=1&searchRelation=keyword_all,Cargo Equipment Operator I,https://careersmex-itt-inc.icims.com/jobs/17400/equipment-operator-i/job,"Orchard Park, NY, United States",Orchard Park,NY,United States,Not specified,,,,Space & Defense,2026-08-26,2026-08-26,https://careersmex-itt-inc.icims.com/jobs/search?ss=1&searchRelation=keyword_all,ats_detected,5,success_after_fallback
b98c7d1c9b39,2026-08-26,64d9022f568a,ITT Enidine,https://www.enidine.com/en-US/Home,https://careersmex-itt-inc.icims.com/jobs/search?ss=1&searchRelation=keyword_all,Cargo Planning Manager - SAP Implementation Project,https://careersmex-itt-inc.icims.com/jobs/17364/planning-manager---sap-implementation-project/job,"Orchard Park, NY, United States",Orchard Park,NY,United States,Not specified,,,,Space & Defense,2026-08-26,2026-08-26,https://careersmex-itt-inc.icims.com/jobs/search?ss=1&searchRelation=keyword_all,ats_detected,5,success_after_fallback
043e2de0bf64,2026-08-26,64d9022f568a,ITT Enidine,https://www.enidine.com/en-US/Home,https://careersmex-itt-inc.icims.com/jobs/search?ss=1&searchRelation=keyword_all,Cargo INTERN/Co-op 1,https://careersmex-itt-inc.icims.com/jobs/17353/intern-co-op-1/job,"Orchard Park, NY, United States",Orchard Park,NY,United States,Not specified,,,,Space & Defense,2026-08-26,2026-08-26,https://careersmex-itt-inc.icims.com/jobs/search?ss=1&searchRelation=keyword_all,ats_detected,5,success_after_fallback
281e213f90a9,2026-08-26,64d9022f568a,ITT Enidine,https://www.enidine.com/en-US/Home,https://careersmex-itt-inc.icims.com/jobs/search?ss=1&searchRelation=keyword_all,Cargo Assembly Operator,https://careersmex-itt-inc.icims.com/jobs/17331/assembly-operator/job,"Orchard Park, NY, United States",Orchard Park,NY,United States,Not specified,,,,Space & Defense,2026-08-26,2026-08-26,https://careersmex-itt-inc.icims.com/jobs/search?ss=1&searchRelation=keyword_all,ats_detected,5,success_after_fallback
741095c17fd4,2026-08-26,64d9022f568a,ITT Enidine,https://www.enidine.com/en-US/Home,https://careersmex-itt-inc.icims.com/jobs/search?ss=1&searchRelation=keyword_all,"Cargo Sourcing, Supply Chain and Logistics Analyst",https://careersmex-itt-inc.icims.com/jobs/17330/sourcing%2c-supply-chain-and-logistics-analyst/job,"Orchard Park, NY, United States",Orchard Park,NY,United States,Not specified,,,,Space & Defense,2026-08-26,2026-08-26,https://careersmex-itt-inc.icims.com/jobs/search?ss=1&searchRelation=keyword_all,ats_detected,5,success_after_fallback
3b38b77eaac2,2026-08-26,64d9022f568a,ITT Enidine,https://www.enidine.com/en-US/Home,https://careersmex-itt-inc.icims.com/jobs/search?ss=1&searchRelation=keyword_all,Cargo INTERN/Co-op 1,https://careersmex-itt-inc.icims.com/jobs/17169/intern-co-op-1/job,"Orchard Park, NY, United States",Orchard Park,NY,United States,Not specified,,,,Space & Defense,2026-08-26,2026-08-26,https://careersmex-itt-inc.icims.com/jobs/search?ss=1&searchRelation=keyword_all,ats_detected,5,success_after_fallback
b9d2a71458b9,2026-08-26,64d9022f568a,ITT Enidine,https://www.enidine.com/en-US/Home,https://careersmex-itt-inc.icims.com/jobs/search?ss=1&searchRelation=keyword_all,Cargo Customer Service Analyst,https://careersmex-itt-inc.icims.com/jobs/17113/customer-service-analyst/job,"Orchard Park, NY, United States",Orchard Park,NY,United States,Not specified,,,,Space & Defense,2026-08-26,2026-08-26,https://careersmex-itt-inc.icims.com/jobs/search?ss=1&searchRelation=keyword_all,ats_detected,5,success_after_fallback
db184d175990,2026-08-26,64d9022f568a,ITT Enidine,https://www.enidine.com/en-US/Home,https://careersmex-itt-inc.icims.com/jobs/search?ss=1&searchRelation=keyword_all,Cargo Receiving Inspection Technician,https://careersmex-itt-inc.icims.com/jobs/17057/receiving-inspection-technician/job,"Orchard Park, NY, United States",Orchard Park,NY,United States,Not specified,,,,Space & Defense,2026-08-26,2026-08-26,https://careersmex-itt-inc.icims.com/jobs/search?ss=1&searchRelation=keyword_all,ats_detected,5,success_after_fallback
c81b21fa771e,2026-08-26,64d9022f568a,ITT Enidine,https://www.enidine.com/en-US/Home,https://careersmex-itt-inc.icims.com/jobs/search?ss=1&searchRelation=keyword_all,Cargo QA Engineer,https://careersmex-itt-inc.icims.com/jobs/17056/qa-engineer/job,"Orchard Park, NY, United States",Orchard Park,NY,United States,Not specified,,,,Space & Defense,2026-08-26,2026-08-26,https://careersmex-itt-inc.icims.com/jobs/search?ss=1&searchRelation=keyword_all,ats_detected,5,success_after_fallback
05955e9486cc,2026-08-26,64d9022f568a,ITT Enidine,https://www.enidine.com/en-US/Home,https://careersmex-itt-inc.icims.com/jobs/search?ss=1&searchRelation=keyword_all,Cargo Manufacturing Engineer,https://careersmex-itt-inc.icims.com/jobs/16633/manufacturing-engineer/job,"Orchard Park, NY, United States",Orchard Park,NY,United States,Not specified,,,,Space & Defense,2026-08-26,2026-08-26,https://careersmex-itt-inc.icims.com/jobs/search?ss=1&searchRelation=keyword_all,ats_detected,5,success_after_fallback
dadae87cd5d0,2026-08-26,64d9022f568a,ITT Enidine,https://www.enidine.com/en-US/Home,https://careersmex-itt-inc.icims.com/jobs/search?ss=1&searchRelation=keyword_all,Cargo Service Engineer,https://careersmex-itt-inc.icims.com/jobs/16362/service-engineer/job,"Orchard Park, NY, United States",Orchard Park,NY,United States,Not specified,,,,Space & Defense,2026-08-26,2026-08-26,https://careersmex-itt-inc.icims.com/jobs/search?ss=1&searchRelation=keyword_all,ats_detected,5,success_after_fallback
95066864036e,2026-08-26,64d9022f568a,ITT Enidine,https://www.enidine.com/en-US/Home,https://careersen-itt-inc.icims.com/jobs/search?ss=1&searchRelation=keyword_all,Title HR Leader - Transformation & Strategic Projects,https://careersen-itt-inc.icims.com/jobs/17459/hr-leader---transformation-%26-strategic-projects/job,"Orchard Park, NY, United States",Orchard Park,NY,United States,Not specified,,,,Space & Defense,2026-08-26,2026-08-26,https://careersen-itt-inc.icims.com/jobs/search?ss=1&searchRelation=keyword_all,ats_detected,5,success_after_fallback
72a6568f7f40,2026-08-26,64d9022f568a,ITT Enidine,https://www.enidine.com/en-US/Home,https://careersen-itt-inc.icims.com/jobs/search?ss=1&searchRelation=keyword_all,Title Planning Manager - SAP Implementation Project,https://careersen-itt-inc.icims.com/jobs/17364/planning-manager---sap-implementation-project/job,"Orchard Park, NY, United States",Orchard Park,NY,United States,Not specified,,,,Space & Defense,2026-08-26,2026-08-26,https://careersen-itt-inc.icims.com/jobs/search?ss=1&searchRelation=keyword_all,ats_detected,5,success_after_fallback
5160d1d1e933,2026-08-26,64d9022f568a,ITT Enidine,https://www.enidine.com/en-US/Home,https://careersen-itt-inc.icims.com/jobs/search?ss=1&searchRelation=keyword_all,Title Sales Representative,https://careersen-itt-inc.icims.com/jobs/17347/sales-representative/job,"Orchard Park, NY, United States",Orchard Park,NY,United States,Not specified,,,,Space & Defense,2026-08-26,2026-08-26,https://careersen-itt-inc.icims.com/jobs/search?ss=1&searchRelation=keyword_all,ats_detected,5,success_after_fallback
356153abca2d,2026-08-26,64d9022f568a,ITT Enidine,https://www.enidine.com/en-US/Home,https://careersen-itt-inc.icims.com/jobs/search?ss=1&searchRelation=keyword_all,Title Assembly Operator,https://careersen-itt-inc.icims.com/jobs/17331/assembly-operator/job,"Orchard Park, NY, United States",Orchard Park,NY,United States,Not specified,,,,Space & Defense,2026-08-26,2026-08-26,https://careersen-itt-inc.icims.com/jobs/search?ss=1&searchRelation=keyword_all,ats_detected,5,success_after_fallback
5383c4a8a4ca,2026-08-26,64d9022f568a,ITT Enidine,https://www.enidine.com/en-US/Home,https://careersen-itt-inc.icims.com/jobs/search?ss=1&searchRelation=keyword_all,"Title Sourcing, Supply Chain and Logistics Analyst",https://careersen-itt-inc.icims.com/jobs/17330/sourcing%2c-supply-chain-and-logistics-analyst/job,"Orchard Park, NY, United States",Orchard Park,NY,United States,Not specified,,,,Space & Defense,2026-08-26,2026-08-26,https://careersen-itt-inc.icims.com/jobs/search?ss=1&searchRelation=keyword_all,ats_detected,5,success_after_fallback
2603ec2fb53d,2026-08-26,64d9022f568a,ITT Enidine,https://www.enidine.com/en-US/Home,https://careersen-itt-inc.icims.com/jobs/search?ss=1&searchRelation=keyword_all,Title Lead Analytics Engineer,https://careersen-itt-inc.icims.com/jobs/17299/lead-analytics-engineer/job,"Orchard Park, NY, United States",Orchard Park,NY,United States,Not specified,,,,Space & Defense,2026-08-26,2026-08-26,https://careersen-itt-inc.icims.com/jobs/search?ss=1&searchRelation=keyword_all,ats_detected,5,success_after_fallback
1f063b3551ed,2026-08-26,64d9022f568a,ITT Enidine,https://www.enidine.com/en-US/Home,https://careersen-itt-inc.icims.com/jobs/search?ss=1&searchRelation=keyword_all,Title Junior Analytics Engineer,https://careersen-itt-inc.icims.com/jobs/17291/junior-analytics-engineer/job,"Orchard Park, NY, United States",Orchard Park,NY,United States,Not specified,,,,Space & Defense,2026-08-26,2026-08-26,https://careersen-itt-inc.icims.com/jobs/search?ss=1&searchRelation=keyword_all,ats_detected,5,success_after_fallback
0c8e0c119fe4,2026-08-26,64d9022f568a,ITT Enidine,https://www.enidine.com/en-US/Home,https://careersen-itt-inc.icims.com/jobs/search?ss=1&searchRelation=keyword_all,Title Technical Business Development Manager Connectors for Defense & Aerospace – Eastern Europe,https://careersen-itt-inc.icims.com/jobs/17258/technical-business-development-manager-connectors-for-defense-%26-aerospace-%e2%80%93-eastern-europe/job,"Orchard Park, NY, United States",Orchard Park,NY,United States,Remote,,,,Space & Defense,2026-08-26,2026-08-26,https://careersen-itt-inc.icims.com/jobs/search?ss=1&searchRelation=keyword_all,ats_detected,5,success_after_fallback
dc5541523c3d,2026-08-26,64d9022f568a,ITT Enidine,https://www.enidine.com/en-US/Home,https://careersen-itt-inc.icims.com/jobs/search?ss=1&searchRelation=keyword_all,Title Technical Business Development Manager Connectors for Defense & Aerospace - DACH,https://careersen-itt-inc.icims.com/jobs/17257/technical-business-development-manager-connectors-for-defense-%26-aerospace---dach/job,"Orchard Park, NY, United States",Orchard Park,NY,United States,Remote,,,,Space & Defense,2026-08-26,2026-08-26,https://careersen-itt-inc.icims.com/jobs/search?ss=1&searchRelation=keyword_all,ats_detected,5,success_after_fallback
66a52bce4bc4,2026-08-26,64d9022f568a,ITT Enidine,https://www.enidine.com/en-US/Home,https://careersen-itt-inc.icims.com/jobs/search?ss=1&searchRelation=keyword_all,Title Application Engineer,https://careersen-itt-inc.icims.com/jobs/17214/application-engineer/job,"Orchard Park, NY, United States",Orchard Park,NY,United States,Not specified,,,,Space & Defense,2026-08-26,2026-08-26,https://careersen-itt-inc.icims.com/jobs/search?ss=1&searchRelation=keyword_all,ats_detected,5,success_after_fallback
e99ab338454a,2026-08-26,64d9022f568a,ITT Enidine,https://www.enidine.com/en-US/Home,https://careersen-itt-inc.icims.com/jobs/search?ss=1&searchRelation=keyword_all,Title INTERN/Co-op 1,https://careersen-itt-inc.icims.com/jobs/17169/intern-co-op-1/job,"Orchard Park, NY, United States",Orchard Park,NY,United States,Not specified,,,,Space & Defense,2026-08-26,2026-08-26,https://careersen-itt-inc.icims.com/jobs/search?ss=1&searchRelation=keyword_all,ats_detected,5,success_after_fallback
ab029f496844,2026-08-26,64d9022f568a,ITT Enidine,https://www.enidine.com/en-US/Home,https://careersen-itt-inc.icims.com/jobs/search?ss=1&searchRelation=keyword_all,Title Sales Manager,https://careersen-itt-inc.icims.com/jobs/17114/sales-manager/job,"Orchard Park, NY, United States",Orchard Park,NY,United States,Not specified,,,,Space & Defense,2026-08-26,2026-08-26,https://careersen-itt-inc.icims.com/jobs/search?ss=1&searchRelation=keyword_all,ats_detected,5,success_after_fallback
7c10f59eecd9,2026-08-26,64d9022f568a,ITT Enidine,https://www.enidine.com/en-US/Home,https://careersen-itt-inc.icims.com/jobs/search?ss=1&searchRelation=keyword_all,Title Customer Service Analyst,https://careersen-itt-inc.icims.com/jobs/17113/customer-service-analyst/job,"Orchard Park, NY, United States",Orchard Park,NY,United States,Not specified,,,,Space & Defense,2026-08-26,2026-08-26,https://careersen-itt-inc.icims.com/jobs/search?ss=1&searchRelation=keyword_all,ats_detected,5,success_after_fallback
41163fde7d23,2026-08-26,64d9022f568a,ITT Enidine,https://www.enidine.com/en-US/Home,https://careersen-itt-inc.icims.com/jobs/search?ss=1&searchRelation=keyword_all,Title Talent Insights Analyst,https://careersen-itt-inc.icims.com/jobs/17072/talent-insights-analyst/job,"Orchard Park, NY, United States",Orchard Park,NY,United States,Not specified,,,,Space & Defense,2026-08-26,2026-08-26,https://careersen-itt-inc.icims.com/jobs/search?ss=1&searchRelation=keyword_all,ats_detected,5,success_after_fallback
45a43096654c,2026-08-26,64d9022f568a,ITT Enidine,https://www.enidine.com/en-US/Home,https://careersen-itt-inc.icims.com/jobs/search?ss=1&searchRelation=keyword_all,Title QA Engineer,https://careersen-itt-inc.icims.com/jobs/17056/qa-engineer/job,"Orchard Park, NY, United States",Orchard Park,NY,United States,Not specified,,,,Space & Defense,2026-08-26,2026-08-26,https://careersen-itt-inc.icims.com/jobs/search?ss=1&searchRelation=keyword_all,ats_detected,5,success_after_fallback
4c765ca5b2ee,2026-08-26,64d9022f568a,ITT Enidine,https://www.enidine.com/en-US/Home,https://careersen-itt-inc.icims.com/jobs/search?ss=1&searchRelation=keyword_all,Title Project Design Engineer -P2,https://careersen-itt-inc.icims.com/jobs/16933/project-design-engineer--p2/job,"Orchard Park, NY, United States",Orchard Park,NY,United States,Not specified,,,,Space & Defense,2026-08-26,2026-08-26,https://careersen-itt-inc.icims.com/jobs/search?ss=1&searchRelation=keyword_all,ats_detected,5,success_after_fallback
366ea2ea1aa2,2026-08-26,64d9022f568a,ITT Enidine,https://www.enidine.com/en-US/Home,https://careersen-itt-inc.icims.com/jobs/search?ss=1&searchRelation=keyword_all,Distribution Sales Manager %7C Central Europe,https://careersen-itt-inc.icims.com/jobs/16894/distribution-sales-manager-%7c-central-europe/job,"Orchard Park, NY, United States",Orchard Park,NY,United States,Remote,,,,Space & Defense,2026-08-26,2026-08-26,https://careersen-itt-inc.icims.com/jobs/search?ss=1&searchRelation=keyword_all,ats_detected,5,success_after_fallback
91aa73b5e290,2026-08-26,64d9022f568a,ITT Enidine,https://www.enidine.com/en-US/Home,https://careersen-itt-inc.icims.com/jobs/search?ss=1&searchRelation=keyword_all,Title Global Quality Engineer Lead,https://careersen-itt-inc.icims.com/jobs/16805/global-quality-engineer-lead/job,"Orchard Park, NY, United States",Orchard Park,NY,United States,Not specified,,,,Space & Defense,2026-08-26,2026-08-26,https://careersen-itt-inc.icims.com/jobs/search?ss=1&searchRelation=keyword_all,ats_detected,5,success_after_fallback
54f01b8dbe30,2026-08-26,64d9022f568a,ITT Enidine,https://www.enidine.com/en-US/Home,https://careersen-itt-inc.icims.com/jobs/search?ss=1&searchRelation=keyword_all,Title Application Engineer Railway,https://careersen-itt-inc.icims.com/jobs/16767/application-engineer-railway/job,"Orchard Park, NY, United States",Orchard Park,NY,United States,Not specified,,,,Space & Defense,2026-08-26,2026-08-26,https://careersen-itt-inc.icims.com/jobs/search?ss=1&searchRelation=keyword_all,ats_detected,5,success_after_fallback
a2343af66dc4,2026-08-26,64d9022f568a,ITT Enidine,https://www.enidine.com/en-US/Home,https://careersen-itt-inc.icims.com/jobs/search?ss=1&searchRelation=keyword_all,Title Senior AI/ML Engineer,https://careersen-itt-inc.icims.com/jobs/16717/senior-ai-ml-engineer/job,"Orchard Park, NY, United States",Orchard Park,NY,United States,Not specified,,,,Space & Defense,2026-08-26,2026-08-26,https://careersen-itt-inc.icims.com/jobs/search?ss=1&searchRelation=keyword_all,ats_detected,5,success_after_fallback
b607cc8f9a30,2026-08-26,64d9022f568a,ITT Enidine,https://www.enidine.com/en-US/Home,https://careersen-itt-inc.icims.com/jobs/search?ss=1&searchRelation=keyword_all,Title IT Business Analyst (Application Configuration Specialist),https://careersen-itt-inc.icims.com/jobs/16713/it-business-analyst-%28application-configuration-specialist%29/job,"Orchard Park, NY, United States",Orchard Park,NY,United States,Not specified,,,,Space & Defense,2026-08-26,2026-08-26,https://careersen-itt-inc.icims.com/jobs/search?ss=1&searchRelation=keyword_all,ats_detected,5,success_after_fallback
e2fe533dc463,2026-08-26,64d9022f568a,ITT Enidine,https://www.enidine.com/en-US/Home,https://careersen-itt-inc.icims.com/jobs/search?ss=1&searchRelation=keyword_all,Title Application Engineer (P2),https://careersen-itt-inc.icims.com/jobs/16638/application-engineer-%28p2%29/job,"Orchard Park, NY, United States",Orchard Park,NY,United States,Not specified,,,,Space & Defense,2026-08-26,2026-08-26,https://careersen-itt-inc.icims.com/jobs/search?ss=1&searchRelation=keyword_all,ats_detected,5,success_after_fallback
8d4e1490154e,2026-08-26,64d9022f568a,ITT Enidine,https://www.enidine.com/en-US/Home,https://careersen-itt-inc.icims.com/jobs/search?ss=1&searchRelation=keyword_all,Title Manufacturing Engineer,https://careersen-itt-inc.icims.com/jobs/16633/manufacturing-engineer/job,"Orchard Park, NY, United States",Orchard Park,NY,United States,Not specified,,,,Space & Defense,2026-08-26,2026-08-26,https://careersen-itt-inc.icims.com/jobs/search?ss=1&searchRelation=keyword_all,ats_detected,5,success_after_fallback
b2d0be131c26,2026-08-26,64d9022f568a,ITT Enidine,https://www.enidine.com/en-US/Home,https://careersen-itt-inc.icims.com/jobs/search?ss=1&searchRelation=keyword_all,Title Global Purchasing & Sourcing Lead,https://careersen-itt-inc.icims.com/jobs/16615/global-purchasing-%26-sourcing-lead/job,"Orchard Park, NY, United States",Orchard Park,NY,United States,Not specified,,,,Space & Defense,2026-08-26,2026-08-26,https://careersen-itt-inc.icims.com/jobs/search?ss=1&searchRelation=keyword_all,ats_detected,5,success_after_fallback
c9be68aa8a2a,2026-08-26,64d9022f568a,ITT Enidine,https://www.enidine.com/en-US/Home,https://careersen-itt-inc.icims.com/jobs/search?ss=1&searchRelation=keyword_all,Title SAP Senior Business Specialist,https://careersen-itt-inc.icims.com/jobs/16533/sap-senior-business-specialist/job,"Orchard Park, NY, United States",Orchard Park,NY,United States,Not specified,,,,Space & Defense,2026-08-26,2026-08-26,https://careersen-itt-inc.icims.com/jobs/search?ss=1&searchRelation=keyword_all,ats_detected,5,success_after_fallback
8c401a107db2,2026-08-26,64d9022f568a,ITT Enidine,https://www.enidine.com/en-US/Home,https://careersen-itt-inc.icims.com/jobs/search?ss=1&searchRelation=keyword_all,Title Test Engineer,https://careersen-itt-inc.icims.com/jobs/16378/test-engineer/job,"Orchard Park, NY, United States",Orchard Park,NY,United States,Not specified,,,,Space & Defense,2026-08-26,2026-08-26,https://careersen-itt-inc.icims.com/jobs/search?ss=1&searchRelation=keyword_all,ats_detected,5,success_after_fallback
c122fdee3025,2026-08-26,64d9022f568a,ITT Enidine,https://www.enidine.com/en-US/Home,https://careersen-itt-inc.icims.com/jobs/search?ss=1&searchRelation=keyword_all,Title Service Engineer,https://careersen-itt-inc.icims.com/jobs/16362/service-engineer/job,"Orchard Park, NY, United States",Orchard Park,NY,United States,Not specified,,,,Space & Defense,2026-08-26,2026-08-26,https://careersen-itt-inc.icims.com/jobs/search?ss=1&searchRelation=keyword_all,ats_detected,5,success_after_fallback
ad288983df18,2026-08-26,64d9022f568a,ITT Enidine,https://www.enidine.com/en-US/Home,https://careersen-itt-inc.icims.com/jobs/search?ss=1&searchRelation=keyword_all,Title Product Manager Automotive After Market & Racing,https://careersen-itt-inc.icims.com/jobs/15454/product-manager-automotive-after-market-%26-racing/job,"Orchard Park, NY, United States",Orchard Park,NY,United States,Not specified,,,,Space & Defense,2026-08-26,2026-08-26,https://careersen-itt-inc.icims.com/jobs/search?ss=1&searchRelation=keyword_all,ats_detected,5,success_after_fallback
6b1b979a6787,2026-08-26,64d9022f568a,ITT Enidine,https://www.enidine.com/en-US/Home,https://careersen-itt-inc.icims.com/jobs/search?ss=1&searchRelation=keyword_all,Title Application Engineer,https://careersen-itt-inc.icims.com/jobs/15377/application-engineer/job,"Orchard Park, NY, United States",Orchard Park,NY,United States,Not specified,,,,Space & Defense,2026-08-26,2026-08-26,https://careersen-itt-inc.icims.com/jobs/search?ss=1&searchRelation=keyword_all,ats_detected,5,success_after_fallback
3ccf63a35027,2026-08-26,64d9022f568a,ITT Enidine,https://www.enidine.com/en-US/Home,https://careersen-itt-inc.icims.com/jobs/search?ss=1&searchRelation=keyword_all,Title Product Design Engineer,https://careersen-itt-inc.icims.com/jobs/15366/product-design-engineer/job,"Orchard Park, NY, United States",Orchard Park,NY,United States,Not specified,,,,Space & Defense,2026-08-26,2026-08-26,https://careersen-itt-inc.icims.com/jobs/search?ss=1&searchRelation=keyword_all,ats_detected,5,success_after_fallback
94bb4ec31afa,2026-08-26,64d9022f568a,ITT Enidine,https://www.enidine.com/en-US/Home,https://careersen-itt-inc.icims.com/jobs/search?ss=1&searchRelation=keyword_all,Title Application Engineering Lead,https://careersen-itt-inc.icims.com/jobs/15348/application-engineering-lead/job,"Orchard Park, NY, United States",Orchard Park,NY,United States,Not specified,,,,Space & Defense,2026-08-26,2026-08-26,https://careersen-itt-inc.icims.com/jobs/search?ss=1&searchRelation=keyword_all,ats_detected,5,success_after_fallback
9f9f11774399,2026-08-26,64d9022f568a,ITT Enidine,https://www.enidine.com/en-US/Home,https://careersenus-itt-inc.icims.com/jobs/17489/buyer/job,Buyer,https://careersenus-itt-inc.icims.com/jobs/17489/buyer/job,"Irvine, CA, US",Irvine,CA,United States,Not specified,,,Sourcing SupplyChain & Logistics,Space & Defense,2026-08-26,2026-08-26,https://careersenus-itt-inc.icims.com/jobs/17489/buyer/job,ats_detected,4,success_after_fallback
a35c74317f1c,2026-08-26,64d9022f568a,ITT Enidine,https://www.enidine.com/en-US/Home,https://careersenus-itt-inc.icims.com/jobs/17482/strategic-account-manager/job,Strategic Account Manager,https://careersenus-itt-inc.icims.com/jobs/17482/strategic-account-manager/referral,"Orchard Park, NY, United States",Orchard Park,NY,United States,Not specified,,,,Space & Defense,2026-08-26,2026-08-26,https://careersenus-itt-inc.icims.com/jobs/17482/strategic-account-manager/job,ats_detected,5,success_after_fallback
3d6ae89fdd98,2026-08-26,64d9022f568a,ITT Enidine,https://www.enidine.com/en-US/Home,https://careersenus-itt-inc.icims.com/jobs/17450/cnc-swiss-screw-setup-machinist/job,CNC Swiss Screw Setup Machinist,https://careersenus-itt-inc.icims.com/jobs/17450/cnc-swiss-screw-setup-machinist/job,"El Cajon, CA, US",El Cajon,CA,United States,Not specified,,,Operations,Space & Defense,2026-08-26,2026-08-26,https://careersenus-itt-inc.icims.com/jobs/17450/cnc-swiss-screw-setup-machinist/job,ats_detected,4,success_after_fallback
40ef29029381,2026-08-26,64d9022f568a,ITT Enidine,https://www.enidine.com/en-US/Home,https://careersenus-itt-inc.icims.com/jobs/17448/contract-administrator-iii/job,Contract Administrator Iii,https://careersenus-itt-inc.icims.com/jobs/17448/contract-administrator-iii/referral,"Orchard Park, NY, United States",Orchard Park,NY,United States,Not specified,,,,Space & Defense,2026-08-26,2026-08-26,https://careersenus-itt-inc.icims.com/jobs/17448/contract-administrator-iii/job,ats_detected,5,success_after_fallback
73dec10857f7,2026-08-26,49a39e5c497b,L3Harris,https://www.l3harris.com/,https://careers.l3harris.com/en,L3Harris Engineering Hiring Event Plano Tx 8,https://careers.l3harris.com/en/job/greenville/l3harris-engineering-hiring-event-plano-tx-8-31/4832/98424212832,"Plano, TX",Plano,TX,United States,Not specified,,,,Space & Defense,2026-08-26,2026-08-26,https://careers.l3harris.com/en,known_careers_url,4,success
982f7feeff58,2026-08-26,49a39e5c497b,L3Harris,https://www.l3harris.com/,https://careers.l3harris.com/en,L3Harris Engineering Hiring Event Greater Boston Ma,https://careers.l3harris.com/en/job/wilmington/l3harris-engineering-hiring-event-greater-boston-ma/4832/98348330736,"Greece, NY, United States",Greece,NY,United States,Not specified,,,,Space & Defense,2026-08-26,2026-08-26,https://careers.l3harris.com/en,known_careers_url,4,success
e74b351946e5,2026-08-26,49a39e5c497b,L3Harris,https://www.l3harris.com/,https://careers.l3harris.com/en,Senior Specialist Supply Chain Management,https://careers.l3harris.com/en/job/huntsville/senior-specialist-supply-chain-management/4832/99736934032,"Huntsville, Alabama",Huntsville,AL,United States,Not specified,,,,Space & Defense,2026-08-26,2026-08-26,https://careers.l3harris.com/en,known_careers_url,4,success
0768133cadf2,2026-08-26,49a39e5c497b,L3Harris,https://www.l3harris.com/,https://careers.l3harris.com/en,Senior Associate Material Planning,https://careers.l3harris.com/en/job/mason/senior-associate-material-planning/4832/99736933936,"Mason, Ohio",Mason,OH,United States,Not specified,,,,Space & Defense,2026-08-26,2026-08-26,https://careers.l3harris.com/en,known_careers_url,4,success
47d6ac56b37a,2026-08-26,49a39e5c497b,L3Harris,https://www.l3harris.com/,https://careers.l3harris.com/en,Sr Associate Materials Management,https://careers.l3harris.com/en/job/plano/sr-associate-materials-management/4832/98430375088,"Plano, Texas",Plano,TX,United States,Not specified,,,,Space & Defense,2026-08-26,2026-08-26,https://careers.l3harris.com/en,known_careers_url,4,success
4315386afbfd,2026-08-26,49a39e5c497b,L3Harris,https://www.l3harris.com/,https://careers.l3harris.com/en,Senior Specialist Systems Administrator,https://careers.l3harris.com/en/job/palm-bay/senior-specialist-systems-administrator/4832/99720406752,"Palm Bay, Florida",Palm Bay,FL,United States,Not specified,,,,Space & Defense,2026-08-26,2026-08-26,https://careers.l3harris.com/en,known_careers_url,4,success
ba2860f6f02f,2026-08-26,49a39e5c497b,L3Harris,https://www.l3harris.com/,https://careers.l3harris.com/en/search-jobs,Specialist Systems Administration,https://careers.l3harris.com/en/job/chantilly/specialist-systems-administration/4832/99682435920,"Chantilly, VA",Chantilly,VA,United States,Not specified,,,,Space & Defense,2026-08-26,2026-08-26,https://careers.l3harris.com/en/search-jobs,linked_page,4,success_after_fallback
01b990ac6b18,2026-08-26,49a39e5c497b,L3Harris,https://www.l3harris.com/,https://careers.l3harris.com/en/search-jobs,Lead Subcontracts,https://careers.l3harris.com/en/job/palm-bay/lead-subcontracts/4832/99676177200,"Palm Bay, Brevard, FL",Palm Bay,FL,United States,Not specified,,,,Space & Defense,2026-08-26,2026-08-26,https://careers.l3harris.com/en/search-jobs,linked_page,4,success_after_fallback
6a28ed6f83cb,2026-08-26,49a39e5c497b,L3Harris,https://www.l3harris.com/,https://careers.l3harris.com/en/search-jobs,"Operations Program Manager Manufacturing Wilmington, MA",https://careers.l3harris.com/en/job/wilmington/operations-program-manager/4832/99670413376,"Wilmington, MA",Wilmington,MA,United States,Not specified,,,,Space & Defense,2026-08-26,2026-08-26,https://careers.l3harris.com/en/search-jobs,linked_page,4,success_after_fallback
f37da7c1b29b,2026-08-26,49a39e5c497b,L3Harris,https://www.l3harris.com/,https://careers.l3harris.com/en/search-jobs,Senior Associate Procurement,https://careers.l3harris.com/en/job/palm-bay/senior-associate-procurement/4832/99670413360,"Palm Bay, Brevard, FL",Palm Bay,FL,United States,Not specified,,,,Space & Defense,2026-08-26,2026-08-26,https://careers.l3harris.com/en/search-jobs,linked_page,4,success_after_fallback
d890ffac1283,2026-08-26,49a39e5c497b,L3Harris,https://www.l3harris.com/,https://careers.l3harris.com/en/search-jobs,"Specialist, Procurement Supply, Chain Multiple Locations",https://careers.l3harris.com/en/job/anaheim/specialist-procurement/4832/99662164000,"Greece, NY, United States",Greece,NY,United States,Not specified,,,,Space & Defense,2026-08-26,2026-08-26,https://careers.l3harris.com/en/search-jobs,linked_page,4,success_after_fallback
49092e69d836,2026-08-26,49a39e5c497b,L3Harris,https://www.l3harris.com/,https://careers.l3harris.com/en/search-jobs,Inventory Management Support D,https://careers.l3harris.com/en/job/palm-bay/inventory-management-support-d/4832/99589142768,"Palm Bay, Brevard, FL",Palm Bay,FL,United States,Not specified,,,,Space & Defense,2026-08-26,2026-08-26,https://careers.l3harris.com/en/search-jobs,linked_page,4,success_after_fallback
95b2831711d8,2026-08-26,49a39e5c497b,L3Harris,https://www.l3harris.com/,https://careers.l3harris.com/en/search-jobs,Specialist Subcontracts,https://careers.l3harris.com/en/job/united-states/specialist-subcontracts/4832/99516239024,Remote,,,,Remote,,,,Space & Defense,2026-08-26,2026-08-26,https://careers.l3harris.com/en/search-jobs,linked_page,4,success_after_fallback
762833f423ac,2026-08-26,49a39e5c497b,L3Harris,https://www.l3harris.com/,https://careers.l3harris.com/en/search-jobs,Senior Manager Supply Chain Management Material Planning,https://careers.l3harris.com/en/job/camden/senior-manager-supply-chain-management-material-planning/4832/99504281376,"Camden, NJ",Camden,NJ,United States,Not specified,,,,Space & Defense,2026-08-26,2026-08-26,https://careers.l3harris.com/en/search-jobs,linked_page,4,success_after_fallback
1e99ef5f9e9b,2026-08-26,49a39e5c497b,L3Harris,https://www.l3harris.com/,https://careers.l3harris.com/en/search-jobs,Manager Material Management Mrp Manager Lead,https://careers.l3harris.com/en/job/waco/manager-material-management-mrp-manager-lead/4832/99498725552,"Waco, TX",Waco,TX,United States,Not specified,,,,Space & Defense,2026-08-26,2026-08-26,https://careers.l3harris.com/en/search-jobs,linked_page,4,success_after_fallback
70d09a46226a,2026-08-26,49a39e5c497b,L3Harris,https://www.l3harris.com/,https://careers.l3harris.com/en/search-jobs,Senior Specialist Procurement,https://careers.l3harris.com/en/job/greenville/senior-specialist-procurement/4832/98578274496,"Greenville, TX",Greenville,TX,United States,Not specified,,,,Space & Defense,2026-08-26,2026-08-26,https://careers.l3harris.com/en/search-jobs,linked_page,4,success_after_fallback
8e7890cf7da9,2026-08-26,49a39e5c497b,L3Harris,https://www.l3harris.com/,https://careers.l3harris.com/en/job/greenville/l3harris-engineering-hiring-event-plano-tx-8-31/4832/98424212832,"L3Harris Engineering Hiring Event - Plano, TX (8/31)",https://careers.l3harris.com/en/job/plano/l3harris-engineering-hiring-event-plano-tx-8-31/4832/98424212832,"Plano, TX, US; Greenville, Texas, United States; Rockwall, Texas, United States; Waco, Texas, United States; Richardson, Texas, United States",Plano,TX,United States,Not specified,,,,Space & Defense,2026-08-26,2026-08-26,https://careers.l3harris.com/en/job/greenville/l3harris-engineering-hiring-event-plano-tx-8-31/4832/98424212832,linked_page,4,success_after_fallback
e196c48b323b,2026-08-26,49a39e5c497b,L3Harris,https://www.l3harris.com/,https://careers.l3harris.com/en/job/greenville/l3harris-engineering-hiring-event-plano-tx-8-31/4832/98424212832,L3Harris Engineering Hiring Event Plano Tx 8,https://careers.l3harris.com/en/job/greenville/l3harris-engineering-hiring-event-plano-tx-8-31/4832/search-jobs,"Greece, NY, United States",Greece,NY,United States,Not specified,,,,Space & Defense,2026-08-26,2026-08-26,https://careers.l3harris.com/en/job/greenville/l3harris-engineering-hiring-event-plano-tx-8-31/4832/98424212832,linked_page,4,success_after_fallback
db5cbb1532c2,2026-08-26,49a39e5c497b,L3Harris,https://www.l3harris.com/,https://careers.l3harris.com/en/job/greenville/l3harris-engineering-hiring-event-plano-tx-8-31/4832/98424212832,Lead Mechanical Engineering,https://careers.l3harris.com/en/job/waco/lead-mechanical-engineering/4832/99744095920,"Waco, Texas",Waco,TX,United States,Not specified,,,,Space & Defense,2026-08-26,2026-08-26,https://careers.l3harris.com/en/job/greenville/l3harris-engineering-hiring-event-plano-tx-8-31/4832/98424212832,linked_page,4,success_after_fallback
7583dbbac97c,2026-08-26,49a39e5c497b,L3Harris,https://www.l3harris.com/,https://careers.l3harris.com/en/job/greenville/l3harris-engineering-hiring-event-plano-tx-8-31/4832/98424212832,Senior Specialist Mechanical Engineering,https://careers.l3harris.com/en/job/waco/senior-specialist-mechanical-engineering/4832/99744095904,"Waco, Texas",Waco,TX,United States,Not specified,,,,Space & Defense,2026-08-26,2026-08-26,https://careers.l3harris.com/en/job/greenville/l3harris-engineering-hiring-event-plano-tx-8-31/4832/98424212832,linked_page,4,success_after_fallback
cf160331c5f0,2026-08-26,49a39e5c497b,L3Harris,https://www.l3harris.com/,https://careers.l3harris.com/en/job/greenville/l3harris-engineering-hiring-event-plano-tx-8-31/4832/98424212832,Lead Project Engineer,https://careers.l3harris.com/en/job/waco/lead-project-engineer/4832/98807498400,"Waco, Texas",Waco,TX,United States,Not specified,,,,Space & Defense,2026-08-26,2026-08-26,https://careers.l3harris.com/en/job/greenville/l3harris-engineering-hiring-event-plano-tx-8-31/4832/98424212832,linked_page,4,success_after_fallback
361edb9fc747,2026-08-26,49a39e5c497b,L3Harris,https://www.l3harris.com/,https://careers.l3harris.com/en/job/greenville/l3harris-engineering-hiring-event-plano-tx-8-31/4832/98424212832,Senior Specialist Project Engineer,https://careers.l3harris.com/en/job/waco/senior-specialist-project-engineer/4832/98807498336,"Waco, Texas",Waco,TX,United States,Not specified,,,,Space & Defense,2026-08-26,2026-08-26,https://careers.l3harris.com/en/job/greenville/l3harris-engineering-hiring-event-plano-tx-8-31/4832/98424212832,linked_page,4,success_after_fallback
c8508256c94a,2026-08-26,49a39e5c497b,L3Harris,https://www.l3harris.com/,https://careers.l3harris.com/en/job/wilmington/l3harris-engineering-hiring-event-greater-boston-ma/4832/98348330736,L3Harris Engineering Hiring Event Greater Boston Ma,https://careers.l3harris.com/en/job/wilmington/l3harris-engineering-hiring-event-greater-boston-ma/4832/search-jobs,"Greece, NY, United States",Greece,NY,United States,Not specified,,,,Space & Defense,2026-08-26,2026-08-26,https://careers.l3harris.com/en/job/wilmington/l3harris-engineering-hiring-event-greater-boston-ma/4832/98348330736,linked_page,4,success_after_fallback
99218c9339bc,2026-08-26,49a39e5c497b,L3Harris,https://www.l3harris.com/,https://careers.l3harris.com/en/job/wilmington/l3harris-engineering-hiring-event-greater-boston-ma/4832/98348330736,Lead Embedded Software Engineer Optical Space Systems Sign On Bonus 30K Max,https://careers.l3harris.com/en/job/wilmington/lead-embedded-software-engineer-optical-space-systems-sign-on-bonus-30k-max/4832/98807498912,"Wilmington, Massachusetts",Wilmington,MA,United States,Not specified,,,,Space & Defense,2026-08-26,2026-08-26,https://careers.l3harris.com/en/job/wilmington/l3harris-engineering-hiring-event-greater-boston-ma/4832/98348330736,linked_page,4,success_after_fallback
55f81211d814,2026-08-26,49a39e5c497b,L3Harris,https://www.l3harris.com/,https://careers.l3harris.com/en/job/wilmington/l3harris-engineering-hiring-event-greater-boston-ma/4832/98348330736,Lead Optical Engineering,https://careers.l3harris.com/en/job/wilmington/lead-optical-engineering/4832/98155434160,"Wilmington, Massachusetts",Wilmington,MA,United States,Not specified,,,,Space & Defense,2026-08-26,2026-08-26,https://careers.l3harris.com/en/job/wilmington/l3harris-engineering-hiring-event-greater-boston-ma/4832/98348330736,linked_page,4,success_after_fallback
489dd263b3ba,2026-08-26,49a39e5c497b,L3Harris,https://www.l3harris.com/,https://careers.l3harris.com/en/job/wilmington/l3harris-engineering-hiring-event-greater-boston-ma/4832/98348330736,Associate Optical Engineer,https://careers.l3harris.com/en/job/wilmington/associate-optical-engineer/4832/99693730080,"Wilmington, Massachusetts",Wilmington,MA,United States,Not specified,,,,Space & Defense,2026-08-26,2026-08-26,https://careers.l3harris.com/en/job/wilmington/l3harris-engineering-hiring-event-greater-boston-ma/4832/98348330736,linked_page,4,success_after_fallback
05c67b0573b5,2026-08-26,49a39e5c497b,L3Harris,https://www.l3harris.com/,https://careers.l3harris.com/en/job/wilmington/l3harris-engineering-hiring-event-greater-boston-ma/4832/98348330736,Lead Systems Engineer Optical Systems Program Lead,https://careers.l3harris.com/en/job/wilmington/lead-systems-engineer-optical-systems-program-lead/4832/99454394176,"Wilmington, Massachusetts",Wilmington,MA,United States,Not specified,,,,Space & Defense,2026-08-26,2026-08-26,https://careers.l3harris.com/en/job/wilmington/l3harris-engineering-hiring-event-greater-boston-ma/4832/98348330736,linked_page,4,success_after_fallback
4b6bf91ac0aa,2026-08-26,49a39e5c497b,L3Harris,https://www.l3harris.com/,"https://careers.l3harris.com/en/search-jobs?acm=8686208,8679712,62721&alrpm=ALL&ascf=[%7B%22key%22:%22ALL%22,%22value%22:%22%22%7D]",Senior Associate Procurement,https://careers.l3harris.com/en/job/nashville/senior-associate-procurement/4832/99468972720,"Nashville, TN",Nashville,TN,United States,Not specified,,,,Space & Defense,2026-08-26,2026-08-26,"https://careers.l3harris.com/en/search-jobs?acm=8686208,8679712,62721&alrpm=ALL&ascf=[%7B%22key%22:%22ALL%22,%22value%22:%22%22%7D]",linked_page,4,success_after_fallback
2a4c4c51a91b,2026-08-26,49a39e5c497b,L3Harris,https://www.l3harris.com/,"https://careers.l3harris.com/en/search-jobs?acm=8686208,8679712,62721&alrpm=ALL&ascf=[%7B%22key%22:%22ALL%22,%22value%22:%22%22%7D]",Associate Procurement,https://careers.l3harris.com/en/job/nashville/associate-procurement/4832/99468972608,"Nashville, TN",Nashville,TN,United States,Not specified,,,,Space & Defense,2026-08-26,2026-08-26,"https://careers.l3harris.com/en/search-jobs?acm=8686208,8679712,62721&alrpm=ALL&ascf=[%7B%22key%22:%22ALL%22,%22value%22:%22%22%7D]",linked_page,4,success_after_fallback
d56e676c95c3,2026-08-26,49a39e5c497b,L3Harris,https://www.l3harris.com/,"https://careers.l3harris.com/en/search-jobs?acm=8686208,8679712,62721&alrpm=ALL&ascf=[%7B%22key%22:%22ALL%22,%22value%22:%22%22%7D]",Associate Procurement,https://careers.l3harris.com/en/job/canoga-park/associate-procurement/4832/99167006128,"Canoga Park, CA",Canoga Park,CA,United States,Not specified,,,,Space & Defense,2026-08-26,2026-08-26,"https://careers.l3harris.com/en/search-jobs?acm=8686208,8679712,62721&alrpm=ALL&ascf=[%7B%22key%22:%22ALL%22,%22value%22:%22%22%7D]",linked_page,4,success_after_fallback
22907614c67c,2026-08-26,49a39e5c497b,L3Harris,https://www.l3harris.com/,"https://careers.l3harris.com/en/search-jobs?acm=8686208,8679712,62721&alrpm=ALL&ascf=[%7B%22key%22:%22ALL%22,%22value%22:%22%22%7D]",Sr Associate Manufacturing Engineering,https://careers.l3harris.com/en/job/clifton/sr-associate-manufacturing-engineering/4832/99725794960,"Clifton, NJ",Clifton,NJ,United States,Not specified,,,,Space & Defense,2026-08-26,2026-08-26,"https://careers.l3harris.com/en/search-jobs?acm=8686208,8679712,62721&alrpm=ALL&ascf=[%7B%22key%22:%22ALL%22,%22value%22:%22%22%7D]",linked_page,4,success_after_fallback
107ce8c3d0f2,2026-08-26,49a39e5c497b,L3Harris,https://www.l3harris.com/,"https://careers.l3harris.com/en/search-jobs?acm=8686208,8679712,62721&alrpm=ALL&ascf=[%7B%22key%22:%22ALL%22,%22value%22:%22%22%7D]",Associate Integration Test Engineer,https://careers.l3harris.com/en/job/colorado-springs/associate-integration-test-engineer/4832/99720407024,"Colorado Springs, CO",Colorado Springs,CO,United States,Not specified,,,,Space & Defense,2026-08-26,2026-08-26,"https://careers.l3harris.com/en/search-jobs?acm=8686208,8679712,62721&alrpm=ALL&ascf=[%7B%22key%22:%22ALL%22,%22value%22:%22%22%7D]",linked_page,4,success_after_fallback
abd730e3b4b5,2026-08-26,49a39e5c497b,L3Harris,https://www.l3harris.com/,"https://careers.l3harris.com/en/search-jobs?acm=8686208,8679712,62721&alrpm=ALL&ascf=[%7B%22key%22:%22ALL%22,%22value%22:%22%22%7D]",Associate Information Security Systems Engineer,https://careers.l3harris.com/en/job/colorado-springs/associate-information-security-systems-engineer/4832/99720406960,"Colorado Springs, CO",Colorado Springs,CO,United States,Not specified,,,,Space & Defense,2026-08-26,2026-08-26,"https://careers.l3harris.com/en/search-jobs?acm=8686208,8679712,62721&alrpm=ALL&ascf=[%7B%22key%22:%22ALL%22,%22value%22:%22%22%7D]",linked_page,4,success_after_fallback
990fc689b3c2,2026-08-26,49a39e5c497b,L3Harris,https://www.l3harris.com/,"https://careers.l3harris.com/en/search-jobs?acm=8686208,8679712,62721&alrpm=ALL&ascf=[%7B%22key%22:%22ALL%22,%22value%22:%22%22%7D]",Associate Systems Engineering,https://careers.l3harris.com/en/job/fort-wayne/associate-systems-engineering/4832/99720406944,"Fort Wayne, IN",Fort Wayne,IN,United States,Not specified,,,,Space & Defense,2026-08-26,2026-08-26,"https://careers.l3harris.com/en/search-jobs?acm=8686208,8679712,62721&alrpm=ALL&ascf=[%7B%22key%22:%22ALL%22,%22value%22:%22%22%7D]",linked_page,4,success_after_fallback
e051436327ca,2026-08-26,49a39e5c497b,L3Harris,https://www.l3harris.com/,"https://careers.l3harris.com/en/search-jobs?acm=8686208,8679712,62721&alrpm=ALL&ascf=[%7B%22key%22:%22ALL%22,%22value%22:%22%22%7D]",Sr Associate Artificial Intelligence,https://careers.l3harris.com/en/job/melbourne/sr-associate-artificial-intelligence/4832/99720406928,"Greece, NY, United States",Greece,NY,United States,Not specified,,,,Space & Defense,2026-08-26,2026-08-26,"https://careers.l3harris.com/en/search-jobs?acm=8686208,8679712,62721&alrpm=ALL&ascf=[%7B%22key%22:%22ALL%22,%22value%22:%22%22%7D]",linked_page,4,success_after_fallback
bda7302bffa3,2026-08-26,49a39e5c497b,L3Harris,https://www.l3harris.com/,"https://careers.l3harris.com/en/search-jobs?acm=8686208,8679712,62721&alrpm=ALL&ascf=[%7B%22key%22:%22ALL%22,%22value%22:%22%22%7D]",Associate Mechanical Engineer,https://careers.l3harris.com/en/job/rochester/associate-mechanical-engineer/4832/99720406800,"Rochester, NY",Rochester,NY,United States,Not specified,,,,Space & Defense,2026-08-26,2026-08-26,"https://careers.l3harris.com/en/search-jobs?acm=8686208,8679712,62721&alrpm=ALL&ascf=[%7B%22key%22:%22ALL%22,%22value%22:%22%22%7D]",linked_page,4,success_after_fallback
f91e0df48151,2026-08-26,49a39e5c497b,L3Harris,https://www.l3harris.com/,"https://careers.l3harris.com/en/search-jobs?acm=8686208,8679712,62721&alrpm=ALL&ascf=[%7B%22key%22:%22ALL%22,%22value%22:%22%22%7D]",Senior Associate Mechanical Engineering,https://careers.l3harris.com/en/job/huntsville/senior-associate-mechanical-engineering/4832/99715686512,"Huntsville, AL",Huntsville,AL,United States,Not specified,,,,Space & Defense,2026-08-26,2026-08-26,"https://careers.l3harris.com/en/search-jobs?acm=8686208,8679712,62721&alrpm=ALL&ascf=[%7B%22key%22:%22ALL%22,%22value%22:%22%22%7D]",linked_page,4,success_after_fallback
2d00bd6bb892,2026-08-26,49a39e5c497b,L3Harris,https://www.l3harris.com/,"https://careers.l3harris.com/en/search-jobs?acm=8686208,8679712,62721&alrpm=ALL&ascf=[%7B%22key%22:%22ALL%22,%22value%22:%22%22%7D]",Associate Software Engineer,https://careers.l3harris.com/en/job/palm-bay/associate-software-engineer/4832/99715686304,"Palm Bay, Brevard, FL",Palm Bay,FL,United States,Not specified,,,,Space & Defense,2026-08-26,2026-08-26,"https://careers.l3harris.com/en/search-jobs?acm=8686208,8679712,62721&alrpm=ALL&ascf=[%7B%22key%22:%22ALL%22,%22value%22:%22%22%7D]",linked_page,4,success_after_fallback
dae47502cf5e,2026-08-26,49a39e5c497b,L3Harris,https://www.l3harris.com/,"https://careers.l3harris.com/en/search-jobs?acm=8686208,8679712,62721&alrpm=ALL&ascf=[%7B%22key%22:%22ALL%22,%22value%22:%22%22%7D]",Associate Technical Writing,https://careers.l3harris.com/en/job/melbourne/associate-technical-writing/4832/99701648704,"Melbourne, FL",Melbourne,FL,United States,Not specified,,,,Space & Defense,2026-08-26,2026-08-26,"https://careers.l3harris.com/en/search-jobs?acm=8686208,8679712,62721&alrpm=ALL&ascf=[%7B%22key%22:%22ALL%22,%22value%22:%22%22%7D]",linked_page,4,success_after_fallback
3dca1a4348d2,2026-08-26,49a39e5c497b,L3Harris,https://www.l3harris.com/,"https://careers.l3harris.com/en/search-jobs?acm=8686208,8679712,62721&alrpm=ALL&ascf=[%7B%22key%22:%22ALL%22,%22value%22:%22%22%7D]",Associate Systems Engineering,https://careers.l3harris.com/en/job/schriever-afb/associate-systems-engineering/4832/99701648576,"Schriever AFB, CO",Schriever AFB,CO,United States,Not specified,,,,Space & Defense,2026-08-26,2026-08-26,"https://careers.l3harris.com/en/search-jobs?acm=8686208,8679712,62721&alrpm=ALL&ascf=[%7B%22key%22:%22ALL%22,%22value%22:%22%22%7D]",linked_page,4,success_after_fallback
7ca868ef4aca,2026-08-26,49a39e5c497b,L3Harris,https://www.l3harris.com/,"https://careers.l3harris.com/en/search-jobs?acm=8686208,8679712,62721&alrpm=ALL&ascf=[%7B%22key%22:%22ALL%22,%22value%22:%22%22%7D]",Associate Systems Engineering,https://careers.l3harris.com/en/job/schriever-afb/associate-systems-engineering/4832/99701648560,"Schriever AFB, CO",Schriever AFB,CO,United States,Not specified,,,,Space & Defense,2026-08-26,2026-08-26,"https://careers.l3harris.com/en/search-jobs?acm=8686208,8679712,62721&alrpm=ALL&ascf=[%7B%22key%22:%22ALL%22,%22value%22:%22%22%7D]",linked_page,4,success_after_fallback
c948c38272e7,2026-08-26,b5d41f3f3457,Lockheed Martin,https://www.lockheedmartin.com/,https://www.lockheedmartin.com/en-us/careers/candidates/students-early-careers.html,Meet our Interns,https://www.lockheedmartin.com/en-us/careers/life-at-lm/2023/early-career-lessons-learned.html,"Ballston Spa, NY, United States",Ballston Spa,NY,United States,Not specified,,,,Space & Defense,2026-08-26,2026-08-26,https://www.lockheedmartin.com/en-us/careers/candidates/students-early-careers.html,linked_page,4,success_after_fallback
ac6ac155e05e,2026-08-26,6f56721ec5b5,Lourdes Industries,https://lourdesinc.com/,https://lourdesinc.com/careers,Mechanical Assembler - III--Aerospace,https://lourdesinc.com/careers/9dcd85a1be748d78/mechanical-assembler-iii-aerospace,"📍 Hauppauge, NY",📍 Hauppauge,NY,United States,Not specified,,,,Space & Defense,2026-08-26,2026-08-26,https://lourdesinc.com/careers,known_careers_url,3,success
db4d1d39c828,2026-08-26,ee835297a5f7,Magellan Aerospace,https://magellan.aero/,https://careers.magellan.aero/search?createNewAlert=false&q=&locationsearch=&optionsFacetsDD_department=,Tax Manager,https://careers.magellan.aero/job/Mississauga-Tax-Manager-ON-L4T-1A9/603893417,"Bohemia, NY, United States",Bohemia,NY,United States,Not specified,,,,Core Space,2026-08-26,2026-08-26,https://careers.magellan.aero/search?createNewAlert=false&q=&locationsearch=&optionsFacetsDD_department=,linked_page,4,success_after_fallback
766de45c86ca,2026-08-26,ee835297a5f7,Magellan Aerospace,https://magellan.aero/,https://careers.magellan.aero/search?createNewAlert=false&q=&locationsearch=&optionsFacetsDD_department=,Financial Analyst (3 Months Contract),https://careers.magellan.aero/job/Mississauga-Financial-Analyst-%283-Months-Contract%29-ON-L4T-1A9/603893317,"Bohemia, NY, United States",Bohemia,NY,United States,Not specified,,,,Core Space,2026-08-26,2026-08-26,https://careers.magellan.aero/search?createNewAlert=false&q=&locationsearch=&optionsFacetsDD_department=,linked_page,4,success_after_fallback
bcac4269d7ca,2026-08-26,ee835297a5f7,Magellan Aerospace,https://magellan.aero/,https://careers.magellan.aero/search?createNewAlert=false&q=&locationsearch=&optionsFacetsDD_department=,Materials Control Manager,https://careers.magellan.aero/job/Mississauga-Materials-Control-Manager-ON-L4T-1A9/599540917,"Bohemia, NY, United States",Bohemia,NY,United States,Not specified,,,,Core Space,2026-08-26,2026-08-26,https://careers.magellan.aero/search?createNewAlert=false&q=&locationsearch=&optionsFacetsDD_department=,linked_page,4,success_after_fallback
ddff5f57f17a,2026-08-26,ee835297a5f7,Magellan Aerospace,https://magellan.aero/,https://careers.magellan.aero/search?createNewAlert=false&q=&locationsearch=&optionsFacetsDD_department=,Abrasive Blast Technician,https://careers.magellan.aero/job/West-Babylon-Abrasive-Blast-Technician-NY-11704/600351817,"Bohemia, NY, United States",Bohemia,NY,United States,Not specified,,,,Core Space,2026-08-26,2026-08-26,https://careers.magellan.aero/search?createNewAlert=false&q=&locationsearch=&optionsFacetsDD_department=,linked_page,4,success_after_fallback
14e59691fe4e,2026-08-26,ee835297a5f7,Magellan Aerospace,https://magellan.aero/,https://careers.magellan.aero/search?createNewAlert=false&q=&locationsearch=&optionsFacetsDD_department=,Saw Operator,https://careers.magellan.aero/job/Haley-Station-Saw-Operator-ON-K0J-1Y0/605532817,"Bohemia, NY, United States",Bohemia,NY,United States,Not specified,,,,Core Space,2026-08-26,2026-08-26,https://careers.magellan.aero/search?createNewAlert=false&q=&locationsearch=&optionsFacetsDD_department=,linked_page,4,success_after_fallback
df0517105c28,2026-08-26,ee835297a5f7,Magellan Aerospace,https://magellan.aero/,https://careers.magellan.aero/search?createNewAlert=false&q=&locationsearch=&optionsFacetsDD_department=,Shipping & Receiving Associate (Second Shift),https://careers.magellan.aero/job/West-Babylon_-NY-Shipping-&-Receiving-Associate-%28Second-Shift%29-NY-11704/602016017,"Bohemia, NY, United States",Bohemia,NY,United States,Not specified,,,,Core Space,2026-08-26,2026-08-26,https://careers.magellan.aero/search?createNewAlert=false&q=&locationsearch=&optionsFacetsDD_department=,linked_page,4,success_after_fallback
b7b34b630bf0,2026-08-26,ee835297a5f7,Magellan Aerospace,https://magellan.aero/,https://careers.magellan.aero/search?createNewAlert=false&q=&locationsearch=&optionsFacetsDD_department=,Supplier Quality Engineer,https://careers.magellan.aero/job/Corona-Supplier-Quality-Engineer-NY-11368/601111117,"Bohemia, NY, United States",Bohemia,NY,United States,Not specified,,,,Core Space,2026-08-26,2026-08-26,https://careers.magellan.aero/search?createNewAlert=false&q=&locationsearch=&optionsFacetsDD_department=,linked_page,4,success_after_fallback
ec717ebe2e87,2026-08-26,c67c1581a301,Mini Circuits Brooklyn,https://www.minicircuits.com/,https://jobs.jobvite.com/mini-circuits/jobs/positions,Engineering Pipeline,https://jobs.jobvite.com/mini-circuits/jobs/pipeline,"Brooklyn, NY, United States",Brooklyn,NY,United States,Not specified,,,,Core Space,2026-08-26,2026-08-26,https://jobs.jobvite.com/mini-circuits/jobs/positions,known_careers_url,4,success
7c2b05893454,2026-08-26,c67c1581a301,Mini Circuits Brooklyn,https://www.minicircuits.com/,https://jobs.jobvite.com/mini-circuits/jobs/positions,"Regulatory Compliance & Sustainability Program Manager Full-Time Melville, New York",https://jobs.jobvite.com/mini-circuits/job/ol5rAfwb,"Melville, New York",Melville,NY,United States,Not specified,,,,Core Space,2026-08-26,2026-08-26,https://jobs.jobvite.com/mini-circuits/jobs/positions,known_careers_url,4,success
2a21ec37be01,2026-08-26,c67c1581a301,Mini Circuits Brooklyn,https://www.minicircuits.com/,https://jobs.jobvite.com/mini-circuits/jobs/positions,"Sr. Manager AI & Software Engineering Full-Time Melville, New York",https://jobs.jobvite.com/mini-circuits/job/ofRFAfw5,"Melville, New York",Melville,NY,United States,Not specified,,,,Core Space,2026-08-26,2026-08-26,https://jobs.jobvite.com/mini-circuits/jobs/positions,known_careers_url,4,success
360524bd87e7,2026-08-26,c67c1581a301,Mini Circuits Brooklyn,https://www.minicircuits.com/,https://jobs.jobvite.com/mini-circuits/jobs/positions,"Production Test Team Leader Full-Time Hialeah, Florida",https://jobs.jobvite.com/mini-circuits/job/oxGFAfwc,"Hialeah, Florida",Hialeah,FL,United States,Not specified,,,,Core Space,2026-08-26,2026-08-26,https://jobs.jobvite.com/mini-circuits/jobs/positions,known_careers_url,4,success
8cad20fc2886,2026-08-26,c67c1581a301,Mini Circuits Brooklyn,https://www.minicircuits.com/,https://jobs.jobvite.com/mini-circuits/jobs/positions,"Engineering Manager Full-Time Melville, New York",https://jobs.jobvite.com/mini-circuits/job/o856zfwC,"Melville, New York",Melville,NY,United States,Not specified,,,,Core Space,2026-08-26,2026-08-26,https://jobs.jobvite.com/mini-circuits/jobs/positions,known_careers_url,4,success
6e74b6f1efe0,2026-08-26,c67c1581a301,Mini Circuits Brooklyn,https://www.minicircuits.com/,https://jobs.jobvite.com/mini-circuits/jobs/positions,Field Applications Engineer - West Coast,https://jobs.jobvite.com/mini-circuits/job/o9l3zfwQ,"Remote, California",Remote,CA,United States,Remote,,,,Core Space,2026-08-26,2026-08-26,https://jobs.jobvite.com/mini-circuits/jobs/positions,known_careers_url,4,success
913280d599b2,2026-08-26,c67c1581a301,Mini Circuits Brooklyn,https://www.minicircuits.com/,https://jobs.jobvite.com/mini-circuits/jobs/positions,Field Applications Engineer NA Central,https://jobs.jobvite.com/mini-circuits/job/oaGmAfww,"Remote, New York",Remote,NY,United States,Remote,,,,Core Space,2026-08-26,2026-08-26,https://jobs.jobvite.com/mini-circuits/jobs/positions,known_careers_url,4,success
ce59b6ee18c5,2026-08-26,c67c1581a301,Mini Circuits Brooklyn,https://www.minicircuits.com/,https://jobs.jobvite.com/mini-circuits/jobs/positions,RF Technician I,https://jobs.jobvite.com/mini-circuits/job/oq5vAfwk,"Deer Park, New York",Deer Park,NY,United States,Not specified,,,,Core Space,2026-08-26,2026-08-26,https://jobs.jobvite.com/mini-circuits/jobs/positions,known_careers_url,4,success
721aa585ae84,2026-08-26,c67c1581a301,Mini Circuits Brooklyn,https://www.minicircuits.com/,https://jobs.jobvite.com/mini-circuits/jobs/positions,Robotic Operations Specialist,https://jobs.jobvite.com/mini-circuits/job/o4KAAfwI,"Deer Park, New York",Deer Park,NY,United States,Not specified,,,,Core Space,2026-08-26,2026-08-26,https://jobs.jobvite.com/mini-circuits/jobs/positions,known_careers_url,4,success
cda7e5624678,2026-08-26,c67c1581a301,Mini Circuits Brooklyn,https://www.minicircuits.com/,https://jobs.jobvite.com/mini-circuits/jobs/positions,Warehouse Operator I,https://jobs.jobvite.com/mini-circuits/job/oWcFAfw7,"Deer Park, New York",Deer Park,NY,United States,Not specified,,,,Core Space,2026-08-26,2026-08-26,https://jobs.jobvite.com/mini-circuits/jobs/positions,known_careers_url,4,success
3cab2ab376c8,2026-08-26,c67c1581a301,Mini Circuits Brooklyn,https://www.minicircuits.com/,https://jobs.jobvite.com/mini-circuits/jobs/positions,Senior Manager Environmental Health & Safety,https://jobs.jobvite.com/mini-circuits/job/od4qAfw1,"Brooklyn, NY, United States",Brooklyn,NY,United States,Not specified,,,,Core Space,2026-08-26,2026-08-26,https://jobs.jobvite.com/mini-circuits/jobs/positions,known_careers_url,4,success
ff326000f6a1,2026-08-26,c67c1581a301,Mini Circuits Brooklyn,https://www.minicircuits.com/,https://jobs.jobvite.com/mini-circuits/jobs/positions,Engineer Operations Manager - DBU,https://jobs.jobvite.com/mini-circuits/job/o9R8zfwr,"Melville, New York",Melville,NY,United States,Not specified,,,,Core Space,2026-08-26,2026-08-26,https://jobs.jobvite.com/mini-circuits/jobs/positions,known_careers_url,4,success
b2adc8c2a082,2026-08-26,c67c1581a301,Mini Circuits Brooklyn,https://www.minicircuits.com/,https://jobs.jobvite.com/mini-circuits/jobs/positions,Mechanical Design Engineer I,https://jobs.jobvite.com/mini-circuits/job/oWJAAfwz,"Melville, New York",Melville,NY,United States,Not specified,,,,Core Space,2026-08-26,2026-08-26,https://jobs.jobvite.com/mini-circuits/jobs/positions,known_careers_url,4,success
cad7ef9c7bf2,2026-08-26,c67c1581a301,Mini Circuits Brooklyn,https://www.minicircuits.com/,https://jobs.jobvite.com/mini-circuits/jobs/positions,RF Design Engineer I,https://jobs.jobvite.com/mini-circuits/job/oaJjAfww,"Hialeah, Florida",Hialeah,FL,United States,Not specified,,,,Core Space,2026-08-26,2026-08-26,https://jobs.jobvite.com/mini-circuits/jobs/positions,known_careers_url,4,success
fd6473f727d6,2026-08-26,c67c1581a301,Mini Circuits Brooklyn,https://www.minicircuits.com/,https://jobs.jobvite.com/mini-circuits/jobs/positions,Senior Manager of Design Engineering,https://jobs.jobvite.com/mini-circuits/job/ocTgvfwA,"Hialeah, Florida",Hialeah,FL,United States,Not specified,,,,Core Space,2026-08-26,2026-08-26,https://jobs.jobvite.com/mini-circuits/jobs/positions,known_careers_url,4,success
708c76c41cf3,2026-08-26,c67c1581a301,Mini Circuits Brooklyn,https://www.minicircuits.com/,https://jobs.jobvite.com/mini-circuits/jobs/positions,Senior Product Engineer,https://jobs.jobvite.com/mini-circuits/job/omwuzfwF,"Hialeah, Florida",Hialeah,FL,United States,Not specified,,,,Core Space,2026-08-26,2026-08-26,https://jobs.jobvite.com/mini-circuits/jobs/positions,known_careers_url,4,success
a156d077534b,2026-08-26,c67c1581a301,Mini Circuits Brooklyn,https://www.minicircuits.com/,https://jobs.jobvite.com/mini-circuits/jobs/positions,Principal Design Engineer,https://jobs.jobvite.com/mini-circuits/job/oML0zfwQ,"Carlsbad, California",Carlsbad,CA,United States,Not specified,,,,Core Space,2026-08-26,2026-08-26,https://jobs.jobvite.com/mini-circuits/jobs/positions,known_careers_url,4,success
ad4046e78f2f,2026-08-26,c67c1581a301,Mini Circuits Brooklyn,https://www.minicircuits.com/,https://jobs.jobvite.com/mini-circuits/jobs/positions,RF Test Engineer - MMIC,https://jobs.jobvite.com/mini-circuits/job/oaxwAfwx,"Carlsbad, California",Carlsbad,CA,United States,Not specified,,,,Core Space,2026-08-26,2026-08-26,https://jobs.jobvite.com/mini-circuits/jobs/positions,known_careers_url,4,success
f58acd793692,2026-08-26,c67c1581a301,Mini Circuits Brooklyn,https://www.minicircuits.com/,https://jobs.jobvite.com/mini-circuits/jobs/positions,Development Test Engineer II,https://jobs.jobvite.com/mini-circuits/job/ofhVzfwK,"Brooklyn, New York",Brooklyn,NY,United States,Not specified,,,,Core Space,2026-08-26,2026-08-26,https://jobs.jobvite.com/mini-circuits/jobs/positions,known_careers_url,4,success
95fd8732f9fe,2026-08-26,c67c1581a301,Mini Circuits Brooklyn,https://www.minicircuits.com/,https://jobs.jobvite.com/mini-circuits/jobs/positions,PCB Designer II - MMIC,https://jobs.jobvite.com/mini-circuits/job/ovBkAfwK,"Melville, New York",Melville,NY,United States,Not specified,,,,Core Space,2026-08-26,2026-08-26,https://jobs.jobvite.com/mini-circuits/jobs/positions,known_careers_url,4,success
3a888e3d6aa2,2026-08-26,c67c1581a301,Mini Circuits Brooklyn,https://www.minicircuits.com/,https://jobs.jobvite.com/mini-circuits/jobs/positions,Senior Mechanical Design Engineer,https://jobs.jobvite.com/mini-circuits/job/ocdjAfw2,"Melville, New York",Melville,NY,United States,Not specified,,,,Core Space,2026-08-26,2026-08-26,https://jobs.jobvite.com/mini-circuits/jobs/positions,known_careers_url,4,success
40e0570eb75b,2026-08-26,c67c1581a301,Mini Circuits Brooklyn,https://www.minicircuits.com/,https://jobs.jobvite.com/mini-circuits/jobs/positions,Level 1 General Assembly Operator,https://jobs.jobvite.com/mini-circuits/job/oXFFAfwB,"Hialeah, Florida",Hialeah,FL,United States,Not specified,,,,Core Space,2026-08-26,2026-08-26,https://jobs.jobvite.com/mini-circuits/jobs/positions,known_careers_url,4,success
e4379a06ee4a,2026-08-26,c67c1581a301,Mini Circuits Brooklyn,https://www.minicircuits.com/,https://jobs.jobvite.com/mini-circuits/jobs/positions,Manager - Global Supply Chain Systems,https://jobs.jobvite.com/mini-circuits/job/oydFAfwK,"Melville, New York",Melville,NY,United States,Not specified,,,,Core Space,2026-08-26,2026-08-26,https://jobs.jobvite.com/mini-circuits/jobs/positions,known_careers_url,4,success
3b79409f6427,2026-08-26,c67c1581a301,Mini Circuits Brooklyn,https://www.minicircuits.com/,https://jobs.jobvite.com/mini-circuits/jobs/positions,Automation Systems Engineer II,https://jobs.jobvite.com/mini-circuits/job/oUNKyfwJ,"Brooklyn, New York",Brooklyn,NY,United States,Not specified,,,,Core Space,2026-08-26,2026-08-26,https://jobs.jobvite.com/mini-circuits/jobs/positions,known_careers_url,4,success
9d9a98d628aa,2026-08-26,c67c1581a301,Mini Circuits Brooklyn,https://www.minicircuits.com/,https://jobs.jobvite.com/mini-circuits/jobs/positions,Manufacturing Automation Technician,https://jobs.jobvite.com/mini-circuits/job/oFs4zfwu,"Brooklyn, New York",Brooklyn,NY,United States,Not specified,,,,Core Space,2026-08-26,2026-08-26,https://jobs.jobvite.com/mini-circuits/jobs/positions,known_careers_url,4,success
c839efcea6da,2026-08-26,c67c1581a301,Mini Circuits Brooklyn,https://www.minicircuits.com/,https://jobs.jobvite.com/mini-circuits/jobs/positions,NA Operations Project Manager III,https://jobs.jobvite.com/mini-circuits/job/oMhWyfwh,"Brooklyn, New York",Brooklyn,NY,United States,Not specified,,,,Core Space,2026-08-26,2026-08-26,https://jobs.jobvite.com/mini-circuits/jobs/positions,known_careers_url,4,success
d6ba4f131525,2026-08-26,c67c1581a301,Mini Circuits Brooklyn,https://www.minicircuits.com/,https://jobs.jobvite.com/mini-circuits/jobs/positions,SAP ERP Manager,https://jobs.jobvite.com/mini-circuits/job/ogUJzfwc,"Brooklyn, NY, United States",Brooklyn,NY,United States,Not specified,,,,Core Space,2026-08-26,2026-08-26,https://jobs.jobvite.com/mini-circuits/jobs/positions,known_careers_url,4,success
1f5311b4790e,2026-08-26,c67c1581a301,Mini Circuits Brooklyn,https://www.minicircuits.com/,https://jobs.jobvite.com/mini-circuits/jobs/positions,SAP Finance (FICO) Solution Specialist,https://jobs.jobvite.com/mini-circuits/job/o4t2zfwS,"Melville, New York",Melville,NY,United States,Not specified,,,,Core Space,2026-08-26,2026-08-26,https://jobs.jobvite.com/mini-circuits/jobs/positions,known_careers_url,4,success
f2f0b0edb725,2026-08-26,c67c1581a301,Mini Circuits Brooklyn,https://www.minicircuits.com/,https://jobs.jobvite.com/mini-circuits/jobs/positions,SAP Master Data Solution Specialist,https://jobs.jobvite.com/mini-circuits/job/oK7LvfwR,"Melville, New York",Melville,NY,United States,Not specified,,,,Core Space,2026-08-26,2026-08-26,https://jobs.jobvite.com/mini-circuits/jobs/positions,known_careers_url,4,success
617178dc5c6b,2026-08-26,c67c1581a301,Mini Circuits Brooklyn,https://www.minicircuits.com/,https://jobs.jobvite.com/mini-circuits/jobs/positions,Quality Engineer,https://jobs.jobvite.com/mini-circuits/job/o3mxxfwd,"Hialeah, Florida",Hialeah,FL,United States,Not specified,,,,Core Space,2026-08-26,2026-08-26,https://jobs.jobvite.com/mini-circuits/jobs/positions,known_careers_url,4,success
ed2fb6233c1f,2026-08-26,c67c1581a301,Mini Circuits Brooklyn,https://www.minicircuits.com/,https://jobs.jobvite.com/mini-circuits/jobs/positions,Reliability Technician,https://jobs.jobvite.com/mini-circuits/job/oZrrAfwb,"Brooklyn, New York",Brooklyn,NY,United States,Not specified,,,,Core Space,2026-08-26,2026-08-26,https://jobs.jobvite.com/mini-circuits/jobs/positions,known_careers_url,4,success
77284f85f386,2026-08-26,c67c1581a301,Mini Circuits Brooklyn,https://www.minicircuits.com/,https://jobs.jobvite.com/mini-circuits/jobs/positions,Senior Reliability Technician,https://jobs.jobvite.com/mini-circuits/job/oRrrAfw3,"Brooklyn, New York",Brooklyn,NY,United States,Not specified,,,,Core Space,2026-08-26,2026-08-26,https://jobs.jobvite.com/mini-circuits/jobs/positions,known_careers_url,4,success
803b97524767,2026-08-26,c67c1581a301,Mini Circuits Brooklyn,https://www.minicircuits.com/,https://jobs.jobvite.com/mini-circuits/jobs/positions,Regional Sales Manager - NA Central,https://jobs.jobvite.com/mini-circuits/job/oj4bAfwS,"Brooklyn, NY, United States",Brooklyn,NY,United States,Not specified,,,,Core Space,2026-08-26,2026-08-26,https://jobs.jobvite.com/mini-circuits/jobs/positions,known_careers_url,4,success
dd051daf762f,2026-08-26,c67c1581a301,Mini Circuits Brooklyn,https://www.minicircuits.com/,https://jobs.jobvite.com/mini-circuits/jobs/positions,Sales Operations Director,https://jobs.jobvite.com/mini-circuits/job/oYvNzfwz,"Melville, New York",Melville,NY,United States,Not specified,,,,Core Space,2026-08-26,2026-08-26,https://jobs.jobvite.com/mini-circuits/jobs/positions,known_careers_url,4,success
4add009a0d64,2026-08-26,c67c1581a301,Mini Circuits Brooklyn,https://www.minicircuits.com/,https://jobs.jobvite.com/mini-circuits/jobs/positions,Level 2 Switch Assembly Operator,https://jobs.jobvite.com/mini-circuits/job/oAHkAfwV,"Brooklyn, New York",Brooklyn,NY,United States,Not specified,,,,Core Space,2026-08-26,2026-08-26,https://jobs.jobvite.com/mini-circuits/jobs/positions,known_careers_url,4,success
56cc516f34eb,2026-08-26,c67c1581a301,Mini Circuits Brooklyn,https://www.minicircuits.com/,https://jobs.jobvite.com/mini-circuits,Regulatory Compliance & Sustainability Program Manager,https://jobs.jobvite.com/mini-circuits/jobs/positions,"Brooklyn, NY, United States",Brooklyn,NY,United States,Not specified,,,,Core Space,2026-08-26,2026-08-26,https://jobs.jobvite.com/mini-circuits,ats_detected,4,success_after_fallback
1d50b7362d2c,2026-08-26,6a2f5abb3318,North Atlantic Industries,https://www.naii.com/,https://www.naii.com/Opportunities,Intern It Helpdesk Tech Fall,https://recruiting.paylocity.com/recruiting/jobs/Apply/4399410/North-Atlantic-Industries-Inc/Intern-IT-Helpdesk-Tech-Fall-2026,"Bohemia, NY",Bohemia,NY,United States,Not specified,,,,Space & Defense,2026-08-26,2026-08-26,https://www.naii.com/Opportunities,linked_page,4,success_after_fallback
06bb9876fe36,2026-08-26,6a2f5abb3318,North Atlantic Industries,https://www.naii.com/,https://www.naii.com/Opportunities,Electronics Technician I,https://recruiting.paylocity.com/recruiting/jobs/Apply/4438944/North-Atlantic-Industries-Inc/Electronics-Technician-I,"Bohemia, NY",Bohemia,NY,United States,Not specified,,,,Space & Defense,2026-08-26,2026-08-26,https://www.naii.com/Opportunities,linked_page,4,success_after_fallback
e873bf37be8f,2026-08-26,6a2f5abb3318,North Atlantic Industries,https://www.naii.com/,https://www.naii.com/Opportunities,Pcb Designer Iii Hybrid,https://recruiting.paylocity.com/recruiting/jobs/Apply/4438140/North-Atlantic-Industries-Inc/PCB-Designer-III-Hybrid,"Bohemia, NY",Bohemia,NY,United States,Hybrid,,,,Space & Defense,2026-08-26,2026-08-26,https://www.naii.com/Opportunities,linked_page,4,success_after_fallback
bbace41f8358,2026-08-26,6a2f5abb3318,North Atlantic Industries,https://www.naii.com/,https://www.naii.com/Opportunities,Sustaining Engineer,https://recruiting.paylocity.com/recruiting/jobs/Apply/4438613/North-Atlantic-Industries-Inc/Sustaining-Engineer,"Bohemia, NY",Bohemia,NY,United States,Not specified,,,,Space & Defense,2026-08-26,2026-08-26,https://www.naii.com/Opportunities,linked_page,4,success_after_fallback
5a4a9777ff8d,2026-08-26,6a2f5abb3318,North Atlantic Industries,https://www.naii.com/,https://www.naii.com/Opportunities,Mechanical Engineer Ii Electronics Packaging Thermal Design,https://recruiting.paylocity.com/recruiting/jobs/Apply/4438131/North-Atlantic-Industries-Inc/Mechanical-Engineer-II---Electronics-Packaging-Thermal-Design,"Bohemia, NY",Bohemia,NY,United States,Not specified,,,,Space & Defense,2026-08-26,2026-08-26,https://www.naii.com/Opportunities,linked_page,4,success_after_fallback
3e66b7d91653,2026-08-26,6a2f5abb3318,North Atlantic Industries,https://www.naii.com/,https://www.naii.com/Opportunities,Intern Process Engineer,https://recruiting.paylocity.com/recruiting/jobs/Apply/4435511/North-Atlantic-Industries-Inc/Intern---Process-Engineer,"Rapid City, South Dakota",Rapid City,SD,United States,Not specified,,,,Space & Defense,2026-08-26,2026-08-26,https://www.naii.com/Opportunities,linked_page,4,success_after_fallback
538bc55cef72,2026-08-26,6a2f5abb3318,North Atlantic Industries,https://www.naii.com/,https://www.naii.com/Opportunities,Regional Sales Manager,https://recruiting.paylocity.com/recruiting/jobs/Apply/4349376/North-Atlantic-Industries-Inc/Regional-Sales-Manager,"Phoenix, AZ",Phoenix,AZ,United States,Not specified,,,,Space & Defense,2026-08-26,2026-08-26,https://www.naii.com/Opportunities,linked_page,4,success_after_fallback
3cd9bf7011ab,2026-08-26,6a2f5abb3318,North Atlantic Industries,https://www.naii.com/,https://www.naii.com/Opportunities,Regional Sales Manager,https://recruiting.paylocity.com/recruiting/jobs/Apply/4369018/North-Atlantic-Industries-Inc/Regional-Sales-Manager,"Los Angeles, CA",Los Angeles,CA,United States,Not specified,,,,Space & Defense,2026-08-26,2026-08-26,https://www.naii.com/Opportunities,linked_page,4,success_after_fallback
8d12cdb46525,2026-08-26,6a2f5abb3318,North Atlantic Industries,https://www.naii.com/,https://www.naii.com/Opportunities,Manufacturing Engineer I,https://recruiting.paylocity.com/recruiting/jobs/Apply/4450727/North-Atlantic-Industries-Inc/Manufacturing-Engineer-I,"Bohemia, NY",Bohemia,NY,United States,Not specified,,,,Space & Defense,2026-08-26,2026-08-26,https://www.naii.com/Opportunities,linked_page,4,success_after_fallback
45efdd2e7f6e,2026-08-26,6a2f5abb3318,North Atlantic Industries,https://www.naii.com/,https://www.naii.com/Opportunities,Electronics Applications Engineer Ii Hybrid,https://recruiting.paylocity.com/recruiting/jobs/Apply/4450709/North-Atlantic-Industries-Inc/Electronics-Applications-Engineer-II-Hybrid,"Bohemia, NY",Bohemia,NY,United States,Hybrid,,,,Space & Defense,2026-08-26,2026-08-26,https://www.naii.com/Opportunities,linked_page,4,success_after_fallback
92f6025efe59,2026-08-26,6a2f5abb3318,North Atlantic Industries,https://www.naii.com/,https://www.naii.com/Opportunities,Quality Assurance Engineer I,https://recruiting.paylocity.com/recruiting/jobs/Apply/4450692/North-Atlantic-Industries-Inc/Quality-Assurance-Engineer-I,"Bohemia, NY",Bohemia,NY,United States,Not specified,,,,Space & Defense,2026-08-26,2026-08-26,https://www.naii.com/Opportunities,linked_page,4,success_after_fallback
1034c7d5c0b5,2026-08-26,6a2f5abb3318,North Atlantic Industries,https://www.naii.com/,https://www.naii.com/Opportunities,Intern Software Engineer Fall,https://recruiting.paylocity.com/recruiting/jobs/Apply/4450421/North-Atlantic-Industries-Inc/Intern-Software-Engineer-Fall-2026,"Bohemia, NY",Bohemia,NY,United States,Not specified,,,,Space & Defense,2026-08-26,2026-08-26,https://www.naii.com/Opportunities,linked_page,4,success_after_fallback
e30d7f6b496a,2026-08-26,6a2f5abb3318,North Atlantic Industries,https://www.naii.com/,https://www.naii.com/Opportunities,Intern Full Stack Software Engineer Fall,https://recruiting.paylocity.com/recruiting/jobs/Apply/4450017/North-Atlantic-Industries-Inc/Intern-Full-Stack-Software-Engineer-Fall-2026,"Bohemia, NY",Bohemia,NY,United States,Not specified,,,,Space & Defense,2026-08-26,2026-08-26,https://www.naii.com/Opportunities,linked_page,4,success_after_fallback
b2c5bb0b2c7b,2026-08-26,6a2f5abb3318,North Atlantic Industries,https://www.naii.com/,https://www.naii.com/Opportunities,Npi Smt Process Engineer,https://recruiting.paylocity.com/recruiting/jobs/Apply/4438125/North-Atlantic-Industries-Inc/NPI-SMT-Process-Engineer,"Bohemia, NY",Bohemia,NY,United States,Not specified,,,,Space & Defense,2026-08-26,2026-08-26,https://www.naii.com/Opportunities,linked_page,4,success_after_fallback
a7c7bbb57d21,2026-08-26,0197a4411659,RCM Engineering,https://rcmengineeringgroup.com/,https://jobs.rcmhealthcare.com/,Technician Columbia South Carolina,https://jobs.rcmhealthcare.com/job/332790-technician-columbia-south-carolina,"West Sayville, NY, United States",West Sayville,NY,United States,Not specified,,,,Aerospace,2026-08-26,2026-08-26,https://jobs.rcmhealthcare.com/,linked_page,4,success_after_fallback
192ed4b68efa,2026-08-26,0197a4411659,RCM Engineering,https://rcmengineeringgroup.com/,https://jobs.rcmhealthcare.com/,Technician Boston Massachusetts,https://jobs.rcmhealthcare.com/job/331682-technician-boston-massachusetts,"West Sayville, NY, United States",West Sayville,NY,United States,Not specified,,,,Aerospace,2026-08-26,2026-08-26,https://jobs.rcmhealthcare.com/,linked_page,4,success_after_fallback
92b0a6d0d040,2026-08-26,0939c3d7e29f,Saab Group,https://www.saab.com/,https://www.saab.com/career/job-opportunities,Contract Quality Manager ﻿,https://www.saab.com/career/job-opportunities/contract-quality-manager,"East Syracuse, NY, United States",East Syracuse,NY,United States,Not specified,,,,Space & Defense,2026-08-26,2026-08-26,https://www.saab.com/career/job-opportunities,known_careers_url,3,success
826793eb5cfa,2026-08-26,0939c3d7e29f,Saab Group,https://www.saab.com/,https://www.saab.com/career/job-opportunities,Contract Manager - Gripen FMV ﻿,https://www.saab.com/career/job-opportunities/contract-manager---gripen-fmv,"East Syracuse, NY, United States",East Syracuse,NY,United States,Not specified,,,,Space & Defense,2026-08-26,2026-08-26,https://www.saab.com/career/job-opportunities,known_careers_url,3,success
8c2ed35ec687,2026-08-26,0939c3d7e29f,Saab Group,https://www.saab.com/,https://www.saab.com/career/job-opportunities,HR Manager (m/w/d) Compensation & Benefits ﻿,https://www.saab.com/career/job-opportunities/hr-manager-mwd-compensation--benefits,"East Syracuse, NY, United States",East Syracuse,NY,United States,Not specified,,,,Space & Defense,2026-08-26,2026-08-26,https://www.saab.com/career/job-opportunities,known_careers_url,3,success
8e3b8baf19f8,2026-08-26,0939c3d7e29f,Saab Group,https://www.saab.com/,https://www.saab.com/career/job-opportunities,Head of Hybrid Navy Business Development and Sales ﻿,https://www.saab.com/career/job-opportunities/head-of-hybrid-navy-business-development-and-sales,"East Syracuse, NY, United States",East Syracuse,NY,United States,Hybrid,,,,Space & Defense,2026-08-26,2026-08-26,https://www.saab.com/career/job-opportunities,known_careers_url,3,success
7733fd0da0e1,2026-08-26,0939c3d7e29f,Saab Group,https://www.saab.com/,https://www.saab.com/career/job-opportunities,Contract Manager (m/w/d) ﻿,https://www.saab.com/career/job-opportunities/contract-manager-mwd,"East Syracuse, NY, United States",East Syracuse,NY,United States,Not specified,,,,Space & Defense,2026-08-26,2026-08-26,https://www.saab.com/career/job-opportunities,known_careers_url,3,success
36dd7539b177,2026-08-26,0939c3d7e29f,Saab Group,https://www.saab.com/,https://saabgroup.wd116.myworkdayjobs.com/Saab_careers/job/Linkping---Brderna-Ugglas-Gata/Systemingenjr-CAMO_REQ_43447/apply,SystemingenjÃ¶r CAMO,https://saabgroup.wd116.myworkdayjobs.com/Saab_careers/job/Linkping---Brderna-Ugglas-Gata/Systemingenjr-CAMO_REQ_43447/apply,"LinkÃ¶ping - BrÃ¶derna Ugglas Gata, Sweden",LinkÃ¶ping - BrÃ¶derna Ugglas Gata,,Sweden,Not specified,,,,Space & Defense,2026-08-26,2026-08-26,https://saabgroup.wd116.myworkdayjobs.com/Saab_careers/job/Linkping---Brderna-Ugglas-Gata/Systemingenjr-CAMO_REQ_43447/apply,ats_detected,3,success_after_fallback
f436832b2ae7,2026-08-26,0939c3d7e29f,Saab Group,https://www.saab.com/,https://saabgroup.wd116.myworkdayjobs.com/Saab_careers/job/Linkping---Brderna-Ugglas-Gata/Driven-ingenjr-skes-till-Flight-Data-and-Navigation-fr-utveckling-av-Gripen-E-F_REQ_44610/apply,Driven ingenjÃ¶r sÃ¶kes till Flight Data and Navigation fÃ¶r utveckling av Gripen E/F,https://saabgroup.wd116.myworkdayjobs.com/Saab_careers/job/Linkping---Brderna-Ugglas-Gata/Driven-ingenjr-skes-till-Flight-Data-and-Navigation-fr-utveckling-av-Gripen-E-F_REQ_44610/apply,"LinkÃ¶ping - BrÃ¶derna Ugglas Gata, Sweden",LinkÃ¶ping - BrÃ¶derna Ugglas Gata,,Sweden,Not specified,,,,Space & Defense,2026-08-26,2026-08-26,https://saabgroup.wd116.myworkdayjobs.com/Saab_careers/job/Linkping---Brderna-Ugglas-Gata/Driven-ingenjr-skes-till-Flight-Data-and-Navigation-fr-utveckling-av-Gripen-E-F_REQ_44610/apply,ats_detected,3,success_after_fallback
25931b81e3ee,2026-08-26,0939c3d7e29f,Saab Group,https://www.saab.com/,https://www.saab.com/career/job-opportunities/future-business-model-specialist,Future Business Model Specialist Req,https://saabgroup.wd116.myworkdayjobs.com/Saab_careers/job/Stockholm---Solna/Future-Business-Model-Specialist_REQ_44533/apply,"East Syracuse, NY, United States",East Syracuse,NY,United States,Not specified,,,,Space & Defense,2026-08-26,2026-08-26,https://www.saab.com/career/job-opportunities/future-business-model-specialist,linked_page,4,success_after_fallback
0b2f87b7a4da,2026-08-26,fdb04d86542a,SRI International,https://www.sri.com/,https://careers-sri.icims.com/jobs/search?ss=1&hashed=-625949242,Title Sr Research Engineer - RF & Systems Engineer,https://careers-sri.icims.com/jobs/6458/sr-research-engineer---rf-%26-systems-engineer/job,"Manhattan, NY, United States",Manhattan,NY,United States,Remote,,,,Core Space,2026-08-26,2026-08-26,https://careers-sri.icims.com/jobs/search?ss=1&hashed=-625949242,ats_detected,5,success_after_fallback
af0dace94594,2026-08-26,fdb04d86542a,SRI International,https://www.sri.com/,https://careers-sri.icims.com/jobs/search?ss=1&hashed=-625949242,"Title Research Engineer II/III - FPGA, real-time and HPC code development (C programming)",https://careers-sri.icims.com/jobs/6457/research-engineer-ii-iii---fpga%2c-real-time-and-hpc-code-development-%28c-programming%29/job,"Manhattan, NY, United States",Manhattan,NY,United States,Remote,,,,Core Space,2026-08-26,2026-08-26,https://careers-sri.icims.com/jobs/search?ss=1&hashed=-625949242,ats_detected,5,success_after_fallback
eee012eafc8f,2026-08-26,fdb04d86542a,SRI International,https://www.sri.com/,https://careers-sri.icims.com/jobs/search?ss=1&hashed=-625949242,Title Finance Project Analyst II/III,https://careers-sri.icims.com/jobs/6456/finance-project-analyst-ii-iii/job,"Manhattan, NY, United States",Manhattan,NY,United States,Remote,,,,Core Space,2026-08-26,2026-08-26,https://careers-sri.icims.com/jobs/search?ss=1&hashed=-625949242,ats_detected,5,success_after_fallback
5807c791eaa5,2026-08-26,fdb04d86542a,SRI International,https://www.sri.com/,https://careers-sri.icims.com/jobs/search?ss=1&hashed=-625949242,Title Sales and Operations Coordinator,https://careers-sri.icims.com/jobs/6455/sales-and-operations-coordinator/job,"Manhattan, NY, United States",Manhattan,NY,United States,Remote,,,,Core Space,2026-08-26,2026-08-26,https://careers-sri.icims.com/jobs/search?ss=1&hashed=-625949242,ats_detected,5,success_after_fallback
c0175a50d947,2026-08-26,fdb04d86542a,SRI International,https://www.sri.com/,https://careers-sri.icims.com/jobs/search?ss=1&hashed=-625949242,"Title Intern, Sleep Lab",https://careers-sri.icims.com/jobs/6454/intern%2c-sleep-lab/job,"Manhattan, NY, United States",Manhattan,NY,United States,Not specified,,,,Core Space,2026-08-26,2026-08-26,https://careers-sri.icims.com/jobs/search?ss=1&hashed=-625949242,ats_detected,5,success_after_fallback
0087209107d7,2026-08-26,fdb04d86542a,SRI International,https://www.sri.com/,https://careers-sri.icims.com/jobs/search?ss=1&hashed=-625949242,Title Marketing Specialist - Full Time-Temporary,https://careers-sri.icims.com/jobs/6450/marketing-specialist---full-time-temporary/job,"Manhattan, NY, United States",Manhattan,NY,United States,Remote,,,,Core Space,2026-08-26,2026-08-26,https://careers-sri.icims.com/jobs/search?ss=1&hashed=-625949242,ats_detected,5,success_after_fallback
c44ad4764b51,2026-08-26,fdb04d86542a,SRI International,https://www.sri.com/,https://careers-sri.icims.com/jobs/search?ss=1&hashed=-625949242,Title Principal Image Sensor Development Engineer,https://careers-sri.icims.com/jobs/6448/principal-image-sensor-development-engineer/job,"Manhattan, NY, United States",Manhattan,NY,United States,Not specified,,,,Core Space,2026-08-26,2026-08-26,https://careers-sri.icims.com/jobs/search?ss=1&hashed=-625949242,ats_detected,5,success_after_fallback
28df1f4c1bd9,2026-08-26,fdb04d86542a,SRI International,https://www.sri.com/,https://careers-sri.icims.com/jobs/search?ss=1&hashed=-625949242,Title IC Layout Engineer III,https://careers-sri.icims.com/jobs/6445/ic-layout-engineer-iii/job,"Manhattan, NY, United States",Manhattan,NY,United States,Not specified,,,,Core Space,2026-08-26,2026-08-26,https://careers-sri.icims.com/jobs/search?ss=1&hashed=-625949242,ats_detected,5,success_after_fallback
83cd75cf6b13,2026-08-26,fdb04d86542a,SRI International,https://www.sri.com/,https://careers-sri.icims.com/jobs/search?ss=1&hashed=-625949242,Title Associate Contracts Officer,https://careers-sri.icims.com/jobs/6443/associate-contracts-officer/job,"Manhattan, NY, United States",Manhattan,NY,United States,Remote,,,,Core Space,2026-08-26,2026-08-26,https://careers-sri.icims.com/jobs/search?ss=1&hashed=-625949242,ats_detected,5,success_after_fallback
6f88f052d223,2026-08-26,fdb04d86542a,SRI International,https://www.sri.com/,https://careers-sri.icims.com/jobs/search?ss=1&hashed=-625949242,Title Analog IC Design Engineer,https://careers-sri.icims.com/jobs/6441/analog-ic-design-engineer/job,"Manhattan, NY, United States",Manhattan,NY,United States,Not specified,,,,Core Space,2026-08-26,2026-08-26,https://careers-sri.icims.com/jobs/search?ss=1&hashed=-625949242,ats_detected,5,success_after_fallback
4d7d959e3ed1,2026-08-26,fdb04d86542a,SRI International,https://www.sri.com/,https://careers-sri.icims.com/jobs/search?ss=1&hashed=-625949242,"Title Research Scientist, electron beam lithography",https://careers-sri.icims.com/jobs/6440/research-scientist%2c-electron-beam-lithography/job,"Manhattan, NY, United States",Manhattan,NY,United States,On-site,,,,Core Space,2026-08-26,2026-08-26,https://careers-sri.icims.com/jobs/search?ss=1&hashed=-625949242,ats_detected,5,success_after_fallback
64b737edd5d0,2026-08-26,fdb04d86542a,SRI International,https://www.sri.com/,https://careers-sri.icims.com/jobs/search?ss=1&hashed=-625949242,Title Test Engineers I,https://careers-sri.icims.com/jobs/6439/test-engineers-i/job,"Manhattan, NY, United States",Manhattan,NY,United States,Not specified,,,,Core Space,2026-08-26,2026-08-26,https://careers-sri.icims.com/jobs/search?ss=1&hashed=-625949242,ats_detected,5,success_after_fallback
6d3d0ab8b735,2026-08-26,fdb04d86542a,SRI International,https://www.sri.com/,https://careers-sri.icims.com/jobs/search?ss=1&hashed=-625949242,Title Sr. Photonics Research Engineer,https://careers-sri.icims.com/jobs/6436/sr.-photonics-research-engineer/job,"Manhattan, NY, United States",Manhattan,NY,United States,On-site,,,,Core Space,2026-08-26,2026-08-26,https://careers-sri.icims.com/jobs/search?ss=1&hashed=-625949242,ats_detected,5,success_after_fallback
fd4e35a63d72,2026-08-26,fdb04d86542a,SRI International,https://www.sri.com/,https://careers-sri.icims.com/jobs/search?ss=1&hashed=-625949242,Title Materials Research Scientist/Engineer,https://careers-sri.icims.com/jobs/6428/materials-research-scientist-engineer/job,"Manhattan, NY, United States",Manhattan,NY,United States,Not specified,,,,Core Space,2026-08-26,2026-08-26,https://careers-sri.icims.com/jobs/search?ss=1&hashed=-625949242,ats_detected,5,success_after_fallback
6a229b52cf25,2026-08-26,fdb04d86542a,SRI International,https://www.sri.com/,https://careers-sri.icims.com/jobs/search?ss=1&hashed=-625949242,Title Robotics Software Engineer - II/III,https://careers-sri.icims.com/jobs/6427/robotics-software-engineer---ii-iii/job,"Manhattan, NY, United States",Manhattan,NY,United States,On-site,,,,Core Space,2026-08-26,2026-08-26,https://careers-sri.icims.com/jobs/search?ss=1&hashed=-625949242,ats_detected,5,success_after_fallback
edcb4330653b,2026-08-26,fdb04d86542a,SRI International,https://www.sri.com/,https://careers-sri.icims.com/jobs/search?ss=1&hashed=-625949242,"Title Intern, Center for Health Sciences",https://careers-sri.icims.com/jobs/6421/intern%2c-center-for-health-sciences/job,"Manhattan, NY, United States",Manhattan,NY,United States,Not specified,,,,Core Space,2026-08-26,2026-08-26,https://careers-sri.icims.com/jobs/search?ss=1&hashed=-625949242,ats_detected,5,success_after_fallback
bb16d8c25a0b,2026-08-26,fdb04d86542a,SRI International,https://www.sri.com/,https://careers-sri.icims.com/jobs/search?ss=1&hashed=-625949242,Title Test Technician,https://careers-sri.icims.com/jobs/6419/test-technician/job,"Manhattan, NY, United States",Manhattan,NY,United States,Not specified,,,,Core Space,2026-08-26,2026-08-26,https://careers-sri.icims.com/jobs/search?ss=1&hashed=-625949242,ats_detected,5,success_after_fallback
95b1d44347a2,2026-08-26,fdb04d86542a,SRI International,https://www.sri.com/,https://careers-sri.icims.com/jobs/search?ss=1&hashed=-625949242,Title Sr Research Engineer-RF,https://careers-sri.icims.com/jobs/6407/sr-research-engineer-rf/job,"Manhattan, NY, United States",Manhattan,NY,United States,Remote,,,,Core Space,2026-08-26,2026-08-26,https://careers-sri.icims.com/jobs/search?ss=1&hashed=-625949242,ats_detected,5,success_after_fallback
8135fc124960,2026-08-26,fdb04d86542a,SRI International,https://www.sri.com/,https://careers-sri.icims.com/jobs/search?ss=1&hashed=-625949242,Title Sr Research Engineer-Project Principal Investigator - RF,https://careers-sri.icims.com/jobs/6406/sr-research-engineer-project-principal-investigator---rf/job,"Manhattan, NY, United States",Manhattan,NY,United States,Remote,,,,Core Space,2026-08-26,2026-08-26,https://careers-sri.icims.com/jobs/search?ss=1&hashed=-625949242,ats_detected,5,success_after_fallback
fc661e612cd6,2026-08-26,fdb04d86542a,SRI International,https://www.sri.com/,https://careers-sri.icims.com/jobs/search?ss=1&hashed=-625949242,Title Research Engineer II/III - RF Hardware,https://careers-sri.icims.com/jobs/6405/research-engineer-ii-iii---rf-hardware/job,"Manhattan, NY, United States",Manhattan,NY,United States,Remote,,,,Core Space,2026-08-26,2026-08-26,https://careers-sri.icims.com/jobs/search?ss=1&hashed=-625949242,ats_detected,5,success_after_fallback
f5c85183bee4,2026-08-26,fdb04d86542a,SRI International,https://www.sri.com/,https://careers-sri.icims.com/jobs/search?ss=1&hashed=-625949242,Title IC Design Engineer III,https://careers-sri.icims.com/jobs/6403/ic-design-engineer-iii/job,"Manhattan, NY, United States",Manhattan,NY,United States,Not specified,,,,Core Space,2026-08-26,2026-08-26,https://careers-sri.icims.com/jobs/search?ss=1&hashed=-625949242,ats_detected,5,success_after_fallback
4a918651f386,2026-08-26,fdb04d86542a,SRI International,https://www.sri.com/,https://careers-sri.icims.com/jobs/search?ss=1&hashed=-625949242,Title Wafer Fab Process Engineer,https://careers-sri.icims.com/jobs/6395/wafer-fab-process-engineer/job,"Manhattan, NY, United States",Manhattan,NY,United States,Not specified,,,,Core Space,2026-08-26,2026-08-26,https://careers-sri.icims.com/jobs/search?ss=1&hashed=-625949242,ats_detected,5,success_after_fallback
68175f7d031c,2026-08-26,fdb04d86542a,SRI International,https://www.sri.com/,https://careers-sri.icims.com/jobs/search?ss=1&hashed=-625949242,"Title Semiconductor Equipment Technicians, Experienced - First Shift",https://careers-sri.icims.com/jobs/6392/semiconductor-equipment-technicians%2c-experienced---first-shift/job,"Manhattan, NY, United States",Manhattan,NY,United States,Not specified,,,,Core Space,2026-08-26,2026-08-26,https://careers-sri.icims.com/jobs/search?ss=1&hashed=-625949242,ats_detected,5,success_after_fallback
43d358810612,2026-08-26,fdb04d86542a,SRI International,https://www.sri.com/,https://careers-sri.icims.com/jobs/search?ss=1&hashed=-625949242,"Title Semiconductor Equipment Technicians, Experienced - First Shift",https://careers-sri.icims.com/jobs/6385/semiconductor-equipment-technicians%2c-experienced---first-shift/job,"Manhattan, NY, United States",Manhattan,NY,United States,Not specified,,,,Core Space,2026-08-26,2026-08-26,https://careers-sri.icims.com/jobs/search?ss=1&hashed=-625949242,ats_detected,5,success_after_fallback
914b84c5d97a,2026-08-26,fdb04d86542a,SRI International,https://www.sri.com/,https://careers-sri.icims.com/jobs/search?ss=1&hashed=-625949242,Title Mechanical Engineer,https://careers-sri.icims.com/jobs/6384/mechanical-engineer/job,"Manhattan, NY, United States",Manhattan,NY,United States,Not specified,,,,Core Space,2026-08-26,2026-08-26,https://careers-sri.icims.com/jobs/search?ss=1&hashed=-625949242,ats_detected,5,success_after_fallback
d06c2cd1b5a3,2026-08-26,fdb04d86542a,SRI International,https://www.sri.com/,https://careers-sri.icims.com/jobs/search?ss=1&hashed=-625949242,Title Sr Mechanical Engineer,https://careers-sri.icims.com/jobs/6383/sr-mechanical-engineer/job,"Manhattan, NY, United States",Manhattan,NY,United States,Not specified,,,,Core Space,2026-08-26,2026-08-26,https://careers-sri.icims.com/jobs/search?ss=1&hashed=-625949242,ats_detected,5,success_after_fallback
57bb35df9988,2026-08-26,fdb04d86542a,SRI International,https://www.sri.com/,https://careers-sri.icims.com/jobs/search?ss=1&hashed=-625949242,Title Sr Research Engineer-Project Principal Investigator,https://careers-sri.icims.com/jobs/6377/sr-research-engineer-project-principal-investigator/job,"Manhattan, NY, United States",Manhattan,NY,United States,Remote,,,,Core Space,2026-08-26,2026-08-26,https://careers-sri.icims.com/jobs/search?ss=1&hashed=-625949242,ats_detected,5,success_after_fallback
0bec5a533ca5,2026-08-26,fdb04d86542a,SRI International,https://www.sri.com/,https://careers-sri.icims.com/jobs/search?ss=1&hashed=-625949242,Title IC Design Engineer IV,https://careers-sri.icims.com/jobs/6367/ic-design-engineer-iv/job,"Manhattan, NY, United States",Manhattan,NY,United States,Not specified,,,,Core Space,2026-08-26,2026-08-26,https://careers-sri.icims.com/jobs/search?ss=1&hashed=-625949242,ats_detected,5,success_after_fallback
9b94ba03fc5f,2026-08-26,fdb04d86542a,SRI International,https://www.sri.com/,https://careers-sri.icims.com/jobs/search?ss=1&hashed=-625949242,Title Electronics Design Engineer,https://careers-sri.icims.com/jobs/6365/electronics-design-engineer/job,"Manhattan, NY, United States",Manhattan,NY,United States,Not specified,,,,Core Space,2026-08-26,2026-08-26,https://careers-sri.icims.com/jobs/search?ss=1&hashed=-625949242,ats_detected,5,success_after_fallback
14e6108fd230,2026-08-26,fdb04d86542a,SRI International,https://www.sri.com/,https://careers-sri.icims.com/jobs/search?ss=1&hashed=-625949242,"Title Test Engineer - Analog, ATE",https://careers-sri.icims.com/jobs/6325/test-engineer---analog%2c-ate/job,"Manhattan, NY, United States",Manhattan,NY,United States,Not specified,,,,Core Space,2026-08-26,2026-08-26,https://careers-sri.icims.com/jobs/search?ss=1&hashed=-625949242,ats_detected,5,success_after_fallback
5211adaa3359,2026-08-26,fdb04d86542a,SRI International,https://www.sri.com/,https://careers-sri.icims.com/jobs/search?ss=1&hashed=-625949242,Title Photonics Research Engineer III,https://careers-sri.icims.com/jobs/6320/photonics-research-engineer-iii/job,"Manhattan, NY, United States",Manhattan,NY,United States,On-site,,,,Core Space,2026-08-26,2026-08-26,https://careers-sri.icims.com/jobs/search?ss=1&hashed=-625949242,ats_detected,5,success_after_fallback
56a72cd45a9d,2026-08-26,fdb04d86542a,SRI International,https://www.sri.com/,https://careers-sri.icims.com/jobs/search?ss=1&hashed=-625949242,Title Postdoctoral Fellow - Applied & Computational Scientists,https://careers-sri.icims.com/jobs/6314/postdoctoral-fellow---applied-%26-computational-scientists/job,"Manhattan, NY, United States",Manhattan,NY,United States,Hybrid,,,,Core Space,2026-08-26,2026-08-26,https://careers-sri.icims.com/jobs/search?ss=1&hashed=-625949242,ats_detected,5,success_after_fallback
9dc620c5605a,2026-08-26,fdb04d86542a,SRI International,https://www.sri.com/,https://careers-sri.icims.com/jobs/search?ss=1&hashed=-625949242,Title Applied & Computational Research Scientists,https://careers-sri.icims.com/jobs/6313/applied-%26-computational-research-scientists/job,"Manhattan, NY, United States",Manhattan,NY,United States,Hybrid,,,,Core Space,2026-08-26,2026-08-26,https://careers-sri.icims.com/jobs/search?ss=1&hashed=-625949242,ats_detected,5,success_after_fallback
fc84266c0fdd,2026-08-26,fdb04d86542a,SRI International,https://www.sri.com/,https://careers-sri.icims.com/jobs/search?ss=1&hashed=-625949242,Title Manufacturing Technicians,https://careers-sri.icims.com/jobs/6254/manufacturing-technicians/job,"Manhattan, NY, United States",Manhattan,NY,United States,Not specified,,,,Core Space,2026-08-26,2026-08-26,https://careers-sri.icims.com/jobs/search?ss=1&hashed=-625949242,ats_detected,5,success_after_fallback
0ef160bd5996,2026-08-26,e04ea6a314c3,Vishay Americas,https://www.vishay.com/,https://jobs.vishay.com/career-areas,Facilities Plant Maintenance Technician,https://jobs.vishay.com/jobs/facilities-plant-maintenance-technician-2,"Dover, NH, United States of America",Dover,NH,United States,Not specified,,,,Core Space,2026-08-26,2026-08-26,https://jobs.vishay.com/career-areas,linked_page,3,success_after_fallback
e37350f8800c,2026-08-26,e04ea6a314c3,Vishay Americas,https://www.vishay.com/,https://jobs.vishay.com/career-areas,Product Marketing Engineer,https://jobs.vishay.com/jobs/product-marketing-engineer,"Yankton, SD, United States of America",Yankton,SD,United States,Not specified,,,,Core Space,2026-08-26,2026-08-26,https://jobs.vishay.com/career-areas,linked_page,3,success_after_fallback
b03e61f09608,2026-08-26,e04ea6a314c3,Vishay Americas,https://www.vishay.com/,https://jobs.vishay.com/jobs/hr-coordinator,Hr Coordinator Jr,https://vishay.wd3.myworkdayjobs.com/VishayCareers/job/Beer-Sheva-IL/HR-Coordinator_JR-19407/apply,"Niagara Falls, NY, United States",Niagara Falls,NY,United States,Not specified,,,,Core Space,2026-08-26,2026-08-26,https://jobs.vishay.com/jobs/hr-coordinator,linked_page,4,success_after_fallback
3e1382b76cac,2026-08-26,e04ea6a314c3,Vishay Americas,https://www.vishay.com/,https://vishay.wd3.myworkdayjobs.com/VishayCareers/job/Itzehoe-DE/XMLNAME--Junior--Controller--m-w-d-_JR-19172-1/apply,(Junior) Controller (m/w/d),https://vishay.wd3.myworkdayjobs.com/VishayCareers/job/Itzehoe-DE/XMLNAME--Junior--Controller--m-w-d-_JR-19172-1/apply,"Itzehoe, DE, Germany",Itzehoe,DE,Germany,Not specified,,,,Core Space,2026-08-26,2026-08-26,https://vishay.wd3.myworkdayjobs.com/VishayCareers/job/Itzehoe-DE/XMLNAME--Junior--Controller--m-w-d-_JR-19172-1/apply,ats_detected,3,success_after_fallback
b8c3f0a204e8,2026-08-26,e04ea6a314c3,Vishay Americas,https://www.vishay.com/,https://jobs.vishay.com/jobs/senior-hr-specialist-m-w-d,Xmlname Senior Hr Specialist M W D Jr,https://vishay.wd3.myworkdayjobs.com/VishayCareers/job/Selb-DE/XMLNAME--Senior--HR-Specialist--m-w-d-_JR-17989-1/apply,"Niagara Falls, NY, United States",Niagara Falls,NY,United States,Not specified,,,,Core Space,2026-08-26,2026-08-26,https://jobs.vishay.com/jobs/senior-hr-specialist-m-w-d,linked_page,4,success_after_fallback
2683cca29df5,2026-08-26,e04ea6a314c3,Vishay Americas,https://www.vishay.com/,https://jobs.vishay.com/jobs/senior-specialist-ehs-quality-m-w-d,Xmlname Senior Specialist Ehs Quality M W D Jr,https://vishay.wd3.myworkdayjobs.com/VishayCareers/job/Erndtebrck-DE/XMLNAME--Senior--Specialist-EHS---Quality--m-w-d-_JR-15993/apply,"Niagara Falls, NY, United States",Niagara Falls,NY,United States,Not specified,,,,Core Space,2026-08-26,2026-08-26,https://jobs.vishay.com/jobs/senior-specialist-ehs-quality-m-w-d,linked_page,4,success_after_fallback
886abad21824,2026-08-26,1c2b4e10bf58,Wallaroo AI,https://wallaroo.ai/,https://www.jobvite.com/,TA Leader,https://www.jobvite.com/solutions/role/talent-acquisition-leader,"Manhattan, NY, United States",Manhattan,NY,United States,Not specified,,,,Core Space,2026-08-26,2026-08-26,https://www.jobvite.com/,ats_detected,4,success_after_fallback
fcec0899c79f,2026-08-26,1c2b4e10bf58,Wallaroo AI,https://wallaroo.ai/,https://www.jobvite.com/,HR Leader,https://www.jobvite.com/solutions/role/hr-leader,"Manhattan, NY, United States",Manhattan,NY,United States,Not specified,,,,Core Space,2026-08-26,2026-08-26,https://www.jobvite.com/,ats_detected,4,success_after_fallback
bc3248fdbd4f,2026-08-26,1c2b4e10bf58,Wallaroo AI,https://wallaroo.ai/,https://www.jobvite.com/,IT Manager,https://www.jobvite.com/solutions/role/it,"Manhattan, NY, United States",Manhattan,NY,United States,Not specified,,,,Core Space,2026-08-26,2026-08-26,https://www.jobvite.com/,ats_detected,4,success_after_fallback
