job_id,snapshot_date,company_id,company_name,company_website,careers_url,job_title,job_url,location,city,state,country,remote,salary_min,salary_max,department,category,date_found,last_seen_at,source_url,discovery_method,job_confidence_score,status
ffc0f9c180a3,2026-07-28,a3c0ab6694be,Bluefors Inc.,https://bluefors.com/,https://careers.bluefors.com/jobs,"Installation Field Service Technician, East Coast",https://careers.bluefors.com/jobs/8126332-installation-field-service-technician-east-coast,"Syracuse, NY, United States",Syracuse,NY,United States,Not specified,,,,Core Space,2026-07-28,2026-07-28,https://careers.bluefors.com/jobs,linked_page,4,success_after_fallback
9e98d837473e,2026-07-28,a3c0ab6694be,Bluefors Inc.,https://bluefors.com/,https://careers.bluefors.com/jobs,"Installation Field Service Technician , West Coast",https://careers.bluefors.com/jobs/8126326-installation-field-service-technician-west-coast,"Syracuse, NY, United States",Syracuse,NY,United States,Not specified,,,,Core Space,2026-07-28,2026-07-28,https://careers.bluefors.com/jobs,linked_page,4,success_after_fallback
832ea5400a1e,2026-07-28,a3c0ab6694be,Bluefors Inc.,https://bluefors.com/,https://careers.bluefors.com/jobs,Final QC Technician,https://careers.bluefors.com/jobs/8116385-final-qc-technician,"Syracuse, NY, United States",Syracuse,NY,United States,Not specified,,,,Core Space,2026-07-28,2026-07-28,https://careers.bluefors.com/jobs,linked_page,4,success_after_fallback
7a187437ee8d,2026-07-28,a3c0ab6694be,Bluefors Inc.,https://bluefors.com/,https://careers.bluefors.com/jobs,Customer Program Manager (Eastern United States),https://careers.bluefors.com/jobs/8114573-customer-program-manager-eastern-united-states,"Syracuse, NY, United States",Syracuse,NY,United States,Not specified,,,,Core Space,2026-07-28,2026-07-28,https://careers.bluefors.com/jobs,linked_page,4,success_after_fallback
bc981d860b12,2026-07-28,a3c0ab6694be,Bluefors Inc.,https://bluefors.com/,https://careers.bluefors.com/jobs,Legal Analyst,https://careers.bluefors.com/jobs/8110901-legal-analyst,"Syracuse, NY, United States",Syracuse,NY,United States,Not specified,,,,Core Space,2026-07-28,2026-07-28,https://careers.bluefors.com/jobs,linked_page,4,success_after_fallback
6e13144a2e64,2026-07-28,a3c0ab6694be,Bluefors Inc.,https://bluefors.com/,https://careers.bluefors.com/jobs,R&D and Engineering,https://careers.bluefors.com/jobs/8103356-toolmaker-i,"Syracuse, NY, United States",Syracuse,NY,United States,Not specified,,,,Core Space,2026-07-28,2026-07-28,https://careers.bluefors.com/jobs,linked_page,4,success_after_fallback
f7c0d233bdea,2026-07-28,a3c0ab6694be,Bluefors Inc.,https://bluefors.com/,https://careers.bluefors.com/jobs,IT Specialist,https://careers.bluefors.com/jobs/8043197-it-specialist,Hybrid,,,,Hybrid,,,,Core Space,2026-07-28,2026-07-28,https://careers.bluefors.com/jobs,linked_page,4,success_after_fallback
274cf5aedd27,2026-07-28,a3c0ab6694be,Bluefors Inc.,https://bluefors.com/,https://careers.bluefors.com/jobs,Technical Service Manager,https://careers.bluefors.com/jobs/8060586-technical-service-manager,"Syracuse, NY, United States",Syracuse,NY,United States,Not specified,,,,Core Space,2026-07-28,2026-07-28,https://careers.bluefors.com/jobs,linked_page,4,success_after_fallback
4fc21f16dc33,2026-07-28,a3c0ab6694be,Bluefors Inc.,https://bluefors.com/,https://careers.bluefors.com/jobs,Cryogenic R&D Engineer,https://careers.bluefors.com/jobs/8055772-cryogenic-r-d-engineer,"Syracuse, NY, United States",Syracuse,NY,United States,Not specified,,,,Core Space,2026-07-28,2026-07-28,https://careers.bluefors.com/jobs,linked_page,4,success_after_fallback
29fe6463991a,2026-07-28,a3c0ab6694be,Bluefors Inc.,https://bluefors.com/,https://careers.bluefors.com/jobs,Customer Service Representative-Sales,https://careers.bluefors.com/jobs/8055766-customer-service-representative-sales,"Syracuse, NY, United States",Syracuse,NY,United States,Not specified,,,,Core Space,2026-07-28,2026-07-28,https://careers.bluefors.com/jobs,linked_page,4,success_after_fallback
7e5fb828eb3a,2026-07-28,a3c0ab6694be,Bluefors Inc.,https://bluefors.com/,https://careers.bluefors.com/jobs,Aftercryocooler Technician,https://careers.bluefors.com/jobs/8054116-aftercryocooler-technician,"Syracuse, NY, United States",Syracuse,NY,United States,Not specified,,,,Core Space,2026-07-28,2026-07-28,https://careers.bluefors.com/jobs,linked_page,4,success_after_fallback
7b0634e138bf,2026-07-28,a3c0ab6694be,Bluefors Inc.,https://bluefors.com/,https://careers.bluefors.com/jobs,"Account Manager, Growth Accounts",https://careers.bluefors.com/jobs/8040781-account-manager-growth-accounts,"Syracuse, NY, United States",Syracuse,NY,United States,Remote,,,,Core Space,2026-07-28,2026-07-28,https://careers.bluefors.com/jobs,linked_page,4,success_after_fallback
7cd8315a670c,2026-07-28,a3c0ab6694be,Bluefors Inc.,https://bluefors.com/,https://careers.bluefors.com/jobs,Mechanical Engineer,https://careers.bluefors.com/jobs/8037961-mechanical-engineer,Hybrid,,,,Hybrid,,,,Core Space,2026-07-28,2026-07-28,https://careers.bluefors.com/jobs,linked_page,4,success_after_fallback
4ca7ad892cd8,2026-07-28,a3c0ab6694be,Bluefors Inc.,https://bluefors.com/,https://careers.bluefors.com/jobs,Stockroom Associate,https://careers.bluefors.com/jobs/7987885-stockroom-associate,"Syracuse, NY, United States",Syracuse,NY,United States,Not specified,,,,Core Space,2026-07-28,2026-07-28,https://careers.bluefors.com/jobs,linked_page,4,success_after_fallback
9eba9e76a6f8,2026-07-28,a3c0ab6694be,Bluefors Inc.,https://bluefors.com/,https://careers.bluefors.com/jobs,Manufacturing Associate: Compressor Assembly,https://careers.bluefors.com/jobs/7987832-manufacturing-associate-compressor-assembly,"Syracuse, NY, United States",Syracuse,NY,United States,Not specified,,,,Core Space,2026-07-28,2026-07-28,https://careers.bluefors.com/jobs,linked_page,4,success_after_fallback
b7fcfffaa00e,2026-07-28,a3c0ab6694be,Bluefors Inc.,https://bluefors.com/,https://careers.bluefors.com/jobs,Account Manager,https://careers.bluefors.com/jobs/7986332-account-manager,Hybrid,,,,Hybrid,,,,Core Space,2026-07-28,2026-07-28,https://careers.bluefors.com/jobs,linked_page,4,success_after_fallback
93ad7143e6d2,2026-07-28,a3c0ab6694be,Bluefors Inc.,https://bluefors.com/,https://careers.bluefors.com/jobs,Manufacturing Associate: BTA Assembler,https://careers.bluefors.com/jobs/7940045-manufacturing-associate-bta-assembler,"Syracuse, NY, United States",Syracuse,NY,United States,Not specified,,,,Core Space,2026-07-28,2026-07-28,https://careers.bluefors.com/jobs,linked_page,4,success_after_fallback
ce0cbfff4eaa,2026-07-28,a3c0ab6694be,Bluefors Inc.,https://bluefors.com/,https://careers.bluefors.com/jobs,CNC Operator (Second Shift),https://careers.bluefors.com/jobs/7939698-cnc-operator-second-shift,"Syracuse, NY, United States",Syracuse,NY,United States,Not specified,,,,Core Space,2026-07-28,2026-07-28,https://careers.bluefors.com/jobs,linked_page,4,success_after_fallback
a0d3ae9e0eb4,2026-07-28,a3c0ab6694be,Bluefors Inc.,https://bluefors.com/,https://careers.bluefors.com/jobs,CNC Operator I,https://careers.bluefors.com/jobs/7938132-cnc-operator-i,"Syracuse, NY, United States",Syracuse,NY,United States,Not specified,,,,Core Space,2026-07-28,2026-07-28,https://careers.bluefors.com/jobs,linked_page,4,success_after_fallback
e5ea58cca7b6,2026-07-28,a3c0ab6694be,Bluefors Inc.,https://bluefors.com/,https://careers.bluefors.com/jobs,Service Engineer,https://careers.bluefors.com/jobs/7874628-service-engineer,"Syracuse, NY, United States",Syracuse,NY,United States,Not specified,,,,Core Space,2026-07-28,2026-07-28,https://careers.bluefors.com/jobs,linked_page,4,success_after_fallback
bd2b5b92b3ec,2026-07-28,49a10cfcff0c,AIP Publishing,https://publishing.aip.org/,https://job-boards.greenhouse.io/aippublishing,Lifecycle Marketing Manager,https://job-boards.greenhouse.io/aippublishing/jobs/6105793004,"Remote - NY, NJ, CT, MD, VA, PA, MA, RI or Washington, DC",Remote - NY,NJ,United States,Remote,,,,Core Space,2026-07-28,2026-07-28,https://job-boards.greenhouse.io/aippublishing,known_careers_url,5,success
78bb5c28b368,2026-07-28,49a10cfcff0c,AIP Publishing,https://publishing.aip.org/,https://job-boards.greenhouse.io/aippublishing,"Manager, Peer Review Excellence",https://job-boards.greenhouse.io/aippublishing/jobs/6118738004,"Remote - NY, NJ, CT, MD, VA, PA, MA, RI or Washington, DC",Remote - NY,NJ,United States,Remote,,,,Core Space,2026-07-28,2026-07-28,https://job-boards.greenhouse.io/aippublishing,known_careers_url,5,success
18f749f2410f,2026-07-28,0c237be7f93d,Applied Visions,https://www.avi.com/,https://app.trinethire.com/companies/1321-the-applied-visions-companies-applied-visions-software-design-solutions/jobs,"Manager, Supply Chain and Planning",https://app.trinethire.com/companies/1321-applied-visions-software-design-solutions/jobs/122082-manager-supply-chain-and-planning,"Clifton Park, NY, United States",Clifton Park,NY,United States,Not specified,,,,Aerospace,2026-07-28,2026-07-28,https://app.trinethire.com/companies/1321-the-applied-visions-companies-applied-visions-software-design-solutions/jobs,linked_page,4,success_after_fallback
1a3ad1837653,2026-07-28,0c237be7f93d,Applied Visions,https://www.avi.com/,https://app.trinethire.com/companies/1321-the-applied-visions-companies-applied-visions-software-design-solutions/jobs,Electrical Engineer,https://app.trinethire.com/companies/1321-applied-visions-software-design-solutions/jobs/121839-electrical-engineer,"Clifton Park, NY, United States",Clifton Park,NY,United States,Not specified,,,,Aerospace,2026-07-28,2026-07-28,https://app.trinethire.com/companies/1321-the-applied-visions-companies-applied-visions-software-design-solutions/jobs,linked_page,4,success_after_fallback
cb371e86cd3d,2026-07-28,0c237be7f93d,Applied Visions,https://www.avi.com/,https://app.trinethire.com/companies/1321-the-applied-visions-companies-applied-visions-software-design-solutions/jobs,Director of Engineering,https://app.trinethire.com/companies/1321-applied-visions-software-design-solutions/jobs/118815-director-of-engineering,"Clifton Park, NY, United States",Clifton Park,NY,United States,Not specified,,,,Aerospace,2026-07-28,2026-07-28,https://app.trinethire.com/companies/1321-the-applied-visions-companies-applied-visions-software-design-solutions/jobs,linked_page,4,success_after_fallback
f7d1ed217e44,2026-07-28,0c237be7f93d,Applied Visions,https://www.avi.com/,https://app.trinethire.com/companies/1321-the-applied-visions-companies-applied-visions-software-design-solutions/jobs,Associate Product Specialist,https://app.trinethire.com/companies/1321-applied-visions-software-design-solutions/jobs/38213-associate-product-specialist,"Clifton Park, NY, United States",Clifton Park,NY,United States,Not specified,,,,Aerospace,2026-07-28,2026-07-28,https://app.trinethire.com/companies/1321-the-applied-visions-companies-applied-visions-software-design-solutions/jobs,linked_page,4,success_after_fallback
61417aaf893b,2026-07-28,0c237be7f93d,Applied Visions,https://www.avi.com/,https://app.trinethire.com/companies/1321-the-applied-visions-companies-applied-visions-software-design-solutions/jobs,Director of Product Management,https://app.trinethire.com/companies/1321-applied-visions-software-design-solutions/jobs/120485-director-of-product-management,"Clifton Park, NY, United States",Clifton Park,NY,United States,Not specified,,,,Aerospace,2026-07-28,2026-07-28,https://app.trinethire.com/companies/1321-the-applied-visions-companies-applied-visions-software-design-solutions/jobs,linked_page,4,success_after_fallback
0ac45e64ecd0,2026-07-28,0c237be7f93d,Applied Visions,https://www.avi.com/,https://app.trinethire.com/companies/1321-the-applied-visions-companies-applied-visions-software-design-solutions/jobs,Applied Visions Software Design Solutions,https://app.trinethire.com/companies/1321-applied-visions-software-design-solutions/jobs/120013-machinist-prototype-machining-3-month-contract,"Clifton Park, NY, United States",Clifton Park,NY,United States,Not specified,,,,Aerospace,2026-07-28,2026-07-28,https://app.trinethire.com/companies/1321-the-applied-visions-companies-applied-visions-software-design-solutions/jobs,linked_page,4,success_after_fallback
873a8c5d3c48,2026-07-28,405cf37b5e7d,Arkwin Industries,https://www.arkwin.com/,https://www.arkwin.com/job/senior-design-engineer-3,Senior Design Engineer,https://www.arkwin.com/job/senior-design-engineer-3,"Bethpage, NY",Bethpage,NY,United States,Not specified,,,,Space & Defense,2026-07-28,2026-07-28,https://www.arkwin.com/job/senior-design-engineer-3,linked_page,3,success_after_fallback
973ecca02f98,2026-07-28,405cf37b5e7d,Arkwin Industries,https://www.arkwin.com/,https://www.arkwin.com/job/quality-engineer-2,Quality Engineer,https://www.arkwin.com/job/quality-engineer-2,"Bethpage, NY",Bethpage,NY,United States,Not specified,,,,Space & Defense,2026-07-28,2026-07-28,https://www.arkwin.com/job/quality-engineer-2,linked_page,3,success_after_fallback
27443147dc30,2026-07-28,405cf37b5e7d,Arkwin Industries,https://www.arkwin.com/,https://www.arkwin.com/job/business-development-manager,Business Development Manager,https://www.arkwin.com/job/business-development-manager,"Bethpage, NY",Bethpage,NY,United States,Not specified,,,,Space & Defense,2026-07-28,2026-07-28,https://www.arkwin.com/job/business-development-manager,linked_page,3,success_after_fallback
f398e8e870ff,2026-07-28,405cf37b5e7d,Arkwin Industries,https://www.arkwin.com/,https://www.arkwin.com/job/business-unit-manager-4,Business Unit Manager,https://www.arkwin.com/job/business-unit-manager-4,"Bethpage, NY",Bethpage,NY,United States,Not specified,,,,Space & Defense,2026-07-28,2026-07-28,https://www.arkwin.com/job/business-unit-manager-4,linked_page,3,success_after_fallback
8dda5fe97d2c,2026-07-28,405cf37b5e7d,Arkwin Industries,https://www.arkwin.com/,https://www.arkwin.com/job/customer-account-manager-9,Customer Account Manager,https://www.arkwin.com/job/customer-account-manager-9,"Bethpage, NY",Bethpage,NY,United States,Not specified,,,,Space & Defense,2026-07-28,2026-07-28,https://www.arkwin.com/job/customer-account-manager-9,linked_page,3,success_after_fallback
405bd4c10310,2026-07-28,f7b8731a7e71,ASR International,https://www.asrintl.com/,https://asrinternationalcorp.applytojob.com/apply/jobs,Corporate Benefits and Insurance Manager,https://asrinternationalcorp.applytojob.com/apply/jobs/details/NRNvvkf9zF,"Hauppauge, NY",Hauppauge,NY,United States,Not specified,,,,Space & Defense,2026-07-28,2026-07-28,https://asrinternationalcorp.applytojob.com/apply/jobs,known_careers_url,4,success
dcf109b82601,2026-07-28,f7b8731a7e71,ASR International,https://www.asrintl.com/,https://asrinternationalcorp.applytojob.com/apply/jobs,Computer Systems Analyst III,https://asrinternationalcorp.applytojob.com/apply/jobs/details/9dlDzybGXy,"Selfridge, MI",Selfridge,MI,United States,Not specified,,,,Space & Defense,2026-07-28,2026-07-28,https://asrinternationalcorp.applytojob.com/apply/jobs,known_careers_url,4,success
312041d40e9f,2026-07-28,f7b8731a7e71,ASR International,https://www.asrintl.com/,https://asrinternationalcorp.applytojob.com/apply/jobs,Supply Technician,https://asrinternationalcorp.applytojob.com/apply/jobs/details/MYWTxm3n7s,"Selfridge, MI",Selfridge,MI,United States,Not specified,,,,Space & Defense,2026-07-28,2026-07-28,https://asrinternationalcorp.applytojob.com/apply/jobs,known_careers_url,4,success
c8adf6db7e97,2026-07-28,f7b8731a7e71,ASR International,https://www.asrintl.com/,https://asrinternationalcorp.applytojob.com/apply/jobs,Supply Technician,https://asrinternationalcorp.applytojob.com/apply/jobs/details/STTysYlm5N,"Fort Leonard Wood, MO",Fort Leonard Wood,MO,United States,Not specified,,,,Space & Defense,2026-07-28,2026-07-28,https://asrinternationalcorp.applytojob.com/apply/jobs,known_careers_url,4,success
fe6f53b21370,2026-07-28,f7b8731a7e71,ASR International,https://www.asrintl.com/,https://asrinternationalcorp.applytojob.com/apply/jobs,Technical Instructor/Course Developer,https://asrinternationalcorp.applytojob.com/apply/jobs/details/VqhiVDUJjm,"Selfridge, MI",Selfridge,MI,United States,Not specified,,,,Space & Defense,2026-07-28,2026-07-28,https://asrinternationalcorp.applytojob.com/apply/jobs,known_careers_url,4,success
543ec18896e4,2026-07-28,f7b8731a7e71,ASR International,https://www.asrintl.com/,https://asrinternationalcorp.applytojob.com/apply/jobs,Warehouse Specialist,https://asrinternationalcorp.applytojob.com/apply/jobs/details/16x07zLWWW,"Selfridge, MI",Selfridge,MI,United States,Not specified,,,,Space & Defense,2026-07-28,2026-07-28,https://asrinternationalcorp.applytojob.com/apply/jobs,known_careers_url,4,success
15cd72b1877b,2026-07-28,f7b8731a7e71,ASR International,https://www.asrintl.com/,https://asrinternationalcorp.applytojob.com/apply/jobs,Warehouse Specialist,https://asrinternationalcorp.applytojob.com/apply/jobs/details/Vk28FnZwGp,"Fort Leonard Wood, MO",Fort Leonard Wood,MO,United States,Not specified,,,,Space & Defense,2026-07-28,2026-07-28,https://asrinternationalcorp.applytojob.com/apply/jobs,known_careers_url,4,success
bb0d9fc3ddcb,2026-07-28,f7b8731a7e71,ASR International,https://www.asrintl.com/,https://asrinternationalcorp.applytojob.com/apply/jobs,Electronics Technician Maintenance II,https://asrinternationalcorp.applytojob.com/apply/jobs/details/grQg8BNQ9O,"Selfridge, MI",Selfridge,MI,United States,Not specified,,,,Space & Defense,2026-07-28,2026-07-28,https://asrinternationalcorp.applytojob.com/apply/jobs,known_careers_url,4,success
7ae50f4e0fe0,2026-07-28,f7b8731a7e71,ASR International,https://www.asrintl.com/,https://asrinternationalcorp.applytojob.com/apply/jobs,Electronics Technician Maintenance II,https://asrinternationalcorp.applytojob.com/apply/jobs/details/xEwAcZdQEq,"Fort Irwin, CA",Fort Irwin,CA,United States,Not specified,,,,Space & Defense,2026-07-28,2026-07-28,https://asrinternationalcorp.applytojob.com/apply/jobs,known_careers_url,4,success
acb12590fde6,2026-07-28,f7b8731a7e71,ASR International,https://www.asrintl.com/,https://asrinternationalcorp.applytojob.com/apply/jobs,Electronics Technician Maintenance II,https://asrinternationalcorp.applytojob.com/apply/jobs/details/tkckALDrOW,"Fort Carson, CO",Fort Carson,CO,United States,Not specified,,,,Space & Defense,2026-07-28,2026-07-28,https://asrinternationalcorp.applytojob.com/apply/jobs,known_careers_url,4,success
c22cbbf7ca77,2026-07-28,f7b8731a7e71,ASR International,https://www.asrintl.com/,https://asrinternationalcorp.applytojob.com/apply/jobs,Electronics Technician Maintenance II,https://asrinternationalcorp.applytojob.com/apply/jobs/details/RygFEPIjZ6,"Joint Base Lewis McChord, WA",Joint Base Lewis McChord,WA,United States,Not specified,,,,Space & Defense,2026-07-28,2026-07-28,https://asrinternationalcorp.applytojob.com/apply/jobs,known_careers_url,4,success
6cf69048e16c,2026-07-28,f7b8731a7e71,ASR International,https://www.asrintl.com/,https://asrinternationalcorp.applytojob.com/apply/jobs,Electronics Technician Maintenance III,https://asrinternationalcorp.applytojob.com/apply/jobs/details/dl5727MP1g,"Selfridge, MI",Selfridge,MI,United States,Not specified,,,,Space & Defense,2026-07-28,2026-07-28,https://asrinternationalcorp.applytojob.com/apply/jobs,known_careers_url,4,success
0682750694f3,2026-07-28,f7b8731a7e71,ASR International,https://www.asrintl.com/,https://asrinternationalcorp.applytojob.com/apply/jobs,Electronics Technician Maintenance III,https://asrinternationalcorp.applytojob.com/apply/jobs/details/7SJLdYr0U8,"Fort Leonard Wood, MO",Fort Leonard Wood,MO,United States,Not specified,,,,Space & Defense,2026-07-28,2026-07-28,https://asrinternationalcorp.applytojob.com/apply/jobs,known_careers_url,4,success
db2af443ff82,2026-07-28,f7b8731a7e71,ASR International,https://www.asrintl.com/,https://asrinternationalcorp.applytojob.com/apply/jobs,Electronics Technician Maintenance III,https://asrinternationalcorp.applytojob.com/apply/jobs/details/ftoyjEClaW,"Fort Polk, LA",Fort Polk,LA,United States,Not specified,,,,Space & Defense,2026-07-28,2026-07-28,https://asrinternationalcorp.applytojob.com/apply/jobs,known_careers_url,4,success
1b581f6a8e14,2026-07-28,f7b8731a7e71,ASR International,https://www.asrintl.com/,https://asrinternationalcorp.applytojob.com/apply/jobs,Electronics Technician Maintenance III,https://asrinternationalcorp.applytojob.com/apply/jobs/details/Aa3X1d2xt0,"Fort Belvoir, VA",Fort Belvoir,VA,United States,Not specified,,,,Space & Defense,2026-07-28,2026-07-28,https://asrinternationalcorp.applytojob.com/apply/jobs,known_careers_url,4,success
cbeebbc010d4,2026-07-28,f7b8731a7e71,ASR International,https://www.asrintl.com/,https://asrinternationalcorp.applytojob.com/apply/jobs,Electronics Technician Maintenance III,https://asrinternationalcorp.applytojob.com/apply/jobs/details/aucgOsQMp5,"Tyndall AFB, FL",Tyndall AFB,FL,United States,Not specified,,,,Space & Defense,2026-07-28,2026-07-28,https://asrinternationalcorp.applytojob.com/apply/jobs,known_careers_url,4,success
afdaf75f6494,2026-07-28,f7b8731a7e71,ASR International,https://www.asrintl.com/,https://asrinternationalcorp.applytojob.com/apply/jobs,Electronics Technician Maintenance III,https://asrinternationalcorp.applytojob.com/apply/jobs/details/aOFDgS8w68,"Fort Liberty, NC",Fort Liberty,NC,United States,Not specified,,,,Space & Defense,2026-07-28,2026-07-28,https://asrinternationalcorp.applytojob.com/apply/jobs,known_careers_url,4,success
4d611d9582ef,2026-07-28,f7b8731a7e71,ASR International,https://www.asrintl.com/,https://asrinternationalcorp.applytojob.com/apply/jobs,Engineering Technician V,https://asrinternationalcorp.applytojob.com/apply/jobs/details/DZkZZxaITE,"Fort Hood, TX",Fort Hood,TX,United States,Not specified,,,,Space & Defense,2026-07-28,2026-07-28,https://asrinternationalcorp.applytojob.com/apply/jobs,known_careers_url,4,success
a32dd6afd23d,2026-07-28,f7b8731a7e71,ASR International,https://www.asrintl.com/,https://asrinternationalcorp.applytojob.com/apply/jobs,Engineering Technician V,https://asrinternationalcorp.applytojob.com/apply/jobs/details/Dm1je3kuW4,"Selfridge, MI",Selfridge,MI,United States,Not specified,,,,Space & Defense,2026-07-28,2026-07-28,https://asrinternationalcorp.applytojob.com/apply/jobs,known_careers_url,4,success
26c16ea94a97,2026-07-28,f7b8731a7e71,ASR International,https://www.asrintl.com/,https://asrinternationalcorp.applytojob.com/apply/jobs,Engineering Technician V,https://asrinternationalcorp.applytojob.com/apply/jobs/details/GHYuVnP1D0,"Fort Irwin, CA",Fort Irwin,CA,United States,Not specified,,,,Space & Defense,2026-07-28,2026-07-28,https://asrinternationalcorp.applytojob.com/apply/jobs,known_careers_url,4,success
7ba4f1404840,2026-07-28,f7b8731a7e71,ASR International,https://www.asrintl.com/,https://asrinternationalcorp.applytojob.com/apply/jobs,Engineering Technician V,https://asrinternationalcorp.applytojob.com/apply/jobs/details/o25vp6ScGY,"Tyndall AFB, FL",Tyndall AFB,FL,United States,Not specified,,,,Space & Defense,2026-07-28,2026-07-28,https://asrinternationalcorp.applytojob.com/apply/jobs,known_careers_url,4,success
70c78dee8d77,2026-07-28,f7b8731a7e71,ASR International,https://www.asrintl.com/,https://asrinternationalcorp.applytojob.com/apply/jobs,Engineering Technician V,https://asrinternationalcorp.applytojob.com/apply/jobs/details/BwQa0jfLzO,"Blue Grass Army Depot, KY",Blue Grass Army Depot,KY,United States,Not specified,,,,Space & Defense,2026-07-28,2026-07-28,https://asrinternationalcorp.applytojob.com/apply/jobs,known_careers_url,4,success
4c63055c8585,2026-07-28,f7b8731a7e71,ASR International,https://www.asrintl.com/,https://asrinternationalcorp.applytojob.com/apply/jobs,Engineering Technician VI,https://asrinternationalcorp.applytojob.com/apply/jobs/details/4ba1Xu99wX,"Selfridge, MI",Selfridge,MI,United States,Not specified,,,,Space & Defense,2026-07-28,2026-07-28,https://asrinternationalcorp.applytojob.com/apply/jobs,known_careers_url,4,success
14f6be483896,2026-07-28,f7b8731a7e71,ASR International,https://www.asrintl.com/,https://asrinternationalcorp.applytojob.com/apply/jobs,Engineering Technician VI,https://asrinternationalcorp.applytojob.com/apply/jobs/details/AzBC67Q85x,"Blue Grass Army Depot, KY",Blue Grass Army Depot,KY,United States,Not specified,,,,Space & Defense,2026-07-28,2026-07-28,https://asrinternationalcorp.applytojob.com/apply/jobs,known_careers_url,4,success
ea75b9aedd72,2026-07-28,f7b8731a7e71,ASR International,https://www.asrintl.com/,https://asrinternationalcorp.applytojob.com/apply/jobs,Field Service Specialist,https://asrinternationalcorp.applytojob.com/apply/jobs/details/Xu0O0Foaen,"Baton Rouge, LA",Baton Rouge,LA,United States,Not specified,,,,Space & Defense,2026-07-28,2026-07-28,https://asrinternationalcorp.applytojob.com/apply/jobs,known_careers_url,4,success
203788f024cd,2026-07-28,f7b8731a7e71,ASR International,https://www.asrintl.com/,https://asrinternationalcorp.applytojob.com/apply/jobs,Operations Supervisor,https://asrinternationalcorp.applytojob.com/apply/jobs/details/djhhxNrDxp,"Selfridge, MI",Selfridge,MI,United States,Not specified,,,,Space & Defense,2026-07-28,2026-07-28,https://asrinternationalcorp.applytojob.com/apply/jobs,known_careers_url,4,success
a1b24335a797,2026-07-28,f7b8731a7e71,ASR International,https://www.asrintl.com/,https://asrinternationalcorp.applytojob.com/apply/jobs,Product Support Integrator / Project Manager I,https://asrinternationalcorp.applytojob.com/apply/jobs/details/JQYWdRG1xF,"Selfridge, MI",Selfridge,MI,United States,Not specified,,,,Space & Defense,2026-07-28,2026-07-28,https://asrinternationalcorp.applytojob.com/apply/jobs,known_careers_url,4,success
331b2ef00235,2026-07-28,f7b8731a7e71,ASR International,https://www.asrintl.com/,https://asrinternationalcorp.applytojob.com/apply/jobs,Project Manager / Lead Product Support Integrator,https://asrinternationalcorp.applytojob.com/apply/jobs/details/p3kM9H87n9,"Selfridge, MI",Selfridge,MI,United States,Not specified,,,,Space & Defense,2026-07-28,2026-07-28,https://asrinternationalcorp.applytojob.com/apply/jobs,known_careers_url,4,success
7a23738b5ac7,2026-07-28,f7b8731a7e71,ASR International,https://www.asrintl.com/,https://asrinternationalcorp.applytojob.com/apply/jobs,Sr. Database Administrator,https://asrinternationalcorp.applytojob.com/apply/jobs/details/dnIGKpsYvm,"Selfridge, MI",Selfridge,MI,United States,Not specified,,,,Space & Defense,2026-07-28,2026-07-28,https://asrinternationalcorp.applytojob.com/apply/jobs,known_careers_url,4,success
918dc8cfd88d,2026-07-28,f7b8731a7e71,ASR International,https://www.asrintl.com/,https://asrinternationalcorp.applytojob.com/apply/jobs,Recruiter (Government Contracting),https://asrinternationalcorp.applytojob.com/apply/jobs/details/nnRyvfnb08,"Hauppauge, NY",Hauppauge,NY,United States,Not specified,,,,Space & Defense,2026-07-28,2026-07-28,https://asrinternationalcorp.applytojob.com/apply/jobs,known_careers_url,4,success
c92c38fcccb8,2026-07-28,f7b8731a7e71,ASR International,https://www.asrintl.com/,https://asrinternationalcorp.applytojob.com/apply/jobs,"ADMINSTRATIVE ASSISTANT - ASR Corporate Office, Hauppauge, New York",https://asrinternationalcorp.applytojob.com/apply/jobs/details/oSYUcKaGm7,"Haupppauge, NY",Haupppauge,NY,United States,Not specified,,,,Space & Defense,2026-07-28,2026-07-28,https://asrinternationalcorp.applytojob.com/apply/jobs,known_careers_url,4,success
47c96cdcf8fc,2026-07-28,f7b8731a7e71,ASR International,https://www.asrintl.com/,https://asrinternationalcorp.applytojob.com/apply/jobs,AutoCAD/GIS Support Specialist,https://asrinternationalcorp.applytojob.com/apply/jobs/details/CFG1T0VA7v,"Laurel, MD",Laurel,MD,United States,Not specified,,,,Space & Defense,2026-07-28,2026-07-28,https://asrinternationalcorp.applytojob.com/apply/jobs,known_careers_url,4,success
aa53393f1ac6,2026-07-28,f7b8731a7e71,ASR International,https://www.asrintl.com/,https://asrinternationalcorp.applytojob.com/apply/jobs,Construction Management,https://asrinternationalcorp.applytojob.com/apply/jobs/details/H3PsQkcGEv,"Laurel, MD",Laurel,MD,United States,Not specified,,,,Space & Defense,2026-07-28,2026-07-28,https://asrinternationalcorp.applytojob.com/apply/jobs,known_careers_url,4,success
a26fbad4a38d,2026-07-28,f7b8731a7e71,ASR International,https://www.asrintl.com/,https://asrinternationalcorp.applytojob.com/apply/jobs,Construction Management,https://asrinternationalcorp.applytojob.com/apply/jobs/details/avEQr6BFdG,"Laurel, MD",Laurel,MD,United States,Not specified,,,,Space & Defense,2026-07-28,2026-07-28,https://asrinternationalcorp.applytojob.com/apply/jobs,known_careers_url,4,success
d2bed3596c1e,2026-07-28,f7b8731a7e71,ASR International,https://www.asrintl.com/,https://asrinternationalcorp.applytojob.com/apply/jobs,Lead Project Manager,https://asrinternationalcorp.applytojob.com/apply/jobs/details/kSPnLLrMcq,"Laurel, MD",Laurel,MD,United States,Not specified,,,,Space & Defense,2026-07-28,2026-07-28,https://asrinternationalcorp.applytojob.com/apply/jobs,known_careers_url,4,success
1dd235c0005e,2026-07-28,f7b8731a7e71,ASR International,https://www.asrintl.com/,https://asrinternationalcorp.applytojob.com/apply/jobs,Project Manager,https://asrinternationalcorp.applytojob.com/apply/jobs/details/TeZI4LBH8w,"Laurel, MD",Laurel,MD,United States,Not specified,,,,Space & Defense,2026-07-28,2026-07-28,https://asrinternationalcorp.applytojob.com/apply/jobs,known_careers_url,4,success
206a806a1118,2026-07-28,f7b8731a7e71,ASR International,https://www.asrintl.com/,https://asrinternationalcorp.applytojob.com/apply/jobs,Senior Construction Manager,https://asrinternationalcorp.applytojob.com/apply/jobs/details/KdlEs127io,"Laurel, MD",Laurel,MD,United States,Not specified,,,,Space & Defense,2026-07-28,2026-07-28,https://asrinternationalcorp.applytojob.com/apply/jobs,known_careers_url,4,success
fce7ddcbed83,2026-07-28,f7b8731a7e71,ASR International,https://www.asrintl.com/,https://asrinternationalcorp.applytojob.com/apply/jobs,Senior Office Construction Engineer,https://asrinternationalcorp.applytojob.com/apply/jobs/details/5IYbkcA0yG,"Laurel, MD",Laurel,MD,United States,Not specified,,,,Space & Defense,2026-07-28,2026-07-28,https://asrinternationalcorp.applytojob.com/apply/jobs,known_careers_url,4,success
b7525800e110,2026-07-28,f7b8731a7e71,ASR International,https://www.asrintl.com/,https://asrinternationalcorp.applytojob.com/apply/jobs,Insurance Agent Support Specialist,https://asrinternationalcorp.applytojob.com/apply/jobs/details/b9f6hcZS0i,"Hauppauge, NY",Hauppauge,NY,United States,Not specified,,,,Space & Defense,2026-07-28,2026-07-28,https://asrinternationalcorp.applytojob.com/apply/jobs,known_careers_url,4,success
ddc5940b6acb,2026-07-28,f7b8731a7e71,ASR International,https://www.asrintl.com/,https://asrinternationalcorp.applytojob.com/apply/jobs,Gas Analyzer Systems Technician,https://asrinternationalcorp.applytojob.com/apply/jobs/details/FlH69UH6mt,"Fitchburg, WI",Fitchburg,WI,United States,Not specified,,,,Space & Defense,2026-07-28,2026-07-28,https://asrinternationalcorp.applytojob.com/apply/jobs,known_careers_url,4,success
6796b9fa0b30,2026-07-28,f7b8731a7e71,ASR International,https://www.asrintl.com/,https://asrinternationalcorp.applytojob.com/apply/jobs,Budget Analyst,https://asrinternationalcorp.applytojob.com/apply/jobs/details/RLzUqaJIUe,"Hauppauge, NY",Hauppauge,NY,United States,Not specified,,,,Space & Defense,2026-07-28,2026-07-28,https://asrinternationalcorp.applytojob.com/apply/jobs,known_careers_url,4,success
b3dd33f23140,2026-07-28,f7b8731a7e71,ASR International,https://www.asrintl.com/,https://asrinternationalcorp.applytojob.com/apply/jobs,Warehouse Operations Support,https://asrinternationalcorp.applytojob.com/apply/jobs/details/r9UREC7YrW,"Port Hueneme, CA",Port Hueneme,CA,United States,Not specified,,,,Space & Defense,2026-07-28,2026-07-28,https://asrinternationalcorp.applytojob.com/apply/jobs,known_careers_url,4,success
dd897e1f6477,2026-07-28,f7b8731a7e71,ASR International,https://www.asrintl.com/,https://asrinternationalcorp.applytojob.com/apply/jobs,Construction Management Representative,https://asrinternationalcorp.applytojob.com/apply/jobs/details/UyVNZ9nngE,"Hot Springs, AR",Hot Springs,AR,United States,Not specified,,,,Space & Defense,2026-07-28,2026-07-28,https://asrinternationalcorp.applytojob.com/apply/jobs,known_careers_url,4,success
a6b87e15bfc2,2026-07-28,f7b8731a7e71,ASR International,https://www.asrintl.com/,https://asrinternationalcorp.applytojob.com/apply/jobs,Engineering Technical/Proposal Writer - Entry Level,https://asrinternationalcorp.applytojob.com/apply/jobs/details/XBSGZgZv0y,"Hauppauge, NY",Hauppauge,NY,United States,Not specified,,,,Space & Defense,2026-07-28,2026-07-28,https://asrinternationalcorp.applytojob.com/apply/jobs,known_careers_url,4,success
93d4c14397c7,2026-07-28,f7b8731a7e71,ASR International,https://www.asrintl.com/,https://asrinternationalcorp.applytojob.com/apply/jobs,Payroll Associate,https://asrinternationalcorp.applytojob.com/apply/jobs/details/RlQ0knqVZm,"Hauppauge, NY",Hauppauge,NY,United States,Not specified,,,,Space & Defense,2026-07-28,2026-07-28,https://asrinternationalcorp.applytojob.com/apply/jobs,known_careers_url,4,success
35405d1364a6,2026-07-28,f7b8731a7e71,ASR International,https://www.asrintl.com/,https://asrinternationalcorp.applytojob.com/apply/jobs,Jr. Contract Analyst/Admin,https://asrinternationalcorp.applytojob.com/apply/jobs/details/xgnxrAysaC,"Hauppauge, NY",Hauppauge,NY,United States,Not specified,,,,Space & Defense,2026-07-28,2026-07-28,https://asrinternationalcorp.applytojob.com/apply/jobs,known_careers_url,4,success
c5a1b86385bc,2026-07-28,f7b8731a7e71,ASR International,https://www.asrintl.com/,https://asrinternationalcorp.applytojob.com/apply/jobs,Construction Management Support/Field Engineer,https://asrinternationalcorp.applytojob.com/apply/jobs/details/GnwewXo9mw,"Bremerton, WA",Bremerton,WA,United States,Not specified,,,,Space & Defense,2026-07-28,2026-07-28,https://asrinternationalcorp.applytojob.com/apply/jobs,known_careers_url,4,success
061c23000c12,2026-07-28,f7b8731a7e71,ASR International,https://www.asrintl.com/,https://asrinternationalcorp.applytojob.com/apply/jobs,Project Field Engineer,https://asrinternationalcorp.applytojob.com/apply/jobs/details/ykZ3eXeJqr,"Bremerton, WA",Bremerton,WA,United States,Not specified,,,,Space & Defense,2026-07-28,2026-07-28,https://asrinternationalcorp.applytojob.com/apply/jobs,known_careers_url,4,success
e0ea4168ace7,2026-07-28,f7b8731a7e71,ASR International,https://www.asrintl.com/,https://asrinternationalcorp.applytojob.com/apply/jobs,Construction Inspector/Engineering Technician,https://asrinternationalcorp.applytojob.com/apply/jobs/details/ZszfKDngfY,"Pensacola, FL",Pensacola,FL,United States,Not specified,,,,Space & Defense,2026-07-28,2026-07-28,https://asrinternationalcorp.applytojob.com/apply/jobs,known_careers_url,4,success
5f277ef1aa88,2026-07-28,f7b8731a7e71,ASR International,https://www.asrintl.com/,https://asrinternationalcorp.applytojob.com/apply/jobs,System Administrator (US NAVY),https://asrinternationalcorp.applytojob.com/apply/jobs/details/LHlnmaVQQs,"San Diego, CA",San Diego,CA,United States,Not specified,,,,Space & Defense,2026-07-28,2026-07-28,https://asrinternationalcorp.applytojob.com/apply/jobs,known_careers_url,4,success
fbf2b768d27a,2026-07-28,f7b8731a7e71,ASR International,https://www.asrintl.com/,https://asrinternationalcorp.applytojob.com/apply/jobs,Construction Manager Representative,https://asrinternationalcorp.applytojob.com/apply/jobs/details/pHf71yBKwX,"Washington, DC",Washington,DC,United States,Not specified,,,,Space & Defense,2026-07-28,2026-07-28,https://asrinternationalcorp.applytojob.com/apply/jobs,known_careers_url,4,success
0fd58b762edd,2026-07-28,f7b8731a7e71,ASR International,https://www.asrintl.com/,https://asrinternationalcorp.applytojob.com/apply/jobs,Construction Management / Surveillance Engineer (CSE),https://asrinternationalcorp.applytojob.com/apply/jobs/details/ufpzVPyALE,"Pensacola, FL",Pensacola,FL,United States,Not specified,,,,Space & Defense,2026-07-28,2026-07-28,https://asrinternationalcorp.applytojob.com/apply/jobs,known_careers_url,4,success
e9ed9835b461,2026-07-28,f7b8731a7e71,ASR International,https://www.asrintl.com/,https://asrinternationalcorp.applytojob.com/apply/jobs,Pricing/Cost Analyst - Labor (ENTRY Level),https://asrinternationalcorp.applytojob.com/apply/jobs/details/zR8MbQsjSp,"Hauppauge, NY",Hauppauge,NY,United States,Not specified,,,,Space & Defense,2026-07-28,2026-07-28,https://asrinternationalcorp.applytojob.com/apply/jobs,known_careers_url,4,success
5a3ff48b73cc,2026-07-28,b00ce903c871,Boeing,https://www.boeing.com/resources/boeingdotcom/government-operations/state_cards/Card_NY.pdf,https://jobs.boeing.com/,Associate or Mid-Level Integrated Planning & Scheduling Specialist,https://jobs.boeing.com/job/hazelwood/associate-or-mid-level-integrated-planning-and-scheduling-specialist/185/97587667952,"Hazelwood, Missouri, United States",Hazelwood,MO,United States,Not specified,,,,Aerospace,2026-07-28,2026-07-28,https://jobs.boeing.com/,known_careers_url,4,success
ade2cd696226,2026-07-28,b00ce903c871,Boeing,https://www.boeing.com/resources/boeingdotcom/government-operations/state_cards/Card_NY.pdf,https://jobs.boeing.com/,Business Support Specialist,https://jobs.boeing.com/job/al-ahmadi/business-support-specialist/185/97874249872,"Bohemia, NY, United States",Bohemia,NY,United States,Not specified,,,,Aerospace,2026-07-28,2026-07-28,https://jobs.boeing.com/,known_careers_url,4,success
40bb91cedc19,2026-07-28,b00ce903c871,Boeing,https://www.boeing.com/resources/boeingdotcom/government-operations/state_cards/Card_NY.pdf,https://jobs.boeing.com/,Senior Quality Engineer,https://jobs.boeing.com/job/los-angeles/senior-quality-engineer/185/95870778832,"Los Angeles, California, United States",Los Angeles,CA,United States,Not specified,,,,Aerospace,2026-07-28,2026-07-28,https://jobs.boeing.com/,known_careers_url,4,success
370de15b973f,2026-07-28,b00ce903c871,Boeing,https://www.boeing.com/resources/boeingdotcom/government-operations/state_cards/Card_NY.pdf,https://jobs.boeing.com/manufacturing-careers,Aerospace Vehicle Technician Senior 1st Shift - Millennium Space Systems,https://jobs.boeing.com/job/el-segundo/aerospace-vehicle-technician-senior-1st-shift-millennium-space-systems/185/96312266848,"El Segundo, California, United States; and other locations",El Segundo,CA,United States,Not specified,,,,Aerospace,2026-07-28,2026-07-28,https://jobs.boeing.com/manufacturing-careers,linked_page,4,success_after_fallback
edcf3fe33f9b,2026-07-28,b00ce903c871,Boeing,https://www.boeing.com/resources/boeingdotcom/government-operations/state_cards/Card_NY.pdf,https://jobs.boeing.com/manufacturing-careers,Harness Technician Senior Second Shift – Millennium Space Systems,https://jobs.boeing.com/job/el-segundo/harness-technician-senior-second-shift-millennium-space-systems/185/90318440688,"El Segundo, California, United States; and other locations",El Segundo,CA,United States,Not specified,,,,Aerospace,2026-07-28,2026-07-28,https://jobs.boeing.com/manufacturing-careers,linked_page,4,success_after_fallback
7c85e4ded1ea,2026-07-28,b00ce903c871,Boeing,https://www.boeing.com/resources/boeingdotcom/government-operations/state_cards/Card_NY.pdf,https://jobs.boeing.com/manufacturing-careers,Harness Technician Senior First Shift – Millennium Space Systems,https://jobs.boeing.com/job/el-segundo/harness-technician-senior-first-shift-millennium-space-systems/185/90326815840,"El Segundo, California, United States; and other locations",El Segundo,CA,United States,Not specified,,,,Aerospace,2026-07-28,2026-07-28,https://jobs.boeing.com/manufacturing-careers,linked_page,4,success_after_fallback
01f6073b4202,2026-07-28,b00ce903c871,Boeing,https://www.boeing.com/resources/boeingdotcom/government-operations/state_cards/Card_NY.pdf,https://jobs.boeing.com/cybersecurity-careers,Cyber Security Analyst,https://jobs.boeing.com/job/bristol/cyber-security-analyst/185/97829409840,"Bristol, United Kingdom",Bristol,,United Kingdom,Not specified,,,,Aerospace,2026-07-28,2026-07-28,https://jobs.boeing.com/cybersecurity-careers,linked_page,4,success_after_fallback
4dacf6cfdc2a,2026-07-28,b00ce903c871,Boeing,https://www.boeing.com/resources/boeingdotcom/government-operations/state_cards/Card_NY.pdf,https://jobs.boeing.com/cybersecurity-careers,Cyber Security Specialist,https://jobs.boeing.com/job/brisbane/cyber-security-specialist/185/97168971856,"Brisbane, Australia",Brisbane,,Australia,Not specified,,,,Aerospace,2026-07-28,2026-07-28,https://jobs.boeing.com/cybersecurity-careers,linked_page,4,success_after_fallback
1168ad5a6774,2026-07-28,b00ce903c871,Boeing,https://www.boeing.com/resources/boeingdotcom/government-operations/state_cards/Card_NY.pdf,https://jobs.boeing.com/cybersecurity-careers,X-Lab Cybersecurity Engineer,https://jobs.boeing.com/job/colorado-springs/x-lab-cybersecurity-engineer/185/97571385776,"Colorado Springs, Colorado, United States",Colorado Springs,CO,United States,Not specified,,,,Aerospace,2026-07-28,2026-07-28,https://jobs.boeing.com/cybersecurity-careers,linked_page,4,success_after_fallback
f693c0be178a,2026-07-28,b00ce903c871,Boeing,https://www.boeing.com/resources/boeingdotcom/government-operations/state_cards/Card_NY.pdf,https://jobs.boeing.com/data-science-and-analytics-careers,Senior Artificial Intelligence /Lean Project Management Specialist,https://jobs.boeing.com/job/renton/senior-artificial-intelligence-lean-project-management-specialist/185/97750204144,"Renton, Washington, United States; and other locations",Renton,WA,United States,Not specified,,,,Aerospace,2026-07-28,2026-07-28,https://jobs.boeing.com/data-science-and-analytics-careers,linked_page,4,success_after_fallback
1b3357f0872e,2026-07-28,b00ce903c871,Boeing,https://www.boeing.com/resources/boeingdotcom/government-operations/state_cards/Card_NY.pdf,https://jobs.boeing.com/data-science-and-analytics-careers,Senior Data Scientist,https://jobs.boeing.com/job/huntsville/senior-data-scientist/185/98386130416,"Huntsville, Alabama, United States",Huntsville,AL,United States,Not specified,,,,Aerospace,2026-07-28,2026-07-28,https://jobs.boeing.com/data-science-and-analytics-careers,linked_page,4,success_after_fallback
05b610a4364b,2026-07-28,b00ce903c871,Boeing,https://www.boeing.com/resources/boeingdotcom/government-operations/state_cards/Card_NY.pdf,https://jobs.boeing.com/data-science-and-analytics-careers,"Electrophysics Engineer (Antennas & Propagation) - Associate, Mid-Level, or Senior",https://jobs.boeing.com/job/el-segundo/electrophysics-engineer-antennas-and-propagation-associate-mid-level-or-senior/185/98205375792,"El Segundo, California, United States; and other locations",El Segundo,CA,United States,Not specified,,,,Aerospace,2026-07-28,2026-07-28,https://jobs.boeing.com/data-science-and-analytics-careers,linked_page,4,success_after_fallback
513fc33fb05f,2026-07-28,b00ce903c871,Boeing,https://www.boeing.com/resources/boeingdotcom/government-operations/state_cards/Card_NY.pdf,https://jobs.boeing.com/data-science-and-analytics-careers,Senior Software Engineer–Developer,https://jobs.boeing.com/job/richardson/senior-software-engineer-developer/185/98150226304,"Richardson, Texas, United States",Richardson,TX,United States,Not specified,,,,Aerospace,2026-07-28,2026-07-28,https://jobs.boeing.com/data-science-and-analytics-careers,linked_page,4,success_after_fallback
ccee2cc3bef6,2026-07-28,b00ce903c871,Boeing,https://www.boeing.com/resources/boeingdotcom/government-operations/state_cards/Card_NY.pdf,https://jobs.boeing.com/information-technology-careers,Information Technology Manager,https://jobs.boeing.com/job/everett/information-technology-manager/185/98391787632,"Everett, Washington, United States; and other locations",Everett,WA,United States,Not specified,,,,Aerospace,2026-07-28,2026-07-28,https://jobs.boeing.com/information-technology-careers,linked_page,4,success_after_fallback
a84f53209612,2026-07-28,b00ce903c871,Boeing,https://www.boeing.com/resources/boeingdotcom/government-operations/state_cards/Card_NY.pdf,https://jobs.boeing.com/information-technology-careers,Lead Programmer Analyst,https://jobs.boeing.com/job/hazelwood/lead-programmer-analyst/185/97202912896,"Hazelwood, Missouri, United States",Hazelwood,MO,United States,Not specified,,,,Aerospace,2026-07-28,2026-07-28,https://jobs.boeing.com/information-technology-careers,linked_page,4,success_after_fallback
78f8249f1111,2026-07-28,b00ce903c871,Boeing,https://www.boeing.com/resources/boeingdotcom/government-operations/state_cards/Card_NY.pdf,https://jobs.boeing.com/information-technology-careers,IT Systems Administrator - Millennium Space Systems,https://jobs.boeing.com/job/el-segundo/it-systems-administrator-millennium-space-systems/185/96973127232,"El Segundo, California, United States; and other locations",El Segundo,CA,United States,Not specified,,,,Aerospace,2026-07-28,2026-07-28,https://jobs.boeing.com/information-technology-careers,linked_page,4,success_after_fallback
819ecf2062ce,2026-07-28,b00ce903c871,Boeing,https://www.boeing.com/resources/boeingdotcom/government-operations/state_cards/Card_NY.pdf,https://jobs.boeing.com/information-technology-careers,Windows Systems Administrator (Associate or Mid-Level),https://jobs.boeing.com/job/berkeley/windows-systems-administrator-associate-or-mid-level/185/95603381744,"Berkeley, Missouri, United States",Berkeley,MO,United States,Not specified,,,,Aerospace,2026-07-28,2026-07-28,https://jobs.boeing.com/information-technology-careers,linked_page,4,success_after_fallback
153bdfcf482e,2026-07-28,b00ce903c871,Boeing,https://www.boeing.com/resources/boeingdotcom/government-operations/state_cards/Card_NY.pdf,https://jobs.boeing.com/electronic-and-electrical-engineering-careers,Electrical Engineer (Experienced or Senior),https://jobs.boeing.com/job/huntsville/electrical-engineer-experienced-or-senior/185/96787772784,"Huntsville, Alabama, United States",Huntsville,AL,United States,Not specified,,,,Aerospace,2026-07-28,2026-07-28,https://jobs.boeing.com/electronic-and-electrical-engineering-careers,linked_page,4,success_after_fallback
acdb18c969b3,2026-07-28,b00ce903c871,Boeing,https://www.boeing.com/resources/boeingdotcom/government-operations/state_cards/Card_NY.pdf,https://jobs.boeing.com/electronic-and-electrical-engineering-careers,Airplane Electronic Engineer (Lead or SME),https://jobs.boeing.com/job/north-charleston/airplane-electronic-engineer-lead-or-sme/185/92624586784,"North Charleston, South Carolina, United States",North Charleston,SC,United States,Not specified,,,,Aerospace,2026-07-28,2026-07-28,https://jobs.boeing.com/electronic-and-electrical-engineering-careers,linked_page,4,success_after_fallback
8fabe76f0cd2,2026-07-28,b00ce903c871,Boeing,https://www.boeing.com/resources/boeingdotcom/government-operations/state_cards/Card_NY.pdf,https://jobs.boeing.com/electronic-and-electrical-engineering-careers,Verification Engineering Manager (ASIC & FPGA),https://jobs.boeing.com/job/el-segundo/verification-engineering-manager-asic-and-fpga/185/98386130320,"El Segundo, California, United States; and other locations",El Segundo,CA,United States,Not specified,,,,Aerospace,2026-07-28,2026-07-28,https://jobs.boeing.com/electronic-and-electrical-engineering-careers,linked_page,4,success_after_fallback
9326e65ca51c,2026-07-28,b00ce903c871,Boeing,https://www.boeing.com/resources/boeingdotcom/government-operations/state_cards/Card_NY.pdf,https://jobs.boeing.com/electronic-and-electrical-engineering-careers,Associate or Experienced Electromagnetic Model Fabrication and Finishing Specialist,https://jobs.boeing.com/job/tukwila/associate-or-experienced-electromagnetic-model-fabrication-and-finishing-specialist/185/98386130240,"Tukwila, Washington, United States",Tukwila,WA,United States,Not specified,,,,Aerospace,2026-07-28,2026-07-28,https://jobs.boeing.com/electronic-and-electrical-engineering-careers,linked_page,4,success_after_fallback
60c59a095695,2026-07-28,b00ce903c871,Boeing,https://www.boeing.com/resources/boeingdotcom/government-operations/state_cards/Card_NY.pdf,https://jobs.boeing.com/flight-engineering-careers,Lead Guidance Navigation & Control Engineer,https://jobs.boeing.com/job/hazelwood/lead-guidance-navigation-and-control-engineer/185/97918147264,"Hazelwood, Missouri, United States; and other locations",Hazelwood,MO,United States,Not specified,,,,Aerospace,2026-07-28,2026-07-28,https://jobs.boeing.com/flight-engineering-careers,linked_page,4,success_after_fallback
599cb0a2f42a,2026-07-28,b00ce903c871,Boeing,https://www.boeing.com/resources/boeingdotcom/government-operations/state_cards/Card_NY.pdf,https://jobs.boeing.com/flight-engineering-careers,Guidance Navigation & Control Engineer (Experienced or Senior),https://jobs.boeing.com/job/hazelwood/guidance-navigation-and-control-engineer-experienced-or-senior/185/97918147248,"Hazelwood, Missouri, United States; and other locations",Hazelwood,MO,United States,Not specified,,,,Aerospace,2026-07-28,2026-07-28,https://jobs.boeing.com/flight-engineering-careers,linked_page,4,success_after_fallback
ab6366434f18,2026-07-28,b00ce903c871,Boeing,https://www.boeing.com/resources/boeingdotcom/government-operations/state_cards/Card_NY.pdf,https://jobs.boeing.com/flight-engineering-careers,Senior Guidance Navigation & Control Engineer (Control Systems Analysis & Design),https://jobs.boeing.com/job/berkeley/senior-guidance-navigation-and-control-engineer-control-systems-analysis-and-design/185/97576591472,"Berkeley, Missouri, United States",Berkeley,MO,United States,Not specified,,,,Aerospace,2026-07-28,2026-07-28,https://jobs.boeing.com/flight-engineering-careers,linked_page,4,success_after_fallback
8e0a4a4cd1ef,2026-07-28,b00ce903c871,Boeing,https://www.boeing.com/resources/boeingdotcom/government-operations/state_cards/Card_NY.pdf,https://jobs.boeing.com/flight-engineering-careers,Propulsion Systems Engineer (Associate or Experienced),https://jobs.boeing.com/job/el-segundo/propulsion-systems-engineer-associate-or-experienced/185/97628185968,"El Segundo, California, United States; and other locations",El Segundo,CA,United States,Not specified,,,,Aerospace,2026-07-28,2026-07-28,https://jobs.boeing.com/flight-engineering-careers,linked_page,4,success_after_fallback
3c9257f57d55,2026-07-28,b00ce903c871,Boeing,https://www.boeing.com/resources/boeingdotcom/government-operations/state_cards/Card_NY.pdf,https://jobs.boeing.com/industrial-engineering-careers,Industrial Engineer (Experienced or Senior),https://jobs.boeing.com/job/berkeley/industrial-engineer-experienced-or-senior/185/95136729280,"Berkeley, Missouri, United States",Berkeley,MO,United States,Not specified,,,,Aerospace,2026-07-28,2026-07-28,https://jobs.boeing.com/industrial-engineering-careers,linked_page,4,success_after_fallback
f0728c952ed1,2026-07-28,b00ce903c871,Boeing,https://www.boeing.com/resources/boeingdotcom/government-operations/state_cards/Card_NY.pdf,https://jobs.boeing.com/industrial-engineering-careers,"Associate, Mid-Level, or Senior Industrial Engineer",https://jobs.boeing.com/job/north-charleston/associate-mid-level-or-senior-industrial-engineer/185/98242686736,"North Charleston, South Carolina, United States",North Charleston,SC,United States,Not specified,,,,Aerospace,2026-07-28,2026-07-28,https://jobs.boeing.com/industrial-engineering-careers,linked_page,4,success_after_fallback
281e8a34f89c,2026-07-28,b00ce903c871,Boeing,https://www.boeing.com/resources/boeingdotcom/government-operations/state_cards/Card_NY.pdf,https://jobs.boeing.com/industrial-engineering-careers,Phantom Works Industrial Engineer (Associate or Experienced),https://jobs.boeing.com/job/berkeley/phantom-works-industrial-engineer-associate-or-experienced/185/96928673088,"Berkeley, Missouri, United States",Berkeley,MO,United States,Not specified,,,,Aerospace,2026-07-28,2026-07-28,https://jobs.boeing.com/industrial-engineering-careers,linked_page,4,success_after_fallback
edf7ef5d5b5f,2026-07-28,b00ce903c871,Boeing,https://www.boeing.com/resources/boeingdotcom/government-operations/state_cards/Card_NY.pdf,https://jobs.boeing.com/industrial-engineering-careers,Associate Manufacturing Planner,https://jobs.boeing.com/job/wichita/associate-manufacturing-planner/185/92581913136,"Wichita, Kansas, United States",Wichita,KS,United States,Not specified,,,,Aerospace,2026-07-28,2026-07-28,https://jobs.boeing.com/industrial-engineering-careers,linked_page,4,success_after_fallback
6bbc9453e327,2026-07-28,2cdfe8725858,Bren-Tronics,https://www.bren-tronics.com/,https://jobs.enersys.com/search?q=&q2=&alertId=&locationsearch=&title=&date=&location=commack,Manufacturing Engineer,https://jobs.enersys.com/job/Commack-Manufacturing-Engineer-NY-11725/1380552333,"Commack, NY, United States",Commack,NY,United States,Not specified,,,,Aerospace,2026-07-28,2026-07-28,https://jobs.enersys.com/search?q=&q2=&alertId=&locationsearch=&title=&date=&location=commack,known_careers_url,4,success
5480da740e51,2026-07-28,2cdfe8725858,Bren-Tronics,https://www.bren-tronics.com/,https://jobs.enersys.com/search?q=&q2=&alertId=&locationsearch=&title=&date=&location=commack,Senior Electrical Engineer,https://jobs.enersys.com/job/Commack-Senior-Electrical-Engineer-NY-11725/1279809301,"Commack, NY, United States",Commack,NY,United States,Not specified,,,,Aerospace,2026-07-28,2026-07-28,https://jobs.enersys.com/search?q=&q2=&alertId=&locationsearch=&title=&date=&location=commack,known_careers_url,4,success
869b65d5f22a,2026-07-28,2cdfe8725858,Bren-Tronics,https://www.bren-tronics.com/,https://jobs.enersys.com/search?q=&q2=&alertId=&locationsearch=&title=&date=&location=commack,Senior Mechanical Engineer,https://jobs.enersys.com/job/Commack-Senior-Mechanical-Engineer-NY-11725/1279712201,"Commack, NY, United States",Commack,NY,United States,Not specified,,,,Aerospace,2026-07-28,2026-07-28,https://jobs.enersys.com/search?q=&q2=&alertId=&locationsearch=&title=&date=&location=commack,known_careers_url,4,success
befe9653a0f7,2026-07-28,2cdfe8725858,Bren-Tronics,https://www.bren-tronics.com/,https://jobs.enersys.com/search?q=&q2=&alertId=&locationsearch=&title=&date=&location=commack,Production Manager,https://jobs.enersys.com/job/Commack-Production-Manager-NY-11725/1368745033,"Commack, NY, United States",Commack,NY,United States,Not specified,,,,Aerospace,2026-07-28,2026-07-28,https://jobs.enersys.com/search?q=&q2=&alertId=&locationsearch=&title=&date=&location=commack,known_careers_url,4,success
968f00799f05,2026-07-28,2cdfe8725858,Bren-Tronics,https://www.bren-tronics.com/,https://jobs.enersys.com/search?q=&q2=&alertId=&locationsearch=&title=&date=&location=commack,Planning Specialist,https://jobs.enersys.com/job/Commack-Planning-Specialist-NY-11725/1396086333,"Commack, NY, United States",Commack,NY,United States,Not specified,,,,Aerospace,2026-07-28,2026-07-28,https://jobs.enersys.com/search?q=&q2=&alertId=&locationsearch=&title=&date=&location=commack,known_careers_url,4,success
08cd4b9badfa,2026-07-28,2cdfe8725858,Bren-Tronics,https://www.bren-tronics.com/,https://jobs.enersys.com/search?q=&q2=&alertId=&locationsearch=&title=&date=&location=commack,Test Technician III,https://jobs.enersys.com/job/Commack-Test-Technician-III-NY-11725/1394556633,"Commack, NY, United States",Commack,NY,United States,Not specified,,,,Aerospace,2026-07-28,2026-07-28,https://jobs.enersys.com/search?q=&q2=&alertId=&locationsearch=&title=&date=&location=commack,known_careers_url,4,success
1e3224182459,2026-07-28,2cdfe8725858,Bren-Tronics,https://www.bren-tronics.com/,https://jobs.enersys.com/search?q=&q2=&alertId=&locationsearch=&title=&date=&location=commack,Helpdesk Technician,https://jobs.enersys.com/job/Commack-Helpdesk-Technician-NY-11725/1414827333,"Commack, NY, United States",Commack,NY,United States,Not specified,,,,Aerospace,2026-07-28,2026-07-28,https://jobs.enersys.com/search?q=&q2=&alertId=&locationsearch=&title=&date=&location=commack,known_careers_url,4,success
e55e06af8ac9,2026-07-28,2cdfe8725858,Bren-Tronics,https://www.bren-tronics.com/,https://jobs.enersys.com/search?q=&q2=&alertId=&locationsearch=&title=&date=&location=commack,Mechanical Engineer,https://jobs.enersys.com/job/Commack-Mechanical-Engineer-NY-11725/1393814433,"Commack, NY, United States",Commack,NY,United States,Not specified,,,,Aerospace,2026-07-28,2026-07-28,https://jobs.enersys.com/search?q=&q2=&alertId=&locationsearch=&title=&date=&location=commack,known_careers_url,4,success
e4da1064ea63,2026-07-28,2cdfe8725858,Bren-Tronics,https://www.bren-tronics.com/,https://jobs.enersys.com/search?q=&q2=&alertId=&locationsearch=&title=&date=&location=commack,Electrical Engineer,https://jobs.enersys.com/job/Commack-Electrical-Engineer-NY-11725/1393518033,"Commack, NY, United States",Commack,NY,United States,Not specified,,,,Aerospace,2026-07-28,2026-07-28,https://jobs.enersys.com/search?q=&q2=&alertId=&locationsearch=&title=&date=&location=commack,known_careers_url,4,success
7fd68aab3611,2026-07-28,2cdfe8725858,Bren-Tronics,https://www.bren-tronics.com/,https://jobs.enersys.com/search?q=&q2=&alertId=&locationsearch=&title=&date=&location=commack,Senior Manufacturing Engineer,https://jobs.enersys.com/job/Commack-Senior-Manufacturing-Engineer-NY-11725/1410435333,"Commack, NY, United States",Commack,NY,United States,Not specified,,,,Aerospace,2026-07-28,2026-07-28,https://jobs.enersys.com/search?q=&q2=&alertId=&locationsearch=&title=&date=&location=commack,known_careers_url,4,success
a095d1d11fb2,2026-07-28,2cdfe8725858,Bren-Tronics,https://www.bren-tronics.com/,https://jobs.enersys.com/search?createNewAlert=false&q=&locationsearch=&optionsFacetsDD_department=,"Director - Financial Planning & Analysis, Field Services",https://jobs.enersys.com/job/Reading-Director-Financial-Planning-&-Analysis%2C-Field-Services-PA-19605/1409520233,"Commack, NY, United States",Commack,NY,United States,Not specified,,,,Aerospace,2026-07-28,2026-07-28,https://jobs.enersys.com/search?createNewAlert=false&q=&locationsearch=&optionsFacetsDD_department=,linked_page,4,success_after_fallback
5f6a6f5debbd,2026-07-28,2cdfe8725858,Bren-Tronics,https://www.bren-tronics.com/,https://jobs.enersys.com/search?createNewAlert=false&q=&locationsearch=&optionsFacetsDD_department=,Technical Sales Representative - Oil & Gas,https://jobs.enersys.com/job/Anytown-Technical-Sales-Representative-Oil-&-Gas-TX-75006/1396244633,"Commack, NY, United States",Commack,NY,United States,Not specified,,,,Aerospace,2026-07-28,2026-07-28,https://jobs.enersys.com/search?createNewAlert=false&q=&locationsearch=&optionsFacetsDD_department=,linked_page,4,success_after_fallback
bbd11b700f59,2026-07-28,2cdfe8725858,Bren-Tronics,https://www.bren-tronics.com/,https://jobs.enersys.com/search?createNewAlert=false&q=&locationsearch=&optionsFacetsDD_department=,Application Security Engineer (REMOTE),https://jobs.enersys.com/job/Anytown-Application-Security-Engineer-%28REMOTE%29-PA-19605/1293266601,"Commack, NY, United States",Commack,NY,United States,Remote,,,,Aerospace,2026-07-28,2026-07-28,https://jobs.enersys.com/search?createNewAlert=false&q=&locationsearch=&optionsFacetsDD_department=,linked_page,4,success_after_fallback
2ebf5b740bc0,2026-07-28,2cdfe8725858,Bren-Tronics,https://www.bren-tronics.com/,https://jobs.enersys.com/search?createNewAlert=false&q=&locationsearch=&optionsFacetsDD_department=,Project Design Engineering,https://jobs.enersys.com/job/Anytown-Project-Design-Engineering-FL-33805/1419329733,"Commack, NY, United States",Commack,NY,United States,Not specified,,,,Aerospace,2026-07-28,2026-07-28,https://jobs.enersys.com/search?createNewAlert=false&q=&locationsearch=&optionsFacetsDD_department=,linked_page,4,success_after_fallback
886d239cc81c,2026-07-28,2cdfe8725858,Bren-Tronics,https://www.bren-tronics.com/,https://jobs.enersys.com/search?createNewAlert=false&q=&locationsearch=&optionsFacetsDD_department=,Chemical Technician,https://jobs.enersys.com/job/Hays-Chemical-Technician-KS-67601/1389444233,"Commack, NY, United States",Commack,NY,United States,Not specified,,,,Aerospace,2026-07-28,2026-07-28,https://jobs.enersys.com/search?createNewAlert=false&q=&locationsearch=&optionsFacetsDD_department=,linked_page,4,success_after_fallback
029fa124e5b7,2026-07-28,2cdfe8725858,Bren-Tronics,https://www.bren-tronics.com/,https://jobs.enersys.com/search?createNewAlert=false&q=&locationsearch=&optionsFacetsDD_department=,"MOVAC Finishing Production Operator, 3rd Shift, 9:45p-6:15a, S-TH",https://jobs.enersys.com/job/Springfield-MOVAC-Finishing-Production-Operator%2C-3rd-Shift%2C-945p-615a%2C-S-TH-MO-65803/1386649133,"Commack, NY, United States",Commack,NY,United States,Not specified,,,,Aerospace,2026-07-28,2026-07-28,https://jobs.enersys.com/search?createNewAlert=false&q=&locationsearch=&optionsFacetsDD_department=,linked_page,4,success_after_fallback
ba3273dedf54,2026-07-28,2cdfe8725858,Bren-Tronics,https://www.bren-tronics.com/,https://jobs.enersys.com/search?createNewAlert=false&q=&locationsearch=&optionsFacetsDD_department=,Senior Embedded Software Engineer,https://jobs.enersys.com/job/Largo-Senior-Embedded-Software-Engineer-FL-33777/1379550433,"Commack, NY, United States",Commack,NY,United States,Not specified,,,,Aerospace,2026-07-28,2026-07-28,https://jobs.enersys.com/search?createNewAlert=false&q=&locationsearch=&optionsFacetsDD_department=,linked_page,4,success_after_fallback
ccb9acfabbb3,2026-07-28,2cdfe8725858,Bren-Tronics,https://www.bren-tronics.com/,https://jobs.enersys.com/search?createNewAlert=false&q=&locationsearch=&optionsFacetsDD_department=,Program Manager,https://jobs.enersys.com/job/Pinellas-Park-Program-Manager-FL-33781/1408958433,"Commack, NY, United States",Commack,NY,United States,Not specified,,,,Aerospace,2026-07-28,2026-07-28,https://jobs.enersys.com/search?createNewAlert=false&q=&locationsearch=&optionsFacetsDD_department=,linked_page,4,success_after_fallback
91a805b6dfd5,2026-07-28,2cdfe8725858,Bren-Tronics,https://www.bren-tronics.com/,https://jobs.enersys.com/search?createNewAlert=false&q=&locationsearch=&optionsFacetsDD_department=,Plant 2 Electrical Test Lab II Technician,https://jobs.enersys.com/job/Springfield-Plant-2-Electrical-Test-Lab-II-Technician-MO-65802/1409037933,"Commack, NY, United States",Commack,NY,United States,Not specified,,,,Aerospace,2026-07-28,2026-07-28,https://jobs.enersys.com/search?createNewAlert=false&q=&locationsearch=&optionsFacetsDD_department=,linked_page,4,success_after_fallback
87e808f14f14,2026-07-28,2cdfe8725858,Bren-Tronics,https://www.bren-tronics.com/,https://jobs.enersys.com/search?createNewAlert=false&q=&locationsearch=&optionsFacetsDD_department=,"MOVAC-Receiving Coordinator, 2nd Shift, M-F, 1:45pm-10:15pm",https://jobs.enersys.com/job/Springfield-MOVAC-Receiving-Coordinator%2C-2nd-Shift%2C-M-F%2C-145pm-1015pm-MO-65803/1408551133,"Commack, NY, United States",Commack,NY,United States,Not specified,,,,Aerospace,2026-07-28,2026-07-28,https://jobs.enersys.com/search?createNewAlert=false&q=&locationsearch=&optionsFacetsDD_department=,linked_page,4,success_after_fallback
4a33dd59ba8b,2026-07-28,2cdfe8725858,Bren-Tronics,https://www.bren-tronics.com/,https://jobs.enersys.com/search?createNewAlert=false&q=&locationsearch=&optionsFacetsDD_department=,"Plant 1-Paste Mixing Operator, 2nd Shift, M-F, 1:45pm-10:20pm",https://jobs.enersys.com/job/Springfield-Plant-1-Paste-Mixing-Operator%2C-2nd-Shift%2C-M-F%2C-145pm-1020pm-MO-65803/1408554333,"Commack, NY, United States",Commack,NY,United States,Not specified,,,,Aerospace,2026-07-28,2026-07-28,https://jobs.enersys.com/search?createNewAlert=false&q=&locationsearch=&optionsFacetsDD_department=,linked_page,4,success_after_fallback
fe43dad59302,2026-07-28,2cdfe8725858,Bren-Tronics,https://www.bren-tronics.com/,https://jobs.enersys.com/search?createNewAlert=false&q=&locationsearch=&optionsFacetsDD_department=,"MOVAC Shipping Coordinator, 2nd Shift, M-F, 1:45pm-10:15pm",https://jobs.enersys.com/job/Springfield-MOVAC-Shipping-Coordinator%2C-2nd-Shift%2C-M-F%2C-145pm-1015pm-MO-65803/1408550333,"Commack, NY, United States",Commack,NY,United States,Not specified,,,,Aerospace,2026-07-28,2026-07-28,https://jobs.enersys.com/search?createNewAlert=false&q=&locationsearch=&optionsFacetsDD_department=,linked_page,4,success_after_fallback
f3716158e78b,2026-07-28,2cdfe8725858,Bren-Tronics,https://www.bren-tronics.com/,https://jobs.enersys.com/search?createNewAlert=false&q=&locationsearch=&optionsFacetsDD_department=,Production Operator,https://jobs.enersys.com/job/Horsham-Production-Operator-PA-19044/1388562133,"Commack, NY, United States",Commack,NY,United States,Not specified,,,,Aerospace,2026-07-28,2026-07-28,https://jobs.enersys.com/search?createNewAlert=false&q=&locationsearch=&optionsFacetsDD_department=,linked_page,4,success_after_fallback
79bb1bf36ff1,2026-07-28,2cdfe8725858,Bren-Tronics,https://www.bren-tronics.com/,https://jobs.enersys.com/search?createNewAlert=false&q=&locationsearch=&optionsFacetsDD_department=,Manager Transportation Product Management EMEA,https://jobs.enersys.com/job/Arras-Cedex-Manager-Transportation-Product-Management-EMEA-62033/1379051633,"Commack, NY, United States",Commack,NY,United States,Not specified,,,,Aerospace,2026-07-28,2026-07-28,https://jobs.enersys.com/search?createNewAlert=false&q=&locationsearch=&optionsFacetsDD_department=,linked_page,4,success_after_fallback
6d4fb33f761e,2026-07-28,2cdfe8725858,Bren-Tronics,https://www.bren-tronics.com/,https://jobs.enersys.com/search?createNewAlert=false&q=&locationsearch=&optionsFacetsDD_department=,"Plant 1-Paste Mixing Operator, 1st Shift, M-F, 5:45am-2:20pm",https://jobs.enersys.com/job/Springfield-Plant-1-Paste-Mixing-Operator%2C-1st-Shift%2C-M-F%2C-545am-220pm-MO-65803/1408554833,"Commack, NY, United States",Commack,NY,United States,Not specified,,,,Aerospace,2026-07-28,2026-07-28,https://jobs.enersys.com/search?createNewAlert=false&q=&locationsearch=&optionsFacetsDD_department=,linked_page,4,success_after_fallback
1370344974d1,2026-07-28,2cdfe8725858,Bren-Tronics,https://www.bren-tronics.com/,https://jobs.enersys.com/search?createNewAlert=false&q=&locationsearch=&optionsFacetsDD_department=,Production Operator,https://jobs.enersys.com/job/Warrensburg-Production-Operator-MO-64093-9301/1281499301,"Commack, NY, United States",Commack,NY,United States,Not specified,,,,Aerospace,2026-07-28,2026-07-28,https://jobs.enersys.com/search?createNewAlert=false&q=&locationsearch=&optionsFacetsDD_department=,linked_page,4,success_after_fallback
92117289f977,2026-07-28,2cdfe8725858,Bren-Tronics,https://www.bren-tronics.com/,https://jobs.enersys.com/search?createNewAlert=false&q=&locationsearch=&optionsFacetsDD_department=,Battery Energy Storage System Commercial Strategy Manager,https://jobs.enersys.com/job/Anytown-Battery-Energy-Storage-System-Commercial-Strategy-Manager-NJ-07005/1418899833,"Commack, NY, United States",Commack,NY,United States,Not specified,,,,Aerospace,2026-07-28,2026-07-28,https://jobs.enersys.com/search?createNewAlert=false&q=&locationsearch=&optionsFacetsDD_department=,linked_page,4,success_after_fallback
eec4855a6cdd,2026-07-28,d3ecafe64223,Calspan Air Services,https://www.calspanairservices.com/,https://careers2-calspan.icims.com/jobs/2623/customer-service-agent/job,Customer Service Agent,https://careers2-calspan.icims.com/jobs/2623/customer-service-agent/job,"Niagara Falls, NY, US",Niagara Falls,NY,United States,Not specified,,,Operations,Aerospace,2026-07-28,2026-07-28,https://careers2-calspan.icims.com/jobs/2623/customer-service-agent/job,ats_detected,4,success_after_fallback
81df2fca5320,2026-07-28,234e92c8de3f,Calspan Business Park,https://calspan.com/,https://careers-calspan.icims.com/jobs/search,Job Title Sr. Technician - Barrier,https://careers-calspan.icims.com/jobs/2601/sr.-technician---barrier/job,"Buffalo, NY, United States",Buffalo,NY,United States,Not specified,,,,Aerospace,2026-07-28,2026-07-28,https://careers-calspan.icims.com/jobs/search,known_careers_url,5,success
79f255e2fd12,2026-07-28,234e92c8de3f,Calspan Business Park,https://calspan.com/,https://careers-calspan.icims.com/jobs/search,Job Title Senior HVAC Technician,https://careers-calspan.icims.com/jobs/2608/senior-hvac-technician/job,"Buffalo, NY, United States",Buffalo,NY,United States,Not specified,,,,Aerospace,2026-07-28,2026-07-28,https://careers-calspan.icims.com/jobs/search,known_careers_url,5,success
2e982c46f123,2026-07-28,234e92c8de3f,Calspan Business Park,https://calspan.com/,https://careers-calspan.icims.com/jobs/search,Job Title Mechanical Assembly Technician,https://careers-calspan.icims.com/jobs/2579/mechanical-assembly-technician/job,"Buffalo, NY, United States",Buffalo,NY,United States,Not specified,,,,Aerospace,2026-07-28,2026-07-28,https://careers-calspan.icims.com/jobs/search,known_careers_url,5,success
67301f97871a,2026-07-28,234e92c8de3f,Calspan Business Park,https://calspan.com/,https://careers-calspan.icims.com/jobs/search,Job Title Aircraft Technician,https://careers-calspan.icims.com/jobs/2627/aircraft-technician/job,"Buffalo, NY, United States",Buffalo,NY,United States,Not specified,,,,Aerospace,2026-07-28,2026-07-28,https://careers-calspan.icims.com/jobs/search,known_careers_url,5,success
1a181099542b,2026-07-28,234e92c8de3f,Calspan Business Park,https://calspan.com/,https://careers-calspan.icims.com/jobs/search,Job Title Controls and Instrumentation Designer,https://careers-calspan.icims.com/jobs/2628/controls-and-instrumentation-designer/job,"Buffalo, NY, United States",Buffalo,NY,United States,Not specified,,,,Aerospace,2026-07-28,2026-07-28,https://careers-calspan.icims.com/jobs/search,known_careers_url,5,success
9bd406987816,2026-07-28,234e92c8de3f,Calspan Business Park,https://calspan.com/,https://careers-calspan.icims.com/jobs/search,Job Title IT Support Specialist,https://careers-calspan.icims.com/jobs/2619/it-support-specialist/job,"Buffalo, NY, United States",Buffalo,NY,United States,Not specified,,,,Aerospace,2026-07-28,2026-07-28,https://careers-calspan.icims.com/jobs/search,known_careers_url,5,success
b59fa2a18c8b,2026-07-28,234e92c8de3f,Calspan Business Park,https://calspan.com/,https://careers-calspan.icims.com/jobs/search,Job Title Sr. Mechanical Engineer,https://careers-calspan.icims.com/jobs/2612/sr.-mechanical-engineer/job,"Buffalo, NY, United States",Buffalo,NY,United States,Not specified,,,,Aerospace,2026-07-28,2026-07-28,https://careers-calspan.icims.com/jobs/search,known_careers_url,5,success
740604b3cd40,2026-07-28,234e92c8de3f,Calspan Business Park,https://calspan.com/,https://careers-calspan.icims.com/jobs/search,Job Title Instrumentation Technician,https://careers-calspan.icims.com/jobs/2615/instrumentation-technician/job,"Buffalo, NY, United States",Buffalo,NY,United States,Not specified,,,,Aerospace,2026-07-28,2026-07-28,https://careers-calspan.icims.com/jobs/search,known_careers_url,5,success
7652613c8ba1,2026-07-28,234e92c8de3f,Calspan Business Park,https://calspan.com/,https://careers-calspan.icims.com/jobs/search,Job Title Automotive Test Engineer,https://careers-calspan.icims.com/jobs/2616/automotive-test-engineer/job,"Buffalo, NY, United States",Buffalo,NY,United States,Not specified,,,,Aerospace,2026-07-28,2026-07-28,https://careers-calspan.icims.com/jobs/search,known_careers_url,5,success
4166865d17d9,2026-07-28,234e92c8de3f,Calspan Business Park,https://calspan.com/,https://careers-calspan.icims.com/jobs/search,Job Title Lead Controls and Instrumentation Engineer,https://careers-calspan.icims.com/jobs/2613/lead-controls-and-instrumentation-engineer/job,"Buffalo, NY, United States",Buffalo,NY,United States,Not specified,,,,Aerospace,2026-07-28,2026-07-28,https://careers-calspan.icims.com/jobs/search,known_careers_url,5,success
bea45761b69f,2026-07-28,234e92c8de3f,Calspan Business Park,https://calspan.com/,https://careers-calspan.icims.com/jobs/search,Job Title Automotive Technician,https://careers-calspan.icims.com/jobs/2603/automotive-technician/job,"Buffalo, NY, United States",Buffalo,NY,United States,Not specified,,,,Aerospace,2026-07-28,2026-07-28,https://careers-calspan.icims.com/jobs/search,known_careers_url,5,success
a1ed06c23227,2026-07-28,234e92c8de3f,Calspan Business Park,https://calspan.com/,https://careers-calspan.icims.com/jobs/search,"Job Title Applied Test Engineer, TIRE",https://careers-calspan.icims.com/jobs/2605/applied-test-engineer%2c-tire/job,"Buffalo, NY, United States",Buffalo,NY,United States,Not specified,,,,Aerospace,2026-07-28,2026-07-28,https://careers-calspan.icims.com/jobs/search,known_careers_url,5,success
5035ff818551,2026-07-28,234e92c8de3f,Calspan Business Park,https://calspan.com/,https://careers-calspan.icims.com/jobs/search,Job Title Systems Administrator,https://careers-calspan.icims.com/jobs/2543/systems-administrator%c2%a0/job,"Buffalo, NY, United States",Buffalo,NY,United States,Not specified,,,,Aerospace,2026-07-28,2026-07-28,https://careers-calspan.icims.com/jobs/search,known_careers_url,5,success
8cdf91017e92,2026-07-28,234e92c8de3f,Calspan Business Park,https://calspan.com/,https://careers-calspan.icims.com/jobs/search,Job Title Principal Systems Software Engineer - Jet Engine Test Cells,https://careers-calspan.icims.com/jobs/2500/principal-systems-software-engineer---jet-engine-test-cells/job,"Buffalo, NY, United States",Buffalo,NY,United States,Not specified,,,,Aerospace,2026-07-28,2026-07-28,https://careers-calspan.icims.com/jobs/search,known_careers_url,5,success
a6f84fc02ea8,2026-07-28,234e92c8de3f,Calspan Business Park,https://calspan.com/,https://careers-calspan.icims.com/jobs/2601/sr.-technician---barrier/job,Sr. Technician Barrier,https://careers-calspan.icims.com/jobs/2601/sr.-technician---barrier/referral,"Buffalo, NY, United States",Buffalo,NY,United States,Not specified,,,,Aerospace,2026-07-28,2026-07-28,https://careers-calspan.icims.com/jobs/2601/sr.-technician---barrier/job,ats_detected,5,success_after_fallback
0281cce548e7,2026-07-28,234e92c8de3f,Calspan Business Park,https://calspan.com/,https://careers-calspan.icims.com/jobs/2608/senior-hvac-technician/job,Senior Hvac Technician,https://careers-calspan.icims.com/jobs/2608/senior-hvac-technician/referral,"Buffalo, NY, United States",Buffalo,NY,United States,Not specified,,,,Aerospace,2026-07-28,2026-07-28,https://careers-calspan.icims.com/jobs/2608/senior-hvac-technician/job,ats_detected,5,success_after_fallback
569ca4dc7d89,2026-07-28,234e92c8de3f,Calspan Business Park,https://calspan.com/,https://careers-calspan.icims.com/jobs/2629/buyer/job,Buyer,https://careers-calspan.icims.com/jobs/2629/buyer/job,"St. Paul, MN, US",St. Paul,MN,United States,Not specified,,,Operations,Aerospace,2026-07-28,2026-07-28,https://careers-calspan.icims.com/jobs/2629/buyer/job,ats_detected,4,success_after_fallback
e42e0ec9e24f,2026-07-28,234e92c8de3f,Calspan Business Park,https://calspan.com/,https://careers-calspan.icims.com/jobs/2579/mechanical-assembly-technician/job,Mechanical Assembly Technician,https://careers-calspan.icims.com/jobs/2579/mechanical-assembly-technician/referral,"Buffalo, NY, United States",Buffalo,NY,United States,Not specified,,,,Aerospace,2026-07-28,2026-07-28,https://careers-calspan.icims.com/jobs/2579/mechanical-assembly-technician/job,ats_detected,5,success_after_fallback
91fc0b3d6e59,2026-07-28,234e92c8de3f,Calspan Business Park,https://calspan.com/,https://careers-calspan.icims.com/jobs/2627/aircraft-technician/job,Aircraft Technician,https://careers-calspan.icims.com/jobs/2627/aircraft-technician/referral,"Buffalo, NY, United States",Buffalo,NY,United States,Not specified,,,,Aerospace,2026-07-28,2026-07-28,https://careers-calspan.icims.com/jobs/2627/aircraft-technician/job,ats_detected,5,success_after_fallback
f2cbc1617c59,2026-07-28,234e92c8de3f,Calspan Business Park,https://calspan.com/,https://careers-calspan.icims.com/jobs/2628/controls-and-instrumentation-designer/job,Controls And Instrumentation Designer,https://careers-calspan.icims.com/jobs/2628/controls-and-instrumentation-designer/referral,"Buffalo, NY, United States",Buffalo,NY,United States,Not specified,,,,Aerospace,2026-07-28,2026-07-28,https://careers-calspan.icims.com/jobs/2628/controls-and-instrumentation-designer/job,ats_detected,5,success_after_fallback
533d28ddacc7,2026-07-28,234e92c8de3f,Calspan Business Park,https://calspan.com/,https://careers-calspan.icims.com/jobs/2625/sr.-aircraft-mechanic/job,Sr. Aircraft Mechanic,https://careers-calspan.icims.com/jobs/2625/sr.-aircraft-mechanic/job,"Niagara Falls, NY, US",Niagara Falls,NY,United States,Not specified,,,Engineering,Aerospace,2026-07-28,2026-07-28,https://careers-calspan.icims.com/jobs/2625/sr.-aircraft-mechanic/job,ats_detected,4,success_after_fallback
1b1f618ad36e,2026-07-28,234e92c8de3f,Calspan Business Park,https://calspan.com/,https://careers-calspan.icims.com/jobs/2626/aircraft-mechanic/job,Aircraft Mechanic,https://careers-calspan.icims.com/jobs/2626/aircraft-mechanic/job,"Patuxent River, MD, US",Patuxent River,MD,United States,Not specified,,,Operations,Aerospace,2026-07-28,2026-07-28,https://careers-calspan.icims.com/jobs/2626/aircraft-mechanic/job,ats_detected,4,success_after_fallback
97c1a277f83d,2026-07-28,234e92c8de3f,Calspan Business Park,https://calspan.com/,https://careers-calspan.icims.com/jobs/2621/shipping-%26-receiving-clerk/job,Shipping & Receiving Clerk,https://careers-calspan.icims.com/jobs/2621/shipping-%26-receiving-clerk/job,"Buffalo, NY, US",Buffalo,NY,United States,Not specified,,,Facilities,Aerospace,2026-07-28,2026-07-28,https://careers-calspan.icims.com/jobs/2621/shipping-%26-receiving-clerk/job,ats_detected,4,success_after_fallback
74934588b269,2026-07-28,babc8fbe4ec9,Crover,https://www.crover.tech/,https://www.smartrecruiters.com/?utm_source=referral&utm_medium=careerwebsitepage&utm_campaign=careerwebsite&utm_content=none&km_partner=none&km_adgroup=none&utm_term=none&km_matchtype=none,Hiring Managers,https://www.smartrecruiters.com/role/talent-acquisition,"Geneva, NY, United States",Geneva,NY,United States,Not specified,,,,Core Space,2026-07-28,2026-07-28,https://www.smartrecruiters.com/?utm_source=referral&utm_medium=careerwebsitepage&utm_campaign=careerwebsite&utm_content=none&km_partner=none&km_adgroup=none&utm_term=none&km_matchtype=none,ats_detected,4,success_after_fallback
b11bae175a23,2026-07-28,babc8fbe4ec9,Crover,https://www.crover.tech/,https://www.smartrecruiters.com/?utm_source=referral&utm_medium=careerwebsitepage&utm_campaign=careerwebsite&utm_content=none&km_partner=none&km_adgroup=none&utm_term=none&km_matchtype=none,Hiring Managers,https://www.smartrecruiters.com/role/hiring-manager,"Geneva, NY, United States",Geneva,NY,United States,Not specified,,,,Core Space,2026-07-28,2026-07-28,https://www.smartrecruiters.com/?utm_source=referral&utm_medium=careerwebsitepage&utm_campaign=careerwebsite&utm_content=none&km_partner=none&km_adgroup=none&utm_term=none&km_matchtype=none,ats_detected,4,success_after_fallback
8e4c7afd2511,2026-07-28,babc8fbe4ec9,Crover,https://www.crover.tech/,https://www.smartrecruiters.com/?utm_source=referral&utm_medium=careerwebsitepage&utm_campaign=careerwebsite&utm_content=none&km_partner=none&km_adgroup=none&utm_term=none&km_matchtype=none,Hiring Managers,https://www.smartrecruiters.com/role/hr,"Geneva, NY, United States",Geneva,NY,United States,Not specified,,,,Core Space,2026-07-28,2026-07-28,https://www.smartrecruiters.com/?utm_source=referral&utm_medium=careerwebsitepage&utm_campaign=careerwebsite&utm_content=none&km_partner=none&km_adgroup=none&utm_term=none&km_matchtype=none,ats_detected,4,success_after_fallback
e942ee7fb593,2026-07-28,babc8fbe4ec9,Crover,https://www.crover.tech/,https://www.smartrecruiters.com/?utm_source=referral&utm_medium=careerwebsitepage&utm_campaign=careerwebsite&utm_content=none&km_partner=none&km_adgroup=none&utm_term=none&km_matchtype=none,Hiring Managers,https://www.smartrecruiters.com/role/it,"Geneva, NY, United States",Geneva,NY,United States,Not specified,,,,Core Space,2026-07-28,2026-07-28,https://www.smartrecruiters.com/?utm_source=referral&utm_medium=careerwebsitepage&utm_campaign=careerwebsite&utm_content=none&km_partner=none&km_adgroup=none&utm_term=none&km_matchtype=none,ats_detected,4,success_after_fallback
675011ceb6de,2026-07-28,babc8fbe4ec9,Crover,https://www.crover.tech/,https://www.smartrecruiters.com/?utm_source=referral&utm_medium=careerwebsitepage&utm_campaign=careerwebsite&utm_content=none&km_partner=none&km_adgroup=none&utm_term=none&km_matchtype=none,Hiring Managers,https://www.smartrecruiters.com/role/finance,"Geneva, NY, United States",Geneva,NY,United States,Not specified,,,,Core Space,2026-07-28,2026-07-28,https://www.smartrecruiters.com/?utm_source=referral&utm_medium=careerwebsitepage&utm_campaign=careerwebsite&utm_content=none&km_partner=none&km_adgroup=none&utm_term=none&km_matchtype=none,ats_detected,4,success_after_fallback
2c4b3b743564,2026-07-28,bad1b820268a,Dawn Aerospace,https://www.dawnaerospace.com/,https://job-boards.anz.greenhouse.io/dawnaerospace,"Intern – Thruster Development Delft, South Holland, Netherlands",https://job-boards.anz.greenhouse.io/dawnaerospace/jobs/4004992201,"Delft, South Holland, Netherlands",Delft,South Holland,Netherlands,Not specified,,,,Core Space,2026-07-28,2026-07-28,https://job-boards.anz.greenhouse.io/dawnaerospace,ats_detected,5,success_after_fallback
447dcb8fbda1,2026-07-28,bad1b820268a,Dawn Aerospace,https://www.dawnaerospace.com/,https://job-boards.anz.greenhouse.io/dawnaerospace,"Junior / Intermediate Project Manager – Space Propulsion Delft, South Holland, Netherlands",https://job-boards.anz.greenhouse.io/dawnaerospace/jobs/4000883201,"Delft, South Holland, Netherlands",Delft,South Holland,Netherlands,Not specified,,,,Core Space,2026-07-28,2026-07-28,https://job-boards.anz.greenhouse.io/dawnaerospace,ats_detected,5,success_after_fallback
c94117e1163d,2026-07-28,bad1b820268a,Dawn Aerospace,https://www.dawnaerospace.com/,https://job-boards.anz.greenhouse.io/dawnaerospace,"Satellite Communications Engineer Delft, South Holland, Netherlands",https://job-boards.anz.greenhouse.io/dawnaerospace/jobs/4001647201,"Delft, South Holland, Netherlands",Delft,South Holland,Netherlands,Not specified,,,,Core Space,2026-07-28,2026-07-28,https://job-boards.anz.greenhouse.io/dawnaerospace,ats_detected,5,success_after_fallback
096dbf50f162,2026-07-28,bad1b820268a,Dawn Aerospace,https://www.dawnaerospace.com/,https://job-boards.anz.greenhouse.io/dawnaerospace,"Satellite RF Hardware & Operations Engineer Delft, South Holland, Netherlands",https://job-boards.anz.greenhouse.io/dawnaerospace/jobs/4000878201,"Delft, South Holland, Netherlands",Delft,South Holland,Netherlands,Not specified,,,,Core Space,2026-07-28,2026-07-28,https://job-boards.anz.greenhouse.io/dawnaerospace,ats_detected,5,success_after_fallback
5a2b0a951f06,2026-07-28,bad1b820268a,Dawn Aerospace,https://www.dawnaerospace.com/,https://job-boards.anz.greenhouse.io/dawnaerospace,"Software Developer Internship – Embedded Linux Delft, South Holland, Netherlands",https://job-boards.anz.greenhouse.io/dawnaerospace/jobs/4004658201,"Delft, South Holland, Netherlands",Delft,South Holland,Netherlands,Not specified,,,,Core Space,2026-07-28,2026-07-28,https://job-boards.anz.greenhouse.io/dawnaerospace,ats_detected,5,success_after_fallback
f727dc836bcf,2026-07-28,bad1b820268a,Dawn Aerospace,https://www.dawnaerospace.com/,https://job-boards.anz.greenhouse.io/dawnaerospace,"Administrative Assistant (Part-Time) Christchurch, Canterbury, New Zealand",https://job-boards.anz.greenhouse.io/dawnaerospace/jobs/4004473201,"Manhattan, NY, United States",Manhattan,NY,United States,Not specified,,,,Core Space,2026-07-28,2026-07-28,https://job-boards.anz.greenhouse.io/dawnaerospace,ats_detected,5,success_after_fallback
d8f159fb1390,2026-07-28,bad1b820268a,Dawn Aerospace,https://www.dawnaerospace.com/,https://job-boards.anz.greenhouse.io/dawnaerospace,"Purchasing & Inventory Coordinator Christchurch, Canterbury, New Zealand",https://job-boards.anz.greenhouse.io/dawnaerospace/jobs/4004328201,"Manhattan, NY, United States",Manhattan,NY,United States,Not specified,,,,Core Space,2026-07-28,2026-07-28,https://job-boards.anz.greenhouse.io/dawnaerospace,ats_detected,5,success_after_fallback
1db33c6f93cb,2026-07-28,bad1b820268a,Dawn Aerospace,https://www.dawnaerospace.com/,https://job-boards.anz.greenhouse.io/dawnaerospace,Head of Defence Sales – Germany Germany,https://job-boards.anz.greenhouse.io/dawnaerospace/jobs/4004923201,"Manhattan, NY, United States",Manhattan,NY,United States,Not specified,,,,Core Space,2026-07-28,2026-07-28,https://job-boards.anz.greenhouse.io/dawnaerospace,ats_detected,5,success_after_fallback
2c974b67f5ad,2026-07-28,ba37ca62f760,echo3D,https://www.echo3d.co/,https://www.echo3d.com/about/careers,Enterprise Sales Executive B2B,https://wellfound.com/jobs/3529921-enterprise-sales-executive-b2b,"Manhattan, NY, United States",Manhattan,NY,United States,Remote,,,,Core Space,2026-07-28,2026-07-28,https://www.echo3d.com/about/careers,known_careers_url,4,success
bb9a4a219de8,2026-07-28,ba37ca62f760,echo3D,https://www.echo3d.co/,https://www.echo3d.com/about/careers,Software Engineer,https://wellfound.com/jobs/1749640-software-engineer,"Manhattan, NY, United States",Manhattan,NY,United States,Remote,,,,Core Space,2026-07-28,2026-07-28,https://www.echo3d.com/about/careers,known_careers_url,4,success
30cd0322985c,2026-07-28,b0d788b8ea7e,ENSCO Avionics,https://www.ensco.com/aerospace/avionics-engineering-certification,https://job-boards.greenhouse.io/ensco,"Avionics Logistics Engineer II Endicott, New York, United States",https://job-boards.greenhouse.io/ensco/jobs/5214130008,"Endicott, New York, United States",Endicott,NY,United States,Not specified,,,,Aerospace,2026-07-28,2026-07-28,https://job-boards.greenhouse.io/ensco,known_careers_url,5,success
315c78447373,2026-07-28,b0d788b8ea7e,ENSCO Avionics,https://www.ensco.com/aerospace/avionics-engineering-certification,https://job-boards.greenhouse.io/ensco,"Avionics Software Engineer II Endicott, New York, United States",https://job-boards.greenhouse.io/ensco/jobs/5160131008,"Endicott, New York, United States",Endicott,NY,United States,Not specified,,,,Aerospace,2026-07-28,2026-07-28,https://job-boards.greenhouse.io/ensco,known_careers_url,5,success
18bbfc625340,2026-07-28,b0d788b8ea7e,ENSCO Avionics,https://www.ensco.com/aerospace/avionics-engineering-certification,https://job-boards.greenhouse.io/ensco,"Avionics Software Engineer III Endicott, New York, United States",https://job-boards.greenhouse.io/ensco/jobs/5160122008,"Endicott, New York, United States",Endicott,NY,United States,Not specified,,,,Aerospace,2026-07-28,2026-07-28,https://job-boards.greenhouse.io/ensco,known_careers_url,5,success
1d37a076cb0d,2026-07-28,b0d788b8ea7e,ENSCO Avionics,https://www.ensco.com/aerospace/avionics-engineering-certification,https://job-boards.greenhouse.io/ensco,"Avionics Software Engineer III Hauppauge, New York, United States",https://job-boards.greenhouse.io/ensco/jobs/5182086008,"Hauppauge, New York, United States",Hauppauge,NY,United States,Not specified,,,,Aerospace,2026-07-28,2026-07-28,https://job-boards.greenhouse.io/ensco,known_careers_url,5,success
85bbff793bfc,2026-07-28,b0d788b8ea7e,ENSCO Avionics,https://www.ensco.com/aerospace/avionics-engineering-certification,https://job-boards.greenhouse.io/ensco,"Configuration Management Specialist El Segundo, California, United States",https://job-boards.greenhouse.io/ensco/jobs/5361928008,"El Segundo, California, United States",El Segundo,CA,United States,Not specified,,,,Aerospace,2026-07-28,2026-07-28,https://job-boards.greenhouse.io/ensco,known_careers_url,5,success
78d0b807ba6a,2026-07-28,b0d788b8ea7e,ENSCO Avionics,https://www.ensco.com/aerospace/avionics-engineering-certification,https://job-boards.greenhouse.io/ensco,"Electrical Engineer / Board Designer Endicott, New York, United States",https://job-boards.greenhouse.io/ensco/jobs/5349135008,"Endicott, New York, United States",Endicott,NY,United States,Not specified,,,,Aerospace,2026-07-28,2026-07-28,https://job-boards.greenhouse.io/ensco,known_careers_url,5,success
08b2d8483858,2026-07-28,b0d788b8ea7e,ENSCO Avionics,https://www.ensco.com/aerospace/avionics-engineering-certification,https://job-boards.greenhouse.io/ensco,"Embedded Software Engineer Endicott, New York, United States",https://job-boards.greenhouse.io/ensco/jobs/5349198008,"Endicott, New York, United States",Endicott,NY,United States,Not specified,,,,Aerospace,2026-07-28,2026-07-28,https://job-boards.greenhouse.io/ensco,known_careers_url,5,success
d89dd55f29eb,2026-07-28,b0d788b8ea7e,ENSCO Avionics,https://www.ensco.com/aerospace/avionics-engineering-certification,https://job-boards.greenhouse.io/ensco,"Enterprise Architect Warrenton, Virginia, United States",https://job-boards.greenhouse.io/ensco/jobs/5286837008,"Warrenton, Virginia, United States",Warrenton,VA,United States,Not specified,,,,Aerospace,2026-07-28,2026-07-28,https://job-boards.greenhouse.io/ensco,known_careers_url,5,success
95b0a7e5e397,2026-07-28,b0d788b8ea7e,ENSCO Avionics,https://www.ensco.com/aerospace/avionics-engineering-certification,https://job-boards.greenhouse.io/ensco,"Enterprise Requirements and Integration Engineer Colorado Springs, Colorado, United States",https://job-boards.greenhouse.io/ensco/jobs/5361962008,"Colorado Springs, Colorado, United States",Colorado Springs,CO,United States,Not specified,,,,Aerospace,2026-07-28,2026-07-28,https://job-boards.greenhouse.io/ensco,known_careers_url,5,success
44cec47aec75,2026-07-28,b0d788b8ea7e,ENSCO Avionics,https://www.ensco.com/aerospace/avionics-engineering-certification,https://job-boards.greenhouse.io/ensco,"Field Service Engineer Chambersburg, Pennsylvania, United States",https://job-boards.greenhouse.io/ensco/jobs/5268029008,"Chambersburg, Pennsylvania, United States",Chambersburg,PA,United States,Not specified,,,,Aerospace,2026-07-28,2026-07-28,https://job-boards.greenhouse.io/ensco,known_careers_url,5,success
0a8d11a57921,2026-07-28,b0d788b8ea7e,ENSCO Avionics,https://www.ensco.com/aerospace/avionics-engineering-certification,https://job-boards.greenhouse.io/ensco,"FPGA Designer Endicott, New York, United States",https://job-boards.greenhouse.io/ensco/jobs/5349060008,"Endicott, New York, United States",Endicott,NY,United States,Not specified,,,,Aerospace,2026-07-28,2026-07-28,https://job-boards.greenhouse.io/ensco,known_careers_url,5,success
dafc47784c65,2026-07-28,b0d788b8ea7e,ENSCO Avionics,https://www.ensco.com/aerospace/avionics-engineering-certification,https://job-boards.greenhouse.io/ensco,"Junior Enterprise Architect Warrenton, Virginia, United States",https://job-boards.greenhouse.io/ensco/jobs/5286847008,"Warrenton, Virginia, United States",Warrenton,VA,United States,Not specified,,,,Aerospace,2026-07-28,2026-07-28,https://job-boards.greenhouse.io/ensco,known_careers_url,5,success
c0b48621c24a,2026-07-28,b0d788b8ea7e,ENSCO Avionics,https://www.ensco.com/aerospace/avionics-engineering-certification,https://job-boards.greenhouse.io/ensco,"Junior Scientific Data Analyst Melbourne, Florida, United States",https://job-boards.greenhouse.io/ensco/jobs/5354767008,"Melbourne, Florida, United States",Melbourne,FL,United States,Not specified,,,,Aerospace,2026-07-28,2026-07-28,https://job-boards.greenhouse.io/ensco,known_careers_url,5,success
9efbb6b72098,2026-07-28,b0d788b8ea7e,ENSCO Avionics,https://www.ensco.com/aerospace/avionics-engineering-certification,https://job-boards.greenhouse.io/ensco,"Junior Technician Chambersburg, Pennsylvania, United States",https://job-boards.greenhouse.io/ensco/jobs/5238947008,"Chambersburg, Pennsylvania, United States",Chambersburg,PA,United States,Not specified,,,,Aerospace,2026-07-28,2026-07-28,https://job-boards.greenhouse.io/ensco,known_careers_url,5,success
bcef9f6e1d3f,2026-07-28,b0d788b8ea7e,ENSCO Avionics,https://www.ensco.com/aerospace/avionics-engineering-certification,https://job-boards.greenhouse.io/ensco,"LabView & Verification Engineer Endicott, New York, United States",https://job-boards.greenhouse.io/ensco/jobs/5223433008,"Endicott, New York, United States",Endicott,NY,United States,Not specified,,,,Aerospace,2026-07-28,2026-07-28,https://job-boards.greenhouse.io/ensco,known_careers_url,5,success
58f245b6716a,2026-07-28,b0d788b8ea7e,ENSCO Avionics,https://www.ensco.com/aerospace/avionics-engineering-certification,https://job-boards.greenhouse.io/ensco,"Mechanical Engineer Endicott, New York, United States",https://job-boards.greenhouse.io/ensco/jobs/5350248008,"Endicott, New York, United States",Endicott,NY,United States,Not specified,,,,Aerospace,2026-07-28,2026-07-28,https://job-boards.greenhouse.io/ensco,known_careers_url,5,success
7c244aa63bad,2026-07-28,b0d788b8ea7e,ENSCO Avionics,https://www.ensco.com/aerospace/avionics-engineering-certification,https://job-boards.greenhouse.io/ensco,"Product Support Specialist (Logistics) El Segundo, California, United States",https://job-boards.greenhouse.io/ensco/jobs/5257509008,"El Segundo, California, United States",El Segundo,CA,United States,Not specified,,,,Aerospace,2026-07-28,2026-07-28,https://job-boards.greenhouse.io/ensco,known_careers_url,5,success
46c093d9ccf9,2026-07-28,b0d788b8ea7e,ENSCO Avionics,https://www.ensco.com/aerospace/avionics-engineering-certification,https://job-boards.greenhouse.io/ensco,"RHEL Systems Administrator (Cameo Administrator) Warrenton, Virginia, United States",https://job-boards.greenhouse.io/ensco/jobs/5159335008,"Warrenton, Virginia, United States",Warrenton,VA,United States,Not specified,,,,Aerospace,2026-07-28,2026-07-28,https://job-boards.greenhouse.io/ensco,known_careers_url,5,success
52daf6e5ef5b,2026-07-28,b0d788b8ea7e,ENSCO Avionics,https://www.ensco.com/aerospace/avionics-engineering-certification,https://job-boards.greenhouse.io/ensco,"Scientific Data Analyst Melbourne, Florida, United States",https://job-boards.greenhouse.io/ensco/jobs/5161770008,"Melbourne, Florida, United States",Melbourne,FL,United States,Not specified,,,,Aerospace,2026-07-28,2026-07-28,https://job-boards.greenhouse.io/ensco,known_careers_url,5,success
3656344df8eb,2026-07-28,b0d788b8ea7e,ENSCO Avionics,https://www.ensco.com/aerospace/avionics-engineering-certification,https://job-boards.greenhouse.io/ensco,"Scientific Data Analyst Melbourne, Florida, United States",https://job-boards.greenhouse.io/ensco/jobs/5279479008,"Melbourne, Florida, United States",Melbourne,FL,United States,Not specified,,,,Aerospace,2026-07-28,2026-07-28,https://job-boards.greenhouse.io/ensco,known_careers_url,5,success
418b3c27cbfa,2026-07-28,b0d788b8ea7e,ENSCO Avionics,https://www.ensco.com/aerospace/avionics-engineering-certification,https://job-boards.greenhouse.io/ensco,"Senior Evolved Strategic Systems (ESS) Program, Systems Integration Engineer El Segundo, California, United States",https://job-boards.greenhouse.io/ensco/jobs/5170434008,"El Segundo, California, United States",El Segundo,CA,United States,Not specified,,,,Aerospace,2026-07-28,2026-07-28,https://job-boards.greenhouse.io/ensco,known_careers_url,5,success
3b2ad96ac381,2026-07-28,b0d788b8ea7e,ENSCO Avionics,https://www.ensco.com/aerospace/avionics-engineering-certification,https://job-boards.greenhouse.io/ensco,"Senior Program Systems Integration Engineer El Segundo, California, United States",https://job-boards.greenhouse.io/ensco/jobs/5361966008,"El Segundo, California, United States",El Segundo,CA,United States,Not specified,,,,Aerospace,2026-07-28,2026-07-28,https://job-boards.greenhouse.io/ensco,known_careers_url,5,success
6c3b99377673,2026-07-28,b0d788b8ea7e,ENSCO Avionics,https://www.ensco.com/aerospace/avionics-engineering-certification,https://job-boards.greenhouse.io/ensco,"Senior Project Manager Pueblo, Colorado, United States",https://job-boards.greenhouse.io/ensco/jobs/5165967008,"Pueblo, Colorado, United States",Pueblo,CO,United States,Not specified,,,,Aerospace,2026-07-28,2026-07-28,https://job-boards.greenhouse.io/ensco,known_careers_url,5,success
4e41a2ff7770,2026-07-28,b0d788b8ea7e,ENSCO Avionics,https://www.ensco.com/aerospace/avionics-engineering-certification,https://job-boards.greenhouse.io/ensco,"Senior Software Systems Engineer Endicott, New York, United States",https://job-boards.greenhouse.io/ensco/jobs/5219423008,"Endicott, New York, United States",Endicott,NY,United States,Not specified,,,,Aerospace,2026-07-28,2026-07-28,https://job-boards.greenhouse.io/ensco,known_careers_url,5,success
59c84a5b209a,2026-07-28,b0d788b8ea7e,ENSCO Avionics,https://www.ensco.com/aerospace/avionics-engineering-certification,https://job-boards.greenhouse.io/ensco,"Senior Sustainment Systems Engineer Colorado Springs, Colorado, United States",https://job-boards.greenhouse.io/ensco/jobs/5231434008,"Colorado Springs, Colorado, United States",Colorado Springs,CO,United States,Not specified,,,,Aerospace,2026-07-28,2026-07-28,https://job-boards.greenhouse.io/ensco,known_careers_url,5,success
722e6ef316e1,2026-07-28,b0d788b8ea7e,ENSCO Avionics,https://www.ensco.com/aerospace/avionics-engineering-certification,https://job-boards.greenhouse.io/ensco,"Senior Target Digital Network Analyst Colorado Springs, Colorado, United States",https://job-boards.greenhouse.io/ensco/jobs/5308852008,"Colorado Springs, Colorado, United States",Colorado Springs,CO,United States,Not specified,,,,Aerospace,2026-07-28,2026-07-28,https://job-boards.greenhouse.io/ensco,known_careers_url,5,success
d900795cadd4,2026-07-28,b0d788b8ea7e,ENSCO Avionics,https://www.ensco.com/aerospace/avionics-engineering-certification,https://job-boards.greenhouse.io/ensco,"Software Architect Colorado Springs, Colorado, United States",https://job-boards.greenhouse.io/ensco/jobs/5287251008,"Colorado Springs, Colorado, United States",Colorado Springs,CO,United States,Not specified,,,,Aerospace,2026-07-28,2026-07-28,https://job-boards.greenhouse.io/ensco,known_careers_url,5,success
5e21881dd2f0,2026-07-28,b0d788b8ea7e,ENSCO Avionics,https://www.ensco.com/aerospace/avionics-engineering-certification,https://job-boards.greenhouse.io/ensco,"Software Delivery Lead Colorado Springs, Colorado, United States; El Segundo, California, United States",https://job-boards.greenhouse.io/ensco/jobs/5361886008,"Colorado Springs, Colorado, United States; El Segundo, California, United States",Colorado Springs,CO,United States,Not specified,,,,Aerospace,2026-07-28,2026-07-28,https://job-boards.greenhouse.io/ensco,known_careers_url,5,success
4240676814b9,2026-07-28,b0d788b8ea7e,ENSCO Avionics,https://www.ensco.com/aerospace/avionics-engineering-certification,https://job-boards.greenhouse.io/ensco,"Software Developer Colorado Springs, Colorado, United States",https://job-boards.greenhouse.io/ensco/jobs/5287243008,"Colorado Springs, Colorado, United States",Colorado Springs,CO,United States,Not specified,,,,Aerospace,2026-07-28,2026-07-28,https://job-boards.greenhouse.io/ensco,known_careers_url,5,success
49d8eb860e09,2026-07-28,b0d788b8ea7e,ENSCO Avionics,https://www.ensco.com/aerospace/avionics-engineering-certification,https://job-boards.greenhouse.io/ensco,"Software Verification Engineer Endicott, New York, United States",https://job-boards.greenhouse.io/ensco/jobs/5078558008,"Endicott, New York, United States",Endicott,NY,United States,Not specified,,,,Aerospace,2026-07-28,2026-07-28,https://job-boards.greenhouse.io/ensco,known_careers_url,5,success
093154c2f256,2026-07-28,b0d788b8ea7e,ENSCO Avionics,https://www.ensco.com/aerospace/avionics-engineering-certification,https://job-boards.greenhouse.io/ensco,"Strategic MBSE Requirements & ICD Lead El Segundo, California, United States",https://job-boards.greenhouse.io/ensco/jobs/5362002008,"El Segundo, California, United States",El Segundo,CA,United States,Not specified,,,,Aerospace,2026-07-28,2026-07-28,https://job-boards.greenhouse.io/ensco,known_careers_url,5,success
3226c8c5d001,2026-07-28,b0d788b8ea7e,ENSCO Avionics,https://www.ensco.com/aerospace/avionics-engineering-certification,https://job-boards.greenhouse.io/ensco,"Strategic Requirements Systems Engineer El Segundo, California, United States",https://job-boards.greenhouse.io/ensco/jobs/5361950008,"El Segundo, California, United States",El Segundo,CA,United States,Not specified,,,,Aerospace,2026-07-28,2026-07-28,https://job-boards.greenhouse.io/ensco,known_careers_url,5,success
c1a771caa3fe,2026-07-28,b0d788b8ea7e,ENSCO Avionics,https://www.ensco.com/aerospace/avionics-engineering-certification,https://job-boards.greenhouse.io/ensco,"Strategic Senior Acquisition Support Specialist El Segundo, California, United States",https://job-boards.greenhouse.io/ensco/jobs/5226392008,"El Segundo, California, United States",El Segundo,CA,United States,Not specified,,,,Aerospace,2026-07-28,2026-07-28,https://job-boards.greenhouse.io/ensco,known_careers_url,5,success
9fb03e5525ff,2026-07-28,b0d788b8ea7e,ENSCO Avionics,https://www.ensco.com/aerospace/avionics-engineering-certification,https://job-boards.greenhouse.io/ensco,"Sustainment Test & Evaluation Engineer Colorado Springs, Colorado, United States",https://job-boards.greenhouse.io/ensco/jobs/5264672008,"Colorado Springs, Colorado, United States",Colorado Springs,CO,United States,Not specified,,,,Aerospace,2026-07-28,2026-07-28,https://job-boards.greenhouse.io/ensco,known_careers_url,5,success
10176d1dcf90,2026-07-28,b0d788b8ea7e,ENSCO Avionics,https://www.ensco.com/aerospace/avionics-engineering-certification,https://job-boards.greenhouse.io/ensco,"Test Equipment Engineer Endicott, New York, United States",https://job-boards.greenhouse.io/ensco/jobs/5285597008,"Endicott, New York, United States",Endicott,NY,United States,Not specified,,,,Aerospace,2026-07-28,2026-07-28,https://job-boards.greenhouse.io/ensco,known_careers_url,5,success
d43dbcf1fa3d,2026-07-28,b0d788b8ea7e,ENSCO Avionics,https://www.ensco.com/aerospace/avionics-engineering-certification,https://job-boards.greenhouse.io/enscohotjobs,"Avionics Software Engineer II Endicott, New York, United States",https://job-boards.greenhouse.io/enscohotjobs/jobs/5217337008,"Endicott, New York, United States",Endicott,NY,United States,Not specified,,,,Aerospace,2026-07-28,2026-07-28,https://job-boards.greenhouse.io/enscohotjobs,ats_detected,5,success_after_fallback
65e8a47844d1,2026-07-28,b0d788b8ea7e,ENSCO Avionics,https://www.ensco.com/aerospace/avionics-engineering-certification,https://job-boards.greenhouse.io/enscohotjobs,"Avionics Software Engineer III Hauppauge, New York, United States",https://job-boards.greenhouse.io/enscohotjobs/jobs/5217338008,"Hauppauge, New York, United States",Hauppauge,NY,United States,Not specified,,,,Aerospace,2026-07-28,2026-07-28,https://job-boards.greenhouse.io/enscohotjobs,ats_detected,5,success_after_fallback
460b1e67f595,2026-07-28,b0d788b8ea7e,ENSCO Avionics,https://www.ensco.com/aerospace/avionics-engineering-certification,https://job-boards.greenhouse.io/enscohotjobs,"Scientific Data Analyst Melbourne, Florida, United States",https://job-boards.greenhouse.io/enscohotjobs/jobs/5217348008,"Melbourne, Florida, United States",Melbourne,FL,United States,Not specified,,,,Aerospace,2026-07-28,2026-07-28,https://job-boards.greenhouse.io/enscohotjobs,ats_detected,5,success_after_fallback
22f87ce948f3,2026-07-28,5e6b2d8a10cd,Flexim Americas,https://www.flexim.com/us,https://joinhandshake.com/early-talent-awards/2026/emerson,Associate Technical Training Instructor,https://app.joinhandshake.com/public/jobs/11098979,"Pittsburgh, Pennsylvania, US; Pittsburgh, Pennsylvania, US",Pittsburgh,PA,United States,Not specified,70000,80000,,Aerospace,2026-07-28,2026-07-28,https://joinhandshake.com/early-talent-awards/2026/emerson,linked_page,4,success_after_fallback
2980c625c8ed,2026-07-28,5e6b2d8a10cd,Flexim Americas,https://www.flexim.com/us,https://joinhandshake.com/early-talent-awards/2026/emerson,Firmware Engineer (Embedded Software),https://app.joinhandshake.com/public/jobs/11185358,"Marshalltown, Iowa, US",Marshalltown,IA,United States,Not specified,80000,95000,,Aerospace,2026-07-28,2026-07-28,https://joinhandshake.com/early-talent-awards/2026/emerson,linked_page,4,success_after_fallback
c710a78a2bf0,2026-07-28,5e6b2d8a10cd,Flexim Americas,https://www.flexim.com/us,https://joinhandshake.com/early-talent-awards/2026/emerson,HR Generalist,https://app.joinhandshake.com/public/jobs/11239297,"Ash Flat, Arkansas, US",Ash Flat,AR,United States,Not specified,,,,Aerospace,2026-07-28,2026-07-28,https://joinhandshake.com/early-talent-awards/2026/emerson,linked_page,3,success_after_fallback
5f5615ac29d2,2026-07-28,5e6b2d8a10cd,Flexim Americas,https://www.flexim.com/us,https://joinhandshake.com/early-talent-awards/2026/emerson,Mechanical Engineer,https://app.joinhandshake.com/public/jobs/11239761,"Naperville, Illinois, US",Naperville,IL,United States,Not specified,75000,90000,,Aerospace,2026-07-28,2026-07-28,https://joinhandshake.com/early-talent-awards/2026/emerson,linked_page,4,success_after_fallback
97706cc9a709,2026-07-28,5e6b2d8a10cd,Flexim Americas,https://www.flexim.com/us,https://joinhandshake.com/early-talent-awards/2026/emerson,Quality Engineer,https://app.joinhandshake.com/public/jobs/11235277,"Ash Flat, Arkansas, US",Ash Flat,AR,United States,Not specified,,,,Aerospace,2026-07-28,2026-07-28,https://joinhandshake.com/early-talent-awards/2026/emerson,linked_page,4,success_after_fallback
a886a8ba1391,2026-07-28,5e6b2d8a10cd,Flexim Americas,https://www.flexim.com/us,https://joinhandshake.com/students/whos-hiring,Executive Assistant Intern at Intel Corporation,https://app.joinhandshake.com/public/jobs/11237161,"Brentwood, NY, United States",Brentwood,NY,United States,Not specified,,,,Aerospace,2026-07-28,2026-07-28,https://joinhandshake.com/students/whos-hiring,linked_page,4,success_after_fallback
f07752ee2265,2026-07-28,5e6b2d8a10cd,Flexim Americas,https://www.flexim.com/us,https://joinhandshake.com/students/whos-hiring,IB/PE Instagram Affiliate Marketing Analyst at The Pulse Prep,https://app.joinhandshake.com/public/jobs/11236806,"Brentwood, NY, United States",Brentwood,NY,United States,Remote,,,,Aerospace,2026-07-28,2026-07-28,https://joinhandshake.com/students/whos-hiring,linked_page,4,success_after_fallback
dd81a9f7e4af,2026-07-28,5e6b2d8a10cd,Flexim Americas,https://www.flexim.com/us,https://joinhandshake.com/students/whos-hiring,Recruiting Intern at Think Academy US - TAL Education Group,https://app.joinhandshake.com/public/jobs/11236752,"Brentwood, NY, United States",Brentwood,NY,United States,Not specified,,,,Aerospace,2026-07-28,2026-07-28,https://joinhandshake.com/students/whos-hiring,linked_page,4,success_after_fallback
d66b898a1e03,2026-07-28,5e6b2d8a10cd,Flexim Americas,https://www.flexim.com/us,https://joinhandshake.com/students/whos-hiring,Year-Long Education Intern at Delaware Nature Society,https://app.joinhandshake.com/public/jobs/11236663,"Brentwood, NY, United States",Brentwood,NY,United States,Not specified,,,,Aerospace,2026-07-28,2026-07-28,https://joinhandshake.com/students/whos-hiring,linked_page,4,success_after_fallback
87deb997fcb9,2026-07-28,5e6b2d8a10cd,Flexim Americas,https://www.flexim.com/us,https://joinhandshake.com/students/whos-hiring,"News Assistant, Politics at WETA",https://app.joinhandshake.com/public/jobs/11237232,"Brentwood, NY, United States",Brentwood,NY,United States,Not specified,,,,Aerospace,2026-07-28,2026-07-28,https://joinhandshake.com/students/whos-hiring,linked_page,4,success_after_fallback
910e0efe8bbd,2026-07-28,5e6b2d8a10cd,Flexim Americas,https://www.flexim.com/us,https://joinhandshake.com/students/whos-hiring,Division Director - Finance and Accounting at Weber County (Local Government),https://app.joinhandshake.com/public/jobs/11237230,"Brentwood, NY, United States",Brentwood,NY,United States,Not specified,,,,Aerospace,2026-07-28,2026-07-28,https://joinhandshake.com/students/whos-hiring,linked_page,4,success_after_fallback
bd48fc543a63,2026-07-28,9c006685bfd8,General Dynamics,https://www.gdit.com/,https://www.gdit.com/careers/areas-of-expertise,Corporate Operations,https://www.gdit.com/careers/featured-career-paths/corporate-operations,"Rensselaer, NY, United States",Rensselaer,NY,United States,Not specified,,,,Core Space,2026-07-28,2026-07-28,https://www.gdit.com/careers/areas-of-expertise,linked_page,3,success_after_fallback
73d48c20870d,2026-07-28,22f272cffdda,GI Aerospace,https://www.giaerospace.com/,https://www.gicorp.com/careers/opportunities,Procurement and Sales Coordinator,https://www.gicorp.com/careers/engineering/312-procurement-sales-coordinator,"Dubai, United Arab Emirates",Dubai,,United Arab Emirates,Not specified,,,,Aerospace,2026-07-28,2026-07-28,https://www.gicorp.com/careers/opportunities,known_careers_url,4,success
8cc96cd7ca2c,2026-07-28,22f272cffdda,GI Aerospace,https://www.giaerospace.com/,https://www.gicorp.com/careers/opportunities,Procurement and Sales Coordinator,https://www.gicorp.com/careers/engineering/311-procurement-sales-coordinator,"Kochi, Kerala, India",Kochi,Kerala,India,Not specified,,,,Aerospace,2026-07-28,2026-07-28,https://www.gicorp.com/careers/opportunities,known_careers_url,4,success
6980f4a1dae3,2026-07-28,22f272cffdda,GI Aerospace,https://www.giaerospace.com/,https://www.gicorp.com/careers/opportunities,CNC Swiss Lathe Operator - Air Conditioned Facility,https://www.gicorp.com/careers/corp/740-cnc-lathe-machinist,"Houston, TX, United States",Houston,TX,United States,Not specified,,,,Aerospace,2026-07-28,2026-07-28,https://www.gicorp.com/careers/opportunities,known_careers_url,4,success
16834486b237,2026-07-28,22f272cffdda,GI Aerospace,https://www.giaerospace.com/,https://www.gicorp.com/careers/opportunities,Warehouse Associate / Packer,https://www.gicorp.com/careers/pacificsystems/902-warehouse-associate,"Houston, TX, United States",Houston,TX,United States,Not specified,,,,Aerospace,2026-07-28,2026-07-28,https://www.gicorp.com/careers/opportunities,known_careers_url,4,success
e1334ec3197a,2026-07-28,22f272cffdda,GI Aerospace,https://www.giaerospace.com/,https://www.gicorp.com/careers/opportunities,DoD Contractor - Military Packaging Associate,https://www.gicorp.com/careers/pacificsystems/901-packaging-administrator,"Houston, TX, United States",Houston,TX,United States,Not specified,,,,Aerospace,2026-07-28,2026-07-28,https://www.gicorp.com/careers/opportunities,known_careers_url,4,success
1e0fd893ba57,2026-07-28,22f272cffdda,GI Aerospace,https://www.giaerospace.com/,https://www.gicorp.com/careers/opportunities,UI / UX Designer,https://www.gicorp.com/careers/consulting/706-ui-ux-designer,"Kochi, Kerala, India",Kochi,Kerala,India,Not specified,,,,Aerospace,2026-07-28,2026-07-28,https://www.gicorp.com/careers/opportunities,known_careers_url,4,success
6c8504dad2fd,2026-07-28,22f272cffdda,GI Aerospace,https://www.giaerospace.com/,https://www.gicorp.com/careers/opportunities,Python Developer - Django,https://www.gicorp.com/careers/corp/732-python-developer-django,"Kochi, Kerala, India",Kochi,Kerala,India,Not specified,,,,Aerospace,2026-07-28,2026-07-28,https://www.gicorp.com/careers/opportunities,known_careers_url,4,success
cf76937925a1,2026-07-28,22f272cffdda,GI Aerospace,https://www.giaerospace.com/,https://www.gicorp.com/careers/opportunities,Full-Stack Developer - Python & Javascript,https://www.gicorp.com/careers/corp/731-full-stack-developer,"Kochi, Kerala, India",Kochi,Kerala,India,Not specified,,,,Aerospace,2026-07-28,2026-07-28,https://www.gicorp.com/careers/opportunities,known_careers_url,4,success
40ffeb81575d,2026-07-28,22f272cffdda,GI Aerospace,https://www.giaerospace.com/,https://www.gicorp.com/careers/opportunities,Creative Designer - Web and Print,https://www.gicorp.com/careers/corp/734-creative-designer,"Kochi, Kerala, India",Kochi,Kerala,India,Not specified,,,,Aerospace,2026-07-28,2026-07-28,https://www.gicorp.com/careers/opportunities,known_careers_url,4,success
1255dd6cfdd8,2026-07-28,22f272cffdda,GI Aerospace,https://www.giaerospace.com/,https://www.gicorp.com/careers/opportunities,Windows System Administrator,https://www.gicorp.com/careers/corp/738-windows-system-administrator,"Kochi, Kerala, India",Kochi,Kerala,India,Not specified,,,,Aerospace,2026-07-28,2026-07-28,https://www.gicorp.com/careers/opportunities,known_careers_url,4,success
fff41ec9a9cb,2026-07-28,22f272cffdda,GI Aerospace,https://www.giaerospace.com/,https://www.gicorp.com/careers/opportunities,EU Operations & Sales Manager,https://www.gicorp.com/careers/europe/501-eu-operations-sales-manager,"Rotterdam, Netherlands",Rotterdam,,Netherlands,Not specified,,,,Aerospace,2026-07-28,2026-07-28,https://www.gicorp.com/careers/opportunities,known_careers_url,4,success
0c572d500ee6,2026-07-28,22f272cffdda,GI Aerospace,https://www.giaerospace.com/,https://www.gicorp.com/careers/opportunities,Aircraft Assembly Tools - Sales,https://www.gicorp.com/careers/wescon/405-aircraft-assembly-tools-sales,"Houston, TX, United States",Houston,TX,United States,Not specified,,,,Aerospace,2026-07-28,2026-07-28,https://www.gicorp.com/careers/opportunities,known_careers_url,4,success
3f5004c79f36,2026-07-28,22f272cffdda,GI Aerospace,https://www.giaerospace.com/,https://www.gicorp.com/careers/opportunities,Sales Engineer - Electrical,https://www.gicorp.com/careers/engineering/315-sales-engineer-elecrical,"Kochi, Kerala, India",Kochi,Kerala,India,Not specified,,,,Aerospace,2026-07-28,2026-07-28,https://www.gicorp.com/careers/opportunities,known_careers_url,4,success
c9b04257d48a,2026-07-28,22f272cffdda,GI Aerospace,https://www.giaerospace.com/,https://www.gicorp.com/careers/opportunities,Power Transformers (132kV and above) Testing & Commissioning Engineer,https://www.gicorp.com/careers/engineering/307-Transformer-Testing-Commissioning-Engineer,"Dubai, United Arab Emirates",Dubai,,United Arab Emirates,Not specified,,,,Aerospace,2026-07-28,2026-07-28,https://www.gicorp.com/careers/opportunities,known_careers_url,4,success
9dd297bf7d6b,2026-07-28,22f272cffdda,GI Aerospace,https://www.giaerospace.com/,https://www.gicorp.com/careers/opportunities,Aviation Tools Sales Manager - Europe,https://www.gicorp.com/careers/wescon/403-aviation-tools-sales-manager-europe,"United Kingdom, European Union",,,United Kingdom,Not specified,,,,Aerospace,2026-07-28,2026-07-28,https://www.gicorp.com/careers/opportunities,known_careers_url,4,success
348a3cd2baa2,2026-07-28,22f272cffdda,GI Aerospace,https://www.giaerospace.com/,https://www.gicorp.com/careers/opportunities,Aviation Tools Sales Manager - United States,https://www.gicorp.com/careers/wescon/401-aviation-tools-sales-manager-united-states,"Houston, TX, United States",Houston,TX,United States,Not specified,,,,Aerospace,2026-07-28,2026-07-28,https://www.gicorp.com/careers/opportunities,known_careers_url,4,success
6c4c47e4078d,2026-07-28,22f272cffdda,GI Aerospace,https://www.giaerospace.com/,https://www.gicorp.com/careers/corp/740-cnc-lathe-machinist,CNC Swiss Lathe Operator - Air Conditioned Facility,https://www.gicorp.com/careers/corp/apply,"Queens, NY, United States",Queens,NY,United States,Not specified,,,,Aerospace,2026-07-28,2026-07-28,https://www.gicorp.com/careers/corp/740-cnc-lathe-machinist,linked_page,3,success_after_fallback
557fb95a533a,2026-07-28,22f272cffdda,GI Aerospace,https://www.giaerospace.com/,https://www.gicorp.com/careers/corp/743-cnc-mill-programmer,CNC Mill Programmer - Air Conditioned Facility,https://www.gicorp.com/careers/corp/743-cnc-mill-programmer,"Houston, TX, United States, Houston, TX, United States, US",Houston,TX,United States,Not specified,,,,Aerospace,2026-07-28,2026-07-28,https://www.gicorp.com/careers/corp/743-cnc-mill-programmer,linked_page,3,success_after_fallback
44617c16a82a,2026-07-28,22f272cffdda,GI Aerospace,https://www.giaerospace.com/,https://www.gicorp.com/careers/corp/742-cnc-swiss-lathe-programmer,CNC Swiss Lathe Programmer - Air Conditioned Facility,https://www.gicorp.com/careers/corp/742-cnc-swiss-lathe-programmer,"Austin, TX, United States, Austin, TX, United States, US",Austin,TX,United States,Not specified,,,,Aerospace,2026-07-28,2026-07-28,https://www.gicorp.com/careers/corp/742-cnc-swiss-lathe-programmer,linked_page,3,success_after_fallback
35021aeedbd6,2026-07-28,22f272cffdda,GI Aerospace,https://www.giaerospace.com/,https://www.gicorp.com/careers/pacificsystems/902-warehouse-associate,Warehouse Associate / Packer,https://www.gicorp.com/careers/pacificsystems/apply,"Queens, NY, United States",Queens,NY,United States,Not specified,,,,Aerospace,2026-07-28,2026-07-28,https://www.gicorp.com/careers/pacificsystems/902-warehouse-associate,linked_page,3,success_after_fallback
a8b8c0227ce9,2026-07-28,22f272cffdda,GI Aerospace,https://www.giaerospace.com/,https://www.gicorp.com/careers/consulting/706-ui-ux-designer,UI / UX Designer,https://www.gicorp.com/careers/consulting/apply,"Queens, NY, United States",Queens,NY,United States,Not specified,,,,Aerospace,2026-07-28,2026-07-28,https://www.gicorp.com/careers/consulting/706-ui-ux-designer,linked_page,3,success_after_fallback
6c635a5c8283,2026-07-28,9aece7086b18,Huntington Ingalls Industries,https://hii.com/,https://careers.huntingtoningalls.com/search?q=&locationsearch=Pascagoula%2C+MS&sortColumn=referencedate&sortDirection=desc&searchby=location&d=10,CONTRACT ADMINISTRATOR 2,https://careers.huntingtoningalls.com/job/Pascagoula-CONTRACT-ADMINISTRATOR-2-Miss/1412966000,"Syracuse, NY, United States",Syracuse,NY,United States,Not specified,,,,Space & Defense,2026-07-28,2026-07-28,https://careers.huntingtoningalls.com/search?q=&locationsearch=Pascagoula%2C+MS&sortColumn=referencedate&sortDirection=desc&searchby=location&d=10,known_careers_url,4,success
2635695bb951,2026-07-28,9aece7086b18,Huntington Ingalls Industries,https://hii.com/,https://careers.huntingtoningalls.com/search?q=&locationsearch=Pascagoula%2C+MS&sortColumn=referencedate&sortDirection=desc&searchby=location&d=10,PROCUREMENT ASSISTANT 1,https://careers.huntingtoningalls.com/job/Pascagoula-PROCUREMENT-ASSISTANT-1-Miss/1412349000,"Syracuse, NY, United States",Syracuse,NY,United States,Not specified,,,,Space & Defense,2026-07-28,2026-07-28,https://careers.huntingtoningalls.com/search?q=&locationsearch=Pascagoula%2C+MS&sortColumn=referencedate&sortDirection=desc&searchby=location&d=10,known_careers_url,4,success
46571be20bd4,2026-07-28,9aece7086b18,Huntington Ingalls Industries,https://hii.com/,https://careers.huntingtoningalls.com/search?q=&locationsearch=Pascagoula%2C+MS&sortColumn=referencedate&sortDirection=desc&searchby=location&d=10,MATL PLNG CONTROL ANALYST 4,https://careers.huntingtoningalls.com/job/Pascagoula-MATL-PLNG-CONTROL-ANALYST-4-Miss/1412399700,"Syracuse, NY, United States",Syracuse,NY,United States,Not specified,,,,Space & Defense,2026-07-28,2026-07-28,https://careers.huntingtoningalls.com/search?q=&locationsearch=Pascagoula%2C+MS&sortColumn=referencedate&sortDirection=desc&searchby=location&d=10,known_careers_url,4,success
e7a6294a94ca,2026-07-28,9aece7086b18,Huntington Ingalls Industries,https://hii.com/,https://careers.huntingtoningalls.com/search?q=&locationsearch=Pascagoula%2C+MS&sortColumn=referencedate&sortDirection=desc&searchby=location&d=10,PROJECT MANAGEMENT 4,https://careers.huntingtoningalls.com/job/Pascagoula-PROJECT-MANAGEMENT-4-Miss/1412441900,"Syracuse, NY, United States",Syracuse,NY,United States,Not specified,,,,Space & Defense,2026-07-28,2026-07-28,https://careers.huntingtoningalls.com/search?q=&locationsearch=Pascagoula%2C+MS&sortColumn=referencedate&sortDirection=desc&searchby=location&d=10,known_careers_url,4,success
3e37063af2cb,2026-07-28,9aece7086b18,Huntington Ingalls Industries,https://hii.com/,https://careers.huntingtoningalls.com/search?q=&locationsearch=Pascagoula%2C+MS&sortColumn=referencedate&sortDirection=desc&searchby=location&d=10,DESIGNER 4,https://careers.huntingtoningalls.com/job/Pascagoula-DESIGNER-4-Miss/1412296600,"Syracuse, NY, United States",Syracuse,NY,United States,Not specified,,,,Space & Defense,2026-07-28,2026-07-28,https://careers.huntingtoningalls.com/search?q=&locationsearch=Pascagoula%2C+MS&sortColumn=referencedate&sortDirection=desc&searchby=location&d=10,known_careers_url,4,success
dbd24156415e,2026-07-28,9aece7086b18,Huntington Ingalls Industries,https://hii.com/,https://careers.huntingtoningalls.com/search?q=&locationsearch=Pascagoula%2C+MS&sortColumn=referencedate&sortDirection=desc&searchby=location&d=10,DESIGNER 3,https://careers.huntingtoningalls.com/job/Pascagoula-DESIGNER-3-Miss/1412295700,"Syracuse, NY, United States",Syracuse,NY,United States,Not specified,,,,Space & Defense,2026-07-28,2026-07-28,https://careers.huntingtoningalls.com/search?q=&locationsearch=Pascagoula%2C+MS&sortColumn=referencedate&sortDirection=desc&searchby=location&d=10,known_careers_url,4,success
a3843392977b,2026-07-28,9aece7086b18,Huntington Ingalls Industries,https://hii.com/,https://careers.huntingtoningalls.com/search?q=&locationsearch=Pascagoula%2C+MS&sortColumn=referencedate&sortDirection=desc&searchby=location&d=10,DESIGNER 4,https://careers.huntingtoningalls.com/job/Pascagoula-DESIGNER-4-Miss/1412428000,"Syracuse, NY, United States",Syracuse,NY,United States,Not specified,,,,Space & Defense,2026-07-28,2026-07-28,https://careers.huntingtoningalls.com/search?q=&locationsearch=Pascagoula%2C+MS&sortColumn=referencedate&sortDirection=desc&searchby=location&d=10,known_careers_url,4,success
4ca36dd7becc,2026-07-28,9aece7086b18,Huntington Ingalls Industries,https://hii.com/,https://careers.huntingtoningalls.com/search?q=&locationsearch=Pascagoula%2C+MS&sortColumn=referencedate&sortDirection=desc&searchby=location&d=10,ENGINEER ELECTRICAL 4,https://careers.huntingtoningalls.com/job/Pascagoula-ENGINEER-ELECTRICAL-4-Miss/1412509400,"Syracuse, NY, United States",Syracuse,NY,United States,Not specified,,,,Space & Defense,2026-07-28,2026-07-28,https://careers.huntingtoningalls.com/search?q=&locationsearch=Pascagoula%2C+MS&sortColumn=referencedate&sortDirection=desc&searchby=location&d=10,known_careers_url,4,success
1bebf0dcc129,2026-07-28,9aece7086b18,Huntington Ingalls Industries,https://hii.com/,https://careers.huntingtoningalls.com/search?q=&locationsearch=Pascagoula%2C+MS&sortColumn=referencedate&sortDirection=desc&searchby=location&d=10,FINANCIAL ANALYST 3,https://careers.huntingtoningalls.com/job/Pascagoula-FINANCIAL-ANALYST-3-Miss/1411917700,"Syracuse, NY, United States",Syracuse,NY,United States,Not specified,,,,Space & Defense,2026-07-28,2026-07-28,https://careers.huntingtoningalls.com/search?q=&locationsearch=Pascagoula%2C+MS&sortColumn=referencedate&sortDirection=desc&searchby=location&d=10,known_careers_url,4,success
02d8a65d359d,2026-07-28,9aece7086b18,Huntington Ingalls Industries,https://hii.com/,https://careers.huntingtoningalls.com/search?q=&locationsearch=Pascagoula%2C+MS&sortColumn=referencedate&sortDirection=desc&searchby=location&d=10,ENGINEER INDUSTRIAL 1,https://careers.huntingtoningalls.com/job/Pascagoula-ENGINEER-INDUSTRIAL-1-Miss/1393730200,"Syracuse, NY, United States",Syracuse,NY,United States,Not specified,,,,Space & Defense,2026-07-28,2026-07-28,https://careers.huntingtoningalls.com/search?q=&locationsearch=Pascagoula%2C+MS&sortColumn=referencedate&sortDirection=desc&searchby=location&d=10,known_careers_url,4,success
b1c8abffe2ef,2026-07-28,9aece7086b18,Huntington Ingalls Industries,https://hii.com/,https://careers.huntingtoningalls.com/search?q=&locationsearch=Pascagoula%2C+MS&sortColumn=referencedate&sortDirection=desc&searchby=location&d=10,PROJECT MANAGEMENT 2 - LABOR RELATIONS,https://careers.huntingtoningalls.com/job/Pascagoula-PROJECT-MANAGEMENT-2-LABOR-RELATIONS-Miss/1411444300,"Syracuse, NY, United States",Syracuse,NY,United States,Not specified,,,,Space & Defense,2026-07-28,2026-07-28,https://careers.huntingtoningalls.com/search?q=&locationsearch=Pascagoula%2C+MS&sortColumn=referencedate&sortDirection=desc&searchby=location&d=10,known_careers_url,4,success
d8a0e084f566,2026-07-28,64d9022f568a,ITT Enidine,https://www.enidine.com/en-US/Home,https://careersenus-itt-inc.icims.com/jobs/search?ss=1&searchRelation=keyword_all,Title R & D Test Technician,https://careersenus-itt-inc.icims.com/jobs/17271/r-%26-d-test-technician/job,"Orchard Park, NY, United States",Orchard Park,NY,United States,Not specified,,,,Space & Defense,2026-07-28,2026-07-28,https://careersenus-itt-inc.icims.com/jobs/search?ss=1&searchRelation=keyword_all,ats_detected,5,success_after_fallback
f2c6c334afc5,2026-07-28,64d9022f568a,ITT Enidine,https://www.enidine.com/en-US/Home,https://careersenus-itt-inc.icims.com/jobs/search?ss=1&searchRelation=keyword_all,Title Assembly Operator II,https://careersenus-itt-inc.icims.com/jobs/17263/assembly-operator-ii/job,"Orchard Park, NY, United States",Orchard Park,NY,United States,Not specified,,,,Space & Defense,2026-07-28,2026-07-28,https://careersenus-itt-inc.icims.com/jobs/search?ss=1&searchRelation=keyword_all,ats_detected,5,success_after_fallback
6ac815b1aef2,2026-07-28,64d9022f568a,ITT Enidine,https://www.enidine.com/en-US/Home,https://careersenus-itt-inc.icims.com/jobs/search?ss=1&searchRelation=keyword_all,Title Assembly Operator,https://careersenus-itt-inc.icims.com/jobs/17262/assembly-operator/job,"Orchard Park, NY, United States",Orchard Park,NY,United States,Not specified,,,,Space & Defense,2026-07-28,2026-07-28,https://careersenus-itt-inc.icims.com/jobs/search?ss=1&searchRelation=keyword_all,ats_detected,5,success_after_fallback
8eac2dfcec39,2026-07-28,64d9022f568a,ITT Enidine,https://www.enidine.com/en-US/Home,https://careersenus-itt-inc.icims.com/jobs/search?ss=1&searchRelation=keyword_all,Title Office Support Specialist,https://careersenus-itt-inc.icims.com/jobs/17249/office-support-specialist/job,"Orchard Park, NY, United States",Orchard Park,NY,United States,Not specified,,,,Space & Defense,2026-07-28,2026-07-28,https://careersenus-itt-inc.icims.com/jobs/search?ss=1&searchRelation=keyword_all,ats_detected,5,success_after_fallback
7741e73b0d6f,2026-07-28,64d9022f568a,ITT Enidine,https://www.enidine.com/en-US/Home,https://careersenus-itt-inc.icims.com/jobs/search?ss=1&searchRelation=keyword_all,Title Product Design Engineer,https://careersenus-itt-inc.icims.com/jobs/17227/product-design-engineer/job,"Orchard Park, NY, United States",Orchard Park,NY,United States,Not specified,,,,Space & Defense,2026-07-28,2026-07-28,https://careersenus-itt-inc.icims.com/jobs/search?ss=1&searchRelation=keyword_all,ats_detected,5,success_after_fallback
f32c465883ac,2026-07-28,64d9022f568a,ITT Enidine,https://www.enidine.com/en-US/Home,https://careersenus-itt-inc.icims.com/jobs/search?ss=1&searchRelation=keyword_all,Title Product Design Engineer,https://careersenus-itt-inc.icims.com/jobs/17225/product-design-engineer/job,"Orchard Park, NY, United States",Orchard Park,NY,United States,Not specified,,,,Space & Defense,2026-07-28,2026-07-28,https://careersenus-itt-inc.icims.com/jobs/search?ss=1&searchRelation=keyword_all,ats_detected,5,success_after_fallback
31676b79267c,2026-07-28,64d9022f568a,ITT Enidine,https://www.enidine.com/en-US/Home,https://careersenus-itt-inc.icims.com/jobs/search?ss=1&searchRelation=keyword_all,Title Senior Product Design Engineer,https://careersenus-itt-inc.icims.com/jobs/17203/senior-product-design-engineer/job,"Orchard Park, NY, United States",Orchard Park,NY,United States,Not specified,,,,Space & Defense,2026-07-28,2026-07-28,https://careersenus-itt-inc.icims.com/jobs/search?ss=1&searchRelation=keyword_all,ats_detected,5,success_after_fallback
e04dbf7473e9,2026-07-28,64d9022f568a,ITT Enidine,https://www.enidine.com/en-US/Home,https://careersenus-itt-inc.icims.com/jobs/search?ss=1&searchRelation=keyword_all,Title Product Assurance Analyst,https://careersenus-itt-inc.icims.com/jobs/17200/product-assurance-analyst/job,"Orchard Park, NY, United States",Orchard Park,NY,United States,Not specified,,,,Space & Defense,2026-07-28,2026-07-28,https://careersenus-itt-inc.icims.com/jobs/search?ss=1&searchRelation=keyword_all,ats_detected,5,success_after_fallback
cdf877a8ad1a,2026-07-28,64d9022f568a,ITT Enidine,https://www.enidine.com/en-US/Home,https://careersenus-itt-inc.icims.com/jobs/search?ss=1&searchRelation=keyword_all,"Title Director, Platform Services",https://careersenus-itt-inc.icims.com/jobs/17194/director%2c-platform-services/job,"Orchard Park, NY, United States",Orchard Park,NY,United States,Hybrid,,,,Space & Defense,2026-07-28,2026-07-28,https://careersenus-itt-inc.icims.com/jobs/search?ss=1&searchRelation=keyword_all,ats_detected,5,success_after_fallback
8fe3828e91d2,2026-07-28,64d9022f568a,ITT Enidine,https://www.enidine.com/en-US/Home,https://careersenus-itt-inc.icims.com/jobs/search?ss=1&searchRelation=keyword_all,Title Trade Compliance Coordinator II,https://careersenus-itt-inc.icims.com/jobs/17168/trade-compliance-coordinator-ii/job,"Orchard Park, NY, United States",Orchard Park,NY,United States,Not specified,,,,Space & Defense,2026-07-28,2026-07-28,https://careersenus-itt-inc.icims.com/jobs/search?ss=1&searchRelation=keyword_all,ats_detected,5,success_after_fallback
cf62009d57a7,2026-07-28,64d9022f568a,ITT Enidine,https://www.enidine.com/en-US/Home,https://careersenus-itt-inc.icims.com/jobs/search?ss=1&searchRelation=keyword_all,"Title Manager, Manufacturing Engineering",https://careersenus-itt-inc.icims.com/jobs/17167/manager%2c-manufacturing-engineering/job,"Orchard Park, NY, United States",Orchard Park,NY,United States,Not specified,,,,Space & Defense,2026-07-28,2026-07-28,https://careersenus-itt-inc.icims.com/jobs/search?ss=1&searchRelation=keyword_all,ats_detected,5,success_after_fallback
1b5d467564d9,2026-07-28,64d9022f568a,ITT Enidine,https://www.enidine.com/en-US/Home,https://careersenus-itt-inc.icims.com/jobs/search?ss=1&searchRelation=keyword_all,Title QA Engineer,https://careersenus-itt-inc.icims.com/jobs/17154/qa-engineer/job,"Orchard Park, NY, United States",Orchard Park,NY,United States,Not specified,,,,Space & Defense,2026-07-28,2026-07-28,https://careersenus-itt-inc.icims.com/jobs/search?ss=1&searchRelation=keyword_all,ats_detected,5,success_after_fallback
ff116143ad75,2026-07-28,64d9022f568a,ITT Enidine,https://www.enidine.com/en-US/Home,https://careersenus-itt-inc.icims.com/jobs/search?ss=1&searchRelation=keyword_all,Title Operations Scheduler,https://careersenus-itt-inc.icims.com/jobs/17152/operations-scheduler/job,"Orchard Park, NY, United States",Orchard Park,NY,United States,Not specified,,,,Space & Defense,2026-07-28,2026-07-28,https://careersenus-itt-inc.icims.com/jobs/search?ss=1&searchRelation=keyword_all,ats_detected,5,success_after_fallback
1e57e5c179a6,2026-07-28,64d9022f568a,ITT Enidine,https://www.enidine.com/en-US/Home,https://careersenus-itt-inc.icims.com/jobs/search?ss=1&searchRelation=keyword_all,Title HR Manager,https://careersenus-itt-inc.icims.com/jobs/17147/hr-manager/job,"Orchard Park, NY, United States",Orchard Park,NY,United States,Not specified,,,,Space & Defense,2026-07-28,2026-07-28,https://careersenus-itt-inc.icims.com/jobs/search?ss=1&searchRelation=keyword_all,ats_detected,5,success_after_fallback
94ff57f1282c,2026-07-28,64d9022f568a,ITT Enidine,https://www.enidine.com/en-US/Home,https://careersenus-itt-inc.icims.com/jobs/search?ss=1&searchRelation=keyword_all,Title Elastomeric Assembly Technician II,https://careersenus-itt-inc.icims.com/jobs/17137/elastomeric-assembly-technician-ii/job,"Orchard Park, NY, United States",Orchard Park,NY,United States,Not specified,,,,Space & Defense,2026-07-28,2026-07-28,https://careersenus-itt-inc.icims.com/jobs/search?ss=1&searchRelation=keyword_all,ats_detected,5,success_after_fallback
2c5aa67114a5,2026-07-28,64d9022f568a,ITT Enidine,https://www.enidine.com/en-US/Home,https://careersenus-itt-inc.icims.com/jobs/search?ss=1&searchRelation=keyword_all,Title Product Design Engineer II,https://careersenus-itt-inc.icims.com/jobs/17132/product-design-engineer-ii/job,"Orchard Park, NY, United States",Orchard Park,NY,United States,Not specified,,,,Space & Defense,2026-07-28,2026-07-28,https://careersenus-itt-inc.icims.com/jobs/search?ss=1&searchRelation=keyword_all,ats_detected,5,success_after_fallback
93043cbc6d6d,2026-07-28,64d9022f568a,ITT Enidine,https://www.enidine.com/en-US/Home,https://careersenus-itt-inc.icims.com/jobs/search?ss=1&searchRelation=keyword_all,Title Operations Scheduling and Control Specialist,https://careersenus-itt-inc.icims.com/jobs/17094/operations-scheduling-and-control-specialist/job,"Orchard Park, NY, United States",Orchard Park,NY,United States,Not specified,,,,Space & Defense,2026-07-28,2026-07-28,https://careersenus-itt-inc.icims.com/jobs/search?ss=1&searchRelation=keyword_all,ats_detected,5,success_after_fallback
937830fbe4cb,2026-07-28,64d9022f568a,ITT Enidine,https://www.enidine.com/en-US/Home,https://careersenus-itt-inc.icims.com/jobs/search?ss=1&searchRelation=keyword_all,Title Global Strategic Supply Manager,https://careersenus-itt-inc.icims.com/jobs/17071/global-strategic-supply-manager/job,"Orchard Park, NY, United States",Orchard Park,NY,United States,Not specified,,,,Space & Defense,2026-07-28,2026-07-28,https://careersenus-itt-inc.icims.com/jobs/search?ss=1&searchRelation=keyword_all,ats_detected,5,success_after_fallback
6d6428f6846a,2026-07-28,64d9022f568a,ITT Enidine,https://www.enidine.com/en-US/Home,https://careersenus-itt-inc.icims.com/jobs/search?ss=1&searchRelation=keyword_all,Title Senior Municipal Applications Engineer,https://careersenus-itt-inc.icims.com/jobs/17060/senior-municipal-applications-engineer/job,"Orchard Park, NY, United States",Orchard Park,NY,United States,Not specified,,,,Space & Defense,2026-07-28,2026-07-28,https://careersenus-itt-inc.icims.com/jobs/search?ss=1&searchRelation=keyword_all,ats_detected,5,success_after_fallback
7596dff7f3a5,2026-07-28,64d9022f568a,ITT Enidine,https://www.enidine.com/en-US/Home,https://careersenus-itt-inc.icims.com/jobs/search?ss=1&searchRelation=keyword_all,Title Inside Sales and Customer Support Specialist,https://careersenus-itt-inc.icims.com/jobs/17058/inside-sales-and-customer-support-specialist/job,"Orchard Park, NY, United States",Orchard Park,NY,United States,Not specified,,,,Space & Defense,2026-07-28,2026-07-28,https://careersenus-itt-inc.icims.com/jobs/search?ss=1&searchRelation=keyword_all,ats_detected,5,success_after_fallback
2cf9c4b22f24,2026-07-28,64d9022f568a,ITT Enidine,https://www.enidine.com/en-US/Home,https://careersenus-itt-inc.icims.com/jobs/search?ss=1&searchRelation=keyword_all,Title Data Manufacturing Engineer,https://careersenus-itt-inc.icims.com/jobs/17034/data-manufacturing-engineer/job,"Orchard Park, NY, United States",Orchard Park,NY,United States,Not specified,,,,Space & Defense,2026-07-28,2026-07-28,https://careersenus-itt-inc.icims.com/jobs/search?ss=1&searchRelation=keyword_all,ats_detected,5,success_after_fallback
44c7c385faa2,2026-07-28,64d9022f568a,ITT Enidine,https://www.enidine.com/en-US/Home,https://careersenus-itt-inc.icims.com/jobs/search?ss=1&searchRelation=keyword_all,Title Operations Scheduler,https://careersenus-itt-inc.icims.com/jobs/17033/operations-scheduler/job,"Orchard Park, NY, United States",Orchard Park,NY,United States,Not specified,,,,Space & Defense,2026-07-28,2026-07-28,https://careersenus-itt-inc.icims.com/jobs/search?ss=1&searchRelation=keyword_all,ats_detected,5,success_after_fallback
ee2ef75fe0c2,2026-07-28,64d9022f568a,ITT Enidine,https://www.enidine.com/en-US/Home,https://careersenus-itt-inc.icims.com/jobs/search?ss=1&searchRelation=keyword_all,Title Quality Technician III,https://careersenus-itt-inc.icims.com/jobs/17024/quality-technician-iii/job,"Orchard Park, NY, United States",Orchard Park,NY,United States,Not specified,,,,Space & Defense,2026-07-28,2026-07-28,https://careersenus-itt-inc.icims.com/jobs/search?ss=1&searchRelation=keyword_all,ats_detected,5,success_after_fallback
d9cca6ac5cb8,2026-07-28,64d9022f568a,ITT Enidine,https://www.enidine.com/en-US/Home,https://careersenus-itt-inc.icims.com/jobs/search?ss=1&searchRelation=keyword_all,"Title Regional Lead, HR Shared Services",https://careersenus-itt-inc.icims.com/jobs/17021/regional-lead%2c-hr-shared-services/job,"Orchard Park, NY, United States",Orchard Park,NY,United States,Not specified,,,,Space & Defense,2026-07-28,2026-07-28,https://careersenus-itt-inc.icims.com/jobs/search?ss=1&searchRelation=keyword_all,ats_detected,5,success_after_fallback
8fade9fab8b1,2026-07-28,64d9022f568a,ITT Enidine,https://www.enidine.com/en-US/Home,https://careersenus-itt-inc.icims.com/jobs/search?ss=1&searchRelation=keyword_all,Title Fabrication Production Manager,https://careersenus-itt-inc.icims.com/jobs/17019/fabrication-production-manager/job,"Orchard Park, NY, United States",Orchard Park,NY,United States,Not specified,,,,Space & Defense,2026-07-28,2026-07-28,https://careersenus-itt-inc.icims.com/jobs/search?ss=1&searchRelation=keyword_all,ats_detected,5,success_after_fallback
08399c93a65d,2026-07-28,64d9022f568a,ITT Enidine,https://www.enidine.com/en-US/Home,https://careersenus-itt-inc.icims.com/jobs/search?ss=1&searchRelation=keyword_all,Title Customer Service Specialist,https://careersenus-itt-inc.icims.com/jobs/17018/customer-service-specialist/job,"Orchard Park, NY, United States",Orchard Park,NY,United States,Not specified,,,,Space & Defense,2026-07-28,2026-07-28,https://careersenus-itt-inc.icims.com/jobs/search?ss=1&searchRelation=keyword_all,ats_detected,5,success_after_fallback
6410ab5ca210,2026-07-28,64d9022f568a,ITT Enidine,https://www.enidine.com/en-US/Home,https://careersenus-itt-inc.icims.com/jobs/search?ss=1&searchRelation=keyword_all,Title Commercial Contract & Risk Specialist,https://careersenus-itt-inc.icims.com/jobs/17005/commercial-contract-%26-risk-specialist/job,"Orchard Park, NY, United States",Orchard Park,NY,United States,Not specified,,,,Space & Defense,2026-07-28,2026-07-28,https://careersenus-itt-inc.icims.com/jobs/search?ss=1&searchRelation=keyword_all,ats_detected,5,success_after_fallback
5ab16ff7b0c5,2026-07-28,64d9022f568a,ITT Enidine,https://www.enidine.com/en-US/Home,https://careersenus-itt-inc.icims.com/jobs/search?ss=1&searchRelation=keyword_all,Title Product Design Engineer,https://careersenus-itt-inc.icims.com/jobs/17003/product-design-engineer/job,"Orchard Park, NY, United States",Orchard Park,NY,United States,Not specified,,,,Space & Defense,2026-07-28,2026-07-28,https://careersenus-itt-inc.icims.com/jobs/search?ss=1&searchRelation=keyword_all,ats_detected,5,success_after_fallback
8d05183bca36,2026-07-28,64d9022f568a,ITT Enidine,https://www.enidine.com/en-US/Home,https://careersenus-itt-inc.icims.com/jobs/search?ss=1&searchRelation=keyword_all,Title Facilities Technician,https://careersenus-itt-inc.icims.com/jobs/17002/facilities-technician/job,"Orchard Park, NY, United States",Orchard Park,NY,United States,Not specified,,,,Space & Defense,2026-07-28,2026-07-28,https://careersenus-itt-inc.icims.com/jobs/search?ss=1&searchRelation=keyword_all,ats_detected,5,success_after_fallback
4c8ac4f7d0ce,2026-07-28,64d9022f568a,ITT Enidine,https://www.enidine.com/en-US/Home,https://careersenus-itt-inc.icims.com/jobs/search?ss=1&searchRelation=keyword_all,Title Customer Program Manager,https://careersenus-itt-inc.icims.com/jobs/16979/customer-program-manager/job,"Orchard Park, NY, United States",Orchard Park,NY,United States,Not specified,,,,Space & Defense,2026-07-28,2026-07-28,https://careersenus-itt-inc.icims.com/jobs/search?ss=1&searchRelation=keyword_all,ats_detected,5,success_after_fallback
0664a7bf6dad,2026-07-28,64d9022f568a,ITT Enidine,https://www.enidine.com/en-US/Home,https://careersenus-itt-inc.icims.com/jobs/search?ss=1&searchRelation=keyword_all,Title Field Applications Engineer – Aerospace & Defense,https://careersenus-itt-inc.icims.com/jobs/16978/field-applications-engineer-%e2%80%93-aerospace-%26-defense/job,"Orchard Park, NY, United States",Orchard Park,NY,United States,Not specified,,,,Space & Defense,2026-07-28,2026-07-28,https://careersenus-itt-inc.icims.com/jobs/search?ss=1&searchRelation=keyword_all,ats_detected,5,success_after_fallback
63309b939168,2026-07-28,64d9022f568a,ITT Enidine,https://www.enidine.com/en-US/Home,https://careersenus-itt-inc.icims.com/jobs/search?ss=1&searchRelation=keyword_all,Title Field Applications Engineer – Aerospace & Defense,https://careersenus-itt-inc.icims.com/jobs/16974/field-applications-engineer-%e2%80%93-aerospace-%26-defense/job,"Orchard Park, NY, United States",Orchard Park,NY,United States,Not specified,,,,Space & Defense,2026-07-28,2026-07-28,https://careersenus-itt-inc.icims.com/jobs/search?ss=1&searchRelation=keyword_all,ats_detected,5,success_after_fallback
0956e0cc2f0b,2026-07-28,64d9022f568a,ITT Enidine,https://www.enidine.com/en-US/Home,https://careersenus-itt-inc.icims.com/jobs/search?ss=1&searchRelation=keyword_all,Title Senior SAP Basis Administrator,https://careersenus-itt-inc.icims.com/jobs/16966/senior-sap-basis-administrator/job,"Orchard Park, NY, United States",Orchard Park,NY,United States,Not specified,,,,Space & Defense,2026-07-28,2026-07-28,https://careersenus-itt-inc.icims.com/jobs/search?ss=1&searchRelation=keyword_all,ats_detected,5,success_after_fallback
dc1bda8d5fbe,2026-07-28,64d9022f568a,ITT Enidine,https://www.enidine.com/en-US/Home,https://careersenus-itt-inc.icims.com/jobs/search?ss=1&searchRelation=keyword_all,Title QA Engineer,https://careersenus-itt-inc.icims.com/jobs/16945/qa-engineer/job,"Orchard Park, NY, United States",Orchard Park,NY,United States,Not specified,,,,Space & Defense,2026-07-28,2026-07-28,https://careersenus-itt-inc.icims.com/jobs/search?ss=1&searchRelation=keyword_all,ats_detected,5,success_after_fallback
59bd901dd181,2026-07-28,64d9022f568a,ITT Enidine,https://www.enidine.com/en-US/Home,https://careersenus-itt-inc.icims.com/jobs/search?ss=1&searchRelation=keyword_all,Title Inside Sales Representative Aftermarket,https://careersenus-itt-inc.icims.com/jobs/16931/inside-sales-representative-aftermarket/job,"Orchard Park, NY, United States",Orchard Park,NY,United States,Not specified,,,,Space & Defense,2026-07-28,2026-07-28,https://careersenus-itt-inc.icims.com/jobs/search?ss=1&searchRelation=keyword_all,ats_detected,5,success_after_fallback
d1fd0203be4c,2026-07-28,64d9022f568a,ITT Enidine,https://www.enidine.com/en-US/Home,https://careersenus-itt-inc.icims.com/jobs/search?ss=1&searchRelation=keyword_all,Title Senior Repair Engineer,https://careersenus-itt-inc.icims.com/jobs/16899/senior-repair-engineer/job,"Orchard Park, NY, United States",Orchard Park,NY,United States,Not specified,,,,Space & Defense,2026-07-28,2026-07-28,https://careersenus-itt-inc.icims.com/jobs/search?ss=1&searchRelation=keyword_all,ats_detected,5,success_after_fallback
d0c8f7c17fd3,2026-07-28,64d9022f568a,ITT Enidine,https://www.enidine.com/en-US/Home,https://careerschn-itt-inc.icims.com/jobs/search?ss=1&searchRelation=keyword_all,标题 Supplier Development Engineer – VIDAR Motors,https://careerschn-itt-inc.icims.com/jobs/17079/supplier-development-engineer-%e2%80%93-vidar-motors/job,"Orchard Park, NY, United States",Orchard Park,NY,United States,Not specified,,,,Space & Defense,2026-07-28,2026-07-28,https://careerschn-itt-inc.icims.com/jobs/search?ss=1&searchRelation=keyword_all,ats_detected,5,success_after_fallback
a3ded9c96d44,2026-07-28,64d9022f568a,ITT Enidine,https://www.enidine.com/en-US/Home,https://careersger-itt-inc.icims.com/jobs/search?ss=1&searchRelation=keyword_all,Distribution Sales Manager %7C Central Europe,https://careersger-itt-inc.icims.com/jobs/16894/distribution-sales-manager-%7c-central-europe/job,"Orchard Park, NY, United States",Orchard Park,NY,United States,Remote,,,,Space & Defense,2026-07-28,2026-07-28,https://careersger-itt-inc.icims.com/jobs/search?ss=1&searchRelation=keyword_all,ats_detected,5,success_after_fallback
94fe2296fb92,2026-07-28,64d9022f568a,ITT Enidine,https://www.enidine.com/en-US/Home,https://careersger-itt-inc.icims.com/jobs/search?ss=1&searchRelation=keyword_all,Titel Product Manager Automotive After Market & Racing,https://careersger-itt-inc.icims.com/jobs/15454/product-manager-automotive-after-market-%26-racing/job,"Orchard Park, NY, United States",Orchard Park,NY,United States,Not specified,,,,Space & Defense,2026-07-28,2026-07-28,https://careersger-itt-inc.icims.com/jobs/search?ss=1&searchRelation=keyword_all,ats_detected,5,success_after_fallback
f12eb2ff53c9,2026-07-28,64d9022f568a,ITT Enidine,https://www.enidine.com/en-US/Home,https://careersmex-itt-inc.icims.com/jobs/search?ss=1&searchRelation=keyword_all,Cargo Designer,https://careersmex-itt-inc.icims.com/jobs/17178/designer/job,"Orchard Park, NY, United States",Orchard Park,NY,United States,Not specified,,,,Space & Defense,2026-07-28,2026-07-28,https://careersmex-itt-inc.icims.com/jobs/search?ss=1&searchRelation=keyword_all,ats_detected,5,success_after_fallback
3b38b77eaac2,2026-07-28,64d9022f568a,ITT Enidine,https://www.enidine.com/en-US/Home,https://careersmex-itt-inc.icims.com/jobs/search?ss=1&searchRelation=keyword_all,Cargo INTERN/Co-op 1,https://careersmex-itt-inc.icims.com/jobs/17169/intern-co-op-1/job,"Orchard Park, NY, United States",Orchard Park,NY,United States,Not specified,,,,Space & Defense,2026-07-28,2026-07-28,https://careersmex-itt-inc.icims.com/jobs/search?ss=1&searchRelation=keyword_all,ats_detected,5,success_after_fallback
b9d2a71458b9,2026-07-28,64d9022f568a,ITT Enidine,https://www.enidine.com/en-US/Home,https://careersmex-itt-inc.icims.com/jobs/search?ss=1&searchRelation=keyword_all,Cargo Customer Service Analyst,https://careersmex-itt-inc.icims.com/jobs/17113/customer-service-analyst/job,"Orchard Park, NY, United States",Orchard Park,NY,United States,Not specified,,,,Space & Defense,2026-07-28,2026-07-28,https://careersmex-itt-inc.icims.com/jobs/search?ss=1&searchRelation=keyword_all,ats_detected,5,success_after_fallback
50254e6a2252,2026-07-28,64d9022f568a,ITT Enidine,https://www.enidine.com/en-US/Home,https://careersmex-itt-inc.icims.com/jobs/search?ss=1&searchRelation=keyword_all,Cargo INTERN/Co-op 1,https://careersmex-itt-inc.icims.com/jobs/17089/intern-co-op-1/job,"Orchard Park, NY, United States",Orchard Park,NY,United States,Not specified,,,,Space & Defense,2026-07-28,2026-07-28,https://careersmex-itt-inc.icims.com/jobs/search?ss=1&searchRelation=keyword_all,ats_detected,5,success_after_fallback
db184d175990,2026-07-28,64d9022f568a,ITT Enidine,https://www.enidine.com/en-US/Home,https://careersmex-itt-inc.icims.com/jobs/search?ss=1&searchRelation=keyword_all,Cargo Receiving Inspection Technician,https://careersmex-itt-inc.icims.com/jobs/17057/receiving-inspection-technician/job,"Orchard Park, NY, United States",Orchard Park,NY,United States,Not specified,,,,Space & Defense,2026-07-28,2026-07-28,https://careersmex-itt-inc.icims.com/jobs/search?ss=1&searchRelation=keyword_all,ats_detected,5,success_after_fallback
c81b21fa771e,2026-07-28,64d9022f568a,ITT Enidine,https://www.enidine.com/en-US/Home,https://careersmex-itt-inc.icims.com/jobs/search?ss=1&searchRelation=keyword_all,Cargo QA Engineer,https://careersmex-itt-inc.icims.com/jobs/17056/qa-engineer/job,"Orchard Park, NY, United States",Orchard Park,NY,United States,Not specified,,,,Space & Defense,2026-07-28,2026-07-28,https://careersmex-itt-inc.icims.com/jobs/search?ss=1&searchRelation=keyword_all,ats_detected,5,success_after_fallback
0b003e4277a8,2026-07-28,64d9022f568a,ITT Enidine,https://www.enidine.com/en-US/Home,https://careersmex-itt-inc.icims.com/jobs/search?ss=1&searchRelation=keyword_all,Cargo INTERN/Co-op 1,https://careersmex-itt-inc.icims.com/jobs/17036/intern-co-op-1/job,"Orchard Park, NY, United States",Orchard Park,NY,United States,Not specified,,,,Space & Defense,2026-07-28,2026-07-28,https://careersmex-itt-inc.icims.com/jobs/search?ss=1&searchRelation=keyword_all,ats_detected,5,success_after_fallback
dcc4491d78e6,2026-07-28,64d9022f568a,ITT Enidine,https://www.enidine.com/en-US/Home,https://careersmex-itt-inc.icims.com/jobs/search?ss=1&searchRelation=keyword_all,Cargo INTERN/Co-op 1,https://careersmex-itt-inc.icims.com/jobs/17035/intern-co-op-1/job,"Orchard Park, NY, United States",Orchard Park,NY,United States,Not specified,,,,Space & Defense,2026-07-28,2026-07-28,https://careersmex-itt-inc.icims.com/jobs/search?ss=1&searchRelation=keyword_all,ats_detected,5,success_after_fallback
896ecc9b3fe8,2026-07-28,64d9022f568a,ITT Enidine,https://www.enidine.com/en-US/Home,https://careersmex-itt-inc.icims.com/jobs/search?ss=1&searchRelation=keyword_all,"Cargo ""Service Technician II Plating Preventive""",https://careersmex-itt-inc.icims.com/jobs/17016/%22service-technician-ii-plating-preventive%22/job,"Orchard Park, NY, United States",Orchard Park,NY,United States,Not specified,,,,Space & Defense,2026-07-28,2026-07-28,https://careersmex-itt-inc.icims.com/jobs/search?ss=1&searchRelation=keyword_all,ats_detected,5,success_after_fallback
5a194ae03659,2026-07-28,64d9022f568a,ITT Enidine,https://www.enidine.com/en-US/Home,https://careersmex-itt-inc.icims.com/jobs/search?ss=1&searchRelation=keyword_all,Cargo Equipment Operator,https://careersmex-itt-inc.icims.com/jobs/16870/equipment-operator/job,"Orchard Park, NY, United States",Orchard Park,NY,United States,Not specified,,,,Space & Defense,2026-07-28,2026-07-28,https://careersmex-itt-inc.icims.com/jobs/search?ss=1&searchRelation=keyword_all,ats_detected,5,success_after_fallback
fa2220a2e930,2026-07-28,64d9022f568a,ITT Enidine,https://www.enidine.com/en-US/Home,https://careersmex-itt-inc.icims.com/jobs/search?ss=1&searchRelation=keyword_all,Cargo Metrology Technician,https://careersmex-itt-inc.icims.com/jobs/16572/metrology-technician/job,"Orchard Park, NY, United States",Orchard Park,NY,United States,Not specified,,,,Space & Defense,2026-07-28,2026-07-28,https://careersmex-itt-inc.icims.com/jobs/search?ss=1&searchRelation=keyword_all,ats_detected,5,success_after_fallback
dadae87cd5d0,2026-07-28,64d9022f568a,ITT Enidine,https://www.enidine.com/en-US/Home,https://careersmex-itt-inc.icims.com/jobs/search?ss=1&searchRelation=keyword_all,Cargo Service Engineer,https://careersmex-itt-inc.icims.com/jobs/16362/service-engineer/job,"Orchard Park, NY, United States",Orchard Park,NY,United States,Not specified,,,,Space & Defense,2026-07-28,2026-07-28,https://careersmex-itt-inc.icims.com/jobs/search?ss=1&searchRelation=keyword_all,ats_detected,5,success_after_fallback
ad1c497ebe11,2026-07-28,64d9022f568a,ITT Enidine,https://www.enidine.com/en-US/Home,https://careersmex-itt-inc.icims.com/jobs/search?ss=1&searchRelation=keyword_all,Cargo Sales Representative,https://careersmex-itt-inc.icims.com/jobs/15372/sales-representative/job,"Orchard Park, NY, United States",Orchard Park,NY,United States,Not specified,,,,Space & Defense,2026-07-28,2026-07-28,https://careersmex-itt-inc.icims.com/jobs/search?ss=1&searchRelation=keyword_all,ats_detected,5,success_after_fallback
a0f7057cdeb2,2026-07-28,64d9022f568a,ITT Enidine,https://www.enidine.com/en-US/Home,https://careersen-itt-inc.icims.com/jobs/search?ss=1&searchRelation=keyword_all,Title HR Analytics Specialist - maternity cover,https://careersen-itt-inc.icims.com/jobs/17213/hr-analytics-specialist---maternity-cover/job,"Orchard Park, NY, United States",Orchard Park,NY,United States,Not specified,,,,Space & Defense,2026-07-28,2026-07-28,https://careersen-itt-inc.icims.com/jobs/search?ss=1&searchRelation=keyword_all,ats_detected,5,success_after_fallback
74fc9d6e7c00,2026-07-28,64d9022f568a,ITT Enidine,https://www.enidine.com/en-US/Home,https://careersen-itt-inc.icims.com/jobs/search?ss=1&searchRelation=keyword_all,Title Designer,https://careersen-itt-inc.icims.com/jobs/17178/designer/job,"Orchard Park, NY, United States",Orchard Park,NY,United States,Not specified,,,,Space & Defense,2026-07-28,2026-07-28,https://careersen-itt-inc.icims.com/jobs/search?ss=1&searchRelation=keyword_all,ats_detected,5,success_after_fallback
e99ab338454a,2026-07-28,64d9022f568a,ITT Enidine,https://www.enidine.com/en-US/Home,https://careersen-itt-inc.icims.com/jobs/search?ss=1&searchRelation=keyword_all,Title INTERN/Co-op 1,https://careersen-itt-inc.icims.com/jobs/17169/intern-co-op-1/job,"Orchard Park, NY, United States",Orchard Park,NY,United States,Not specified,,,,Space & Defense,2026-07-28,2026-07-28,https://careersen-itt-inc.icims.com/jobs/search?ss=1&searchRelation=keyword_all,ats_detected,5,success_after_fallback
ab029f496844,2026-07-28,64d9022f568a,ITT Enidine,https://www.enidine.com/en-US/Home,https://careersen-itt-inc.icims.com/jobs/search?ss=1&searchRelation=keyword_all,Title Sales Manager,https://careersen-itt-inc.icims.com/jobs/17114/sales-manager/job,"Orchard Park, NY, United States",Orchard Park,NY,United States,Not specified,,,,Space & Defense,2026-07-28,2026-07-28,https://careersen-itt-inc.icims.com/jobs/search?ss=1&searchRelation=keyword_all,ats_detected,5,success_after_fallback
7c10f59eecd9,2026-07-28,64d9022f568a,ITT Enidine,https://www.enidine.com/en-US/Home,https://careersen-itt-inc.icims.com/jobs/search?ss=1&searchRelation=keyword_all,Title Customer Service Analyst,https://careersen-itt-inc.icims.com/jobs/17113/customer-service-analyst/job,"Orchard Park, NY, United States",Orchard Park,NY,United States,Not specified,,,,Space & Defense,2026-07-28,2026-07-28,https://careersen-itt-inc.icims.com/jobs/search?ss=1&searchRelation=keyword_all,ats_detected,5,success_after_fallback
95a33bd00c7e,2026-07-28,64d9022f568a,ITT Enidine,https://www.enidine.com/en-US/Home,https://careersen-itt-inc.icims.com/jobs/search?ss=1&searchRelation=keyword_all,Title INTERN/Co-op 1,https://careersen-itt-inc.icims.com/jobs/17089/intern-co-op-1/job,"Orchard Park, NY, United States",Orchard Park,NY,United States,Not specified,,,,Space & Defense,2026-07-28,2026-07-28,https://careersen-itt-inc.icims.com/jobs/search?ss=1&searchRelation=keyword_all,ats_detected,5,success_after_fallback
7d3be2b92d44,2026-07-28,64d9022f568a,ITT Enidine,https://www.enidine.com/en-US/Home,https://careersen-itt-inc.icims.com/jobs/search?ss=1&searchRelation=keyword_all,Title Supplier Development Engineer – VIDAR Motors,https://careersen-itt-inc.icims.com/jobs/17079/supplier-development-engineer-%e2%80%93-vidar-motors/job,"Orchard Park, NY, United States",Orchard Park,NY,United States,Not specified,,,,Space & Defense,2026-07-28,2026-07-28,https://careersen-itt-inc.icims.com/jobs/search?ss=1&searchRelation=keyword_all,ats_detected,5,success_after_fallback
41163fde7d23,2026-07-28,64d9022f568a,ITT Enidine,https://www.enidine.com/en-US/Home,https://careersen-itt-inc.icims.com/jobs/search?ss=1&searchRelation=keyword_all,Title Talent Insights Analyst,https://careersen-itt-inc.icims.com/jobs/17072/talent-insights-analyst/job,"Orchard Park, NY, United States",Orchard Park,NY,United States,Not specified,,,,Space & Defense,2026-07-28,2026-07-28,https://careersen-itt-inc.icims.com/jobs/search?ss=1&searchRelation=keyword_all,ats_detected,5,success_after_fallback
45a43096654c,2026-07-28,64d9022f568a,ITT Enidine,https://www.enidine.com/en-US/Home,https://careersen-itt-inc.icims.com/jobs/search?ss=1&searchRelation=keyword_all,Title QA Engineer,https://careersen-itt-inc.icims.com/jobs/17056/qa-engineer/job,"Orchard Park, NY, United States",Orchard Park,NY,United States,Not specified,,,,Space & Defense,2026-07-28,2026-07-28,https://careersen-itt-inc.icims.com/jobs/search?ss=1&searchRelation=keyword_all,ats_detected,5,success_after_fallback
8e1b611dbc12,2026-07-28,64d9022f568a,ITT Enidine,https://www.enidine.com/en-US/Home,https://careersen-itt-inc.icims.com/jobs/search?ss=1&searchRelation=keyword_all,Title INTERN/Co-op 1,https://careersen-itt-inc.icims.com/jobs/17036/intern-co-op-1/job,"Orchard Park, NY, United States",Orchard Park,NY,United States,Not specified,,,,Space & Defense,2026-07-28,2026-07-28,https://careersen-itt-inc.icims.com/jobs/search?ss=1&searchRelation=keyword_all,ats_detected,5,success_after_fallback
7ea8ddf63fee,2026-07-28,64d9022f568a,ITT Enidine,https://www.enidine.com/en-US/Home,https://careersen-itt-inc.icims.com/jobs/search?ss=1&searchRelation=keyword_all,Title INTERN/Co-op 1,https://careersen-itt-inc.icims.com/jobs/17035/intern-co-op-1/job,"Orchard Park, NY, United States",Orchard Park,NY,United States,Not specified,,,,Space & Defense,2026-07-28,2026-07-28,https://careersen-itt-inc.icims.com/jobs/search?ss=1&searchRelation=keyword_all,ats_detected,5,success_after_fallback
4399fac2e175,2026-07-28,64d9022f568a,ITT Enidine,https://www.enidine.com/en-US/Home,https://careersen-itt-inc.icims.com/jobs/search?ss=1&searchRelation=keyword_all,"Title ""Service Technician II Plating Preventive""",https://careersen-itt-inc.icims.com/jobs/17016/%22service-technician-ii-plating-preventive%22/job,"Orchard Park, NY, United States",Orchard Park,NY,United States,Not specified,,,,Space & Defense,2026-07-28,2026-07-28,https://careersen-itt-inc.icims.com/jobs/search?ss=1&searchRelation=keyword_all,ats_detected,5,success_after_fallback
11cb2f7e87d6,2026-07-28,64d9022f568a,ITT Enidine,https://www.enidine.com/en-US/Home,https://careersen-itt-inc.icims.com/jobs/search?ss=1&searchRelation=keyword_all,Title Project Engineer P1,https://careersen-itt-inc.icims.com/jobs/16995/project-engineer-p1/job,"Orchard Park, NY, United States",Orchard Park,NY,United States,Not specified,,,,Space & Defense,2026-07-28,2026-07-28,https://careersen-itt-inc.icims.com/jobs/search?ss=1&searchRelation=keyword_all,ats_detected,5,success_after_fallback
4c765ca5b2ee,2026-07-28,64d9022f568a,ITT Enidine,https://www.enidine.com/en-US/Home,https://careersen-itt-inc.icims.com/jobs/search?ss=1&searchRelation=keyword_all,Title Project Design Engineer -P2,https://careersen-itt-inc.icims.com/jobs/16933/project-design-engineer--p2/job,"Orchard Park, NY, United States",Orchard Park,NY,United States,Not specified,,,,Space & Defense,2026-07-28,2026-07-28,https://careersen-itt-inc.icims.com/jobs/search?ss=1&searchRelation=keyword_all,ats_detected,5,success_after_fallback
366ea2ea1aa2,2026-07-28,64d9022f568a,ITT Enidine,https://www.enidine.com/en-US/Home,https://careersen-itt-inc.icims.com/jobs/search?ss=1&searchRelation=keyword_all,Distribution Sales Manager %7C Central Europe,https://careersen-itt-inc.icims.com/jobs/16894/distribution-sales-manager-%7c-central-europe/job,"Orchard Park, NY, United States",Orchard Park,NY,United States,Remote,,,,Space & Defense,2026-07-28,2026-07-28,https://careersen-itt-inc.icims.com/jobs/search?ss=1&searchRelation=keyword_all,ats_detected,5,success_after_fallback
26d199731c45,2026-07-28,64d9022f568a,ITT Enidine,https://www.enidine.com/en-US/Home,https://careersen-itt-inc.icims.com/jobs/search?ss=1&searchRelation=keyword_all,Title Service Engineer,https://careersen-itt-inc.icims.com/jobs/16878/service-engineer/job,"Orchard Park, NY, United States",Orchard Park,NY,United States,Not specified,,,,Space & Defense,2026-07-28,2026-07-28,https://careersen-itt-inc.icims.com/jobs/search?ss=1&searchRelation=keyword_all,ats_detected,5,success_after_fallback
0662767cc8bd,2026-07-28,64d9022f568a,ITT Enidine,https://www.enidine.com/en-US/Home,https://careersen-itt-inc.icims.com/jobs/search?ss=1&searchRelation=keyword_all,Title Service Engineer,https://careersen-itt-inc.icims.com/jobs/16877/service-engineer/job,"Orchard Park, NY, United States",Orchard Park,NY,United States,Not specified,,,,Space & Defense,2026-07-28,2026-07-28,https://careersen-itt-inc.icims.com/jobs/search?ss=1&searchRelation=keyword_all,ats_detected,5,success_after_fallback
1c2a5c657059,2026-07-28,64d9022f568a,ITT Enidine,https://www.enidine.com/en-US/Home,https://careersen-itt-inc.icims.com/jobs/search?ss=1&searchRelation=keyword_all,Title Test Engineer,https://careersen-itt-inc.icims.com/jobs/16876/test-engineer/job,"Orchard Park, NY, United States",Orchard Park,NY,United States,Not specified,,,,Space & Defense,2026-07-28,2026-07-28,https://careersen-itt-inc.icims.com/jobs/search?ss=1&searchRelation=keyword_all,ats_detected,5,success_after_fallback
13b96bef94f6,2026-07-28,64d9022f568a,ITT Enidine,https://www.enidine.com/en-US/Home,https://careersen-itt-inc.icims.com/jobs/search?ss=1&searchRelation=keyword_all,Title Costing / Pricing Analyst,https://careersen-itt-inc.icims.com/jobs/16873/costing---pricing-analyst/job,"Orchard Park, NY, United States",Orchard Park,NY,United States,Not specified,,,,Space & Defense,2026-07-28,2026-07-28,https://careersen-itt-inc.icims.com/jobs/search?ss=1&searchRelation=keyword_all,ats_detected,5,success_after_fallback
396a0e36cc55,2026-07-28,64d9022f568a,ITT Enidine,https://www.enidine.com/en-US/Home,https://careersen-itt-inc.icims.com/jobs/search?ss=1&searchRelation=keyword_all,Title Costing / Pricing Analyst,https://careersen-itt-inc.icims.com/jobs/16872/costing---pricing-analyst/job,"Orchard Park, NY, United States",Orchard Park,NY,United States,Not specified,,,,Space & Defense,2026-07-28,2026-07-28,https://careersen-itt-inc.icims.com/jobs/search?ss=1&searchRelation=keyword_all,ats_detected,5,success_after_fallback
91aa73b5e290,2026-07-28,64d9022f568a,ITT Enidine,https://www.enidine.com/en-US/Home,https://careersen-itt-inc.icims.com/jobs/search?ss=1&searchRelation=keyword_all,Title Global Quality Engineer Lead,https://careersen-itt-inc.icims.com/jobs/16805/global-quality-engineer-lead/job,"Orchard Park, NY, United States",Orchard Park,NY,United States,Not specified,,,,Space & Defense,2026-07-28,2026-07-28,https://careersen-itt-inc.icims.com/jobs/search?ss=1&searchRelation=keyword_all,ats_detected,5,success_after_fallback
54f01b8dbe30,2026-07-28,64d9022f568a,ITT Enidine,https://www.enidine.com/en-US/Home,https://careersen-itt-inc.icims.com/jobs/search?ss=1&searchRelation=keyword_all,Title Application Engineer Railway,https://careersen-itt-inc.icims.com/jobs/16767/application-engineer-railway/job,"Orchard Park, NY, United States",Orchard Park,NY,United States,Not specified,,,,Space & Defense,2026-07-28,2026-07-28,https://careersen-itt-inc.icims.com/jobs/search?ss=1&searchRelation=keyword_all,ats_detected,5,success_after_fallback
a2343af66dc4,2026-07-28,64d9022f568a,ITT Enidine,https://www.enidine.com/en-US/Home,https://careersen-itt-inc.icims.com/jobs/search?ss=1&searchRelation=keyword_all,Title Senior AI/ML Engineer,https://careersen-itt-inc.icims.com/jobs/16717/senior-ai-ml-engineer/job,"Orchard Park, NY, United States",Orchard Park,NY,United States,Not specified,,,,Space & Defense,2026-07-28,2026-07-28,https://careersen-itt-inc.icims.com/jobs/search?ss=1&searchRelation=keyword_all,ats_detected,5,success_after_fallback
b607cc8f9a30,2026-07-28,64d9022f568a,ITT Enidine,https://www.enidine.com/en-US/Home,https://careersen-itt-inc.icims.com/jobs/search?ss=1&searchRelation=keyword_all,Title IT Business Analyst (Application Configuration Specialist),https://careersen-itt-inc.icims.com/jobs/16713/it-business-analyst-%28application-configuration-specialist%29/job,"Orchard Park, NY, United States",Orchard Park,NY,United States,Not specified,,,,Space & Defense,2026-07-28,2026-07-28,https://careersen-itt-inc.icims.com/jobs/search?ss=1&searchRelation=keyword_all,ats_detected,5,success_after_fallback
e2fe533dc463,2026-07-28,64d9022f568a,ITT Enidine,https://www.enidine.com/en-US/Home,https://careersen-itt-inc.icims.com/jobs/search?ss=1&searchRelation=keyword_all,Title Application Engineer (P2),https://careersen-itt-inc.icims.com/jobs/16638/application-engineer-%28p2%29/job,"Orchard Park, NY, United States",Orchard Park,NY,United States,Not specified,,,,Space & Defense,2026-07-28,2026-07-28,https://careersen-itt-inc.icims.com/jobs/search?ss=1&searchRelation=keyword_all,ats_detected,5,success_after_fallback
21a2f01f2905,2026-07-28,64d9022f568a,ITT Enidine,https://www.enidine.com/en-US/Home,https://careersen-itt-inc.icims.com/jobs/search?ss=1&searchRelation=keyword_all,Title Senior Application Engineer,https://careersen-itt-inc.icims.com/jobs/16636/senior-application-engineer/job,"Orchard Park, NY, United States",Orchard Park,NY,United States,Not specified,,,,Space & Defense,2026-07-28,2026-07-28,https://careersen-itt-inc.icims.com/jobs/search?ss=1&searchRelation=keyword_all,ats_detected,5,success_after_fallback
b2d0be131c26,2026-07-28,64d9022f568a,ITT Enidine,https://www.enidine.com/en-US/Home,https://careersen-itt-inc.icims.com/jobs/search?ss=1&searchRelation=keyword_all,Title Global Purchasing & Sourcing Lead,https://careersen-itt-inc.icims.com/jobs/16615/global-purchasing-%26-sourcing-lead/job,"Orchard Park, NY, United States",Orchard Park,NY,United States,Not specified,,,,Space & Defense,2026-07-28,2026-07-28,https://careersen-itt-inc.icims.com/jobs/search?ss=1&searchRelation=keyword_all,ats_detected,5,success_after_fallback
cc2df1818e34,2026-07-28,64d9022f568a,ITT Enidine,https://www.enidine.com/en-US/Home,https://careersen-itt-inc.icims.com/jobs/search?ss=1&searchRelation=keyword_all,Title Metrology Technician,https://careersen-itt-inc.icims.com/jobs/16572/metrology-technician/job,"Orchard Park, NY, United States",Orchard Park,NY,United States,Not specified,,,,Space & Defense,2026-07-28,2026-07-28,https://careersen-itt-inc.icims.com/jobs/search?ss=1&searchRelation=keyword_all,ats_detected,5,success_after_fallback
c9be68aa8a2a,2026-07-28,64d9022f568a,ITT Enidine,https://www.enidine.com/en-US/Home,https://careersen-itt-inc.icims.com/jobs/search?ss=1&searchRelation=keyword_all,Title SAP Senior Business Specialist,https://careersen-itt-inc.icims.com/jobs/16533/sap-senior-business-specialist/job,"Orchard Park, NY, United States",Orchard Park,NY,United States,Not specified,,,,Space & Defense,2026-07-28,2026-07-28,https://careersen-itt-inc.icims.com/jobs/search?ss=1&searchRelation=keyword_all,ats_detected,5,success_after_fallback
8c401a107db2,2026-07-28,64d9022f568a,ITT Enidine,https://www.enidine.com/en-US/Home,https://careersen-itt-inc.icims.com/jobs/search?ss=1&searchRelation=keyword_all,Title Test Engineer,https://careersen-itt-inc.icims.com/jobs/16378/test-engineer/job,"Orchard Park, NY, United States",Orchard Park,NY,United States,Not specified,,,,Space & Defense,2026-07-28,2026-07-28,https://careersen-itt-inc.icims.com/jobs/search?ss=1&searchRelation=keyword_all,ats_detected,5,success_after_fallback
c122fdee3025,2026-07-28,64d9022f568a,ITT Enidine,https://www.enidine.com/en-US/Home,https://careersen-itt-inc.icims.com/jobs/search?ss=1&searchRelation=keyword_all,Title Service Engineer,https://careersen-itt-inc.icims.com/jobs/16362/service-engineer/job,"Orchard Park, NY, United States",Orchard Park,NY,United States,Not specified,,,,Space & Defense,2026-07-28,2026-07-28,https://careersen-itt-inc.icims.com/jobs/search?ss=1&searchRelation=keyword_all,ats_detected,5,success_after_fallback
860ea8f3330d,2026-07-28,64d9022f568a,ITT Enidine,https://www.enidine.com/en-US/Home,https://careersen-itt-inc.icims.com/jobs/search?ss=1&searchRelation=keyword_all,Title Manufacturing Engineer,https://careersen-itt-inc.icims.com/jobs/16080/manufacturing-engineer/job,"Orchard Park, NY, United States",Orchard Park,NY,United States,Not specified,,,,Space & Defense,2026-07-28,2026-07-28,https://careersen-itt-inc.icims.com/jobs/search?ss=1&searchRelation=keyword_all,ats_detected,5,success_after_fallback
ad288983df18,2026-07-28,64d9022f568a,ITT Enidine,https://www.enidine.com/en-US/Home,https://careersen-itt-inc.icims.com/jobs/search?ss=1&searchRelation=keyword_all,Title Product Manager Automotive After Market & Racing,https://careersen-itt-inc.icims.com/jobs/15454/product-manager-automotive-after-market-%26-racing/job,"Orchard Park, NY, United States",Orchard Park,NY,United States,Not specified,,,,Space & Defense,2026-07-28,2026-07-28,https://careersen-itt-inc.icims.com/jobs/search?ss=1&searchRelation=keyword_all,ats_detected,5,success_after_fallback
6b1b979a6787,2026-07-28,64d9022f568a,ITT Enidine,https://www.enidine.com/en-US/Home,https://careersen-itt-inc.icims.com/jobs/search?ss=1&searchRelation=keyword_all,Title Application Engineer,https://careersen-itt-inc.icims.com/jobs/15377/application-engineer/job,"Orchard Park, NY, United States",Orchard Park,NY,United States,Not specified,,,,Space & Defense,2026-07-28,2026-07-28,https://careersen-itt-inc.icims.com/jobs/search?ss=1&searchRelation=keyword_all,ats_detected,5,success_after_fallback
b9759fa6a725,2026-07-28,64d9022f568a,ITT Enidine,https://www.enidine.com/en-US/Home,https://careersen-itt-inc.icims.com/jobs/search?ss=1&searchRelation=keyword_all,Title Sales Representative,https://careersen-itt-inc.icims.com/jobs/15372/sales-representative/job,"Orchard Park, NY, United States",Orchard Park,NY,United States,Not specified,,,,Space & Defense,2026-07-28,2026-07-28,https://careersen-itt-inc.icims.com/jobs/search?ss=1&searchRelation=keyword_all,ats_detected,5,success_after_fallback
3ccf63a35027,2026-07-28,64d9022f568a,ITT Enidine,https://www.enidine.com/en-US/Home,https://careersen-itt-inc.icims.com/jobs/search?ss=1&searchRelation=keyword_all,Title Product Design Engineer,https://careersen-itt-inc.icims.com/jobs/15366/product-design-engineer/job,"Orchard Park, NY, United States",Orchard Park,NY,United States,Not specified,,,,Space & Defense,2026-07-28,2026-07-28,https://careersen-itt-inc.icims.com/jobs/search?ss=1&searchRelation=keyword_all,ats_detected,5,success_after_fallback
94bb4ec31afa,2026-07-28,64d9022f568a,ITT Enidine,https://www.enidine.com/en-US/Home,https://careersen-itt-inc.icims.com/jobs/search?ss=1&searchRelation=keyword_all,Title Application Engineering Lead,https://careersen-itt-inc.icims.com/jobs/15348/application-engineering-lead/job,"Orchard Park, NY, United States",Orchard Park,NY,United States,Not specified,,,,Space & Defense,2026-07-28,2026-07-28,https://careersen-itt-inc.icims.com/jobs/search?ss=1&searchRelation=keyword_all,ats_detected,5,success_after_fallback
65b0c84c859f,2026-07-28,64d9022f568a,ITT Enidine,https://www.enidine.com/en-US/Home,https://careersen-itt-inc.icims.com/jobs/search?ss=1&searchRelation=keyword_all,Title Senior Sales Engineer,https://careersen-itt-inc.icims.com/jobs/14632/senior-sales-engineer/job,"Orchard Park, NY, United States",Orchard Park,NY,United States,Not specified,,,,Space & Defense,2026-07-28,2026-07-28,https://careersen-itt-inc.icims.com/jobs/search?ss=1&searchRelation=keyword_all,ats_detected,5,success_after_fallback
f0ee6849ea4e,2026-07-28,64d9022f568a,ITT Enidine,https://www.enidine.com/en-US/Home,https://careersenus-itt-inc.icims.com/jobs/17271/r-%26-d-test-technician/job,R %26 D Test Technician,https://careersenus-itt-inc.icims.com/jobs/17271/r-%26-d-test-technician/referral,"Orchard Park, NY, United States",Orchard Park,NY,United States,Not specified,,,,Space & Defense,2026-07-28,2026-07-28,https://careersenus-itt-inc.icims.com/jobs/17271/r-%26-d-test-technician/job,ats_detected,5,success_after_fallback
b41d7e99ca0c,2026-07-28,64d9022f568a,ITT Enidine,https://www.enidine.com/en-US/Home,https://careersenus-itt-inc.icims.com/jobs/17263/assembly-operator-ii/job,Assembly Operator Ii,https://careersenus-itt-inc.icims.com/jobs/17263/assembly-operator-ii/referral,"Orchard Park, NY, United States",Orchard Park,NY,United States,Not specified,,,,Space & Defense,2026-07-28,2026-07-28,https://careersenus-itt-inc.icims.com/jobs/17263/assembly-operator-ii/job,ats_detected,5,success_after_fallback
bc20b2d53b4f,2026-07-28,64d9022f568a,ITT Enidine,https://www.enidine.com/en-US/Home,https://careersenus-itt-inc.icims.com/jobs/17262/assembly-operator/job,Assembly Operator,https://careersenus-itt-inc.icims.com/jobs/17262/assembly-operator/referral,"Orchard Park, NY, United States",Orchard Park,NY,United States,Not specified,,,,Space & Defense,2026-07-28,2026-07-28,https://careersenus-itt-inc.icims.com/jobs/17262/assembly-operator/job,ats_detected,5,success_after_fallback
7fe56a014e51,2026-07-28,64d9022f568a,ITT Enidine,https://www.enidine.com/en-US/Home,https://careersenus-itt-inc.icims.com/jobs/17249/office-support-specialist/job,Office Support Specialist,https://careersenus-itt-inc.icims.com/jobs/17249/office-support-specialist/referral,"Orchard Park, NY, United States",Orchard Park,NY,United States,Not specified,,,,Space & Defense,2026-07-28,2026-07-28,https://careersenus-itt-inc.icims.com/jobs/17249/office-support-specialist/job,ats_detected,5,success_after_fallback
061f018bfddf,2026-07-28,49a39e5c497b,L3Harris,https://www.l3harris.com/,https://careers.l3harris.com/en,L3Harris Engineering Career Fair Camden Nj,https://careers.l3harris.com/en/job/camden/l3harris-engineering-career-fair-camden-nj/4832/97149012656,"Camden, NJ",Camden,NJ,United States,Not specified,,,,Space & Defense,2026-07-28,2026-07-28,https://careers.l3harris.com/en,known_careers_url,4,success
bb978639386d,2026-07-28,49a39e5c497b,L3Harris,https://www.l3harris.com/,https://careers.l3harris.com/en,L3Harris Engineering Hiring Event Rochester New York,https://careers.l3harris.com/en/job/rochester/l3harris-engineering-hiring-event-rochester-new-york/4832/95994967088,"Rochester, NY",Rochester,NY,United States,Not specified,,,,Space & Defense,2026-07-28,2026-07-28,https://careers.l3harris.com/en,known_careers_url,4,success
af311404f3dc,2026-07-28,49a39e5c497b,L3Harris,https://www.l3harris.com/,https://careers.l3harris.com/en,Associate Integration And Test Engineer,https://careers.l3harris.com/en/job/palm-bay/associate-integration-and-test-engineer/4832/98410003040,"Palm Bay, Florida",Palm Bay,FL,United States,Not specified,,,,Space & Defense,2026-07-28,2026-07-28,https://careers.l3harris.com/en,known_careers_url,4,success
1f321e912131,2026-07-28,49a39e5c497b,L3Harris,https://www.l3harris.com/,https://careers.l3harris.com/en,Associate Quality Engineer,https://careers.l3harris.com/en/job/malabar/associate-quality-engineer/4832/98410003024,"Malabar, Florida",Malabar,FL,United States,Not specified,,,,Space & Defense,2026-07-28,2026-07-28,https://careers.l3harris.com/en,known_careers_url,4,success
59e89d836ae9,2026-07-28,49a39e5c497b,L3Harris,https://www.l3harris.com/,https://careers.l3harris.com/en,Senior Associate Cloud Software Engineer,https://careers.l3harris.com/en/job/melbourne/senior-associate-cloud-software-engineer/4832/95578319040,"Melbourne, Florida",Melbourne,FL,United States,Not specified,,,,Space & Defense,2026-07-28,2026-07-28,https://careers.l3harris.com/en,known_careers_url,4,success
e21b1edd3be7,2026-07-28,49a39e5c497b,L3Harris,https://www.l3harris.com/,https://careers.l3harris.com/en,Principal Supply Chain Program Management,https://careers.l3harris.com/en/job/palm-bay/principal-supply-chain-program-management/4832/98384300320,"Palm Bay, Florida",Palm Bay,FL,United States,Not specified,,,,Space & Defense,2026-07-28,2026-07-28,https://careers.l3harris.com/en,known_careers_url,4,success
d92ca5a7ad93,2026-07-28,49a39e5c497b,L3Harris,https://www.l3harris.com/,https://careers.l3harris.com/en/search-jobs,"Specialist, Program Scheduler Program, Management Multiple Locations",https://careers.l3harris.com/en/job/richardson/specialist-program-scheduler/4832/95378317904,"Greece, NY, United States",Greece,NY,United States,Not specified,,,,Space & Defense,2026-07-28,2026-07-28,https://careers.l3harris.com/en/search-jobs,linked_page,4,success_after_fallback
943adfec31eb,2026-07-28,49a39e5c497b,L3Harris,https://www.l3harris.com/,https://careers.l3harris.com/en/search-jobs,Lead Subcontracts,https://careers.l3harris.com/en/job/north-amityville/lead-subcontracts/4832/98377892192,"Greece, NY, United States",Greece,NY,United States,Not specified,,,,Space & Defense,2026-07-28,2026-07-28,https://careers.l3harris.com/en/search-jobs,linked_page,4,success_after_fallback
129ce4e7d2ea,2026-07-28,49a39e5c497b,L3Harris,https://www.l3harris.com/,https://careers.l3harris.com/en/search-jobs,Senior Specialist Supply Chain Management,https://careers.l3harris.com/en/job/huntsville/senior-specialist-supply-chain-management/4832/98372432848,"Huntsville, AL",Huntsville,AL,United States,Not specified,,,,Space & Defense,2026-07-28,2026-07-28,https://careers.l3harris.com/en/search-jobs,linked_page,4,success_after_fallback
6c9786fbb569,2026-07-28,49a39e5c497b,L3Harris,https://www.l3harris.com/,https://careers.l3harris.com/en/search-jobs,Associate Supply Chain,https://careers.l3harris.com/en/job/northampton/associate-supply-chain/4832/98355395168,"Northampton, MA",Northampton,MA,United States,Not specified,,,,Space & Defense,2026-07-28,2026-07-28,https://careers.l3harris.com/en/search-jobs,linked_page,4,success_after_fallback
e4adf5be8fc7,2026-07-28,49a39e5c497b,L3Harris,https://www.l3harris.com/,https://careers.l3harris.com/en/search-jobs,Associate Supply Chain,https://careers.l3harris.com/en/job/anaheim/associate-supply-chain/4832/98355395152,"Anaheim, CA",Anaheim,CA,United States,Not specified,,,,Space & Defense,2026-07-28,2026-07-28,https://careers.l3harris.com/en/search-jobs,linked_page,4,success_after_fallback
ee732bf18620,2026-07-28,49a39e5c497b,L3Harris,https://www.l3harris.com/,https://careers.l3harris.com/en/search-jobs,Associate Supply Chain,https://careers.l3harris.com/en/job/camden/associate-supply-chain/4832/98348381440,"Camden, NJ",Camden,NJ,United States,Not specified,,,,Space & Defense,2026-07-28,2026-07-28,https://careers.l3harris.com/en/search-jobs,linked_page,4,success_after_fallback
500e985f8b3a,2026-07-28,49a39e5c497b,L3Harris,https://www.l3harris.com/,https://careers.l3harris.com/en/search-jobs,Sr Associate Industrial Security,https://careers.l3harris.com/en/job/melbourne/sr-associate-industrial-security-1/4832/98211442160,"Melbourne, FL",Melbourne,FL,United States,Not specified,,,,Space & Defense,2026-07-28,2026-07-28,https://careers.l3harris.com/en/search-jobs,linked_page,4,success_after_fallback
1119a542f2b9,2026-07-28,49a39e5c497b,L3Harris,https://www.l3harris.com/,https://careers.l3harris.com/en/search-jobs,Senior Associate Cyber Intelligence,https://careers.l3harris.com/en/job/camden/senior-associate-cyber-intelligence/4832/98203233104,"Camden, AR",Camden,AR,United States,Not specified,,,,Space & Defense,2026-07-28,2026-07-28,https://careers.l3harris.com/en/search-jobs,linked_page,4,success_after_fallback
616164b16228,2026-07-28,49a39e5c497b,L3Harris,https://www.l3harris.com/,https://careers.l3harris.com/en/search-jobs,"Manufacturing Technician B - 1st Shift Manufacturing Orange, VA",https://careers.l3harris.com/en/job/orange/manufacturing-technician-b-1st-shift/4832/97586697888,"Orange, VA",Orange,VA,United States,Not specified,,,,Space & Defense,2026-07-28,2026-07-28,https://careers.l3harris.com/en/search-jobs,linked_page,4,success_after_fallback
274f5c35d5a9,2026-07-28,49a39e5c497b,L3Harris,https://www.l3harris.com/,https://careers.l3harris.com/en/job/rochester/l3harris-engineering-hiring-event-rochester-new-york/4832/95994967088,L3Harris Engineering Hiring Event Rochester New York,https://careers.l3harris.com/en/job/rochester/l3harris-engineering-hiring-event-rochester-new-york/4832/search-jobs,"Greece, NY, United States",Greece,NY,United States,Not specified,,,,Space & Defense,2026-07-28,2026-07-28,https://careers.l3harris.com/en/job/rochester/l3harris-engineering-hiring-event-rochester-new-york/4832/95994967088,linked_page,4,success_after_fallback
b3489a6dbe2b,2026-07-28,49a39e5c497b,L3Harris,https://www.l3harris.com/,https://careers.l3harris.com/en/job/rochester/l3harris-engineering-hiring-event-rochester-new-york/4832/95994967088,Scientist Systems Engineering,https://careers.l3harris.com/en/job/rochester/scientist-systems-engineering/4832/98057907792,"Rochester, New York",Rochester,NY,United States,Not specified,,,,Space & Defense,2026-07-28,2026-07-28,https://careers.l3harris.com/en/job/rochester/l3harris-engineering-hiring-event-rochester-new-york/4832/95994967088,linked_page,4,success_after_fallback
18b401470205,2026-07-28,49a39e5c497b,L3Harris,https://www.l3harris.com/,https://careers.l3harris.com/en/job/rochester/l3harris-engineering-hiring-event-rochester-new-york/4832/95994967088,Senior Associate Software Engineering,https://careers.l3harris.com/en/job/rochester/senior-associate-software-engineering/4832/98228389168,"Rochester, New York",Rochester,NY,United States,Not specified,,,,Space & Defense,2026-07-28,2026-07-28,https://careers.l3harris.com/en/job/rochester/l3harris-engineering-hiring-event-rochester-new-york/4832/95994967088,linked_page,4,success_after_fallback
55c1cdf08449,2026-07-28,49a39e5c497b,L3Harris,https://www.l3harris.com/,https://careers.l3harris.com/en/job/rochester/l3harris-engineering-hiring-event-rochester-new-york/4832/95994967088,Scientist Business Chief Engineer Space Superiority And Imaging Division Eo Ir Space Payloads,https://careers.l3harris.com/en/job/rochester/scientist-business-chief-engineer-space-superiority-and-imaging-division-eo-ir-space-payloads/4832/98191352112,"Rochester, New York",Rochester,NY,United States,Not specified,,,,Space & Defense,2026-07-28,2026-07-28,https://careers.l3harris.com/en/job/rochester/l3harris-engineering-hiring-event-rochester-new-york/4832/95994967088,linked_page,4,success_after_fallback
b5fc0cb9faaa,2026-07-28,49a39e5c497b,L3Harris,https://www.l3harris.com/,https://careers.l3harris.com/en/job/rochester/l3harris-engineering-hiring-event-rochester-new-york/4832/95994967088,Specialist Mechanical Engineer Dynamics Analyst Space Optical Systems,https://careers.l3harris.com/en/job/rochester/specialist-mechanical-engineer-dynamics-analyst-space-optical-systems/4832/98137589040,"Rochester, New York, Wilmington, Massachusetts",Rochester,NY,United States,Not specified,,,,Space & Defense,2026-07-28,2026-07-28,https://careers.l3harris.com/en/job/rochester/l3harris-engineering-hiring-event-rochester-new-york/4832/95994967088,linked_page,4,success_after_fallback
d9cf93544794,2026-07-28,49a39e5c497b,L3Harris,https://www.l3harris.com/,"https://careers.l3harris.com/en/search-jobs?acm=8686208,8679712,62721&alrpm=ALL&ascf=[%7B%22key%22:%22ALL%22,%22value%22:%22%22%7D]",Associate Systems Engineer,https://careers.l3harris.com/en/job/greenville/associate-systems-engineer/4832/98355395136,"Greenville, TX",Greenville,TX,United States,Not specified,,,,Space & Defense,2026-07-28,2026-07-28,"https://careers.l3harris.com/en/search-jobs?acm=8686208,8679712,62721&alrpm=ALL&ascf=[%7B%22key%22:%22ALL%22,%22value%22:%22%22%7D]",linked_page,4,success_after_fallback
c4f700013630,2026-07-28,49a39e5c497b,L3Harris,https://www.l3harris.com/,"https://careers.l3harris.com/en/search-jobs?acm=8686208,8679712,62721&alrpm=ALL&ascf=[%7B%22key%22:%22ALL%22,%22value%22:%22%22%7D]",Associate Program Finance,https://careers.l3harris.com/en/job/waco/associate-program-finance/4832/98355395120,"Waco, TX",Waco,TX,United States,Not specified,,,,Space & Defense,2026-07-28,2026-07-28,"https://careers.l3harris.com/en/search-jobs?acm=8686208,8679712,62721&alrpm=ALL&ascf=[%7B%22key%22:%22ALL%22,%22value%22:%22%22%7D]",linked_page,4,success_after_fallback
c83401012507,2026-07-28,49a39e5c497b,L3Harris,https://www.l3harris.com/,"https://careers.l3harris.com/en/search-jobs?acm=8686208,8679712,62721&alrpm=ALL&ascf=[%7B%22key%22:%22ALL%22,%22value%22:%22%22%7D]",Associate Program Finance,https://careers.l3harris.com/en/job/waco/associate-program-finance/4832/98348330784,"Waco, TX",Waco,TX,United States,Not specified,,,,Space & Defense,2026-07-28,2026-07-28,"https://careers.l3harris.com/en/search-jobs?acm=8686208,8679712,62721&alrpm=ALL&ascf=[%7B%22key%22:%22ALL%22,%22value%22:%22%22%7D]",linked_page,4,success_after_fallback
5dc83194a82a,2026-07-28,49a39e5c497b,L3Harris,https://www.l3harris.com/,"https://careers.l3harris.com/en/search-jobs?acm=8686208,8679712,62721&alrpm=ALL&ascf=[%7B%22key%22:%22ALL%22,%22value%22:%22%22%7D]",Senior Associate Human Resource Talent Management,https://careers.l3harris.com/en/job/palm-bay/senior-associate-human-resource-talent-management/4832/98348330768,"Palm Bay, Brevard, FL",Palm Bay,FL,United States,Not specified,,,,Space & Defense,2026-07-28,2026-07-28,"https://careers.l3harris.com/en/search-jobs?acm=8686208,8679712,62721&alrpm=ALL&ascf=[%7B%22key%22:%22ALL%22,%22value%22:%22%22%7D]",linked_page,4,success_after_fallback
72d23c7667bf,2026-07-28,49a39e5c497b,L3Harris,https://www.l3harris.com/,"https://careers.l3harris.com/en/search-jobs?acm=8686208,8679712,62721&alrpm=ALL&ascf=[%7B%22key%22:%22ALL%22,%22value%22:%22%22%7D]",Associate Network Control,https://careers.l3harris.com/en/job/melbourne/associate-network-control/4832/98348330752,"Melbourne, FL",Melbourne,FL,United States,Not specified,,,,Space & Defense,2026-07-28,2026-07-28,"https://careers.l3harris.com/en/search-jobs?acm=8686208,8679712,62721&alrpm=ALL&ascf=[%7B%22key%22:%22ALL%22,%22value%22:%22%22%7D]",linked_page,4,success_after_fallback
bf2740a620ef,2026-07-28,49a39e5c497b,L3Harris,https://www.l3harris.com/,"https://careers.l3harris.com/en/search-jobs?acm=8686208,8679712,62721&alrpm=ALL&ascf=[%7B%22key%22:%22ALL%22,%22value%22:%22%22%7D]",Associate Integration And Test Engineering,https://careers.l3harris.com/en/job/northampton/associate-integration-and-test-engineering/4832/98348381568,"Northampton, MA",Northampton,MA,United States,Not specified,,,,Space & Defense,2026-07-28,2026-07-28,"https://careers.l3harris.com/en/search-jobs?acm=8686208,8679712,62721&alrpm=ALL&ascf=[%7B%22key%22:%22ALL%22,%22value%22:%22%22%7D]",linked_page,4,success_after_fallback
52d3ca38e862,2026-07-28,49a39e5c497b,L3Harris,https://www.l3harris.com/,"https://careers.l3harris.com/en/search-jobs?acm=8686208,8679712,62721&alrpm=ALL&ascf=[%7B%22key%22:%22ALL%22,%22value%22:%22%22%7D]",Associate Electrical Engineering,https://careers.l3harris.com/en/job/northampton/associate-electrical-engineering/4832/98348381376,"Northampton, MA",Northampton,MA,United States,Not specified,,,,Space & Defense,2026-07-28,2026-07-28,"https://careers.l3harris.com/en/search-jobs?acm=8686208,8679712,62721&alrpm=ALL&ascf=[%7B%22key%22:%22ALL%22,%22value%22:%22%22%7D]",linked_page,4,success_after_fallback
760dbfe3fc9b,2026-07-28,49a39e5c497b,L3Harris,https://www.l3harris.com/,"https://careers.l3harris.com/en/search-jobs?acm=8686208,8679712,62721&alrpm=ALL&ascf=[%7B%22key%22:%22ALL%22,%22value%22:%22%22%7D]",Associate Integration And Test Engineering,https://careers.l3harris.com/en/job/northampton/associate-integration-and-test-engineering/4832/98348381360,"Northampton, MA",Northampton,MA,United States,Not specified,,,,Space & Defense,2026-07-28,2026-07-28,"https://careers.l3harris.com/en/search-jobs?acm=8686208,8679712,62721&alrpm=ALL&ascf=[%7B%22key%22:%22ALL%22,%22value%22:%22%22%7D]",linked_page,4,success_after_fallback
b113480d7f27,2026-07-28,49a39e5c497b,L3Harris,https://www.l3harris.com/,"https://careers.l3harris.com/en/search-jobs?acm=8686208,8679712,62721&alrpm=ALL&ascf=[%7B%22key%22:%22ALL%22,%22value%22:%22%22%7D]",Associate Electrical Engineer,https://careers.l3harris.com/en/job/greenville/associate-electrical-engineer/4832/98348330720,"Greenville, TX",Greenville,TX,United States,Not specified,,,,Space & Defense,2026-07-28,2026-07-28,"https://careers.l3harris.com/en/search-jobs?acm=8686208,8679712,62721&alrpm=ALL&ascf=[%7B%22key%22:%22ALL%22,%22value%22:%22%22%7D]",linked_page,4,success_after_fallback
9d9320f82e65,2026-07-28,49a39e5c497b,L3Harris,https://www.l3harris.com/,https://careers.l3harris.com/en/job/camden/l3harris-engineering-career-fair-camden-nj/4832/97149012656,L3Harris Engineering Career Fair Camden Nj,https://careers.l3harris.com/en/job/camden/l3harris-engineering-career-fair-camden-nj/4832/search-jobs,"Greece, NY, United States",Greece,NY,United States,Not specified,,,,Space & Defense,2026-07-28,2026-07-28,https://careers.l3harris.com/en/job/camden/l3harris-engineering-career-fair-camden-nj/4832/97149012656,linked_page,4,success_after_fallback
f256fa0b0250,2026-07-28,49a39e5c497b,L3Harris,https://www.l3harris.com/,https://careers.l3harris.com/en/job/camden/l3harris-engineering-career-fair-camden-nj/4832/97149012656,Supervisor Operations Management,https://careers.l3harris.com/en/job/camden/supervisor-operations-management/4832/98377892272,"Camden, New Jersey",Camden,NJ,United States,Not specified,,,,Space & Defense,2026-07-28,2026-07-28,https://careers.l3harris.com/en/job/camden/l3harris-engineering-career-fair-camden-nj/4832/97149012656,linked_page,4,success_after_fallback
267c4aede40e,2026-07-28,49a39e5c497b,L3Harris,https://www.l3harris.com/,https://careers.l3harris.com/en/job/camden/l3harris-engineering-career-fair-camden-nj/4832/97149012656,Assoc Manager Manufacturing Engineering,https://careers.l3harris.com/en/job/camden/assoc-manager-manufacturing-engineering/4832/97860023728,"Camden, New Jersey",Camden,NJ,United States,Not specified,,,,Space & Defense,2026-07-28,2026-07-28,https://careers.l3harris.com/en/job/camden/l3harris-engineering-career-fair-camden-nj/4832/97149012656,linked_page,4,success_after_fallback
f1f8fe3e6a61,2026-07-28,49a39e5c497b,L3Harris,https://www.l3harris.com/,https://careers.l3harris.com/en/job/camden/l3harris-engineering-career-fair-camden-nj/4832/97149012656,Supervisor Operations Management,https://careers.l3harris.com/en/job/camden/supervisor-operations-management/4832/96519773872,"Camden, New Jersey",Camden,NJ,United States,Not specified,,,,Space & Defense,2026-07-28,2026-07-28,https://careers.l3harris.com/en/job/camden/l3harris-engineering-career-fair-camden-nj/4832/97149012656,linked_page,4,success_after_fallback
05ed50814fd2,2026-07-28,49a39e5c497b,L3Harris,https://www.l3harris.com/,https://careers.l3harris.com/en/job/huntsville/l3harris-career-fair-huntsville-al/4832/97208729920,"L3Harris Career Fair - Huntsville, AL",https://careers.l3harris.com/en/job/huntsville/l3harris-career-fair-huntsville-al/4832/97208729920,"Huntsville, AL, US",Huntsville,AL,United States,Not specified,,,,Space & Defense,2026-07-28,2026-07-28,https://careers.l3harris.com/en/job/huntsville/l3harris-career-fair-huntsville-al/4832/97208729920,linked_page,3,success_after_fallback
5a45103f7904,2026-07-28,49a39e5c497b,L3Harris,https://www.l3harris.com/,https://careers.l3harris.com/en/job/huntsville/l3harris-career-fair-huntsville-al/4832/97208729920,Lead Manufacturing Engineer,https://careers.l3harris.com/en/job/huntsville/lead-manufacturing-engineer/4832/98185751424,"Huntsville, Alabama",Huntsville,AL,United States,Not specified,,,,Space & Defense,2026-07-28,2026-07-28,https://careers.l3harris.com/en/job/huntsville/l3harris-career-fair-huntsville-al/4832/97208729920,linked_page,4,success_after_fallback
01b23032bc43,2026-07-28,49a39e5c497b,L3Harris,https://www.l3harris.com/,https://careers.l3harris.com/en/job/huntsville/l3harris-career-fair-huntsville-al/4832/97208729920,Electrical Assembly B,https://careers.l3harris.com/en/job/huntsville/electrical-assembly-b/4832/98180099328,"Huntsville, Alabama",Huntsville,AL,United States,Not specified,,,,Space & Defense,2026-07-28,2026-07-28,https://careers.l3harris.com/en/job/huntsville/l3harris-career-fair-huntsville-al/4832/97208729920,linked_page,4,success_after_fallback
c8168cf5c92b,2026-07-28,49a39e5c497b,L3Harris,https://www.l3harris.com/,https://careers.l3harris.com/en/job/huntsville/l3harris-career-fair-huntsville-al/4832/97208729920,Senior Manager Manufacturing Engineering,https://careers.l3harris.com/en/job/huntsville/senior-manager-manufacturing-engineering/4832/96537158880,"Huntsville, Alabama",Huntsville,AL,United States,Not specified,,,,Space & Defense,2026-07-28,2026-07-28,https://careers.l3harris.com/en/job/huntsville/l3harris-career-fair-huntsville-al/4832/97208729920,linked_page,4,success_after_fallback
bc1312dff3fc,2026-07-28,49a39e5c497b,L3Harris,https://www.l3harris.com/,https://careers.l3harris.com/en/job/huntsville/l3harris-career-fair-huntsville-al/4832/97208729920,Specialist Product Manager,https://careers.l3harris.com/en/job/huntsville/specialist-product-manager/4832/98143943248,"Huntsville, Alabama",Huntsville,AL,United States,Not specified,,,,Space & Defense,2026-07-28,2026-07-28,https://careers.l3harris.com/en/job/huntsville/l3harris-career-fair-huntsville-al/4832/97208729920,linked_page,4,success_after_fallback
c948c38272e7,2026-07-28,b5d41f3f3457,Lockheed Martin,https://www.lockheedmartin.com/,https://www.lockheedmartin.com/en-us/careers/candidates/students-early-careers.html,Meet our Interns,https://www.lockheedmartin.com/en-us/careers/life-at-lm/2023/early-career-lessons-learned.html,"Ballston Spa, NY, United States",Ballston Spa,NY,United States,Not specified,,,,Space & Defense,2026-07-28,2026-07-28,https://www.lockheedmartin.com/en-us/careers/candidates/students-early-careers.html,linked_page,4,success_after_fallback
1a9f2b6c922b,2026-07-28,b5d41f3f3457,Lockheed Martin,https://www.lockheedmartin.com/,https://www.lockheedmartin.com/en-us/careers/candidates/students-early-careers/high-school.html,Top Engineers Influence Top Gun,https://www.lockheedmartin.com/en-us/careers/life-at-lm/2023/top-gun-movie.html,"Ballston Spa, NY, United States",Ballston Spa,NY,United States,Not specified,,,,Space & Defense,2026-07-28,2026-07-28,https://www.lockheedmartin.com/en-us/careers/candidates/students-early-careers/high-school.html,linked_page,4,success_after_fallback
9230d58a3938,2026-07-28,6f56721ec5b5,Lourdes Industries,https://lourdesinc.com/,https://lourdesinc.com/careers,Mechanical Assembler - III--Aerospace,https://lourdesinc.com/careers/d26f76c0a28557fd/mechanical-assembler-iii-aerospace,"📍 Hauppauge, NY",📍 Hauppauge,NY,United States,Not specified,,,,Space & Defense,2026-07-28,2026-07-28,https://lourdesinc.com/careers,known_careers_url,3,success
cbaad79a0517,2026-07-28,6f56721ec5b5,Lourdes Industries,https://lourdesinc.com/,https://lourdesinc.com/careers,Sr. Accountant-Aerospace,https://lourdesinc.com/careers/22a4593a5d637f40/sr-accountant-aerospace,"📍 Hauppauge, NY",📍 Hauppauge,NY,United States,Not specified,,,,Space & Defense,2026-07-28,2026-07-28,https://lourdesinc.com/careers,known_careers_url,3,success
bcac4269d7ca,2026-07-28,ee835297a5f7,Magellan Aerospace,https://magellan.aero/,https://careers.magellan.aero/search?createNewAlert=false&q=&locationsearch=&optionsFacetsDD_department=,Materials Control Manager,https://careers.magellan.aero/job/Mississauga-Materials-Control-Manager-ON-L4T-1A9/599540917,"Bohemia, NY, United States",Bohemia,NY,United States,Not specified,,,,Core Space,2026-07-28,2026-07-28,https://careers.magellan.aero/search?createNewAlert=false&q=&locationsearch=&optionsFacetsDD_department=,linked_page,4,success_after_fallback
766de45c86ca,2026-07-28,ee835297a5f7,Magellan Aerospace,https://magellan.aero/,https://careers.magellan.aero/search?createNewAlert=false&q=&locationsearch=&optionsFacetsDD_department=,Financial Analyst (3 Months Contract),https://careers.magellan.aero/job/Mississauga-Financial-Analyst-%283-Months-Contract%29-ON-L4T-1A9/603893317,"Bohemia, NY, United States",Bohemia,NY,United States,Not specified,,,,Core Space,2026-07-28,2026-07-28,https://careers.magellan.aero/search?createNewAlert=false&q=&locationsearch=&optionsFacetsDD_department=,linked_page,4,success_after_fallback
db4d1d39c828,2026-07-28,ee835297a5f7,Magellan Aerospace,https://magellan.aero/,https://careers.magellan.aero/search?createNewAlert=false&q=&locationsearch=&optionsFacetsDD_department=,Tax Manager,https://careers.magellan.aero/job/Mississauga-Tax-Manager-ON-L4T-1A9/603893417,"Bohemia, NY, United States",Bohemia,NY,United States,Not specified,,,,Core Space,2026-07-28,2026-07-28,https://careers.magellan.aero/search?createNewAlert=false&q=&locationsearch=&optionsFacetsDD_department=,linked_page,4,success_after_fallback
089c266335b9,2026-07-28,ee835297a5f7,Magellan Aerospace,https://magellan.aero/,https://careers.magellan.aero/search?createNewAlert=false&q=&locationsearch=&optionsFacetsDD_department=,Contracts Specialist,https://careers.magellan.aero/job/Mississauga-Contracts-Specialist-ON-L4T-1A9/599512817,"Bohemia, NY, United States",Bohemia,NY,United States,Not specified,,,,Core Space,2026-07-28,2026-07-28,https://careers.magellan.aero/search?createNewAlert=false&q=&locationsearch=&optionsFacetsDD_department=,linked_page,4,success_after_fallback
ddff5f57f17a,2026-07-28,ee835297a5f7,Magellan Aerospace,https://magellan.aero/,https://careers.magellan.aero/search?createNewAlert=false&q=&locationsearch=&optionsFacetsDD_department=,Abrasive Blast Technician,https://careers.magellan.aero/job/West-Babylon-Abrasive-Blast-Technician-NY-11704/600351817,"Bohemia, NY, United States",Bohemia,NY,United States,Not specified,,,,Core Space,2026-07-28,2026-07-28,https://careers.magellan.aero/search?createNewAlert=false&q=&locationsearch=&optionsFacetsDD_department=,linked_page,4,success_after_fallback
30637ea26d69,2026-07-28,ee835297a5f7,Magellan Aerospace,https://magellan.aero/,https://careers.magellan.aero/search?createNewAlert=false&q=&locationsearch=&optionsFacetsDD_department=,Anodize/ Plater Operator (Night Shift),https://careers.magellan.aero/job/West-Babylon_-NY-Anodize-Plater-Operator-%28Night-Shift%29-NY-11704/602013317,"Bohemia, NY, United States",Bohemia,NY,United States,Not specified,,,,Core Space,2026-07-28,2026-07-28,https://careers.magellan.aero/search?createNewAlert=false&q=&locationsearch=&optionsFacetsDD_department=,linked_page,4,success_after_fallback
062cf3c275eb,2026-07-28,ee835297a5f7,Magellan Aerospace,https://magellan.aero/,https://careers.magellan.aero/search?createNewAlert=false&q=&locationsearch=&optionsFacetsDD_department=,Shipping and Receiving Traffic Coordinator,https://careers.magellan.aero/job/Middletown-Shipping-and-Receiving-Traffic-Coordinator-OH-45042/599801817,"Bohemia, NY, United States",Bohemia,NY,United States,Not specified,,,,Core Space,2026-07-28,2026-07-28,https://careers.magellan.aero/search?createNewAlert=false&q=&locationsearch=&optionsFacetsDD_department=,linked_page,4,success_after_fallback
df0517105c28,2026-07-28,ee835297a5f7,Magellan Aerospace,https://magellan.aero/,https://careers.magellan.aero/search?createNewAlert=false&q=&locationsearch=&optionsFacetsDD_department=,Shipping & Receiving Associate (Second Shift),https://careers.magellan.aero/job/West-Babylon_-NY-Shipping-&-Receiving-Associate-%28Second-Shift%29-NY-11704/602016017,"Bohemia, NY, United States",Bohemia,NY,United States,Not specified,,,,Core Space,2026-07-28,2026-07-28,https://careers.magellan.aero/search?createNewAlert=false&q=&locationsearch=&optionsFacetsDD_department=,linked_page,4,success_after_fallback
ec717ebe2e87,2026-07-28,c67c1581a301,Mini Circuits Brooklyn,https://www.minicircuits.com/,https://jobs.jobvite.com/mini-circuits/jobs/positions,Engineering Pipeline,https://jobs.jobvite.com/mini-circuits/jobs/pipeline,"Brooklyn, NY, United States",Brooklyn,NY,United States,Not specified,,,,Core Space,2026-07-28,2026-07-28,https://jobs.jobvite.com/mini-circuits/jobs/positions,known_careers_url,4,success
4b7e4c057d4a,2026-07-28,c67c1581a301,Mini Circuits Brooklyn,https://www.minicircuits.com/,https://jobs.jobvite.com/mini-circuits/jobs/positions,"RF Test Engineer - MMIC Full-Time Carlsbad, California",https://jobs.jobvite.com/mini-circuits/job/oaxwAfwx,"Carlsbad, California",Carlsbad,CA,United States,Not specified,,,,Core Space,2026-07-28,2026-07-28,https://jobs.jobvite.com/mini-circuits/jobs/positions,known_careers_url,4,success
6e74b6f1efe0,2026-07-28,c67c1581a301,Mini Circuits Brooklyn,https://www.minicircuits.com/,https://jobs.jobvite.com/mini-circuits/jobs/positions,Field Applications Engineer - West Coast,https://jobs.jobvite.com/mini-circuits/job/o9l3zfwQ,"Remote, California",Remote,CA,United States,Remote,,,,Core Space,2026-07-28,2026-07-28,https://jobs.jobvite.com/mini-circuits/jobs/positions,known_careers_url,4,success
913280d599b2,2026-07-28,c67c1581a301,Mini Circuits Brooklyn,https://www.minicircuits.com/,https://jobs.jobvite.com/mini-circuits/jobs/positions,Field Applications Engineer NA Central,https://jobs.jobvite.com/mini-circuits/job/oaGmAfww,"Remote, New York",Remote,NY,United States,Remote,,,,Core Space,2026-07-28,2026-07-28,https://jobs.jobvite.com/mini-circuits/jobs/positions,known_careers_url,4,success
63ccd17985b7,2026-07-28,c67c1581a301,Mini Circuits Brooklyn,https://www.minicircuits.com/,https://jobs.jobvite.com/mini-circuits/jobs/positions,Micro-Inspection Product Controller,https://jobs.jobvite.com/mini-circuits/job/omi7zfw4,"Deer Park, New York",Deer Park,NY,United States,Not specified,,,,Core Space,2026-07-28,2026-07-28,https://jobs.jobvite.com/mini-circuits/jobs/positions,known_careers_url,4,success
ce59b6ee18c5,2026-07-28,c67c1581a301,Mini Circuits Brooklyn,https://www.minicircuits.com/,https://jobs.jobvite.com/mini-circuits/jobs/positions,RF Technician I,https://jobs.jobvite.com/mini-circuits/job/oq5vAfwk,"Deer Park, New York",Deer Park,NY,United States,Not specified,,,,Core Space,2026-07-28,2026-07-28,https://jobs.jobvite.com/mini-circuits/jobs/positions,known_careers_url,4,success
3cab2ab376c8,2026-07-28,c67c1581a301,Mini Circuits Brooklyn,https://www.minicircuits.com/,https://jobs.jobvite.com/mini-circuits/jobs/positions,Senior Manager Environmental Health & Safety,https://jobs.jobvite.com/mini-circuits/job/od4qAfw1,"Deer Park, New York",Deer Park,NY,United States,Not specified,,,,Core Space,2026-07-28,2026-07-28,https://jobs.jobvite.com/mini-circuits/jobs/positions,known_careers_url,4,success
ff326000f6a1,2026-07-28,c67c1581a301,Mini Circuits Brooklyn,https://www.minicircuits.com/,https://jobs.jobvite.com/mini-circuits/jobs/positions,Engineer Operations Manager - DBU,https://jobs.jobvite.com/mini-circuits/job/o9R8zfwr,"Melville, New York",Melville,NY,United States,Not specified,,,,Core Space,2026-07-28,2026-07-28,https://jobs.jobvite.com/mini-circuits/jobs/positions,known_careers_url,4,success
e53c88000823,2026-07-28,c67c1581a301,Mini Circuits Brooklyn,https://www.minicircuits.com/,https://jobs.jobvite.com/mini-circuits/jobs/positions,Engineering Project Manager II,https://jobs.jobvite.com/mini-circuits/job/ok9Izfwu,"Melville, New York",Melville,NY,United States,Not specified,,,,Core Space,2026-07-28,2026-07-28,https://jobs.jobvite.com/mini-circuits/jobs/positions,known_careers_url,4,success
04e34c34d7b0,2026-07-28,c67c1581a301,Mini Circuits Brooklyn,https://www.minicircuits.com/,https://jobs.jobvite.com/mini-circuits/jobs/positions,HFM Manufacturing Line Manager,https://jobs.jobvite.com/mini-circuits/job/o6xtAfwq,"Deer Park, New York",Deer Park,NY,United States,Not specified,,,,Core Space,2026-07-28,2026-07-28,https://jobs.jobvite.com/mini-circuits/jobs/positions,known_careers_url,4,success
cad7ef9c7bf2,2026-07-28,c67c1581a301,Mini Circuits Brooklyn,https://www.minicircuits.com/,https://jobs.jobvite.com/mini-circuits/jobs/positions,RF Design Engineer I,https://jobs.jobvite.com/mini-circuits/job/oaJjAfww,"Hialeah, Florida",Hialeah,FL,United States,Not specified,,,,Core Space,2026-07-28,2026-07-28,https://jobs.jobvite.com/mini-circuits/jobs/positions,known_careers_url,4,success
fd6473f727d6,2026-07-28,c67c1581a301,Mini Circuits Brooklyn,https://www.minicircuits.com/,https://jobs.jobvite.com/mini-circuits/jobs/positions,Senior Manager of Design Engineering,https://jobs.jobvite.com/mini-circuits/job/ocTgvfwA,"Hialeah, Florida",Hialeah,FL,United States,Not specified,,,,Core Space,2026-07-28,2026-07-28,https://jobs.jobvite.com/mini-circuits/jobs/positions,known_careers_url,4,success
708c76c41cf3,2026-07-28,c67c1581a301,Mini Circuits Brooklyn,https://www.minicircuits.com/,https://jobs.jobvite.com/mini-circuits/jobs/positions,Senior Product Engineer,https://jobs.jobvite.com/mini-circuits/job/omwuzfwF,"Hialeah, Florida",Hialeah,FL,United States,Not specified,,,,Core Space,2026-07-28,2026-07-28,https://jobs.jobvite.com/mini-circuits/jobs/positions,known_careers_url,4,success
563a04aebf6a,2026-07-28,c67c1581a301,Mini Circuits Brooklyn,https://www.minicircuits.com/,https://jobs.jobvite.com/mini-circuits/jobs/positions,Senior Project Manager,https://jobs.jobvite.com/mini-circuits/job/o9dlAfw1,"Hialeah, Florida",Hialeah,FL,United States,Not specified,,,,Core Space,2026-07-28,2026-07-28,https://jobs.jobvite.com/mini-circuits/jobs/positions,known_careers_url,4,success
39bb54d39aca,2026-07-28,c67c1581a301,Mini Circuits Brooklyn,https://www.minicircuits.com/,https://jobs.jobvite.com/mini-circuits/jobs/positions,Product Engineer I,https://jobs.jobvite.com/mini-circuits/job/opZpAfw7,"Deer Park, New York",Deer Park,NY,United States,Not specified,,,,Core Space,2026-07-28,2026-07-28,https://jobs.jobvite.com/mini-circuits/jobs/positions,known_careers_url,4,success
cced1bd3bb9a,2026-07-28,c67c1581a301,Mini Circuits Brooklyn,https://www.minicircuits.com/,https://jobs.jobvite.com/mini-circuits/jobs/positions,Engineering Manager,https://jobs.jobvite.com/mini-circuits/job/o856zfwC,"Melville, New York",Melville,NY,United States,Not specified,,,,Core Space,2026-07-28,2026-07-28,https://jobs.jobvite.com/mini-circuits/jobs/positions,known_careers_url,4,success
a156d077534b,2026-07-28,c67c1581a301,Mini Circuits Brooklyn,https://www.minicircuits.com/,https://jobs.jobvite.com/mini-circuits/jobs/positions,Principal Design Engineer,https://jobs.jobvite.com/mini-circuits/job/oML0zfwQ,"Carlsbad, California",Carlsbad,CA,United States,Not specified,,,,Core Space,2026-07-28,2026-07-28,https://jobs.jobvite.com/mini-circuits/jobs/positions,known_careers_url,4,success
f58acd793692,2026-07-28,c67c1581a301,Mini Circuits Brooklyn,https://www.minicircuits.com/,https://jobs.jobvite.com/mini-circuits/jobs/positions,Development Test Engineer II,https://jobs.jobvite.com/mini-circuits/job/ofhVzfwK,"Brooklyn, New York",Brooklyn,NY,United States,Not specified,,,,Core Space,2026-07-28,2026-07-28,https://jobs.jobvite.com/mini-circuits/jobs/positions,known_careers_url,4,success
95fd8732f9fe,2026-07-28,c67c1581a301,Mini Circuits Brooklyn,https://www.minicircuits.com/,https://jobs.jobvite.com/mini-circuits/jobs/positions,PCB Designer II - MMIC,https://jobs.jobvite.com/mini-circuits/job/ovBkAfwK,"Melville, New York",Melville,NY,United States,Not specified,,,,Core Space,2026-07-28,2026-07-28,https://jobs.jobvite.com/mini-circuits/jobs/positions,known_careers_url,4,success
3a888e3d6aa2,2026-07-28,c67c1581a301,Mini Circuits Brooklyn,https://www.minicircuits.com/,https://jobs.jobvite.com/mini-circuits/jobs/positions,Senior Mechanical Design Engineer,https://jobs.jobvite.com/mini-circuits/job/ocdjAfw2,"Melville, New York",Melville,NY,United States,Not specified,,,,Core Space,2026-07-28,2026-07-28,https://jobs.jobvite.com/mini-circuits/jobs/positions,known_careers_url,4,success
3b79409f6427,2026-07-28,c67c1581a301,Mini Circuits Brooklyn,https://www.minicircuits.com/,https://jobs.jobvite.com/mini-circuits/jobs/positions,Automation Systems Engineer II,https://jobs.jobvite.com/mini-circuits/job/oUNKyfwJ,"Brooklyn, New York",Brooklyn,NY,United States,Not specified,,,,Core Space,2026-07-28,2026-07-28,https://jobs.jobvite.com/mini-circuits/jobs/positions,known_careers_url,4,success
9d9a98d628aa,2026-07-28,c67c1581a301,Mini Circuits Brooklyn,https://www.minicircuits.com/,https://jobs.jobvite.com/mini-circuits/jobs/positions,Manufacturing Automation Technician,https://jobs.jobvite.com/mini-circuits/job/oFs4zfwu,"Brooklyn, New York",Brooklyn,NY,United States,Not specified,,,,Core Space,2026-07-28,2026-07-28,https://jobs.jobvite.com/mini-circuits/jobs/positions,known_careers_url,4,success
c839efcea6da,2026-07-28,c67c1581a301,Mini Circuits Brooklyn,https://www.minicircuits.com/,https://jobs.jobvite.com/mini-circuits/jobs/positions,NA Operations Project Manager III,https://jobs.jobvite.com/mini-circuits/job/oMhWyfwh,"Brooklyn, New York",Brooklyn,NY,United States,Not specified,,,,Core Space,2026-07-28,2026-07-28,https://jobs.jobvite.com/mini-circuits/jobs/positions,known_careers_url,4,success
5eb561230770,2026-07-28,c67c1581a301,Mini Circuits Brooklyn,https://www.minicircuits.com/,https://jobs.jobvite.com/mini-circuits/jobs/positions,Senior Product Manager,https://jobs.jobvite.com/mini-circuits/job/oCWUzfwL,"Melville, New York",Melville,NY,United States,Not specified,,,,Core Space,2026-07-28,2026-07-28,https://jobs.jobvite.com/mini-circuits/jobs/positions,known_careers_url,4,success
791ff36d567d,2026-07-28,c67c1581a301,Mini Circuits Brooklyn,https://www.minicircuits.com/,https://jobs.jobvite.com/mini-circuits/jobs/positions,Supply Chain Project Manager,https://jobs.jobvite.com/mini-circuits/job/oxObAfwQ,"Melville, New York",Melville,NY,United States,Not specified,,,,Core Space,2026-07-28,2026-07-28,https://jobs.jobvite.com/mini-circuits/jobs/positions,known_careers_url,4,success
d6ba4f131525,2026-07-28,c67c1581a301,Mini Circuits Brooklyn,https://www.minicircuits.com/,https://jobs.jobvite.com/mini-circuits/jobs/positions,SAP ERP Manager,https://jobs.jobvite.com/mini-circuits/job/ogUJzfwc,"Brooklyn, NY, United States",Brooklyn,NY,United States,Not specified,,,,Core Space,2026-07-28,2026-07-28,https://jobs.jobvite.com/mini-circuits/jobs/positions,known_careers_url,4,success
1f5311b4790e,2026-07-28,c67c1581a301,Mini Circuits Brooklyn,https://www.minicircuits.com/,https://jobs.jobvite.com/mini-circuits/jobs/positions,SAP Finance (FICO) Solution Specialist,https://jobs.jobvite.com/mini-circuits/job/o4t2zfwS,"Melville, New York",Melville,NY,United States,Not specified,,,,Core Space,2026-07-28,2026-07-28,https://jobs.jobvite.com/mini-circuits/jobs/positions,known_careers_url,4,success
f2f0b0edb725,2026-07-28,c67c1581a301,Mini Circuits Brooklyn,https://www.minicircuits.com/,https://jobs.jobvite.com/mini-circuits/jobs/positions,SAP Master Data Solution Specialist,https://jobs.jobvite.com/mini-circuits/job/oK7LvfwR,"Melville, New York",Melville,NY,United States,Not specified,,,,Core Space,2026-07-28,2026-07-28,https://jobs.jobvite.com/mini-circuits/jobs/positions,known_careers_url,4,success
394a6a4b5b2f,2026-07-28,c67c1581a301,Mini Circuits Brooklyn,https://www.minicircuits.com/,https://jobs.jobvite.com/mini-circuits/jobs/positions,SAP Production Planning (PP) Solution Specialist,https://jobs.jobvite.com/mini-circuits/job/oaPLvfwZ,"Melville, New York",Melville,NY,United States,Not specified,,,,Core Space,2026-07-28,2026-07-28,https://jobs.jobvite.com/mini-circuits/jobs/positions,known_careers_url,4,success
296a6dcedc95,2026-07-28,c67c1581a301,Mini Circuits Brooklyn,https://www.minicircuits.com/,https://jobs.jobvite.com/mini-circuits/jobs/positions,Level 2 Electro-Mechanical Inspector,https://jobs.jobvite.com/mini-circuits/job/owLmAfwX,"Brooklyn, New York",Brooklyn,NY,United States,Not specified,,,,Core Space,2026-07-28,2026-07-28,https://jobs.jobvite.com/mini-circuits/jobs/positions,known_careers_url,4,success
617178dc5c6b,2026-07-28,c67c1581a301,Mini Circuits Brooklyn,https://www.minicircuits.com/,https://jobs.jobvite.com/mini-circuits/jobs/positions,Quality Engineer,https://jobs.jobvite.com/mini-circuits/job/o3mxxfwd,"Hialeah, Florida",Hialeah,FL,United States,Not specified,,,,Core Space,2026-07-28,2026-07-28,https://jobs.jobvite.com/mini-circuits/jobs/positions,known_careers_url,4,success
5f3686a35033,2026-07-28,c67c1581a301,Mini Circuits Brooklyn,https://www.minicircuits.com/,https://jobs.jobvite.com/mini-circuits/jobs/positions,Regulatory Compliance & Sustainability Program Manager,https://jobs.jobvite.com/mini-circuits/job/ol5rAfwb,"Melville, New York",Melville,NY,United States,Not specified,,,,Core Space,2026-07-28,2026-07-28,https://jobs.jobvite.com/mini-circuits/jobs/positions,known_careers_url,4,success
ed2fb6233c1f,2026-07-28,c67c1581a301,Mini Circuits Brooklyn,https://www.minicircuits.com/,https://jobs.jobvite.com/mini-circuits/jobs/positions,Reliability Technician,https://jobs.jobvite.com/mini-circuits/job/oZrrAfwb,"Brooklyn, New York",Brooklyn,NY,United States,Not specified,,,,Core Space,2026-07-28,2026-07-28,https://jobs.jobvite.com/mini-circuits/jobs/positions,known_careers_url,4,success
15e80bbaa767,2026-07-28,c67c1581a301,Mini Circuits Brooklyn,https://www.minicircuits.com/,https://jobs.jobvite.com/mini-circuits/jobs/positions,Supplier Quality Engineer,https://jobs.jobvite.com/mini-circuits/job/osLlAfwS,"Melville, New York",Melville,NY,United States,Not specified,,,,Core Space,2026-07-28,2026-07-28,https://jobs.jobvite.com/mini-circuits/jobs/positions,known_careers_url,4,success
803b97524767,2026-07-28,c67c1581a301,Mini Circuits Brooklyn,https://www.minicircuits.com/,https://jobs.jobvite.com/mini-circuits/jobs/positions,Regional Sales Manager - NA Central,https://jobs.jobvite.com/mini-circuits/job/oj4bAfwS,"Brooklyn, NY, United States",Brooklyn,NY,United States,Not specified,,,,Core Space,2026-07-28,2026-07-28,https://jobs.jobvite.com/mini-circuits/jobs/positions,known_careers_url,4,success
dd051daf762f,2026-07-28,c67c1581a301,Mini Circuits Brooklyn,https://www.minicircuits.com/,https://jobs.jobvite.com/mini-circuits/jobs/positions,Sales Operations Director,https://jobs.jobvite.com/mini-circuits/job/oYvNzfwz,"Melville, New York",Melville,NY,United States,Not specified,,,,Core Space,2026-07-28,2026-07-28,https://jobs.jobvite.com/mini-circuits/jobs/positions,known_careers_url,4,success
dca4839c54d3,2026-07-28,c67c1581a301,Mini Circuits Brooklyn,https://www.minicircuits.com/,https://jobs.jobvite.com/mini-circuits/jobs/positions,Strategic Sourcing Manager - Electronic Components,https://jobs.jobvite.com/mini-circuits/job/oGEvAfw9,"Melville, New York",Melville,NY,United States,Not specified,,,,Core Space,2026-07-28,2026-07-28,https://jobs.jobvite.com/mini-circuits/jobs/positions,known_careers_url,4,success
4add009a0d64,2026-07-28,c67c1581a301,Mini Circuits Brooklyn,https://www.minicircuits.com/,https://jobs.jobvite.com/mini-circuits/jobs/positions,Level 2 Switch Assembly Operator,https://jobs.jobvite.com/mini-circuits/job/oAHkAfwV,"Brooklyn, New York",Brooklyn,NY,United States,Not specified,,,,Core Space,2026-07-28,2026-07-28,https://jobs.jobvite.com/mini-circuits/jobs/positions,known_careers_url,4,success
231ec8f66518,2026-07-28,c67c1581a301,Mini Circuits Brooklyn,https://www.minicircuits.com/,https://jobs.jobvite.com/mini-circuits,RF Test Engineer - MMIC,https://jobs.jobvite.com/mini-circuits/jobs/positions,"Brooklyn, NY, United States",Brooklyn,NY,United States,Not specified,,,,Core Space,2026-07-28,2026-07-28,https://jobs.jobvite.com/mini-circuits,ats_detected,4,success_after_fallback
b10cb90fd965,2026-07-28,c67c1581a301,Mini Circuits Brooklyn,https://www.minicircuits.com/,https://jobs.jobvite.com/mini-circuits/job/o2KwAfwC,Production Control Planner (Temp),https://jobs.jobvite.com/mini-circuits/job/o2KwAfwC,"Melville, New York, United States",Melville,NY,United States,Not specified,,,Other,Core Space,2026-07-28,2026-07-28,https://jobs.jobvite.com/mini-circuits/job/o2KwAfwC,ats_detected,3,success_after_fallback
5c4a087e3f67,2026-07-28,c67c1581a301,Mini Circuits Brooklyn,https://www.minicircuits.com/,https://jobs.jobvite.com/mini-circuits/job/oA7xAfwy,Junior Supply Planner (Temp),https://jobs.jobvite.com/mini-circuits/job/oA7xAfwy,"Melville, New York, United States",Melville,NY,United States,Not specified,,,Other,Core Space,2026-07-28,2026-07-28,https://jobs.jobvite.com/mini-circuits/job/oA7xAfwy,ats_detected,3,success_after_fallback
87f53380e929,2026-07-28,c67c1581a301,Mini Circuits Brooklyn,https://www.minicircuits.com/,https://jobs.jobvite.com/mini-circuits/job/ozlvAfwJ,L1 In-Process Inspector,https://jobs.jobvite.com/mini-circuits/job/ozlvAfwJ,"Hialeah, Florida, United States",Hialeah,FL,United States,Not specified,,,Quality Assurance,Core Space,2026-07-28,2026-07-28,https://jobs.jobvite.com/mini-circuits/job/ozlvAfwJ,ats_detected,3,success_after_fallback
bfcd633eb2e7,2026-07-28,dd8e8599680c,NearSpace Labs,https://nearspacelabs.com/,https://job-boards.greenhouse.io/nearspacelabs,"Technical Program Manager & Engineering Operations (Aerospace / Robotics) Barcelona, Spain",https://job-boards.greenhouse.io/nearspacelabs/jobs/5202845008,"Barcelona, Spain",Barcelona,,Spain,Not specified,,,,Core Space,2026-07-28,2026-07-28,https://job-boards.greenhouse.io/nearspacelabs,known_careers_url,5,success
92111a8626ea,2026-07-28,dd8e8599680c,NearSpace Labs,https://nearspacelabs.com/,https://job-boards.greenhouse.io/nearspacelabs,"Associate Operator - Stratospheric Systems Nationwide, United States",https://job-boards.greenhouse.io/nearspacelabs/jobs/4749344008,"Nationwide, United States",Nationwide,,United States,Not specified,,,,Core Space,2026-07-28,2026-07-28,https://job-boards.greenhouse.io/nearspacelabs,known_careers_url,5,success
ae8fdeed05a5,2026-07-28,6a2f5abb3318,North Atlantic Industries,https://www.naii.com/,https://www.naii.com/Opportunities,Electronics Applications Engineer Ii Hybrid,https://recruiting.paylocity.com/recruiting/jobs/Apply/3897103/North-Atlantic-Industries-Inc/Electronics-Applications-Engineer-II-Hybrid,"Bohemia, NY",Bohemia,NY,United States,Hybrid,,,,Space & Defense,2026-07-28,2026-07-28,https://www.naii.com/Opportunities,linked_page,4,success_after_fallback
f3cb31fe282a,2026-07-28,6a2f5abb3318,North Atlantic Industries,https://www.naii.com/,https://www.naii.com/Opportunities,Sustaining Engineer,https://recruiting.paylocity.com/recruiting/jobs/Apply/4113142/North-Atlantic-Industries-Inc/Sustaining-Engineer,"Bohemia, NY",Bohemia,NY,United States,Not specified,,,,Space & Defense,2026-07-28,2026-07-28,https://www.naii.com/Opportunities,linked_page,4,success_after_fallback
36369f01979f,2026-07-28,6a2f5abb3318,North Atlantic Industries,https://www.naii.com/,https://www.naii.com/Opportunities,Regional Sales Manager,https://recruiting.paylocity.com/recruiting/jobs/Apply/4349691/North-Atlantic-Industries-Inc/Regional-Sales-Manager,"San Diego, CA",San Diego,CA,United States,Not specified,,,,Space & Defense,2026-07-28,2026-07-28,https://www.naii.com/Opportunities,linked_page,4,success_after_fallback
538bc55cef72,2026-07-28,6a2f5abb3318,North Atlantic Industries,https://www.naii.com/,https://www.naii.com/Opportunities,Regional Sales Manager,https://recruiting.paylocity.com/recruiting/jobs/Apply/4349376/North-Atlantic-Industries-Inc/Regional-Sales-Manager,"Phoenix, AZ",Phoenix,AZ,United States,Not specified,,,,Space & Defense,2026-07-28,2026-07-28,https://www.naii.com/Opportunities,linked_page,4,success_after_fallback
f1c459067988,2026-07-28,6a2f5abb3318,North Atlantic Industries,https://www.naii.com/,https://www.naii.com/Opportunities,Manufacturing Engineer I,https://recruiting.paylocity.com/recruiting/jobs/Apply/4348422/North-Atlantic-Industries-Inc/Manufacturing-Engineer-I,"Bohemia, NY",Bohemia,NY,United States,Not specified,,,,Space & Defense,2026-07-28,2026-07-28,https://www.naii.com/Opportunities,linked_page,4,success_after_fallback
5eb57997c862,2026-07-28,6a2f5abb3318,North Atlantic Industries,https://www.naii.com/,https://www.naii.com/Opportunities,Quality Assurance Engineer Ii,https://recruiting.paylocity.com/recruiting/jobs/Apply/3891616/North-Atlantic-Industries-Inc/Quality-Assurance-Engineer-II,"Bohemia, NY",Bohemia,NY,United States,Not specified,,,,Space & Defense,2026-07-28,2026-07-28,https://www.naii.com/Opportunities,linked_page,4,success_after_fallback
593cab673465,2026-07-28,6a2f5abb3318,North Atlantic Industries,https://www.naii.com/,https://www.naii.com/Opportunities,Mechanical Engineer Ii Electronics Packaging Thermal Design,https://recruiting.paylocity.com/recruiting/jobs/Apply/3945062/North-Atlantic-Industries-Inc/Mechanical-Engineer-II---Electronics-Packaging-Thermal-Design,"Bohemia, NY",Bohemia,NY,United States,Not specified,,,,Space & Defense,2026-07-28,2026-07-28,https://www.naii.com/Opportunities,linked_page,4,success_after_fallback
cb0d07740c33,2026-07-28,6a2f5abb3318,North Atlantic Industries,https://www.naii.com/,https://www.naii.com/Opportunities,Npi Smt Process Engineer,https://recruiting.paylocity.com/recruiting/jobs/Apply/4098066/North-Atlantic-Industries-Inc/NPI-SMT-Process-Engineer,"Bohemia, NY",Bohemia,NY,United States,Not specified,,,,Space & Defense,2026-07-28,2026-07-28,https://www.naii.com/Opportunities,linked_page,4,success_after_fallback
747378b9b9f8,2026-07-28,0197a4411659,RCM Engineering,https://rcmengineeringgroup.com/,https://jobs.rcmhealthcare.com/,Technician Cincinnati Ohio,https://jobs.rcmhealthcare.com/job/330393-technician-cincinnati-ohio,"West Sayville, NY, United States",West Sayville,NY,United States,Not specified,,,,Aerospace,2026-07-28,2026-07-28,https://jobs.rcmhealthcare.com/,linked_page,4,success_after_fallback
72f720d181f5,2026-07-28,0197a4411659,RCM Engineering,https://rcmengineeringgroup.com/,https://jobs.rcmhealthcare.com/,Technician Columbia South Carolina,https://jobs.rcmhealthcare.com/job/330389-technician-columbia-south-carolina,"West Sayville, NY, United States",West Sayville,NY,United States,Not specified,,,,Aerospace,2026-07-28,2026-07-28,https://jobs.rcmhealthcare.com/,linked_page,4,success_after_fallback
8e3b8baf19f8,2026-07-28,0939c3d7e29f,Saab Group,https://www.saab.com/,https://www.saab.com/career/job-opportunities,Head of Hybrid Navy Business Development and Sales ﻿,https://www.saab.com/career/job-opportunities/head-of-hybrid-navy-business-development-and-sales,"East Syracuse, NY, United States",East Syracuse,NY,United States,Hybrid,,,,Space & Defense,2026-07-28,2026-07-28,https://www.saab.com/career/job-opportunities,known_careers_url,3,success
67099a615501,2026-07-28,0939c3d7e29f,Saab Group,https://www.saab.com/,https://www.saab.com/career/job-opportunities,Saab Internship ﻿,https://www.saab.com/career/job-opportunities/saab-internship,"East Syracuse, NY, United States",East Syracuse,NY,United States,Not specified,,,,Space & Defense,2026-07-28,2026-07-28,https://www.saab.com/career/job-opportunities,known_careers_url,3,success
523ecfa5a17c,2026-07-28,0939c3d7e29f,Saab Group,https://www.saab.com/,https://www.saab.com/career/job-opportunities,Contract Quality Manager Saab Dynamics ﻿,https://www.saab.com/career/job-opportunities/contract-quality-manager-saab-dynamics,"East Syracuse, NY, United States",East Syracuse,NY,United States,Not specified,,,,Space & Defense,2026-07-28,2026-07-28,https://www.saab.com/career/job-opportunities,known_careers_url,3,success
357275270b2e,2026-07-28,0939c3d7e29f,Saab Group,https://www.saab.com/,https://www.saab.com/career/job-opportunities,Contract Administrator ﻿,https://www.saab.com/career/job-opportunities/contract-administrator,"East Syracuse, NY, United States",East Syracuse,NY,United States,Not specified,,,,Space & Defense,2026-07-28,2026-07-28,https://www.saab.com/career/job-opportunities,known_careers_url,3,success
7733fd0da0e1,2026-07-28,0939c3d7e29f,Saab Group,https://www.saab.com/,https://www.saab.com/career/job-opportunities,Contract Manager (m/w/d) ﻿,https://www.saab.com/career/job-opportunities/contract-manager-mwd,"East Syracuse, NY, United States",East Syracuse,NY,United States,Not specified,,,,Space & Defense,2026-07-28,2026-07-28,https://www.saab.com/career/job-opportunities,known_careers_url,3,success
3272c688cfaa,2026-07-28,0939c3d7e29f,Saab Group,https://www.saab.com/,https://www.saab.com/career/job-opportunities,Contract Quality Manager till Saab ﻿,https://www.saab.com/career/job-opportunities/contract-quality-manager-till-saab1,"East Syracuse, NY, United States",East Syracuse,NY,United States,Not specified,,,,Space & Defense,2026-07-28,2026-07-28,https://www.saab.com/career/job-opportunities,known_careers_url,3,success
1822e0dec5fc,2026-07-28,0939c3d7e29f,Saab Group,https://www.saab.com/,https://www.saab.com/career/job-opportunities,Compensation & Benefits Specialist ﻿,https://www.saab.com/career/job-opportunities/compensation--benefits-specialist,"East Syracuse, NY, United States",East Syracuse,NY,United States,Not specified,,,,Space & Defense,2026-07-28,2026-07-28,https://www.saab.com/career/job-opportunities,known_careers_url,3,success
3c5f971721cc,2026-07-28,0939c3d7e29f,Saab Group,https://www.saab.com/,https://www.saab.com/career/job-opportunities,Senior Avionics Requirements Engineer ﻿,https://www.saab.com/career/job-opportunities/senior-avionics-requirements-engineer,"East Syracuse, NY, United States",East Syracuse,NY,United States,Not specified,,,,Space & Defense,2026-07-28,2026-07-28,https://www.saab.com/career/job-opportunities,known_careers_url,3,success
f1d8a9c67b3c,2026-07-28,0939c3d7e29f,Saab Group,https://www.saab.com/,https://www.saab.com/career/job-opportunities,"Manager, Contract Management Gripen ﻿",https://www.saab.com/career/job-opportunities/manager-contract-management-gripen,"East Syracuse, NY, United States",East Syracuse,NY,United States,Not specified,,,,Space & Defense,2026-07-28,2026-07-28,https://www.saab.com/career/job-opportunities,known_careers_url,3,success
86a46cc033d8,2026-07-28,0939c3d7e29f,Saab Group,https://www.saab.com/,https://saabgroup.wd116.myworkdayjobs.com/Saab_careers/job/Linkping---Brderna-Ugglas-Gata/Leveransskoordinator_REQ_43402/apply,Leveransskoordinator,https://saabgroup.wd116.myworkdayjobs.com/Saab_careers/job/Linkping---Brderna-Ugglas-Gata/Leveransskoordinator_REQ_43402/apply,"LinkÃ¶ping - BrÃ¶derna Ugglas Gata, Sweden",LinkÃ¶ping - BrÃ¶derna Ugglas Gata,,Sweden,Not specified,,,,Space & Defense,2026-07-28,2026-07-28,https://saabgroup.wd116.myworkdayjobs.com/Saab_careers/job/Linkping---Brderna-Ugglas-Gata/Leveransskoordinator_REQ_43402/apply,ats_detected,3,success_after_fallback
13a8130b16ae,2026-07-28,0939c3d7e29f,Saab Group,https://www.saab.com/,https://saabgroup.wd116.myworkdayjobs.com/Saab_careers/job/Musk---Musk-rlogshamn/Servicetekniker-till-televerkstaden-p-Saab-Musk_REQ_38913/apply,Servicetekniker till televerkstaden pÃ¥ Saab MuskÃ¶,https://saabgroup.wd116.myworkdayjobs.com/Saab_careers/job/Musk---Musk-rlogshamn/Servicetekniker-till-televerkstaden-p-Saab-Musk_REQ_38913/apply,"MuskÃ¶ - MuskÃ¶ Ãrlogshamn, Sweden",MuskÃ¶ - MuskÃ¶ Ãrlogshamn,,Sweden,Not specified,,,,Space & Defense,2026-07-28,2026-07-28,https://saabgroup.wd116.myworkdayjobs.com/Saab_careers/job/Musk---Musk-rlogshamn/Servicetekniker-till-televerkstaden-p-Saab-Musk_REQ_38913/apply,ats_detected,3,success_after_fallback
439625c34f63,2026-07-28,0939c3d7e29f,Saab Group,https://www.saab.com/,https://saabgroup.wd116.myworkdayjobs.com/Saab_careers/job/Sonderborg---Porten-6/Join-Our-Test-Team---Multiple-Roles-Available_REQ_42970/apply,Join Our Test Team â Multiple Roles Available,https://saabgroup.wd116.myworkdayjobs.com/Saab_careers/job/Sonderborg---Porten-6/Join-Our-Test-Team---Multiple-Roles-Available_REQ_42970/apply,"East Syracuse, NY, United States",East Syracuse,NY,United States,Not specified,,,,Space & Defense,2026-07-28,2026-07-28,https://saabgroup.wd116.myworkdayjobs.com/Saab_careers/job/Sonderborg---Porten-6/Join-Our-Test-Team---Multiple-Roles-Available_REQ_42970/apply,ats_detected,3,success_after_fallback
d0f7d35bb567,2026-07-28,fdb04d86542a,SRI International,https://www.sri.com/,https://careers-sri.icims.com/jobs/search?ss=1&hashed=-625949242,"Title Research Associate, Psychology/Neuroscience",https://careers-sri.icims.com/jobs/6442/research-associate%2c-psychology-neuroscience/job,"Manhattan, NY, United States",Manhattan,NY,United States,Not specified,,,,Core Space,2026-07-28,2026-07-28,https://careers-sri.icims.com/jobs/search?ss=1&hashed=-625949242,ats_detected,5,success_after_fallback
6f88f052d223,2026-07-28,fdb04d86542a,SRI International,https://www.sri.com/,https://careers-sri.icims.com/jobs/search?ss=1&hashed=-625949242,Title Analog IC Design Engineer,https://careers-sri.icims.com/jobs/6441/analog-ic-design-engineer/job,"Manhattan, NY, United States",Manhattan,NY,United States,Not specified,,,,Core Space,2026-07-28,2026-07-28,https://careers-sri.icims.com/jobs/search?ss=1&hashed=-625949242,ats_detected,5,success_after_fallback
4d7d959e3ed1,2026-07-28,fdb04d86542a,SRI International,https://www.sri.com/,https://careers-sri.icims.com/jobs/search?ss=1&hashed=-625949242,"Title Research Scientist, electron beam lithography",https://careers-sri.icims.com/jobs/6440/research-scientist%2c-electron-beam-lithography/job,"Manhattan, NY, United States",Manhattan,NY,United States,On-site,,,,Core Space,2026-07-28,2026-07-28,https://careers-sri.icims.com/jobs/search?ss=1&hashed=-625949242,ats_detected,5,success_after_fallback
64b737edd5d0,2026-07-28,fdb04d86542a,SRI International,https://www.sri.com/,https://careers-sri.icims.com/jobs/search?ss=1&hashed=-625949242,Title Test Engineers I,https://careers-sri.icims.com/jobs/6439/test-engineers-i/job,"Manhattan, NY, United States",Manhattan,NY,United States,Not specified,,,,Core Space,2026-07-28,2026-07-28,https://careers-sri.icims.com/jobs/search?ss=1&hashed=-625949242,ats_detected,5,success_after_fallback
6d3d0ab8b735,2026-07-28,fdb04d86542a,SRI International,https://www.sri.com/,https://careers-sri.icims.com/jobs/search?ss=1&hashed=-625949242,Title Sr. Photonics Research Engineer,https://careers-sri.icims.com/jobs/6436/sr.-photonics-research-engineer/job,"Manhattan, NY, United States",Manhattan,NY,United States,On-site,,,,Core Space,2026-07-28,2026-07-28,https://careers-sri.icims.com/jobs/search?ss=1&hashed=-625949242,ats_detected,5,success_after_fallback
886af8140a70,2026-07-28,fdb04d86542a,SRI International,https://www.sri.com/,https://careers-sri.icims.com/jobs/search?ss=1&hashed=-625949242,Title Drexel University Co-op: Software Engineering/Full stack development,https://careers-sri.icims.com/jobs/6432/drexel-university-co-op%3a-software-engineering-full-stack-development/job,"Manhattan, NY, United States",Manhattan,NY,United States,Not specified,,,,Core Space,2026-07-28,2026-07-28,https://careers-sri.icims.com/jobs/search?ss=1&hashed=-625949242,ats_detected,5,success_after_fallback
d1794bfc6f19,2026-07-28,fdb04d86542a,SRI International,https://www.sri.com/,https://careers-sri.icims.com/jobs/search?ss=1&hashed=-625949242,Title Policy Research Associate,https://careers-sri.icims.com/jobs/6430/policy-research-associate/job,"Manhattan, NY, United States",Manhattan,NY,United States,Not specified,,,,Core Space,2026-07-28,2026-07-28,https://careers-sri.icims.com/jobs/search?ss=1&hashed=-625949242,ats_detected,5,success_after_fallback
9d6caebea5fb,2026-07-28,fdb04d86542a,SRI International,https://www.sri.com/,https://careers-sri.icims.com/jobs/search?ss=1&hashed=-625949242,Bilingual Education Research Assistant%2C Field Assessor %28Preschool Kindergarten In Union County%2C North Carolina%29 Temp Hourly,https://careers-sri.icims.com/jobs/6429/bilingual-education-research-assistant%2c-field-assessor-%28preschool-kindergarten-in-union-county%2c-north-carolina%29-temp-hourly/job,"Manhattan, NY, United States",Manhattan,NY,United States,Not specified,,,,Core Space,2026-07-28,2026-07-28,https://careers-sri.icims.com/jobs/search?ss=1&hashed=-625949242,ats_detected,5,success_after_fallback
6a229b52cf25,2026-07-28,fdb04d86542a,SRI International,https://www.sri.com/,https://careers-sri.icims.com/jobs/search?ss=1&hashed=-625949242,Title Robotics Software Engineer - II/III,https://careers-sri.icims.com/jobs/6427/robotics-software-engineer---ii-iii/job,"Manhattan, NY, United States",Manhattan,NY,United States,On-site,,,,Core Space,2026-07-28,2026-07-28,https://careers-sri.icims.com/jobs/search?ss=1&hashed=-625949242,ats_detected,5,success_after_fallback
2bdad292cdec,2026-07-28,fdb04d86542a,SRI International,https://www.sri.com/,https://careers-sri.icims.com/jobs/search?ss=1&hashed=-625949242,Title New Jersey Institute of Technology Co-op: Electrical Engineering/Electro-Optics,https://careers-sri.icims.com/jobs/6423/new-jersey-institute-of-technology-co-op%3a-electrical-engineering-electro-optics/job,"Manhattan, NY, United States",Manhattan,NY,United States,Remote,,,,Core Space,2026-07-28,2026-07-28,https://careers-sri.icims.com/jobs/search?ss=1&hashed=-625949242,ats_detected,5,success_after_fallback
edcb4330653b,2026-07-28,fdb04d86542a,SRI International,https://www.sri.com/,https://careers-sri.icims.com/jobs/search?ss=1&hashed=-625949242,"Title Intern, Center for Health Sciences",https://careers-sri.icims.com/jobs/6421/intern%2c-center-for-health-sciences/job,"Manhattan, NY, United States",Manhattan,NY,United States,Not specified,,,,Core Space,2026-07-28,2026-07-28,https://careers-sri.icims.com/jobs/search?ss=1&hashed=-625949242,ats_detected,5,success_after_fallback
21c31e9873e5,2026-07-28,fdb04d86542a,SRI International,https://www.sri.com/,https://careers-sri.icims.com/jobs/search?ss=1&hashed=-625949242,Title Stevens Institute of Technology Co-op: Electrical Engineering/Electro-Optics,https://careers-sri.icims.com/jobs/6420/stevens-institute-of-technology-co-op%3a-electrical-engineering-electro-optics/job,"Manhattan, NY, United States",Manhattan,NY,United States,Remote,,,,Core Space,2026-07-28,2026-07-28,https://careers-sri.icims.com/jobs/search?ss=1&hashed=-625949242,ats_detected,5,success_after_fallback
bb16d8c25a0b,2026-07-28,fdb04d86542a,SRI International,https://www.sri.com/,https://careers-sri.icims.com/jobs/search?ss=1&hashed=-625949242,Title Test Technician,https://careers-sri.icims.com/jobs/6419/test-technician/job,"Manhattan, NY, United States",Manhattan,NY,United States,Not specified,,,,Core Space,2026-07-28,2026-07-28,https://careers-sri.icims.com/jobs/search?ss=1&hashed=-625949242,ats_detected,5,success_after_fallback
95b1d44347a2,2026-07-28,fdb04d86542a,SRI International,https://www.sri.com/,https://careers-sri.icims.com/jobs/search?ss=1&hashed=-625949242,Title Sr Research Engineer-RF,https://careers-sri.icims.com/jobs/6407/sr-research-engineer-rf/job,"Manhattan, NY, United States",Manhattan,NY,United States,Remote,,,,Core Space,2026-07-28,2026-07-28,https://careers-sri.icims.com/jobs/search?ss=1&hashed=-625949242,ats_detected,5,success_after_fallback
8135fc124960,2026-07-28,fdb04d86542a,SRI International,https://www.sri.com/,https://careers-sri.icims.com/jobs/search?ss=1&hashed=-625949242,Title Sr Research Engineer-Project Principal Investigator - RF,https://careers-sri.icims.com/jobs/6406/sr-research-engineer-project-principal-investigator---rf/job,"Manhattan, NY, United States",Manhattan,NY,United States,Remote,,,,Core Space,2026-07-28,2026-07-28,https://careers-sri.icims.com/jobs/search?ss=1&hashed=-625949242,ats_detected,5,success_after_fallback
fc661e612cd6,2026-07-28,fdb04d86542a,SRI International,https://www.sri.com/,https://careers-sri.icims.com/jobs/search?ss=1&hashed=-625949242,Title Research Engineer II/III - RF Hardware,https://careers-sri.icims.com/jobs/6405/research-engineer-ii-iii---rf-hardware/job,"Manhattan, NY, United States",Manhattan,NY,United States,Remote,,,,Core Space,2026-07-28,2026-07-28,https://careers-sri.icims.com/jobs/search?ss=1&hashed=-625949242,ats_detected,5,success_after_fallback
f5c85183bee4,2026-07-28,fdb04d86542a,SRI International,https://www.sri.com/,https://careers-sri.icims.com/jobs/search?ss=1&hashed=-625949242,Title IC Design Engineer III,https://careers-sri.icims.com/jobs/6403/ic-design-engineer-iii/job,"Manhattan, NY, United States",Manhattan,NY,United States,Not specified,,,,Core Space,2026-07-28,2026-07-28,https://careers-sri.icims.com/jobs/search?ss=1&hashed=-625949242,ats_detected,5,success_after_fallback
92697a12fa7f,2026-07-28,fdb04d86542a,SRI International,https://www.sri.com/,https://careers-sri.icims.com/jobs/search?ss=1&hashed=-625949242,Title Research Electrical Engineer III - Semiconductor Device Physics,https://careers-sri.icims.com/jobs/6399/research-electrical-engineer-iii---semiconductor-device-physics/job,"Manhattan, NY, United States",Manhattan,NY,United States,Not specified,,,,Core Space,2026-07-28,2026-07-28,https://careers-sri.icims.com/jobs/search?ss=1&hashed=-625949242,ats_detected,5,success_after_fallback
4a918651f386,2026-07-28,fdb04d86542a,SRI International,https://www.sri.com/,https://careers-sri.icims.com/jobs/search?ss=1&hashed=-625949242,Title Wafer Fab Process Engineer,https://careers-sri.icims.com/jobs/6395/wafer-fab-process-engineer/job,"Manhattan, NY, United States",Manhattan,NY,United States,Not specified,,,,Core Space,2026-07-28,2026-07-28,https://careers-sri.icims.com/jobs/search?ss=1&hashed=-625949242,ats_detected,5,success_after_fallback
68175f7d031c,2026-07-28,fdb04d86542a,SRI International,https://www.sri.com/,https://careers-sri.icims.com/jobs/search?ss=1&hashed=-625949242,"Title Semiconductor Equipment Technicians, Experienced - First Shift",https://careers-sri.icims.com/jobs/6392/semiconductor-equipment-technicians%2c-experienced---first-shift/job,"Manhattan, NY, United States",Manhattan,NY,United States,Not specified,,,,Core Space,2026-07-28,2026-07-28,https://careers-sri.icims.com/jobs/search?ss=1&hashed=-625949242,ats_detected,5,success_after_fallback
111698923322,2026-07-28,fdb04d86542a,SRI International,https://www.sri.com/,https://careers-sri.icims.com/jobs/search?ss=1&hashed=-625949242,Title Bioscience Research Associate I,https://careers-sri.icims.com/jobs/6387/bioscience-research-associate-i/job,"Manhattan, NY, United States",Manhattan,NY,United States,Not specified,,,,Core Space,2026-07-28,2026-07-28,https://careers-sri.icims.com/jobs/search?ss=1&hashed=-625949242,ats_detected,5,success_after_fallback
43d358810612,2026-07-28,fdb04d86542a,SRI International,https://www.sri.com/,https://careers-sri.icims.com/jobs/search?ss=1&hashed=-625949242,"Title Semiconductor Equipment Technicians, Experienced - First Shift",https://careers-sri.icims.com/jobs/6385/semiconductor-equipment-technicians%2c-experienced---first-shift/job,"Manhattan, NY, United States",Manhattan,NY,United States,Not specified,,,,Core Space,2026-07-28,2026-07-28,https://careers-sri.icims.com/jobs/search?ss=1&hashed=-625949242,ats_detected,5,success_after_fallback
914b84c5d97a,2026-07-28,fdb04d86542a,SRI International,https://www.sri.com/,https://careers-sri.icims.com/jobs/search?ss=1&hashed=-625949242,Title Mechanical Engineer,https://careers-sri.icims.com/jobs/6384/mechanical-engineer/job,"Manhattan, NY, United States",Manhattan,NY,United States,Not specified,,,,Core Space,2026-07-28,2026-07-28,https://careers-sri.icims.com/jobs/search?ss=1&hashed=-625949242,ats_detected,5,success_after_fallback
d06c2cd1b5a3,2026-07-28,fdb04d86542a,SRI International,https://www.sri.com/,https://careers-sri.icims.com/jobs/search?ss=1&hashed=-625949242,Title Sr Mechanical Engineer,https://careers-sri.icims.com/jobs/6383/sr-mechanical-engineer/job,"Manhattan, NY, United States",Manhattan,NY,United States,Not specified,,,,Core Space,2026-07-28,2026-07-28,https://careers-sri.icims.com/jobs/search?ss=1&hashed=-625949242,ats_detected,5,success_after_fallback
57bb35df9988,2026-07-28,fdb04d86542a,SRI International,https://www.sri.com/,https://careers-sri.icims.com/jobs/search?ss=1&hashed=-625949242,Title Sr Research Engineer-Project Principal Investigator,https://careers-sri.icims.com/jobs/6377/sr-research-engineer-project-principal-investigator/job,"Manhattan, NY, United States",Manhattan,NY,United States,Remote,,,,Core Space,2026-07-28,2026-07-28,https://careers-sri.icims.com/jobs/search?ss=1&hashed=-625949242,ats_detected,5,success_after_fallback
0bec5a533ca5,2026-07-28,fdb04d86542a,SRI International,https://www.sri.com/,https://careers-sri.icims.com/jobs/search?ss=1&hashed=-625949242,Title IC Design Engineer IV,https://careers-sri.icims.com/jobs/6367/ic-design-engineer-iv/job,"Manhattan, NY, United States",Manhattan,NY,United States,Not specified,,,,Core Space,2026-07-28,2026-07-28,https://careers-sri.icims.com/jobs/search?ss=1&hashed=-625949242,ats_detected,5,success_after_fallback
9b94ba03fc5f,2026-07-28,fdb04d86542a,SRI International,https://www.sri.com/,https://careers-sri.icims.com/jobs/search?ss=1&hashed=-625949242,Title Electronics Design Engineer,https://careers-sri.icims.com/jobs/6365/electronics-design-engineer/job,"Manhattan, NY, United States",Manhattan,NY,United States,Not specified,,,,Core Space,2026-07-28,2026-07-28,https://careers-sri.icims.com/jobs/search?ss=1&hashed=-625949242,ats_detected,5,success_after_fallback
14e6108fd230,2026-07-28,fdb04d86542a,SRI International,https://www.sri.com/,https://careers-sri.icims.com/jobs/search?ss=1&hashed=-625949242,"Title Test Engineer - Analog, ATE",https://careers-sri.icims.com/jobs/6325/test-engineer---analog%2c-ate/job,"Manhattan, NY, United States",Manhattan,NY,United States,Not specified,,,,Core Space,2026-07-28,2026-07-28,https://careers-sri.icims.com/jobs/search?ss=1&hashed=-625949242,ats_detected,5,success_after_fallback
5211adaa3359,2026-07-28,fdb04d86542a,SRI International,https://www.sri.com/,https://careers-sri.icims.com/jobs/search?ss=1&hashed=-625949242,Title Photonics Research Engineer III,https://careers-sri.icims.com/jobs/6320/photonics-research-engineer-iii/job,"Manhattan, NY, United States",Manhattan,NY,United States,On-site,,,,Core Space,2026-07-28,2026-07-28,https://careers-sri.icims.com/jobs/search?ss=1&hashed=-625949242,ats_detected,5,success_after_fallback
56a72cd45a9d,2026-07-28,fdb04d86542a,SRI International,https://www.sri.com/,https://careers-sri.icims.com/jobs/search?ss=1&hashed=-625949242,Title Postdoctoral Fellow - Applied & Computational Scientists,https://careers-sri.icims.com/jobs/6314/postdoctoral-fellow---applied-%26-computational-scientists/job,"Manhattan, NY, United States",Manhattan,NY,United States,Hybrid,,,,Core Space,2026-07-28,2026-07-28,https://careers-sri.icims.com/jobs/search?ss=1&hashed=-625949242,ats_detected,5,success_after_fallback
9dc620c5605a,2026-07-28,fdb04d86542a,SRI International,https://www.sri.com/,https://careers-sri.icims.com/jobs/search?ss=1&hashed=-625949242,Title Applied & Computational Research Scientists,https://careers-sri.icims.com/jobs/6313/applied-%26-computational-research-scientists/job,"Manhattan, NY, United States",Manhattan,NY,United States,Hybrid,,,,Core Space,2026-07-28,2026-07-28,https://careers-sri.icims.com/jobs/search?ss=1&hashed=-625949242,ats_detected,5,success_after_fallback
fc84266c0fdd,2026-07-28,fdb04d86542a,SRI International,https://www.sri.com/,https://careers-sri.icims.com/jobs/search?ss=1&hashed=-625949242,Title Manufacturing Technicians,https://careers-sri.icims.com/jobs/6254/manufacturing-technicians/job,"Manhattan, NY, United States",Manhattan,NY,United States,Not specified,,,,Core Space,2026-07-28,2026-07-28,https://careers-sri.icims.com/jobs/search?ss=1&hashed=-625949242,ats_detected,5,success_after_fallback
b8c3f0a204e8,2026-07-28,e04ea6a314c3,Vishay Americas,https://www.vishay.com/,https://jobs.vishay.com/jobs/senior-hr-specialist-m-w-d,Xmlname Senior Hr Specialist M W D Jr,https://vishay.wd3.myworkdayjobs.com/VishayCareers/job/Selb-DE/XMLNAME--Senior--HR-Specialist--m-w-d-_JR-17989-1/apply,"Niagara Falls, NY, United States",Niagara Falls,NY,United States,Not specified,,,,Core Space,2026-07-28,2026-07-28,https://jobs.vishay.com/jobs/senior-hr-specialist-m-w-d,linked_page,4,success_after_fallback
2683cca29df5,2026-07-28,e04ea6a314c3,Vishay Americas,https://www.vishay.com/,https://jobs.vishay.com/jobs/senior-specialist-ehs-quality-m-w-d,Xmlname Senior Specialist Ehs Quality M W D Jr,https://vishay.wd3.myworkdayjobs.com/VishayCareers/job/Erndtebrck-DE/XMLNAME--Senior--Specialist-EHS---Quality--m-w-d-_JR-15993/apply,"Niagara Falls, NY, United States",Niagara Falls,NY,United States,Not specified,,,,Core Space,2026-07-28,2026-07-28,https://jobs.vishay.com/jobs/senior-specialist-ehs-quality-m-w-d,linked_page,4,success_after_fallback
78830364a1dd,2026-07-28,e04ea6a314c3,Vishay Americas,https://www.vishay.com/,https://vishay.wd3.myworkdayjobs.com/VishayCareers/job/Ave-De-Las-Torres-1950-Col-Torres-Del-Sur-CP-32970-Ciudad-Juarez-Chih/XMLNAME-236-Tecnico-de-mantenimiento--Primer-turno-_JR-18890/apply,236 Tecnico de mantenimiento (Primer turno),https://vishay.wd3.myworkdayjobs.com/VishayCareers/job/Ave-De-Las-Torres-1950-Col-Torres-Del-Sur-CP-32970-Ciudad-Juarez-Chih/XMLNAME-236-Tecnico-de-mantenimiento--Primer-turno-_JR-18890/apply,"Niagara Falls, NY, United States",Niagara Falls,NY,United States,Not specified,,,,Core Space,2026-07-28,2026-07-28,https://vishay.wd3.myworkdayjobs.com/VishayCareers/job/Ave-De-Las-Torres-1950-Col-Torres-Del-Sur-CP-32970-Ciudad-Juarez-Chih/XMLNAME-236-Tecnico-de-mantenimiento--Primer-turno-_JR-18890/apply,ats_detected,3,success_after_fallback
886abad21824,2026-07-28,1c2b4e10bf58,Wallaroo AI,https://wallaroo.ai/,https://www.jobvite.com/,TA Leader,https://www.jobvite.com/solutions/role/talent-acquisition-leader,"Manhattan, NY, United States",Manhattan,NY,United States,Not specified,,,,Core Space,2026-07-28,2026-07-28,https://www.jobvite.com/,ats_detected,4,success_after_fallback
fcec0899c79f,2026-07-28,1c2b4e10bf58,Wallaroo AI,https://wallaroo.ai/,https://www.jobvite.com/,HR Leader,https://www.jobvite.com/solutions/role/hr-leader,"Manhattan, NY, United States",Manhattan,NY,United States,Not specified,,,,Core Space,2026-07-28,2026-07-28,https://www.jobvite.com/,ats_detected,4,success_after_fallback
bc3248fdbd4f,2026-07-28,1c2b4e10bf58,Wallaroo AI,https://wallaroo.ai/,https://www.jobvite.com/,IT Manager,https://www.jobvite.com/solutions/role/it,"Manhattan, NY, United States",Manhattan,NY,United States,Not specified,,,,Core Space,2026-07-28,2026-07-28,https://www.jobvite.com/,ats_detected,4,success_after_fallback
