job_id,snapshot_date,company_id,company_name,company_website,careers_url,job_title,job_url,location,city,state,country,remote,salary_min,salary_max,department,category,date_found,last_seen_at,source_url,discovery_method,job_confidence_score,status
a69897586030,2026-09-22,a3c0ab6694be,Bluefors Inc.,https://bluefors.com/,https://careers.bluefors.com/jobs,Stockroom Associate,https://careers.bluefors.com/jobs/8405957-stockroom-associate,"Syracuse, NY, United States",Syracuse,NY,United States,Not specified,,,,Core Space,2026-09-22,2026-09-22,https://careers.bluefors.com/jobs,linked_page,4,success_after_fallback
b090ff870451,2026-09-22,a3c0ab6694be,Bluefors Inc.,https://bluefors.com/,https://careers.bluefors.com/jobs,Digital Marketing Manager,https://careers.bluefors.com/jobs/8402037-digital-marketing-manager,Hybrid,,,,Hybrid,,,,Core Space,2026-09-22,2026-09-22,https://careers.bluefors.com/jobs,linked_page,4,success_after_fallback
5924fffcda4f,2026-09-22,a3c0ab6694be,Bluefors Inc.,https://bluefors.com/,https://careers.bluefors.com/jobs,Manufacturing Associate-Clean/Test,https://careers.bluefors.com/jobs/8398705-manufacturing-associate-clean-test,"Syracuse, NY, United States",Syracuse,NY,United States,Not specified,,,,Core Space,2026-09-22,2026-09-22,https://careers.bluefors.com/jobs,linked_page,4,success_after_fallback
a6c01aa06a20,2026-09-22,a3c0ab6694be,Bluefors Inc.,https://bluefors.com/,https://careers.bluefors.com/jobs,Channel Sales Manager,https://careers.bluefors.com/jobs/8388769-channel-sales-manager,Hybrid,,,,Hybrid,,,,Core Space,2026-09-22,2026-09-22,https://careers.bluefors.com/jobs,linked_page,4,success_after_fallback
f4e96724309f,2026-09-22,a3c0ab6694be,Bluefors Inc.,https://bluefors.com/,https://careers.bluefors.com/jobs,"R&D Manager, Cooling team",https://careers.bluefors.com/jobs/8385475-r-d-manager-cooling-team,Hybrid,,,,Hybrid,,,,Core Space,2026-09-22,2026-09-22,https://careers.bluefors.com/jobs,linked_page,4,success_after_fallback
f9019c6c5365,2026-09-22,a3c0ab6694be,Bluefors Inc.,https://bluefors.com/,https://careers.bluefors.com/jobs,Account Manager,https://careers.bluefors.com/jobs/8382598-account-manager,"Syracuse, NY, United States",Syracuse,NY,United States,Not specified,,,,Core Space,2026-09-22,2026-09-22,https://careers.bluefors.com/jobs,linked_page,4,success_after_fallback
66a590da9a83,2026-09-22,a3c0ab6694be,Bluefors Inc.,https://bluefors.com/,https://careers.bluefors.com/jobs,Spare Parts Coordinator,https://careers.bluefors.com/jobs/8382134-spare-parts-coordinator,"Syracuse, NY, United States",Syracuse,NY,United States,Not specified,,,,Core Space,2026-09-22,2026-09-22,https://careers.bluefors.com/jobs,linked_page,4,success_after_fallback
cb87fe77bb36,2026-09-22,a3c0ab6694be,Bluefors Inc.,https://bluefors.com/,https://careers.bluefors.com/jobs,Business Development Specialist,https://careers.bluefors.com/jobs/8325654-business-development-specialist,"Syracuse, NY, United States",Syracuse,NY,United States,Not specified,,,,Core Space,2026-09-22,2026-09-22,https://careers.bluefors.com/jobs,linked_page,4,success_after_fallback
5b544f66d3fc,2026-09-22,a3c0ab6694be,Bluefors Inc.,https://bluefors.com/,https://careers.bluefors.com/jobs,Maintenance Technician,https://careers.bluefors.com/jobs/8287991-maintenance-technician,"Syracuse, NY, United States",Syracuse,NY,United States,Not specified,,,,Core Space,2026-09-22,2026-09-22,https://careers.bluefors.com/jobs,linked_page,4,success_after_fallback
ede31c521720,2026-09-22,a3c0ab6694be,Bluefors Inc.,https://bluefors.com/,https://careers.bluefors.com/jobs,Engineering Technician – R&D,https://careers.bluefors.com/jobs/8280448-engineering-technician-r-d,"Syracuse, NY, United States",Syracuse,NY,United States,Not specified,,,,Core Space,2026-09-22,2026-09-22,https://careers.bluefors.com/jobs,linked_page,4,success_after_fallback
215ba270929b,2026-09-22,a3c0ab6694be,Bluefors Inc.,https://bluefors.com/,https://careers.bluefors.com/jobs,Mechanical Engineer,https://careers.bluefors.com/jobs/8280256-mechanical-engineer,"Syracuse, NY, United States",Syracuse,NY,United States,Not specified,,,,Core Space,2026-09-22,2026-09-22,https://careers.bluefors.com/jobs,linked_page,4,success_after_fallback
105164451c73,2026-09-22,a3c0ab6694be,Bluefors Inc.,https://bluefors.com/,https://careers.bluefors.com/jobs,Account Associate,https://careers.bluefors.com/jobs/8269204-account-associate,"Syracuse, NY, United States",Syracuse,NY,United States,Not specified,,,,Core Space,2026-09-22,2026-09-22,https://careers.bluefors.com/jobs,linked_page,4,success_after_fallback
2d6a54da39ee,2026-09-22,a3c0ab6694be,Bluefors Inc.,https://bluefors.com/,https://careers.bluefors.com/jobs,Packaging & Crating Technician I,https://careers.bluefors.com/jobs/8269063-packaging-crating-technician-i,"Syracuse, NY, United States",Syracuse,NY,United States,Not specified,,,,Core Space,2026-09-22,2026-09-22,https://careers.bluefors.com/jobs,linked_page,4,success_after_fallback
b135afe961df,2026-09-22,a3c0ab6694be,Bluefors Inc.,https://bluefors.com/,https://careers.bluefors.com/jobs,Manufacturing Associate (Second Shift),https://careers.bluefors.com/jobs/8250373-manufacturing-associate-second-shift,"Syracuse, NY, United States",Syracuse,NY,United States,Not specified,,,,Core Space,2026-09-22,2026-09-22,https://careers.bluefors.com/jobs,linked_page,4,success_after_fallback
64cb776284e0,2026-09-22,a3c0ab6694be,Bluefors Inc.,https://bluefors.com/,https://careers.bluefors.com/jobs,Operations and Supply Chain,https://careers.bluefors.com/jobs/8241888-strategic-buyer,"Syracuse, NY, United States",Syracuse,NY,United States,Not specified,,,,Core Space,2026-09-22,2026-09-22,https://careers.bluefors.com/jobs,linked_page,4,success_after_fallback
8acad2b94319,2026-09-22,a3c0ab6694be,Bluefors Inc.,https://bluefors.com/,https://careers.bluefors.com/jobs,Shipping Coordinator,https://careers.bluefors.com/jobs/8237875-shipping-coordinator,"Syracuse, NY, United States",Syracuse,NY,United States,Not specified,,,,Core Space,2026-09-22,2026-09-22,https://careers.bluefors.com/jobs,linked_page,4,success_after_fallback
30f6f44e3b72,2026-09-22,a3c0ab6694be,Bluefors Inc.,https://bluefors.com/,https://careers.bluefors.com/jobs,Technical Sales Manager,https://careers.bluefors.com/jobs/8231513-technical-sales-manager,"Syracuse, NY, United States",Syracuse,NY,United States,Not specified,,,,Core Space,2026-09-22,2026-09-22,https://careers.bluefors.com/jobs,linked_page,4,success_after_fallback
fd3748e6d18d,2026-09-22,49a10cfcff0c,AIP Publishing,https://publishing.aip.org/,https://job-boards.greenhouse.io/aippublishing,Sr Peer Review Specialist,https://job-boards.greenhouse.io/aippublishing/jobs/6166603004,"Remote - NY, NJ, CT, MD, VA, PA, MA, RI or Washington, DC",Remote - NY,NJ,United States,Remote,,,,Core Space,2026-09-22,2026-09-22,https://job-boards.greenhouse.io/aippublishing,known_careers_url,5,success
44b6c278841b,2026-09-22,49a10cfcff0c,AIP Publishing,https://publishing.aip.org/,https://job-boards.greenhouse.io/aippublishing,Cloud Infrastructure Engineer,https://job-boards.greenhouse.io/aippublishing/jobs/6144177004,"Remote - NY, NJ, CT, MD, VA, PA, MA, RI or Washington, DC",Remote - NY,NJ,United States,Remote,,,,Core Space,2026-09-22,2026-09-22,https://job-boards.greenhouse.io/aippublishing,known_careers_url,5,success
1788b2d6edfe,2026-09-22,0c237be7f93d,Applied Visions,https://www.avi.com/,https://app.trinethire.com/companies/1321-the-applied-visions-companies-applied-visions-software-design-solutions/jobs,Software Engineer - Internship,https://app.trinethire.com/companies/1321-applied-visions-software-design-solutions/jobs/30071-software-engineer-internship,"Clifton Park, NY, United States",Clifton Park,NY,United States,Not specified,,,,Aerospace,2026-09-22,2026-09-22,https://app.trinethire.com/companies/1321-the-applied-visions-companies-applied-visions-software-design-solutions/jobs,linked_page,4,success_after_fallback
1a3ad1837653,2026-09-22,0c237be7f93d,Applied Visions,https://www.avi.com/,https://app.trinethire.com/companies/1321-the-applied-visions-companies-applied-visions-software-design-solutions/jobs,Electrical Engineer,https://app.trinethire.com/companies/1321-applied-visions-software-design-solutions/jobs/121839-electrical-engineer,"Clifton Park, NY, United States",Clifton Park,NY,United States,Not specified,,,,Aerospace,2026-09-22,2026-09-22,https://app.trinethire.com/companies/1321-the-applied-visions-companies-applied-visions-software-design-solutions/jobs,linked_page,4,success_after_fallback
cb371e86cd3d,2026-09-22,0c237be7f93d,Applied Visions,https://www.avi.com/,https://app.trinethire.com/companies/1321-the-applied-visions-companies-applied-visions-software-design-solutions/jobs,Director of Engineering,https://app.trinethire.com/companies/1321-applied-visions-software-design-solutions/jobs/118815-director-of-engineering,"Clifton Park, NY, United States",Clifton Park,NY,United States,Not specified,,,,Aerospace,2026-09-22,2026-09-22,https://app.trinethire.com/companies/1321-the-applied-visions-companies-applied-visions-software-design-solutions/jobs,linked_page,4,success_after_fallback
61417aaf893b,2026-09-22,0c237be7f93d,Applied Visions,https://www.avi.com/,https://app.trinethire.com/companies/1321-the-applied-visions-companies-applied-visions-software-design-solutions/jobs,Director of Product Management,https://app.trinethire.com/companies/1321-applied-visions-software-design-solutions/jobs/120485-director-of-product-management,"Clifton Park, NY, United States",Clifton Park,NY,United States,Not specified,,,,Aerospace,2026-09-22,2026-09-22,https://app.trinethire.com/companies/1321-the-applied-visions-companies-applied-visions-software-design-solutions/jobs,linked_page,4,success_after_fallback
0ac45e64ecd0,2026-09-22,0c237be7f93d,Applied Visions,https://www.avi.com/,https://app.trinethire.com/companies/1321-the-applied-visions-companies-applied-visions-software-design-solutions/jobs,Applied Visions Software Design Solutions,https://app.trinethire.com/companies/1321-applied-visions-software-design-solutions/jobs/120013-machinist-prototype-machining-3-month-contract,"Clifton Park, NY, United States",Clifton Park,NY,United States,Not specified,,,,Aerospace,2026-09-22,2026-09-22,https://app.trinethire.com/companies/1321-the-applied-visions-companies-applied-visions-software-design-solutions/jobs,linked_page,4,success_after_fallback
873a8c5d3c48,2026-09-22,405cf37b5e7d,Arkwin Industries,https://www.arkwin.com/,https://www.arkwin.com/job/senior-design-engineer-3,Senior Design Engineer,https://www.arkwin.com/job/senior-design-engineer-3,"Bethpage, NY",Bethpage,NY,United States,Not specified,,,,Space & Defense,2026-09-22,2026-09-22,https://www.arkwin.com/job/senior-design-engineer-3,linked_page,3,success_after_fallback
973ecca02f98,2026-09-22,405cf37b5e7d,Arkwin Industries,https://www.arkwin.com/,https://www.arkwin.com/job/quality-engineer-2,Quality Engineer,https://www.arkwin.com/job/quality-engineer-2,"Bethpage, NY",Bethpage,NY,United States,Not specified,,,,Space & Defense,2026-09-22,2026-09-22,https://www.arkwin.com/job/quality-engineer-2,linked_page,3,success_after_fallback
27443147dc30,2026-09-22,405cf37b5e7d,Arkwin Industries,https://www.arkwin.com/,https://www.arkwin.com/job/business-development-manager,Business Development Manager,https://www.arkwin.com/job/business-development-manager,"Bethpage, NY",Bethpage,NY,United States,Not specified,,,,Space & Defense,2026-09-22,2026-09-22,https://www.arkwin.com/job/business-development-manager,linked_page,3,success_after_fallback
f398e8e870ff,2026-09-22,405cf37b5e7d,Arkwin Industries,https://www.arkwin.com/,https://www.arkwin.com/job/business-unit-manager-4,Business Unit Manager,https://www.arkwin.com/job/business-unit-manager-4,"Bethpage, NY",Bethpage,NY,United States,Not specified,,,,Space & Defense,2026-09-22,2026-09-22,https://www.arkwin.com/job/business-unit-manager-4,linked_page,3,success_after_fallback
8dda5fe97d2c,2026-09-22,405cf37b5e7d,Arkwin Industries,https://www.arkwin.com/,https://www.arkwin.com/job/customer-account-manager-9,Customer Account Manager,https://www.arkwin.com/job/customer-account-manager-9,"Bethpage, NY",Bethpage,NY,United States,Not specified,,,,Space & Defense,2026-09-22,2026-09-22,https://www.arkwin.com/job/customer-account-manager-9,linked_page,3,success_after_fallback
7bdd4441d288,2026-09-22,f7b8731a7e71,ASR International,https://www.asrintl.com/,https://asrinternationalcorp.applytojob.com/apply/jobs,TPRB Construction Engineer – Dam Safety SME,https://asrinternationalcorp.applytojob.com/apply/jobs/details/vmXXU9eT1F,"Tierra Amarillia, NM",Tierra Amarillia,NM,United States,Not specified,,,,Space & Defense,2026-09-22,2026-09-22,https://asrinternationalcorp.applytojob.com/apply/jobs,known_careers_url,4,success
2d6f420a125c,2026-09-22,f7b8731a7e71,ASR International,https://www.asrintl.com/,https://asrinternationalcorp.applytojob.com/apply/jobs,Information Systems Analyst,https://asrinternationalcorp.applytojob.com/apply/jobs/details/DHQO7hotlQ,"Fort Worth, TX",Fort Worth,TX,United States,Not specified,,,,Space & Defense,2026-09-22,2026-09-22,https://asrinternationalcorp.applytojob.com/apply/jobs,known_careers_url,4,success
234058d2f490,2026-09-22,f7b8731a7e71,ASR International,https://www.asrintl.com/,https://asrinternationalcorp.applytojob.com/apply/jobs,Inventory Specialist,https://asrinternationalcorp.applytojob.com/apply/jobs/details/SE42q9itOE,"Minden, NV",Minden,NV,United States,Not specified,,,,Space & Defense,2026-09-22,2026-09-22,https://asrinternationalcorp.applytojob.com/apply/jobs,known_careers_url,4,success
42dea78c8362,2026-09-22,f7b8731a7e71,ASR International,https://www.asrintl.com/,https://asrinternationalcorp.applytojob.com/apply/jobs,Civil Engineer - Federal Project Puget Sound Area WA,https://asrinternationalcorp.applytojob.com/apply/jobs/details/4EwkxN1ubg,"Silverdale, WA",Silverdale,WA,United States,Not specified,,,,Space & Defense,2026-09-22,2026-09-22,https://asrinternationalcorp.applytojob.com/apply/jobs,known_careers_url,4,success
cf99b49e5351,2026-09-22,f7b8731a7e71,ASR International,https://www.asrintl.com/,https://asrinternationalcorp.applytojob.com/apply/jobs,Electrical Engineer - Federal Project Puget Sound WA,https://asrinternationalcorp.applytojob.com/apply/jobs/details/ZLuDtwfZhZ,"Silverdale, WA",Silverdale,WA,United States,Not specified,,,,Space & Defense,2026-09-22,2026-09-22,https://asrinternationalcorp.applytojob.com/apply/jobs,known_careers_url,4,success
2ae38099ec20,2026-09-22,f7b8731a7e71,ASR International,https://www.asrintl.com/,https://asrinternationalcorp.applytojob.com/apply/jobs,"Fire Protection Engineer - Federal Project, Puget Sound WA",https://asrinternationalcorp.applytojob.com/apply/jobs/details/AbPsOo11Oe,"Silverdale, WA",Silverdale,WA,United States,Not specified,,,,Space & Defense,2026-09-22,2026-09-22,https://asrinternationalcorp.applytojob.com/apply/jobs,known_careers_url,4,success
0d995961de96,2026-09-22,f7b8731a7e71,ASR International,https://www.asrintl.com/,https://asrinternationalcorp.applytojob.com/apply/jobs,"Geotechnical Engineer - Federal Project, Puget Sound Area WA",https://asrinternationalcorp.applytojob.com/apply/jobs/details/iyeZrOpeMV,"Silverdale, WA",Silverdale,WA,United States,Not specified,,,,Space & Defense,2026-09-22,2026-09-22,https://asrinternationalcorp.applytojob.com/apply/jobs,known_careers_url,4,success
e7579b5a575e,2026-09-22,f7b8731a7e71,ASR International,https://www.asrintl.com/,https://asrinternationalcorp.applytojob.com/apply/jobs,Interior Designer,https://asrinternationalcorp.applytojob.com/apply/jobs/details/U8rduUxF8h,"Silverdale, WA",Silverdale,WA,United States,Not specified,,,,Space & Defense,2026-09-22,2026-09-22,https://asrinternationalcorp.applytojob.com/apply/jobs,known_careers_url,4,success
3d39b6753765,2026-09-22,f7b8731a7e71,ASR International,https://www.asrintl.com/,https://asrinternationalcorp.applytojob.com/apply/jobs,Mechanical Engineer,https://asrinternationalcorp.applytojob.com/apply/jobs/details/uzScG4So4o,"Silverdale, WA",Silverdale,WA,United States,Not specified,,,,Space & Defense,2026-09-22,2026-09-22,https://asrinternationalcorp.applytojob.com/apply/jobs,known_careers_url,4,success
16f02b522c48,2026-09-22,f7b8731a7e71,ASR International,https://www.asrintl.com/,https://asrinternationalcorp.applytojob.com/apply/jobs,Program / Data Analyst,https://asrinternationalcorp.applytojob.com/apply/jobs/details/kJ6JG8cPbt,"Silverdale, WA",Silverdale,WA,United States,Not specified,,,,Space & Defense,2026-09-22,2026-09-22,https://asrinternationalcorp.applytojob.com/apply/jobs,known_careers_url,4,success
025d5c4b4032,2026-09-22,f7b8731a7e71,ASR International,https://www.asrintl.com/,https://asrinternationalcorp.applytojob.com/apply/jobs,Structural Engineer,https://asrinternationalcorp.applytojob.com/apply/jobs/details/Sg497yjGBO,"Silverdale, WA",Silverdale,WA,United States,Not specified,,,,Space & Defense,2026-09-22,2026-09-22,https://asrinternationalcorp.applytojob.com/apply/jobs,known_careers_url,4,success
1af5e2dd5580,2026-09-22,f7b8731a7e71,ASR International,https://www.asrintl.com/,https://asrinternationalcorp.applytojob.com/apply/jobs,Warehouse Associate,https://asrinternationalcorp.applytojob.com/apply/jobs/details/Sz0qmFohHe,"Minden, NV",Minden,NV,United States,Not specified,,,,Space & Defense,2026-09-22,2026-09-22,https://asrinternationalcorp.applytojob.com/apply/jobs,known_careers_url,4,success
478cb95642ea,2026-09-22,f7b8731a7e71,ASR International,https://www.asrintl.com/,https://asrinternationalcorp.applytojob.com/apply/jobs,Human Resources Specialist,https://asrinternationalcorp.applytojob.com/apply/jobs/details/pGDEb7m4z4,"Hauppauge, NY",Hauppauge,NY,United States,Not specified,,,,Space & Defense,2026-09-22,2026-09-22,https://asrinternationalcorp.applytojob.com/apply/jobs,known_careers_url,4,success
918dc8cfd88d,2026-09-22,f7b8731a7e71,ASR International,https://www.asrintl.com/,https://asrinternationalcorp.applytojob.com/apply/jobs,Recruiter (Government Contracting),https://asrinternationalcorp.applytojob.com/apply/jobs/details/nnRyvfnb08,"Hauppauge, NY",Hauppauge,NY,United States,Not specified,,,,Space & Defense,2026-09-22,2026-09-22,https://asrinternationalcorp.applytojob.com/apply/jobs,known_careers_url,4,success
c92c38fcccb8,2026-09-22,f7b8731a7e71,ASR International,https://www.asrintl.com/,https://asrinternationalcorp.applytojob.com/apply/jobs,"ADMINSTRATIVE ASSISTANT - ASR Corporate Office, Hauppauge, New York",https://asrinternationalcorp.applytojob.com/apply/jobs/details/oSYUcKaGm7,"Haupppauge, NY",Haupppauge,NY,United States,Not specified,,,,Space & Defense,2026-09-22,2026-09-22,https://asrinternationalcorp.applytojob.com/apply/jobs,known_careers_url,4,success
b3dd33f23140,2026-09-22,f7b8731a7e71,ASR International,https://www.asrintl.com/,https://asrinternationalcorp.applytojob.com/apply/jobs,Warehouse Operations Support,https://asrinternationalcorp.applytojob.com/apply/jobs/details/r9UREC7YrW,"Port Hueneme, CA",Port Hueneme,CA,United States,Not specified,,,,Space & Defense,2026-09-22,2026-09-22,https://asrinternationalcorp.applytojob.com/apply/jobs,known_careers_url,4,success
a6b87e15bfc2,2026-09-22,f7b8731a7e71,ASR International,https://www.asrintl.com/,https://asrinternationalcorp.applytojob.com/apply/jobs,Engineering Technical/Proposal Writer - Entry Level,https://asrinternationalcorp.applytojob.com/apply/jobs/details/XBSGZgZv0y,"Hauppauge, NY",Hauppauge,NY,United States,Not specified,,,,Space & Defense,2026-09-22,2026-09-22,https://asrinternationalcorp.applytojob.com/apply/jobs,known_careers_url,4,success
2ff1f9a5aef7,2026-09-22,f7b8731a7e71,ASR International,https://www.asrintl.com/,https://asrinternationalcorp.applytojob.com/apply/jobs,Jr. IT Specialist,https://asrinternationalcorp.applytojob.com/apply/jobs/details/04COKdK6VU,"Hauppauge, NY",Hauppauge,NY,United States,Not specified,,,,Space & Defense,2026-09-22,2026-09-22,https://asrinternationalcorp.applytojob.com/apply/jobs,known_careers_url,4,success
35405d1364a6,2026-09-22,f7b8731a7e71,ASR International,https://www.asrintl.com/,https://asrinternationalcorp.applytojob.com/apply/jobs,Jr. Contract Analyst/Admin,https://asrinternationalcorp.applytojob.com/apply/jobs/details/xgnxrAysaC,"Hauppauge, NY",Hauppauge,NY,United States,Not specified,,,,Space & Defense,2026-09-22,2026-09-22,https://asrinternationalcorp.applytojob.com/apply/jobs,known_careers_url,4,success
c5a1b86385bc,2026-09-22,f7b8731a7e71,ASR International,https://www.asrintl.com/,https://asrinternationalcorp.applytojob.com/apply/jobs,Construction Management Support/Field Engineer,https://asrinternationalcorp.applytojob.com/apply/jobs/details/GnwewXo9mw,"Bremerton, WA",Bremerton,WA,United States,Not specified,,,,Space & Defense,2026-09-22,2026-09-22,https://asrinternationalcorp.applytojob.com/apply/jobs,known_careers_url,4,success
061c23000c12,2026-09-22,f7b8731a7e71,ASR International,https://www.asrintl.com/,https://asrinternationalcorp.applytojob.com/apply/jobs,Project Field Engineer,https://asrinternationalcorp.applytojob.com/apply/jobs/details/ykZ3eXeJqr,"Bremerton, WA",Bremerton,WA,United States,Not specified,,,,Space & Defense,2026-09-22,2026-09-22,https://asrinternationalcorp.applytojob.com/apply/jobs,known_careers_url,4,success
e0ea4168ace7,2026-09-22,f7b8731a7e71,ASR International,https://www.asrintl.com/,https://asrinternationalcorp.applytojob.com/apply/jobs,Construction Inspector/Engineering Technician,https://asrinternationalcorp.applytojob.com/apply/jobs/details/ZszfKDngfY,"Pensacola, FL",Pensacola,FL,United States,Not specified,,,,Space & Defense,2026-09-22,2026-09-22,https://asrinternationalcorp.applytojob.com/apply/jobs,known_careers_url,4,success
e9ed9835b461,2026-09-22,f7b8731a7e71,ASR International,https://www.asrintl.com/,https://asrinternationalcorp.applytojob.com/apply/jobs,Pricing/Cost Analyst - Labor (ENTRY Level),https://asrinternationalcorp.applytojob.com/apply/jobs/details/zR8MbQsjSp,"Hauppauge, NY",Hauppauge,NY,United States,Not specified,,,,Space & Defense,2026-09-22,2026-09-22,https://asrinternationalcorp.applytojob.com/apply/jobs,known_careers_url,4,success
25d37122de72,2026-09-22,b00ce903c871,Boeing,https://www.boeing.com/resources/boeingdotcom/government-operations/state_cards/Card_NY.pdf,https://jobs.boeing.com/manufacturing-careers,Associate Staff Analyst,https://jobs.boeing.com/job/wichita/associate-staff-analyst/185/99082670992,"Wichita, Kansas, United States",Wichita,KS,United States,Not specified,,,,Aerospace,2026-09-22,2026-09-22,https://jobs.boeing.com/manufacturing-careers,linked_page,4,success_after_fallback
7eb401629491,2026-09-22,b00ce903c871,Boeing,https://www.boeing.com/resources/boeingdotcom/government-operations/state_cards/Card_NY.pdf,https://jobs.boeing.com/manufacturing-careers,Experienced Fabrication Specialist (Preparing and Painting),https://jobs.boeing.com/job/mesa/experienced-fabrication-specialist-preparing-and-painting/185/99127976464,"Mesa, Arizona, United States",Mesa,AZ,United States,Not specified,,,,Aerospace,2026-09-22,2026-09-22,https://jobs.boeing.com/manufacturing-careers,linked_page,4,success_after_fallback
842f2f8690d0,2026-09-22,b00ce903c871,Boeing,https://www.boeing.com/resources/boeingdotcom/government-operations/state_cards/Card_NY.pdf,https://jobs.boeing.com/electronic-and-electrical-engineering-careers,"Senior Manager, Avionics Engineering - Millennium Space Systems",https://jobs.boeing.com/job/el-segundo/senior-manager-avionics-engineering-millennium-space-systems/185/100960332624,"El Segundo, California, United States; and other locations",El Segundo,CA,United States,Not specified,,,,Aerospace,2026-09-22,2026-09-22,https://jobs.boeing.com/electronic-and-electrical-engineering-careers,linked_page,4,success_after_fallback
cc4cdbe2ef70,2026-09-22,b00ce903c871,Boeing,https://www.boeing.com/resources/boeingdotcom/government-operations/state_cards/Card_NY.pdf,https://jobs.boeing.com/electronic-and-electrical-engineering-careers,Experienced LO Propulsion Integration Engineer,https://jobs.boeing.com/job/berkeley/experienced-lo-propulsion-integration-engineer/185/95017854032,"Berkeley, Missouri, United States",Berkeley,MO,United States,Not specified,,,,Aerospace,2026-09-22,2026-09-22,https://jobs.boeing.com/electronic-and-electrical-engineering-careers,linked_page,4,success_after_fallback
09a59c7474f7,2026-09-22,b00ce903c871,Boeing,https://www.boeing.com/resources/boeingdotcom/government-operations/state_cards/Card_NY.pdf,https://jobs.boeing.com/electronic-and-electrical-engineering-careers,Optical Engineer (Experienced or Senior),https://jobs.boeing.com/job/kirtland-kirtland-air-force-base-auxiliary-field/optical-engineer-experienced-or-senior/185/95057262560,"Bohemia, NY, United States",Bohemia,NY,United States,Not specified,,,,Aerospace,2026-09-22,2026-09-22,https://jobs.boeing.com/electronic-and-electrical-engineering-careers,linked_page,4,success_after_fallback
5e912f1d6650,2026-09-22,b00ce903c871,Boeing,https://www.boeing.com/resources/boeingdotcom/government-operations/state_cards/Card_NY.pdf,https://jobs.boeing.com/electronic-and-electrical-engineering-careers,Experienced Low Observables Design & Integration Engineer,https://jobs.boeing.com/job/berkeley/experienced-low-observables-design-and-integration-engineer/185/94497999216,"Berkeley, Missouri, United States",Berkeley,MO,United States,Not specified,,,,Aerospace,2026-09-22,2026-09-22,https://jobs.boeing.com/electronic-and-electrical-engineering-careers,linked_page,4,success_after_fallback
fdbb19cde61f,2026-09-22,b00ce903c871,Boeing,https://www.boeing.com/resources/boeingdotcom/government-operations/state_cards/Card_NY.pdf,https://jobs.boeing.com/industrial-engineering-careers,Senior Industrial Engineer,https://jobs.boeing.com/job/smithfield/senior-industrial-engineer/185/95688117840,"Smithfield, Pennsylvania, United States; and other locations",Smithfield,PA,United States,Not specified,,,,Aerospace,2026-09-22,2026-09-22,https://jobs.boeing.com/industrial-engineering-careers,linked_page,4,success_after_fallback
1f7fe030c66f,2026-09-22,b00ce903c871,Boeing,https://www.boeing.com/resources/boeingdotcom/government-operations/state_cards/Card_NY.pdf,https://jobs.boeing.com/industrial-engineering-careers,Associate Manufacturing Planner,https://jobs.boeing.com/job/wichita/associate-manufacturing-planner/185/99808955312,"Wichita, Kansas, United States",Wichita,KS,United States,Not specified,,,,Aerospace,2026-09-22,2026-09-22,https://jobs.boeing.com/industrial-engineering-careers,linked_page,4,success_after_fallback
5f40cc9981d5,2026-09-22,b00ce903c871,Boeing,https://www.boeing.com/resources/boeingdotcom/government-operations/state_cards/Card_NY.pdf,https://jobs.boeing.com/industrial-engineering-careers,MQ-25 Experienced Industrial Engineer,https://jobs.boeing.com/job/mascoutah/mq-25-experienced-industrial-engineer/185/100639943136,"Mascoutah, Illinois, United States",Mascoutah,IL,United States,Not specified,,,,Aerospace,2026-09-22,2026-09-22,https://jobs.boeing.com/industrial-engineering-careers,linked_page,4,success_after_fallback
c2ca50aa7981,2026-09-22,b00ce903c871,Boeing,https://www.boeing.com/resources/boeingdotcom/government-operations/state_cards/Card_NY.pdf,https://jobs.boeing.com/industrial-engineering-careers,Spirit Defense - Associate Industrial Engineer,https://jobs.boeing.com/job/wichita/spirit-defense-associate-industrial-engineer/185/100635332048,"Wichita, Kansas, United States",Wichita,KS,United States,Not specified,,,,Aerospace,2026-09-22,2026-09-22,https://jobs.boeing.com/industrial-engineering-careers,linked_page,4,success_after_fallback
6d4274ce0d65,2026-09-22,b00ce903c871,Boeing,https://www.boeing.com/resources/boeingdotcom/government-operations/state_cards/Card_NY.pdf,https://jobs.boeing.com/test-engineering-careers,Entry Level Test and Evaluation Technical Services Specialist,https://jobs.boeing.com/job/heath/entry-level-test-and-evaluation-technical-services-specialist/185/100955649328,"Heath, Ohio, United States",Heath,OH,United States,Not specified,,,,Aerospace,2026-09-22,2026-09-22,https://jobs.boeing.com/test-engineering-careers,linked_page,4,success_after_fallback
64ef66b07e32,2026-09-22,b00ce903c871,Boeing,https://www.boeing.com/resources/boeingdotcom/government-operations/state_cards/Card_NY.pdf,https://jobs.boeing.com/test-engineering-careers,Associate System and Network Administrator,https://jobs.boeing.com/job/el-segundo/associate-system-and-network-administrator/185/100955647024,"El Segundo, California, United States; and other locations",El Segundo,CA,United States,Not specified,,,,Aerospace,2026-09-22,2026-09-22,https://jobs.boeing.com/test-engineering-careers,linked_page,4,success_after_fallback
b30e133f2a91,2026-09-22,b00ce903c871,Boeing,https://www.boeing.com/resources/boeingdotcom/government-operations/state_cards/Card_NY.pdf,https://jobs.boeing.com/test-engineering-careers,Electronics Test and Evaluation Lab Technician (Senior or Lead),https://jobs.boeing.com/job/kirtland-kirtland-air-force-base-auxiliary-field/electronics-test-and-evaluation-lab-technician-senior-or-lead/185/94227231088,"Bohemia, NY, United States",Bohemia,NY,United States,Not specified,,,,Aerospace,2026-09-22,2026-09-22,https://jobs.boeing.com/test-engineering-careers,linked_page,4,success_after_fallback
2eaf7c184b55,2026-09-22,b00ce903c871,Boeing,https://www.boeing.com/resources/boeingdotcom/government-operations/state_cards/Card_NY.pdf,https://jobs.boeing.com/test-engineering-careers,Lead Test Program Integrator (Phantom Works),https://jobs.boeing.com/job/berkeley/lead-test-program-integrator-phantom-works/185/94557460000,"Berkeley, Missouri, United States",Berkeley,MO,United States,Not specified,,,,Aerospace,2026-09-22,2026-09-22,https://jobs.boeing.com/test-engineering-careers,linked_page,4,success_after_fallback
ef2886da7bc6,2026-09-22,b00ce903c871,Boeing,https://www.boeing.com/resources/boeingdotcom/government-operations/state_cards/Card_NY.pdf,https://jobs.boeing.com/software-engineering-careers,Lead Software Systems Engineer,https://jobs.boeing.com/job/colorado-springs/lead-software-systems-engineer/185/100123342880,"Colorado Springs, Colorado, United States",Colorado Springs,CO,United States,Not specified,,,,Aerospace,2026-09-22,2026-09-22,https://jobs.boeing.com/software-engineering-careers,linked_page,4,success_after_fallback
6a44f64b2bfb,2026-09-22,b00ce903c871,Boeing,https://www.boeing.com/resources/boeingdotcom/government-operations/state_cards/Card_NY.pdf,https://jobs.boeing.com/software-engineering-careers,Lead Site Reliability Engineer,https://jobs.boeing.com/job/berkeley/lead-site-reliability-engineer/185/100194419264,"Berkeley, Missouri, United States",Berkeley,MO,United States,Not specified,,,,Aerospace,2026-09-22,2026-09-22,https://jobs.boeing.com/software-engineering-careers,linked_page,4,success_after_fallback
bf48583092d2,2026-09-22,b00ce903c871,Boeing,https://www.boeing.com/resources/boeingdotcom/government-operations/state_cards/Card_NY.pdf,https://jobs.boeing.com/software-engineering-careers,Software Engineer (Associate or Experienced),https://jobs.boeing.com/job/colorado-springs/software-engineer-associate-or-experienced/185/100089877632,"Colorado Springs, Colorado, United States",Colorado Springs,CO,United States,Not specified,,,,Aerospace,2026-09-22,2026-09-22,https://jobs.boeing.com/software-engineering-careers,linked_page,4,success_after_fallback
d2dd34ae4cbf,2026-09-22,b00ce903c871,Boeing,https://www.boeing.com/resources/boeingdotcom/government-operations/state_cards/Card_NY.pdf,https://jobs.boeing.com/software-engineering-careers,Software Systems Engineer (Associate or Experienced),https://jobs.boeing.com/job/seal-beach/software-systems-engineer-associate-or-experienced/185/100089877600,"Seal Beach, California, United States",Seal Beach,CA,United States,Not specified,,,,Aerospace,2026-09-22,2026-09-22,https://jobs.boeing.com/software-engineering-careers,linked_page,4,success_after_fallback
4f0a8132f523,2026-09-22,b00ce903c871,Boeing,https://www.boeing.com/resources/boeingdotcom/government-operations/state_cards/Card_NY.pdf,https://jobs.boeing.com/supply-chain-management-careers,Vertical Lift Senior Integration & Future Programmes Manager,https://jobs.boeing.com/job/bristol/vertical-lift-senior-integration-and-future-programmes-manager/185/100987837392,"Bristol, United Kingdom; and other locations",Bristol,,United Kingdom,Not specified,,,,Aerospace,2026-09-22,2026-09-22,https://jobs.boeing.com/supply-chain-management-careers,linked_page,4,success_after_fallback
ccf7c71ffd28,2026-09-22,b00ce903c871,Boeing,https://www.boeing.com/resources/boeingdotcom/government-operations/state_cards/Card_NY.pdf,https://jobs.boeing.com/supply-chain-management-careers,Senior Program Manager,https://jobs.boeing.com/job/riyadh/senior-program-manager/185/100981184112,"Bohemia, NY, United States",Bohemia,NY,United States,Not specified,,,,Aerospace,2026-09-22,2026-09-22,https://jobs.boeing.com/supply-chain-management-careers,linked_page,4,success_after_fallback
7b116e25dd1a,2026-09-22,b00ce903c871,Boeing,https://www.boeing.com/resources/boeingdotcom/government-operations/state_cards/Card_NY.pdf,https://jobs.boeing.com/supply-chain-management-careers,Manager - Back Shop C-17,https://jobs.boeing.com/job/uttar-pradesh/manager-back-shop-c-17/185/100974033248,"Bohemia, NY, United States",Bohemia,NY,United States,Not specified,,,,Aerospace,2026-09-22,2026-09-22,https://jobs.boeing.com/supply-chain-management-careers,linked_page,4,success_after_fallback
986885689200,2026-09-22,b00ce903c871,Boeing,https://www.boeing.com/resources/boeingdotcom/government-operations/state_cards/Card_NY.pdf,https://jobs.boeing.com/supply-chain-management-careers,Supply Chain Specialist,https://jobs.boeing.com/job/oakey/supply-chain-specialist/185/100973197968,"Oakey, Australia",Oakey,,Australia,Not specified,,,,Aerospace,2026-09-22,2026-09-22,https://jobs.boeing.com/supply-chain-management-careers,linked_page,4,success_after_fallback
adb165f83343,2026-09-22,2cdfe8725858,Bren-Tronics,https://www.bren-tronics.com/,https://jobs.enersys.com/search?q=&q2=&alertId=&locationsearch=&title=&date=&location=commack,Test Technician,https://jobs.enersys.com/job/Commack-Test-Technician-NY-11725/1440149333,"Commack, NY, United States",Commack,NY,United States,Not specified,,,,Aerospace,2026-09-22,2026-09-22,https://jobs.enersys.com/search?q=&q2=&alertId=&locationsearch=&title=&date=&location=commack,known_careers_url,4,success
d811f5c45aa3,2026-09-22,2cdfe8725858,Bren-Tronics,https://www.bren-tronics.com/,https://jobs.enersys.com/search?q=&q2=&alertId=&locationsearch=&title=&date=&location=commack,Test Technician,https://jobs.enersys.com/job/Commack-Test-Technician-NY-11725/1440150433,"Commack, NY, United States",Commack,NY,United States,Not specified,,,,Aerospace,2026-09-22,2026-09-22,https://jobs.enersys.com/search?q=&q2=&alertId=&locationsearch=&title=&date=&location=commack,known_careers_url,4,success
ba27c0a8c42e,2026-09-22,2cdfe8725858,Bren-Tronics,https://www.bren-tronics.com/,https://jobs.enersys.com/search?q=&q2=&alertId=&locationsearch=&title=&date=&location=commack,Test Technician,https://jobs.enersys.com/job/Commack-Test-Technician-NY-11725/1440149733,"Commack, NY, United States",Commack,NY,United States,Not specified,,,,Aerospace,2026-09-22,2026-09-22,https://jobs.enersys.com/search?q=&q2=&alertId=&locationsearch=&title=&date=&location=commack,known_careers_url,4,success
befe9653a0f7,2026-09-22,2cdfe8725858,Bren-Tronics,https://www.bren-tronics.com/,https://jobs.enersys.com/search?q=&q2=&alertId=&locationsearch=&title=&date=&location=commack,Production Manager,https://jobs.enersys.com/job/Commack-Production-Manager-NY-11725/1368745033,"Commack, NY, United States",Commack,NY,United States,Not specified,,,,Aerospace,2026-09-22,2026-09-22,https://jobs.enersys.com/search?q=&q2=&alertId=&locationsearch=&title=&date=&location=commack,known_careers_url,4,success
869b65d5f22a,2026-09-22,2cdfe8725858,Bren-Tronics,https://www.bren-tronics.com/,https://jobs.enersys.com/search?q=&q2=&alertId=&locationsearch=&title=&date=&location=commack,Senior Mechanical Engineer,https://jobs.enersys.com/job/Commack-Senior-Mechanical-Engineer-NY-11725/1279712201,"Commack, NY, United States",Commack,NY,United States,Not specified,,,,Aerospace,2026-09-22,2026-09-22,https://jobs.enersys.com/search?q=&q2=&alertId=&locationsearch=&title=&date=&location=commack,known_careers_url,4,success
5480da740e51,2026-09-22,2cdfe8725858,Bren-Tronics,https://www.bren-tronics.com/,https://jobs.enersys.com/search?q=&q2=&alertId=&locationsearch=&title=&date=&location=commack,Senior Electrical Engineer,https://jobs.enersys.com/job/Commack-Senior-Electrical-Engineer-NY-11725/1279809301,"Commack, NY, United States",Commack,NY,United States,Not specified,,,,Aerospace,2026-09-22,2026-09-22,https://jobs.enersys.com/search?q=&q2=&alertId=&locationsearch=&title=&date=&location=commack,known_careers_url,4,success
968f00799f05,2026-09-22,2cdfe8725858,Bren-Tronics,https://www.bren-tronics.com/,https://jobs.enersys.com/search?q=&q2=&alertId=&locationsearch=&title=&date=&location=commack,Planning Specialist,https://jobs.enersys.com/job/Commack-Planning-Specialist-NY-11725/1396086333,"Commack, NY, United States",Commack,NY,United States,Not specified,,,,Aerospace,2026-09-22,2026-09-22,https://jobs.enersys.com/search?q=&q2=&alertId=&locationsearch=&title=&date=&location=commack,known_careers_url,4,success
08cd4b9badfa,2026-09-22,2cdfe8725858,Bren-Tronics,https://www.bren-tronics.com/,https://jobs.enersys.com/search?q=&q2=&alertId=&locationsearch=&title=&date=&location=commack,Test Technician III,https://jobs.enersys.com/job/Commack-Test-Technician-III-NY-11725/1394556633,"Commack, NY, United States",Commack,NY,United States,Not specified,,,,Aerospace,2026-09-22,2026-09-22,https://jobs.enersys.com/search?q=&q2=&alertId=&locationsearch=&title=&date=&location=commack,known_careers_url,4,success
1e3224182459,2026-09-22,2cdfe8725858,Bren-Tronics,https://www.bren-tronics.com/,https://jobs.enersys.com/search?q=&q2=&alertId=&locationsearch=&title=&date=&location=commack,Helpdesk Technician,https://jobs.enersys.com/job/Commack-Helpdesk-Technician-NY-11725/1414827333,"Commack, NY, United States",Commack,NY,United States,Not specified,,,,Aerospace,2026-09-22,2026-09-22,https://jobs.enersys.com/search?q=&q2=&alertId=&locationsearch=&title=&date=&location=commack,known_careers_url,4,success
e55e06af8ac9,2026-09-22,2cdfe8725858,Bren-Tronics,https://www.bren-tronics.com/,https://jobs.enersys.com/search?q=&q2=&alertId=&locationsearch=&title=&date=&location=commack,Mechanical Engineer,https://jobs.enersys.com/job/Commack-Mechanical-Engineer-NY-11725/1393814433,"Commack, NY, United States",Commack,NY,United States,Not specified,,,,Aerospace,2026-09-22,2026-09-22,https://jobs.enersys.com/search?q=&q2=&alertId=&locationsearch=&title=&date=&location=commack,known_careers_url,4,success
3121343f583c,2026-09-22,2cdfe8725858,Bren-Tronics,https://www.bren-tronics.com/,https://jobs.enersys.com/search?q=&q2=&alertId=&locationsearch=&title=&date=&location=commack,Lead Electrical Engineer I,https://jobs.enersys.com/job/Commack-Lead-Electrical-Engineer-I-NY-11725/1422342233,"Commack, NY, United States",Commack,NY,United States,Not specified,,,,Aerospace,2026-09-22,2026-09-22,https://jobs.enersys.com/search?q=&q2=&alertId=&locationsearch=&title=&date=&location=commack,known_careers_url,4,success
4f672e01b0b7,2026-09-22,2cdfe8725858,Bren-Tronics,https://www.bren-tronics.com/,https://jobs.enersys.com/search?q=&q2=&alertId=&locationsearch=&title=&date=&location=commack,Engineering Clerical Assistant,https://jobs.enersys.com/job/Commack-Engineering-Clerical-Assistant-NY-11725/1432669233,"Commack, NY, United States",Commack,NY,United States,Not specified,,,,Aerospace,2026-09-22,2026-09-22,https://jobs.enersys.com/search?q=&q2=&alertId=&locationsearch=&title=&date=&location=commack,known_careers_url,4,success
7fd68aab3611,2026-09-22,2cdfe8725858,Bren-Tronics,https://www.bren-tronics.com/,https://jobs.enersys.com/search?q=&q2=&alertId=&locationsearch=&title=&date=&location=commack,Senior Manufacturing Engineer,https://jobs.enersys.com/job/Commack-Senior-Manufacturing-Engineer-NY-11725/1410435333,"Commack, NY, United States",Commack,NY,United States,Not specified,,,,Aerospace,2026-09-22,2026-09-22,https://jobs.enersys.com/search?q=&q2=&alertId=&locationsearch=&title=&date=&location=commack,known_careers_url,4,success
6bbc9453e327,2026-09-22,2cdfe8725858,Bren-Tronics,https://www.bren-tronics.com/,https://jobs.enersys.com/search?q=&q2=&alertId=&locationsearch=&title=&date=&location=commack,Manufacturing Engineer,https://jobs.enersys.com/job/Commack-Manufacturing-Engineer-NY-11725/1380552333,"Commack, NY, United States",Commack,NY,United States,Not specified,,,,Aerospace,2026-09-22,2026-09-22,https://jobs.enersys.com/search?q=&q2=&alertId=&locationsearch=&title=&date=&location=commack,known_careers_url,4,success
9a0ed685d213,2026-09-22,2cdfe8725858,Bren-Tronics,https://www.bren-tronics.com/,https://jobs.enersys.com/search?createNewAlert=false&q=&locationsearch=&optionsFacetsDD_department=,Manufacturing Technician III,https://jobs.enersys.com/job/Largo-Manufacturing-Technician-III-FL-33777/1429312033,"Commack, NY, United States",Commack,NY,United States,Not specified,,,,Aerospace,2026-09-22,2026-09-22,https://jobs.enersys.com/search?createNewAlert=false&q=&locationsearch=&optionsFacetsDD_department=,linked_page,4,success_after_fallback
e83dd8a7692b,2026-09-22,2cdfe8725858,Bren-Tronics,https://www.bren-tronics.com/,https://jobs.enersys.com/search?createNewAlert=false&q=&locationsearch=&optionsFacetsDD_department=,Senior Quality Engineer,https://jobs.enersys.com/job/Largo-Senior-Quality-Engineer-FL-33777/1429313433,"Commack, NY, United States",Commack,NY,United States,Not specified,,,,Aerospace,2026-09-22,2026-09-22,https://jobs.enersys.com/search?createNewAlert=false&q=&locationsearch=&optionsFacetsDD_department=,linked_page,4,success_after_fallback
d0bea58c3409,2026-09-22,2cdfe8725858,Bren-Tronics,https://www.bren-tronics.com/,https://jobs.enersys.com/search?createNewAlert=false&q=&locationsearch=&optionsFacetsDD_department=,Manufacturing Technician Lead,https://jobs.enersys.com/job/Largo-Manufacturing-Technician-Lead-FL-33777/1429312433,"Commack, NY, United States",Commack,NY,United States,Not specified,,,,Aerospace,2026-09-22,2026-09-22,https://jobs.enersys.com/search?createNewAlert=false&q=&locationsearch=&optionsFacetsDD_department=,linked_page,4,success_after_fallback
59ea5b31b17b,2026-09-22,2cdfe8725858,Bren-Tronics,https://www.bren-tronics.com/,https://jobs.enersys.com/search?createNewAlert=false&q=&locationsearch=&optionsFacetsDD_department=,Electro-Mechanical Assembler,https://jobs.enersys.com/job/Suwanee-Electro-Mechanical-Assembler-GA-30024/1429369033,"Commack, NY, United States",Commack,NY,United States,Not specified,,,,Aerospace,2026-09-22,2026-09-22,https://jobs.enersys.com/search?createNewAlert=false&q=&locationsearch=&optionsFacetsDD_department=,linked_page,4,success_after_fallback
0c9f998a4225,2026-09-22,2cdfe8725858,Bren-Tronics,https://www.bren-tronics.com/,https://jobs.enersys.com/search?createNewAlert=false&q=&locationsearch=&optionsFacetsDD_department=,Senior Product Engineer,https://jobs.enersys.com/job/Largo-Senior-Product-Engineer-FL-33777/1429312633,"Commack, NY, United States",Commack,NY,United States,Not specified,,,,Aerospace,2026-09-22,2026-09-22,https://jobs.enersys.com/search?createNewAlert=false&q=&locationsearch=&optionsFacetsDD_department=,linked_page,4,success_after_fallback
50dfdd2b37f1,2026-09-22,2cdfe8725858,Bren-Tronics,https://www.bren-tronics.com/,https://jobs.enersys.com/search?createNewAlert=false&q=&locationsearch=&optionsFacetsDD_department=,Process Engineering Manager,https://jobs.enersys.com/job/Pinellas-Park-Process-Engineering-Manager-FL-33781/1429306233,"Commack, NY, United States",Commack,NY,United States,Not specified,,,,Aerospace,2026-09-22,2026-09-22,https://jobs.enersys.com/search?createNewAlert=false&q=&locationsearch=&optionsFacetsDD_department=,linked_page,4,success_after_fallback
029fa124e5b7,2026-09-22,2cdfe8725858,Bren-Tronics,https://www.bren-tronics.com/,https://jobs.enersys.com/search?createNewAlert=false&q=&locationsearch=&optionsFacetsDD_department=,"MOVAC Finishing Production Operator, 3rd Shift, 9:45p-6:15a, S-TH",https://jobs.enersys.com/job/Springfield-MOVAC-Finishing-Production-Operator%2C-3rd-Shift%2C-945p-615a%2C-S-TH-MO-65803/1386649133,"Commack, NY, United States",Commack,NY,United States,Not specified,,,,Aerospace,2026-09-22,2026-09-22,https://jobs.enersys.com/search?createNewAlert=false&q=&locationsearch=&optionsFacetsDD_department=,linked_page,4,success_after_fallback
abaa26bfaef7,2026-09-22,2cdfe8725858,Bren-Tronics,https://www.bren-tronics.com/,https://jobs.enersys.com/search?createNewAlert=false&q=&locationsearch=&optionsFacetsDD_department=,Procurement Manager,https://jobs.enersys.com/job/Pinellas-Park-Procurement-Manager-FL-33781/1439683033,"Commack, NY, United States",Commack,NY,United States,Not specified,,,,Aerospace,2026-09-22,2026-09-22,https://jobs.enersys.com/search?createNewAlert=false&q=&locationsearch=&optionsFacetsDD_department=,linked_page,4,success_after_fallback
c52f27025277,2026-09-22,2cdfe8725858,Bren-Tronics,https://www.bren-tronics.com/,https://jobs.enersys.com/search?createNewAlert=false&q=&locationsearch=&optionsFacetsDD_department=,Property Manager,https://jobs.enersys.com/job/Pinellas-Park-Property-Manager-FL-33781/1439670733,"Commack, NY, United States",Commack,NY,United States,Not specified,,,,Aerospace,2026-09-22,2026-09-22,https://jobs.enersys.com/search?createNewAlert=false&q=&locationsearch=&optionsFacetsDD_department=,linked_page,4,success_after_fallback
87e808f14f14,2026-09-22,2cdfe8725858,Bren-Tronics,https://www.bren-tronics.com/,https://jobs.enersys.com/search?createNewAlert=false&q=&locationsearch=&optionsFacetsDD_department=,"MOVAC-Receiving Coordinator, 2nd Shift, M-F, 1:45pm-10:15pm",https://jobs.enersys.com/job/Springfield-MOVAC-Receiving-Coordinator%2C-2nd-Shift%2C-M-F%2C-145pm-1015pm-MO-65803/1408551133,"Commack, NY, United States",Commack,NY,United States,Not specified,,,,Aerospace,2026-09-22,2026-09-22,https://jobs.enersys.com/search?createNewAlert=false&q=&locationsearch=&optionsFacetsDD_department=,linked_page,4,success_after_fallback
f3716158e78b,2026-09-22,2cdfe8725858,Bren-Tronics,https://www.bren-tronics.com/,https://jobs.enersys.com/search?createNewAlert=false&q=&locationsearch=&optionsFacetsDD_department=,Production Operator,https://jobs.enersys.com/job/Horsham-Production-Operator-PA-19044/1388562133,"Commack, NY, United States",Commack,NY,United States,Not specified,,,,Aerospace,2026-09-22,2026-09-22,https://jobs.enersys.com/search?createNewAlert=false&q=&locationsearch=&optionsFacetsDD_department=,linked_page,4,success_after_fallback
f74353cfc3e1,2026-09-22,2cdfe8725858,Bren-Tronics,https://www.bren-tronics.com/,https://jobs.enersys.com/search?createNewAlert=false&q=&locationsearch=&optionsFacetsDD_department=,Engineering Technician,https://jobs.enersys.com/job/Horsham-Engineering-Technician-PA-19044/1418828733,"Commack, NY, United States",Commack,NY,United States,Not specified,,,,Aerospace,2026-09-22,2026-09-22,https://jobs.enersys.com/search?createNewAlert=false&q=&locationsearch=&optionsFacetsDD_department=,linked_page,4,success_after_fallback
1370344974d1,2026-09-22,2cdfe8725858,Bren-Tronics,https://www.bren-tronics.com/,https://jobs.enersys.com/search?createNewAlert=false&q=&locationsearch=&optionsFacetsDD_department=,Production Operator,https://jobs.enersys.com/job/Warrensburg-Production-Operator-MO-64093-9301/1281499301,"Commack, NY, United States",Commack,NY,United States,Not specified,,,,Aerospace,2026-09-22,2026-09-22,https://jobs.enersys.com/search?createNewAlert=false&q=&locationsearch=&optionsFacetsDD_department=,linked_page,4,success_after_fallback
efb87dee79d8,2026-09-22,2cdfe8725858,Bren-Tronics,https://www.bren-tronics.com/,https://jobs.enersys.com/search?createNewAlert=false&q=&locationsearch=&optionsFacetsDD_department=,"MOVAC-Production Operator I, Finishing, 2nd Shift, M-F",https://jobs.enersys.com/job/Springfield-MOVAC-Production-Operator-I%2C-Finishing%2C-2nd-Shift%2C-M-F-MO-65803/1397353233,"Commack, NY, United States",Commack,NY,United States,Not specified,,,,Aerospace,2026-09-22,2026-09-22,https://jobs.enersys.com/search?createNewAlert=false&q=&locationsearch=&optionsFacetsDD_department=,linked_page,4,success_after_fallback
a1f05427c074,2026-09-22,2cdfe8725858,Bren-Tronics,https://www.bren-tronics.com/,https://jobs.enersys.com/search?createNewAlert=false&q=&locationsearch=&optionsFacetsDD_department=,Director National Accounts,https://jobs.enersys.com/job/Anytown-Director-National-Accounts-KS-64030/1408057333,"Commack, NY, United States",Commack,NY,United States,Not specified,,,,Aerospace,2026-09-22,2026-09-22,https://jobs.enersys.com/search?createNewAlert=false&q=&locationsearch=&optionsFacetsDD_department=,linked_page,4,success_after_fallback
b7ab9f9e7dc8,2026-09-22,3602e1c8dcbc,C3AI,https://c3.ai/,https://job-boards.greenhouse.io/c3ascend,"Data Science - Intern (Summer 2027) Redwood City, CA",https://job-boards.greenhouse.io/c3ascend/jobs/8738917002,"Redwood City, CA",Redwood City,CA,United States,Not specified,,,,Space & Defense,2026-09-22,2026-09-22,https://job-boards.greenhouse.io/c3ascend,known_careers_url,5,success
baf50405c337,2026-09-22,3602e1c8dcbc,C3AI,https://c3.ai/,https://job-boards.greenhouse.io/c3ascend,"Software Engineer - Intern (Summer 2027) Redwood City, CA",https://job-boards.greenhouse.io/c3ascend/jobs/8739036002,"Redwood City, CA",Redwood City,CA,United States,Not specified,,,,Space & Defense,2026-09-22,2026-09-22,https://job-boards.greenhouse.io/c3ascend,known_careers_url,5,success
794191ec09c4,2026-09-22,d3ecafe64223,Calspan Air Services,https://www.calspanairservices.com/,https://careers2-calspan.icims.com/jobs/search?hashed=-435589691,Title Line Technician,https://careers2-calspan.icims.com/jobs/2650/line-technician/job,"Niagara Falls, NY, United States",Niagara Falls,NY,United States,Not specified,,,,Aerospace,2026-09-22,2026-09-22,https://careers2-calspan.icims.com/jobs/search?hashed=-435589691,known_careers_url,5,success
b8831c47bfcb,2026-09-22,d3ecafe64223,Calspan Air Services,https://www.calspanairservices.com/,https://careers2-calspan.icims.com/jobs/2650/line-technician/job,Line Technician,https://careers2-calspan.icims.com/jobs/2650/line-technician/referral,"Niagara Falls, NY, United States",Niagara Falls,NY,United States,Not specified,,,,Aerospace,2026-09-22,2026-09-22,https://careers2-calspan.icims.com/jobs/2650/line-technician/job,ats_detected,5,success_after_fallback
d67dbcf18a90,2026-09-22,234e92c8de3f,Calspan Business Park,https://calspan.com/,https://careers-calspan.icims.com/jobs/search,"Job Title Senior Engineer, Engine Test Structures",https://careers-calspan.icims.com/jobs/2648/senior-engineer%2c-engine-test-structures/job,"Buffalo, NY, United States",Buffalo,NY,United States,Not specified,,,,Aerospace,2026-09-22,2026-09-22,https://careers-calspan.icims.com/jobs/search,known_careers_url,5,success
6a86e7e083b8,2026-09-22,234e92c8de3f,Calspan Business Park,https://calspan.com/,https://careers-calspan.icims.com/jobs/search,Job Title AV - Photograph Technician,https://careers-calspan.icims.com/jobs/2649/av---photograph-technician/job,"Buffalo, NY, United States",Buffalo,NY,United States,Not specified,,,,Aerospace,2026-09-22,2026-09-22,https://careers-calspan.icims.com/jobs/search,known_careers_url,5,success
748b1d93c203,2026-09-22,234e92c8de3f,Calspan Business Park,https://calspan.com/,https://careers-calspan.icims.com/jobs/search,Job Title Instrumentation Technician,https://careers-calspan.icims.com/jobs/2634/instrumentation-technician/job,"Buffalo, NY, United States",Buffalo,NY,United States,Not specified,,,,Aerospace,2026-09-22,2026-09-22,https://careers-calspan.icims.com/jobs/search,known_careers_url,5,success
8cdf91017e92,2026-09-22,234e92c8de3f,Calspan Business Park,https://calspan.com/,https://careers-calspan.icims.com/jobs/search,Job Title Principal Systems Software Engineer - Jet Engine Test Cells,https://careers-calspan.icims.com/jobs/2500/principal-systems-software-engineer---jet-engine-test-cells/job,"Buffalo, NY, United States",Buffalo,NY,United States,Not specified,,,,Aerospace,2026-09-22,2026-09-22,https://careers-calspan.icims.com/jobs/search,known_careers_url,5,success
3dcf9dea581e,2026-09-22,234e92c8de3f,Calspan Business Park,https://calspan.com/,https://careers-calspan.icims.com/jobs/search,Job Title Measurement Technician,https://careers-calspan.icims.com/jobs/2645/measurement-technician/job,"Buffalo, NY, United States",Buffalo,NY,United States,Not specified,,,,Aerospace,2026-09-22,2026-09-22,https://careers-calspan.icims.com/jobs/search,known_careers_url,5,success
b55142fd4f16,2026-09-22,234e92c8de3f,Calspan Business Park,https://calspan.com/,https://careers-calspan.icims.com/jobs/search,"Job Title Program Manager, Automotive Testing",https://careers-calspan.icims.com/jobs/2642/program-manager%2c-automotive-testing/job,"Buffalo, NY, United States",Buffalo,NY,United States,Not specified,,,,Aerospace,2026-09-22,2026-09-22,https://careers-calspan.icims.com/jobs/search,known_careers_url,5,success
5ed410882db2,2026-09-22,234e92c8de3f,Calspan Business Park,https://calspan.com/,https://careers-calspan.icims.com/jobs/search,Job Title Mechanical Engineer,https://careers-calspan.icims.com/jobs/2639/mechanical-engineer/job,"Buffalo, NY, United States",Buffalo,NY,United States,Not specified,,,,Aerospace,2026-09-22,2026-09-22,https://careers-calspan.icims.com/jobs/search,known_careers_url,5,success
783458b4282d,2026-09-22,234e92c8de3f,Calspan Business Park,https://calspan.com/,https://careers-calspan.icims.com/jobs/search,Job Title Automotive Service Manager,https://careers-calspan.icims.com/jobs/2640/automotive-service-manager/job,"Buffalo, NY, United States",Buffalo,NY,United States,On-site,,,,Aerospace,2026-09-22,2026-09-22,https://careers-calspan.icims.com/jobs/search,known_careers_url,5,success
d304ffdc4400,2026-09-22,234e92c8de3f,Calspan Business Park,https://calspan.com/,https://careers-calspan.icims.com/jobs/search,Job Title Field Service Technician,https://careers-calspan.icims.com/jobs/2641/field-service-technician/job,"Buffalo, NY, United States",Buffalo,NY,United States,Not specified,,,,Aerospace,2026-09-22,2026-09-22,https://careers-calspan.icims.com/jobs/search,known_careers_url,5,success
ad6536f31d73,2026-09-22,234e92c8de3f,Calspan Business Park,https://calspan.com/,https://careers-calspan.icims.com/jobs/search,"Job Title Director, Finance Systems & Business Processes",https://careers-calspan.icims.com/jobs/2632/director%2c-finance-systems-%26-business-processes/job,"Buffalo, NY, United States",Buffalo,NY,United States,Not specified,,,,Aerospace,2026-09-22,2026-09-22,https://careers-calspan.icims.com/jobs/search,known_careers_url,5,success
051b998a1f20,2026-09-22,234e92c8de3f,Calspan Business Park,https://calspan.com/,https://careers-calspan.icims.com/jobs/search,Job Title Facilities Technician,https://careers-calspan.icims.com/jobs/2637/facilities-technician/job,"Buffalo, NY, United States",Buffalo,NY,United States,Not specified,,,,Aerospace,2026-09-22,2026-09-22,https://careers-calspan.icims.com/jobs/search,known_careers_url,5,success
133abdb9a697,2026-09-22,234e92c8de3f,Calspan Business Park,https://calspan.com/,https://careers-calspan.icims.com/jobs/search,Job Title Senior Project Manager,https://careers-calspan.icims.com/jobs/2635/senior-project-manager/job,"Buffalo, NY, United States",Buffalo,NY,United States,On-site,,,,Aerospace,2026-09-22,2026-09-22,https://careers-calspan.icims.com/jobs/search,known_careers_url,5,success
9661bf1f5929,2026-09-22,234e92c8de3f,Calspan Business Park,https://calspan.com/,https://careers-calspan.icims.com/jobs/search,Job Title Test Technician - TIRE,https://careers-calspan.icims.com/jobs/2604/test-technician---tire/job,"Buffalo, NY, United States",Buffalo,NY,United States,Not specified,,,,Aerospace,2026-09-22,2026-09-22,https://careers-calspan.icims.com/jobs/search,known_careers_url,5,success
0b0a1ff549c7,2026-09-22,234e92c8de3f,Calspan Business Park,https://calspan.com/,https://careers-calspan.icims.com/jobs/search,"Job Title Supervisor, Testing Operations",https://careers-calspan.icims.com/jobs/2606/supervisor%2c-testing-operations/job,"Buffalo, NY, United States",Buffalo,NY,United States,Not specified,,,,Aerospace,2026-09-22,2026-09-22,https://careers-calspan.icims.com/jobs/search,known_careers_url,5,success
00eef30a6ede,2026-09-22,234e92c8de3f,Calspan Business Park,https://calspan.com/,https://careers-calspan.icims.com/jobs/search,Job Title Technician,https://careers-calspan.icims.com/jobs/2631/technician/job,"Buffalo, NY, United States",Buffalo,NY,United States,Not specified,,,,Aerospace,2026-09-22,2026-09-22,https://careers-calspan.icims.com/jobs/search,known_careers_url,5,success
08b20a05908d,2026-09-22,234e92c8de3f,Calspan Business Park,https://calspan.com/,https://careers-calspan.icims.com/jobs/search,Job Title Engineering Technician,https://careers-calspan.icims.com/jobs/2630/engineering-technician/job,"Buffalo, NY, United States",Buffalo,NY,United States,Not specified,,,,Aerospace,2026-09-22,2026-09-22,https://careers-calspan.icims.com/jobs/search,known_careers_url,5,success
cac6c8059e0d,2026-09-22,234e92c8de3f,Calspan Business Park,https://calspan.com/,https://careers-calspan.icims.com/jobs/2648/senior-engineer%2C-engine-test-structures/job,Senior Engineer%2C Engine Test Structures,https://careers-calspan.icims.com/jobs/2648/senior-engineer%2C-engine-test-structures/job,"Buffalo, NY, United States",Buffalo,NY,United States,Not specified,,,,Aerospace,2026-09-22,2026-09-22,https://careers-calspan.icims.com/jobs/2648/senior-engineer%2C-engine-test-structures/job,ats_detected,5,success_after_fallback
bc20d8626255,2026-09-22,234e92c8de3f,Calspan Business Park,https://calspan.com/,https://careers-calspan.icims.com/jobs/2648/senior-engineer%2C-engine-test-structures/job,Senior Engineer%2C Engine Test Structures,https://careers-calspan.icims.com/jobs/2648/senior-engineer%2c-engine-test-structures/referral,"Buffalo, NY, United States",Buffalo,NY,United States,Not specified,,,,Aerospace,2026-09-22,2026-09-22,https://careers-calspan.icims.com/jobs/2648/senior-engineer%2C-engine-test-structures/job,ats_detected,5,success_after_fallback
4c06b49d2d63,2026-09-22,234e92c8de3f,Calspan Business Park,https://calspan.com/,https://careers-calspan.icims.com/jobs/2649/av---photograph-technician/job,Av Photograph Technician,https://careers-calspan.icims.com/jobs/2649/av---photograph-technician/referral,"Buffalo, NY, United States",Buffalo,NY,United States,Not specified,,,,Aerospace,2026-09-22,2026-09-22,https://careers-calspan.icims.com/jobs/2649/av---photograph-technician/job,ats_detected,5,success_after_fallback
6f75253c7836,2026-09-22,234e92c8de3f,Calspan Business Park,https://calspan.com/,https://careers-calspan.icims.com/jobs/2583/aircraft-mechanic/job,Aircraft Mechanic,https://careers-calspan.icims.com/jobs/2583/aircraft-mechanic/job,"Niagara Falls, NY, US",Niagara Falls,NY,United States,Not specified,,,Engineering,Aerospace,2026-09-22,2026-09-22,https://careers-calspan.icims.com/jobs/2583/aircraft-mechanic/job,ats_detected,4,success_after_fallback
5a9d7f3c6274,2026-09-22,234e92c8de3f,Calspan Business Park,https://calspan.com/,https://careers-calspan.icims.com/jobs/2634/instrumentation-technician/job,Instrumentation Technician,https://careers-calspan.icims.com/jobs/2634/instrumentation-technician/referral,"Buffalo, NY, United States",Buffalo,NY,United States,Not specified,,,,Aerospace,2026-09-22,2026-09-22,https://careers-calspan.icims.com/jobs/2634/instrumentation-technician/job,ats_detected,5,success_after_fallback
46bce008ddac,2026-09-22,234e92c8de3f,Calspan Business Park,https://calspan.com/,https://careers-calspan.icims.com/jobs/2500/principal-systems-software-engineer---jet-engine-test-cells/job,Principal Systems Software Engineer Jet Engine Test Cells,https://careers-calspan.icims.com/jobs/2500/principal-systems-software-engineer---jet-engine-test-cells/referral,"Buffalo, NY, United States",Buffalo,NY,United States,Not specified,,,,Aerospace,2026-09-22,2026-09-22,https://careers-calspan.icims.com/jobs/2500/principal-systems-software-engineer---jet-engine-test-cells/job,ats_detected,5,success_after_fallback
2e25484034f5,2026-09-22,234e92c8de3f,Calspan Business Park,https://calspan.com/,https://careers-calspan.icims.com/jobs/2644/senior-cnc-machinist/job,Senior CNC Machinist,https://careers-calspan.icims.com/jobs/2644/senior-cnc-machinist/job,"Buffalo, NY, US",Buffalo,NY,United States,Not specified,,,Machine Shop,Aerospace,2026-09-22,2026-09-22,https://careers-calspan.icims.com/jobs/2644/senior-cnc-machinist/job,ats_detected,4,success_after_fallback
1289ceec9bd2,2026-09-22,234e92c8de3f,Calspan Business Park,https://calspan.com/,https://careers-calspan.icims.com/jobs/2645/measurement-technician/job,Measurement Technician,https://careers-calspan.icims.com/jobs/2645/measurement-technician/referral,"Buffalo, NY, United States",Buffalo,NY,United States,Not specified,,,,Aerospace,2026-09-22,2026-09-22,https://careers-calspan.icims.com/jobs/2645/measurement-technician/job,ats_detected,5,success_after_fallback
e5863877bf47,2026-09-22,234e92c8de3f,Calspan Business Park,https://calspan.com/,https://careers-calspan.icims.com/jobs/2643/warehouse-materials-handler/job,Warehouse Materials Handler,https://careers-calspan.icims.com/jobs/2643/warehouse-materials-handler/job,"St. Paul, MN, US",St. Paul,MN,United States,Not specified,,,Operations,Aerospace,2026-09-22,2026-09-22,https://careers-calspan.icims.com/jobs/2643/warehouse-materials-handler/job,ats_detected,4,success_after_fallback
74934588b269,2026-09-22,babc8fbe4ec9,Crover,https://www.crover.tech/,https://www.smartrecruiters.com/?utm_source=referral&utm_medium=careerwebsitepage&utm_campaign=careerwebsite&utm_content=none&km_partner=none&km_adgroup=none&utm_term=none&km_matchtype=none,Hiring Managers,https://www.smartrecruiters.com/role/talent-acquisition,"Geneva, NY, United States",Geneva,NY,United States,Not specified,,,,Core Space,2026-09-22,2026-09-22,https://www.smartrecruiters.com/?utm_source=referral&utm_medium=careerwebsitepage&utm_campaign=careerwebsite&utm_content=none&km_partner=none&km_adgroup=none&utm_term=none&km_matchtype=none,ats_detected,4,success_after_fallback
b11bae175a23,2026-09-22,babc8fbe4ec9,Crover,https://www.crover.tech/,https://www.smartrecruiters.com/?utm_source=referral&utm_medium=careerwebsitepage&utm_campaign=careerwebsite&utm_content=none&km_partner=none&km_adgroup=none&utm_term=none&km_matchtype=none,Hiring Managers,https://www.smartrecruiters.com/role/hiring-manager,"Geneva, NY, United States",Geneva,NY,United States,Not specified,,,,Core Space,2026-09-22,2026-09-22,https://www.smartrecruiters.com/?utm_source=referral&utm_medium=careerwebsitepage&utm_campaign=careerwebsite&utm_content=none&km_partner=none&km_adgroup=none&utm_term=none&km_matchtype=none,ats_detected,4,success_after_fallback
8e4c7afd2511,2026-09-22,babc8fbe4ec9,Crover,https://www.crover.tech/,https://www.smartrecruiters.com/?utm_source=referral&utm_medium=careerwebsitepage&utm_campaign=careerwebsite&utm_content=none&km_partner=none&km_adgroup=none&utm_term=none&km_matchtype=none,Hiring Managers,https://www.smartrecruiters.com/role/hr,"Geneva, NY, United States",Geneva,NY,United States,Not specified,,,,Core Space,2026-09-22,2026-09-22,https://www.smartrecruiters.com/?utm_source=referral&utm_medium=careerwebsitepage&utm_campaign=careerwebsite&utm_content=none&km_partner=none&km_adgroup=none&utm_term=none&km_matchtype=none,ats_detected,4,success_after_fallback
e942ee7fb593,2026-09-22,babc8fbe4ec9,Crover,https://www.crover.tech/,https://www.smartrecruiters.com/?utm_source=referral&utm_medium=careerwebsitepage&utm_campaign=careerwebsite&utm_content=none&km_partner=none&km_adgroup=none&utm_term=none&km_matchtype=none,Hiring Managers,https://www.smartrecruiters.com/role/it,"Geneva, NY, United States",Geneva,NY,United States,Not specified,,,,Core Space,2026-09-22,2026-09-22,https://www.smartrecruiters.com/?utm_source=referral&utm_medium=careerwebsitepage&utm_campaign=careerwebsite&utm_content=none&km_partner=none&km_adgroup=none&utm_term=none&km_matchtype=none,ats_detected,4,success_after_fallback
675011ceb6de,2026-09-22,babc8fbe4ec9,Crover,https://www.crover.tech/,https://www.smartrecruiters.com/?utm_source=referral&utm_medium=careerwebsitepage&utm_campaign=careerwebsite&utm_content=none&km_partner=none&km_adgroup=none&utm_term=none&km_matchtype=none,Hiring Managers,https://www.smartrecruiters.com/role/finance,"Geneva, NY, United States",Geneva,NY,United States,Not specified,,,,Core Space,2026-09-22,2026-09-22,https://www.smartrecruiters.com/?utm_source=referral&utm_medium=careerwebsitepage&utm_campaign=careerwebsite&utm_content=none&km_partner=none&km_adgroup=none&utm_term=none&km_matchtype=none,ats_detected,4,success_after_fallback
b34a59fd21bb,2026-09-22,bad1b820268a,Dawn Aerospace,https://www.dawnaerospace.com/,https://job-boards.anz.greenhouse.io/dawnaerospace,"AIT Test Technician Delft, South Holland, Netherlands",https://job-boards.anz.greenhouse.io/dawnaerospace/jobs/4006849201,"Delft, South Holland, Netherlands",Delft,South Holland,Netherlands,Not specified,,,,Core Space,2026-09-22,2026-09-22,https://job-boards.anz.greenhouse.io/dawnaerospace,ats_detected,5,success_after_fallback
491761a3d5af,2026-09-22,bad1b820268a,Dawn Aerospace,https://www.dawnaerospace.com/,https://job-boards.anz.greenhouse.io/dawnaerospace,"AIT Test Technician Delft, South Holland, Netherlands",https://job-boards.anz.greenhouse.io/dawnaerospace/jobs/4006850201,"Delft, South Holland, Netherlands",Delft,South Holland,Netherlands,Not specified,,,,Core Space,2026-09-22,2026-09-22,https://job-boards.anz.greenhouse.io/dawnaerospace,ats_detected,5,success_after_fallback
ac6ea0be4010,2026-09-22,bad1b820268a,Dawn Aerospace,https://www.dawnaerospace.com/,https://job-boards.anz.greenhouse.io/dawnaerospace,"Electrical Systems Engineer Delft, South Holland, Netherlands",https://job-boards.anz.greenhouse.io/dawnaerospace/jobs/4006270201,"Delft, South Holland, Netherlands",Delft,South Holland,Netherlands,Not specified,,,,Core Space,2026-09-22,2026-09-22,https://job-boards.anz.greenhouse.io/dawnaerospace,ats_detected,5,success_after_fallback
aeee1a6d6219,2026-09-22,bad1b820268a,Dawn Aerospace,https://www.dawnaerospace.com/,https://job-boards.anz.greenhouse.io/dawnaerospace,"PhD Research Opportunities (University of Canterbury & Dawn Aerospace) Christchurch, Canterbury, New Zealand",https://job-boards.anz.greenhouse.io/dawnaerospace/jobs/4005543201,"Manhattan, NY, United States",Manhattan,NY,United States,Not specified,,,,Core Space,2026-09-22,2026-09-22,https://job-boards.anz.greenhouse.io/dawnaerospace,ats_detected,5,success_after_fallback
c94117e1163d,2026-09-22,bad1b820268a,Dawn Aerospace,https://www.dawnaerospace.com/,https://job-boards.anz.greenhouse.io/dawnaerospace,"Satellite Communications Engineer Delft, South Holland, Netherlands",https://job-boards.anz.greenhouse.io/dawnaerospace/jobs/4001647201,"Delft, South Holland, Netherlands",Delft,South Holland,Netherlands,Not specified,,,,Core Space,2026-09-22,2026-09-22,https://job-boards.anz.greenhouse.io/dawnaerospace,ats_detected,5,success_after_fallback
096dbf50f162,2026-09-22,bad1b820268a,Dawn Aerospace,https://www.dawnaerospace.com/,https://job-boards.anz.greenhouse.io/dawnaerospace,"Satellite RF Hardware & Operations Engineer Delft, South Holland, Netherlands",https://job-boards.anz.greenhouse.io/dawnaerospace/jobs/4000878201,"Delft, South Holland, Netherlands",Delft,South Holland,Netherlands,Not specified,,,,Core Space,2026-09-22,2026-09-22,https://job-boards.anz.greenhouse.io/dawnaerospace,ats_detected,5,success_after_fallback
08131569fc41,2026-09-22,bad1b820268a,Dawn Aerospace,https://www.dawnaerospace.com/,https://job-boards.anz.greenhouse.io/dawnaerospace,"Supply Chain Coordinator New Christchurch, Canterbury, New Zealand",https://job-boards.anz.greenhouse.io/dawnaerospace/jobs/4007038201,"Manhattan, NY, United States",Manhattan,NY,United States,Not specified,,,,Core Space,2026-09-22,2026-09-22,https://job-boards.anz.greenhouse.io/dawnaerospace,ats_detected,5,success_after_fallback
aa1766781fcf,2026-09-22,bad1b820268a,Dawn Aerospace,https://www.dawnaerospace.com/,https://job-boards.anz.greenhouse.io/dawnaerospace,"Mission Manager (US Remote) - Aurora Spaceplane Huntsville, Alabama, United States",https://job-boards.anz.greenhouse.io/dawnaerospace/jobs/4006758201,"Huntsville, Alabama, United States",Huntsville,AL,United States,Remote,,,,Core Space,2026-09-22,2026-09-22,https://job-boards.anz.greenhouse.io/dawnaerospace,ats_detected,5,success_after_fallback
0e09daa01916,2026-09-22,bad1b820268a,Dawn Aerospace,https://www.dawnaerospace.com/,https://job-boards.anz.greenhouse.io/dawnaerospace,"Senior Production Engineer Christchurch, Canterbury, New Zealand",https://job-boards.anz.greenhouse.io/dawnaerospace/jobs/4005932201,"Manhattan, NY, United States",Manhattan,NY,United States,Not specified,,,,Core Space,2026-09-22,2026-09-22,https://job-boards.anz.greenhouse.io/dawnaerospace,ats_detected,5,success_after_fallback
303801cd2f81,2026-09-22,bad1b820268a,Dawn Aerospace,https://www.dawnaerospace.com/,https://job-boards.anz.greenhouse.io/dawnaerospace,"Avionics Technician - Spaceplane Christchurch, Canterbury, New Zealand",https://job-boards.anz.greenhouse.io/dawnaerospace/jobs/4005859201,"Manhattan, NY, United States",Manhattan,NY,United States,Not specified,,,,Core Space,2026-09-22,2026-09-22,https://job-boards.anz.greenhouse.io/dawnaerospace,ats_detected,5,success_after_fallback
a59f939d5150,2026-09-22,bad1b820268a,Dawn Aerospace,https://www.dawnaerospace.com/,https://job-boards.anz.greenhouse.io/dawnaerospace,"Aircraft Maintenance Technician Christchurch, Canterbury, New Zealand",https://job-boards.anz.greenhouse.io/dawnaerospace/jobs/4005539201,"Manhattan, NY, United States",Manhattan,NY,United States,Not specified,,,,Core Space,2026-09-22,2026-09-22,https://job-boards.anz.greenhouse.io/dawnaerospace,ats_detected,5,success_after_fallback
caa5c227ee77,2026-09-22,bad1b820268a,Dawn Aerospace,https://www.dawnaerospace.com/,https://job-boards.anz.greenhouse.io/dawnaerospace,"Facilities & Workplace Coordinator (Part-Time) Christchurch, Canterbury, New Zealand",https://job-boards.anz.greenhouse.io/dawnaerospace/jobs/4005420201,"Manhattan, NY, United States",Manhattan,NY,United States,Not specified,,,,Core Space,2026-09-22,2026-09-22,https://job-boards.anz.greenhouse.io/dawnaerospace,ats_detected,5,success_after_fallback
1db33c6f93cb,2026-09-22,bad1b820268a,Dawn Aerospace,https://www.dawnaerospace.com/,https://job-boards.anz.greenhouse.io/dawnaerospace,Head of Defence Sales – Germany Germany,https://job-boards.anz.greenhouse.io/dawnaerospace/jobs/4004923201,"Manhattan, NY, United States",Manhattan,NY,United States,Not specified,,,,Core Space,2026-09-22,2026-09-22,https://job-boards.anz.greenhouse.io/dawnaerospace,ats_detected,5,success_after_fallback
2c974b67f5ad,2026-09-22,ba37ca62f760,echo3D,https://www.echo3d.co/,https://www.echo3d.com/about/careers,Enterprise Sales Executive B2B,https://wellfound.com/jobs/3529921-enterprise-sales-executive-b2b,"Manhattan, NY, United States",Manhattan,NY,United States,Remote,,,,Core Space,2026-09-22,2026-09-22,https://www.echo3d.com/about/careers,known_careers_url,4,success
bb9a4a219de8,2026-09-22,ba37ca62f760,echo3D,https://www.echo3d.co/,https://www.echo3d.com/about/careers,Software Engineer,https://wellfound.com/jobs/1749640-software-engineer,"Manhattan, NY, United States",Manhattan,NY,United States,Remote,,,,Core Space,2026-09-22,2026-09-22,https://www.echo3d.com/about/careers,known_careers_url,4,success
6f8ce2b1166e,2026-09-22,ba37ca62f760,echo3D,https://www.echo3d.co/,https://wellfound.com/jobs/3529921-enterprise-sales-executive-b2b,Manager - Business Development (North America) - full time $90k – $105k,https://wellfound.com/jobs/2282687-manager-business-development-north-america-full-time,"Manhattan, NY, United States",Manhattan,NY,United States,Not specified,,,,Core Space,2026-09-22,2026-09-22,https://wellfound.com/jobs/3529921-enterprise-sales-executive-b2b,linked_page,4,success_after_fallback
806d24003973,2026-09-22,ba37ca62f760,echo3D,https://www.echo3d.co/,https://wellfound.com/jobs/3529921-enterprise-sales-executive-b2b,Sales Development Representative $53k – $75k,https://wellfound.com/jobs/2843629-business-development-representative-bdr,"Manhattan, NY, United States",Manhattan,NY,United States,Not specified,,,,Core Space,2026-09-22,2026-09-22,https://wellfound.com/jobs/3529921-enterprise-sales-executive-b2b,linked_page,4,success_after_fallback
7ae0cf7ab393,2026-09-22,ba37ca62f760,echo3D,https://www.echo3d.co/,https://wellfound.com/jobs/3529921-enterprise-sales-executive-b2b,Technical Product Support Specialist $79k – $79k,https://wellfound.com/jobs/3050219-2-technical-product-support-specialist,"Manhattan, NY, United States",Manhattan,NY,United States,Not specified,,,,Core Space,2026-09-22,2026-09-22,https://wellfound.com/jobs/3529921-enterprise-sales-executive-b2b,linked_page,4,success_after_fallback
8533e87ca635,2026-09-22,ba37ca62f760,echo3D,https://www.echo3d.co/,https://wellfound.com/jobs/3529921-enterprise-sales-executive-b2b,Scientific Implementation Associate $80k – $80k • 0.005% – 0.025%,https://wellfound.com/jobs/3126751-scientific-implementation-associate,"Manhattan, NY, United States",Manhattan,NY,United States,Not specified,,,,Core Space,2026-09-22,2026-09-22,https://wellfound.com/jobs/3529921-enterprise-sales-executive-b2b,linked_page,4,success_after_fallback
7461e070df11,2026-09-22,ba37ca62f760,echo3D,https://www.echo3d.co/,https://wellfound.com/jobs/3529921-enterprise-sales-executive-b2b,Customer Onboarding Specialist - FinTech SaaS $70k – $105k • 0.0% – 0.5%,https://wellfound.com/jobs/3162208-customer-success-specialist-financial-systems,"Manhattan, NY, United States",Manhattan,NY,United States,Not specified,,,,Core Space,2026-09-22,2026-09-22,https://wellfound.com/jobs/3529921-enterprise-sales-executive-b2b,linked_page,4,success_after_fallback
0f004c166e48,2026-09-22,ba37ca62f760,echo3D,https://www.echo3d.co/,https://wellfound.com/jobs/3529921-enterprise-sales-executive-b2b,Senior Client Portfolio Manager $180k – $200k,https://wellfound.com/jobs/3355683-senior-client-portfolio-manager,"Manhattan, NY, United States",Manhattan,NY,United States,Not specified,,,,Core Space,2026-09-22,2026-09-22,https://wellfound.com/jobs/3529921-enterprise-sales-executive-b2b,linked_page,4,success_after_fallback
5865cef62252,2026-09-22,ba37ca62f760,echo3D,https://www.echo3d.co/,https://wellfound.com/jobs,Senior Staff Software Engineer,https://wellfound.com/jobs/4751289-senior-staff-software-engineer,"Manhattan, NY, United States",Manhattan,NY,United States,Remote,,,,Core Space,2026-09-22,2026-09-22,https://wellfound.com/jobs,linked_page,4,success_after_fallback
4f9c194acd93,2026-09-22,ba37ca62f760,echo3D,https://www.echo3d.co/,https://wellfound.com/jobs,"Software Engineer, Product & Growth — Entry Level",https://wellfound.com/jobs/4751276-software-engineer-product-growth-entry-level,"Manhattan, NY, United States",Manhattan,NY,United States,On-site,,,,Core Space,2026-09-22,2026-09-22,https://wellfound.com/jobs,linked_page,4,success_after_fallback
a25fa2126be8,2026-09-22,ba37ca62f760,echo3D,https://www.echo3d.co/,https://wellfound.com/jobs,Event & Marketing Coordinator,https://wellfound.com/jobs/4751275-event-marketing-coordinator,"Manhattan, NY, United States",Manhattan,NY,United States,On-site,,,,Core Space,2026-09-22,2026-09-22,https://wellfound.com/jobs,linked_page,4,success_after_fallback
153038bca4bc,2026-09-22,ba37ca62f760,echo3D,https://www.echo3d.co/,https://wellfound.com/jobs,Educational Content Manager,https://wellfound.com/jobs/4728317-head-of-growth-clone,"Remote only • Texas, United States",Remote only • Texas,,United States,Remote,,,,Core Space,2026-09-22,2026-09-22,https://wellfound.com/jobs,linked_page,4,success_after_fallback
224c9d04de41,2026-09-22,ba37ca62f760,echo3D,https://www.echo3d.co/,https://wellfound.com/jobs,Software Engineer,https://wellfound.com/jobs/4751194-software-engineer,"Remote only • California, United States",Remote only • California,,United States,Remote,,,,Core Space,2026-09-22,2026-09-22,https://wellfound.com/jobs,linked_page,4,success_after_fallback
47cbb8f5530a,2026-09-22,ba37ca62f760,echo3D,https://www.echo3d.co/,https://wellfound.com/jobs,Staff AI Engineer,https://wellfound.com/jobs/4748883-staff-ai-engineer,"Manhattan, NY, United States",Manhattan,NY,United States,Not specified,,,,Core Space,2026-09-22,2026-09-22,https://wellfound.com/jobs,linked_page,4,success_after_fallback
84583eeb8921,2026-09-22,ba37ca62f760,echo3D,https://www.echo3d.co/,https://wellfound.com/jobs,"Senior Software Engineer, Infrastructure - San Francisco HQ",https://wellfound.com/jobs/4748851-senior-software-engineer-infrastructure-san-francisco-hq,"Manhattan, NY, United States",Manhattan,NY,United States,Not specified,,,,Core Space,2026-09-22,2026-09-22,https://wellfound.com/jobs,linked_page,4,success_after_fallback
9bbb0a754f8f,2026-09-22,ba37ca62f760,echo3D,https://www.echo3d.co/,https://wellfound.com/jobs,Senior Software Engineer - Affirm,https://wellfound.com/jobs/4748803-senior-software-engineer-affirm,"Manhattan, NY, United States",Manhattan,NY,United States,Not specified,,,,Core Space,2026-09-22,2026-09-22,https://wellfound.com/jobs,linked_page,4,success_after_fallback
e246151d0536,2026-09-22,ba37ca62f760,echo3D,https://www.echo3d.co/,https://wellfound.com/jobs,Software Development Engineer In Test Sdet,https://wellfound.com/jobs/4748769-software-development-engineer-in-test-sdet,"Manhattan, NY, United States",Manhattan,NY,United States,Remote,,,,Core Space,2026-09-22,2026-09-22,https://wellfound.com/jobs,linked_page,4,success_after_fallback
d55e4872f7c4,2026-09-22,ba37ca62f760,echo3D,https://www.echo3d.co/,https://wellfound.com/jobs,Staff Technical Product Manager,https://wellfound.com/jobs/3971807-staff-technical-product-manager,"Manhattan, NY, United States",Manhattan,NY,United States,Not specified,,,,Core Space,2026-09-22,2026-09-22,https://wellfound.com/jobs,linked_page,4,success_after_fallback
90b11e4ba14b,2026-09-22,ba37ca62f760,echo3D,https://www.echo3d.co/,https://wellfound.com/jobs,Product Manager (AI Agents),https://wellfound.com/jobs/4748869-product-manager-ai-agents,"Manhattan, NY, United States",Manhattan,NY,United States,Not specified,,,,Core Space,2026-09-22,2026-09-22,https://wellfound.com/jobs,linked_page,4,success_after_fallback
922ea7cbaae4,2026-09-22,ba37ca62f760,echo3D,https://www.echo3d.co/,https://wellfound.com/jobs,Product Manager,https://wellfound.com/jobs/4748746-product-manager,"Manhattan, NY, United States",Manhattan,NY,United States,Remote,,,,Core Space,2026-09-22,2026-09-22,https://wellfound.com/jobs,linked_page,4,success_after_fallback
bfa0c22df605,2026-09-22,ba37ca62f760,echo3D,https://www.echo3d.co/,https://wellfound.com/jobs,"Senior Product Manager, Core App",https://wellfound.com/jobs/4748672-senior-product-manager-core-app,"Manhattan, NY, United States",Manhattan,NY,United States,Not specified,,,,Core Space,2026-09-22,2026-09-22,https://wellfound.com/jobs,linked_page,4,success_after_fallback
1549e5f181f0,2026-09-22,ba37ca62f760,echo3D,https://www.echo3d.co/,https://wellfound.com/jobs,Product Manager - Reactors,https://wellfound.com/jobs/4735289-product-manager-reactors,"Manhattan, NY, United States",Manhattan,NY,United States,Remote,,,,Core Space,2026-09-22,2026-09-22,https://wellfound.com/jobs,linked_page,4,success_after_fallback
9aacb6d03584,2026-09-22,ba37ca62f760,echo3D,https://www.echo3d.co/,https://wellfound.com/jobs,"Senior Design Engineer, Design Systems",https://wellfound.com/jobs/4742386-senior-design-engineer-design-systems,"Manhattan, NY, United States",Manhattan,NY,United States,Remote,,,,Core Space,2026-09-22,2026-09-22,https://wellfound.com/jobs,linked_page,4,success_after_fallback
759e9d45f001,2026-09-22,ba37ca62f760,echo3D,https://www.echo3d.co/,https://wellfound.com/jobs,"Senior AI learning designer, rapid content",https://wellfound.com/jobs/4698043-senior-ai-learning-designer-rapid-content,"Manhattan, NY, United States",Manhattan,NY,United States,Not specified,,,,Core Space,2026-09-22,2026-09-22,https://wellfound.com/jobs,linked_page,4,success_after_fallback
3d3ea099ddfd,2026-09-22,ba37ca62f760,echo3D,https://www.echo3d.co/,https://wellfound.com/jobs,Motion Interactive Web Designer Remote Global 3 500 5 000 Mo Usd,https://wellfound.com/jobs/4716448-motion-interactive-web-designer-remote-global-3-500-5-000-mo-usd,"Manhattan, NY, United States",Manhattan,NY,United States,Remote,,,,Core Space,2026-09-22,2026-09-22,https://wellfound.com/jobs,linked_page,4,success_after_fallback
5cd851abf808,2026-09-22,ba37ca62f760,echo3D,https://www.echo3d.co/,https://wellfound.com/jobs,eLearning Designer,https://wellfound.com/jobs/4704111-elearning-designer,"Manhattan, NY, United States",Manhattan,NY,United States,Remote,,,,Core Space,2026-09-22,2026-09-22,https://wellfound.com/jobs,linked_page,4,success_after_fallback
38dd09d6d4e4,2026-09-22,ba37ca62f760,echo3D,https://www.echo3d.co/,https://wellfound.com/jobs,"Data Engineer (Staff, Principal, Lead)",https://wellfound.com/jobs/3994821-2-data-engineer-staff-principal-lead,"Manhattan, NY, United States",Manhattan,NY,United States,On-site,,,,Core Space,2026-09-22,2026-09-22,https://wellfound.com/jobs,linked_page,4,success_after_fallback
c94e4b5ca695,2026-09-22,ba37ca62f760,echo3D,https://www.echo3d.co/,https://wellfound.com/jobs,Senior Data Engineer – Data & Context Platform,https://wellfound.com/jobs/4722350-senior-data-engineer-data-context-platform,"Manhattan, NY, United States",Manhattan,NY,United States,Remote,,,,Core Space,2026-09-22,2026-09-22,https://wellfound.com/jobs,linked_page,4,success_after_fallback
916615aad80e,2026-09-22,ba37ca62f760,echo3D,https://www.echo3d.co/,https://wellfound.com/jobs,Data Visualization Engineer,https://wellfound.com/jobs/4718855-data-visualization-engineer,"Manhattan, NY, United States",Manhattan,NY,United States,On-site,,,,Core Space,2026-09-22,2026-09-22,https://wellfound.com/jobs,linked_page,4,success_after_fallback
e50c2184b94b,2026-09-22,ba37ca62f760,echo3D,https://www.echo3d.co/,https://wellfound.com/jobs,Data Engineer II (ID # 26-08670),https://wellfound.com/jobs/4718745-data-engineer-ii-id-26-08670,"Manhattan, NY, United States",Manhattan,NY,United States,On-site,,,,Core Space,2026-09-22,2026-09-22,https://wellfound.com/jobs,linked_page,4,success_after_fallback
09d25e34832e,2026-09-22,ba37ca62f760,echo3D,https://www.echo3d.co/,https://wellfound.com/jobs,Data Engineer for Social Good,https://wellfound.com/jobs/3876240-data-engineer-for-social-good,"Manhattan, NY, United States",Manhattan,NY,United States,Remote,,,,Core Space,2026-09-22,2026-09-22,https://wellfound.com/jobs,linked_page,4,success_after_fallback
e6eadaf39917,2026-09-22,ba37ca62f760,echo3D,https://www.echo3d.co/,https://wellfound.com/jobs,Remote Business Development Manager (100% Remote and Performance Based),https://wellfound.com/jobs/3625150-remote-business-development-manager-100-remote-and-performance-based,"Manhattan, NY, United States",Manhattan,NY,United States,Remote,,,,Core Space,2026-09-22,2026-09-22,https://wellfound.com/jobs,linked_page,4,success_after_fallback
0e7896b20eeb,2026-09-22,ba37ca62f760,echo3D,https://www.echo3d.co/,https://wellfound.com/jobs,Lead Sales Representative (CRO Track),https://wellfound.com/jobs/4748730-lead-sales-representative-cro-track,"Manhattan, NY, United States",Manhattan,NY,United States,Remote,,,,Core Space,2026-09-22,2026-09-22,https://wellfound.com/jobs,linked_page,4,success_after_fallback
11ba44756ff3,2026-09-22,ba37ca62f760,echo3D,https://www.echo3d.co/,https://wellfound.com/jobs,Independent B2B Sales Representative – US Market Expansion,https://wellfound.com/jobs/4748629-independent-b2b-sales-representative-us-market-expansion,"Manhattan, NY, United States",Manhattan,NY,United States,Remote,,,,Core Space,2026-09-22,2026-09-22,https://wellfound.com/jobs,linked_page,4,success_after_fallback
3c8738eeab01,2026-09-22,ba37ca62f760,echo3D,https://www.echo3d.co/,https://wellfound.com/jobs,Founding Sales Executive Healthcare Consulting 30 Uncapped Commission Clone,https://wellfound.com/jobs/4746845-founding-sales-executive-healthcare-consulting-30-uncapped-commission-clone,"Manhattan, NY, United States",Manhattan,NY,United States,Remote,,,,Core Space,2026-09-22,2026-09-22,https://wellfound.com/jobs,linked_page,4,success_after_fallback
cc881ae96064,2026-09-22,ba37ca62f760,echo3D,https://www.echo3d.co/,https://wellfound.com/jobs,Founding Growth Engineer,https://wellfound.com/jobs/4739737-founding-electrical-engineer-clone,"Manhattan, NY, United States",Manhattan,NY,United States,On-site,,,,Core Space,2026-09-22,2026-09-22,https://wellfound.com/jobs,linked_page,4,success_after_fallback
e6931e53401c,2026-09-22,ba37ca62f760,echo3D,https://www.echo3d.co/,https://wellfound.com/jobs,Event Marketing Manager,https://wellfound.com/jobs/4735262-event-marketing-manager,"Manhattan, NY, United States",Manhattan,NY,United States,Remote,,,,Core Space,2026-09-22,2026-09-22,https://wellfound.com/jobs,linked_page,4,success_after_fallback
bca081cc538e,2026-09-22,ba37ca62f760,echo3D,https://www.echo3d.co/,https://wellfound.com/jobs,"Lead, Public Relations",https://wellfound.com/jobs/4728422-lead-public-relations,"Manhattan, NY, United States",Manhattan,NY,United States,Not specified,,,,Core Space,2026-09-22,2026-09-22,https://wellfound.com/jobs,linked_page,4,success_after_fallback
13e5c534b750,2026-09-22,ba37ca62f760,echo3D,https://www.echo3d.co/,https://wellfound.com/jobs,Risk Reporting & Innovation Manager,https://wellfound.com/jobs/4748895-risk-reporting-innovation-manager,"Manhattan, NY, United States",Manhattan,NY,United States,Remote,,,,Core Space,2026-09-22,2026-09-22,https://wellfound.com/jobs,linked_page,4,success_after_fallback
fb2dab3a505f,2026-09-22,ba37ca62f760,echo3D,https://www.echo3d.co/,https://wellfound.com/jobs,"Manager, GTM Enablement",https://wellfound.com/jobs/4748868-manager-gtm-enablement,"Manhattan, NY, United States",Manhattan,NY,United States,Not specified,,,,Core Space,2026-09-22,2026-09-22,https://wellfound.com/jobs,linked_page,4,success_after_fallback
b83c46a8a8bc,2026-09-22,ba37ca62f760,echo3D,https://www.echo3d.co/,https://wellfound.com/jobs,Product Operations Manager Housing,https://wellfound.com/jobs/3346530-product-operations-manager-housing,"Manhattan, NY, United States",Manhattan,NY,United States,Not specified,,,,Core Space,2026-09-22,2026-09-22,https://wellfound.com/jobs,linked_page,4,success_after_fallback
7a8a54d233cd,2026-09-22,ba37ca62f760,echo3D,https://www.echo3d.co/,https://wellfound.com/jobs,Strategy & Operations Manager,https://wellfound.com/jobs/4739785-strategy-operations-manager,"Manhattan, NY, United States",Manhattan,NY,United States,Not specified,,,,Core Space,2026-09-22,2026-09-22,https://wellfound.com/jobs,linked_page,4,success_after_fallback
6159cad567cb,2026-09-22,ba37ca62f760,echo3D,https://www.echo3d.co/,https://wellfound.com/jobs,Credentialing Manager,https://wellfound.com/jobs/4735302-credentialing-manager,"Manhattan, NY, United States",Manhattan,NY,United States,Remote,,,,Core Space,2026-09-22,2026-09-22,https://wellfound.com/jobs,linked_page,4,success_after_fallback
a493bb868303,2026-09-22,ba37ca62f760,echo3D,https://www.echo3d.co/,https://wellfound.com/jobs,"Senior Recruiter, AI Research & Engineering",https://wellfound.com/jobs/4748884-senior-recruiter-ai-research-engineering,"Manhattan, NY, United States",Manhattan,NY,United States,Not specified,,,,Core Space,2026-09-22,2026-09-22,https://wellfound.com/jobs,linked_page,4,success_after_fallback
85cfdcc0c0b5,2026-09-22,ba37ca62f760,echo3D,https://www.echo3d.co/,https://wellfound.com/jobs,Technical Recruiter,https://wellfound.com/jobs/4748684-technical-recruiter,"Manhattan, NY, United States",Manhattan,NY,United States,On-site,,,,Core Space,2026-09-22,2026-09-22,https://wellfound.com/jobs,linked_page,4,success_after_fallback
16df6bc321fb,2026-09-22,ba37ca62f760,echo3D,https://www.echo3d.co/,https://wellfound.com/jobs,In-House Technical Recruiter,https://wellfound.com/jobs/4735166-in-house-technical-recruiter,"Manhattan, NY, United States",Manhattan,NY,United States,Not specified,,,,Core Space,2026-09-22,2026-09-22,https://wellfound.com/jobs,linked_page,4,success_after_fallback
fcbcadd20650,2026-09-22,ba37ca62f760,echo3D,https://www.echo3d.co/,https://wellfound.com/jobs,"Recruiter, GTM",https://wellfound.com/jobs/4728482-recruiter-gtm,"Manhattan, NY, United States",Manhattan,NY,United States,Not specified,,,,Core Space,2026-09-22,2026-09-22,https://wellfound.com/jobs,linked_page,4,success_after_fallback
fa0a62c3a195,2026-09-22,ba37ca62f760,echo3D,https://www.echo3d.co/,https://wellfound.com/jobs,Senior Tax Associate,https://wellfound.com/jobs/4206741-senior-tax-associate,"Manhattan, NY, United States",Manhattan,NY,United States,Not specified,,,,Core Space,2026-09-22,2026-09-22,https://wellfound.com/jobs,linked_page,4,success_after_fallback
3d75098df510,2026-09-22,ba37ca62f760,echo3D,https://www.echo3d.co/,https://wellfound.com/jobs,Strategic Finance & Operations,https://wellfound.com/jobs/4689985-strategic-finance-operations,"Manhattan, NY, United States",Manhattan,NY,United States,On-site,,,,Core Space,2026-09-22,2026-09-22,https://wellfound.com/jobs,linked_page,4,success_after_fallback
6c5c0d276428,2026-09-22,ba37ca62f760,echo3D,https://www.echo3d.co/,https://wellfound.com/jobs,Senior Strategic Finance Manager,https://wellfound.com/jobs/4735392-senior-strategic-finance-manager,"Manhattan, NY, United States",Manhattan,NY,United States,Not specified,,,,Core Space,2026-09-22,2026-09-22,https://wellfound.com/jobs,linked_page,4,success_after_fallback
4ffe8f08ee16,2026-09-22,ba37ca62f760,echo3D,https://www.echo3d.co/,https://wellfound.com/jobs,Remote Software Engineer Jobs,https://wellfound.com/role/r/software-engineer,"Manhattan, NY, United States",Manhattan,NY,United States,Remote,,,,Core Space,2026-09-22,2026-09-22,https://wellfound.com/jobs,linked_page,3,success_after_fallback
a36be93e0048,2026-09-22,ba37ca62f760,echo3D,https://www.echo3d.co/,https://wellfound.com/jobs,Remote Product Manager Jobs,https://wellfound.com/role/r/product-manager,"Manhattan, NY, United States",Manhattan,NY,United States,Remote,,,,Core Space,2026-09-22,2026-09-22,https://wellfound.com/jobs,linked_page,3,success_after_fallback
864abf04a02f,2026-09-22,ba37ca62f760,echo3D,https://www.echo3d.co/,https://wellfound.com/jobs,Remote Data Analyst Jobs,https://wellfound.com/role/r/data-analyst,"Manhattan, NY, United States",Manhattan,NY,United States,Remote,,,,Core Space,2026-09-22,2026-09-22,https://wellfound.com/jobs,linked_page,3,success_after_fallback
c51db9a7fc56,2026-09-22,ba37ca62f760,echo3D,https://www.echo3d.co/,https://wellfound.com/jobs,Remote Product Designer Jobs,https://wellfound.com/role/r/product-designer,"Manhattan, NY, United States",Manhattan,NY,United States,Remote,,,,Core Space,2026-09-22,2026-09-22,https://wellfound.com/jobs,linked_page,3,success_after_fallback
21aa410252f9,2026-09-22,ba37ca62f760,echo3D,https://www.echo3d.co/,https://wellfound.com/jobs,Remote Graphic Designer Jobs,https://wellfound.com/role/r/graphic-designer,"Manhattan, NY, United States",Manhattan,NY,United States,Remote,,,,Core Space,2026-09-22,2026-09-22,https://wellfound.com/jobs,linked_page,3,success_after_fallback
2fcff47c1465,2026-09-22,ba37ca62f760,echo3D,https://www.echo3d.co/,https://wellfound.com/jobs,Remote UI/UX Designer Jobs,https://wellfound.com/role/r/ui-ux-designer,"Manhattan, NY, United States",Manhattan,NY,United States,Remote,,,,Core Space,2026-09-22,2026-09-22,https://wellfound.com/jobs,linked_page,3,success_after_fallback
5c3a89bd8bc7,2026-09-22,ba37ca62f760,echo3D,https://www.echo3d.co/,https://wellfound.com/jobs,Remote Operations Manager Jobs,https://wellfound.com/role/r/operations-manager,"Manhattan, NY, United States",Manhattan,NY,United States,Remote,,,,Core Space,2026-09-22,2026-09-22,https://wellfound.com/jobs,linked_page,3,success_after_fallback
c33e6e97fc39,2026-09-22,ba37ca62f760,echo3D,https://www.echo3d.co/,https://wellfound.com/jobs,Remote Account Manager Jobs,https://wellfound.com/role/r/account-manager,"Manhattan, NY, United States",Manhattan,NY,United States,Remote,,,,Core Space,2026-09-22,2026-09-22,https://wellfound.com/jobs,linked_page,3,success_after_fallback
5217fcd690d9,2026-09-22,ba37ca62f760,echo3D,https://www.echo3d.co/,https://wellfound.com/jobs,Remote Sales Manager Jobs,https://wellfound.com/role/r/sales-manager,"Manhattan, NY, United States",Manhattan,NY,United States,Remote,,,,Core Space,2026-09-22,2026-09-22,https://wellfound.com/jobs,linked_page,3,success_after_fallback
0b7eb8bfe674,2026-09-22,ba37ca62f760,echo3D,https://www.echo3d.co/,https://wellfound.com/jobs,Remote Financial Analyst Jobs,https://wellfound.com/role/r/financial-analyst,"Manhattan, NY, United States",Manhattan,NY,United States,Remote,,,,Core Space,2026-09-22,2026-09-22,https://wellfound.com/jobs,linked_page,3,success_after_fallback
e9149de421e0,2026-09-22,ba37ca62f760,echo3D,https://www.echo3d.co/,https://wellfound.com/jobs,Remote HR Manager Jobs,https://wellfound.com/role/r/hr-manager,"Manhattan, NY, United States",Manhattan,NY,United States,Remote,,,,Core Space,2026-09-22,2026-09-22,https://wellfound.com/jobs,linked_page,3,success_after_fallback
fd08b401b85c,2026-09-22,ba37ca62f760,echo3D,https://www.echo3d.co/,https://wellfound.com/browse/tech-jobs,Smart contract Developer,https://wellfound.com/role/smart-contract-developer,"Manhattan, NY, United States",Manhattan,NY,United States,Not specified,,,,Core Space,2026-09-22,2026-09-22,https://wellfound.com/browse/tech-jobs,linked_page,3,success_after_fallback
e0d5fc14ea4a,2026-09-22,ba37ca62f760,echo3D,https://www.echo3d.co/,https://wellfound.com/browse/remote-tech-jobs,Smart contract Developer,https://wellfound.com/role/r/smart-contract-developer,"Manhattan, NY, United States",Manhattan,NY,United States,Not specified,,,,Core Space,2026-09-22,2026-09-22,https://wellfound.com/browse/remote-tech-jobs,linked_page,3,success_after_fallback
030ea85014aa,2026-09-22,ba37ca62f760,echo3D,https://www.echo3d.co/,https://wellfound.com/jobs/2282687-manager-business-development-north-america-full-time,2 Ai Powered Private Jet Platform Is Looking For A Partnerships Manager,https://wellfound.com/jobs/2216057-2-ai-powered-private-jet-platform-is-looking-for-a-partnerships-manager,"Manhattan, NY, United States",Manhattan,NY,United States,Not specified,,,,Core Space,2026-09-22,2026-09-22,https://wellfound.com/jobs/2282687-manager-business-development-north-america-full-time,linked_page,4,success_after_fallback
c0ecb5efb77d,2026-09-22,ba37ca62f760,echo3D,https://www.echo3d.co/,https://wellfound.com/jobs/2282687-manager-business-development-north-america-full-time,Internship Opportunity Community Marketing Ambassador Indian Diaspora Focus,https://wellfound.com/jobs/3517942-internship-opportunity-community-marketing-ambassador-indian-diaspora-focus,"Manhattan, NY, United States",Manhattan,NY,United States,Not specified,,,,Core Space,2026-09-22,2026-09-22,https://wellfound.com/jobs/2282687-manager-business-development-north-america-full-time,linked_page,4,success_after_fallback
315244a8dcbf,2026-09-22,ba37ca62f760,echo3D,https://www.echo3d.co/,https://wellfound.com/jobs/2282687-manager-business-development-north-america-full-time,IBM Sales Manager $60k – $120k,https://wellfound.com/jobs/3827078-ibm-sales-manager,"Manhattan, NY, United States",Manhattan,NY,United States,Not specified,,,,Core Space,2026-09-22,2026-09-22,https://wellfound.com/jobs/2282687-manager-business-development-north-america-full-time,linked_page,4,success_after_fallback
ccb859dc18ce,2026-09-22,ba37ca62f760,echo3D,https://www.echo3d.co/,https://wellfound.com/jobs/2282687-manager-business-development-north-america-full-time,Founding GTM Lead $100k – $175k • 0.2% – 1.0%,https://wellfound.com/jobs/3904359-founding-gtm-lead,"Manhattan, NY, United States",Manhattan,NY,United States,Not specified,,,,Core Space,2026-09-22,2026-09-22,https://wellfound.com/jobs/2282687-manager-business-development-north-america-full-time,linked_page,4,success_after_fallback
cb8f69105c36,2026-09-22,ba37ca62f760,echo3D,https://www.echo3d.co/,https://wellfound.com/jobs/2843629-business-development-representative-bdr,Ottehr Urgent Care EHR Sales AE $220k – $300k • 0.0% – 0.5%,https://wellfound.com/jobs/3190120-ottehr-urgent-care-ehr-sales-ae,"Manhattan, NY, United States",Manhattan,NY,United States,Not specified,,,,Core Space,2026-09-22,2026-09-22,https://wellfound.com/jobs/2843629-business-development-representative-bdr,linked_page,4,success_after_fallback
776b97a1932c,2026-09-22,ba37ca62f760,echo3D,https://www.echo3d.co/,https://wellfound.com/jobs/2843629-business-development-representative-bdr,AI Partnerships & Sales Associate $25k – $40k • No equity,https://wellfound.com/jobs/4129437-ai-partnerships-sales-associate,"Manhattan, NY, United States",Manhattan,NY,United States,Not specified,,,,Core Space,2026-09-22,2026-09-22,https://wellfound.com/jobs/2843629-business-development-representative-bdr,linked_page,4,success_after_fallback
83044bd8e33f,2026-09-22,ba37ca62f760,echo3D,https://www.echo3d.co/,https://wellfound.com/jobs/2843629-business-development-representative-bdr,Sales Development Representative $52k – $104k • No equity,https://wellfound.com/jobs/4130815-sales-development-representative,"Manhattan, NY, United States",Manhattan,NY,United States,Not specified,,,,Core Space,2026-09-22,2026-09-22,https://wellfound.com/jobs/2843629-business-development-representative-bdr,linked_page,4,success_after_fallback
342390f4404d,2026-09-22,ba37ca62f760,echo3D,https://www.echo3d.co/,https://wellfound.com/jobs/2843629-business-development-representative-bdr,Sales Development Representative $42k – $65k • No equity,https://wellfound.com/jobs/4307536-sales-development-representative,"Manhattan, NY, United States",Manhattan,NY,United States,Not specified,,,,Core Space,2026-09-22,2026-09-22,https://wellfound.com/jobs/2843629-business-development-representative-bdr,linked_page,4,success_after_fallback
d09c66049ee6,2026-09-22,ba37ca62f760,echo3D,https://www.echo3d.co/,https://wellfound.com/jobs/3050219-2-technical-product-support-specialist,Salesforce Developer $80k – $115k • No equity,https://wellfound.com/jobs/3137058-2-salesforce-developer,"Manhattan, NY, United States",Manhattan,NY,United States,Not specified,,,,Core Space,2026-09-22,2026-09-22,https://wellfound.com/jobs/3050219-2-technical-product-support-specialist,linked_page,4,success_after_fallback
81cb464539f3,2026-09-22,ba37ca62f760,echo3D,https://www.echo3d.co/,https://wellfound.com/jobs/3126751-scientific-implementation-associate,Customer Success Manager $130k – $165k,https://wellfound.com/jobs/3084580-customer-success-manager,"Manhattan, NY, United States",Manhattan,NY,United States,Not specified,,,,Core Space,2026-09-22,2026-09-22,https://wellfound.com/jobs/3126751-scientific-implementation-associate,linked_page,4,success_after_fallback
24d646c84f42,2026-09-22,ba37ca62f760,echo3D,https://www.echo3d.co/,https://wellfound.com/jobs/3126751-scientific-implementation-associate,Renewals Manager $100k – $120k,https://wellfound.com/jobs/3252702-renewals-manager,"Manhattan, NY, United States",Manhattan,NY,United States,Not specified,,,,Core Space,2026-09-22,2026-09-22,https://wellfound.com/jobs/3126751-scientific-implementation-associate,linked_page,4,success_after_fallback
ec4379c3ed08,2026-09-22,ba37ca62f760,echo3D,https://www.echo3d.co/,https://wellfound.com/jobs/3126751-scientific-implementation-associate,Customer Success Manager (CSM) $160k – $200k,https://wellfound.com/jobs/3338708-customer-success-manager-csm,"Manhattan, NY, United States",Manhattan,NY,United States,Not specified,,,,Core Space,2026-09-22,2026-09-22,https://wellfound.com/jobs/3126751-scientific-implementation-associate,linked_page,4,success_after_fallback
4cbc062b5a3f,2026-09-22,ba37ca62f760,echo3D,https://www.echo3d.co/,https://wellfound.com/jobs/3126751-scientific-implementation-associate,Customer Success Manager $140k – $210k,https://wellfound.com/jobs/3528747-customer-success-manager,"Manhattan, NY, United States",Manhattan,NY,United States,Not specified,,,,Core Space,2026-09-22,2026-09-22,https://wellfound.com/jobs/3126751-scientific-implementation-associate,linked_page,4,success_after_fallback
2c010feac993,2026-09-22,ba37ca62f760,echo3D,https://www.echo3d.co/,https://wellfound.com/jobs/3126751-scientific-implementation-associate,Strategic Customer Success Manager - Americas $150k – $189k,https://wellfound.com/jobs/3532296-2-strategic-customer-success-manager-americas,"Manhattan, NY, United States",Manhattan,NY,United States,Not specified,,,,Core Space,2026-09-22,2026-09-22,https://wellfound.com/jobs/3126751-scientific-implementation-associate,linked_page,4,success_after_fallback
070728499f89,2026-09-22,ba37ca62f760,echo3D,https://www.echo3d.co/,https://wellfound.com/jobs/3126751-scientific-implementation-associate,Senior Account Manager (Pharma & Life Sciences) $80k – $100k • No equity,https://wellfound.com/jobs/3540750-senior-account-manager-pharma-life-sciences,"Manhattan, NY, United States",Manhattan,NY,United States,Not specified,,,,Core Space,2026-09-22,2026-09-22,https://wellfound.com/jobs/3126751-scientific-implementation-associate,linked_page,4,success_after_fallback
508bc57343f0,2026-09-22,ba37ca62f760,echo3D,https://www.echo3d.co/,https://wellfound.com/jobs/3126751-scientific-implementation-associate,Enterprise Customer Success Manager $133k – $166k,https://wellfound.com/jobs/3652065-enterprise-customer-success-manager,"Manhattan, NY, United States",Manhattan,NY,United States,Not specified,,,,Core Space,2026-09-22,2026-09-22,https://wellfound.com/jobs/3126751-scientific-implementation-associate,linked_page,4,success_after_fallback
9c22f5184a90,2026-09-22,ba37ca62f760,echo3D,https://www.echo3d.co/,https://wellfound.com/jobs/3126751-scientific-implementation-associate,Customer Success Manager $120k – $160k,https://wellfound.com/jobs/3670230-customer-success-manager,"Manhattan, NY, United States",Manhattan,NY,United States,Not specified,,,,Core Space,2026-09-22,2026-09-22,https://wellfound.com/jobs/3126751-scientific-implementation-associate,linked_page,4,success_after_fallback
93df433add06,2026-09-22,b0d788b8ea7e,ENSCO Avionics,https://www.ensco.com/aerospace/avionics-engineering-certification,https://job-boards.greenhouse.io/ensco,"Assistant Controller Vienna, Virginia, United States",https://job-boards.greenhouse.io/ensco/jobs/5389049008,"Vienna, Virginia, United States",Vienna,VA,United States,Not specified,,,,Aerospace,2026-09-22,2026-09-22,https://job-boards.greenhouse.io/ensco,known_careers_url,5,success
18bbfc625340,2026-09-22,b0d788b8ea7e,ENSCO Avionics,https://www.ensco.com/aerospace/avionics-engineering-certification,https://job-boards.greenhouse.io/ensco,"Avionics Software Engineer III Endicott, New York, United States",https://job-boards.greenhouse.io/ensco/jobs/5160122008,"Endicott, New York, United States",Endicott,NY,United States,Not specified,,,,Aerospace,2026-09-22,2026-09-22,https://job-boards.greenhouse.io/ensco,known_careers_url,5,success
416a4b57805b,2026-09-22,b0d788b8ea7e,ENSCO Avionics,https://www.ensco.com/aerospace/avionics-engineering-certification,https://job-boards.greenhouse.io/ensco,"Business Development Director for the Intelligence Community New Chantilly, Virginia, United States",https://job-boards.greenhouse.io/ensco/jobs/5424584008,"Chantilly, Virginia, United States",Chantilly,VA,United States,Not specified,,,,Aerospace,2026-09-22,2026-09-22,https://job-boards.greenhouse.io/ensco,known_careers_url,5,success
85bbff793bfc,2026-09-22,b0d788b8ea7e,ENSCO Avionics,https://www.ensco.com/aerospace/avionics-engineering-certification,https://job-boards.greenhouse.io/ensco,"Configuration Management Specialist El Segundo, California, United States",https://job-boards.greenhouse.io/ensco/jobs/5361928008,"El Segundo, California, United States",El Segundo,CA,United States,Not specified,,,,Aerospace,2026-09-22,2026-09-22,https://job-boards.greenhouse.io/ensco,known_careers_url,5,success
96c33551a0c9,2026-09-22,b0d788b8ea7e,ENSCO Avionics,https://www.ensco.com/aerospace/avionics-engineering-certification,https://job-boards.greenhouse.io/ensco,"DCO-S Technician New Colorado Springs, Colorado, United States",https://job-boards.greenhouse.io/ensco/jobs/5421143008,"Colorado Springs, Colorado, United States",Colorado Springs,CO,United States,Not specified,,,,Aerospace,2026-09-22,2026-09-22,https://job-boards.greenhouse.io/ensco,known_careers_url,5,success
78d0b807ba6a,2026-09-22,b0d788b8ea7e,ENSCO Avionics,https://www.ensco.com/aerospace/avionics-engineering-certification,https://job-boards.greenhouse.io/ensco,"Electrical Engineer / Board Designer Endicott, New York, United States",https://job-boards.greenhouse.io/ensco/jobs/5349135008,"Endicott, New York, United States",Endicott,NY,United States,Not specified,,,,Aerospace,2026-09-22,2026-09-22,https://job-boards.greenhouse.io/ensco,known_careers_url,5,success
08b2d8483858,2026-09-22,b0d788b8ea7e,ENSCO Avionics,https://www.ensco.com/aerospace/avionics-engineering-certification,https://job-boards.greenhouse.io/ensco,"Embedded Software Engineer Endicott, New York, United States",https://job-boards.greenhouse.io/ensco/jobs/5349198008,"Endicott, New York, United States",Endicott,NY,United States,Not specified,,,,Aerospace,2026-09-22,2026-09-22,https://job-boards.greenhouse.io/ensco,known_careers_url,5,success
0cb6758b522a,2026-09-22,b0d788b8ea7e,ENSCO Avionics,https://www.ensco.com/aerospace/avionics-engineering-certification,https://job-boards.greenhouse.io/ensco,"Environmental Health & Safety (EHS) Specialist Pueblo, Colorado, United States",https://job-boards.greenhouse.io/ensco/jobs/5380647008,"Pueblo, Colorado, United States",Pueblo,CO,United States,Not specified,,,,Aerospace,2026-09-22,2026-09-22,https://job-boards.greenhouse.io/ensco,known_careers_url,5,success
44cec47aec75,2026-09-22,b0d788b8ea7e,ENSCO Avionics,https://www.ensco.com/aerospace/avionics-engineering-certification,https://job-boards.greenhouse.io/ensco,"Field Service Engineer Chambersburg, Pennsylvania, United States",https://job-boards.greenhouse.io/ensco/jobs/5268029008,"Chambersburg, Pennsylvania, United States",Chambersburg,PA,United States,Not specified,,,,Aerospace,2026-09-22,2026-09-22,https://job-boards.greenhouse.io/ensco,known_careers_url,5,success
0a8d11a57921,2026-09-22,b0d788b8ea7e,ENSCO Avionics,https://www.ensco.com/aerospace/avionics-engineering-certification,https://job-boards.greenhouse.io/ensco,"FPGA Designer Endicott, New York, United States",https://job-boards.greenhouse.io/ensco/jobs/5349060008,"Endicott, New York, United States",Endicott,NY,United States,Not specified,,,,Aerospace,2026-09-22,2026-09-22,https://job-boards.greenhouse.io/ensco,known_careers_url,5,success
9efbb6b72098,2026-09-22,b0d788b8ea7e,ENSCO Avionics,https://www.ensco.com/aerospace/avionics-engineering-certification,https://job-boards.greenhouse.io/ensco,"Junior Technician Chambersburg, Pennsylvania, United States",https://job-boards.greenhouse.io/ensco/jobs/5238947008,"Chambersburg, Pennsylvania, United States",Chambersburg,PA,United States,Not specified,,,,Aerospace,2026-09-22,2026-09-22,https://job-boards.greenhouse.io/ensco,known_careers_url,5,success
58f245b6716a,2026-09-22,b0d788b8ea7e,ENSCO Avionics,https://www.ensco.com/aerospace/avionics-engineering-certification,https://job-boards.greenhouse.io/ensco,"Mechanical Engineer Endicott, New York, United States",https://job-boards.greenhouse.io/ensco/jobs/5350248008,"Endicott, New York, United States",Endicott,NY,United States,Not specified,,,,Aerospace,2026-09-22,2026-09-22,https://job-boards.greenhouse.io/ensco,known_careers_url,5,success
715baa73919d,2026-09-22,b0d788b8ea7e,ENSCO Avionics,https://www.ensco.com/aerospace/avionics-engineering-certification,https://job-boards.greenhouse.io/ensco,"Operations Planner Colorado Springs, Colorado, United States",https://job-boards.greenhouse.io/ensco/jobs/5397506008,"Colorado Springs, Colorado, United States",Colorado Springs,CO,United States,Not specified,,,,Aerospace,2026-09-22,2026-09-22,https://job-boards.greenhouse.io/ensco,known_careers_url,5,success
0bbc97ba3dfd,2026-09-22,b0d788b8ea7e,ENSCO Avionics,https://www.ensco.com/aerospace/avionics-engineering-certification,https://job-boards.greenhouse.io/ensco,"Program Security Specialist Albuquerque, New Mexico, United States",https://job-boards.greenhouse.io/ensco/jobs/5398570008,"Albuquerque, New Mexico, United States",Albuquerque,NM,United States,Not specified,,,,Aerospace,2026-09-22,2026-09-22,https://job-boards.greenhouse.io/ensco,known_careers_url,5,success
4f9c817b4bb6,2026-09-22,b0d788b8ea7e,ENSCO Avionics,https://www.ensco.com/aerospace/avionics-engineering-certification,https://job-boards.greenhouse.io/ensco,"Project Manager Hauppauge, New York, United States",https://job-boards.greenhouse.io/ensco/jobs/5415468008,"Hauppauge, New York, United States",Hauppauge,NY,United States,Not specified,,,,Aerospace,2026-09-22,2026-09-22,https://job-boards.greenhouse.io/ensco,known_careers_url,5,success
bb1cf2beebf1,2026-09-22,b0d788b8ea7e,ENSCO Avionics,https://www.ensco.com/aerospace/avionics-engineering-certification,https://job-boards.greenhouse.io/ensco,"Senior Billing Specialist Vienna, Virginia, United States",https://job-boards.greenhouse.io/ensco/jobs/5416741008,"Vienna, Virginia, United States",Vienna,VA,United States,Not specified,,,,Aerospace,2026-09-22,2026-09-22,https://job-boards.greenhouse.io/ensco,known_careers_url,5,success
48ccc2c05d56,2026-09-22,b0d788b8ea7e,ENSCO Avionics,https://www.ensco.com/aerospace/avionics-engineering-certification,https://job-boards.greenhouse.io/ensco,"Senior Cybersecurity Engineer El Segundo, California, United States",https://job-boards.greenhouse.io/ensco/jobs/5416660008,"El Segundo, California, United States",El Segundo,CA,United States,Not specified,,,,Aerospace,2026-09-22,2026-09-22,https://job-boards.greenhouse.io/ensco,known_careers_url,5,success
fbf9a39f69a3,2026-09-22,b0d788b8ea7e,ENSCO Avionics,https://www.ensco.com/aerospace/avionics-engineering-certification,https://job-boards.greenhouse.io/ensco,"Senior Operations Planner Colorado Springs, Colorado, United States",https://job-boards.greenhouse.io/ensco/jobs/5398007008,"Colorado Springs, Colorado, United States",Colorado Springs,CO,United States,Not specified,,,,Aerospace,2026-09-22,2026-09-22,https://job-boards.greenhouse.io/ensco,known_careers_url,5,success
6ad05658c5e8,2026-09-22,b0d788b8ea7e,ENSCO Avionics,https://www.ensco.com/aerospace/avionics-engineering-certification,https://job-boards.greenhouse.io/ensco,"Senior Project Manager Pueblo, Colorado, United States",https://job-boards.greenhouse.io/ensco/jobs/5384887008,"Pueblo, Colorado, United States",Pueblo,CO,United States,Not specified,,,,Aerospace,2026-09-22,2026-09-22,https://job-boards.greenhouse.io/ensco,known_careers_url,5,success
46b275c7c3e4,2026-09-22,b0d788b8ea7e,ENSCO Avionics,https://www.ensco.com/aerospace/avionics-engineering-certification,https://job-boards.greenhouse.io/ensco,"Senior Software Architect El Segundo, California, United States",https://job-boards.greenhouse.io/ensco/jobs/5416603008,"El Segundo, California, United States",El Segundo,CA,United States,Not specified,,,,Aerospace,2026-09-22,2026-09-22,https://job-boards.greenhouse.io/ensco,known_careers_url,5,success
4e41a2ff7770,2026-09-22,b0d788b8ea7e,ENSCO Avionics,https://www.ensco.com/aerospace/avionics-engineering-certification,https://job-boards.greenhouse.io/ensco,"Senior Software Systems Engineer Endicott, New York, United States",https://job-boards.greenhouse.io/ensco/jobs/5219423008,"Endicott, New York, United States",Endicott,NY,United States,Not specified,,,,Aerospace,2026-09-22,2026-09-22,https://job-boards.greenhouse.io/ensco,known_careers_url,5,success
e36cb3cede9d,2026-09-22,b0d788b8ea7e,ENSCO Avionics,https://www.ensco.com/aerospace/avionics-engineering-certification,https://job-boards.greenhouse.io/ensco,"Senior Staff Engineer Colorado Springs, Colorado, United States",https://job-boards.greenhouse.io/ensco/jobs/5398017008,"Colorado Springs, Colorado, United States",Colorado Springs,CO,United States,Not specified,,,,Aerospace,2026-09-22,2026-09-22,https://job-boards.greenhouse.io/ensco,known_careers_url,5,success
e45ecb785305,2026-09-22,b0d788b8ea7e,ENSCO Avionics,https://www.ensco.com/aerospace/avionics-engineering-certification,https://job-boards.greenhouse.io/ensco,"Senior Staff Solutions Architect New Albuquerque, New Mexico, United States",https://job-boards.greenhouse.io/ensco/jobs/5428599008,"Albuquerque, New Mexico, United States",Albuquerque,NM,United States,Not specified,,,,Aerospace,2026-09-22,2026-09-22,https://job-boards.greenhouse.io/ensco,known_careers_url,5,success
59c84a5b209a,2026-09-22,b0d788b8ea7e,ENSCO Avionics,https://www.ensco.com/aerospace/avionics-engineering-certification,https://job-boards.greenhouse.io/ensco,"Senior Sustainment Systems Engineer Colorado Springs, Colorado, United States",https://job-boards.greenhouse.io/ensco/jobs/5231434008,"Colorado Springs, Colorado, United States",Colorado Springs,CO,United States,Not specified,,,,Aerospace,2026-09-22,2026-09-22,https://job-boards.greenhouse.io/ensco,known_careers_url,5,success
c5a9c57b8bab,2026-09-22,b0d788b8ea7e,ENSCO Avionics,https://www.ensco.com/aerospace/avionics-engineering-certification,https://job-boards.greenhouse.io/ensco,"Senior Systems Engineer El Segundo, California, United States",https://job-boards.greenhouse.io/ensco/jobs/5416573008,"El Segundo, California, United States",El Segundo,CA,United States,Not specified,,,,Aerospace,2026-09-22,2026-09-22,https://job-boards.greenhouse.io/ensco,known_careers_url,5,success
5f6b0cc1fb90,2026-09-22,b0d788b8ea7e,ENSCO Avionics,https://www.ensco.com/aerospace/avionics-engineering-certification,https://job-boards.greenhouse.io/ensco,"Senior Technologist, Multi-Domain Joint Operations & Technology Transition Arlington, Virginia, United States",https://job-boards.greenhouse.io/ensco/jobs/5418680008,"Arlington, Virginia, United States",Arlington,VA,United States,Not specified,,,,Aerospace,2026-09-22,2026-09-22,https://job-boards.greenhouse.io/ensco,known_careers_url,5,success
5e21881dd2f0,2026-09-22,b0d788b8ea7e,ENSCO Avionics,https://www.ensco.com/aerospace/avionics-engineering-certification,https://job-boards.greenhouse.io/ensco,"Software Delivery Lead Colorado Springs, Colorado, United States; El Segundo, California, United States",https://job-boards.greenhouse.io/ensco/jobs/5361886008,"Colorado Springs, Colorado, United States; El Segundo, California, United States",Colorado Springs,CO,United States,Not specified,,,,Aerospace,2026-09-22,2026-09-22,https://job-boards.greenhouse.io/ensco,known_careers_url,5,success
4240676814b9,2026-09-22,b0d788b8ea7e,ENSCO Avionics,https://www.ensco.com/aerospace/avionics-engineering-certification,https://job-boards.greenhouse.io/ensco,"Software Developer Colorado Springs, Colorado, United States",https://job-boards.greenhouse.io/ensco/jobs/5287243008,"Colorado Springs, Colorado, United States",Colorado Springs,CO,United States,Not specified,,,,Aerospace,2026-09-22,2026-09-22,https://job-boards.greenhouse.io/ensco,known_careers_url,5,success
2b0fe1affc44,2026-09-22,b0d788b8ea7e,ENSCO Avionics,https://www.ensco.com/aerospace/avionics-engineering-certification,https://job-boards.greenhouse.io/ensco,"Software Developer Melbourne, Florida, United States",https://job-boards.greenhouse.io/ensco/jobs/5384918008,"Melbourne, Florida, United States",Melbourne,FL,United States,Not specified,,,,Aerospace,2026-09-22,2026-09-22,https://job-boards.greenhouse.io/ensco,known_careers_url,5,success
49d8eb860e09,2026-09-22,b0d788b8ea7e,ENSCO Avionics,https://www.ensco.com/aerospace/avionics-engineering-certification,https://job-boards.greenhouse.io/ensco,"Software Verification Engineer Endicott, New York, United States",https://job-boards.greenhouse.io/ensco/jobs/5078558008,"Endicott, New York, United States",Endicott,NY,United States,Not specified,,,,Aerospace,2026-09-22,2026-09-22,https://job-boards.greenhouse.io/ensco,known_careers_url,5,success
093154c2f256,2026-09-22,b0d788b8ea7e,ENSCO Avionics,https://www.ensco.com/aerospace/avionics-engineering-certification,https://job-boards.greenhouse.io/ensco,"Strategic MBSE Requirements & ICD Lead El Segundo, California, United States",https://job-boards.greenhouse.io/ensco/jobs/5362002008,"El Segundo, California, United States",El Segundo,CA,United States,Not specified,,,,Aerospace,2026-09-22,2026-09-22,https://job-boards.greenhouse.io/ensco,known_careers_url,5,success
9fb03e5525ff,2026-09-22,b0d788b8ea7e,ENSCO Avionics,https://www.ensco.com/aerospace/avionics-engineering-certification,https://job-boards.greenhouse.io/ensco,"Sustainment Test & Evaluation Engineer Colorado Springs, Colorado, United States",https://job-boards.greenhouse.io/ensco/jobs/5264672008,"Colorado Springs, Colorado, United States",Colorado Springs,CO,United States,Not specified,,,,Aerospace,2026-09-22,2026-09-22,https://job-boards.greenhouse.io/ensco,known_careers_url,5,success
b4856c49793d,2026-09-22,b0d788b8ea7e,ENSCO Avionics,https://www.ensco.com/aerospace/avionics-engineering-certification,https://job-boards.greenhouse.io/ensco,"Systems Engineer - Mission Integration & Capability Delivery Albuquerque, New Mexico, United States",https://job-boards.greenhouse.io/ensco/jobs/5397561008,"Albuquerque, New Mexico, United States",Albuquerque,NM,United States,Not specified,,,,Aerospace,2026-09-22,2026-09-22,https://job-boards.greenhouse.io/ensco,known_careers_url,5,success
57d2cd24fa06,2026-09-22,b0d788b8ea7e,ENSCO Avionics,https://www.ensco.com/aerospace/avionics-engineering-certification,https://job-boards.greenhouse.io/ensco,"Systems Integration and Test Engineer El Segundo, California, United States",https://job-boards.greenhouse.io/ensco/jobs/5416619008,"El Segundo, California, United States",El Segundo,CA,United States,Not specified,,,,Aerospace,2026-09-22,2026-09-22,https://job-boards.greenhouse.io/ensco,known_careers_url,5,success
f8050b49cc1e,2026-09-22,b0d788b8ea7e,ENSCO Avionics,https://www.ensco.com/aerospace/avionics-engineering-certification,https://job-boards.greenhouse.io/ensco,"Technical Director Albuquerque, New Mexico, United States",https://job-boards.greenhouse.io/ensco/jobs/5398092008,"Albuquerque, New Mexico, United States",Albuquerque,NM,United States,Not specified,,,,Aerospace,2026-09-22,2026-09-22,https://job-boards.greenhouse.io/ensco,known_careers_url,5,success
10176d1dcf90,2026-09-22,b0d788b8ea7e,ENSCO Avionics,https://www.ensco.com/aerospace/avionics-engineering-certification,https://job-boards.greenhouse.io/ensco,"Test Equipment Engineer Endicott, New York, United States",https://job-boards.greenhouse.io/ensco/jobs/5285597008,"Endicott, New York, United States",Endicott,NY,United States,Not specified,,,,Aerospace,2026-09-22,2026-09-22,https://job-boards.greenhouse.io/ensco,known_careers_url,5,success
9cfddcfe56de,2026-09-22,b0d788b8ea7e,ENSCO Avionics,https://www.ensco.com/aerospace/avionics-engineering-certification,https://job-boards.greenhouse.io/ensco,"Travel Technician New Chambersburg, Pennsylvania, United States",https://job-boards.greenhouse.io/ensco/jobs/5426063008,"Chambersburg, Pennsylvania, United States",Chambersburg,PA,United States,Not specified,,,,Aerospace,2026-09-22,2026-09-22,https://job-boards.greenhouse.io/ensco,known_careers_url,5,success
26df85f81c5f,2026-09-22,5e6b2d8a10cd,Flexim Americas,https://www.flexim.com/us,https://joinhandshake.com/early-talent-awards/2026/emerson,Graduate Sales Engineer,https://app.joinhandshake.com/public/jobs/11444423,"Austin, Texas, US",Austin,TX,United States,Not specified,,,,Aerospace,2026-09-22,2026-09-22,https://joinhandshake.com/early-talent-awards/2026/emerson,linked_page,4,success_after_fallback
bba5b18dbd87,2026-09-22,5e6b2d8a10cd,Flexim Americas,https://www.flexim.com/us,https://joinhandshake.com/early-talent-awards/2026/emerson,Sales Development Engineer Intern,https://app.joinhandshake.com/public/jobs/11444363,"Austin, Texas, US",Austin,TX,United States,Not specified,,,,Aerospace,2026-09-22,2026-09-22,https://joinhandshake.com/early-talent-awards/2026/emerson,linked_page,4,success_after_fallback
4ff1f6ece90c,2026-09-22,5e6b2d8a10cd,Flexim Americas,https://www.flexim.com/us,https://joinhandshake.com/students/whos-hiring,"Engineering Intern, Agentic AI Systems at equitar",https://app.joinhandshake.com/public/jobs/11465011,"Brentwood, NY, United States",Brentwood,NY,United States,Not specified,,,,Aerospace,2026-09-22,2026-09-22,https://joinhandshake.com/students/whos-hiring,linked_page,4,success_after_fallback
66bc8f262fb2,2026-09-22,5e6b2d8a10cd,Flexim Americas,https://www.flexim.com/us,https://joinhandshake.com/students/whos-hiring,ITS Analyst Intern at Mortenson,https://app.joinhandshake.com/public/jobs/11293943,"Brentwood, NY, United States",Brentwood,NY,United States,Not specified,,,,Aerospace,2026-09-22,2026-09-22,https://joinhandshake.com/students/whos-hiring,linked_page,4,success_after_fallback
f2930a4b83ba,2026-09-22,5e6b2d8a10cd,Flexim Americas,https://www.flexim.com/us,https://joinhandshake.com/students/whos-hiring,"Influencer Marketing Intern at Evermark, LLC.",https://app.joinhandshake.com/public/jobs/11464916,"Brentwood, NY, United States",Brentwood,NY,United States,Remote,,,,Aerospace,2026-09-22,2026-09-22,https://joinhandshake.com/students/whos-hiring,linked_page,4,success_after_fallback
8eefe57f5e1a,2026-09-22,5e6b2d8a10cd,Flexim Americas,https://www.flexim.com/us,https://joinhandshake.com/students/whos-hiring,Administrative Intern at The Center for Arts & Innovation,https://app.joinhandshake.com/public/jobs/11464887,"Brentwood, NY, United States",Brentwood,NY,United States,Not specified,,,,Aerospace,2026-09-22,2026-09-22,https://joinhandshake.com/students/whos-hiring,linked_page,4,success_after_fallback
d9c359141299,2026-09-22,5e6b2d8a10cd,Flexim Americas,https://www.flexim.com/us,https://joinhandshake.com/students/whos-hiring,"Summer Internship Project Engineer at Holladay Construction Group, LLC",https://app.joinhandshake.com/public/jobs/11464879,"Brentwood, NY, United States",Brentwood,NY,United States,Not specified,,,,Aerospace,2026-09-22,2026-09-22,https://joinhandshake.com/students/whos-hiring,linked_page,4,success_after_fallback
a6edcd14b3fb,2026-09-22,5e6b2d8a10cd,Flexim Americas,https://www.flexim.com/us,https://joinhandshake.com/students/whos-hiring,Marketing Intern at Wed Society Northern Virginia,https://app.joinhandshake.com/public/jobs/11464875,"Brentwood, NY, United States",Brentwood,NY,United States,Not specified,,,,Aerospace,2026-09-22,2026-09-22,https://joinhandshake.com/students/whos-hiring,linked_page,4,success_after_fallback
655d4c343a3e,2026-09-22,5e6b2d8a10cd,Flexim Americas,https://www.flexim.com/us,https://joinhandshake.com/students/whos-hiring,Operations Lead at TotalCare,https://app.joinhandshake.com/public/jobs/11464962,"Brentwood, NY, United States",Brentwood,NY,United States,Not specified,,,,Aerospace,2026-09-22,2026-09-22,https://joinhandshake.com/students/whos-hiring,linked_page,4,success_after_fallback
68593304c449,2026-09-22,5e6b2d8a10cd,Flexim Americas,https://www.flexim.com/us,https://joinhandshake.com/students/whos-hiring,Security Officer Part Time Screening Operations at Allied Universal,https://app.joinhandshake.com/public/jobs/11465008,"Brentwood, NY, United States",Brentwood,NY,United States,Not specified,,,,Aerospace,2026-09-22,2026-09-22,https://joinhandshake.com/students/whos-hiring,linked_page,4,success_after_fallback
bd48fc543a63,2026-09-22,9c006685bfd8,General Dynamics,https://www.gdit.com/,https://www.gdit.com/careers/areas-of-expertise,Corporate Operations,https://www.gdit.com/careers/featured-career-paths/corporate-operations,"Rensselaer, NY, United States",Rensselaer,NY,United States,Not specified,,,,Core Space,2026-09-22,2026-09-22,https://www.gdit.com/careers/areas-of-expertise,linked_page,3,success_after_fallback
8cc96cd7ca2c,2026-09-22,22f272cffdda,GI Aerospace,https://www.giaerospace.com/,https://www.gicorp.com/careers/opportunities,Procurement and Sales Coordinator,https://www.gicorp.com/careers/engineering/311-procurement-sales-coordinator,"Kochi, Kerala, India",Kochi,Kerala,India,Not specified,,,,Aerospace,2026-09-22,2026-09-22,https://www.gicorp.com/careers/opportunities,known_careers_url,4,success
73d48c20870d,2026-09-22,22f272cffdda,GI Aerospace,https://www.giaerospace.com/,https://www.gicorp.com/careers/opportunities,Procurement and Sales Coordinator,https://www.gicorp.com/careers/engineering/312-procurement-sales-coordinator,"Dubai, United Arab Emirates",Dubai,,United Arab Emirates,Not specified,,,,Aerospace,2026-09-22,2026-09-22,https://www.gicorp.com/careers/opportunities,known_careers_url,4,success
6980f4a1dae3,2026-09-22,22f272cffdda,GI Aerospace,https://www.giaerospace.com/,https://www.gicorp.com/careers/opportunities,CNC Swiss Lathe Operator - Air Conditioned Facility,https://www.gicorp.com/careers/corp/740-cnc-lathe-machinist,"Houston, TX, United States",Houston,TX,United States,Not specified,,,,Aerospace,2026-09-22,2026-09-22,https://www.gicorp.com/careers/opportunities,known_careers_url,4,success
16834486b237,2026-09-22,22f272cffdda,GI Aerospace,https://www.giaerospace.com/,https://www.gicorp.com/careers/opportunities,Warehouse Associate / Packer,https://www.gicorp.com/careers/pacificsystems/902-warehouse-associate,"Houston, TX, United States",Houston,TX,United States,Not specified,,,,Aerospace,2026-09-22,2026-09-22,https://www.gicorp.com/careers/opportunities,known_careers_url,4,success
e1334ec3197a,2026-09-22,22f272cffdda,GI Aerospace,https://www.giaerospace.com/,https://www.gicorp.com/careers/opportunities,DoD Contractor - Military Packaging Associate,https://www.gicorp.com/careers/pacificsystems/901-packaging-administrator,"Houston, TX, United States",Houston,TX,United States,Not specified,,,,Aerospace,2026-09-22,2026-09-22,https://www.gicorp.com/careers/opportunities,known_careers_url,4,success
cf76937925a1,2026-09-22,22f272cffdda,GI Aerospace,https://www.giaerospace.com/,https://www.gicorp.com/careers/opportunities,Full-Stack Developer - Python & Javascript,https://www.gicorp.com/careers/corp/731-full-stack-developer,"Kochi, Kerala, India",Kochi,Kerala,India,Not specified,,,,Aerospace,2026-09-22,2026-09-22,https://www.gicorp.com/careers/opportunities,known_careers_url,4,success
6c8504dad2fd,2026-09-22,22f272cffdda,GI Aerospace,https://www.giaerospace.com/,https://www.gicorp.com/careers/opportunities,Python Developer - Django,https://www.gicorp.com/careers/corp/732-python-developer-django,"Kochi, Kerala, India",Kochi,Kerala,India,Not specified,,,,Aerospace,2026-09-22,2026-09-22,https://www.gicorp.com/careers/opportunities,known_careers_url,4,success
1e0fd893ba57,2026-09-22,22f272cffdda,GI Aerospace,https://www.giaerospace.com/,https://www.gicorp.com/careers/opportunities,UI / UX Designer,https://www.gicorp.com/careers/consulting/706-ui-ux-designer,"Kochi, Kerala, India",Kochi,Kerala,India,Not specified,,,,Aerospace,2026-09-22,2026-09-22,https://www.gicorp.com/careers/opportunities,known_careers_url,4,success
40ffeb81575d,2026-09-22,22f272cffdda,GI Aerospace,https://www.giaerospace.com/,https://www.gicorp.com/careers/opportunities,Creative Designer - Web and Print,https://www.gicorp.com/careers/corp/734-creative-designer,"Kochi, Kerala, India",Kochi,Kerala,India,Not specified,,,,Aerospace,2026-09-22,2026-09-22,https://www.gicorp.com/careers/opportunities,known_careers_url,4,success
1255dd6cfdd8,2026-09-22,22f272cffdda,GI Aerospace,https://www.giaerospace.com/,https://www.gicorp.com/careers/opportunities,Windows System Administrator,https://www.gicorp.com/careers/corp/738-windows-system-administrator,"Kochi, Kerala, India",Kochi,Kerala,India,Not specified,,,,Aerospace,2026-09-22,2026-09-22,https://www.gicorp.com/careers/opportunities,known_careers_url,4,success
fff41ec9a9cb,2026-09-22,22f272cffdda,GI Aerospace,https://www.giaerospace.com/,https://www.gicorp.com/careers/opportunities,EU Operations & Sales Manager,https://www.gicorp.com/careers/europe/501-eu-operations-sales-manager,"Rotterdam, Netherlands",Rotterdam,,Netherlands,Not specified,,,,Aerospace,2026-09-22,2026-09-22,https://www.gicorp.com/careers/opportunities,known_careers_url,4,success
0c572d500ee6,2026-09-22,22f272cffdda,GI Aerospace,https://www.giaerospace.com/,https://www.gicorp.com/careers/opportunities,Aircraft Assembly Tools - Sales,https://www.gicorp.com/careers/wescon/405-aircraft-assembly-tools-sales,"Houston, TX, United States",Houston,TX,United States,Not specified,,,,Aerospace,2026-09-22,2026-09-22,https://www.gicorp.com/careers/opportunities,known_careers_url,4,success
3f5004c79f36,2026-09-22,22f272cffdda,GI Aerospace,https://www.giaerospace.com/,https://www.gicorp.com/careers/opportunities,Sales Engineer - Electrical,https://www.gicorp.com/careers/engineering/315-sales-engineer-elecrical,"Kochi, Kerala, India",Kochi,Kerala,India,Not specified,,,,Aerospace,2026-09-22,2026-09-22,https://www.gicorp.com/careers/opportunities,known_careers_url,4,success
c9b04257d48a,2026-09-22,22f272cffdda,GI Aerospace,https://www.giaerospace.com/,https://www.gicorp.com/careers/opportunities,Power Transformers (132kV and above) Testing & Commissioning Engineer,https://www.gicorp.com/careers/engineering/307-Transformer-Testing-Commissioning-Engineer,"Dubai, United Arab Emirates",Dubai,,United Arab Emirates,Not specified,,,,Aerospace,2026-09-22,2026-09-22,https://www.gicorp.com/careers/opportunities,known_careers_url,4,success
9dd297bf7d6b,2026-09-22,22f272cffdda,GI Aerospace,https://www.giaerospace.com/,https://www.gicorp.com/careers/opportunities,Aviation Tools Sales Manager - Europe,https://www.gicorp.com/careers/wescon/403-aviation-tools-sales-manager-europe,"United Kingdom, European Union",,,United Kingdom,Not specified,,,,Aerospace,2026-09-22,2026-09-22,https://www.gicorp.com/careers/opportunities,known_careers_url,4,success
348a3cd2baa2,2026-09-22,22f272cffdda,GI Aerospace,https://www.giaerospace.com/,https://www.gicorp.com/careers/opportunities,Aviation Tools Sales Manager - United States,https://www.gicorp.com/careers/wescon/401-aviation-tools-sales-manager-united-states,"Houston, TX, United States",Houston,TX,United States,Not specified,,,,Aerospace,2026-09-22,2026-09-22,https://www.gicorp.com/careers/opportunities,known_careers_url,4,success
44617c16a82a,2026-09-22,22f272cffdda,GI Aerospace,https://www.giaerospace.com/,https://www.gicorp.com/careers/corp/742-cnc-swiss-lathe-programmer,CNC Swiss Lathe Programmer - Air Conditioned Facility,https://www.gicorp.com/careers/corp/742-cnc-swiss-lathe-programmer,"Austin, TX, United States, Austin, TX, United States, US",Austin,TX,United States,Not specified,,,,Aerospace,2026-09-22,2026-09-22,https://www.gicorp.com/careers/corp/742-cnc-swiss-lathe-programmer,linked_page,3,success_after_fallback
7b7751014110,2026-09-22,22f272cffdda,GI Aerospace,https://www.giaerospace.com/,https://www.gicorp.com/careers/corp/742-cnc-swiss-lathe-programmer,"Read, interpret, and work from complex blueprints and engineering drawings.",https://www.gicorp.com/careers/corp/apply,"Queens, NY, United States",Queens,NY,United States,Not specified,,,,Aerospace,2026-09-22,2026-09-22,https://www.gicorp.com/careers/corp/742-cnc-swiss-lathe-programmer,linked_page,3,success_after_fallback
9548940e9a5e,2026-09-22,22f272cffdda,GI Aerospace,https://www.giaerospace.com/,https://www.gicorp.com/careers/corp/741-cnc-swiss-lathe-programmer,CNC Mill Programmer - Air Conditioned Facility,https://www.gicorp.com/careers/corp/741-cnc-swiss-lathe-programmer,"Houston, TX, United States, Houston, TX, United States, US",Houston,TX,United States,Not specified,,,,Aerospace,2026-09-22,2026-09-22,https://www.gicorp.com/careers/corp/741-cnc-swiss-lathe-programmer,linked_page,3,success_after_fallback
557fb95a533a,2026-09-22,22f272cffdda,GI Aerospace,https://www.giaerospace.com/,https://www.gicorp.com/careers/corp/743-cnc-mill-programmer,CNC Mill Programmer - Air Conditioned Facility,https://www.gicorp.com/careers/corp/743-cnc-mill-programmer,"Houston, TX, United States, Houston, TX, United States, US",Houston,TX,United States,Not specified,,,,Aerospace,2026-09-22,2026-09-22,https://www.gicorp.com/careers/corp/743-cnc-mill-programmer,linked_page,3,success_after_fallback
35021aeedbd6,2026-09-22,22f272cffdda,GI Aerospace,https://www.giaerospace.com/,https://www.gicorp.com/careers/pacificsystems/902-warehouse-associate,Warehouse Associate / Packer,https://www.gicorp.com/careers/pacificsystems/apply,"Queens, NY, United States",Queens,NY,United States,Not specified,,,,Aerospace,2026-09-22,2026-09-22,https://www.gicorp.com/careers/pacificsystems/902-warehouse-associate,linked_page,3,success_after_fallback
ae7618754ce9,2026-09-22,9aece7086b18,Huntington Ingalls Industries,https://hii.com/,https://careers.huntingtoningalls.com/search?q=&locationsearch=Pascagoula%2C+MS&sortColumn=referencedate&sortDirection=desc&searchby=location&d=10,DESIGNER 1,https://careers.huntingtoningalls.com/job/Pascagoula-DESIGNER-1-Miss/1419008500,"Syracuse, NY, United States",Syracuse,NY,United States,Not specified,,,,Space & Defense,2026-09-22,2026-09-22,https://careers.huntingtoningalls.com/search?q=&locationsearch=Pascagoula%2C+MS&sortColumn=referencedate&sortDirection=desc&searchby=location&d=10,known_careers_url,4,success
a7756e026b6a,2026-09-22,9aece7086b18,Huntington Ingalls Industries,https://hii.com/,https://careers.huntingtoningalls.com/search?q=&locationsearch=Pascagoula%2C+MS&sortColumn=referencedate&sortDirection=desc&searchby=location&d=10,QUALITY INSPECTOR 3 ELECTRICAL,https://careers.huntingtoningalls.com/job/Pascagoula-QUALITY-INSPECTOR-3-ELECTRICAL-Miss/1432390300,"Syracuse, NY, United States",Syracuse,NY,United States,Not specified,,,,Space & Defense,2026-09-22,2026-09-22,https://careers.huntingtoningalls.com/search?q=&locationsearch=Pascagoula%2C+MS&sortColumn=referencedate&sortDirection=desc&searchby=location&d=10,known_careers_url,4,success
5f912079fa4d,2026-09-22,9aece7086b18,Huntington Ingalls Industries,https://hii.com/,https://careers.huntingtoningalls.com/search?q=&locationsearch=Pascagoula%2C+MS&sortColumn=referencedate&sortDirection=desc&searchby=location&d=10,DESIGNER 3,https://careers.huntingtoningalls.com/job/Pascagoula-DESIGNER-3-Miss/1431394500,"Syracuse, NY, United States",Syracuse,NY,United States,Not specified,,,,Space & Defense,2026-09-22,2026-09-22,https://careers.huntingtoningalls.com/search?q=&locationsearch=Pascagoula%2C+MS&sortColumn=referencedate&sortDirection=desc&searchby=location&d=10,known_careers_url,4,success
8b7064969365,2026-09-22,9aece7086b18,Huntington Ingalls Industries,https://hii.com/,https://careers.huntingtoningalls.com/search?q=&locationsearch=Pascagoula%2C+MS&sortColumn=referencedate&sortDirection=desc&searchby=location&d=10,DESIGNER 2,https://careers.huntingtoningalls.com/job/Pascagoula-DESIGNER-2-Miss/1431394700,"Syracuse, NY, United States",Syracuse,NY,United States,Not specified,,,,Space & Defense,2026-09-22,2026-09-22,https://careers.huntingtoningalls.com/search?q=&locationsearch=Pascagoula%2C+MS&sortColumn=referencedate&sortDirection=desc&searchby=location&d=10,known_careers_url,4,success
463f82e2317a,2026-09-22,9aece7086b18,Huntington Ingalls Industries,https://hii.com/,https://careers.huntingtoningalls.com/search?q=&locationsearch=Pascagoula%2C+MS&sortColumn=referencedate&sortDirection=desc&searchby=location&d=10,BUSINESS PROCESS ANALYST 2,https://careers.huntingtoningalls.com/job/Pascagoula-BUSINESS-PROCESS-ANALYST-2-Miss/1431411500,"Syracuse, NY, United States",Syracuse,NY,United States,Not specified,,,,Space & Defense,2026-09-22,2026-09-22,https://careers.huntingtoningalls.com/search?q=&locationsearch=Pascagoula%2C+MS&sortColumn=referencedate&sortDirection=desc&searchby=location&d=10,known_careers_url,4,success
a4ed4c5cb1e2,2026-09-22,9aece7086b18,Huntington Ingalls Industries,https://hii.com/,https://careers.huntingtoningalls.com/search?q=&locationsearch=Pascagoula%2C+MS&sortColumn=referencedate&sortDirection=desc&searchby=location&d=10,MGR DESIGN ENGINEERING 2,https://careers.huntingtoningalls.com/job/Pascagoula-MGR-DESIGN-ENGINEERING-2-Miss/1431460300,"Syracuse, NY, United States",Syracuse,NY,United States,Not specified,,,,Space & Defense,2026-09-22,2026-09-22,https://careers.huntingtoningalls.com/search?q=&locationsearch=Pascagoula%2C+MS&sortColumn=referencedate&sortDirection=desc&searchby=location&d=10,known_careers_url,4,success
11826e6d3db1,2026-09-22,9aece7086b18,Huntington Ingalls Industries,https://hii.com/,https://careers.huntingtoningalls.com/search?q=&locationsearch=Pascagoula%2C+MS&sortColumn=referencedate&sortDirection=desc&searchby=location&d=10,QUALITY ANALYST 2,https://careers.huntingtoningalls.com/job/Pascagoula-QUALITY-ANALYST-2-Miss/1431544400,"Syracuse, NY, United States",Syracuse,NY,United States,Not specified,,,,Space & Defense,2026-09-22,2026-09-22,https://careers.huntingtoningalls.com/search?q=&locationsearch=Pascagoula%2C+MS&sortColumn=referencedate&sortDirection=desc&searchby=location&d=10,known_careers_url,4,success
e1b73b9c7468,2026-09-22,9aece7086b18,Huntington Ingalls Industries,https://hii.com/,https://careers.huntingtoningalls.com/search?q=&locationsearch=Pascagoula%2C+MS&sortColumn=referencedate&sortDirection=desc&searchby=location&d=10,DESIGNER 2,https://careers.huntingtoningalls.com/job/Pascagoula-DESIGNER-2-Miss/1431552300,"Syracuse, NY, United States",Syracuse,NY,United States,Not specified,,,,Space & Defense,2026-09-22,2026-09-22,https://careers.huntingtoningalls.com/search?q=&locationsearch=Pascagoula%2C+MS&sortColumn=referencedate&sortDirection=desc&searchby=location&d=10,known_careers_url,4,success
7c486c14da32,2026-09-22,9aece7086b18,Huntington Ingalls Industries,https://hii.com/,https://careers.huntingtoningalls.com/search?q=&locationsearch=Pascagoula%2C+MS&sortColumn=referencedate&sortDirection=desc&searchby=location&d=10,ENGINEER 1- 2026 FALL GRADS,https://careers.huntingtoningalls.com/job/Pascagoula-ENGINEER-1-2026-FALL-GRADS-Miss/1431580900,"Syracuse, NY, United States",Syracuse,NY,United States,Not specified,,,,Space & Defense,2026-09-22,2026-09-22,https://careers.huntingtoningalls.com/search?q=&locationsearch=Pascagoula%2C+MS&sortColumn=referencedate&sortDirection=desc&searchby=location&d=10,known_careers_url,4,success
34f8d603bc3d,2026-09-22,9aece7086b18,Huntington Ingalls Industries,https://hii.com/,https://careers.huntingtoningalls.com/search?q=&locationsearch=Pascagoula%2C+MS&sortColumn=referencedate&sortDirection=desc&searchby=location&d=10,COST ESTIMATING ANALYST 4,https://careers.huntingtoningalls.com/job/Pascagoula-COST-ESTIMATING-ANALYST-4-Miss/1431394600,"Syracuse, NY, United States",Syracuse,NY,United States,Not specified,,,,Space & Defense,2026-09-22,2026-09-22,https://careers.huntingtoningalls.com/search?q=&locationsearch=Pascagoula%2C+MS&sortColumn=referencedate&sortDirection=desc&searchby=location&d=10,known_careers_url,4,success
dd2dd79ea060,2026-09-22,9aece7086b18,Huntington Ingalls Industries,https://hii.com/,https://careers.huntingtoningalls.com/search?q=&locationsearch=Pascagoula%2C+MS&sortColumn=referencedate&sortDirection=desc&searchby=location&d=10,FACILITIES ENGINEER ELECTRICAL 1,https://careers.huntingtoningalls.com/job/Pascagoula-FACILITIES-ENGINEER-ELECTRICAL-1-Miss/1431166100,"Syracuse, NY, United States",Syracuse,NY,United States,Not specified,,,,Space & Defense,2026-09-22,2026-09-22,https://careers.huntingtoningalls.com/search?q=&locationsearch=Pascagoula%2C+MS&sortColumn=referencedate&sortDirection=desc&searchby=location&d=10,known_careers_url,4,success
ab2ed2b0ff6a,2026-09-22,9aece7086b18,Huntington Ingalls Industries,https://hii.com/,https://careers.huntingtoningalls.com/search?q=&locationsearch=Pascagoula%2C+MS&sortColumn=referencedate&sortDirection=desc&searchby=location&d=10,ENGINEER TEST 1,https://careers.huntingtoningalls.com/job/Pascagoula-ENGINEER-TEST-1-Miss/1431183700,"Syracuse, NY, United States",Syracuse,NY,United States,Not specified,,,,Space & Defense,2026-09-22,2026-09-22,https://careers.huntingtoningalls.com/search?q=&locationsearch=Pascagoula%2C+MS&sortColumn=referencedate&sortDirection=desc&searchby=location&d=10,known_careers_url,4,success
39b829581878,2026-09-22,9aece7086b18,Huntington Ingalls Industries,https://hii.com/,https://careers.huntingtoningalls.com/search?q=&locationsearch=Pascagoula%2C+MS&sortColumn=referencedate&sortDirection=desc&searchby=location&d=10,SUPERINTENDENT ELECTRICAL,https://careers.huntingtoningalls.com/job/Pascagoula-SUPERINTENDENT-ELECTRICAL-Miss/1431185100,"Syracuse, NY, United States",Syracuse,NY,United States,Not specified,,,,Space & Defense,2026-09-22,2026-09-22,https://careers.huntingtoningalls.com/search?q=&locationsearch=Pascagoula%2C+MS&sortColumn=referencedate&sortDirection=desc&searchby=location&d=10,known_careers_url,4,success
69be6b65c0b8,2026-09-22,9aece7086b18,Huntington Ingalls Industries,https://hii.com/,https://careers.huntingtoningalls.com/search?q=&locationsearch=Pascagoula%2C+MS&sortColumn=referencedate&sortDirection=desc&searchby=location&d=10,2027 COLLEGE SUMMER INTERN- WELDING ENGINEERING,https://careers.huntingtoningalls.com/job/Pascagoula-2027-COLLEGE-SUMMER-INTERN-WELDING-ENGINEERING-Miss/1430170800,"Syracuse, NY, United States",Syracuse,NY,United States,Not specified,,,,Space & Defense,2026-09-22,2026-09-22,https://careers.huntingtoningalls.com/search?q=&locationsearch=Pascagoula%2C+MS&sortColumn=referencedate&sortDirection=desc&searchby=location&d=10,known_careers_url,4,success
a10147a1481b,2026-09-22,9aece7086b18,Huntington Ingalls Industries,https://hii.com/,https://careers.huntingtoningalls.com/search?q=&locationsearch=Pascagoula%2C+MS&sortColumn=referencedate&sortDirection=desc&searchby=location&d=10,2027 SUMMER COLLEGE INTERN - BUSINESS,https://careers.huntingtoningalls.com/job/Pascagoula-2027-SUMMER-COLLEGE-INTERN-BUSINESS-Miss/1430057000,"Syracuse, NY, United States",Syracuse,NY,United States,Not specified,,,,Space & Defense,2026-09-22,2026-09-22,https://careers.huntingtoningalls.com/search?q=&locationsearch=Pascagoula%2C+MS&sortColumn=referencedate&sortDirection=desc&searchby=location&d=10,known_careers_url,4,success
2fb5b38a91e4,2026-09-22,9aece7086b18,Huntington Ingalls Industries,https://hii.com/,https://careers.huntingtoningalls.com/search?q=&locationsearch=Pascagoula%2C+MS&sortColumn=referencedate&sortDirection=desc&searchby=location&d=10,2027 SUMMER COLLEGE INTERN - SUPPLY CHAIN MANAGEMENT,https://careers.huntingtoningalls.com/job/Pascagoula-2027-SUMMER-COLLEGE-INTERN-SUPPLY-CHAIN-MANAGEMENT-Miss/1430057300,"Syracuse, NY, United States",Syracuse,NY,United States,Not specified,,,,Space & Defense,2026-09-22,2026-09-22,https://careers.huntingtoningalls.com/search?q=&locationsearch=Pascagoula%2C+MS&sortColumn=referencedate&sortDirection=desc&searchby=location&d=10,known_careers_url,4,success
fe90635addae,2026-09-22,9aece7086b18,Huntington Ingalls Industries,https://hii.com/,https://careers.huntingtoningalls.com/search?q=&locationsearch=Pascagoula%2C+MS&sortColumn=referencedate&sortDirection=desc&searchby=location&d=10,2027 COLLEGE SUMMER INTERN- HUMAN RESOURCES,https://careers.huntingtoningalls.com/job/Pascagoula-2027-COLLEGE-SUMMER-INTERN-HUMAN-RESOURCES-Miss/1430053000,"Syracuse, NY, United States",Syracuse,NY,United States,Not specified,,,,Space & Defense,2026-09-22,2026-09-22,https://careers.huntingtoningalls.com/search?q=&locationsearch=Pascagoula%2C+MS&sortColumn=referencedate&sortDirection=desc&searchby=location&d=10,known_careers_url,4,success
b2c49931690c,2026-09-22,9aece7086b18,Huntington Ingalls Industries,https://hii.com/,https://careers.huntingtoningalls.com/search?q=&locationsearch=Pascagoula%2C+MS&sortColumn=referencedate&sortDirection=desc&searchby=location&d=10,2027 COLLEGE SUMMER INTERN ENG - STRUCTURAL & AEROSPACE ENGINEERING,https://careers.huntingtoningalls.com/job/Pascagoula-2027-COLLEGE-SUMMER-INTERN-ENG-STRUCTURAL-&-AEROSPACE-ENGINEERING-Miss/1430053500,"Syracuse, NY, United States",Syracuse,NY,United States,Not specified,,,,Space & Defense,2026-09-22,2026-09-22,https://careers.huntingtoningalls.com/search?q=&locationsearch=Pascagoula%2C+MS&sortColumn=referencedate&sortDirection=desc&searchby=location&d=10,known_careers_url,4,success
0f700587b18a,2026-09-22,9aece7086b18,Huntington Ingalls Industries,https://hii.com/,https://careers.huntingtoningalls.com/search?q=&locationsearch=Pascagoula%2C+MS&sortColumn=referencedate&sortDirection=desc&searchby=location&d=10,2027 COLLEGE SUMMER INTERN-COMPUTER ENGINEERING,https://careers.huntingtoningalls.com/job/Pascagoula-2027-COLLEGE-SUMMER-INTERN-COMPUTER-ENGINEERING-Miss/1430053700,"Syracuse, NY, United States",Syracuse,NY,United States,Not specified,,,,Space & Defense,2026-09-22,2026-09-22,https://careers.huntingtoningalls.com/search?q=&locationsearch=Pascagoula%2C+MS&sortColumn=referencedate&sortDirection=desc&searchby=location&d=10,known_careers_url,4,success
f2b66374356f,2026-09-22,9aece7086b18,Huntington Ingalls Industries,https://hii.com/,https://careers.huntingtoningalls.com/search?q=&locationsearch=Pascagoula%2C+MS&sortColumn=referencedate&sortDirection=desc&searchby=location&d=10,2027 COLLEGE SUMMER INTERN - COMMUNICATIONS,https://careers.huntingtoningalls.com/job/Pascagoula-2027-COLLEGE-SUMMER-INTERN-COMMUNICATIONS-Miss/1430056000,"Syracuse, NY, United States",Syracuse,NY,United States,Not specified,,,,Space & Defense,2026-09-22,2026-09-22,https://careers.huntingtoningalls.com/search?q=&locationsearch=Pascagoula%2C+MS&sortColumn=referencedate&sortDirection=desc&searchby=location&d=10,known_careers_url,4,success
d0bbbfdd63c0,2026-09-22,9aece7086b18,Huntington Ingalls Industries,https://hii.com/,https://careers.huntingtoningalls.com/search?q=&locationsearch=Pascagoula%2C+MS&sortColumn=referencedate&sortDirection=desc&searchby=location&d=10,2027 COLLEGE SUMMER INTERN - INFRASTRUCTURE & SUSTAINABILITY,https://careers.huntingtoningalls.com/job/Pascagoula-2027-COLLEGE-SUMMER-INTERN-INFRASTRUCTURE-&-SUSTAINABILITY-Miss/1430056400,"Syracuse, NY, United States",Syracuse,NY,United States,Not specified,,,,Space & Defense,2026-09-22,2026-09-22,https://careers.huntingtoningalls.com/search?q=&locationsearch=Pascagoula%2C+MS&sortColumn=referencedate&sortDirection=desc&searchby=location&d=10,known_careers_url,4,success
1219f33334f2,2026-09-22,9aece7086b18,Huntington Ingalls Industries,https://hii.com/,https://careers.huntingtoningalls.com/search?q=&locationsearch=Pascagoula%2C+MS&sortColumn=referencedate&sortDirection=desc&searchby=location&d=10,2027 SUMMER COLLEGE INTERN - CONTRACTS & PRICING,https://careers.huntingtoningalls.com/job/Pascagoula-2027-SUMMER-COLLEGE-INTERN-CONTRACTS-&-PRICING-Miss/1430056700,"Syracuse, NY, United States",Syracuse,NY,United States,Not specified,,,,Space & Defense,2026-09-22,2026-09-22,https://careers.huntingtoningalls.com/search?q=&locationsearch=Pascagoula%2C+MS&sortColumn=referencedate&sortDirection=desc&searchby=location&d=10,known_careers_url,4,success
a496a8624254,2026-09-22,9aece7086b18,Huntington Ingalls Industries,https://hii.com/,https://careers.huntingtoningalls.com/search?q=&locationsearch=Pascagoula%2C+MS&sortColumn=referencedate&sortDirection=desc&searchby=location&d=10,2027 COLLEGE SUMMER INTERN- INFORMATION TECHNOLOGY,https://careers.huntingtoningalls.com/job/Pascagoula-2027-COLLEGE-SUMMER-INTERN-INFORMATION-TECHNOLOGY-Miss/1430171400,"Syracuse, NY, United States",Syracuse,NY,United States,Not specified,,,,Space & Defense,2026-09-22,2026-09-22,https://careers.huntingtoningalls.com/search?q=&locationsearch=Pascagoula%2C+MS&sortColumn=referencedate&sortDirection=desc&searchby=location&d=10,known_careers_url,4,success
8fd84b206144,2026-09-22,9aece7086b18,Huntington Ingalls Industries,https://hii.com/,https://careers.huntingtoningalls.com/search?q=&locationsearch=Pascagoula%2C+MS&sortColumn=referencedate&sortDirection=desc&searchby=location&d=10,2027 COLLEGE SUMMER INTERN- MECHANICAL ENGINEERING,https://careers.huntingtoningalls.com/job/Pascagoula-2027-COLLEGE-SUMMER-INTERN-MECHANICAL-ENGINEERING-Miss/1430054800,"Syracuse, NY, United States",Syracuse,NY,United States,Not specified,,,,Space & Defense,2026-09-22,2026-09-22,https://careers.huntingtoningalls.com/search?q=&locationsearch=Pascagoula%2C+MS&sortColumn=referencedate&sortDirection=desc&searchby=location&d=10,known_careers_url,4,success
2d9d7dbf87d1,2026-09-22,9aece7086b18,Huntington Ingalls Industries,https://hii.com/,https://careers.huntingtoningalls.com/search?q=&locationsearch=Pascagoula%2C+MS&sortColumn=referencedate&sortDirection=desc&searchby=location&d=10,2027 COLLEGE SUMMER INTERN- ELECTRICAL ENGINEERING,https://careers.huntingtoningalls.com/job/Pascagoula-2027-COLLEGE-SUMMER-INTERN-ELECTRICAL-ENGINEERING-Miss/1430055000,"Syracuse, NY, United States",Syracuse,NY,United States,Not specified,,,,Space & Defense,2026-09-22,2026-09-22,https://careers.huntingtoningalls.com/search?q=&locationsearch=Pascagoula%2C+MS&sortColumn=referencedate&sortDirection=desc&searchby=location&d=10,known_careers_url,4,success
0f2937845175,2026-09-22,9aece7086b18,Huntington Ingalls Industries,https://hii.com/,https://careers.huntingtoningalls.com/search?q=&locationsearch=Pascagoula%2C+MS&sortColumn=referencedate&sortDirection=desc&searchby=location&d=10,2027 COLLEGE SUMMER INTERN-NAVAL ARCHITECTURE ENGINEERING,https://careers.huntingtoningalls.com/job/Pascagoula-2027-COLLEGE-SUMMER-INTERN-NAVAL-ARCHITECTURE-ENGINEERING-Miss/1430055600,"Syracuse, NY, United States",Syracuse,NY,United States,Not specified,,,,Space & Defense,2026-09-22,2026-09-22,https://careers.huntingtoningalls.com/search?q=&locationsearch=Pascagoula%2C+MS&sortColumn=referencedate&sortDirection=desc&searchby=location&d=10,known_careers_url,4,success
ce1864d013be,2026-09-22,64d9022f568a,ITT Enidine,https://www.enidine.com/en-US/Home,https://careersenus-itt-inc.icims.com/jobs/search?ss=1&searchRelation=keyword_all,"Title Regional Sales Manager, North America (USA)",https://careersenus-itt-inc.icims.com/jobs/17738/regional-sales-manager%2c-north-america-%28usa%29/job,"Orchard Park, NY, United States",Orchard Park,NY,United States,Remote,,,,Space & Defense,2026-09-22,2026-09-22,https://careersenus-itt-inc.icims.com/jobs/search?ss=1&searchRelation=keyword_all,ats_detected,5,success_after_fallback
ed807a636308,2026-09-22,64d9022f568a,ITT Enidine,https://www.enidine.com/en-US/Home,https://careersenus-itt-inc.icims.com/jobs/search?ss=1&searchRelation=keyword_all,Title Warehousing Specialist,https://careersenus-itt-inc.icims.com/jobs/17725/warehousing-specialist/job,"Orchard Park, NY, United States",Orchard Park,NY,United States,Not specified,,,,Space & Defense,2026-09-22,2026-09-22,https://careersenus-itt-inc.icims.com/jobs/search?ss=1&searchRelation=keyword_all,ats_detected,5,success_after_fallback
5911610dfb3b,2026-09-22,64d9022f568a,ITT Enidine,https://www.enidine.com/en-US/Home,https://careersenus-itt-inc.icims.com/jobs/search?ss=1&searchRelation=keyword_all,Title Field Service Engineer,https://careersenus-itt-inc.icims.com/jobs/17724/field-service-engineer/job,"Orchard Park, NY, United States",Orchard Park,NY,United States,Not specified,,,,Space & Defense,2026-09-22,2026-09-22,https://careersenus-itt-inc.icims.com/jobs/search?ss=1&searchRelation=keyword_all,ats_detected,5,success_after_fallback
b1261b433fcf,2026-09-22,64d9022f568a,ITT Enidine,https://www.enidine.com/en-US/Home,https://careersenus-itt-inc.icims.com/jobs/search?ss=1&searchRelation=keyword_all,Title 2027 Supply Chain Summer Intern,https://careersenus-itt-inc.icims.com/jobs/17722/2027-supply-chain-summer-intern/job,"Westminster, SC",Westminster,SC,United States,Not specified,,,,Space & Defense,2026-09-22,2026-09-22,https://careersenus-itt-inc.icims.com/jobs/search?ss=1&searchRelation=keyword_all,ats_detected,5,success_after_fallback
cb7d7c1e5427,2026-09-22,64d9022f568a,ITT Enidine,https://www.enidine.com/en-US/Home,https://careersenus-itt-inc.icims.com/jobs/search?ss=1&searchRelation=keyword_all,Title 2027 Engineering Co-op,https://careersenus-itt-inc.icims.com/jobs/17721/2027-engineering-co-op/job,"Orchard Park, NY, United States",Orchard Park,NY,United States,Not specified,,,,Space & Defense,2026-09-22,2026-09-22,https://careersenus-itt-inc.icims.com/jobs/search?ss=1&searchRelation=keyword_all,ats_detected,5,success_after_fallback
64fb76034b35,2026-09-22,64d9022f568a,ITT Enidine,https://www.enidine.com/en-US/Home,https://careersenus-itt-inc.icims.com/jobs/search?ss=1&searchRelation=keyword_all,Title IT Enterprise Infrastructure Services Analyst,https://careersenus-itt-inc.icims.com/jobs/17687/it-enterprise-infrastructure-services-analyst/job,"Orchard Park, NY, United States",Orchard Park,NY,United States,Remote,,,,Space & Defense,2026-09-22,2026-09-22,https://careersenus-itt-inc.icims.com/jobs/search?ss=1&searchRelation=keyword_all,ats_detected,5,success_after_fallback
19c902120d70,2026-09-22,64d9022f568a,ITT Enidine,https://www.enidine.com/en-US/Home,https://careersenus-itt-inc.icims.com/jobs/search?ss=1&searchRelation=keyword_all,Title Test Engineering Supervisor,https://careersenus-itt-inc.icims.com/jobs/17683/test-engineering-supervisor/job,"Orchard Park, NY, United States",Orchard Park,NY,United States,On-site,,,,Space & Defense,2026-09-22,2026-09-22,https://careersenus-itt-inc.icims.com/jobs/search?ss=1&searchRelation=keyword_all,ats_detected,5,success_after_fallback
48e044feb8e0,2026-09-22,64d9022f568a,ITT Enidine,https://www.enidine.com/en-US/Home,https://careersenus-itt-inc.icims.com/jobs/search?ss=1&searchRelation=keyword_all,Title Senior Product Manager,https://careersenus-itt-inc.icims.com/jobs/17682/senior-product-manager/job,"Orchard Park, NY, United States",Orchard Park,NY,United States,Not specified,,,,Space & Defense,2026-09-22,2026-09-22,https://careersenus-itt-inc.icims.com/jobs/search?ss=1&searchRelation=keyword_all,ats_detected,5,success_after_fallback
b5dcd6cddfa5,2026-09-22,64d9022f568a,ITT Enidine,https://www.enidine.com/en-US/Home,https://careersenus-itt-inc.icims.com/jobs/search?ss=1&searchRelation=keyword_all,Title QA Engineer III,https://careersenus-itt-inc.icims.com/jobs/17678/qa-engineer-iii/job,"Orchard Park, NY, United States",Orchard Park,NY,United States,Not specified,,,,Space & Defense,2026-09-22,2026-09-22,https://careersenus-itt-inc.icims.com/jobs/search?ss=1&searchRelation=keyword_all,ats_detected,5,success_after_fallback
46eb7280a727,2026-09-22,64d9022f568a,ITT Enidine,https://www.enidine.com/en-US/Home,https://careersenus-itt-inc.icims.com/jobs/search?ss=1&searchRelation=keyword_all,"Title Manager, Production",https://careersenus-itt-inc.icims.com/jobs/17670/manager%2c-production/job,"Orchard Park, NY, United States",Orchard Park,NY,United States,Not specified,,,,Space & Defense,2026-09-22,2026-09-22,https://careersenus-itt-inc.icims.com/jobs/search?ss=1&searchRelation=keyword_all,ats_detected,5,success_after_fallback
781ab4f6cf86,2026-09-22,64d9022f568a,ITT Enidine,https://www.enidine.com/en-US/Home,https://careersenus-itt-inc.icims.com/jobs/search?ss=1&searchRelation=keyword_all,Title Product Specialist,https://careersenus-itt-inc.icims.com/jobs/17666/product-specialist/job,"Orchard Park, NY, United States",Orchard Park,NY,United States,Not specified,,,,Space & Defense,2026-09-22,2026-09-22,https://careersenus-itt-inc.icims.com/jobs/search?ss=1&searchRelation=keyword_all,ats_detected,5,success_after_fallback
5fc9d758105a,2026-09-22,64d9022f568a,ITT Enidine,https://www.enidine.com/en-US/Home,https://careersenus-itt-inc.icims.com/jobs/search?ss=1&searchRelation=keyword_all,Title Financial Planning Analyst,https://careersenus-itt-inc.icims.com/jobs/17662/financial-planning-analyst/job,"Orchard Park, NY, United States",Orchard Park,NY,United States,Not specified,,,,Space & Defense,2026-09-22,2026-09-22,https://careersenus-itt-inc.icims.com/jobs/search?ss=1&searchRelation=keyword_all,ats_detected,5,success_after_fallback
7650c53adb3a,2026-09-22,64d9022f568a,ITT Enidine,https://www.enidine.com/en-US/Home,https://careersenus-itt-inc.icims.com/jobs/search?ss=1&searchRelation=keyword_all,Title Application Engineering Co-op (Spring/Summer 2027),https://careersenus-itt-inc.icims.com/jobs/17660/application-engineering-co-op-%28spring-summer-2027%29/job,"Orchard Park, NY, United States",Orchard Park,NY,United States,Not specified,,,,Space & Defense,2026-09-22,2026-09-22,https://careersenus-itt-inc.icims.com/jobs/search?ss=1&searchRelation=keyword_all,ats_detected,5,success_after_fallback
8c6e572fafb8,2026-09-22,64d9022f568a,ITT Enidine,https://www.enidine.com/en-US/Home,https://careersenus-itt-inc.icims.com/jobs/search?ss=1&searchRelation=keyword_all,Title Product Design Engineer,https://careersenus-itt-inc.icims.com/jobs/17659/product-design-engineer/job,"Orchard Park, NY, United States",Orchard Park,NY,United States,Not specified,,,,Space & Defense,2026-09-22,2026-09-22,https://careersenus-itt-inc.icims.com/jobs/search?ss=1&searchRelation=keyword_all,ats_detected,5,success_after_fallback
bad8f7ca7266,2026-09-22,64d9022f568a,ITT Enidine,https://www.enidine.com/en-US/Home,https://careersenus-itt-inc.icims.com/jobs/search?ss=1&searchRelation=keyword_all,"Title Manager, Customer Service",https://careersenus-itt-inc.icims.com/jobs/17630/manager%2c-customer-service/job,"Orchard Park, NY, United States",Orchard Park,NY,United States,Not specified,,,,Space & Defense,2026-09-22,2026-09-22,https://careersenus-itt-inc.icims.com/jobs/search?ss=1&searchRelation=keyword_all,ats_detected,5,success_after_fallback
470c0bce4517,2026-09-22,64d9022f568a,ITT Enidine,https://www.enidine.com/en-US/Home,https://careersenus-itt-inc.icims.com/jobs/search?ss=1&searchRelation=keyword_all,Title Product Design Engineer - High Speed,https://careersenus-itt-inc.icims.com/jobs/17629/product-design-engineer---high-speed/job,"Orchard Park, NY, United States",Orchard Park,NY,United States,Not specified,,,,Space & Defense,2026-09-22,2026-09-22,https://careersenus-itt-inc.icims.com/jobs/search?ss=1&searchRelation=keyword_all,ats_detected,5,success_after_fallback
a5cb1b20e5de,2026-09-22,64d9022f568a,ITT Enidine,https://www.enidine.com/en-US/Home,https://careersenus-itt-inc.icims.com/jobs/search?ss=1&searchRelation=keyword_all,Title Operations Scheduler,https://careersenus-itt-inc.icims.com/jobs/17613/operations-scheduler/job,"Orchard Park, NY, United States",Orchard Park,NY,United States,Not specified,,,,Space & Defense,2026-09-22,2026-09-22,https://careersenus-itt-inc.icims.com/jobs/search?ss=1&searchRelation=keyword_all,ats_detected,5,success_after_fallback
219d01c9239c,2026-09-22,64d9022f568a,ITT Enidine,https://www.enidine.com/en-US/Home,https://careersenus-itt-inc.icims.com/jobs/search?ss=1&searchRelation=keyword_all,Title Assembly Operator (Contingent Worker),https://careersenus-itt-inc.icims.com/jobs/17601/assembly-operator-%28contingent-worker%29/job,"Orchard Park, NY, United States",Orchard Park,NY,United States,Not specified,,,,Space & Defense,2026-09-22,2026-09-22,https://careersenus-itt-inc.icims.com/jobs/search?ss=1&searchRelation=keyword_all,ats_detected,5,success_after_fallback
a3cd92e109a6,2026-09-22,64d9022f568a,ITT Enidine,https://www.enidine.com/en-US/Home,https://careersenus-itt-inc.icims.com/jobs/search?ss=1&searchRelation=keyword_all,Title Quality Intern (Summer 2027),https://careersenus-itt-inc.icims.com/jobs/17595/quality-intern-%28summer-2027%29/job,"Orchard Park, NY, United States",Orchard Park,NY,United States,Not specified,,,,Space & Defense,2026-09-22,2026-09-22,https://careersenus-itt-inc.icims.com/jobs/search?ss=1&searchRelation=keyword_all,ats_detected,5,success_after_fallback
cf6d02580819,2026-09-22,64d9022f568a,ITT Enidine,https://www.enidine.com/en-US/Home,https://careersenus-itt-inc.icims.com/jobs/search?ss=1&searchRelation=keyword_all,Title Supply Chain Intern (Summer 2027),https://careersenus-itt-inc.icims.com/jobs/17592/supply-chain-intern-%28summer-2027%29/job,"Orchard Park, NY, United States",Orchard Park,NY,United States,Not specified,,,,Space & Defense,2026-09-22,2026-09-22,https://careersenus-itt-inc.icims.com/jobs/search?ss=1&searchRelation=keyword_all,ats_detected,5,success_after_fallback
8b8508aa4b4a,2026-09-22,64d9022f568a,ITT Enidine,https://www.enidine.com/en-US/Home,https://careersenus-itt-inc.icims.com/jobs/search?ss=1&searchRelation=keyword_all,Title Office Support Specialist,https://careersenus-itt-inc.icims.com/jobs/17589/office-support-specialist/job,"Orchard Park, NY, United States",Orchard Park,NY,United States,Not specified,,,,Space & Defense,2026-09-22,2026-09-22,https://careersenus-itt-inc.icims.com/jobs/search?ss=1&searchRelation=keyword_all,ats_detected,5,success_after_fallback
dbecc53db211,2026-09-22,64d9022f568a,ITT Enidine,https://www.enidine.com/en-US/Home,https://careersenus-itt-inc.icims.com/jobs/search?ss=1&searchRelation=keyword_all,Title Summer Internship 2027 (Various Roles),https://careersenus-itt-inc.icims.com/jobs/17585/summer-internship-2027-%28various-roles%29/job,"Orchard Park, NY, United States",Orchard Park,NY,United States,Not specified,,,,Space & Defense,2026-09-22,2026-09-22,https://careersenus-itt-inc.icims.com/jobs/search?ss=1&searchRelation=keyword_all,ats_detected,5,success_after_fallback
cba94d18fded,2026-09-22,64d9022f568a,ITT Enidine,https://www.enidine.com/en-US/Home,https://careersenus-itt-inc.icims.com/jobs/search?ss=1&searchRelation=keyword_all,"Title Manager, Manufacturing Engineering",https://careersenus-itt-inc.icims.com/jobs/17578/manager%2c-manufacturing-engineering/job,"Orchard Park, NY, United States",Orchard Park,NY,United States,Not specified,,,,Space & Defense,2026-09-22,2026-09-22,https://careersenus-itt-inc.icims.com/jobs/search?ss=1&searchRelation=keyword_all,ats_detected,5,success_after_fallback
3dc1aff515c5,2026-09-22,64d9022f568a,ITT Enidine,https://www.enidine.com/en-US/Home,https://careersenus-itt-inc.icims.com/jobs/search?ss=1&searchRelation=keyword_all,Title Assembly Operator,https://careersenus-itt-inc.icims.com/jobs/17577/assembly-operator/job,"Orchard Park, NY, United States",Orchard Park,NY,United States,Not specified,,,,Space & Defense,2026-09-22,2026-09-22,https://careersenus-itt-inc.icims.com/jobs/search?ss=1&searchRelation=keyword_all,ats_detected,5,success_after_fallback
f6ed0b0a6647,2026-09-22,64d9022f568a,ITT Enidine,https://www.enidine.com/en-US/Home,https://careersenus-itt-inc.icims.com/jobs/search?ss=1&searchRelation=keyword_all,Title Assembly Operator,https://careersenus-itt-inc.icims.com/jobs/17566/assembly-operator/job,"Orchard Park, NY, United States",Orchard Park,NY,United States,Not specified,,,,Space & Defense,2026-09-22,2026-09-22,https://careersenus-itt-inc.icims.com/jobs/search?ss=1&searchRelation=keyword_all,ats_detected,5,success_after_fallback
b62bc17b3976,2026-09-22,64d9022f568a,ITT Enidine,https://www.enidine.com/en-US/Home,https://careersenus-itt-inc.icims.com/jobs/search?ss=1&searchRelation=keyword_all,Title Assembly Operator II,https://careersenus-itt-inc.icims.com/jobs/17553/assembly-operator-ii/job,"Orchard Park, NY, United States",Orchard Park,NY,United States,Not specified,,,,Space & Defense,2026-09-22,2026-09-22,https://careersenus-itt-inc.icims.com/jobs/search?ss=1&searchRelation=keyword_all,ats_detected,5,success_after_fallback
97daa41e7415,2026-09-22,64d9022f568a,ITT Enidine,https://www.enidine.com/en-US/Home,https://careersenus-itt-inc.icims.com/jobs/search?ss=1&searchRelation=keyword_all,Title Repair & Overhaul Service Technician I,https://careersenus-itt-inc.icims.com/jobs/17542/repair-%26-overhaul-service-technician-i/job,"Orchard Park, NY, United States",Orchard Park,NY,United States,Not specified,,,,Space & Defense,2026-09-22,2026-09-22,https://careersenus-itt-inc.icims.com/jobs/search?ss=1&searchRelation=keyword_all,ats_detected,5,success_after_fallback
97dc9e199d09,2026-09-22,64d9022f568a,ITT Enidine,https://www.enidine.com/en-US/Home,https://careersenus-itt-inc.icims.com/jobs/search?ss=1&searchRelation=keyword_all,Title Repair & Overhaul Service Technician I (ECS),https://careersenus-itt-inc.icims.com/jobs/17541/repair-%26-overhaul-service-technician-i-%28ecs%29/job,"Orchard Park, NY, United States",Orchard Park,NY,United States,Not specified,,,,Space & Defense,2026-09-22,2026-09-22,https://careersenus-itt-inc.icims.com/jobs/search?ss=1&searchRelation=keyword_all,ats_detected,5,success_after_fallback
503ad20a1a32,2026-09-22,64d9022f568a,ITT Enidine,https://www.enidine.com/en-US/Home,https://careersenus-itt-inc.icims.com/jobs/search?ss=1&searchRelation=keyword_all,Title Repair & Overhaul Service Technician I,https://careersenus-itt-inc.icims.com/jobs/17540/repair-%26-overhaul-service-technician-i/job,"Orchard Park, NY, United States",Orchard Park,NY,United States,Not specified,,,,Space & Defense,2026-09-22,2026-09-22,https://careersenus-itt-inc.icims.com/jobs/search?ss=1&searchRelation=keyword_all,ats_detected,5,success_after_fallback
55fd684b44e7,2026-09-22,64d9022f568a,ITT Enidine,https://www.enidine.com/en-US/Home,https://careersenus-itt-inc.icims.com/jobs/search?ss=1&searchRelation=keyword_all,Title Repair & Overhaul Service Technician I (ECS),https://careersenus-itt-inc.icims.com/jobs/17539/repair-%26-overhaul-service-technician-i-%28ecs%29/job,"Orchard Park, NY, United States",Orchard Park,NY,United States,Not specified,,,,Space & Defense,2026-09-22,2026-09-22,https://careersenus-itt-inc.icims.com/jobs/search?ss=1&searchRelation=keyword_all,ats_detected,5,success_after_fallback
a3b2c41b605b,2026-09-22,64d9022f568a,ITT Enidine,https://www.enidine.com/en-US/Home,https://careersenus-itt-inc.icims.com/jobs/search?ss=1&searchRelation=keyword_all,Title Continuous Improvement Engineer,https://careersenus-itt-inc.icims.com/jobs/17533/continuous-improvement-engineer/job,"Orchard Park, NY, United States",Orchard Park,NY,United States,Not specified,,,,Space & Defense,2026-09-22,2026-09-22,https://careersenus-itt-inc.icims.com/jobs/search?ss=1&searchRelation=keyword_all,ats_detected,5,success_after_fallback
149a5e5d4215,2026-09-22,64d9022f568a,ITT Enidine,https://www.enidine.com/en-US/Home,https://careersenus-itt-inc.icims.com/jobs/search?ss=1&searchRelation=keyword_all,Title Product Design Engineer,https://careersenus-itt-inc.icims.com/jobs/17529/product-design-engineer/job,"Orchard Park, NY, United States",Orchard Park,NY,United States,Not specified,,,,Space & Defense,2026-09-22,2026-09-22,https://careersenus-itt-inc.icims.com/jobs/search?ss=1&searchRelation=keyword_all,ats_detected,5,success_after_fallback
3996a2cf0efe,2026-09-22,64d9022f568a,ITT Enidine,https://www.enidine.com/en-US/Home,https://careersenus-itt-inc.icims.com/jobs/search?ss=1&searchRelation=keyword_all,Title Quality Engineering Intern (Summer 2027),https://careersenus-itt-inc.icims.com/jobs/17495/quality-engineering-intern-%28summer-2027%29/job,"Orchard Park, NY, United States",Orchard Park,NY,United States,Not specified,,,,Space & Defense,2026-09-22,2026-09-22,https://careersenus-itt-inc.icims.com/jobs/search?ss=1&searchRelation=keyword_all,ats_detected,5,success_after_fallback
db3bcf8f3cbe,2026-09-22,64d9022f568a,ITT Enidine,https://www.enidine.com/en-US/Home,https://careersenus-itt-inc.icims.com/jobs/search?ss=1&searchRelation=keyword_all,Title Strategic Account Manager,https://careersenus-itt-inc.icims.com/jobs/17482/strategic-account-manager/job,"Orchard Park, NY, United States",Orchard Park,NY,United States,Not specified,,,,Space & Defense,2026-09-22,2026-09-22,https://careersenus-itt-inc.icims.com/jobs/search?ss=1&searchRelation=keyword_all,ats_detected,5,success_after_fallback
1ff847b82618,2026-09-22,64d9022f568a,ITT Enidine,https://www.enidine.com/en-US/Home,https://careersenus-itt-inc.icims.com/jobs/search?ss=1&searchRelation=keyword_all,Title Temp- Marketing Communications Analyst,https://careersenus-itt-inc.icims.com/jobs/17481/temp--marketing-communications-analyst/job,"Orchard Park, NY, United States",Orchard Park,NY,United States,Not specified,,,,Space & Defense,2026-09-22,2026-09-22,https://careersenus-itt-inc.icims.com/jobs/search?ss=1&searchRelation=keyword_all,ats_detected,5,success_after_fallback
76c54b348a70,2026-09-22,64d9022f568a,ITT Enidine,https://www.enidine.com/en-US/Home,https://careersenus-itt-inc.icims.com/jobs/search?ss=1&searchRelation=keyword_all,Title Product Management Co-op (Spring/Summer 2027),https://careersenus-itt-inc.icims.com/jobs/17451/product-management-co-op-%28spring-summer-2027%29/job,"Orchard Park, NY, United States",Orchard Park,NY,United States,Not specified,,,,Space & Defense,2026-09-22,2026-09-22,https://careersenus-itt-inc.icims.com/jobs/search?ss=1&searchRelation=keyword_all,ats_detected,5,success_after_fallback
f751a18860ad,2026-09-22,64d9022f568a,ITT Enidine,https://www.enidine.com/en-US/Home,https://careersenus-itt-inc.icims.com/jobs/search?ss=1&searchRelation=keyword_all,Title iProd Design Center Engineering Co-op (Spring/Summer 2027),https://careersenus-itt-inc.icims.com/jobs/17447/iprod-design-center-engineering-co-op-%28spring-summer-2027%29/job,"Orchard Park, NY, United States",Orchard Park,NY,United States,Not specified,,,,Space & Defense,2026-09-22,2026-09-22,https://careersenus-itt-inc.icims.com/jobs/search?ss=1&searchRelation=keyword_all,ats_detected,5,success_after_fallback
fece39a81312,2026-09-22,64d9022f568a,ITT Enidine,https://www.enidine.com/en-US/Home,https://careersenus-itt-inc.icims.com/jobs/search?ss=1&searchRelation=keyword_all,Title iProd Design Center Engineering Co-op (Spring/Summer 2027),https://careersenus-itt-inc.icims.com/jobs/17446/iprod-design-center-engineering-co-op-%28spring-summer-2027%29/job,"Orchard Park, NY, United States",Orchard Park,NY,United States,Not specified,,,,Space & Defense,2026-09-22,2026-09-22,https://careersenus-itt-inc.icims.com/jobs/search?ss=1&searchRelation=keyword_all,ats_detected,5,success_after_fallback
a3750caf4a45,2026-09-22,64d9022f568a,ITT Enidine,https://www.enidine.com/en-US/Home,https://careersenus-itt-inc.icims.com/jobs/search?ss=1&searchRelation=keyword_all,Title Warehousing Specialist,https://careersenus-itt-inc.icims.com/jobs/17424/warehousing-specialist/job,"Orchard Park, NY, United States",Orchard Park,NY,United States,Not specified,,,,Space & Defense,2026-09-22,2026-09-22,https://careersenus-itt-inc.icims.com/jobs/search?ss=1&searchRelation=keyword_all,ats_detected,5,success_after_fallback
ee5582f5829b,2026-09-22,64d9022f568a,ITT Enidine,https://www.enidine.com/en-US/Home,https://careersenus-itt-inc.icims.com/jobs/search?ss=1&searchRelation=keyword_all,"Title Manager, Strategic Accounts",https://careersenus-itt-inc.icims.com/jobs/17423/manager%2c-strategic-accounts/job,"Orchard Park, NY, United States",Orchard Park,NY,United States,Not specified,,,,Space & Defense,2026-09-22,2026-09-22,https://careersenus-itt-inc.icims.com/jobs/search?ss=1&searchRelation=keyword_all,ats_detected,5,success_after_fallback
f3178d2fac08,2026-09-22,64d9022f568a,ITT Enidine,https://www.enidine.com/en-US/Home,https://careersger-itt-inc.icims.com/jobs/search?ss=1&searchRelation=keyword_all,Titel Technical Business Development Manager Connectors for Defense & Aerospace – Eastern Europe,https://careersger-itt-inc.icims.com/jobs/17258/technical-business-development-manager-connectors-for-defense-%26-aerospace-%e2%80%93-eastern-europe/job,"Orchard Park, NY, United States",Orchard Park,NY,United States,Remote,,,,Space & Defense,2026-09-22,2026-09-22,https://careersger-itt-inc.icims.com/jobs/search?ss=1&searchRelation=keyword_all,ats_detected,5,success_after_fallback
9f6ea6672698,2026-09-22,64d9022f568a,ITT Enidine,https://www.enidine.com/en-US/Home,https://careersger-itt-inc.icims.com/jobs/search?ss=1&searchRelation=keyword_all,Titel Technical Business Development Manager Connectors for Defense & Aerospace - DACH,https://careersger-itt-inc.icims.com/jobs/17257/technical-business-development-manager-connectors-for-defense-%26-aerospace---dach/job,"Orchard Park, NY, United States",Orchard Park,NY,United States,Remote,,,,Space & Defense,2026-09-22,2026-09-22,https://careersger-itt-inc.icims.com/jobs/search?ss=1&searchRelation=keyword_all,ats_detected,5,success_after_fallback
cc379f610e49,2026-09-22,64d9022f568a,ITT Enidine,https://www.enidine.com/en-US/Home,https://careersger-itt-inc.icims.com/jobs/search?ss=1&searchRelation=keyword_all,Titel Facilities Technician,https://careersger-itt-inc.icims.com/jobs/16722/facilities-technician/job,"Orchard Park, NY, United States",Orchard Park,NY,United States,Not specified,,,,Space & Defense,2026-09-22,2026-09-22,https://careersger-itt-inc.icims.com/jobs/search?ss=1&searchRelation=keyword_all,ats_detected,5,success_after_fallback
94fe2296fb92,2026-09-22,64d9022f568a,ITT Enidine,https://www.enidine.com/en-US/Home,https://careersger-itt-inc.icims.com/jobs/search?ss=1&searchRelation=keyword_all,Titel Product Manager Automotive After Market & Racing,https://careersger-itt-inc.icims.com/jobs/15454/product-manager-automotive-after-market-%26-racing/job,"Orchard Park, NY, United States",Orchard Park,NY,United States,Not specified,,,,Space & Defense,2026-09-22,2026-09-22,https://careersger-itt-inc.icims.com/jobs/search?ss=1&searchRelation=keyword_all,ats_detected,5,success_after_fallback
a4dbfa33c93b,2026-09-22,64d9022f568a,ITT Enidine,https://www.enidine.com/en-US/Home,https://careersmex-itt-inc.icims.com/jobs/search?ss=1&searchRelation=keyword_all,Cargo Financial Planning Analyst,https://careersmex-itt-inc.icims.com/jobs/17662/financial-planning-analyst/job,"Orchard Park, NY, United States",Orchard Park,NY,United States,Not specified,,,,Space & Defense,2026-09-22,2026-09-22,https://careersmex-itt-inc.icims.com/jobs/search?ss=1&searchRelation=keyword_all,ats_detected,5,success_after_fallback
f1da2aa2f97c,2026-09-22,64d9022f568a,ITT Enidine,https://www.enidine.com/en-US/Home,https://careersmex-itt-inc.icims.com/jobs/search?ss=1&searchRelation=keyword_all,Cargo Inside Sales Representative,https://careersmex-itt-inc.icims.com/jobs/17536/inside-sales-representative/job,"Orchard Park, NY, United States",Orchard Park,NY,United States,Not specified,,,,Space & Defense,2026-09-22,2026-09-22,https://careersmex-itt-inc.icims.com/jobs/search?ss=1&searchRelation=keyword_all,ats_detected,5,success_after_fallback
425fe23d2c07,2026-09-22,64d9022f568a,ITT Enidine,https://www.enidine.com/en-US/Home,https://careersmex-itt-inc.icims.com/jobs/search?ss=1&searchRelation=keyword_all,Cargo Designer,https://careersmex-itt-inc.icims.com/jobs/17380/designer/job,"Orchard Park, NY, United States",Orchard Park,NY,United States,Not specified,,,,Space & Defense,2026-09-22,2026-09-22,https://careersmex-itt-inc.icims.com/jobs/search?ss=1&searchRelation=keyword_all,ats_detected,5,success_after_fallback
b98c7d1c9b39,2026-09-22,64d9022f568a,ITT Enidine,https://www.enidine.com/en-US/Home,https://careersmex-itt-inc.icims.com/jobs/search?ss=1&searchRelation=keyword_all,Cargo Planning Manager - SAP Implementation Project,https://careersmex-itt-inc.icims.com/jobs/17364/planning-manager---sap-implementation-project/job,"Orchard Park, NY, United States",Orchard Park,NY,United States,Not specified,,,,Space & Defense,2026-09-22,2026-09-22,https://careersmex-itt-inc.icims.com/jobs/search?ss=1&searchRelation=keyword_all,ats_detected,5,success_after_fallback
281e213f90a9,2026-09-22,64d9022f568a,ITT Enidine,https://www.enidine.com/en-US/Home,https://careersmex-itt-inc.icims.com/jobs/search?ss=1&searchRelation=keyword_all,Cargo Assembly Operator,https://careersmex-itt-inc.icims.com/jobs/17331/assembly-operator/job,"Orchard Park, NY, United States",Orchard Park,NY,United States,Not specified,,,,Space & Defense,2026-09-22,2026-09-22,https://careersmex-itt-inc.icims.com/jobs/search?ss=1&searchRelation=keyword_all,ats_detected,5,success_after_fallback
741095c17fd4,2026-09-22,64d9022f568a,ITT Enidine,https://www.enidine.com/en-US/Home,https://careersmex-itt-inc.icims.com/jobs/search?ss=1&searchRelation=keyword_all,"Cargo Sourcing, Supply Chain and Logistics Analyst",https://careersmex-itt-inc.icims.com/jobs/17330/sourcing%2c-supply-chain-and-logistics-analyst/job,"Orchard Park, NY, United States",Orchard Park,NY,United States,Not specified,,,,Space & Defense,2026-09-22,2026-09-22,https://careersmex-itt-inc.icims.com/jobs/search?ss=1&searchRelation=keyword_all,ats_detected,5,success_after_fallback
b9d2a71458b9,2026-09-22,64d9022f568a,ITT Enidine,https://www.enidine.com/en-US/Home,https://careersmex-itt-inc.icims.com/jobs/search?ss=1&searchRelation=keyword_all,Cargo Customer Service Analyst,https://careersmex-itt-inc.icims.com/jobs/17113/customer-service-analyst/job,"Orchard Park, NY, United States",Orchard Park,NY,United States,Not specified,,,,Space & Defense,2026-09-22,2026-09-22,https://careersmex-itt-inc.icims.com/jobs/search?ss=1&searchRelation=keyword_all,ats_detected,5,success_after_fallback
05955e9486cc,2026-09-22,64d9022f568a,ITT Enidine,https://www.enidine.com/en-US/Home,https://careersmex-itt-inc.icims.com/jobs/search?ss=1&searchRelation=keyword_all,Cargo Manufacturing Engineer,https://careersmex-itt-inc.icims.com/jobs/16633/manufacturing-engineer/job,"Orchard Park, NY, United States",Orchard Park,NY,United States,Not specified,,,,Space & Defense,2026-09-22,2026-09-22,https://careersmex-itt-inc.icims.com/jobs/search?ss=1&searchRelation=keyword_all,ats_detected,5,success_after_fallback
dadae87cd5d0,2026-09-22,64d9022f568a,ITT Enidine,https://www.enidine.com/en-US/Home,https://careersmex-itt-inc.icims.com/jobs/search?ss=1&searchRelation=keyword_all,Cargo Service Engineer,https://careersmex-itt-inc.icims.com/jobs/16362/service-engineer/job,"Orchard Park, NY, United States",Orchard Park,NY,United States,Not specified,,,,Space & Defense,2026-09-22,2026-09-22,https://careersmex-itt-inc.icims.com/jobs/search?ss=1&searchRelation=keyword_all,ats_detected,5,success_after_fallback
a4c67cf94a39,2026-09-22,64d9022f568a,ITT Enidine,https://www.enidine.com/en-US/Home,https://careersen-itt-inc.icims.com/jobs/search?ss=1&searchRelation=keyword_all,Title Financial Planning Analyst,https://careersen-itt-inc.icims.com/jobs/17662/financial-planning-analyst/job,"Orchard Park, NY, United States",Orchard Park,NY,United States,Not specified,,,,Space & Defense,2026-09-22,2026-09-22,https://careersen-itt-inc.icims.com/jobs/search?ss=1&searchRelation=keyword_all,ats_detected,5,success_after_fallback
3a17fdfb9069,2026-09-22,64d9022f568a,ITT Enidine,https://www.enidine.com/en-US/Home,https://careersen-itt-inc.icims.com/jobs/search?ss=1&searchRelation=keyword_all,Title Learning & Talent Specialist (Maternity Cover),https://careersen-itt-inc.icims.com/jobs/17562/learning-%26-talent-specialist-%28maternity-cover%29/job,"Orchard Park, NY, United States",Orchard Park,NY,United States,Not specified,,,,Space & Defense,2026-09-22,2026-09-22,https://careersen-itt-inc.icims.com/jobs/search?ss=1&searchRelation=keyword_all,ats_detected,5,success_after_fallback
cf0b71559db3,2026-09-22,64d9022f568a,ITT Enidine,https://www.enidine.com/en-US/Home,https://careersen-itt-inc.icims.com/jobs/search?ss=1&searchRelation=keyword_all,Title Inside Sales Representative,https://careersen-itt-inc.icims.com/jobs/17536/inside-sales-representative/job,"Orchard Park, NY, United States",Orchard Park,NY,United States,Not specified,,,,Space & Defense,2026-09-22,2026-09-22,https://careersen-itt-inc.icims.com/jobs/search?ss=1&searchRelation=keyword_all,ats_detected,5,success_after_fallback
68cc802baf5f,2026-09-22,64d9022f568a,ITT Enidine,https://www.enidine.com/en-US/Home,https://careersen-itt-inc.icims.com/jobs/search?ss=1&searchRelation=keyword_all,Title HR Operations Specialist,https://careersen-itt-inc.icims.com/jobs/17531/hr-operations-specialist/job,"Orchard Park, NY, United States",Orchard Park,NY,United States,Not specified,,,,Space & Defense,2026-09-22,2026-09-22,https://careersen-itt-inc.icims.com/jobs/search?ss=1&searchRelation=keyword_all,ats_detected,5,success_after_fallback
95066864036e,2026-09-22,64d9022f568a,ITT Enidine,https://www.enidine.com/en-US/Home,https://careersen-itt-inc.icims.com/jobs/search?ss=1&searchRelation=keyword_all,Title HR Leader - Transformation & Strategic Projects,https://careersen-itt-inc.icims.com/jobs/17459/hr-leader---transformation-%26-strategic-projects/job,"Orchard Park, NY, United States",Orchard Park,NY,United States,Not specified,,,,Space & Defense,2026-09-22,2026-09-22,https://careersen-itt-inc.icims.com/jobs/search?ss=1&searchRelation=keyword_all,ats_detected,5,success_after_fallback
8d7ea2d61c73,2026-09-22,64d9022f568a,ITT Enidine,https://www.enidine.com/en-US/Home,https://careersen-itt-inc.icims.com/jobs/search?ss=1&searchRelation=keyword_all,Title Credit Analyst,https://careersen-itt-inc.icims.com/jobs/17444/credit-analyst/job,"Orchard Park, NY, United States",Orchard Park,NY,United States,Not specified,,,,Space & Defense,2026-09-22,2026-09-22,https://careersen-itt-inc.icims.com/jobs/search?ss=1&searchRelation=keyword_all,ats_detected,5,success_after_fallback
d11b2c907757,2026-09-22,64d9022f568a,ITT Enidine,https://www.enidine.com/en-US/Home,https://careersen-itt-inc.icims.com/jobs/search?ss=1&searchRelation=keyword_all,Title Designer,https://careersen-itt-inc.icims.com/jobs/17380/designer/job,"Orchard Park, NY, United States",Orchard Park,NY,United States,Not specified,,,,Space & Defense,2026-09-22,2026-09-22,https://careersen-itt-inc.icims.com/jobs/search?ss=1&searchRelation=keyword_all,ats_detected,5,success_after_fallback
72a6568f7f40,2026-09-22,64d9022f568a,ITT Enidine,https://www.enidine.com/en-US/Home,https://careersen-itt-inc.icims.com/jobs/search?ss=1&searchRelation=keyword_all,Title Planning Manager - SAP Implementation Project,https://careersen-itt-inc.icims.com/jobs/17364/planning-manager---sap-implementation-project/job,"Orchard Park, NY, United States",Orchard Park,NY,United States,Not specified,,,,Space & Defense,2026-09-22,2026-09-22,https://careersen-itt-inc.icims.com/jobs/search?ss=1&searchRelation=keyword_all,ats_detected,5,success_after_fallback
356153abca2d,2026-09-22,64d9022f568a,ITT Enidine,https://www.enidine.com/en-US/Home,https://careersen-itt-inc.icims.com/jobs/search?ss=1&searchRelation=keyword_all,Title Assembly Operator,https://careersen-itt-inc.icims.com/jobs/17331/assembly-operator/job,"Orchard Park, NY, United States",Orchard Park,NY,United States,Not specified,,,,Space & Defense,2026-09-22,2026-09-22,https://careersen-itt-inc.icims.com/jobs/search?ss=1&searchRelation=keyword_all,ats_detected,5,success_after_fallback
5383c4a8a4ca,2026-09-22,64d9022f568a,ITT Enidine,https://www.enidine.com/en-US/Home,https://careersen-itt-inc.icims.com/jobs/search?ss=1&searchRelation=keyword_all,"Title Sourcing, Supply Chain and Logistics Analyst",https://careersen-itt-inc.icims.com/jobs/17330/sourcing%2c-supply-chain-and-logistics-analyst/job,"Orchard Park, NY, United States",Orchard Park,NY,United States,Not specified,,,,Space & Defense,2026-09-22,2026-09-22,https://careersen-itt-inc.icims.com/jobs/search?ss=1&searchRelation=keyword_all,ats_detected,5,success_after_fallback
2603ec2fb53d,2026-09-22,64d9022f568a,ITT Enidine,https://www.enidine.com/en-US/Home,https://careersen-itt-inc.icims.com/jobs/search?ss=1&searchRelation=keyword_all,Title Lead Analytics Engineer,https://careersen-itt-inc.icims.com/jobs/17299/lead-analytics-engineer/job,"Orchard Park, NY, United States",Orchard Park,NY,United States,Not specified,,,,Space & Defense,2026-09-22,2026-09-22,https://careersen-itt-inc.icims.com/jobs/search?ss=1&searchRelation=keyword_all,ats_detected,5,success_after_fallback
1f063b3551ed,2026-09-22,64d9022f568a,ITT Enidine,https://www.enidine.com/en-US/Home,https://careersen-itt-inc.icims.com/jobs/search?ss=1&searchRelation=keyword_all,Title Junior Analytics Engineer,https://careersen-itt-inc.icims.com/jobs/17291/junior-analytics-engineer/job,"Orchard Park, NY, United States",Orchard Park,NY,United States,Not specified,,,,Space & Defense,2026-09-22,2026-09-22,https://careersen-itt-inc.icims.com/jobs/search?ss=1&searchRelation=keyword_all,ats_detected,5,success_after_fallback
a47a09000921,2026-09-22,64d9022f568a,ITT Enidine,https://www.enidine.com/en-US/Home,https://careersen-itt-inc.icims.com/jobs/search?ss=1&searchRelation=keyword_all,Title Finance Shared Services Manager - Projects & Operations,https://careersen-itt-inc.icims.com/jobs/17284/finance-shared-services-manager---projects-%26-operations/job,"Orchard Park, NY, United States",Orchard Park,NY,United States,Not specified,,,,Space & Defense,2026-09-22,2026-09-22,https://careersen-itt-inc.icims.com/jobs/search?ss=1&searchRelation=keyword_all,ats_detected,5,success_after_fallback
0c8e0c119fe4,2026-09-22,64d9022f568a,ITT Enidine,https://www.enidine.com/en-US/Home,https://careersen-itt-inc.icims.com/jobs/search?ss=1&searchRelation=keyword_all,Title Technical Business Development Manager Connectors for Defense & Aerospace – Eastern Europe,https://careersen-itt-inc.icims.com/jobs/17258/technical-business-development-manager-connectors-for-defense-%26-aerospace-%e2%80%93-eastern-europe/job,"Orchard Park, NY, United States",Orchard Park,NY,United States,Remote,,,,Space & Defense,2026-09-22,2026-09-22,https://careersen-itt-inc.icims.com/jobs/search?ss=1&searchRelation=keyword_all,ats_detected,5,success_after_fallback
dc5541523c3d,2026-09-22,64d9022f568a,ITT Enidine,https://www.enidine.com/en-US/Home,https://careersen-itt-inc.icims.com/jobs/search?ss=1&searchRelation=keyword_all,Title Technical Business Development Manager Connectors for Defense & Aerospace - DACH,https://careersen-itt-inc.icims.com/jobs/17257/technical-business-development-manager-connectors-for-defense-%26-aerospace---dach/job,"Orchard Park, NY, United States",Orchard Park,NY,United States,Remote,,,,Space & Defense,2026-09-22,2026-09-22,https://careersen-itt-inc.icims.com/jobs/search?ss=1&searchRelation=keyword_all,ats_detected,5,success_after_fallback
66a52bce4bc4,2026-09-22,64d9022f568a,ITT Enidine,https://www.enidine.com/en-US/Home,https://careersen-itt-inc.icims.com/jobs/search?ss=1&searchRelation=keyword_all,Title Application Engineer,https://careersen-itt-inc.icims.com/jobs/17214/application-engineer/job,"Orchard Park, NY, United States",Orchard Park,NY,United States,Not specified,,,,Space & Defense,2026-09-22,2026-09-22,https://careersen-itt-inc.icims.com/jobs/search?ss=1&searchRelation=keyword_all,ats_detected,5,success_after_fallback
c404b86641f4,2026-09-22,64d9022f568a,ITT Enidine,https://www.enidine.com/en-US/Home,https://careersen-itt-inc.icims.com/jobs/search?ss=1&searchRelation=keyword_all,Title AI & Manufacturing Innovation Engineer,https://careersen-itt-inc.icims.com/jobs/17121/ai-%26-manufacturing-innovation-engineer/job,"Orchard Park, NY, United States",Orchard Park,NY,United States,Not specified,,,,Space & Defense,2026-09-22,2026-09-22,https://careersen-itt-inc.icims.com/jobs/search?ss=1&searchRelation=keyword_all,ats_detected,5,success_after_fallback
ab029f496844,2026-09-22,64d9022f568a,ITT Enidine,https://www.enidine.com/en-US/Home,https://careersen-itt-inc.icims.com/jobs/search?ss=1&searchRelation=keyword_all,Title Sales Manager,https://careersen-itt-inc.icims.com/jobs/17114/sales-manager/job,"Orchard Park, NY, United States",Orchard Park,NY,United States,Not specified,,,,Space & Defense,2026-09-22,2026-09-22,https://careersen-itt-inc.icims.com/jobs/search?ss=1&searchRelation=keyword_all,ats_detected,5,success_after_fallback
7c10f59eecd9,2026-09-22,64d9022f568a,ITT Enidine,https://www.enidine.com/en-US/Home,https://careersen-itt-inc.icims.com/jobs/search?ss=1&searchRelation=keyword_all,Title Customer Service Analyst,https://careersen-itt-inc.icims.com/jobs/17113/customer-service-analyst/job,"Orchard Park, NY, United States",Orchard Park,NY,United States,Not specified,,,,Space & Defense,2026-09-22,2026-09-22,https://careersen-itt-inc.icims.com/jobs/search?ss=1&searchRelation=keyword_all,ats_detected,5,success_after_fallback
41163fde7d23,2026-09-22,64d9022f568a,ITT Enidine,https://www.enidine.com/en-US/Home,https://careersen-itt-inc.icims.com/jobs/search?ss=1&searchRelation=keyword_all,Title Talent Insights Analyst,https://careersen-itt-inc.icims.com/jobs/17072/talent-insights-analyst/job,"Orchard Park, NY, United States",Orchard Park,NY,United States,Not specified,,,,Space & Defense,2026-09-22,2026-09-22,https://careersen-itt-inc.icims.com/jobs/search?ss=1&searchRelation=keyword_all,ats_detected,5,success_after_fallback
91aa73b5e290,2026-09-22,64d9022f568a,ITT Enidine,https://www.enidine.com/en-US/Home,https://careersen-itt-inc.icims.com/jobs/search?ss=1&searchRelation=keyword_all,Title Global Quality Engineer Lead,https://careersen-itt-inc.icims.com/jobs/16805/global-quality-engineer-lead/job,"Orchard Park, NY, United States",Orchard Park,NY,United States,Not specified,,,,Space & Defense,2026-09-22,2026-09-22,https://careersen-itt-inc.icims.com/jobs/search?ss=1&searchRelation=keyword_all,ats_detected,5,success_after_fallback
54f01b8dbe30,2026-09-22,64d9022f568a,ITT Enidine,https://www.enidine.com/en-US/Home,https://careersen-itt-inc.icims.com/jobs/search?ss=1&searchRelation=keyword_all,Title Application Engineer Railway,https://careersen-itt-inc.icims.com/jobs/16767/application-engineer-railway/job,"Orchard Park, NY, United States",Orchard Park,NY,United States,Not specified,,,,Space & Defense,2026-09-22,2026-09-22,https://careersen-itt-inc.icims.com/jobs/search?ss=1&searchRelation=keyword_all,ats_detected,5,success_after_fallback
a2343af66dc4,2026-09-22,64d9022f568a,ITT Enidine,https://www.enidine.com/en-US/Home,https://careersen-itt-inc.icims.com/jobs/search?ss=1&searchRelation=keyword_all,Title Senior AI/ML Engineer,https://careersen-itt-inc.icims.com/jobs/16717/senior-ai-ml-engineer/job,"Orchard Park, NY, United States",Orchard Park,NY,United States,Not specified,,,,Space & Defense,2026-09-22,2026-09-22,https://careersen-itt-inc.icims.com/jobs/search?ss=1&searchRelation=keyword_all,ats_detected,5,success_after_fallback
b607cc8f9a30,2026-09-22,64d9022f568a,ITT Enidine,https://www.enidine.com/en-US/Home,https://careersen-itt-inc.icims.com/jobs/search?ss=1&searchRelation=keyword_all,Title IT Business Analyst (Application Configuration Specialist),https://careersen-itt-inc.icims.com/jobs/16713/it-business-analyst-%28application-configuration-specialist%29/job,"Orchard Park, NY, United States",Orchard Park,NY,United States,Not specified,,,,Space & Defense,2026-09-22,2026-09-22,https://careersen-itt-inc.icims.com/jobs/search?ss=1&searchRelation=keyword_all,ats_detected,5,success_after_fallback
e2fe533dc463,2026-09-22,64d9022f568a,ITT Enidine,https://www.enidine.com/en-US/Home,https://careersen-itt-inc.icims.com/jobs/search?ss=1&searchRelation=keyword_all,Title Application Engineer (P2),https://careersen-itt-inc.icims.com/jobs/16638/application-engineer-%28p2%29/job,"Orchard Park, NY, United States",Orchard Park,NY,United States,Not specified,,,,Space & Defense,2026-09-22,2026-09-22,https://careersen-itt-inc.icims.com/jobs/search?ss=1&searchRelation=keyword_all,ats_detected,5,success_after_fallback
b2d0be131c26,2026-09-22,64d9022f568a,ITT Enidine,https://www.enidine.com/en-US/Home,https://careersen-itt-inc.icims.com/jobs/search?ss=1&searchRelation=keyword_all,Title Global Purchasing & Sourcing Lead,https://careersen-itt-inc.icims.com/jobs/16615/global-purchasing-%26-sourcing-lead/job,"Orchard Park, NY, United States",Orchard Park,NY,United States,Not specified,,,,Space & Defense,2026-09-22,2026-09-22,https://careersen-itt-inc.icims.com/jobs/search?ss=1&searchRelation=keyword_all,ats_detected,5,success_after_fallback
8c401a107db2,2026-09-22,64d9022f568a,ITT Enidine,https://www.enidine.com/en-US/Home,https://careersen-itt-inc.icims.com/jobs/search?ss=1&searchRelation=keyword_all,Title Test Engineer,https://careersen-itt-inc.icims.com/jobs/16378/test-engineer/job,"Orchard Park, NY, United States",Orchard Park,NY,United States,Not specified,,,,Space & Defense,2026-09-22,2026-09-22,https://careersen-itt-inc.icims.com/jobs/search?ss=1&searchRelation=keyword_all,ats_detected,5,success_after_fallback
c122fdee3025,2026-09-22,64d9022f568a,ITT Enidine,https://www.enidine.com/en-US/Home,https://careersen-itt-inc.icims.com/jobs/search?ss=1&searchRelation=keyword_all,Title Service Engineer,https://careersen-itt-inc.icims.com/jobs/16362/service-engineer/job,"Orchard Park, NY, United States",Orchard Park,NY,United States,Not specified,,,,Space & Defense,2026-09-22,2026-09-22,https://careersen-itt-inc.icims.com/jobs/search?ss=1&searchRelation=keyword_all,ats_detected,5,success_after_fallback
ad288983df18,2026-09-22,64d9022f568a,ITT Enidine,https://www.enidine.com/en-US/Home,https://careersen-itt-inc.icims.com/jobs/search?ss=1&searchRelation=keyword_all,Title Product Manager Automotive After Market & Racing,https://careersen-itt-inc.icims.com/jobs/15454/product-manager-automotive-after-market-%26-racing/job,"Orchard Park, NY, United States",Orchard Park,NY,United States,Not specified,,,,Space & Defense,2026-09-22,2026-09-22,https://careersen-itt-inc.icims.com/jobs/search?ss=1&searchRelation=keyword_all,ats_detected,5,success_after_fallback
6b1b979a6787,2026-09-22,64d9022f568a,ITT Enidine,https://www.enidine.com/en-US/Home,https://careersen-itt-inc.icims.com/jobs/search?ss=1&searchRelation=keyword_all,Title Application Engineer,https://careersen-itt-inc.icims.com/jobs/15377/application-engineer/job,"Orchard Park, NY, United States",Orchard Park,NY,United States,Not specified,,,,Space & Defense,2026-09-22,2026-09-22,https://careersen-itt-inc.icims.com/jobs/search?ss=1&searchRelation=keyword_all,ats_detected,5,success_after_fallback
94bb4ec31afa,2026-09-22,64d9022f568a,ITT Enidine,https://www.enidine.com/en-US/Home,https://careersen-itt-inc.icims.com/jobs/search?ss=1&searchRelation=keyword_all,Title Application Engineering Lead,https://careersen-itt-inc.icims.com/jobs/15348/application-engineering-lead/job,"Orchard Park, NY, United States",Orchard Park,NY,United States,Not specified,,,,Space & Defense,2026-09-22,2026-09-22,https://careersen-itt-inc.icims.com/jobs/search?ss=1&searchRelation=keyword_all,ats_detected,5,success_after_fallback
4890ea1ea8f0,2026-09-22,64d9022f568a,ITT Enidine,https://www.enidine.com/en-US/Home,https://careersenus-itt-inc.icims.com/jobs/17738/regional-sales-manager%2C-north-america-%28usa%29/job,Regional Sales Manager%2C North America %28Usa%29,https://careersenus-itt-inc.icims.com/jobs/17738/regional-sales-manager%2c-north-america-%28usa%29/referral,"Orchard Park, NY, United States",Orchard Park,NY,United States,Not specified,,,,Space & Defense,2026-09-22,2026-09-22,https://careersenus-itt-inc.icims.com/jobs/17738/regional-sales-manager%2C-north-america-%28usa%29/job,ats_detected,5,success_after_fallback
f224d247fe71,2026-09-22,64d9022f568a,ITT Enidine,https://www.enidine.com/en-US/Home,https://careersenus-itt-inc.icims.com/jobs/17725/warehousing-specialist/job,Warehousing Specialist,https://careersenus-itt-inc.icims.com/jobs/17725/warehousing-specialist/referral,"Orchard Park, NY, United States",Orchard Park,NY,United States,Not specified,,,,Space & Defense,2026-09-22,2026-09-22,https://careersenus-itt-inc.icims.com/jobs/17725/warehousing-specialist/job,ats_detected,5,success_after_fallback
66a28783077e,2026-09-22,64d9022f568a,ITT Enidine,https://www.enidine.com/en-US/Home,https://careersenus-itt-inc.icims.com/jobs/17724/field-service-engineer/job,Field Service Engineer,https://careersenus-itt-inc.icims.com/jobs/17724/field-service-engineer/referral,"Orchard Park, NY, United States",Orchard Park,NY,United States,Not specified,,,,Space & Defense,2026-09-22,2026-09-22,https://careersenus-itt-inc.icims.com/jobs/17724/field-service-engineer/job,ats_detected,5,success_after_fallback
982f7feeff58,2026-09-22,49a39e5c497b,L3Harris,https://www.l3harris.com/,https://careers.l3harris.com/en,L3Harris Engineering Hiring Event Greater Boston Ma,https://careers.l3harris.com/en/job/wilmington/l3harris-engineering-hiring-event-greater-boston-ma/4832/98348330736,"Greece, NY, United States",Greece,NY,United States,Not specified,,,,Space & Defense,2026-09-22,2026-09-22,https://careers.l3harris.com/en,known_careers_url,4,success
cfb445e721d4,2026-09-22,49a39e5c497b,L3Harris,https://www.l3harris.com/,https://careers.l3harris.com/en,L3Harris Engineering And Technician Career Fair Camden Ar,https://careers.l3harris.com/en/job/camden/l3harris-engineering-and-technician-career-fair-camden-ar/4832/99420660864,"Greece, NY, United States",Greece,NY,United States,Not specified,,,,Space & Defense,2026-09-22,2026-09-22,https://careers.l3harris.com/en,known_careers_url,4,success
bad2d3fbc14b,2026-09-22,49a39e5c497b,L3Harris,https://www.l3harris.com/,https://careers.l3harris.com/en,Technical Manager Software Engineering,https://careers.l3harris.com/en/job/rochester/technical-manager-software-engineering/4832/100946518272,"Rochester, New York",Rochester,NY,United States,Not specified,,,,Space & Defense,2026-09-22,2026-09-22,https://careers.l3harris.com/en,known_careers_url,4,success
e6f973a38b83,2026-09-22,49a39e5c497b,L3Harris,https://www.l3harris.com/,https://careers.l3harris.com/en,Lead Systems Engineering Acoustics Sme 10K Sign On,https://careers.l3harris.com/en/job/millersville/lead-systems-engineering-acoustics-sme-10k-sign-on/4832/100946517264,"Millersville, Maryland, Herndon, Virginia",Millersville,MD,United States,Not specified,,,,Space & Defense,2026-09-22,2026-09-22,https://careers.l3harris.com/en,known_careers_url,4,success
14d42b9c5a3c,2026-09-22,49a39e5c497b,L3Harris,https://www.l3harris.com/,https://careers.l3harris.com/en,Lead Project Engineer Sln Sustainment,https://careers.l3harris.com/en/job/salt-lake-city/lead-project-engineer-sln-sustainment/4832/100943374304,"Salt Lake City, Utah",Salt Lake City,UT,United States,Not specified,,,,Space & Defense,2026-09-22,2026-09-22,https://careers.l3harris.com/en,known_careers_url,4,success
1c71a621e817,2026-09-22,49a39e5c497b,L3Harris,https://www.l3harris.com/,https://careers.l3harris.com/en,Scientist Project Engineering,https://careers.l3harris.com/en/job/salt-lake-city/scientist-project-engineering/4832/100943374272,"Salt Lake City, Utah",Salt Lake City,UT,United States,Not specified,,,,Space & Defense,2026-09-22,2026-09-22,https://careers.l3harris.com/en,known_careers_url,4,success
11411ff757c0,2026-09-22,49a39e5c497b,L3Harris,https://www.l3harris.com/,https://careers.l3harris.com/en/search-jobs,Sr Specialist Systems Engineering System Software,https://careers.l3harris.com/en/job/camden/sr-specialist-systems-engineering-system-software/4832/100928227456,"Camden, NJ",Camden,NJ,United States,Not specified,,,,Space & Defense,2026-09-22,2026-09-22,https://careers.l3harris.com/en/search-jobs,linked_page,4,success_after_fallback
bedb03d4ccbe,2026-09-22,49a39e5c497b,L3Harris,https://www.l3harris.com/,https://careers.l3harris.com/en/search-jobs,Associate Finance,https://careers.l3harris.com/en/job/melbourne/associate-finance/4832/100928227408,"Greece, NY, United States",Greece,NY,United States,Not specified,,,,Space & Defense,2026-09-22,2026-09-22,https://careers.l3harris.com/en/search-jobs,linked_page,4,success_after_fallback
4fade1d6c6d6,2026-09-22,49a39e5c497b,L3Harris,https://www.l3harris.com/,https://careers.l3harris.com/en/search-jobs,"Senior Specialist, Program Finance Finance Multiple Locations",https://careers.l3harris.com/en/job/camden/senior-specialist-program-finance/4832/100920963648,"Greece, NY, United States",Greece,NY,United States,Not specified,,,,Space & Defense,2026-09-22,2026-09-22,https://careers.l3harris.com/en/search-jobs,linked_page,4,success_after_fallback
02eb42ce85db,2026-09-22,49a39e5c497b,L3Harris,https://www.l3harris.com/,https://careers.l3harris.com/en/search-jobs,"Sr. Specialist, Systems Engineering Engineering Multiple Locations",https://careers.l3harris.com/en/job/millersville/sr-specialist-systems-engineering/4832/100920963616,"Greece, NY, United States",Greece,NY,United States,Not specified,,,,Space & Defense,2026-09-22,2026-09-22,https://careers.l3harris.com/en/search-jobs,linked_page,4,success_after_fallback
3ea4019d6136,2026-09-22,49a39e5c497b,L3Harris,https://www.l3harris.com/,https://careers.l3harris.com/en/search-jobs,Associate Materials Process Engineer,https://careers.l3harris.com/en/job/canoga-park/associate-materials-process-engineer/4832/100899609232,"Canoga Park, CA",Canoga Park,CA,United States,Not specified,,,,Space & Defense,2026-09-22,2026-09-22,https://careers.l3harris.com/en/search-jobs,linked_page,4,success_after_fallback
9e63e0d2439f,2026-09-22,49a39e5c497b,L3Harris,https://www.l3harris.com/,https://careers.l3harris.com/en/search-jobs,Associate Materials Process Engineer,https://careers.l3harris.com/en/job/canoga-park/associate-materials-process-engineer/4832/100899609216,"Canoga Park, CA",Canoga Park,CA,United States,Not specified,,,,Space & Defense,2026-09-22,2026-09-22,https://careers.l3harris.com/en/search-jobs,linked_page,4,success_after_fallback
3e6b5666b819,2026-09-22,49a39e5c497b,L3Harris,https://www.l3harris.com/,https://careers.l3harris.com/en/search-jobs,Senior Specialist Program Management,https://careers.l3harris.com/en/job/northampton/senior-specialist-program-management/4832/100834861568,"Northampton, MA",Northampton,MA,United States,Not specified,,,,Space & Defense,2026-09-22,2026-09-22,https://careers.l3harris.com/en/search-jobs,linked_page,4,success_after_fallback
5c52c90637ab,2026-09-22,49a39e5c497b,L3Harris,https://www.l3harris.com/,https://careers.l3harris.com/en/search-jobs,Senior Manager Program Management,https://careers.l3harris.com/en/job/salt-lake-city/senior-manager-program-management/4832/100834861552,"Salt Lake City, UT",Salt Lake City,UT,United States,Not specified,,,,Space & Defense,2026-09-22,2026-09-22,https://careers.l3harris.com/en/search-jobs,linked_page,4,success_after_fallback
a58a17f54fe6,2026-09-22,49a39e5c497b,L3Harris,https://www.l3harris.com/,https://careers.l3harris.com/en/search-jobs,Senior Specialist Software Engineering Sv Optical Communications Terminal Software Adaptor,https://careers.l3harris.com/en/job/palm-bay/senior-specialist-software-engineering-sv-optical-communications-terminal-software-adaptor/4832/100794145232,"Palm Bay, Brevard, FL",Palm Bay,FL,United States,Not specified,,,,Space & Defense,2026-09-22,2026-09-22,https://careers.l3harris.com/en/search-jobs,linked_page,4,success_after_fallback
2b3edfaf00fe,2026-09-22,49a39e5c497b,L3Harris,https://www.l3harris.com/,https://careers.l3harris.com/en/search-jobs,Lead Electrical Engineering,https://careers.l3harris.com/en/job/fort-wayne/lead-electrical-engineering/4832/100794145216,"Fort Wayne, IN",Fort Wayne,IN,United States,Not specified,,,,Space & Defense,2026-09-22,2026-09-22,https://careers.l3harris.com/en/search-jobs,linked_page,4,success_after_fallback
8e4aa013373c,2026-09-22,49a39e5c497b,L3Harris,https://www.l3harris.com/,https://careers.l3harris.com/en/search-jobs,Lead Project Engineering,https://careers.l3harris.com/en/job/fort-wayne/lead-project-engineering/4832/100794145168,"Fort Wayne, IN",Fort Wayne,IN,United States,Not specified,,,,Space & Defense,2026-09-22,2026-09-22,https://careers.l3harris.com/en/search-jobs,linked_page,4,success_after_fallback
a8e9267e3316,2026-09-22,49a39e5c497b,L3Harris,https://www.l3harris.com/,"https://careers.l3harris.com/en/search-jobs?acm=8686208,8679712,62721&alrpm=ALL&ascf=[%7B%22key%22:%22ALL%22,%22value%22:%22%22%7D]",Associate Material Management,https://careers.l3harris.com/en/job/palm-bay/associate-material-management/4832/100786698912,"Palm Bay, Brevard, FL",Palm Bay,FL,United States,Not specified,,,,Space & Defense,2026-09-22,2026-09-22,"https://careers.l3harris.com/en/search-jobs?acm=8686208,8679712,62721&alrpm=ALL&ascf=[%7B%22key%22:%22ALL%22,%22value%22:%22%22%7D]",linked_page,4,success_after_fallback
147864ec3076,2026-09-22,49a39e5c497b,L3Harris,https://www.l3harris.com/,"https://careers.l3harris.com/en/search-jobs?acm=8686208,8679712,62721&alrpm=ALL&ascf=[%7B%22key%22:%22ALL%22,%22value%22:%22%22%7D]",Sr Associate Information Security Systems Engineering,https://careers.l3harris.com/en/job/salt-lake-city/sr-associate-information-security-systems-engineering/4832/100769332672,"Salt Lake City, UT",Salt Lake City,UT,United States,Not specified,,,,Space & Defense,2026-09-22,2026-09-22,"https://careers.l3harris.com/en/search-jobs?acm=8686208,8679712,62721&alrpm=ALL&ascf=[%7B%22key%22:%22ALL%22,%22value%22:%22%22%7D]",linked_page,4,success_after_fallback
16175894bc3c,2026-09-22,49a39e5c497b,L3Harris,https://www.l3harris.com/,"https://careers.l3harris.com/en/search-jobs?acm=8686208,8679712,62721&alrpm=ALL&ascf=[%7B%22key%22:%22ALL%22,%22value%22:%22%22%7D]",Associate Quality Engineer,https://careers.l3harris.com/en/job/camden/associate-quality-engineer/4832/100774912288,"Camden, AR",Camden,AR,United States,Not specified,,,,Space & Defense,2026-09-22,2026-09-22,"https://careers.l3harris.com/en/search-jobs?acm=8686208,8679712,62721&alrpm=ALL&ascf=[%7B%22key%22:%22ALL%22,%22value%22:%22%22%7D]",linked_page,4,success_after_fallback
d36506f63e81,2026-09-22,49a39e5c497b,L3Harris,https://www.l3harris.com/,"https://careers.l3harris.com/en/search-jobs?acm=8686208,8679712,62721&alrpm=ALL&ascf=[%7B%22key%22:%22ALL%22,%22value%22:%22%22%7D]",Associate Software Engineering,https://careers.l3harris.com/en/job/greenville/associate-software-engineering/4832/100943339296,"Greenville, TX",Greenville,TX,United States,Not specified,,,,Space & Defense,2026-09-22,2026-09-22,"https://careers.l3harris.com/en/search-jobs?acm=8686208,8679712,62721&alrpm=ALL&ascf=[%7B%22key%22:%22ALL%22,%22value%22:%22%22%7D]",linked_page,4,success_after_fallback
96675d29afc1,2026-09-22,49a39e5c497b,L3Harris,https://www.l3harris.com/,"https://careers.l3harris.com/en/search-jobs?acm=8686208,8679712,62721&alrpm=ALL&ascf=[%7B%22key%22:%22ALL%22,%22value%22:%22%22%7D]",Associate Field Engineering,https://careers.l3harris.com/en/job/melbourne/associate-field-engineering/4832/98807498128,"Melbourne, FL",Melbourne,FL,United States,Not specified,,,,Space & Defense,2026-09-22,2026-09-22,"https://careers.l3harris.com/en/search-jobs?acm=8686208,8679712,62721&alrpm=ALL&ascf=[%7B%22key%22:%22ALL%22,%22value%22:%22%22%7D]",linked_page,4,success_after_fallback
b989194ca398,2026-09-22,49a39e5c497b,L3Harris,https://www.l3harris.com/,"https://careers.l3harris.com/en/search-jobs?acm=8686208,8679712,62721&alrpm=ALL&ascf=[%7B%22key%22:%22ALL%22,%22value%22:%22%22%7D]",Associate Field Engineering,https://careers.l3harris.com/en/job/melbourne/associate-field-engineering/4832/98807498208,"Melbourne, FL",Melbourne,FL,United States,Not specified,,,,Space & Defense,2026-09-22,2026-09-22,"https://careers.l3harris.com/en/search-jobs?acm=8686208,8679712,62721&alrpm=ALL&ascf=[%7B%22key%22:%22ALL%22,%22value%22:%22%22%7D]",linked_page,4,success_after_fallback
2b006a6a7776,2026-09-22,49a39e5c497b,L3Harris,https://www.l3harris.com/,"https://careers.l3harris.com/en/search-jobs?acm=8686208,8679712,62721&alrpm=ALL&ascf=[%7B%22key%22:%22ALL%22,%22value%22:%22%22%7D]",Associate Accounting,https://careers.l3harris.com/en/job/rochester/associate-accounting/4832/99780405280,"Rochester, NY",Rochester,NY,United States,Not specified,,,,Space & Defense,2026-09-22,2026-09-22,"https://careers.l3harris.com/en/search-jobs?acm=8686208,8679712,62721&alrpm=ALL&ascf=[%7B%22key%22:%22ALL%22,%22value%22:%22%22%7D]",linked_page,4,success_after_fallback
07d18befecaf,2026-09-22,49a39e5c497b,L3Harris,https://www.l3harris.com/,"https://careers.l3harris.com/en/search-jobs?acm=8686208,8679712,62721&alrpm=ALL&ascf=[%7B%22key%22:%22ALL%22,%22value%22:%22%22%7D]",Associate Quality,https://careers.l3harris.com/en/job/palm-bay/associate-quality/4832/99756757744,"Palm Bay, Brevard, FL",Palm Bay,FL,United States,Not specified,,,,Space & Defense,2026-09-22,2026-09-22,"https://careers.l3harris.com/en/search-jobs?acm=8686208,8679712,62721&alrpm=ALL&ascf=[%7B%22key%22:%22ALL%22,%22value%22:%22%22%7D]",linked_page,4,success_after_fallback
6df1548b3ea9,2026-09-22,49a39e5c497b,L3Harris,https://www.l3harris.com/,"https://careers.l3harris.com/en/search-jobs?acm=8686208,8679712,62721&alrpm=ALL&ascf=[%7B%22key%22:%22ALL%22,%22value%22:%22%22%7D]",Engineering Leadership Development Program Mechanical Engineer Various Locations,https://careers.l3harris.com/en/job/melbourne/engineering-leadership-development-program-mechanical-engineer-various-locations/4832/100148576176,"Melbourne, FL",Melbourne,FL,United States,Not specified,,,,Space & Defense,2026-09-22,2026-09-22,"https://careers.l3harris.com/en/search-jobs?acm=8686208,8679712,62721&alrpm=ALL&ascf=[%7B%22key%22:%22ALL%22,%22value%22:%22%22%7D]",linked_page,4,success_after_fallback
e6a4aad5316b,2026-09-22,49a39e5c497b,L3Harris,https://www.l3harris.com/,"https://careers.l3harris.com/en/search-jobs?acm=8686208,8679712,62721&alrpm=ALL&ascf=[%7B%22key%22:%22ALL%22,%22value%22:%22%22%7D]",Engineering Leadership Development Program Mechanical Engineer Various Locations,https://careers.l3harris.com/en/job/melbourne/engineering-leadership-development-program-mechanical-engineer-various-locations/4832/100148576208,"Melbourne, FL",Melbourne,FL,United States,Not specified,,,,Space & Defense,2026-09-22,2026-09-22,"https://careers.l3harris.com/en/search-jobs?acm=8686208,8679712,62721&alrpm=ALL&ascf=[%7B%22key%22:%22ALL%22,%22value%22:%22%22%7D]",linked_page,4,success_after_fallback
3c0c9386a75b,2026-09-22,49a39e5c497b,L3Harris,https://www.l3harris.com/,"https://careers.l3harris.com/en/search-jobs?acm=8686208,8679712,62721&alrpm=ALL&ascf=[%7B%22key%22:%22ALL%22,%22value%22:%22%22%7D]",Engineering Leadership Development Program Electrical Engineer Various Locations,https://careers.l3harris.com/en/job/melbourne/engineering-leadership-development-program-electrical-engineer-various-locations/4832/100148576272,"Melbourne, FL",Melbourne,FL,United States,Not specified,,,,Space & Defense,2026-09-22,2026-09-22,"https://careers.l3harris.com/en/search-jobs?acm=8686208,8679712,62721&alrpm=ALL&ascf=[%7B%22key%22:%22ALL%22,%22value%22:%22%22%7D]",linked_page,4,success_after_fallback
1305a9f6bebe,2026-09-22,49a39e5c497b,L3Harris,https://www.l3harris.com/,"https://careers.l3harris.com/en/search-jobs?acm=8686208,8679712,62721&alrpm=ALL&ascf=[%7B%22key%22:%22ALL%22,%22value%22:%22%22%7D]",Engineering Leadership Development Program Software Engineer Various Locations,https://careers.l3harris.com/en/job/melbourne/engineering-leadership-development-program-software-engineer-various-locations/4832/100148576352,"Melbourne, FL",Melbourne,FL,United States,Not specified,,,,Space & Defense,2026-09-22,2026-09-22,"https://careers.l3harris.com/en/search-jobs?acm=8686208,8679712,62721&alrpm=ALL&ascf=[%7B%22key%22:%22ALL%22,%22value%22:%22%22%7D]",linked_page,4,success_after_fallback
5e8203725042,2026-09-22,49a39e5c497b,L3Harris,https://www.l3harris.com/,https://careers.l3harris.com/en/job/camden/l3harris-engineering-and-technician-career-fair-camden-ar/4832/99420660864,L3Harris Engineering And Technician Career Fair Camden Ar,https://careers.l3harris.com/en/job/camden/l3harris-engineering-and-technician-career-fair-camden-ar/4832/search-jobs,"Greece, NY, United States",Greece,NY,United States,Not specified,,,,Space & Defense,2026-09-22,2026-09-22,https://careers.l3harris.com/en/job/camden/l3harris-engineering-and-technician-career-fair-camden-ar/4832/99420660864,linked_page,4,success_after_fallback
3d3817cde493,2026-09-22,49a39e5c497b,L3Harris,https://www.l3harris.com/,https://careers.l3harris.com/en/job/camden/l3harris-engineering-and-technician-career-fair-camden-ar/4832/99420660864,Associate Manager Operations,https://careers.l3harris.com/en/job/camden/associate-manager-operations/4832/100769332720,"Camden, Arkansas",Camden,AR,United States,Not specified,,,,Space & Defense,2026-09-22,2026-09-22,https://careers.l3harris.com/en/job/camden/l3harris-engineering-and-technician-career-fair-camden-ar/4832/99420660864,linked_page,4,success_after_fallback
0e87cf3a339b,2026-09-22,49a39e5c497b,L3Harris,https://www.l3harris.com/,https://careers.l3harris.com/en/job/camden/l3harris-engineering-and-technician-career-fair-camden-ar/4832/99420660864,Director Production Planning,https://careers.l3harris.com/en/job/camden/director-production-planning/4832/100730290944,"Camden, Arkansas",Camden,AR,United States,Not specified,,,,Space & Defense,2026-09-22,2026-09-22,https://careers.l3harris.com/en/job/camden/l3harris-engineering-and-technician-career-fair-camden-ar/4832/99420660864,linked_page,4,success_after_fallback
e90e9160d20d,2026-09-22,49a39e5c497b,L3Harris,https://www.l3harris.com/,https://careers.l3harris.com/en/job/camden/l3harris-engineering-and-technician-career-fair-camden-ar/4832/99420660864,Manufacturing Technician,https://careers.l3harris.com/en/job/camden/manufacturing-technician/4832/100730290960,"Camden, Arkansas",Camden,AR,United States,Not specified,,,,Space & Defense,2026-09-22,2026-09-22,https://careers.l3harris.com/en/job/camden/l3harris-engineering-and-technician-career-fair-camden-ar/4832/99420660864,linked_page,4,success_after_fallback
847f37b04ffa,2026-09-22,49a39e5c497b,L3Harris,https://www.l3harris.com/,"https://careers.l3harris.com/en/search-jobs?acm=61370,8684512,8684496,8684688,8684208,8687808,8696112,8684256,8690160,8684528&alrpm=ALL&ascf=[%7B%22key%22:%22ALL%22,%22value%22:%22%22%7D]",Sr Specialist Integration And Test Engineer,https://careers.l3harris.com/en/job/northampton/sr-specialist-integration-and-test-engineer/4832/100786698880,"Northampton, MA",Northampton,MA,United States,Not specified,,,,Space & Defense,2026-09-22,2026-09-22,"https://careers.l3harris.com/en/search-jobs?acm=61370,8684512,8684496,8684688,8684208,8687808,8696112,8684256,8690160,8684528&alrpm=ALL&ascf=[%7B%22key%22:%22ALL%22,%22value%22:%22%22%7D]",linked_page,4,success_after_fallback
e82f54c4cc40,2026-09-22,49a39e5c497b,L3Harris,https://www.l3harris.com/,"https://careers.l3harris.com/en/search-jobs?acm=61370,8684512,8684496,8684688,8684208,8687808,8696112,8684256,8690160,8684528&alrpm=ALL&ascf=[%7B%22key%22:%22ALL%22,%22value%22:%22%22%7D]",Specialist Dms Diminishing Manufacturing Sources Systems Engineer,https://careers.l3harris.com/en/job/salt-lake-city/specialist-dms-diminishing-manufacturing-sources-systems-engineer/4832/100786698752,"Salt Lake City, UT",Salt Lake City,UT,United States,Not specified,,,,Space & Defense,2026-09-22,2026-09-22,"https://careers.l3harris.com/en/search-jobs?acm=61370,8684512,8684496,8684688,8684208,8687808,8696112,8684256,8690160,8684528&alrpm=ALL&ascf=[%7B%22key%22:%22ALL%22,%22value%22:%22%22%7D]",linked_page,4,success_after_fallback
cd2f35664836,2026-09-22,49a39e5c497b,L3Harris,https://www.l3harris.com/,"https://careers.l3harris.com/en/search-jobs?acm=61370,8684512,8684496,8684688,8684208,8687808,8696112,8684256,8690160,8684528&alrpm=ALL&ascf=[%7B%22key%22:%22ALL%22,%22value%22:%22%22%7D]",Senior Specialist Software Engineering C2 Ndpp,https://careers.l3harris.com/en/job/colorado-springs/senior-specialist-software-engineering-c2-ndpp/4832/100953924032,"Colorado Springs, CO",Colorado Springs,CO,United States,Not specified,,,,Space & Defense,2026-09-22,2026-09-22,"https://careers.l3harris.com/en/search-jobs?acm=61370,8684512,8684496,8684688,8684208,8687808,8696112,8684256,8690160,8684528&alrpm=ALL&ascf=[%7B%22key%22:%22ALL%22,%22value%22:%22%22%7D]",linked_page,4,success_after_fallback
73d2109157e5,2026-09-22,49a39e5c497b,L3Harris,https://www.l3harris.com/,"https://careers.l3harris.com/en/search-jobs?acm=61370,8684512,8684496,8684688,8684208,8687808,8696112,8684256,8690160,8684528&alrpm=ALL&ascf=[%7B%22key%22:%22ALL%22,%22value%22:%22%22%7D]",Senior Manager Systems Engineering,https://careers.l3harris.com/en/job/salt-lake-city/senior-manager-systems-engineering/4832/100774912112,"Salt Lake City, UT",Salt Lake City,UT,United States,Not specified,,,,Space & Defense,2026-09-22,2026-09-22,"https://careers.l3harris.com/en/search-jobs?acm=61370,8684512,8684496,8684688,8684208,8687808,8696112,8684256,8690160,8684528&alrpm=ALL&ascf=[%7B%22key%22:%22ALL%22,%22value%22:%22%22%7D]",linked_page,4,success_after_fallback
3869fbc26164,2026-09-22,49a39e5c497b,L3Harris,https://www.l3harris.com/,"https://careers.l3harris.com/en/search-jobs?acm=61403,61374,62323,61407,8698064,62355,75609&alrpm=ALL&ascf=[%7B%22key%22:%22ALL%22,%22value%22:%22%22%7D]","Senior Specialist, Program Finance 1 Finance Multiple Locations",https://careers.l3harris.com/en/job/plano/senior-specialist-program-finance-1/4832/100786699024,"Greece, NY, United States",Greece,NY,United States,Not specified,,,,Space & Defense,2026-09-22,2026-09-22,"https://careers.l3harris.com/en/search-jobs?acm=61403,61374,62323,61407,8698064,62355,75609&alrpm=ALL&ascf=[%7B%22key%22:%22ALL%22,%22value%22:%22%22%7D]",linked_page,4,success_after_fallback
f2fdda5ccbc5,2026-09-22,49a39e5c497b,L3Harris,https://www.l3harris.com/,"https://careers.l3harris.com/en/search-jobs?acm=61403,61374,62323,61407,8698064,62355,75609&alrpm=ALL&ascf=[%7B%22key%22:%22ALL%22,%22value%22:%22%22%7D]",Senior Specialist Program Manager,https://careers.l3harris.com/en/job/carlstadt/senior-specialist-program-manager/4832/100774912944,"Carlstadt, NJ",Carlstadt,NJ,United States,Not specified,,,,Space & Defense,2026-09-22,2026-09-22,"https://careers.l3harris.com/en/search-jobs?acm=61403,61374,62323,61407,8698064,62355,75609&alrpm=ALL&ascf=[%7B%22key%22:%22ALL%22,%22value%22:%22%22%7D]",linked_page,4,success_after_fallback
fce76986a92b,2026-09-22,49a39e5c497b,L3Harris,https://www.l3harris.com/,"https://careers.l3harris.com/en/search-jobs?acm=61403,61374,62323,61407,8698064,62355,75609&alrpm=ALL&ascf=[%7B%22key%22:%22ALL%22,%22value%22:%22%22%7D]",Specialist Quality Engineering,https://careers.l3harris.com/en/job/bristol/specialist-quality-engineering/4832/100762465504,"Bristol, PA",Bristol,PA,United States,Not specified,,,,Space & Defense,2026-09-22,2026-09-22,"https://careers.l3harris.com/en/search-jobs?acm=61403,61374,62323,61407,8698064,62355,75609&alrpm=ALL&ascf=[%7B%22key%22:%22ALL%22,%22value%22:%22%22%7D]",linked_page,4,success_after_fallback
efc745d7ed42,2026-09-22,49a39e5c497b,L3Harris,https://www.l3harris.com/,"https://careers.l3harris.com/en/search-jobs?acm=61403,61374,62323,61407,8698064,62355,75609&alrpm=ALL&ascf=[%7B%22key%22:%22ALL%22,%22value%22:%22%22%7D]","Program Manager Program, Management Brisbane, Queensland",https://careers.l3harris.com/en/job/brisbane/program-manager/4832/100741476944,"Greece, NY, United States",Greece,NY,United States,Not specified,,,,Space & Defense,2026-09-22,2026-09-22,"https://careers.l3harris.com/en/search-jobs?acm=61403,61374,62323,61407,8698064,62355,75609&alrpm=ALL&ascf=[%7B%22key%22:%22ALL%22,%22value%22:%22%22%7D]",linked_page,4,success_after_fallback
8b144d9e841d,2026-09-22,49a39e5c497b,L3Harris,https://www.l3harris.com/,https://careers.l3harris.com/en/search-jobs/remote,"Sr. Specialist PCB Designer-REMOTE Engineering, Services Remote",https://careers.l3harris.com/en/job/united-states/sr-specialist-pcb-designer-remote/4832/99399018336,Remote,,,,Remote,,,,Space & Defense,2026-09-22,2026-09-22,https://careers.l3harris.com/en/search-jobs/remote,linked_page,4,success_after_fallback
6799f3e460ee,2026-09-22,49a39e5c497b,L3Harris,https://www.l3harris.com/,https://careers.l3harris.com/en/search-jobs/remote,Finance Shared Services Intern Remote,https://careers.l3harris.com/en/job/melbourne/finance-shared-services-intern-remote/4832/100038775488,"Melbourne, FL",Melbourne,FL,United States,Remote,,,,Space & Defense,2026-09-22,2026-09-22,https://careers.l3harris.com/en/search-jobs/remote,linked_page,4,success_after_fallback
c1e122d56929,2026-09-22,49a39e5c497b,L3Harris,https://www.l3harris.com/,https://careers.l3harris.com/en/search-jobs/remote,Finance Shared Services Intern Remote,https://careers.l3harris.com/en/job/melbourne/finance-shared-services-intern-remote/4832/100038775424,"Melbourne, FL",Melbourne,FL,United States,Remote,,,,Space & Defense,2026-09-22,2026-09-22,https://careers.l3harris.com/en/search-jobs/remote,linked_page,4,success_after_fallback
8460e1da85a4,2026-09-22,49a39e5c497b,L3Harris,https://www.l3harris.com/,https://careers.l3harris.com/en/search-jobs/remote,Finance Shared Services Intern Remote,https://careers.l3harris.com/en/job/melbourne/finance-shared-services-intern-remote/4832/100038775152,"Melbourne, FL",Melbourne,FL,United States,Remote,,,,Space & Defense,2026-09-22,2026-09-22,https://careers.l3harris.com/en/search-jobs/remote,linked_page,4,success_after_fallback
d29301669d11,2026-09-22,49a39e5c497b,L3Harris,https://www.l3harris.com/,https://careers.l3harris.com/en/search-jobs/remote,Finance Shared Services Intern Remote,https://careers.l3harris.com/en/job/melbourne/finance-shared-services-intern-remote/4832/100038775104,"Melbourne, FL",Melbourne,FL,United States,Remote,,,,Space & Defense,2026-09-22,2026-09-22,https://careers.l3harris.com/en/search-jobs/remote,linked_page,4,success_after_fallback
3ee3af76be76,2026-09-22,49a39e5c497b,L3Harris,https://www.l3harris.com/,https://careers.l3harris.com/en/search-jobs/remote,Finance Shared Services Intern Remote,https://careers.l3harris.com/en/job/melbourne/finance-shared-services-intern-remote/4832/100038775056,"Melbourne, FL",Melbourne,FL,United States,Remote,,,,Space & Defense,2026-09-22,2026-09-22,https://careers.l3harris.com/en/search-jobs/remote,linked_page,4,success_after_fallback
4472afd22d5d,2026-09-22,49a39e5c497b,L3Harris,https://www.l3harris.com/,https://careers.l3harris.com/en/search-jobs/remote,Associate Finance Shared Services Remote,https://careers.l3harris.com/en/job/melbourne/associate-finance-shared-services-remote/4832/98101347936,"Melbourne, FL",Melbourne,FL,United States,Remote,,,,Space & Defense,2026-09-22,2026-09-22,https://careers.l3harris.com/en/search-jobs/remote,linked_page,4,success_after_fallback
ddeab370f07f,2026-09-22,49a39e5c497b,L3Harris,https://www.l3harris.com/,https://careers.l3harris.com/en/search-jobs/remote,Finance Shared Services Intern Remote,https://careers.l3harris.com/en/job/melbourne/finance-shared-services-intern-remote-1/4832/100038775184,"Melbourne, FL",Melbourne,FL,United States,Remote,,,,Space & Defense,2026-09-22,2026-09-22,https://careers.l3harris.com/en/search-jobs/remote,linked_page,4,success_after_fallback
d44aa47b27f1,2026-09-22,49a39e5c497b,L3Harris,https://www.l3harris.com/,https://careers.l3harris.com/en/search-jobs/remote,Sr Associate Creative Services Project Manager Remote,https://careers.l3harris.com/en/job/united-states/sr-associate-creative-services-project-manager-remote/4832/99756757920,Remote,,,,Remote,,,,Space & Defense,2026-09-22,2026-09-22,https://careers.l3harris.com/en/search-jobs/remote,linked_page,4,success_after_fallback
7c7aa44e5443,2026-09-22,49a39e5c497b,L3Harris,https://www.l3harris.com/,https://careers.l3harris.com/en/search-jobs/remote,"Field Technician C (Van Nuys, CA) Engineering, Services Remote",https://careers.l3harris.com/en/job/united-states/field-technician-c-van-nuys-ca/4832/99676177312,Remote,,,,Remote,,,,Space & Defense,2026-09-22,2026-09-22,https://careers.l3harris.com/en/search-jobs/remote,linked_page,4,success_after_fallback
84801cbfd9ff,2026-09-22,49a39e5c497b,L3Harris,https://www.l3harris.com/,https://careers.l3harris.com/en/search-jobs/remote,"Field Technician C (Fresno, CA) Engineering, Services Remote",https://careers.l3harris.com/en/job/united-states/field-technician-c-fresno-ca/4832/99715686432,Remote,,,,Remote,,,,Space & Defense,2026-09-22,2026-09-22,https://careers.l3harris.com/en/search-jobs/remote,linked_page,4,success_after_fallback
53058f76ba2a,2026-09-22,49a39e5c497b,L3Harris,https://www.l3harris.com/,https://careers.l3harris.com/en/search-jobs/remote,"Field Technician C (Modesto, CA) Engineering, Services Remote",https://careers.l3harris.com/en/job/united-states/field-technician-c-modesto-ca/4832/99715686416,Remote,,,,Remote,,,,Space & Defense,2026-09-22,2026-09-22,https://careers.l3harris.com/en/search-jobs/remote,linked_page,4,success_after_fallback
fa956d3bf115,2026-09-22,49a39e5c497b,L3Harris,https://www.l3harris.com/,https://careers.l3harris.com/en/search-jobs/remote,"Field Technician C (Fort Wayne, IN) Engineering, Services Remote",https://careers.l3harris.com/en/job/united-states/field-technician-c-fort-wayne-in/4832/99693729712,Remote,,,,Remote,,,,Space & Defense,2026-09-22,2026-09-22,https://careers.l3harris.com/en/search-jobs/remote,linked_page,4,success_after_fallback
2594eb8138c5,2026-09-22,49a39e5c497b,L3Harris,https://www.l3harris.com/,https://careers.l3harris.com/en/search-jobs/remote,"Field Technician C (Brockton, MA) Engineering, Services Remote",https://careers.l3harris.com/en/job/united-states/field-technician-c-brockton-ma/4832/99498725584,Remote,,,,Remote,,,,Space & Defense,2026-09-22,2026-09-22,https://careers.l3harris.com/en/search-jobs/remote,linked_page,4,success_after_fallback
7054b9915f2f,2026-09-22,49a39e5c497b,L3Harris,https://www.l3harris.com/,https://careers.l3harris.com/en/search-jobs/remote,"Field Technician C (Indianapolis, IN) Engineering, Services Remote",https://careers.l3harris.com/en/job/united-states/field-technician-c-indianapolis-in/4832/99409232464,Remote,,,,Remote,,,,Space & Defense,2026-09-22,2026-09-22,https://careers.l3harris.com/en/search-jobs/remote,linked_page,4,success_after_fallback
c948c38272e7,2026-09-22,b5d41f3f3457,Lockheed Martin,https://www.lockheedmartin.com/,https://www.lockheedmartin.com/en-us/careers/candidates/students-early-careers.html,Meet our Interns,https://www.lockheedmartin.com/en-us/careers/life-at-lm/2023/early-career-lessons-learned.html,"Ballston Spa, NY, United States",Ballston Spa,NY,United States,Not specified,,,,Space & Defense,2026-09-22,2026-09-22,https://www.lockheedmartin.com/en-us/careers/candidates/students-early-careers.html,linked_page,4,success_after_fallback
7b55bfd73ff8,2026-09-22,6f56721ec5b5,Lourdes Industries,https://lourdesinc.com/,https://lourdesinc.com/careers,Facilities Manufacturing Maintenance & EHS Supervisor -Aerospace,https://lourdesinc.com/careers/05a92983f176e193/facilities-manufacturing-maintenance-ehs-supervisor-aerospace,"📍 Hauppauge, NY",📍 Hauppauge,NY,United States,Not specified,,,,Space & Defense,2026-09-22,2026-09-22,https://lourdesinc.com/careers,known_careers_url,3,success
ac6ac155e05e,2026-09-22,6f56721ec5b5,Lourdes Industries,https://lourdesinc.com/,https://lourdesinc.com/careers,Mechanical Assembler - III--Aerospace,https://lourdesinc.com/careers/9dcd85a1be748d78/mechanical-assembler-iii-aerospace,"📍 Hauppauge, NY",📍 Hauppauge,NY,United States,Not specified,,,,Space & Defense,2026-09-22,2026-09-22,https://lourdesinc.com/careers,known_careers_url,3,success
25205774476d,2026-09-22,6f56721ec5b5,Lourdes Industries,https://lourdesinc.com/,https://lourdesinc.com/careers,QC Inspector I - Aerospace,https://lourdesinc.com/careers/077b4117e76426e7/qc-inspector-i-aerospace,"📍 Hauppauge, NY",📍 Hauppauge,NY,United States,Not specified,,,,Space & Defense,2026-09-22,2026-09-22,https://lourdesinc.com/careers,known_careers_url,3,success
c35bc1808cc8,2026-09-22,6f56721ec5b5,Lourdes Industries,https://lourdesinc.com/,https://lourdesinc.com/careers,QC Inspector II - Aerospace,https://lourdesinc.com/careers/6e6290c6cd68bd03/qc-inspector-ii-aerospace,"📍 Hauppauge, NY",📍 Hauppauge,NY,United States,Not specified,,,,Space & Defense,2026-09-22,2026-09-22,https://lourdesinc.com/careers,known_careers_url,3,success
137f12867a45,2026-09-22,ee835297a5f7,Magellan Aerospace,https://magellan.aero/,https://careers.magellan.aero/search?createNewAlert=false&q=&locationsearch=&optionsFacetsDD_department=,Quality Engineer,https://careers.magellan.aero/job/Haverhill-Quality-Engineer-MA-01832/606320517,"Bohemia, NY, United States",Bohemia,NY,United States,Not specified,,,,Core Space,2026-09-22,2026-09-22,https://careers.magellan.aero/search?createNewAlert=false&q=&locationsearch=&optionsFacetsDD_department=,linked_page,4,success_after_fallback
df0517105c28,2026-09-22,ee835297a5f7,Magellan Aerospace,https://magellan.aero/,https://careers.magellan.aero/search?createNewAlert=false&q=&locationsearch=&optionsFacetsDD_department=,Shipping & Receiving Associate (Second Shift),https://careers.magellan.aero/job/West-Babylon_-NY-Shipping-&-Receiving-Associate-%28Second-Shift%29-NY-11704/602016017,"Bohemia, NY, United States",Bohemia,NY,United States,Not specified,,,,Core Space,2026-09-22,2026-09-22,https://careers.magellan.aero/search?createNewAlert=false&q=&locationsearch=&optionsFacetsDD_department=,linked_page,4,success_after_fallback
b7b34b630bf0,2026-09-22,ee835297a5f7,Magellan Aerospace,https://magellan.aero/,https://careers.magellan.aero/search?createNewAlert=false&q=&locationsearch=&optionsFacetsDD_department=,Supplier Quality Engineer,https://careers.magellan.aero/job/Corona-Supplier-Quality-Engineer-NY-11368/601111117,"Bohemia, NY, United States",Bohemia,NY,United States,Not specified,,,,Core Space,2026-09-22,2026-09-22,https://careers.magellan.aero/search?createNewAlert=false&q=&locationsearch=&optionsFacetsDD_department=,linked_page,4,success_after_fallback
5b032da693ca,2026-09-22,ee835297a5f7,Magellan Aerospace,https://magellan.aero/,https://careers.magellan.aero/search?createNewAlert=false&q=&locationsearch=&optionsFacetsDD_department=,N/C Milling Operator,https://careers.magellan.aero/job/Corona-NC-Milling-Operator-NY-11368/599129917,"Bohemia, NY, United States",Bohemia,NY,United States,Not specified,,,,Core Space,2026-09-22,2026-09-22,https://careers.magellan.aero/search?createNewAlert=false&q=&locationsearch=&optionsFacetsDD_department=,linked_page,4,success_after_fallback
3d94eae1ec9a,2026-09-22,ee835297a5f7,Magellan Aerospace,https://magellan.aero/,https://careers.magellan.aero/search?createNewAlert=false&q=&locationsearch=&optionsFacetsDD_department=,MRB Analyst,https://careers.magellan.aero/job/Corona-MRB-Analyst-NY-11368/604608017,"Bohemia, NY, United States",Bohemia,NY,United States,Not specified,,,,Core Space,2026-09-22,2026-09-22,https://careers.magellan.aero/search?createNewAlert=false&q=&locationsearch=&optionsFacetsDD_department=,linked_page,4,success_after_fallback
ec717ebe2e87,2026-09-22,c67c1581a301,Mini Circuits Brooklyn,https://www.minicircuits.com/,https://jobs.jobvite.com/mini-circuits/jobs/positions,Engineering Pipeline,https://jobs.jobvite.com/mini-circuits/jobs/pipeline,"Brooklyn, NY, United States",Brooklyn,NY,United States,Not specified,,,,Core Space,2026-09-22,2026-09-22,https://jobs.jobvite.com/mini-circuits/jobs/positions,known_careers_url,4,success
f8150ce56f42,2026-09-22,c67c1581a301,Mini Circuits Brooklyn,https://www.minicircuits.com/,https://jobs.jobvite.com/mini-circuits/jobs/positions,"RF Design Engineer I Full-Time Hialeah, Florida",https://jobs.jobvite.com/mini-circuits/job/oTpPAfwr,"Hialeah, Florida",Hialeah,FL,United States,Not specified,,,,Core Space,2026-09-22,2026-09-22,https://jobs.jobvite.com/mini-circuits/jobs/positions,known_careers_url,4,success
6e74b6f1efe0,2026-09-22,c67c1581a301,Mini Circuits Brooklyn,https://www.minicircuits.com/,https://jobs.jobvite.com/mini-circuits/jobs/positions,Field Applications Engineer - West Coast,https://jobs.jobvite.com/mini-circuits/job/o9l3zfwQ,"Remote, California",Remote,CA,United States,Remote,,,,Core Space,2026-09-22,2026-09-22,https://jobs.jobvite.com/mini-circuits/jobs/positions,known_careers_url,4,success
913280d599b2,2026-09-22,c67c1581a301,Mini Circuits Brooklyn,https://www.minicircuits.com/,https://jobs.jobvite.com/mini-circuits/jobs/positions,Field Applications Engineer NA Central,https://jobs.jobvite.com/mini-circuits/job/oaGmAfww,"Remote, New York",Remote,NY,United States,Remote,,,,Core Space,2026-09-22,2026-09-22,https://jobs.jobvite.com/mini-circuits/jobs/positions,known_careers_url,4,success
945cc4e177ae,2026-09-22,c67c1581a301,Mini Circuits Brooklyn,https://www.minicircuits.com/,https://jobs.jobvite.com/mini-circuits/jobs/positions,Engineering Micro-Assembler,https://jobs.jobvite.com/mini-circuits/job/o1zHAfwB,"Deer Park, New York",Deer Park,NY,United States,Not specified,,,,Core Space,2026-09-22,2026-09-22,https://jobs.jobvite.com/mini-circuits/jobs/positions,known_careers_url,4,success
ce59b6ee18c5,2026-09-22,c67c1581a301,Mini Circuits Brooklyn,https://www.minicircuits.com/,https://jobs.jobvite.com/mini-circuits/jobs/positions,RF Technician I,https://jobs.jobvite.com/mini-circuits/job/oq5vAfwk,"Deer Park, New York",Deer Park,NY,United States,Not specified,,,,Core Space,2026-09-22,2026-09-22,https://jobs.jobvite.com/mini-circuits/jobs/positions,known_careers_url,4,success
e45ae7610441,2026-09-22,c67c1581a301,Mini Circuits Brooklyn,https://www.minicircuits.com/,https://jobs.jobvite.com/mini-circuits/jobs/positions,RF Technician II/Team Lead,https://jobs.jobvite.com/mini-circuits/job/o8bKAfwn,"Deer Park, New York",Deer Park,NY,United States,Not specified,,,,Core Space,2026-09-22,2026-09-22,https://jobs.jobvite.com/mini-circuits/jobs/positions,known_careers_url,4,success
60930f7e9c32,2026-09-22,c67c1581a301,Mini Circuits Brooklyn,https://www.minicircuits.com/,https://jobs.jobvite.com/mini-circuits/jobs/positions,EHS Specialist,https://jobs.jobvite.com/mini-circuits/job/oERNAfwC,"Deer Park, New York",Deer Park,NY,United States,Not specified,,,,Core Space,2026-09-22,2026-09-22,https://jobs.jobvite.com/mini-circuits/jobs/positions,known_careers_url,4,success
3cab2ab376c8,2026-09-22,c67c1581a301,Mini Circuits Brooklyn,https://www.minicircuits.com/,https://jobs.jobvite.com/mini-circuits/jobs/positions,Senior Manager Environmental Health & Safety,https://jobs.jobvite.com/mini-circuits/job/od4qAfw1,"Brooklyn, NY, United States",Brooklyn,NY,United States,Not specified,,,,Core Space,2026-09-22,2026-09-22,https://jobs.jobvite.com/mini-circuits/jobs/positions,known_careers_url,4,success
c7a0482c8a6b,2026-09-22,c67c1581a301,Mini Circuits Brooklyn,https://www.minicircuits.com/,https://jobs.jobvite.com/mini-circuits/jobs/positions,Electrical Test Engineering Manager,https://jobs.jobvite.com/mini-circuits/job/oBMNAfwu,"Brooklyn, New York",Brooklyn,NY,United States,Not specified,,,,Core Space,2026-09-22,2026-09-22,https://jobs.jobvite.com/mini-circuits/jobs/positions,known_careers_url,4,success
16605ec4c643,2026-09-22,c67c1581a301,Mini Circuits Brooklyn,https://www.minicircuits.com/,https://jobs.jobvite.com/mini-circuits/jobs/positions,Product Engineer I/II,https://jobs.jobvite.com/mini-circuits/job/o2FJAfwK,"Hialeah, Florida",Hialeah,FL,United States,Not specified,,,,Core Space,2026-09-22,2026-09-22,https://jobs.jobvite.com/mini-circuits/jobs/positions,known_careers_url,4,success
7934ee5e1fe7,2026-09-22,c67c1581a301,Mini Circuits Brooklyn,https://www.minicircuits.com/,https://jobs.jobvite.com/mini-circuits/jobs/positions,Product Engineer Manager,https://jobs.jobvite.com/mini-circuits/job/omwuzfwF,"Hialeah, Florida",Hialeah,FL,United States,Not specified,,,,Core Space,2026-09-22,2026-09-22,https://jobs.jobvite.com/mini-circuits/jobs/positions,known_careers_url,4,success
cad7ef9c7bf2,2026-09-22,c67c1581a301,Mini Circuits Brooklyn,https://www.minicircuits.com/,https://jobs.jobvite.com/mini-circuits/jobs/positions,RF Design Engineer I,https://jobs.jobvite.com/mini-circuits/job/oaJjAfww,"Hialeah, Florida",Hialeah,FL,United States,Not specified,,,,Core Space,2026-09-22,2026-09-22,https://jobs.jobvite.com/mini-circuits/jobs/positions,known_careers_url,4,success
fd6473f727d6,2026-09-22,c67c1581a301,Mini Circuits Brooklyn,https://www.minicircuits.com/,https://jobs.jobvite.com/mini-circuits/jobs/positions,Senior Manager of Design Engineering,https://jobs.jobvite.com/mini-circuits/job/ocTgvfwA,"Hialeah, Florida",Hialeah,FL,United States,Not specified,,,,Core Space,2026-09-22,2026-09-22,https://jobs.jobvite.com/mini-circuits/jobs/positions,known_careers_url,4,success
c1be9e5bdf5d,2026-09-22,c67c1581a301,Mini Circuits Brooklyn,https://www.minicircuits.com/,https://jobs.jobvite.com/mini-circuits/jobs/positions,Sr. Engineering Project Manager-Core BU,https://jobs.jobvite.com/mini-circuits/job/o9R8zfwr,"Melville, New York",Melville,NY,United States,Not specified,,,,Core Space,2026-09-22,2026-09-22,https://jobs.jobvite.com/mini-circuits/jobs/positions,known_careers_url,4,success
cced1bd3bb9a,2026-09-22,c67c1581a301,Mini Circuits Brooklyn,https://www.minicircuits.com/,https://jobs.jobvite.com/mini-circuits/jobs/positions,Engineering Manager,https://jobs.jobvite.com/mini-circuits/job/o856zfwC,"Melville, New York",Melville,NY,United States,Not specified,,,,Core Space,2026-09-22,2026-09-22,https://jobs.jobvite.com/mini-circuits/jobs/positions,known_careers_url,4,success
a156d077534b,2026-09-22,c67c1581a301,Mini Circuits Brooklyn,https://www.minicircuits.com/,https://jobs.jobvite.com/mini-circuits/jobs/positions,Principal Design Engineer,https://jobs.jobvite.com/mini-circuits/job/oML0zfwQ,"Carlsbad, California",Carlsbad,CA,United States,Not specified,,,,Core Space,2026-09-22,2026-09-22,https://jobs.jobvite.com/mini-circuits/jobs/positions,known_careers_url,4,success
ad4046e78f2f,2026-09-22,c67c1581a301,Mini Circuits Brooklyn,https://www.minicircuits.com/,https://jobs.jobvite.com/mini-circuits/jobs/positions,RF Test Engineer - MMIC,https://jobs.jobvite.com/mini-circuits/job/oaxwAfwx,"Carlsbad, California",Carlsbad,CA,United States,Not specified,,,,Core Space,2026-09-22,2026-09-22,https://jobs.jobvite.com/mini-circuits/jobs/positions,known_careers_url,4,success
fd3d8fef8262,2026-09-22,c67c1581a301,Mini Circuits Brooklyn,https://www.minicircuits.com/,https://jobs.jobvite.com/mini-circuits/jobs/positions,Sr. Packaging Engineer,https://jobs.jobvite.com/mini-circuits/job/oSaLAfw7,"Brooklyn, NY, United States",Brooklyn,NY,United States,Not specified,,,,Core Space,2026-09-22,2026-09-22,https://jobs.jobvite.com/mini-circuits/jobs/positions,known_careers_url,4,success
1202adb45746,2026-09-22,c67c1581a301,Mini Circuits Brooklyn,https://www.minicircuits.com/,https://jobs.jobvite.com/mini-circuits/jobs/positions,Development Test Engineer I,https://jobs.jobvite.com/mini-circuits/job/osfJAfwK,"Brooklyn, New York",Brooklyn,NY,United States,Not specified,,,,Core Space,2026-09-22,2026-09-22,https://jobs.jobvite.com/mini-circuits/jobs/positions,known_careers_url,4,success
f58acd793692,2026-09-22,c67c1581a301,Mini Circuits Brooklyn,https://www.minicircuits.com/,https://jobs.jobvite.com/mini-circuits/jobs/positions,Development Test Engineer II,https://jobs.jobvite.com/mini-circuits/job/ofhVzfwK,"Brooklyn, New York",Brooklyn,NY,United States,Not specified,,,,Core Space,2026-09-22,2026-09-22,https://jobs.jobvite.com/mini-circuits/jobs/positions,known_careers_url,4,success
95fd8732f9fe,2026-09-22,c67c1581a301,Mini Circuits Brooklyn,https://www.minicircuits.com/,https://jobs.jobvite.com/mini-circuits/jobs/positions,PCB Designer II - MMIC,https://jobs.jobvite.com/mini-circuits/job/ovBkAfwK,"Melville, New York",Melville,NY,United States,Not specified,,,,Core Space,2026-09-22,2026-09-22,https://jobs.jobvite.com/mini-circuits/jobs/positions,known_careers_url,4,success
3a888e3d6aa2,2026-09-22,c67c1581a301,Mini Circuits Brooklyn,https://www.minicircuits.com/,https://jobs.jobvite.com/mini-circuits/jobs/positions,Senior Mechanical Design Engineer,https://jobs.jobvite.com/mini-circuits/job/ocdjAfw2,"Melville, New York",Melville,NY,United States,Not specified,,,,Core Space,2026-09-22,2026-09-22,https://jobs.jobvite.com/mini-circuits/jobs/positions,known_careers_url,4,success
4fc3617bef36,2026-09-22,c67c1581a301,Mini Circuits Brooklyn,https://www.minicircuits.com/,https://jobs.jobvite.com/mini-circuits/jobs/positions,Level 1 General Assembly Operator,https://jobs.jobvite.com/mini-circuits/job/oRyMAfwv,"Hialeah, Florida",Hialeah,FL,United States,Not specified,,,,Core Space,2026-09-22,2026-09-22,https://jobs.jobvite.com/mini-circuits/jobs/positions,known_careers_url,4,success
e4379a06ee4a,2026-09-22,c67c1581a301,Mini Circuits Brooklyn,https://www.minicircuits.com/,https://jobs.jobvite.com/mini-circuits/jobs/positions,Manager - Global Supply Chain Systems,https://jobs.jobvite.com/mini-circuits/job/oydFAfwK,"Melville, New York",Melville,NY,United States,Not specified,,,,Core Space,2026-09-22,2026-09-22,https://jobs.jobvite.com/mini-circuits/jobs/positions,known_careers_url,4,success
37c7a9e0001d,2026-09-22,c67c1581a301,Mini Circuits Brooklyn,https://www.minicircuits.com/,https://jobs.jobvite.com/mini-circuits/jobs/positions,Technical Recruiter,https://jobs.jobvite.com/mini-circuits/job/oylEAfwR,"Melville, New York",Melville,NY,United States,Not specified,,,,Core Space,2026-09-22,2026-09-22,https://jobs.jobvite.com/mini-circuits/jobs/positions,known_careers_url,4,success
cb455cbd87fb,2026-09-22,c67c1581a301,Mini Circuits Brooklyn,https://www.minicircuits.com/,https://jobs.jobvite.com/mini-circuits/jobs/positions,Sr. Manager AI & Software Engineering,https://jobs.jobvite.com/mini-circuits/job/ofRFAfw5,"Melville, New York",Melville,NY,United States,Not specified,,,,Core Space,2026-09-22,2026-09-22,https://jobs.jobvite.com/mini-circuits/jobs/positions,known_careers_url,4,success
3b79409f6427,2026-09-22,c67c1581a301,Mini Circuits Brooklyn,https://www.minicircuits.com/,https://jobs.jobvite.com/mini-circuits/jobs/positions,Automation Systems Engineer II,https://jobs.jobvite.com/mini-circuits/job/oUNKyfwJ,"Brooklyn, New York",Brooklyn,NY,United States,Not specified,,,,Core Space,2026-09-22,2026-09-22,https://jobs.jobvite.com/mini-circuits/jobs/positions,known_careers_url,4,success
9d9a98d628aa,2026-09-22,c67c1581a301,Mini Circuits Brooklyn,https://www.minicircuits.com/,https://jobs.jobvite.com/mini-circuits/jobs/positions,Manufacturing Automation Technician,https://jobs.jobvite.com/mini-circuits/job/oFs4zfwu,"Brooklyn, New York",Brooklyn,NY,United States,Not specified,,,,Core Space,2026-09-22,2026-09-22,https://jobs.jobvite.com/mini-circuits/jobs/positions,known_careers_url,4,success
782fe4dfd6b3,2026-09-22,c67c1581a301,Mini Circuits Brooklyn,https://www.minicircuits.com/,https://jobs.jobvite.com/mini-circuits/jobs/positions,Operations Program Manager - Hi-Rel,https://jobs.jobvite.com/mini-circuits/job/oxyLAfwa,"Brooklyn, New York",Brooklyn,NY,United States,Not specified,,,,Core Space,2026-09-22,2026-09-22,https://jobs.jobvite.com/mini-circuits/jobs/positions,known_careers_url,4,success
c839efcea6da,2026-09-22,c67c1581a301,Mini Circuits Brooklyn,https://www.minicircuits.com/,https://jobs.jobvite.com/mini-circuits/jobs/positions,NA Operations Project Manager III,https://jobs.jobvite.com/mini-circuits/job/oMhWyfwh,"Brooklyn, NY, United States",Brooklyn,NY,United States,Not specified,,,,Core Space,2026-09-22,2026-09-22,https://jobs.jobvite.com/mini-circuits/jobs/positions,known_careers_url,4,success
d6ba4f131525,2026-09-22,c67c1581a301,Mini Circuits Brooklyn,https://www.minicircuits.com/,https://jobs.jobvite.com/mini-circuits/jobs/positions,SAP ERP Manager,https://jobs.jobvite.com/mini-circuits/job/ogUJzfwc,"Melville, New York",Melville,NY,United States,Not specified,,,,Core Space,2026-09-22,2026-09-22,https://jobs.jobvite.com/mini-circuits/jobs/positions,known_careers_url,4,success
1f5311b4790e,2026-09-22,c67c1581a301,Mini Circuits Brooklyn,https://www.minicircuits.com/,https://jobs.jobvite.com/mini-circuits/jobs/positions,SAP Finance (FICO) Solution Specialist,https://jobs.jobvite.com/mini-circuits/job/o4t2zfwS,"Melville, New York",Melville,NY,United States,Not specified,,,,Core Space,2026-09-22,2026-09-22,https://jobs.jobvite.com/mini-circuits/jobs/positions,known_careers_url,4,success
f2f0b0edb725,2026-09-22,c67c1581a301,Mini Circuits Brooklyn,https://www.minicircuits.com/,https://jobs.jobvite.com/mini-circuits/jobs/positions,SAP Master Data Solution Specialist,https://jobs.jobvite.com/mini-circuits/job/oK7LvfwR,"Melville, New York",Melville,NY,United States,Not specified,,,,Core Space,2026-09-22,2026-09-22,https://jobs.jobvite.com/mini-circuits/jobs/positions,known_careers_url,4,success
44cdc2499058,2026-09-22,c67c1581a301,Mini Circuits Brooklyn,https://www.minicircuits.com/,https://jobs.jobvite.com/mini-circuits/jobs/positions,SAP Sales and Distribution (SD) Solution Specialist,https://jobs.jobvite.com/mini-circuits/job/otlKAfwS,"Melville, New York",Melville,NY,United States,Not specified,,,,Core Space,2026-09-22,2026-09-22,https://jobs.jobvite.com/mini-circuits/jobs/positions,known_careers_url,4,success
5f3686a35033,2026-09-22,c67c1581a301,Mini Circuits Brooklyn,https://www.minicircuits.com/,https://jobs.jobvite.com/mini-circuits/jobs/positions,Regulatory Compliance & Sustainability Program Manager,https://jobs.jobvite.com/mini-circuits/job/ol5rAfwb,"Melville, New York",Melville,NY,United States,Not specified,,,,Core Space,2026-09-22,2026-09-22,https://jobs.jobvite.com/mini-circuits/jobs/positions,known_careers_url,4,success
77284f85f386,2026-09-22,c67c1581a301,Mini Circuits Brooklyn,https://www.minicircuits.com/,https://jobs.jobvite.com/mini-circuits/jobs/positions,Senior Reliability Technician,https://jobs.jobvite.com/mini-circuits/job/oRrrAfw3,"Brooklyn, New York",Brooklyn,NY,United States,Not specified,,,,Core Space,2026-09-22,2026-09-22,https://jobs.jobvite.com/mini-circuits/jobs/positions,known_careers_url,4,success
803b97524767,2026-09-22,c67c1581a301,Mini Circuits Brooklyn,https://www.minicircuits.com/,https://jobs.jobvite.com/mini-circuits/jobs/positions,Regional Sales Manager - NA Central,https://jobs.jobvite.com/mini-circuits/job/oj4bAfwS,"Brooklyn, NY, United States",Brooklyn,NY,United States,Not specified,,,,Core Space,2026-09-22,2026-09-22,https://jobs.jobvite.com/mini-circuits/jobs/positions,known_careers_url,4,success
dd051daf762f,2026-09-22,c67c1581a301,Mini Circuits Brooklyn,https://www.minicircuits.com/,https://jobs.jobvite.com/mini-circuits/jobs/positions,Sales Operations Director,https://jobs.jobvite.com/mini-circuits/job/oYvNzfwz,"Melville, New York",Melville,NY,United States,Not specified,,,,Core Space,2026-09-22,2026-09-22,https://jobs.jobvite.com/mini-circuits/jobs/positions,known_careers_url,4,success
4add009a0d64,2026-09-22,c67c1581a301,Mini Circuits Brooklyn,https://www.minicircuits.com/,https://jobs.jobvite.com/mini-circuits/jobs/positions,Level 2 Switch Assembly Operator,https://jobs.jobvite.com/mini-circuits/job/oAHkAfwV,"Brooklyn, New York",Brooklyn,NY,United States,Not specified,,,,Core Space,2026-09-22,2026-09-22,https://jobs.jobvite.com/mini-circuits/jobs/positions,known_careers_url,4,success
78366adc17f7,2026-09-22,c67c1581a301,Mini Circuits Brooklyn,https://www.minicircuits.com/,https://jobs.jobvite.com/mini-circuits/jobs/pipeline,Engineering Pipeline Journey,https://jobs.jobvite.com/mini-circuits/jobs/positions,"Brooklyn, NY, United States",Brooklyn,NY,United States,Not specified,,,,Core Space,2026-09-22,2026-09-22,https://jobs.jobvite.com/mini-circuits/jobs/pipeline,ats_detected,4,success_after_fallback
6ecdf79b52b8,2026-09-22,c67c1581a301,Mini Circuits Brooklyn,https://www.minicircuits.com/,https://jobs.jobvite.com/mini-circuits/job/oN6PAfw2,HR Generalist,https://jobs.jobvite.com/mini-circuits/job/oN6PAfw2,"Hialeah, Florida, United States",Hialeah,FL,United States,Not specified,,,Human Resources,Core Space,2026-09-22,2026-09-22,https://jobs.jobvite.com/mini-circuits/job/oN6PAfw2,ats_detected,3,success_after_fallback
0b5837242a29,2026-09-22,c67c1581a301,Mini Circuits Brooklyn,https://www.minicircuits.com/,https://jobs.jobvite.com/mini-circuits/job/o8OKAfw0,Customer Service Representative,https://jobs.jobvite.com/mini-circuits/job/o8OKAfw0,"Melville, New York, United States",Melville,NY,United States,Not specified,,,Sales,Core Space,2026-09-22,2026-09-22,https://jobs.jobvite.com/mini-circuits/job/o8OKAfw0,ats_detected,3,success_after_fallback
4343b048d9b7,2026-09-22,c67c1581a301,Mini Circuits Brooklyn,https://www.minicircuits.com/,https://jobs.jobvite.com/mini-circuits/job/o0OKAfwS,Customer Service Representative,https://jobs.jobvite.com/mini-circuits/job/o0OKAfwS,"Melville, New York, United States",Melville,NY,United States,Not specified,,,Sales,Core Space,2026-09-22,2026-09-22,https://jobs.jobvite.com/mini-circuits/job/o0OKAfwS,ats_detected,3,success_after_fallback
b694e78957f2,2026-09-22,6a2f5abb3318,North Atlantic Industries,https://www.naii.com/,https://www.naii.com/Opportunities,Test Engineer I Software,https://recruiting.paylocity.com/recruiting/jobs/Apply/4523859/North-Atlantic-Industries-Inc/Test-Engineer-I---Software,"Bohemia, NY",Bohemia,NY,United States,Not specified,,,"oriented individual who can also work independently, has a deep understanding of",Space & Defense,2026-09-22,2026-09-22,https://www.naii.com/Opportunities,linked_page,4,success_after_fallback
3e66b7d91653,2026-09-22,6a2f5abb3318,North Atlantic Industries,https://www.naii.com/,https://www.naii.com/Opportunities,Intern Process Engineer,https://recruiting.paylocity.com/recruiting/jobs/Apply/4435511/North-Atlantic-Industries-Inc/Intern---Process-Engineer,"Rapid City, South Dakota",Rapid City,SD,United States,Not specified,,,,Space & Defense,2026-09-22,2026-09-22,https://www.naii.com/Opportunities,linked_page,4,success_after_fallback
0207cf69ad6b,2026-09-22,6a2f5abb3318,North Atlantic Industries,https://www.naii.com/,https://www.naii.com/Opportunities,Electrical Engineer Sustaining,https://recruiting.paylocity.com/recruiting/jobs/Apply/4504096/North-Atlantic-Industries-Inc/Electrical-Engineer-Sustaining,"Bohemia, NY",Bohemia,NY,United States,Not specified,,,,Space & Defense,2026-09-22,2026-09-22,https://www.naii.com/Opportunities,linked_page,4,success_after_fallback
e8e642db6621,2026-09-22,6a2f5abb3318,North Atlantic Industries,https://www.naii.com/,https://www.naii.com/Opportunities,Intern Quality Engineer Summer,https://recruiting.paylocity.com/recruiting/jobs/Apply/4501218/North-Atlantic-Industries-Inc/Intern---Quality-Engineer-Summer-2027,"Bohemia, NY",Bohemia,NY,United States,Not specified,,,,Space & Defense,2026-09-22,2026-09-22,https://www.naii.com/Opportunities,linked_page,4,success_after_fallback
b6a05b4913d3,2026-09-22,6a2f5abb3318,North Atlantic Industries,https://www.naii.com/,https://www.naii.com/Opportunities,Intern Software Engineer Summer,https://recruiting.paylocity.com/recruiting/jobs/Apply/4501273/North-Atlantic-Industries-Inc/Intern---Software-Engineer-Summer-2027,"Bohemia, NY",Bohemia,NY,United States,Not specified,,,,Space & Defense,2026-09-22,2026-09-22,https://www.naii.com/Opportunities,linked_page,4,success_after_fallback
4480a229021f,2026-09-22,6a2f5abb3318,North Atlantic Industries,https://www.naii.com/,https://www.naii.com/Opportunities,Intern Test Engineer Summer,https://recruiting.paylocity.com/recruiting/jobs/Apply/4501298/North-Atlantic-Industries-Inc/Intern---Test-Engineer-Summer-2027,"Bohemia, NY",Bohemia,NY,United States,Not specified,,,,Space & Defense,2026-09-22,2026-09-22,https://www.naii.com/Opportunities,linked_page,4,success_after_fallback
eb900bc7440b,2026-09-22,6a2f5abb3318,North Atlantic Industries,https://www.naii.com/,https://www.naii.com/Opportunities,Intern Electrical Design Engineer Summer,https://recruiting.paylocity.com/recruiting/jobs/Apply/4501330/North-Atlantic-Industries-Inc/Intern---Electrical-Design-Engineer-Summer-2027,"Bohemia, NY",Bohemia,NY,United States,Not specified,,,,Space & Defense,2026-09-22,2026-09-22,https://www.naii.com/Opportunities,linked_page,4,success_after_fallback
77d2cdb3c175,2026-09-22,6a2f5abb3318,North Atlantic Industries,https://www.naii.com/,https://www.naii.com/Opportunities,Intern Mechanical Engineer Summer,https://recruiting.paylocity.com/recruiting/jobs/Apply/4501357/North-Atlantic-Industries-Inc/Intern---Mechanical-Engineer-Summer-2027,"Bohemia, NY",Bohemia,NY,United States,Not specified,,,,Space & Defense,2026-09-22,2026-09-22,https://www.naii.com/Opportunities,linked_page,4,success_after_fallback
d4841176ca11,2026-09-22,6a2f5abb3318,North Atlantic Industries,https://www.naii.com/,https://www.naii.com/Opportunities,Intern Electrical Engineer Power Summer,https://recruiting.paylocity.com/recruiting/jobs/Apply/4501161/North-Atlantic-Industries-Inc/Intern---Electrical-Engineer-Power-Summer-2027,"Bohemia, NY",Bohemia,NY,United States,Not specified,,,,Space & Defense,2026-09-22,2026-09-22,https://www.naii.com/Opportunities,linked_page,4,success_after_fallback
6a57a7d2b3cd,2026-09-22,6a2f5abb3318,North Atlantic Industries,https://www.naii.com/,https://www.naii.com/Opportunities,Intern Manufacturing Engineer Summer,https://recruiting.paylocity.com/recruiting/jobs/Apply/4501124/North-Atlantic-Industries-Inc/Intern---Manufacturing-Engineer-Summer-2027,"Bohemia, NY",Bohemia,NY,United States,Not specified,,,,Space & Defense,2026-09-22,2026-09-22,https://www.naii.com/Opportunities,linked_page,4,success_after_fallback
40a9bbf7978f,2026-09-22,6a2f5abb3318,North Atlantic Industries,https://www.naii.com/,https://www.naii.com/Opportunities,Intern Full Stack Software Engineer Summer,https://recruiting.paylocity.com/recruiting/jobs/Apply/4501054/North-Atlantic-Industries-Inc/Intern---Full-Stack-Software-Engineer-Summer-2027,"Bohemia, NY",Bohemia,NY,United States,Not specified,,,,Space & Defense,2026-09-22,2026-09-22,https://www.naii.com/Opportunities,linked_page,4,success_after_fallback
14a55e91f06e,2026-09-22,6a2f5abb3318,North Atlantic Industries,https://www.naii.com/,https://www.naii.com/Opportunities,Intern Test Automation Engineer Summer,https://recruiting.paylocity.com/recruiting/jobs/Apply/4501024/North-Atlantic-Industries-Inc/Intern---Test-Automation-Engineer-Summer-2027,"Bohemia, NY",Bohemia,NY,United States,Not specified,,,,Space & Defense,2026-09-22,2026-09-22,https://www.naii.com/Opportunities,linked_page,4,success_after_fallback
124c612d24af,2026-09-22,6a2f5abb3318,North Atlantic Industries,https://www.naii.com/,https://www.naii.com/Opportunities,Intern Software Engineer Fall,https://recruiting.paylocity.com/recruiting/jobs/Apply/4450421/North-Atlantic-Industries-Inc/Intern---Software-Engineer-Fall-2026,"Bohemia, NY",Bohemia,NY,United States,Not specified,,,,Space & Defense,2026-09-22,2026-09-22,https://www.naii.com/Opportunities,linked_page,4,success_after_fallback
54ad688d63fc,2026-09-22,6a2f5abb3318,North Atlantic Industries,https://www.naii.com/,https://www.naii.com/Opportunities,Intern Full Stack Software Engineer Fall,https://recruiting.paylocity.com/recruiting/jobs/Apply/4450017/North-Atlantic-Industries-Inc/Intern---Full-Stack-Software-Engineer-Fall-2026,"Bohemia, NY",Bohemia,NY,United States,Not specified,,,,Space & Defense,2026-09-22,2026-09-22,https://www.naii.com/Opportunities,linked_page,4,success_after_fallback
e873bf37be8f,2026-09-22,6a2f5abb3318,North Atlantic Industries,https://www.naii.com/,https://www.naii.com/Opportunities,Pcb Designer Iii Hybrid,https://recruiting.paylocity.com/recruiting/jobs/Apply/4438140/North-Atlantic-Industries-Inc/PCB-Designer-III-Hybrid,"Bohemia, NY",Bohemia,NY,United States,Hybrid,,,,Space & Defense,2026-09-22,2026-09-22,https://www.naii.com/Opportunities,linked_page,4,success_after_fallback
45efdd2e7f6e,2026-09-22,6a2f5abb3318,North Atlantic Industries,https://www.naii.com/,https://www.naii.com/Opportunities,Electronics Applications Engineer Ii Hybrid,https://recruiting.paylocity.com/recruiting/jobs/Apply/4450709/North-Atlantic-Industries-Inc/Electronics-Applications-Engineer-II-Hybrid,"Bohemia, NY",Bohemia,NY,United States,Hybrid,,,,Space & Defense,2026-09-22,2026-09-22,https://www.naii.com/Opportunities,linked_page,4,success_after_fallback
9b4fc5c16628,2026-09-22,6a2f5abb3318,North Atlantic Industries,https://www.naii.com/,https://www.naii.com/Opportunities,Electronics Technician Ii,https://recruiting.paylocity.com/recruiting/jobs/Apply/4479256/North-Atlantic-Industries-Inc/Electronics-Technician-II,"Bohemia, NY",Bohemia,NY,United States,Not specified,,,,Space & Defense,2026-09-22,2026-09-22,https://www.naii.com/Opportunities,linked_page,4,success_after_fallback
5a4a9777ff8d,2026-09-22,6a2f5abb3318,North Atlantic Industries,https://www.naii.com/,https://www.naii.com/Opportunities,Mechanical Engineer Ii Electronics Packaging Thermal Design,https://recruiting.paylocity.com/recruiting/jobs/Apply/4438131/North-Atlantic-Industries-Inc/Mechanical-Engineer-II---Electronics-Packaging-Thermal-Design,"Bohemia, NY",Bohemia,NY,United States,Not specified,,,,Space & Defense,2026-09-22,2026-09-22,https://www.naii.com/Opportunities,linked_page,4,success_after_fallback
8d12cdb46525,2026-09-22,6a2f5abb3318,North Atlantic Industries,https://www.naii.com/,https://www.naii.com/Opportunities,Manufacturing Engineer I,https://recruiting.paylocity.com/recruiting/jobs/Apply/4450727/North-Atlantic-Industries-Inc/Manufacturing-Engineer-I,"Bohemia, NY",Bohemia,NY,United States,Not specified,,,,Space & Defense,2026-09-22,2026-09-22,https://www.naii.com/Opportunities,linked_page,4,success_after_fallback
81f6f90a85f7,2026-09-22,6a2f5abb3318,North Atlantic Industries,https://www.naii.com/,https://www.naii.com/Opportunities,Intern Electrical Engineer Test Systems Fall,https://recruiting.paylocity.com/recruiting/jobs/Apply/4450195/North-Atlantic-Industries-Inc/Intern---Electrical-Engineer-Test-Systems-Fall-2026,"Bohemia, NY",Bohemia,NY,United States,Not specified,,,,Space & Defense,2026-09-22,2026-09-22,https://www.naii.com/Opportunities,linked_page,4,success_after_fallback
1d50b7362d2c,2026-09-22,6a2f5abb3318,North Atlantic Industries,https://www.naii.com/,https://www.naii.com/Opportunities,Intern It Helpdesk Tech Fall,https://recruiting.paylocity.com/recruiting/jobs/Apply/4399410/North-Atlantic-Industries-Inc/Intern-IT-Helpdesk-Tech-Fall-2026,"Bohemia, NY",Bohemia,NY,United States,Not specified,,,,Space & Defense,2026-09-22,2026-09-22,https://www.naii.com/Opportunities,linked_page,4,success_after_fallback
3ad5459ef57e,2026-09-22,6a2f5abb3318,North Atlantic Industries,https://www.naii.com/,https://www.naii.com/Opportunities,Electronics Power Technician Ii,https://recruiting.paylocity.com/recruiting/jobs/Apply/4458207/North-Atlantic-Industries-Inc/Electronics-Power-Technician-II,"Bohemia, NY",Bohemia,NY,United States,Not specified,,,,Space & Defense,2026-09-22,2026-09-22,https://www.naii.com/Opportunities,linked_page,4,success_after_fallback
06bb9876fe36,2026-09-22,6a2f5abb3318,North Atlantic Industries,https://www.naii.com/,https://www.naii.com/Opportunities,Electronics Technician I,https://recruiting.paylocity.com/recruiting/jobs/Apply/4438944/North-Atlantic-Industries-Inc/Electronics-Technician-I,"Bohemia, NY",Bohemia,NY,United States,Not specified,,,,Space & Defense,2026-09-22,2026-09-22,https://www.naii.com/Opportunities,linked_page,4,success_after_fallback
92f6025efe59,2026-09-22,6a2f5abb3318,North Atlantic Industries,https://www.naii.com/,https://www.naii.com/Opportunities,Quality Assurance Engineer I,https://recruiting.paylocity.com/recruiting/jobs/Apply/4450692/North-Atlantic-Industries-Inc/Quality-Assurance-Engineer-I,"Bohemia, NY",Bohemia,NY,United States,Not specified,,,,Space & Defense,2026-09-22,2026-09-22,https://www.naii.com/Opportunities,linked_page,4,success_after_fallback
b2c5bb0b2c7b,2026-09-22,6a2f5abb3318,North Atlantic Industries,https://www.naii.com/,https://www.naii.com/Opportunities,Npi Smt Process Engineer,https://recruiting.paylocity.com/recruiting/jobs/Apply/4438125/North-Atlantic-Industries-Inc/NPI-SMT-Process-Engineer,"Bohemia, NY",Bohemia,NY,United States,Not specified,,,,Space & Defense,2026-09-22,2026-09-22,https://www.naii.com/Opportunities,linked_page,4,success_after_fallback
9488bb4883d1,2026-09-22,0197a4411659,RCM Engineering,https://rcmengineeringgroup.com/,https://jobs.rcmhealthcare.com/,Technician Columbia South Carolina,https://jobs.rcmhealthcare.com/job/334935-technician-columbia-south-carolina,"West Sayville, NY, United States",West Sayville,NY,United States,Not specified,,,,Aerospace,2026-09-22,2026-09-22,https://jobs.rcmhealthcare.com/,linked_page,4,success_after_fallback
49ee4fda0518,2026-09-22,0197a4411659,RCM Engineering,https://rcmengineeringgroup.com/,https://jobs.rcmhealthcare.com/,Technician Charleston South Carolina,https://jobs.rcmhealthcare.com/job/333056-technician-charleston-south-carolina,"West Sayville, NY, United States",West Sayville,NY,United States,Not specified,,,,Aerospace,2026-09-22,2026-09-22,https://jobs.rcmhealthcare.com/,linked_page,4,success_after_fallback
826793eb5cfa,2026-09-22,0939c3d7e29f,Saab Group,https://www.saab.com/,https://www.saab.com/career/job-opportunities,Contract Manager - Gripen FMV ﻿,https://www.saab.com/career/job-opportunities/contract-manager---gripen-fmv,"East Syracuse, NY, United States",East Syracuse,NY,United States,Not specified,,,,Space & Defense,2026-09-22,2026-09-22,https://www.saab.com/career/job-opportunities,known_careers_url,3,success
a9e58e72a200,2026-09-22,0939c3d7e29f,Saab Group,https://www.saab.com/,https://saabgroup.wd116.myworkdayjobs.com/Saab_careers/job/Linkping---Gelbgjutaregatan-2/Leveranskoordinator_REQ_45243-1/apply,Leveranskoordinator,https://saabgroup.wd116.myworkdayjobs.com/Saab_careers/job/Linkping---Gelbgjutaregatan-2/Leveranskoordinator_REQ_45243-1/apply,"East Syracuse, NY, United States",East Syracuse,NY,United States,Not specified,,,,Space & Defense,2026-09-22,2026-09-22,https://saabgroup.wd116.myworkdayjobs.com/Saab_careers/job/Linkping---Gelbgjutaregatan-2/Leveranskoordinator_REQ_45243-1/apply,ats_detected,3,success_after_fallback
baa699bd174b,2026-09-22,0939c3d7e29f,Saab Group,https://www.saab.com/,https://saabgroup.wd116.myworkdayjobs.com/Saab_careers/job/Karlskoga---Boforsvgen-1/Information-Security-Officer_REQ_45368/apply,Information Security Officer,https://saabgroup.wd116.myworkdayjobs.com/Saab_careers/job/Karlskoga---Boforsvgen-1/Information-Security-Officer_REQ_45368/apply,"East Syracuse, NY, United States",East Syracuse,NY,United States,Not specified,,,,Space & Defense,2026-09-22,2026-09-22,https://saabgroup.wd116.myworkdayjobs.com/Saab_careers/job/Karlskoga---Boforsvgen-1/Information-Security-Officer_REQ_45368/apply,ats_detected,3,success_after_fallback
889602d1360f,2026-09-22,f03e06478cda,Safran Aerosystems,https://www.safran-group.com/companies/safran-aerosystems-oxygen,https://www.safran-group.com/jobs,Facility Manager (m-f-d),https://www.safran-group.com/jobs/germany/hambourg/facility-manager-mfd-179651,"Hambourg, Germany",Hambourg,,Germany,Not specified,,,,Aerospace,2026-09-22,2026-09-22,https://www.safran-group.com/jobs,common_path,3,success_after_fallback
4631e7b3664d,2026-09-22,f03e06478cda,Safran Aerosystems,https://www.safran-group.com/companies/safran-aerosystems-oxygen,https://www.safran-group.com/jobs,Safran Electrical & Power,https://www.safran-group.com/jobs/france/meru/controleur-tests-electromecanique-fh-145940,"Meru, Hauts-de-France, France",Meru,Hauts-de-France,France,Not specified,,,,Aerospace,2026-09-22,2026-09-22,https://www.safran-group.com/jobs,common_path,3,success_after_fallback
4ce7e66af419,2026-09-22,f03e06478cda,Safran Aerosystems,https://www.safran-group.com/companies/safran-aerosystems-oxygen,https://www.safran-group.com/jobs,Safran Electrical & Power,https://www.safran-group.com/jobs/france/meru/monteur-cableur-machine-tournante-fh-151408,"Meru, Hauts-de-France, France",Meru,Hauts-de-France,France,Not specified,,,,Aerospace,2026-09-22,2026-09-22,https://www.safran-group.com/jobs,common_path,3,success_after_fallback
9bcf35aee620,2026-09-22,f03e06478cda,Safran Aerosystems,https://www.safran-group.com/companies/safran-aerosystems-oxygen,https://www.safran-group.com/jobs,"Professional, Engineer & Manager",https://www.safran-group.com/jobs/france/massy/ingenieur-chef-optronique-portable-fh-179253,"Massy, Ile de France, France",Massy,Ile de France,France,Not specified,,,,Aerospace,2026-09-22,2026-09-22,https://www.safran-group.com/jobs,common_path,3,success_after_fallback
f3e28b3c5ff2,2026-09-22,f03e06478cda,Safran Aerosystems,https://www.safran-group.com/companies/safran-aerosystems-oxygen,https://www.safran-group.com/jobs,Safran Electrical & Power,https://www.safran-group.com/jobs/france/meru/technicien-electronique-fh-fh-153493,"Meru, France",Meru,,France,Not specified,,,,Aerospace,2026-09-22,2026-09-22,https://www.safran-group.com/jobs,common_path,3,success_after_fallback
c75968fbaf43,2026-09-22,f03e06478cda,Safran Aerosystems,https://www.safran-group.com/companies/safran-aerosystems-oxygen,https://www.safran-group.com/jobs,Consultant-e SAP Achats - Logistique F-H,https://www.safran-group.com/jobs/france/gonfreville-orcher/referent-e-domaine-sap-achats-logistique-fh-146683,"Gonfreville L'orcher, Normandie, France",Gonfreville L'orcher,Normandie,France,Not specified,,,,Aerospace,2026-09-22,2026-09-22,https://www.safran-group.com/jobs,common_path,3,success_after_fallback
b8b52146fd76,2026-09-22,fdb04d86542a,SRI International,https://www.sri.com/,https://careers-sri.icims.com/jobs/search?ss=1&hashed=-625949242,Title Venture Director,https://careers-sri.icims.com/jobs/6507/venture-director/job,"Manhattan, NY, United States",Manhattan,NY,United States,Remote,,,,Core Space,2026-09-22,2026-09-22,https://careers-sri.icims.com/jobs/search?ss=1&hashed=-625949242,ats_detected,5,success_after_fallback
de7482eb276a,2026-09-22,fdb04d86542a,SRI International,https://www.sri.com/,https://careers-sri.icims.com/jobs/search?ss=1&hashed=-625949242,Title Postdoctoral Fellow - Applied & Computational Scientists,https://careers-sri.icims.com/jobs/6506/postdoctoral-fellow---applied-%26-computational-scientists/job,"Manhattan, NY, United States",Manhattan,NY,United States,Not specified,,,,Core Space,2026-09-22,2026-09-22,https://careers-sri.icims.com/jobs/search?ss=1&hashed=-625949242,ats_detected,5,success_after_fallback
102c7b6f9f5f,2026-09-22,fdb04d86542a,SRI International,https://www.sri.com/,https://careers-sri.icims.com/jobs/search?ss=1&hashed=-625949242,Title Research Engineer I / II - Embedded Development Engineer,https://careers-sri.icims.com/jobs/6505/research-engineer-i---ii---embedded-development-engineer/job,"Manhattan, NY, United States",Manhattan,NY,United States,Remote,,,,Core Space,2026-09-22,2026-09-22,https://careers-sri.icims.com/jobs/search?ss=1&hashed=-625949242,ats_detected,5,success_after_fallback
65c4b06b9d52,2026-09-22,fdb04d86542a,SRI International,https://www.sri.com/,https://careers-sri.icims.com/jobs/search?ss=1&hashed=-625949242,Title Bioscience Research Associate I/II,https://careers-sri.icims.com/jobs/6466/bioscience-research-associate-i-ii/job,"Manhattan, NY, United States",Manhattan,NY,United States,Not specified,,,,Core Space,2026-09-22,2026-09-22,https://careers-sri.icims.com/jobs/search?ss=1&hashed=-625949242,ats_detected,5,success_after_fallback
dc33c273dc33,2026-09-22,fdb04d86542a,SRI International,https://www.sri.com/,https://careers-sri.icims.com/jobs/search?ss=1&hashed=-625949242,"Title Wafer Fab Operations Technicians (Machine Operations, Production Technicians)",https://careers-sri.icims.com/jobs/6465/wafer-fab-operations-technicians-%28machine-operations%2c-production-technicians%29/job,"Manhattan, NY, United States",Manhattan,NY,United States,On-site,,,,Core Space,2026-09-22,2026-09-22,https://careers-sri.icims.com/jobs/search?ss=1&hashed=-625949242,ats_detected,5,success_after_fallback
eb1fccc6f78a,2026-09-22,fdb04d86542a,SRI International,https://www.sri.com/,https://careers-sri.icims.com/jobs/search?ss=1&hashed=-625949242,Title Chemical Safety Engineer (Semiconductor),https://careers-sri.icims.com/jobs/6464/chemical-safety-engineer-%28semiconductor%29/job,"Manhattan, NY, United States",Manhattan,NY,United States,Not specified,,,,Core Space,2026-09-22,2026-09-22,https://careers-sri.icims.com/jobs/search?ss=1&hashed=-625949242,ats_detected,5,success_after_fallback
c0b92987ee7c,2026-09-22,fdb04d86542a,SRI International,https://www.sri.com/,https://careers-sri.icims.com/jobs/search?ss=1&hashed=-625949242,"Title Project Manager, Early Career, 60% travel",https://careers-sri.icims.com/jobs/6463/project-manager%2c-early-career%2c-60%25-travel/job,"Manhattan, NY, United States",Manhattan,NY,United States,Not specified,,,,Core Space,2026-09-22,2026-09-22,https://careers-sri.icims.com/jobs/search?ss=1&hashed=-625949242,ats_detected,5,success_after_fallback
31cfda380bd1,2026-09-22,fdb04d86542a,SRI International,https://www.sri.com/,https://careers-sri.icims.com/jobs/search?ss=1&hashed=-625949242,Title Research Engineer – Semiconductor Materials,https://careers-sri.icims.com/jobs/6460/research-engineer-%e2%80%93-semiconductor-materials/job,"Manhattan, NY, United States",Manhattan,NY,United States,Not specified,,,,Core Space,2026-09-22,2026-09-22,https://careers-sri.icims.com/jobs/search?ss=1&hashed=-625949242,ats_detected,5,success_after_fallback
0b2f87b7a4da,2026-09-22,fdb04d86542a,SRI International,https://www.sri.com/,https://careers-sri.icims.com/jobs/search?ss=1&hashed=-625949242,Title Sr Research Engineer - RF & Systems Engineer,https://careers-sri.icims.com/jobs/6458/sr-research-engineer---rf-%26-systems-engineer/job,"Manhattan, NY, United States",Manhattan,NY,United States,Remote,,,,Core Space,2026-09-22,2026-09-22,https://careers-sri.icims.com/jobs/search?ss=1&hashed=-625949242,ats_detected,5,success_after_fallback
af0dace94594,2026-09-22,fdb04d86542a,SRI International,https://www.sri.com/,https://careers-sri.icims.com/jobs/search?ss=1&hashed=-625949242,"Title Research Engineer II/III - FPGA, real-time and HPC code development (C programming)",https://careers-sri.icims.com/jobs/6457/research-engineer-ii-iii---fpga%2c-real-time-and-hpc-code-development-%28c-programming%29/job,"Manhattan, NY, United States",Manhattan,NY,United States,Remote,,,,Core Space,2026-09-22,2026-09-22,https://careers-sri.icims.com/jobs/search?ss=1&hashed=-625949242,ats_detected,5,success_after_fallback
5807c791eaa5,2026-09-22,fdb04d86542a,SRI International,https://www.sri.com/,https://careers-sri.icims.com/jobs/search?ss=1&hashed=-625949242,Title Sales and Operations Coordinator,https://careers-sri.icims.com/jobs/6455/sales-and-operations-coordinator/job,"Manhattan, NY, United States",Manhattan,NY,United States,Remote,,,,Core Space,2026-09-22,2026-09-22,https://careers-sri.icims.com/jobs/search?ss=1&hashed=-625949242,ats_detected,5,success_after_fallback
c44ad4764b51,2026-09-22,fdb04d86542a,SRI International,https://www.sri.com/,https://careers-sri.icims.com/jobs/search?ss=1&hashed=-625949242,Title Principal Image Sensor Development Engineer,https://careers-sri.icims.com/jobs/6448/principal-image-sensor-development-engineer/job,"Manhattan, NY, United States",Manhattan,NY,United States,Not specified,,,,Core Space,2026-09-22,2026-09-22,https://careers-sri.icims.com/jobs/search?ss=1&hashed=-625949242,ats_detected,5,success_after_fallback
28df1f4c1bd9,2026-09-22,fdb04d86542a,SRI International,https://www.sri.com/,https://careers-sri.icims.com/jobs/search?ss=1&hashed=-625949242,Title IC Layout Engineer III,https://careers-sri.icims.com/jobs/6445/ic-layout-engineer-iii/job,"Manhattan, NY, United States",Manhattan,NY,United States,Not specified,,,,Core Space,2026-09-22,2026-09-22,https://careers-sri.icims.com/jobs/search?ss=1&hashed=-625949242,ats_detected,5,success_after_fallback
83cd75cf6b13,2026-09-22,fdb04d86542a,SRI International,https://www.sri.com/,https://careers-sri.icims.com/jobs/search?ss=1&hashed=-625949242,Title Associate Contracts Officer,https://careers-sri.icims.com/jobs/6443/associate-contracts-officer/job,"Manhattan, NY, United States",Manhattan,NY,United States,Remote,,,,Core Space,2026-09-22,2026-09-22,https://careers-sri.icims.com/jobs/search?ss=1&hashed=-625949242,ats_detected,5,success_after_fallback
6f88f052d223,2026-09-22,fdb04d86542a,SRI International,https://www.sri.com/,https://careers-sri.icims.com/jobs/search?ss=1&hashed=-625949242,Title Analog IC Design Engineer,https://careers-sri.icims.com/jobs/6441/analog-ic-design-engineer/job,"Manhattan, NY, United States",Manhattan,NY,United States,Not specified,,,,Core Space,2026-09-22,2026-09-22,https://careers-sri.icims.com/jobs/search?ss=1&hashed=-625949242,ats_detected,5,success_after_fallback
4d7d959e3ed1,2026-09-22,fdb04d86542a,SRI International,https://www.sri.com/,https://careers-sri.icims.com/jobs/search?ss=1&hashed=-625949242,"Title Research Scientist, electron beam lithography",https://careers-sri.icims.com/jobs/6440/research-scientist%2c-electron-beam-lithography/job,"Manhattan, NY, United States",Manhattan,NY,United States,On-site,,,,Core Space,2026-09-22,2026-09-22,https://careers-sri.icims.com/jobs/search?ss=1&hashed=-625949242,ats_detected,5,success_after_fallback
64b737edd5d0,2026-09-22,fdb04d86542a,SRI International,https://www.sri.com/,https://careers-sri.icims.com/jobs/search?ss=1&hashed=-625949242,Title Test Engineers I,https://careers-sri.icims.com/jobs/6439/test-engineers-i/job,"Manhattan, NY, United States",Manhattan,NY,United States,Not specified,,,,Core Space,2026-09-22,2026-09-22,https://careers-sri.icims.com/jobs/search?ss=1&hashed=-625949242,ats_detected,5,success_after_fallback
6d3d0ab8b735,2026-09-22,fdb04d86542a,SRI International,https://www.sri.com/,https://careers-sri.icims.com/jobs/search?ss=1&hashed=-625949242,Title Sr. Photonics Research Engineer,https://careers-sri.icims.com/jobs/6436/sr.-photonics-research-engineer/job,"Manhattan, NY, United States",Manhattan,NY,United States,On-site,,,,Core Space,2026-09-22,2026-09-22,https://careers-sri.icims.com/jobs/search?ss=1&hashed=-625949242,ats_detected,5,success_after_fallback
48f2889a9cef,2026-09-22,fdb04d86542a,SRI International,https://www.sri.com/,https://careers-sri.icims.com/jobs/search?ss=1&hashed=-625949242,Title Drexel University Co-op: Embedded Software Engineering,https://careers-sri.icims.com/jobs/6431/drexel-university-co-op%3a-embedded-software-engineering/job,"Manhattan, NY, United States",Manhattan,NY,United States,Not specified,,,,Core Space,2026-09-22,2026-09-22,https://careers-sri.icims.com/jobs/search?ss=1&hashed=-625949242,ats_detected,5,success_after_fallback
fd4e35a63d72,2026-09-22,fdb04d86542a,SRI International,https://www.sri.com/,https://careers-sri.icims.com/jobs/search?ss=1&hashed=-625949242,Title Materials Research Scientist/Engineer,https://careers-sri.icims.com/jobs/6428/materials-research-scientist-engineer/job,"Manhattan, NY, United States",Manhattan,NY,United States,Not specified,,,,Core Space,2026-09-22,2026-09-22,https://careers-sri.icims.com/jobs/search?ss=1&hashed=-625949242,ats_detected,5,success_after_fallback
6a229b52cf25,2026-09-22,fdb04d86542a,SRI International,https://www.sri.com/,https://careers-sri.icims.com/jobs/search?ss=1&hashed=-625949242,Title Robotics Software Engineer - II/III,https://careers-sri.icims.com/jobs/6427/robotics-software-engineer---ii-iii/job,"Manhattan, NY, United States",Manhattan,NY,United States,On-site,,,,Core Space,2026-09-22,2026-09-22,https://careers-sri.icims.com/jobs/search?ss=1&hashed=-625949242,ats_detected,5,success_after_fallback
95b1d44347a2,2026-09-22,fdb04d86542a,SRI International,https://www.sri.com/,https://careers-sri.icims.com/jobs/search?ss=1&hashed=-625949242,Title Sr Research Engineer-RF,https://careers-sri.icims.com/jobs/6407/sr-research-engineer-rf/job,"Manhattan, NY, United States",Manhattan,NY,United States,Remote,,,,Core Space,2026-09-22,2026-09-22,https://careers-sri.icims.com/jobs/search?ss=1&hashed=-625949242,ats_detected,5,success_after_fallback
8135fc124960,2026-09-22,fdb04d86542a,SRI International,https://www.sri.com/,https://careers-sri.icims.com/jobs/search?ss=1&hashed=-625949242,Title Sr Research Engineer-Project Principal Investigator - RF,https://careers-sri.icims.com/jobs/6406/sr-research-engineer-project-principal-investigator---rf/job,"Manhattan, NY, United States",Manhattan,NY,United States,Remote,,,,Core Space,2026-09-22,2026-09-22,https://careers-sri.icims.com/jobs/search?ss=1&hashed=-625949242,ats_detected,5,success_after_fallback
fc661e612cd6,2026-09-22,fdb04d86542a,SRI International,https://www.sri.com/,https://careers-sri.icims.com/jobs/search?ss=1&hashed=-625949242,Title Research Engineer II/III - RF Hardware,https://careers-sri.icims.com/jobs/6405/research-engineer-ii-iii---rf-hardware/job,"Manhattan, NY, United States",Manhattan,NY,United States,Remote,,,,Core Space,2026-09-22,2026-09-22,https://careers-sri.icims.com/jobs/search?ss=1&hashed=-625949242,ats_detected,5,success_after_fallback
f5c85183bee4,2026-09-22,fdb04d86542a,SRI International,https://www.sri.com/,https://careers-sri.icims.com/jobs/search?ss=1&hashed=-625949242,Title IC Design Engineer III,https://careers-sri.icims.com/jobs/6403/ic-design-engineer-iii/job,"Manhattan, NY, United States",Manhattan,NY,United States,Not specified,,,,Core Space,2026-09-22,2026-09-22,https://careers-sri.icims.com/jobs/search?ss=1&hashed=-625949242,ats_detected,5,success_after_fallback
4a918651f386,2026-09-22,fdb04d86542a,SRI International,https://www.sri.com/,https://careers-sri.icims.com/jobs/search?ss=1&hashed=-625949242,Title Wafer Fab Process Engineer,https://careers-sri.icims.com/jobs/6395/wafer-fab-process-engineer/job,"Manhattan, NY, United States",Manhattan,NY,United States,Not specified,,,,Core Space,2026-09-22,2026-09-22,https://careers-sri.icims.com/jobs/search?ss=1&hashed=-625949242,ats_detected,5,success_after_fallback
914b84c5d97a,2026-09-22,fdb04d86542a,SRI International,https://www.sri.com/,https://careers-sri.icims.com/jobs/search?ss=1&hashed=-625949242,Title Mechanical Engineer,https://careers-sri.icims.com/jobs/6384/mechanical-engineer/job,"Manhattan, NY, United States",Manhattan,NY,United States,Not specified,,,,Core Space,2026-09-22,2026-09-22,https://careers-sri.icims.com/jobs/search?ss=1&hashed=-625949242,ats_detected,5,success_after_fallback
d06c2cd1b5a3,2026-09-22,fdb04d86542a,SRI International,https://www.sri.com/,https://careers-sri.icims.com/jobs/search?ss=1&hashed=-625949242,Title Sr Mechanical Engineer,https://careers-sri.icims.com/jobs/6383/sr-mechanical-engineer/job,"Manhattan, NY, United States",Manhattan,NY,United States,Not specified,,,,Core Space,2026-09-22,2026-09-22,https://careers-sri.icims.com/jobs/search?ss=1&hashed=-625949242,ats_detected,5,success_after_fallback
57bb35df9988,2026-09-22,fdb04d86542a,SRI International,https://www.sri.com/,https://careers-sri.icims.com/jobs/search?ss=1&hashed=-625949242,Title Sr Research Engineer-Project Principal Investigator,https://careers-sri.icims.com/jobs/6377/sr-research-engineer-project-principal-investigator/job,"Manhattan, NY, United States",Manhattan,NY,United States,Remote,,,,Core Space,2026-09-22,2026-09-22,https://careers-sri.icims.com/jobs/search?ss=1&hashed=-625949242,ats_detected,5,success_after_fallback
0bec5a533ca5,2026-09-22,fdb04d86542a,SRI International,https://www.sri.com/,https://careers-sri.icims.com/jobs/search?ss=1&hashed=-625949242,Title IC Design Engineer IV,https://careers-sri.icims.com/jobs/6367/ic-design-engineer-iv/job,"Manhattan, NY, United States",Manhattan,NY,United States,Not specified,,,,Core Space,2026-09-22,2026-09-22,https://careers-sri.icims.com/jobs/search?ss=1&hashed=-625949242,ats_detected,5,success_after_fallback
9b94ba03fc5f,2026-09-22,fdb04d86542a,SRI International,https://www.sri.com/,https://careers-sri.icims.com/jobs/search?ss=1&hashed=-625949242,Title Electronics Design Engineer,https://careers-sri.icims.com/jobs/6365/electronics-design-engineer/job,"Manhattan, NY, United States",Manhattan,NY,United States,Not specified,,,,Core Space,2026-09-22,2026-09-22,https://careers-sri.icims.com/jobs/search?ss=1&hashed=-625949242,ats_detected,5,success_after_fallback
14e6108fd230,2026-09-22,fdb04d86542a,SRI International,https://www.sri.com/,https://careers-sri.icims.com/jobs/search?ss=1&hashed=-625949242,"Title Test Engineer - Analog, ATE",https://careers-sri.icims.com/jobs/6325/test-engineer---analog%2c-ate/job,"Manhattan, NY, United States",Manhattan,NY,United States,Not specified,,,,Core Space,2026-09-22,2026-09-22,https://careers-sri.icims.com/jobs/search?ss=1&hashed=-625949242,ats_detected,5,success_after_fallback
5211adaa3359,2026-09-22,fdb04d86542a,SRI International,https://www.sri.com/,https://careers-sri.icims.com/jobs/search?ss=1&hashed=-625949242,Title Photonics Research Engineer III,https://careers-sri.icims.com/jobs/6320/photonics-research-engineer-iii/job,"Manhattan, NY, United States",Manhattan,NY,United States,On-site,,,,Core Space,2026-09-22,2026-09-22,https://careers-sri.icims.com/jobs/search?ss=1&hashed=-625949242,ats_detected,5,success_after_fallback
fc84266c0fdd,2026-09-22,fdb04d86542a,SRI International,https://www.sri.com/,https://careers-sri.icims.com/jobs/search?ss=1&hashed=-625949242,Title Manufacturing Technicians,https://careers-sri.icims.com/jobs/6254/manufacturing-technicians/job,"Manhattan, NY, United States",Manhattan,NY,United States,Not specified,,,,Core Space,2026-09-22,2026-09-22,https://careers-sri.icims.com/jobs/search?ss=1&hashed=-625949242,ats_detected,5,success_after_fallback
82d9386ccaf8,2026-09-22,e04ea6a314c3,Vishay Americas,https://www.vishay.com/,https://jobs.vishay.com/career-areas,Senior Manager Qa Product Reliability,https://jobs.vishay.com/jobs/senior-manager-qa-product-reliability,"Newport, UK, United Kingdom",Newport,UK,United Kingdom,Not specified,,,,Core Space,2026-09-22,2026-09-22,https://jobs.vishay.com/career-areas,linked_page,3,success_after_fallback
b03e61f09608,2026-09-22,e04ea6a314c3,Vishay Americas,https://www.vishay.com/,https://jobs.vishay.com/jobs/hr-coordinator,Hr Coordinator Jr,https://vishay.wd3.myworkdayjobs.com/VishayCareers/job/Beer-Sheva-IL/HR-Coordinator_JR-19407/apply,"Niagara Falls, NY, United States",Niagara Falls,NY,United States,Not specified,,,,Core Space,2026-09-22,2026-09-22,https://jobs.vishay.com/jobs/hr-coordinator,linked_page,4,success_after_fallback
3e1382b76cac,2026-09-22,e04ea6a314c3,Vishay Americas,https://www.vishay.com/,https://vishay.wd3.myworkdayjobs.com/VishayCareers/job/Itzehoe-DE/XMLNAME--Junior--Controller--m-w-d-_JR-19172-1/apply,(Junior) Controller (m/w/d),https://vishay.wd3.myworkdayjobs.com/VishayCareers/job/Itzehoe-DE/XMLNAME--Junior--Controller--m-w-d-_JR-19172-1/apply,"Itzehoe, DE, Germany",Itzehoe,DE,Germany,Not specified,,,,Core Space,2026-09-22,2026-09-22,https://vishay.wd3.myworkdayjobs.com/VishayCareers/job/Itzehoe-DE/XMLNAME--Junior--Controller--m-w-d-_JR-19172-1/apply,ats_detected,3,success_after_fallback
1e50b649a780,2026-09-22,e04ea6a314c3,Vishay Americas,https://www.vishay.com/,https://vishay.wd3.myworkdayjobs.com/VishayCareers/job/Ave-De-Las-Torres-1950-Col-Torres-Del-Sur-CP-32970-Ciudad-Juarez-Chih/XMLNAME-236-Tecnico-de-mantenimiento--Tercer-turno-_JR-20508/apply,236 Tecnico de mantenimiento (Tercer turno),https://vishay.wd3.myworkdayjobs.com/VishayCareers/job/Ave-De-Las-Torres-1950-Col-Torres-Del-Sur-CP-32970-Ciudad-Juarez-Chih/XMLNAME-236-Tecnico-de-mantenimiento--Tercer-turno-_JR-20508/apply,"Niagara Falls, NY, United States",Niagara Falls,NY,United States,Not specified,,,,Core Space,2026-09-22,2026-09-22,https://vishay.wd3.myworkdayjobs.com/VishayCareers/job/Ave-De-Las-Torres-1950-Col-Torres-Del-Sur-CP-32970-Ciudad-Juarez-Chih/XMLNAME-236-Tecnico-de-mantenimiento--Tercer-turno-_JR-20508/apply,ats_detected,3,success_after_fallback
886abad21824,2026-09-22,1c2b4e10bf58,Wallaroo AI,https://wallaroo.ai/,https://www.jobvite.com/,TA Leader,https://www.jobvite.com/solutions/role/talent-acquisition-leader,"Manhattan, NY, United States",Manhattan,NY,United States,Not specified,,,,Core Space,2026-09-22,2026-09-22,https://www.jobvite.com/,ats_detected,4,success_after_fallback
fcec0899c79f,2026-09-22,1c2b4e10bf58,Wallaroo AI,https://wallaroo.ai/,https://www.jobvite.com/,HR Leader,https://www.jobvite.com/solutions/role/hr-leader,"Manhattan, NY, United States",Manhattan,NY,United States,Not specified,,,,Core Space,2026-09-22,2026-09-22,https://www.jobvite.com/,ats_detected,4,success_after_fallback
bc3248fdbd4f,2026-09-22,1c2b4e10bf58,Wallaroo AI,https://wallaroo.ai/,https://www.jobvite.com/,IT Manager,https://www.jobvite.com/solutions/role/it,"Manhattan, NY, United States",Manhattan,NY,United States,Not specified,,,,Core Space,2026-09-22,2026-09-22,https://www.jobvite.com/,ats_detected,4,success_after_fallback
