job_id,snapshot_date,company_id,company_name,company_website,careers_url,job_title,job_url,location,city,state,country,remote,salary_min,salary_max,department,category,date_found,last_seen_at,source_url,discovery_method,job_confidence_score,status
57a0dbfdc8e4,2026-08-15,a3c0ab6694be,Bluefors Inc.,https://bluefors.com/,https://careers.bluefors.com/jobs,Accounting Associate,https://careers.bluefors.com/jobs/8224975-accounting-associate,"Syracuse, NY, United States",Syracuse,NY,United States,Not specified,,,,Core Space,2026-08-15,2026-08-15,https://careers.bluefors.com/jobs,linked_page,4,success_after_fallback
54ff67f5275f,2026-08-15,a3c0ab6694be,Bluefors Inc.,https://bluefors.com/,https://careers.bluefors.com/jobs,Manufacturing Associate: BTA Assembler,https://careers.bluefors.com/jobs/8190303-manufacturing-associate-bta-assembler,"Syracuse, NY, United States",Syracuse,NY,United States,Not specified,,,,Core Space,2026-08-15,2026-08-15,https://careers.bluefors.com/jobs,linked_page,4,success_after_fallback
5bc16c4b4fe7,2026-08-15,a3c0ab6694be,Bluefors Inc.,https://bluefors.com/,https://careers.bluefors.com/jobs,Manufacturing Associate: Compressor Assembly,https://careers.bluefors.com/jobs/8190267-manufacturing-associate-compressor-assembly,"Syracuse, NY, United States",Syracuse,NY,United States,Not specified,,,,Core Space,2026-08-15,2026-08-15,https://careers.bluefors.com/jobs,linked_page,4,success_after_fallback
3c8f7f752242,2026-08-15,a3c0ab6694be,Bluefors Inc.,https://bluefors.com/,https://careers.bluefors.com/jobs,R&D and Engineering,https://careers.bluefors.com/jobs/8190250-toolmaker,"Syracuse, NY, United States",Syracuse,NY,United States,Not specified,,,,Core Space,2026-08-15,2026-08-15,https://careers.bluefors.com/jobs,linked_page,4,success_after_fallback
ffc0f9c180a3,2026-08-15,a3c0ab6694be,Bluefors Inc.,https://bluefors.com/,https://careers.bluefors.com/jobs,"Installation Field Service Technician, East Coast",https://careers.bluefors.com/jobs/8126332-installation-field-service-technician-east-coast,"Syracuse, NY, United States",Syracuse,NY,United States,Not specified,,,,Core Space,2026-08-15,2026-08-15,https://careers.bluefors.com/jobs,linked_page,4,success_after_fallback
9e98d837473e,2026-08-15,a3c0ab6694be,Bluefors Inc.,https://bluefors.com/,https://careers.bluefors.com/jobs,"Installation Field Service Technician , West Coast",https://careers.bluefors.com/jobs/8126326-installation-field-service-technician-west-coast,"Syracuse, NY, United States",Syracuse,NY,United States,Not specified,,,,Core Space,2026-08-15,2026-08-15,https://careers.bluefors.com/jobs,linked_page,4,success_after_fallback
2e8c959e69eb,2026-08-15,a3c0ab6694be,Bluefors Inc.,https://bluefors.com/,https://careers.bluefors.com/jobs,Customer Program Manager,https://careers.bluefors.com/jobs/8114573-customer-program-manager,"Syracuse, NY, United States",Syracuse,NY,United States,Not specified,,,,Core Space,2026-08-15,2026-08-15,https://careers.bluefors.com/jobs,linked_page,4,success_after_fallback
bc981d860b12,2026-08-15,a3c0ab6694be,Bluefors Inc.,https://bluefors.com/,https://careers.bluefors.com/jobs,Legal Analyst,https://careers.bluefors.com/jobs/8110901-legal-analyst,"Syracuse, NY, United States",Syracuse,NY,United States,Not specified,,,,Core Space,2026-08-15,2026-08-15,https://careers.bluefors.com/jobs,linked_page,4,success_after_fallback
274cf5aedd27,2026-08-15,a3c0ab6694be,Bluefors Inc.,https://bluefors.com/,https://careers.bluefors.com/jobs,Technical Service Manager,https://careers.bluefors.com/jobs/8060586-technical-service-manager,"Syracuse, NY, United States",Syracuse,NY,United States,Not specified,,,,Core Space,2026-08-15,2026-08-15,https://careers.bluefors.com/jobs,linked_page,4,success_after_fallback
4fc21f16dc33,2026-08-15,a3c0ab6694be,Bluefors Inc.,https://bluefors.com/,https://careers.bluefors.com/jobs,Cryogenic R&D Engineer,https://careers.bluefors.com/jobs/8055772-cryogenic-r-d-engineer,"Syracuse, NY, United States",Syracuse,NY,United States,Not specified,,,,Core Space,2026-08-15,2026-08-15,https://careers.bluefors.com/jobs,linked_page,4,success_after_fallback
29fe6463991a,2026-08-15,a3c0ab6694be,Bluefors Inc.,https://bluefors.com/,https://careers.bluefors.com/jobs,Customer Service Representative-Sales,https://careers.bluefors.com/jobs/8055766-customer-service-representative-sales,"Syracuse, NY, United States",Syracuse,NY,United States,Not specified,,,,Core Space,2026-08-15,2026-08-15,https://careers.bluefors.com/jobs,linked_page,4,success_after_fallback
7b0634e138bf,2026-08-15,a3c0ab6694be,Bluefors Inc.,https://bluefors.com/,https://careers.bluefors.com/jobs,"Account Manager, Growth Accounts",https://careers.bluefors.com/jobs/8040781-account-manager-growth-accounts,"Syracuse, NY, United States",Syracuse,NY,United States,Remote,,,,Core Space,2026-08-15,2026-08-15,https://careers.bluefors.com/jobs,linked_page,4,success_after_fallback
4ca7ad892cd8,2026-08-15,a3c0ab6694be,Bluefors Inc.,https://bluefors.com/,https://careers.bluefors.com/jobs,Stockroom Associate,https://careers.bluefors.com/jobs/7987885-stockroom-associate,"Syracuse, NY, United States",Syracuse,NY,United States,Not specified,,,,Core Space,2026-08-15,2026-08-15,https://careers.bluefors.com/jobs,linked_page,4,success_after_fallback
a0d3ae9e0eb4,2026-08-15,a3c0ab6694be,Bluefors Inc.,https://bluefors.com/,https://careers.bluefors.com/jobs,CNC Operator I,https://careers.bluefors.com/jobs/7938132-cnc-operator-i,"Syracuse, NY, United States",Syracuse,NY,United States,Not specified,,,,Core Space,2026-08-15,2026-08-15,https://careers.bluefors.com/jobs,linked_page,4,success_after_fallback
e5ea58cca7b6,2026-08-15,a3c0ab6694be,Bluefors Inc.,https://bluefors.com/,https://careers.bluefors.com/jobs,Service Engineer,https://careers.bluefors.com/jobs/7874628-service-engineer,"Syracuse, NY, United States",Syracuse,NY,United States,Not specified,,,,Core Space,2026-08-15,2026-08-15,https://careers.bluefors.com/jobs,linked_page,4,success_after_fallback
7fdda253c106,2026-08-15,a3c0ab6694be,Bluefors Inc.,https://bluefors.com/,https://careers.bluefors.com/jobs,Business Development Specialist,https://careers.bluefors.com/jobs/7752465-business-development-specialist,"Syracuse, NY, United States",Syracuse,NY,United States,Not specified,,,,Core Space,2026-08-15,2026-08-15,https://careers.bluefors.com/jobs,linked_page,4,success_after_fallback
f02437780332,2026-08-15,a3c0ab6694be,Bluefors Inc.,https://bluefors.com/,https://careers.bluefors.com/jobs,Resident Cryogenic Engineer,https://careers.bluefors.com/jobs/7707351-resident-cryogenic-engineer,"Syracuse, NY, United States",Syracuse,NY,United States,Not specified,,,,Core Space,2026-08-15,2026-08-15,https://careers.bluefors.com/jobs,linked_page,4,success_after_fallback
0fdb5452fafe,2026-08-15,a3c0ab6694be,Bluefors Inc.,https://bluefors.com/,https://careers.bluefors.com/jobs,Production Control Coordinator,https://careers.bluefors.com/jobs/7694531-production-control-coordinator,"Syracuse, NY, United States",Syracuse,NY,United States,Not specified,,,,Core Space,2026-08-15,2026-08-15,https://careers.bluefors.com/jobs,linked_page,4,success_after_fallback
da03c9b935ec,2026-08-15,a3c0ab6694be,Bluefors Inc.,https://bluefors.com/,https://careers.bluefors.com/jobs,Cryo Engineer,https://careers.bluefors.com/jobs/7677576-cryo-engineer,Hybrid,,,,Hybrid,,,,Core Space,2026-08-15,2026-08-15,https://careers.bluefors.com/jobs,linked_page,4,success_after_fallback
a414449d1e04,2026-08-15,a3c0ab6694be,Bluefors Inc.,https://bluefors.com/,https://careers.bluefors.com/jobs,Technical Sales Lead,https://careers.bluefors.com/jobs/7618377-technical-sales-lead,"Syracuse, NY, United States",Syracuse,NY,United States,Remote,,,,Core Space,2026-08-15,2026-08-15,https://careers.bluefors.com/jobs,linked_page,4,success_after_fallback
44b6c278841b,2026-08-15,49a10cfcff0c,AIP Publishing,https://publishing.aip.org/,https://job-boards.greenhouse.io/aippublishing,Cloud Infrastructure Engineer,https://job-boards.greenhouse.io/aippublishing/jobs/6144177004,"Remote - NY, NJ, CT, MD, VA, PA, MA, RI or Washington, DC",Remote - NY,NJ,United States,Remote,,,,Core Space,2026-08-15,2026-08-15,https://job-boards.greenhouse.io/aippublishing,known_careers_url,5,success
1a3ad1837653,2026-08-15,0c237be7f93d,Applied Visions,https://www.avi.com/,https://app.trinethire.com/companies/1321-the-applied-visions-companies-applied-visions-software-design-solutions/jobs,Electrical Engineer,https://app.trinethire.com/companies/1321-applied-visions-software-design-solutions/jobs/121839-electrical-engineer,"Clifton Park, NY, United States",Clifton Park,NY,United States,Not specified,,,,Aerospace,2026-08-15,2026-08-15,https://app.trinethire.com/companies/1321-the-applied-visions-companies-applied-visions-software-design-solutions/jobs,linked_page,4,success_after_fallback
cb371e86cd3d,2026-08-15,0c237be7f93d,Applied Visions,https://www.avi.com/,https://app.trinethire.com/companies/1321-the-applied-visions-companies-applied-visions-software-design-solutions/jobs,Director of Engineering,https://app.trinethire.com/companies/1321-applied-visions-software-design-solutions/jobs/118815-director-of-engineering,"Clifton Park, NY, United States",Clifton Park,NY,United States,Not specified,,,,Aerospace,2026-08-15,2026-08-15,https://app.trinethire.com/companies/1321-the-applied-visions-companies-applied-visions-software-design-solutions/jobs,linked_page,4,success_after_fallback
61417aaf893b,2026-08-15,0c237be7f93d,Applied Visions,https://www.avi.com/,https://app.trinethire.com/companies/1321-the-applied-visions-companies-applied-visions-software-design-solutions/jobs,Director of Product Management,https://app.trinethire.com/companies/1321-applied-visions-software-design-solutions/jobs/120485-director-of-product-management,"Clifton Park, NY, United States",Clifton Park,NY,United States,Not specified,,,,Aerospace,2026-08-15,2026-08-15,https://app.trinethire.com/companies/1321-the-applied-visions-companies-applied-visions-software-design-solutions/jobs,linked_page,4,success_after_fallback
0ac45e64ecd0,2026-08-15,0c237be7f93d,Applied Visions,https://www.avi.com/,https://app.trinethire.com/companies/1321-the-applied-visions-companies-applied-visions-software-design-solutions/jobs,Applied Visions Software Design Solutions,https://app.trinethire.com/companies/1321-applied-visions-software-design-solutions/jobs/120013-machinist-prototype-machining-3-month-contract,"Clifton Park, NY, United States",Clifton Park,NY,United States,Not specified,,,,Aerospace,2026-08-15,2026-08-15,https://app.trinethire.com/companies/1321-the-applied-visions-companies-applied-visions-software-design-solutions/jobs,linked_page,4,success_after_fallback
873a8c5d3c48,2026-08-15,405cf37b5e7d,Arkwin Industries,https://www.arkwin.com/,https://www.arkwin.com/job/senior-design-engineer-3,Senior Design Engineer,https://www.arkwin.com/job/senior-design-engineer-3,"Bethpage, NY",Bethpage,NY,United States,Not specified,,,,Space & Defense,2026-08-15,2026-08-15,https://www.arkwin.com/job/senior-design-engineer-3,linked_page,3,success_after_fallback
973ecca02f98,2026-08-15,405cf37b5e7d,Arkwin Industries,https://www.arkwin.com/,https://www.arkwin.com/job/quality-engineer-2,Quality Engineer,https://www.arkwin.com/job/quality-engineer-2,"Bethpage, NY",Bethpage,NY,United States,Not specified,,,,Space & Defense,2026-08-15,2026-08-15,https://www.arkwin.com/job/quality-engineer-2,linked_page,3,success_after_fallback
27443147dc30,2026-08-15,405cf37b5e7d,Arkwin Industries,https://www.arkwin.com/,https://www.arkwin.com/job/business-development-manager,Business Development Manager,https://www.arkwin.com/job/business-development-manager,"Bethpage, NY",Bethpage,NY,United States,Not specified,,,,Space & Defense,2026-08-15,2026-08-15,https://www.arkwin.com/job/business-development-manager,linked_page,3,success_after_fallback
f398e8e870ff,2026-08-15,405cf37b5e7d,Arkwin Industries,https://www.arkwin.com/,https://www.arkwin.com/job/business-unit-manager-4,Business Unit Manager,https://www.arkwin.com/job/business-unit-manager-4,"Bethpage, NY",Bethpage,NY,United States,Not specified,,,,Space & Defense,2026-08-15,2026-08-15,https://www.arkwin.com/job/business-unit-manager-4,linked_page,3,success_after_fallback
8dda5fe97d2c,2026-08-15,405cf37b5e7d,Arkwin Industries,https://www.arkwin.com/,https://www.arkwin.com/job/customer-account-manager-9,Customer Account Manager,https://www.arkwin.com/job/customer-account-manager-9,"Bethpage, NY",Bethpage,NY,United States,Not specified,,,,Space & Defense,2026-08-15,2026-08-15,https://www.arkwin.com/job/customer-account-manager-9,linked_page,3,success_after_fallback
778e8d015845,2026-08-15,f7b8731a7e71,ASR International,https://www.asrintl.com/,https://asrinternationalcorp.applytojob.com/apply/jobs,Project Management Support Analyst – Journeyman (Technology Transfer Emphasis),https://asrinternationalcorp.applytojob.com/apply/jobs/details/o4NNvb5vRq,"Ft. Eustis, VA",Ft. Eustis,VA,United States,Not specified,,,,Space & Defense,2026-08-15,2026-08-15,https://asrinternationalcorp.applytojob.com/apply/jobs,known_careers_url,4,success
de843168e0ac,2026-08-15,f7b8731a7e71,ASR International,https://www.asrintl.com/,https://asrinternationalcorp.applytojob.com/apply/jobs,Project Management Support Analyst – Senior (Technology Transfer Emphasis),https://asrinternationalcorp.applytojob.com/apply/jobs/details/jREvUFGFhX,"Ft. Eustis, VA",Ft. Eustis,VA,United States,Not specified,,,,Space & Defense,2026-08-15,2026-08-15,https://asrinternationalcorp.applytojob.com/apply/jobs,known_careers_url,4,success
2113fff94821,2026-08-15,f7b8731a7e71,ASR International,https://www.asrintl.com/,https://asrinternationalcorp.applytojob.com/apply/jobs,Quality Engineer – Senior,https://asrinternationalcorp.applytojob.com/apply/jobs/details/O1TtOTGlaz,"Ft. Eustis, VA",Ft. Eustis,VA,United States,Not specified,,,,Space & Defense,2026-08-15,2026-08-15,https://asrinternationalcorp.applytojob.com/apply/jobs,known_careers_url,4,success
0f6918bc97ee,2026-08-15,f7b8731a7e71,ASR International,https://www.asrintl.com/,https://asrinternationalcorp.applytojob.com/apply/jobs,Mission Systems Engineer – Journeyman,https://asrinternationalcorp.applytojob.com/apply/jobs/details/c4WGmOl18t,"FT Eustis, VA",FT Eustis,VA,United States,Not specified,,,,Space & Defense,2026-08-15,2026-08-15,https://asrinternationalcorp.applytojob.com/apply/jobs,known_careers_url,4,success
78ae81bbeb08,2026-08-15,f7b8731a7e71,ASR International,https://www.asrintl.com/,https://asrinternationalcorp.applytojob.com/apply/jobs,Mission Systems Engineer – Senior,https://asrinternationalcorp.applytojob.com/apply/jobs/details/TCsNE28jd7,"Ft Eustis, VA",Ft Eustis,VA,United States,Not specified,,,,Space & Defense,2026-08-15,2026-08-15,https://asrinternationalcorp.applytojob.com/apply/jobs,known_careers_url,4,success
b28cd5fe2d36,2026-08-15,f7b8731a7e71,ASR International,https://www.asrintl.com/,https://asrinternationalcorp.applytojob.com/apply/jobs,Software/Instrumentation Engineer – Senior,https://asrinternationalcorp.applytojob.com/apply/jobs/details/svW7hSQDRk,"Ft. Eustis, VA",Ft. Eustis,VA,United States,Not specified,,,,Space & Defense,2026-08-15,2026-08-15,https://asrinternationalcorp.applytojob.com/apply/jobs,known_careers_url,4,success
794e5fd2ee98,2026-08-15,f7b8731a7e71,ASR International,https://www.asrintl.com/,https://asrinternationalcorp.applytojob.com/apply/jobs,Aerospace/Mechanical Engineer – Senior,https://asrinternationalcorp.applytojob.com/apply/jobs/details/SIuDj4Vi9e,"Ft Eustis, VA",Ft Eustis,VA,United States,Not specified,,,,Space & Defense,2026-08-15,2026-08-15,https://asrinternationalcorp.applytojob.com/apply/jobs,known_careers_url,4,success
bb6af9664be0,2026-08-15,f7b8731a7e71,ASR International,https://www.asrintl.com/,https://asrinternationalcorp.applytojob.com/apply/jobs,Electrical Designer - Junior,https://asrinternationalcorp.applytojob.com/apply/jobs/details/qB5bNh92Dr,"Ft Eustis, VA",Ft Eustis,VA,United States,Not specified,,,,Space & Defense,2026-08-15,2026-08-15,https://asrinternationalcorp.applytojob.com/apply/jobs,known_careers_url,4,success
e9109639218f,2026-08-15,f7b8731a7e71,ASR International,https://www.asrintl.com/,https://asrinternationalcorp.applytojob.com/apply/jobs,Electrical Designer – Journeyman,https://asrinternationalcorp.applytojob.com/apply/jobs/details/lepUyRrPLf,"Ft Eustis, VA",Ft Eustis,VA,United States,Not specified,,,,Space & Defense,2026-08-15,2026-08-15,https://asrinternationalcorp.applytojob.com/apply/jobs,known_careers_url,4,success
f65fd95fd4c9,2026-08-15,f7b8731a7e71,ASR International,https://www.asrintl.com/,https://asrinternationalcorp.applytojob.com/apply/jobs,Electrical Designer – Senior,https://asrinternationalcorp.applytojob.com/apply/jobs/details/C7OvYF6zxZ,"Ft Eustis, VA",Ft Eustis,VA,United States,Not specified,,,,Space & Defense,2026-08-15,2026-08-15,https://asrinternationalcorp.applytojob.com/apply/jobs,known_careers_url,4,success
da2c0b099916,2026-08-15,f7b8731a7e71,ASR International,https://www.asrintl.com/,https://asrinternationalcorp.applytojob.com/apply/jobs,Electrical Engineer – Journeyman,https://asrinternationalcorp.applytojob.com/apply/jobs/details/axPdvRIt75,"Ft. Eustis, VA",Ft. Eustis,VA,United States,Not specified,,,,Space & Defense,2026-08-15,2026-08-15,https://asrinternationalcorp.applytojob.com/apply/jobs,known_careers_url,4,success
dcb7ff9815ca,2026-08-15,f7b8731a7e71,ASR International,https://www.asrintl.com/,https://asrinternationalcorp.applytojob.com/apply/jobs,Electrical Engineer – Senior,https://asrinternationalcorp.applytojob.com/apply/jobs/details/Cf3Kt3viKM,"Ft. Eustis, VA",Ft. Eustis,VA,United States,Not specified,,,,Space & Defense,2026-08-15,2026-08-15,https://asrinternationalcorp.applytojob.com/apply/jobs,known_careers_url,4,success
f591753ac2da,2026-08-15,f7b8731a7e71,ASR International,https://www.asrintl.com/,https://asrinternationalcorp.applytojob.com/apply/jobs,Mechanical Designer – Journeyman,https://asrinternationalcorp.applytojob.com/apply/jobs/details/QE5UebMfWm,"Ft. Eustis, VA",Ft. Eustis,VA,United States,Not specified,,,,Space & Defense,2026-08-15,2026-08-15,https://asrinternationalcorp.applytojob.com/apply/jobs,known_careers_url,4,success
9915d007e5a1,2026-08-15,f7b8731a7e71,ASR International,https://www.asrintl.com/,https://asrinternationalcorp.applytojob.com/apply/jobs,Mechanical Designer – Senior,https://asrinternationalcorp.applytojob.com/apply/jobs/details/VAAYzb2jz6,"Ft. Eustis, VA",Ft. Eustis,VA,United States,Not specified,,,,Space & Defense,2026-08-15,2026-08-15,https://asrinternationalcorp.applytojob.com/apply/jobs,known_careers_url,4,success
2a8047149c99,2026-08-15,f7b8731a7e71,ASR International,https://www.asrintl.com/,https://asrinternationalcorp.applytojob.com/apply/jobs,Contract Specialist,https://asrinternationalcorp.applytojob.com/apply/jobs/details/YSn0TWrPnJ,"Laughlin, TX",Laughlin,TX,United States,Not specified,,,,Space & Defense,2026-08-15,2026-08-15,https://asrinternationalcorp.applytojob.com/apply/jobs,known_careers_url,4,success
a290883f801e,2026-08-15,f7b8731a7e71,ASR International,https://www.asrintl.com/,https://asrinternationalcorp.applytojob.com/apply/jobs,Program Manager,https://asrinternationalcorp.applytojob.com/apply/jobs/details/HIXijGcJBv,"Laughlin, TX",Laughlin,TX,United States,Not specified,,,,Space & Defense,2026-08-15,2026-08-15,https://asrinternationalcorp.applytojob.com/apply/jobs,known_careers_url,4,success
1af5e2dd5580,2026-08-15,f7b8731a7e71,ASR International,https://www.asrintl.com/,https://asrinternationalcorp.applytojob.com/apply/jobs,Warehouse Associate,https://asrinternationalcorp.applytojob.com/apply/jobs/details/Sz0qmFohHe,"Minden, NV",Minden,NV,United States,Not specified,,,,Space & Defense,2026-08-15,2026-08-15,https://asrinternationalcorp.applytojob.com/apply/jobs,known_careers_url,4,success
478cb95642ea,2026-08-15,f7b8731a7e71,ASR International,https://www.asrintl.com/,https://asrinternationalcorp.applytojob.com/apply/jobs,Human Resources Specialist,https://asrinternationalcorp.applytojob.com/apply/jobs/details/pGDEb7m4z4,"Hauppauge, NY",Hauppauge,NY,United States,Not specified,,,,Space & Defense,2026-08-15,2026-08-15,https://asrinternationalcorp.applytojob.com/apply/jobs,known_careers_url,4,success
405bd4c10310,2026-08-15,f7b8731a7e71,ASR International,https://www.asrintl.com/,https://asrinternationalcorp.applytojob.com/apply/jobs,Corporate Benefits and Insurance Manager,https://asrinternationalcorp.applytojob.com/apply/jobs/details/NRNvvkf9zF,"Hauppauge, NY",Hauppauge,NY,United States,Not specified,,,,Space & Defense,2026-08-15,2026-08-15,https://asrinternationalcorp.applytojob.com/apply/jobs,known_careers_url,4,success
918dc8cfd88d,2026-08-15,f7b8731a7e71,ASR International,https://www.asrintl.com/,https://asrinternationalcorp.applytojob.com/apply/jobs,Recruiter (Government Contracting),https://asrinternationalcorp.applytojob.com/apply/jobs/details/nnRyvfnb08,"Hauppauge, NY",Hauppauge,NY,United States,Not specified,,,,Space & Defense,2026-08-15,2026-08-15,https://asrinternationalcorp.applytojob.com/apply/jobs,known_careers_url,4,success
c92c38fcccb8,2026-08-15,f7b8731a7e71,ASR International,https://www.asrintl.com/,https://asrinternationalcorp.applytojob.com/apply/jobs,"ADMINSTRATIVE ASSISTANT - ASR Corporate Office, Hauppauge, New York",https://asrinternationalcorp.applytojob.com/apply/jobs/details/oSYUcKaGm7,"Haupppauge, NY",Haupppauge,NY,United States,Not specified,,,,Space & Defense,2026-08-15,2026-08-15,https://asrinternationalcorp.applytojob.com/apply/jobs,known_careers_url,4,success
47c96cdcf8fc,2026-08-15,f7b8731a7e71,ASR International,https://www.asrintl.com/,https://asrinternationalcorp.applytojob.com/apply/jobs,AutoCAD/GIS Support Specialist,https://asrinternationalcorp.applytojob.com/apply/jobs/details/CFG1T0VA7v,"Laurel, MD",Laurel,MD,United States,Not specified,,,,Space & Defense,2026-08-15,2026-08-15,https://asrinternationalcorp.applytojob.com/apply/jobs,known_careers_url,4,success
206a806a1118,2026-08-15,f7b8731a7e71,ASR International,https://www.asrintl.com/,https://asrinternationalcorp.applytojob.com/apply/jobs,Senior Construction Manager,https://asrinternationalcorp.applytojob.com/apply/jobs/details/KdlEs127io,"Laurel, MD",Laurel,MD,United States,Not specified,,,,Space & Defense,2026-08-15,2026-08-15,https://asrinternationalcorp.applytojob.com/apply/jobs,known_careers_url,4,success
fce7ddcbed83,2026-08-15,f7b8731a7e71,ASR International,https://www.asrintl.com/,https://asrinternationalcorp.applytojob.com/apply/jobs,Senior Office Construction Engineer,https://asrinternationalcorp.applytojob.com/apply/jobs/details/5IYbkcA0yG,"Laurel, MD",Laurel,MD,United States,Not specified,,,,Space & Defense,2026-08-15,2026-08-15,https://asrinternationalcorp.applytojob.com/apply/jobs,known_careers_url,4,success
b7525800e110,2026-08-15,f7b8731a7e71,ASR International,https://www.asrintl.com/,https://asrinternationalcorp.applytojob.com/apply/jobs,Insurance Agent Support Specialist,https://asrinternationalcorp.applytojob.com/apply/jobs/details/b9f6hcZS0i,"Hauppauge, NY",Hauppauge,NY,United States,Not specified,,,,Space & Defense,2026-08-15,2026-08-15,https://asrinternationalcorp.applytojob.com/apply/jobs,known_careers_url,4,success
6796b9fa0b30,2026-08-15,f7b8731a7e71,ASR International,https://www.asrintl.com/,https://asrinternationalcorp.applytojob.com/apply/jobs,Budget Analyst,https://asrinternationalcorp.applytojob.com/apply/jobs/details/RLzUqaJIUe,"Hauppauge, NY",Hauppauge,NY,United States,Not specified,,,,Space & Defense,2026-08-15,2026-08-15,https://asrinternationalcorp.applytojob.com/apply/jobs,known_careers_url,4,success
b3dd33f23140,2026-08-15,f7b8731a7e71,ASR International,https://www.asrintl.com/,https://asrinternationalcorp.applytojob.com/apply/jobs,Warehouse Operations Support,https://asrinternationalcorp.applytojob.com/apply/jobs/details/r9UREC7YrW,"Port Hueneme, CA",Port Hueneme,CA,United States,Not specified,,,,Space & Defense,2026-08-15,2026-08-15,https://asrinternationalcorp.applytojob.com/apply/jobs,known_careers_url,4,success
a6b87e15bfc2,2026-08-15,f7b8731a7e71,ASR International,https://www.asrintl.com/,https://asrinternationalcorp.applytojob.com/apply/jobs,Engineering Technical/Proposal Writer - Entry Level,https://asrinternationalcorp.applytojob.com/apply/jobs/details/XBSGZgZv0y,"Hauppauge, NY",Hauppauge,NY,United States,Not specified,,,,Space & Defense,2026-08-15,2026-08-15,https://asrinternationalcorp.applytojob.com/apply/jobs,known_careers_url,4,success
93d4c14397c7,2026-08-15,f7b8731a7e71,ASR International,https://www.asrintl.com/,https://asrinternationalcorp.applytojob.com/apply/jobs,Payroll Associate,https://asrinternationalcorp.applytojob.com/apply/jobs/details/RlQ0knqVZm,"Hauppauge, NY",Hauppauge,NY,United States,Not specified,,,,Space & Defense,2026-08-15,2026-08-15,https://asrinternationalcorp.applytojob.com/apply/jobs,known_careers_url,4,success
35405d1364a6,2026-08-15,f7b8731a7e71,ASR International,https://www.asrintl.com/,https://asrinternationalcorp.applytojob.com/apply/jobs,Jr. Contract Analyst/Admin,https://asrinternationalcorp.applytojob.com/apply/jobs/details/xgnxrAysaC,"Hauppauge, NY",Hauppauge,NY,United States,Not specified,,,,Space & Defense,2026-08-15,2026-08-15,https://asrinternationalcorp.applytojob.com/apply/jobs,known_careers_url,4,success
c5a1b86385bc,2026-08-15,f7b8731a7e71,ASR International,https://www.asrintl.com/,https://asrinternationalcorp.applytojob.com/apply/jobs,Construction Management Support/Field Engineer,https://asrinternationalcorp.applytojob.com/apply/jobs/details/GnwewXo9mw,"Bremerton, WA",Bremerton,WA,United States,Not specified,,,,Space & Defense,2026-08-15,2026-08-15,https://asrinternationalcorp.applytojob.com/apply/jobs,known_careers_url,4,success
061c23000c12,2026-08-15,f7b8731a7e71,ASR International,https://www.asrintl.com/,https://asrinternationalcorp.applytojob.com/apply/jobs,Project Field Engineer,https://asrinternationalcorp.applytojob.com/apply/jobs/details/ykZ3eXeJqr,"Bremerton, WA",Bremerton,WA,United States,Not specified,,,,Space & Defense,2026-08-15,2026-08-15,https://asrinternationalcorp.applytojob.com/apply/jobs,known_careers_url,4,success
e0ea4168ace7,2026-08-15,f7b8731a7e71,ASR International,https://www.asrintl.com/,https://asrinternationalcorp.applytojob.com/apply/jobs,Construction Inspector/Engineering Technician,https://asrinternationalcorp.applytojob.com/apply/jobs/details/ZszfKDngfY,"Pensacola, FL",Pensacola,FL,United States,Not specified,,,,Space & Defense,2026-08-15,2026-08-15,https://asrinternationalcorp.applytojob.com/apply/jobs,known_careers_url,4,success
0fd58b762edd,2026-08-15,f7b8731a7e71,ASR International,https://www.asrintl.com/,https://asrinternationalcorp.applytojob.com/apply/jobs,Construction Management / Surveillance Engineer (CSE),https://asrinternationalcorp.applytojob.com/apply/jobs/details/ufpzVPyALE,"Pensacola, FL",Pensacola,FL,United States,Not specified,,,,Space & Defense,2026-08-15,2026-08-15,https://asrinternationalcorp.applytojob.com/apply/jobs,known_careers_url,4,success
e9ed9835b461,2026-08-15,f7b8731a7e71,ASR International,https://www.asrintl.com/,https://asrinternationalcorp.applytojob.com/apply/jobs,Pricing/Cost Analyst - Labor (ENTRY Level),https://asrinternationalcorp.applytojob.com/apply/jobs/details/zR8MbQsjSp,"Hauppauge, NY",Hauppauge,NY,United States,Not specified,,,,Space & Defense,2026-08-15,2026-08-15,https://asrinternationalcorp.applytojob.com/apply/jobs,known_careers_url,4,success
3e7fbdb46ed9,2026-08-15,b00ce903c871,Boeing,https://www.boeing.com/resources/boeingdotcom/government-operations/state_cards/Card_NY.pdf,https://jobs.boeing.com/,Manufacturing Engineers ( Mid or Senior Level),https://jobs.boeing.com/job/jacksonville/manufacturing-engineers-mid-or-senior-level/185/97760018208,"Jacksonville, Florida, United States",Jacksonville,FL,United States,Not specified,,,,Aerospace,2026-08-15,2026-08-15,https://jobs.boeing.com/,known_careers_url,4,success
706a14d44a01,2026-08-15,b00ce903c871,Boeing,https://www.boeing.com/resources/boeingdotcom/government-operations/state_cards/Card_NY.pdf,https://jobs.boeing.com/,International Business Development Specialist – Middle East and North Africa - Remote,https://jobs.boeing.com/job/washington-d-c/international-business-development-specialist-middle-east-and-north-africa-remote/185/99234819488,"Bohemia, NY, United States",Bohemia,NY,United States,Remote,,,,Aerospace,2026-08-15,2026-08-15,https://jobs.boeing.com/,known_careers_url,4,success
d22d1b2a8fdf,2026-08-15,b00ce903c871,Boeing,https://www.boeing.com/resources/boeingdotcom/government-operations/state_cards/Card_NY.pdf,https://jobs.boeing.com/,Trade Compliance Specialist 4 - Remote,https://jobs.boeing.com/job/bingen/trade-compliance-specialist-4-remote/185/99234809648,"Bingen, Washington, United States",Bingen,WA,United States,Remote,,,,Aerospace,2026-08-15,2026-08-15,https://jobs.boeing.com/,known_careers_url,4,success
98561752966f,2026-08-15,b00ce903c871,Boeing,https://www.boeing.com/resources/boeingdotcom/government-operations/state_cards/Card_NY.pdf,https://jobs.boeing.com/manufacturing-careers,Mid-Level Project Management Safety Specialist,https://jobs.boeing.com/job/wichita/mid-level-project-management-safety-specialist/185/94489783216,"Wichita, Kansas, United States",Wichita,KS,United States,Not specified,,,,Aerospace,2026-08-15,2026-08-15,https://jobs.boeing.com/manufacturing-careers,linked_page,4,success_after_fallback
993becf3766b,2026-08-15,b00ce903c871,Boeing,https://www.boeing.com/resources/boeingdotcom/government-operations/state_cards/Card_NY.pdf,https://jobs.boeing.com/manufacturing-careers,Senior Production Control Analyst,https://jobs.boeing.com/job/wichita/senior-production-control-analyst/185/97440744832,"Wichita, Kansas, United States",Wichita,KS,United States,Not specified,,,,Aerospace,2026-08-15,2026-08-15,https://jobs.boeing.com/manufacturing-careers,linked_page,4,success_after_fallback
4dacf6cfdc2a,2026-08-15,b00ce903c871,Boeing,https://www.boeing.com/resources/boeingdotcom/government-operations/state_cards/Card_NY.pdf,https://jobs.boeing.com/cybersecurity-careers,Cyber Security Specialist,https://jobs.boeing.com/job/brisbane/cyber-security-specialist/185/97168971856,"Brisbane, Australia",Brisbane,,Australia,Not specified,,,,Aerospace,2026-08-15,2026-08-15,https://jobs.boeing.com/cybersecurity-careers,linked_page,4,success_after_fallback
045d0b4931d2,2026-08-15,b00ce903c871,Boeing,https://www.boeing.com/resources/boeingdotcom/government-operations/state_cards/Card_NY.pdf,https://jobs.boeing.com/cybersecurity-careers,Corporate Cybersecurity Analyst – Millennium Space Systems,https://jobs.boeing.com/job/el-segundo/corporate-cybersecurity-analyst-millennium-space-systems/185/98901410640,"El Segundo, California, United States; and other locations",El Segundo,CA,United States,Not specified,,,,Aerospace,2026-08-15,2026-08-15,https://jobs.boeing.com/cybersecurity-careers,linked_page,4,success_after_fallback
87521ac97af2,2026-08-15,b00ce903c871,Boeing,https://www.boeing.com/resources/boeingdotcom/government-operations/state_cards/Card_NY.pdf,https://jobs.boeing.com/cybersecurity-careers,Cyber Security Specialist,https://jobs.boeing.com/job/brisbane/cyber-security-specialist/185/97175652448,"Brisbane, Australia",Brisbane,,Australia,Not specified,,,,Aerospace,2026-08-15,2026-08-15,https://jobs.boeing.com/cybersecurity-careers,linked_page,4,success_after_fallback
bf96588f28d9,2026-08-15,b00ce903c871,Boeing,https://www.boeing.com/resources/boeingdotcom/government-operations/state_cards/Card_NY.pdf,https://jobs.boeing.com/data-science-and-analytics-careers,Boeing Summer 2027 Internship Program (Paid) – Data Analytics Intern,https://jobs.boeing.com/job/everett/boeing-summer-2027-internship-program-paid-data-analytics-intern/185/98720782192,"Everett, Washington, United States; and other locations",Everett,WA,United States,Not specified,,,,Aerospace,2026-08-15,2026-08-15,https://jobs.boeing.com/data-science-and-analytics-careers,linked_page,4,success_after_fallback
c5df83586922,2026-08-15,b00ce903c871,Boeing,https://www.boeing.com/resources/boeingdotcom/government-operations/state_cards/Card_NY.pdf,https://jobs.boeing.com/data-science-and-analytics-careers,Boeing Summer 2027 Internship Program (Paid) – Information Digital Technology & Security (IDT&S),https://jobs.boeing.com/job/everett/boeing-summer-2027-internship-program-paid-information-digital-technology-and-security-idt-and-s/185/98720781984,"Everett, Washington, United States; and other locations",Everett,WA,United States,Not specified,,,,Aerospace,2026-08-15,2026-08-15,https://jobs.boeing.com/data-science-and-analytics-careers,linked_page,4,success_after_fallback
20e65b058e9e,2026-08-15,b00ce903c871,Boeing,https://www.boeing.com/resources/boeingdotcom/government-operations/state_cards/Card_NY.pdf,https://jobs.boeing.com/data-science-and-analytics-careers,Boeing Summer 2027 Internship Program (Paid) - Business Operations,https://jobs.boeing.com/job/everett/boeing-summer-2027-internship-program-paid-business-operations/185/98720778416,"Everett, Washington, United States; and other locations",Everett,WA,United States,Not specified,,,,Aerospace,2026-08-15,2026-08-15,https://jobs.boeing.com/data-science-and-analytics-careers,linked_page,4,success_after_fallback
28a878d0f9c3,2026-08-15,b00ce903c871,Boeing,https://www.boeing.com/resources/boeingdotcom/government-operations/state_cards/Card_NY.pdf,https://jobs.boeing.com/data-science-and-analytics-careers,Data Platform Architect – Millennium Space Systems,https://jobs.boeing.com/job/el-segundo/data-platform-architect-millennium-space-systems/185/98814272288,"El Segundo, California, United States; and other locations",El Segundo,CA,United States,Not specified,,,,Aerospace,2026-08-15,2026-08-15,https://jobs.boeing.com/data-science-and-analytics-careers,linked_page,4,success_after_fallback
ee081c5d0c56,2026-08-15,b00ce903c871,Boeing,https://www.boeing.com/resources/boeingdotcom/government-operations/state_cards/Card_NY.pdf,https://jobs.boeing.com/information-technology-careers,Linux System Administrator,https://jobs.boeing.com/job/bristol/linux-system-administrator/185/99211916256,"Bristol, United Kingdom; and other locations",Bristol,,United Kingdom,Not specified,,,,Aerospace,2026-08-15,2026-08-15,https://jobs.boeing.com/information-technology-careers,linked_page,4,success_after_fallback
cfc3a59e8a79,2026-08-15,b00ce903c871,Boeing,https://www.boeing.com/resources/boeingdotcom/government-operations/state_cards/Card_NY.pdf,https://jobs.boeing.com/information-technology-careers,Associate DevOps Developer,https://jobs.boeing.com/job/seal-beach/associate-devops-developer/185/93457590464,"Seal Beach, California, United States",Seal Beach,CA,United States,Not specified,,,,Aerospace,2026-08-15,2026-08-15,https://jobs.boeing.com/information-technology-careers,linked_page,4,success_after_fallback
78f8249f1111,2026-08-15,b00ce903c871,Boeing,https://www.boeing.com/resources/boeingdotcom/government-operations/state_cards/Card_NY.pdf,https://jobs.boeing.com/information-technology-careers,IT Systems Administrator - Millennium Space Systems,https://jobs.boeing.com/job/el-segundo/it-systems-administrator-millennium-space-systems/185/96973127232,"El Segundo, California, United States; and other locations",El Segundo,CA,United States,Not specified,,,,Aerospace,2026-08-15,2026-08-15,https://jobs.boeing.com/information-technology-careers,linked_page,4,success_after_fallback
94a0d444e4c3,2026-08-15,b00ce903c871,Boeing,https://www.boeing.com/resources/boeingdotcom/government-operations/state_cards/Card_NY.pdf,https://jobs.boeing.com/information-technology-careers,IT Systems Engineer - Millennium Space Systems,https://jobs.boeing.com/job/el-segundo/it-systems-engineer-millennium-space-systems/185/95400981504,"El Segundo, California, United States; and other locations",El Segundo,CA,United States,Not specified,,,,Aerospace,2026-08-15,2026-08-15,https://jobs.boeing.com/information-technology-careers,linked_page,4,success_after_fallback
e7e3e5a8443f,2026-08-15,b00ce903c871,Boeing,https://www.boeing.com/resources/boeingdotcom/government-operations/state_cards/Card_NY.pdf,https://jobs.boeing.com/flight-engineering-careers,Propulsion Engineer (Associate or Experienced),https://jobs.boeing.com/job/hazelwood/propulsion-engineer-associate-or-experienced/185/99232056368,"Hazelwood, Missouri, United States",Hazelwood,MO,United States,Not specified,,,,Aerospace,2026-08-15,2026-08-15,https://jobs.boeing.com/flight-engineering-careers,linked_page,4,success_after_fallback
1e9a6103db4e,2026-08-15,b00ce903c871,Boeing,https://www.boeing.com/resources/boeingdotcom/government-operations/state_cards/Card_NY.pdf,https://jobs.boeing.com/flight-engineering-careers,Experienced Design Engineer - Mechanical Flight Controls,https://jobs.boeing.com/job/seal-beach/experienced-design-engineer-mechanical-flight-controls/185/96185881088,"Seal Beach, California, United States",Seal Beach,CA,United States,Not specified,,,,Aerospace,2026-08-15,2026-08-15,https://jobs.boeing.com/flight-engineering-careers,linked_page,4,success_after_fallback
f1a461ea7415,2026-08-15,b00ce903c871,Boeing,https://www.boeing.com/resources/boeingdotcom/government-operations/state_cards/Card_NY.pdf,https://jobs.boeing.com/flight-engineering-careers,Associate Guidance Navigation and Control (GNC) Engineer,https://jobs.boeing.com/job/berkeley/associate-guidance-navigation-and-control-gnc-engineer/185/95052836112,"Berkeley, Missouri, United States",Berkeley,MO,United States,Not specified,,,,Aerospace,2026-08-15,2026-08-15,https://jobs.boeing.com/flight-engineering-careers,linked_page,4,success_after_fallback
8ccadf1b5383,2026-08-15,b00ce903c871,Boeing,https://www.boeing.com/resources/boeingdotcom/government-operations/state_cards/Card_NY.pdf,https://jobs.boeing.com/flight-engineering-careers,Senior Design Engineer - Mechanical Flight Controls,https://jobs.boeing.com/job/seal-beach/senior-design-engineer-mechanical-flight-controls/185/93737591760,"Seal Beach, California, United States",Seal Beach,CA,United States,Not specified,,,,Aerospace,2026-08-15,2026-08-15,https://jobs.boeing.com/flight-engineering-careers,linked_page,4,success_after_fallback
c2156af7a9f4,2026-08-15,b00ce903c871,Boeing,https://www.boeing.com/resources/boeingdotcom/government-operations/state_cards/Card_NY.pdf,https://jobs.boeing.com/industrial-engineering-careers,Industrial Engineer (Associate or Mid-Level),https://jobs.boeing.com/job/wichita/industrial-engineer-associate-or-mid-level/185/94027258800,"Wichita, Kansas, United States",Wichita,KS,United States,Not specified,,,,Aerospace,2026-08-15,2026-08-15,https://jobs.boeing.com/industrial-engineering-careers,linked_page,4,success_after_fallback
08cd4b9badfa,2026-08-15,2cdfe8725858,Bren-Tronics,https://www.bren-tronics.com/,https://jobs.enersys.com/search?q=&q2=&alertId=&locationsearch=&title=&date=&location=commack,Test Technician III,https://jobs.enersys.com/job/Commack-Test-Technician-III-NY-11725/1394556633,"Commack, NY, United States",Commack,NY,United States,Not specified,,,,Aerospace,2026-08-15,2026-08-15,https://jobs.enersys.com/search?q=&q2=&alertId=&locationsearch=&title=&date=&location=commack,known_careers_url,4,success
1e3224182459,2026-08-15,2cdfe8725858,Bren-Tronics,https://www.bren-tronics.com/,https://jobs.enersys.com/search?q=&q2=&alertId=&locationsearch=&title=&date=&location=commack,Helpdesk Technician,https://jobs.enersys.com/job/Commack-Helpdesk-Technician-NY-11725/1414827333,"Commack, NY, United States",Commack,NY,United States,Not specified,,,,Aerospace,2026-08-15,2026-08-15,https://jobs.enersys.com/search?q=&q2=&alertId=&locationsearch=&title=&date=&location=commack,known_careers_url,4,success
e55e06af8ac9,2026-08-15,2cdfe8725858,Bren-Tronics,https://www.bren-tronics.com/,https://jobs.enersys.com/search?q=&q2=&alertId=&locationsearch=&title=&date=&location=commack,Mechanical Engineer,https://jobs.enersys.com/job/Commack-Mechanical-Engineer-NY-11725/1393814433,"Commack, NY, United States",Commack,NY,United States,Not specified,,,,Aerospace,2026-08-15,2026-08-15,https://jobs.enersys.com/search?q=&q2=&alertId=&locationsearch=&title=&date=&location=commack,known_careers_url,4,success
e4da1064ea63,2026-08-15,2cdfe8725858,Bren-Tronics,https://www.bren-tronics.com/,https://jobs.enersys.com/search?q=&q2=&alertId=&locationsearch=&title=&date=&location=commack,Electrical Engineer,https://jobs.enersys.com/job/Commack-Electrical-Engineer-NY-11725/1393518033,"Commack, NY, United States",Commack,NY,United States,Not specified,,,,Aerospace,2026-08-15,2026-08-15,https://jobs.enersys.com/search?q=&q2=&alertId=&locationsearch=&title=&date=&location=commack,known_careers_url,4,success
3121343f583c,2026-08-15,2cdfe8725858,Bren-Tronics,https://www.bren-tronics.com/,https://jobs.enersys.com/search?q=&q2=&alertId=&locationsearch=&title=&date=&location=commack,Lead Electrical Engineer I,https://jobs.enersys.com/job/Commack-Lead-Electrical-Engineer-I-NY-11725/1422342233,"Commack, NY, United States",Commack,NY,United States,Not specified,,,,Aerospace,2026-08-15,2026-08-15,https://jobs.enersys.com/search?q=&q2=&alertId=&locationsearch=&title=&date=&location=commack,known_careers_url,4,success
7fd68aab3611,2026-08-15,2cdfe8725858,Bren-Tronics,https://www.bren-tronics.com/,https://jobs.enersys.com/search?q=&q2=&alertId=&locationsearch=&title=&date=&location=commack,Senior Manufacturing Engineer,https://jobs.enersys.com/job/Commack-Senior-Manufacturing-Engineer-NY-11725/1410435333,"Commack, NY, United States",Commack,NY,United States,Not specified,,,,Aerospace,2026-08-15,2026-08-15,https://jobs.enersys.com/search?q=&q2=&alertId=&locationsearch=&title=&date=&location=commack,known_careers_url,4,success
6bbc9453e327,2026-08-15,2cdfe8725858,Bren-Tronics,https://www.bren-tronics.com/,https://jobs.enersys.com/search?q=&q2=&alertId=&locationsearch=&title=&date=&location=commack,Manufacturing Engineer,https://jobs.enersys.com/job/Commack-Manufacturing-Engineer-NY-11725/1380552333,"Commack, NY, United States",Commack,NY,United States,Not specified,,,,Aerospace,2026-08-15,2026-08-15,https://jobs.enersys.com/search?q=&q2=&alertId=&locationsearch=&title=&date=&location=commack,known_careers_url,4,success
befe9653a0f7,2026-08-15,2cdfe8725858,Bren-Tronics,https://www.bren-tronics.com/,https://jobs.enersys.com/search?q=&q2=&alertId=&locationsearch=&title=&date=&location=commack,Production Manager,https://jobs.enersys.com/job/Commack-Production-Manager-NY-11725/1368745033,"Commack, NY, United States",Commack,NY,United States,Not specified,,,,Aerospace,2026-08-15,2026-08-15,https://jobs.enersys.com/search?q=&q2=&alertId=&locationsearch=&title=&date=&location=commack,known_careers_url,4,success
869b65d5f22a,2026-08-15,2cdfe8725858,Bren-Tronics,https://www.bren-tronics.com/,https://jobs.enersys.com/search?q=&q2=&alertId=&locationsearch=&title=&date=&location=commack,Senior Mechanical Engineer,https://jobs.enersys.com/job/Commack-Senior-Mechanical-Engineer-NY-11725/1279712201,"Commack, NY, United States",Commack,NY,United States,Not specified,,,,Aerospace,2026-08-15,2026-08-15,https://jobs.enersys.com/search?q=&q2=&alertId=&locationsearch=&title=&date=&location=commack,known_careers_url,4,success
5480da740e51,2026-08-15,2cdfe8725858,Bren-Tronics,https://www.bren-tronics.com/,https://jobs.enersys.com/search?q=&q2=&alertId=&locationsearch=&title=&date=&location=commack,Senior Electrical Engineer,https://jobs.enersys.com/job/Commack-Senior-Electrical-Engineer-NY-11725/1279809301,"Commack, NY, United States",Commack,NY,United States,Not specified,,,,Aerospace,2026-08-15,2026-08-15,https://jobs.enersys.com/search?q=&q2=&alertId=&locationsearch=&title=&date=&location=commack,known_careers_url,4,success
968f00799f05,2026-08-15,2cdfe8725858,Bren-Tronics,https://www.bren-tronics.com/,https://jobs.enersys.com/search?q=&q2=&alertId=&locationsearch=&title=&date=&location=commack,Planning Specialist,https://jobs.enersys.com/job/Commack-Planning-Specialist-NY-11725/1396086333,"Commack, NY, United States",Commack,NY,United States,Not specified,,,,Aerospace,2026-08-15,2026-08-15,https://jobs.enersys.com/search?q=&q2=&alertId=&locationsearch=&title=&date=&location=commack,known_careers_url,4,success
80340e095452,2026-08-15,2cdfe8725858,Bren-Tronics,https://www.bren-tronics.com/,https://jobs.enersys.com/search?createNewAlert=false&q=&locationsearch=&optionsFacetsDD_department=,"Plant 1 Team Lead, EOL/Formation, Nights, 6pm-6am",https://jobs.enersys.com/job/Springfield-Plant-1-Team-Lead%2C-EOLFormation%2C-Nights%2C-6pm-6am-MO-65803/1395725233,"Commack, NY, United States",Commack,NY,United States,Not specified,,,,Aerospace,2026-08-15,2026-08-15,https://jobs.enersys.com/search?createNewAlert=false&q=&locationsearch=&optionsFacetsDD_department=,linked_page,4,success_after_fallback
617f18ab64e0,2026-08-15,2cdfe8725858,Bren-Tronics,https://www.bren-tronics.com/,https://jobs.enersys.com/search?createNewAlert=false&q=&locationsearch=&optionsFacetsDD_department=,"Plant 1, Production Operator I, Assembly, 3rd Shift, 10:50p-7:20a, S-TH",https://jobs.enersys.com/job/Springfield-Plant-1%2C-Production-Operator-I%2C-Assembly%2C-3rd-Shift%2C-1050p-720a%2C-S-TH-MO-65803/1395749733,"Commack, NY, United States",Commack,NY,United States,Not specified,,,,Aerospace,2026-08-15,2026-08-15,https://jobs.enersys.com/search?createNewAlert=false&q=&locationsearch=&optionsFacetsDD_department=,linked_page,4,success_after_fallback
b1b1f7c826e5,2026-08-15,2cdfe8725858,Bren-Tronics,https://www.bren-tronics.com/,https://jobs.enersys.com/search?createNewAlert=false&q=&locationsearch=&optionsFacetsDD_department=,Manufacturing Engineer,https://jobs.enersys.com/job/Horsham-Manufacturing-Engineer-PA-19044/1406172933,"Commack, NY, United States",Commack,NY,United States,Not specified,,,,Aerospace,2026-08-15,2026-08-15,https://jobs.enersys.com/search?createNewAlert=false&q=&locationsearch=&optionsFacetsDD_department=,linked_page,4,success_after_fallback
12475a166fd5,2026-08-15,2cdfe8725858,Bren-Tronics,https://www.bren-tronics.com/,https://jobs.enersys.com/search?createNewAlert=false&q=&locationsearch=&optionsFacetsDD_department=,Jr Quality Technician,https://jobs.enersys.com/job/Horsham-Jr-Quality-Technician-PA-19044/1402510833,"Commack, NY, United States",Commack,NY,United States,Not specified,,,,Aerospace,2026-08-15,2026-08-15,https://jobs.enersys.com/search?createNewAlert=false&q=&locationsearch=&optionsFacetsDD_department=,linked_page,4,success_after_fallback
47f4b3c14ee7,2026-08-15,2cdfe8725858,Bren-Tronics,https://www.bren-tronics.com/,https://jobs.enersys.com/search?createNewAlert=false&q=&locationsearch=&optionsFacetsDD_department=,Mechanical Engineer,https://jobs.enersys.com/job/Warrensburg-Mechanical-Engineer-MO-64093-9301/1406216533,"Commack, NY, United States",Commack,NY,United States,Not specified,,,,Aerospace,2026-08-15,2026-08-15,https://jobs.enersys.com/search?createNewAlert=false&q=&locationsearch=&optionsFacetsDD_department=,linked_page,4,success_after_fallback
b46bea3bf63a,2026-08-15,2cdfe8725858,Bren-Tronics,https://www.bren-tronics.com/,https://jobs.enersys.com/search?createNewAlert=false&q=&locationsearch=&optionsFacetsDD_department=,"Plant 1 Pasting Machine Operator, 3rd Shift, Sun-Thur, 9:45pm-6:20am",https://jobs.enersys.com/job/Springfield-Plant-1-Pasting-Machine-Operator%2C-3rd-Shift%2C-Sun-Thur%2C-945pm-620am-MO-65803/1416440733,"Commack, NY, United States",Commack,NY,United States,Not specified,,,,Aerospace,2026-08-15,2026-08-15,https://jobs.enersys.com/search?createNewAlert=false&q=&locationsearch=&optionsFacetsDD_department=,linked_page,4,success_after_fallback
2756c9bc9f3d,2026-08-15,2cdfe8725858,Bren-Tronics,https://www.bren-tronics.com/,https://jobs.enersys.com/search?createNewAlert=false&q=&locationsearch=&optionsFacetsDD_department=,Senior Technical Service Specialist,https://jobs.enersys.com/job/Anytown-Senior-Technical-Service-Specialist-MO-64120/1416416233,"Commack, NY, United States",Commack,NY,United States,Not specified,,,,Aerospace,2026-08-15,2026-08-15,https://jobs.enersys.com/search?createNewAlert=false&q=&locationsearch=&optionsFacetsDD_department=,linked_page,4,success_after_fallback
8bd8cd690ac8,2026-08-15,2cdfe8725858,Bren-Tronics,https://www.bren-tronics.com/,https://jobs.enersys.com/search?createNewAlert=false&q=&locationsearch=&optionsFacetsDD_department=,Design Engineer,https://jobs.enersys.com/job/Pinellas-Park-Design-Engineer-FL-33781/1415849833,"Commack, NY, United States",Commack,NY,United States,Not specified,,,,Aerospace,2026-08-15,2026-08-15,https://jobs.enersys.com/search?createNewAlert=false&q=&locationsearch=&optionsFacetsDD_department=,linked_page,4,success_after_fallback
2f892e6f7e60,2026-08-15,2cdfe8725858,Bren-Tronics,https://www.bren-tronics.com/,https://jobs.enersys.com/search?createNewAlert=false&q=&locationsearch=&optionsFacetsDD_department=,Power Electronics Engineer,https://jobs.enersys.com/job/Arras-Cedex-Power-Electronics-Engineer-62033/1385580333,"Commack, NY, United States",Commack,NY,United States,Not specified,,,,Aerospace,2026-08-15,2026-08-15,https://jobs.enersys.com/search?createNewAlert=false&q=&locationsearch=&optionsFacetsDD_department=,linked_page,4,success_after_fallback
b701d97416b0,2026-08-15,2cdfe8725858,Bren-Tronics,https://www.bren-tronics.com/,https://jobs.enersys.com/search?createNewAlert=false&q=&locationsearch=&optionsFacetsDD_department=,Production Lead,https://jobs.enersys.com/job/Suwanee-Production-Lead-GA-30024/1426682533,"Commack, NY, United States",Commack,NY,United States,Not specified,,,,Aerospace,2026-08-15,2026-08-15,https://jobs.enersys.com/search?createNewAlert=false&q=&locationsearch=&optionsFacetsDD_department=,linked_page,4,success_after_fallback
eaf6513d91cb,2026-08-15,2cdfe8725858,Bren-Tronics,https://www.bren-tronics.com/,https://jobs.enersys.com/search?createNewAlert=false&q=&locationsearch=&optionsFacetsDD_department=,Payroll Systems Analyst,https://jobs.enersys.com/job/Reading-Payroll-Systems-Analyst-PA-19605/1426749133,"Commack, NY, United States",Commack,NY,United States,Not specified,,,,Aerospace,2026-08-15,2026-08-15,https://jobs.enersys.com/search?createNewAlert=false&q=&locationsearch=&optionsFacetsDD_department=,linked_page,4,success_after_fallback
77dc213a1626,2026-08-15,2cdfe8725858,Bren-Tronics,https://www.bren-tronics.com/,https://jobs.enersys.com/search?createNewAlert=false&q=&locationsearch=&optionsFacetsDD_department=,Production Manager,https://jobs.enersys.com/job/Warrensburg-Production-Manager-MO-64093-9301/1415463133,"Commack, NY, United States",Commack,NY,United States,Not specified,,,,Aerospace,2026-08-15,2026-08-15,https://jobs.enersys.com/search?createNewAlert=false&q=&locationsearch=&optionsFacetsDD_department=,linked_page,4,success_after_fallback
6bd32f18f89c,2026-08-15,2cdfe8725858,Bren-Tronics,https://www.bren-tronics.com/,https://jobs.enersys.com/search?createNewAlert=false&q=&locationsearch=&optionsFacetsDD_department=,Strategic Sourcing Manager Indirect CapEx,https://jobs.enersys.com/job/Reading-Strategic-Sourcing-Manager-Indirect-CapEx-PA-19605/1394535633,"Commack, NY, United States",Commack,NY,United States,Not specified,,,,Aerospace,2026-08-15,2026-08-15,https://jobs.enersys.com/search?createNewAlert=false&q=&locationsearch=&optionsFacetsDD_department=,linked_page,4,success_after_fallback
bbc17e4c38a1,2026-08-15,2cdfe8725858,Bren-Tronics,https://www.bren-tronics.com/,https://jobs.enersys.com/search?createNewAlert=false&q=&locationsearch=&optionsFacetsDD_department=,Field Service Technician III,https://jobs.enersys.com/job/Anytown-Field-Service-Technician-III-AB-T1X-0L3/1405289433,"Commack, NY, United States",Commack,NY,United States,Not specified,,,,Aerospace,2026-08-15,2026-08-15,https://jobs.enersys.com/search?createNewAlert=false&q=&locationsearch=&optionsFacetsDD_department=,linked_page,4,success_after_fallback
7d8fe117b86d,2026-08-15,2cdfe8725858,Bren-Tronics,https://www.bren-tronics.com/,https://jobs.enersys.com/search?createNewAlert=false&q=&locationsearch=&optionsFacetsDD_department=,Field Service Technician II,https://jobs.enersys.com/job/Anytown-Field-Service-Technician-II-AB-T1X-0L3/1405289533,"Commack, NY, United States",Commack,NY,United States,Not specified,,,,Aerospace,2026-08-15,2026-08-15,https://jobs.enersys.com/search?createNewAlert=false&q=&locationsearch=&optionsFacetsDD_department=,linked_page,4,success_after_fallback
0ce4e22f2fb7,2026-08-15,2cdfe8725858,Bren-Tronics,https://www.bren-tronics.com/,https://jobs.enersys.com/search?createNewAlert=false&q=&locationsearch=&optionsFacetsDD_department=,Environmental Health and Safety Technician,https://jobs.enersys.com/job/Hays-Environmental-Health-and-Safety-Technician-KS-67601/1405241933,"Commack, NY, United States",Commack,NY,United States,Not specified,,,,Aerospace,2026-08-15,2026-08-15,https://jobs.enersys.com/search?createNewAlert=false&q=&locationsearch=&optionsFacetsDD_department=,linked_page,4,success_after_fallback
2072ba115990,2026-08-15,2cdfe8725858,Bren-Tronics,https://www.bren-tronics.com/,https://jobs.enersys.com/search?createNewAlert=false&q=&locationsearch=&optionsFacetsDD_department=,Administrative Assistant II,https://jobs.enersys.com/job/Burnaby-Administrative-Assistant-II-Brit-V5J-5M4/1426326233,"Commack, NY, United States",Commack,NY,United States,Not specified,,,,Aerospace,2026-08-15,2026-08-15,https://jobs.enersys.com/search?createNewAlert=false&q=&locationsearch=&optionsFacetsDD_department=,linked_page,4,success_after_fallback
ca1761cda5f6,2026-08-15,2cdfe8725858,Bren-Tronics,https://www.bren-tronics.com/,https://jobs.enersys.com/search?createNewAlert=false&q=&locationsearch=&optionsFacetsDD_department=,Business Financial Analyst,https://jobs.enersys.com/job/Reading-Business-Financial-Analyst-PA-19605/1426244433,"Commack, NY, United States",Commack,NY,United States,Not specified,,,,Aerospace,2026-08-15,2026-08-15,https://jobs.enersys.com/search?createNewAlert=false&q=&locationsearch=&optionsFacetsDD_department=,linked_page,4,success_after_fallback
f7f00adc7c67,2026-08-15,2cdfe8725858,Bren-Tronics,https://www.bren-tronics.com/,https://jobs.enersys.com/search?createNewAlert=false&q=&locationsearch=&optionsFacetsDD_department=,Production Coordinator,https://jobs.enersys.com/job/Springfield-Production-Coordinator-MO-65802/1426251333,"Commack, NY, United States",Commack,NY,United States,Not specified,,,,Aerospace,2026-08-15,2026-08-15,https://jobs.enersys.com/search?createNewAlert=false&q=&locationsearch=&optionsFacetsDD_department=,linked_page,4,success_after_fallback
eec4855a6cdd,2026-08-15,d3ecafe64223,Calspan Air Services,https://www.calspanairservices.com/,https://careers2-calspan.icims.com/jobs/2623/customer-service-agent/job,Customer Service Agent,https://careers2-calspan.icims.com/jobs/2623/customer-service-agent/job,"Niagara Falls, NY, US",Niagara Falls,NY,United States,Not specified,,,Operations,Aerospace,2026-08-15,2026-08-15,https://careers2-calspan.icims.com/jobs/2623/customer-service-agent/job,ats_detected,4,success_after_fallback
5035ff818551,2026-08-15,234e92c8de3f,Calspan Business Park,https://calspan.com/,https://careers-calspan.icims.com/jobs/search,Job Title Systems Administrator,https://careers-calspan.icims.com/jobs/2543/systems-administrator%c2%a0/job,"Buffalo, NY, United States",Buffalo,NY,United States,Not specified,,,,Aerospace,2026-08-15,2026-08-15,https://careers-calspan.icims.com/jobs/search,known_careers_url,5,success
133abdb9a697,2026-08-15,234e92c8de3f,Calspan Business Park,https://calspan.com/,https://careers-calspan.icims.com/jobs/search,Job Title Senior Project Manager,https://careers-calspan.icims.com/jobs/2635/senior-project-manager/job,"Buffalo, NY, United States",Buffalo,NY,United States,Not specified,,,,Aerospace,2026-08-15,2026-08-15,https://careers-calspan.icims.com/jobs/search,known_careers_url,5,success
9661bf1f5929,2026-08-15,234e92c8de3f,Calspan Business Park,https://calspan.com/,https://careers-calspan.icims.com/jobs/search,Job Title Test Technician - TIRE,https://careers-calspan.icims.com/jobs/2604/test-technician---tire/job,"Buffalo, NY, United States",Buffalo,NY,United States,Not specified,,,,Aerospace,2026-08-15,2026-08-15,https://careers-calspan.icims.com/jobs/search,known_careers_url,5,success
0b0a1ff549c7,2026-08-15,234e92c8de3f,Calspan Business Park,https://calspan.com/,https://careers-calspan.icims.com/jobs/search,"Job Title Supervisor, Testing Operations",https://careers-calspan.icims.com/jobs/2606/supervisor%2c-testing-operations/job,"Buffalo, NY, United States",Buffalo,NY,United States,Not specified,,,,Aerospace,2026-08-15,2026-08-15,https://careers-calspan.icims.com/jobs/search,known_careers_url,5,success
00eef30a6ede,2026-08-15,234e92c8de3f,Calspan Business Park,https://calspan.com/,https://careers-calspan.icims.com/jobs/search,Job Title Technician,https://careers-calspan.icims.com/jobs/2631/technician/job,"Buffalo, NY, United States",Buffalo,NY,United States,Not specified,,,,Aerospace,2026-08-15,2026-08-15,https://careers-calspan.icims.com/jobs/search,known_careers_url,5,success
08b20a05908d,2026-08-15,234e92c8de3f,Calspan Business Park,https://calspan.com/,https://careers-calspan.icims.com/jobs/search,Job Title Engineering Technician,https://careers-calspan.icims.com/jobs/2630/engineering-technician/job,"Buffalo, NY, United States",Buffalo,NY,United States,Not specified,,,,Aerospace,2026-08-15,2026-08-15,https://careers-calspan.icims.com/jobs/search,known_careers_url,5,success
5e97562d44e9,2026-08-15,234e92c8de3f,Calspan Business Park,https://calspan.com/,https://careers-calspan.icims.com/jobs/search,Job Title HVAC Technician,https://careers-calspan.icims.com/jobs/2608/hvac-technician/job,"Buffalo, NY, United States",Buffalo,NY,United States,Not specified,,,,Aerospace,2026-08-15,2026-08-15,https://careers-calspan.icims.com/jobs/search,known_careers_url,5,success
8cdf91017e92,2026-08-15,234e92c8de3f,Calspan Business Park,https://calspan.com/,https://careers-calspan.icims.com/jobs/search,Job Title Principal Systems Software Engineer - Jet Engine Test Cells,https://careers-calspan.icims.com/jobs/2500/principal-systems-software-engineer---jet-engine-test-cells/job,"Buffalo, NY, United States",Buffalo,NY,United States,Not specified,,,,Aerospace,2026-08-15,2026-08-15,https://careers-calspan.icims.com/jobs/search,known_careers_url,5,success
a5ff33a43056,2026-08-15,234e92c8de3f,Calspan Business Park,https://calspan.com/,https://careers-calspan.icims.com/jobs/search,Job Title Technician,https://careers-calspan.icims.com/jobs/2601/technician/job,"Buffalo, NY, United States",Buffalo,NY,United States,Not specified,,,,Aerospace,2026-08-15,2026-08-15,https://careers-calspan.icims.com/jobs/search,known_careers_url,5,success
bea45761b69f,2026-08-15,234e92c8de3f,Calspan Business Park,https://calspan.com/,https://careers-calspan.icims.com/jobs/search,Job Title Automotive Technician,https://careers-calspan.icims.com/jobs/2603/automotive-technician/job,"Buffalo, NY, United States",Buffalo,NY,United States,Not specified,,,,Aerospace,2026-08-15,2026-08-15,https://careers-calspan.icims.com/jobs/search,known_careers_url,5,success
2e982c46f123,2026-08-15,234e92c8de3f,Calspan Business Park,https://calspan.com/,https://careers-calspan.icims.com/jobs/search,Job Title Mechanical Assembly Technician,https://careers-calspan.icims.com/jobs/2579/mechanical-assembly-technician/job,"Buffalo, NY, United States",Buffalo,NY,United States,Not specified,,,,Aerospace,2026-08-15,2026-08-15,https://careers-calspan.icims.com/jobs/search,known_careers_url,5,success
1a181099542b,2026-08-15,234e92c8de3f,Calspan Business Park,https://calspan.com/,https://careers-calspan.icims.com/jobs/search,Job Title Controls and Instrumentation Designer,https://careers-calspan.icims.com/jobs/2628/controls-and-instrumentation-designer/job,"Buffalo, NY, United States",Buffalo,NY,United States,Not specified,,,,Aerospace,2026-08-15,2026-08-15,https://careers-calspan.icims.com/jobs/search,known_careers_url,5,success
9bd406987816,2026-08-15,234e92c8de3f,Calspan Business Park,https://calspan.com/,https://careers-calspan.icims.com/jobs/search,Job Title IT Support Specialist,https://careers-calspan.icims.com/jobs/2619/it-support-specialist/job,"Buffalo, NY, United States",Buffalo,NY,United States,Not specified,,,,Aerospace,2026-08-15,2026-08-15,https://careers-calspan.icims.com/jobs/search,known_careers_url,5,success
b59fa2a18c8b,2026-08-15,234e92c8de3f,Calspan Business Park,https://calspan.com/,https://careers-calspan.icims.com/jobs/search,Job Title Sr. Mechanical Engineer,https://careers-calspan.icims.com/jobs/2612/sr.-mechanical-engineer/job,"Buffalo, NY, United States",Buffalo,NY,United States,Not specified,,,,Aerospace,2026-08-15,2026-08-15,https://careers-calspan.icims.com/jobs/search,known_careers_url,5,success
2ad1bff06ca1,2026-08-15,234e92c8de3f,Calspan Business Park,https://calspan.com/,https://careers-calspan.icims.com/jobs/2543/systems-administrator%C2%A0/job,Systems Administrator%C2%A0,https://careers-calspan.icims.com/jobs/2543/systems-administrator%C2%A0/job,"Buffalo, NY, United States",Buffalo,NY,United States,Not specified,,,,Aerospace,2026-08-15,2026-08-15,https://careers-calspan.icims.com/jobs/2543/systems-administrator%C2%A0/job,ats_detected,5,success_after_fallback
44da5226ab80,2026-08-15,234e92c8de3f,Calspan Business Park,https://calspan.com/,https://careers-calspan.icims.com/jobs/2543/systems-administrator%C2%A0/job,Systems Administrator%C2%A0,https://careers-calspan.icims.com/jobs/2543/systems-administrator%c2%a0/referral,"Buffalo, NY, United States",Buffalo,NY,United States,Not specified,,,,Aerospace,2026-08-15,2026-08-15,https://careers-calspan.icims.com/jobs/2543/systems-administrator%C2%A0/job,ats_detected,5,success_after_fallback
19acde357d3c,2026-08-15,234e92c8de3f,Calspan Business Park,https://calspan.com/,https://careers-calspan.icims.com/jobs/2635/senior-project-manager/job,Senior Project Manager,https://careers-calspan.icims.com/jobs/2635/senior-project-manager/referral,"Buffalo, NY, United States",Buffalo,NY,United States,Not specified,,,,Aerospace,2026-08-15,2026-08-15,https://careers-calspan.icims.com/jobs/2635/senior-project-manager/job,ats_detected,5,success_after_fallback
9feffc538066,2026-08-15,234e92c8de3f,Calspan Business Park,https://calspan.com/,https://careers-calspan.icims.com/jobs/2604/test-technician---tire/job,Test Technician Tire,https://careers-calspan.icims.com/jobs/2604/test-technician---tire/referral,"Buffalo, NY, United States",Buffalo,NY,United States,Not specified,,,,Aerospace,2026-08-15,2026-08-15,https://careers-calspan.icims.com/jobs/2604/test-technician---tire/job,ats_detected,5,success_after_fallback
0e77f9b7d175,2026-08-15,234e92c8de3f,Calspan Business Park,https://calspan.com/,https://careers-calspan.icims.com/jobs/2606/supervisor%2C-testing-operations/job,Supervisor%2C Testing Operations,https://careers-calspan.icims.com/jobs/2606/supervisor%2C-testing-operations/job,"Buffalo, NY, United States",Buffalo,NY,United States,Not specified,,,,Aerospace,2026-08-15,2026-08-15,https://careers-calspan.icims.com/jobs/2606/supervisor%2C-testing-operations/job,ats_detected,5,success_after_fallback
38c660220012,2026-08-15,234e92c8de3f,Calspan Business Park,https://calspan.com/,https://careers-calspan.icims.com/jobs/2606/supervisor%2C-testing-operations/job,Supervisor%2C Testing Operations,https://careers-calspan.icims.com/jobs/2606/supervisor%2c-testing-operations/referral,"Buffalo, NY, United States",Buffalo,NY,United States,Not specified,,,,Aerospace,2026-08-15,2026-08-15,https://careers-calspan.icims.com/jobs/2606/supervisor%2C-testing-operations/job,ats_detected,5,success_after_fallback
44b86ae4002b,2026-08-15,234e92c8de3f,Calspan Business Park,https://calspan.com/,https://careers-calspan.icims.com/jobs/2630/engineering-technician/job,Engineering Technician,https://careers-calspan.icims.com/jobs/2630/engineering-technician/referral,"Buffalo, NY, United States",Buffalo,NY,United States,Not specified,,,,Aerospace,2026-08-15,2026-08-15,https://careers-calspan.icims.com/jobs/2630/engineering-technician/job,ats_detected,5,success_after_fallback
abe7f9cebf52,2026-08-15,234e92c8de3f,Calspan Business Park,https://calspan.com/,https://careers-calspan.icims.com/jobs/2608/hvac-technician/job,Hvac Technician,https://careers-calspan.icims.com/jobs/2608/hvac-technician/referral,"Buffalo, NY, United States",Buffalo,NY,United States,Not specified,,,,Aerospace,2026-08-15,2026-08-15,https://careers-calspan.icims.com/jobs/2608/hvac-technician/job,ats_detected,5,success_after_fallback
74934588b269,2026-08-15,babc8fbe4ec9,Crover,https://www.crover.tech/,https://www.smartrecruiters.com/?utm_source=referral&utm_medium=careerwebsitepage&utm_campaign=careerwebsite&utm_content=none&km_partner=none&km_adgroup=none&utm_term=none&km_matchtype=none,Hiring Managers,https://www.smartrecruiters.com/role/talent-acquisition,"Geneva, NY, United States",Geneva,NY,United States,Not specified,,,,Core Space,2026-08-15,2026-08-15,https://www.smartrecruiters.com/?utm_source=referral&utm_medium=careerwebsitepage&utm_campaign=careerwebsite&utm_content=none&km_partner=none&km_adgroup=none&utm_term=none&km_matchtype=none,ats_detected,4,success_after_fallback
b11bae175a23,2026-08-15,babc8fbe4ec9,Crover,https://www.crover.tech/,https://www.smartrecruiters.com/?utm_source=referral&utm_medium=careerwebsitepage&utm_campaign=careerwebsite&utm_content=none&km_partner=none&km_adgroup=none&utm_term=none&km_matchtype=none,Hiring Managers,https://www.smartrecruiters.com/role/hiring-manager,"Geneva, NY, United States",Geneva,NY,United States,Not specified,,,,Core Space,2026-08-15,2026-08-15,https://www.smartrecruiters.com/?utm_source=referral&utm_medium=careerwebsitepage&utm_campaign=careerwebsite&utm_content=none&km_partner=none&km_adgroup=none&utm_term=none&km_matchtype=none,ats_detected,4,success_after_fallback
8e4c7afd2511,2026-08-15,babc8fbe4ec9,Crover,https://www.crover.tech/,https://www.smartrecruiters.com/?utm_source=referral&utm_medium=careerwebsitepage&utm_campaign=careerwebsite&utm_content=none&km_partner=none&km_adgroup=none&utm_term=none&km_matchtype=none,Hiring Managers,https://www.smartrecruiters.com/role/hr,"Geneva, NY, United States",Geneva,NY,United States,Not specified,,,,Core Space,2026-08-15,2026-08-15,https://www.smartrecruiters.com/?utm_source=referral&utm_medium=careerwebsitepage&utm_campaign=careerwebsite&utm_content=none&km_partner=none&km_adgroup=none&utm_term=none&km_matchtype=none,ats_detected,4,success_after_fallback
e942ee7fb593,2026-08-15,babc8fbe4ec9,Crover,https://www.crover.tech/,https://www.smartrecruiters.com/?utm_source=referral&utm_medium=careerwebsitepage&utm_campaign=careerwebsite&utm_content=none&km_partner=none&km_adgroup=none&utm_term=none&km_matchtype=none,Hiring Managers,https://www.smartrecruiters.com/role/it,"Geneva, NY, United States",Geneva,NY,United States,Not specified,,,,Core Space,2026-08-15,2026-08-15,https://www.smartrecruiters.com/?utm_source=referral&utm_medium=careerwebsitepage&utm_campaign=careerwebsite&utm_content=none&km_partner=none&km_adgroup=none&utm_term=none&km_matchtype=none,ats_detected,4,success_after_fallback
675011ceb6de,2026-08-15,babc8fbe4ec9,Crover,https://www.crover.tech/,https://www.smartrecruiters.com/?utm_source=referral&utm_medium=careerwebsitepage&utm_campaign=careerwebsite&utm_content=none&km_partner=none&km_adgroup=none&utm_term=none&km_matchtype=none,Hiring Managers,https://www.smartrecruiters.com/role/finance,"Geneva, NY, United States",Geneva,NY,United States,Not specified,,,,Core Space,2026-08-15,2026-08-15,https://www.smartrecruiters.com/?utm_source=referral&utm_medium=careerwebsitepage&utm_campaign=careerwebsite&utm_content=none&km_partner=none&km_adgroup=none&utm_term=none&km_matchtype=none,ats_detected,4,success_after_fallback
2c4b3b743564,2026-08-15,bad1b820268a,Dawn Aerospace,https://www.dawnaerospace.com/,https://job-boards.anz.greenhouse.io/dawnaerospace,"Intern – Thruster Development Delft, South Holland, Netherlands",https://job-boards.anz.greenhouse.io/dawnaerospace/jobs/4004992201,"Delft, South Holland, Netherlands",Delft,South Holland,Netherlands,Not specified,,,,Core Space,2026-08-15,2026-08-15,https://job-boards.anz.greenhouse.io/dawnaerospace,ats_detected,5,success_after_fallback
447dcb8fbda1,2026-08-15,bad1b820268a,Dawn Aerospace,https://www.dawnaerospace.com/,https://job-boards.anz.greenhouse.io/dawnaerospace,"Junior / Intermediate Project Manager – Space Propulsion Delft, South Holland, Netherlands",https://job-boards.anz.greenhouse.io/dawnaerospace/jobs/4000883201,"Delft, South Holland, Netherlands",Delft,South Holland,Netherlands,Not specified,,,,Core Space,2026-08-15,2026-08-15,https://job-boards.anz.greenhouse.io/dawnaerospace,ats_detected,5,success_after_fallback
1c77a31bbee1,2026-08-15,bad1b820268a,Dawn Aerospace,https://www.dawnaerospace.com/,https://job-boards.anz.greenhouse.io/dawnaerospace,"PhD Research Opportunities (University of Canterbury & Dawn Aerospace) New Christchurch, Canterbury, New Zealand",https://job-boards.anz.greenhouse.io/dawnaerospace/jobs/4005543201,"Manhattan, NY, United States",Manhattan,NY,United States,Not specified,,,,Core Space,2026-08-15,2026-08-15,https://job-boards.anz.greenhouse.io/dawnaerospace,ats_detected,5,success_after_fallback
c94117e1163d,2026-08-15,bad1b820268a,Dawn Aerospace,https://www.dawnaerospace.com/,https://job-boards.anz.greenhouse.io/dawnaerospace,"Satellite Communications Engineer Delft, South Holland, Netherlands",https://job-boards.anz.greenhouse.io/dawnaerospace/jobs/4001647201,"Delft, South Holland, Netherlands",Delft,South Holland,Netherlands,Not specified,,,,Core Space,2026-08-15,2026-08-15,https://job-boards.anz.greenhouse.io/dawnaerospace,ats_detected,5,success_after_fallback
096dbf50f162,2026-08-15,bad1b820268a,Dawn Aerospace,https://www.dawnaerospace.com/,https://job-boards.anz.greenhouse.io/dawnaerospace,"Satellite RF Hardware & Operations Engineer Delft, South Holland, Netherlands",https://job-boards.anz.greenhouse.io/dawnaerospace/jobs/4000878201,"Delft, South Holland, Netherlands",Delft,South Holland,Netherlands,Not specified,,,,Core Space,2026-08-15,2026-08-15,https://job-boards.anz.greenhouse.io/dawnaerospace,ats_detected,5,success_after_fallback
5a2b0a951f06,2026-08-15,bad1b820268a,Dawn Aerospace,https://www.dawnaerospace.com/,https://job-boards.anz.greenhouse.io/dawnaerospace,"Software Developer Internship – Embedded Linux Delft, South Holland, Netherlands",https://job-boards.anz.greenhouse.io/dawnaerospace/jobs/4004658201,"Delft, South Holland, Netherlands",Delft,South Holland,Netherlands,Not specified,,,,Core Space,2026-08-15,2026-08-15,https://job-boards.anz.greenhouse.io/dawnaerospace,ats_detected,5,success_after_fallback
b63f7993dadc,2026-08-15,bad1b820268a,Dawn Aerospace,https://www.dawnaerospace.com/,https://job-boards.anz.greenhouse.io/dawnaerospace,"Aircraft Maintenance Technician New Christchurch, Canterbury, New Zealand",https://job-boards.anz.greenhouse.io/dawnaerospace/jobs/4005539201,"Manhattan, NY, United States",Manhattan,NY,United States,Not specified,,,,Core Space,2026-08-15,2026-08-15,https://job-boards.anz.greenhouse.io/dawnaerospace,ats_detected,5,success_after_fallback
6ac4ed7744dc,2026-08-15,bad1b820268a,Dawn Aerospace,https://www.dawnaerospace.com/,https://job-boards.anz.greenhouse.io/dawnaerospace,"Senior Systems Engineer - Spaceplane Christchurch, Canterbury, New Zealand",https://job-boards.anz.greenhouse.io/dawnaerospace/jobs/4005444201,"Manhattan, NY, United States",Manhattan,NY,United States,Not specified,,,,Core Space,2026-08-15,2026-08-15,https://job-boards.anz.greenhouse.io/dawnaerospace,ats_detected,5,success_after_fallback
d53f21f5f126,2026-08-15,bad1b820268a,Dawn Aerospace,https://www.dawnaerospace.com/,https://job-boards.anz.greenhouse.io/dawnaerospace,"Facilities & Workplace Coordinator (Part-Time) New Christchurch, Canterbury, New Zealand",https://job-boards.anz.greenhouse.io/dawnaerospace/jobs/4005420201,"Manhattan, NY, United States",Manhattan,NY,United States,Not specified,,,,Core Space,2026-08-15,2026-08-15,https://job-boards.anz.greenhouse.io/dawnaerospace,ats_detected,5,success_after_fallback
3406a1d2dfa6,2026-08-15,bad1b820268a,Dawn Aerospace,https://www.dawnaerospace.com/,https://job-boards.anz.greenhouse.io/dawnaerospace,"Compliance & Export Controls Specialist Christchurch, Canterbury, New Zealand",https://job-boards.anz.greenhouse.io/dawnaerospace/jobs/4005442201,"Manhattan, NY, United States",Manhattan,NY,United States,Not specified,,,,Core Space,2026-08-15,2026-08-15,https://job-boards.anz.greenhouse.io/dawnaerospace,ats_detected,5,success_after_fallback
1db33c6f93cb,2026-08-15,bad1b820268a,Dawn Aerospace,https://www.dawnaerospace.com/,https://job-boards.anz.greenhouse.io/dawnaerospace,Head of Defence Sales – Germany Germany,https://job-boards.anz.greenhouse.io/dawnaerospace/jobs/4004923201,"Manhattan, NY, United States",Manhattan,NY,United States,Not specified,,,,Core Space,2026-08-15,2026-08-15,https://job-boards.anz.greenhouse.io/dawnaerospace,ats_detected,5,success_after_fallback
2c974b67f5ad,2026-08-15,ba37ca62f760,echo3D,https://www.echo3d.co/,https://www.echo3d.com/about/careers,Enterprise Sales Executive B2B,https://wellfound.com/jobs/3529921-enterprise-sales-executive-b2b,"Manhattan, NY, United States",Manhattan,NY,United States,Remote,,,,Core Space,2026-08-15,2026-08-15,https://www.echo3d.com/about/careers,known_careers_url,4,success
bb9a4a219de8,2026-08-15,ba37ca62f760,echo3D,https://www.echo3d.co/,https://www.echo3d.com/about/careers,Software Engineer,https://wellfound.com/jobs/1749640-software-engineer,"Manhattan, NY, United States",Manhattan,NY,United States,Remote,,,,Core Space,2026-08-15,2026-08-15,https://www.echo3d.com/about/careers,known_careers_url,4,success
6f8ce2b1166e,2026-08-15,ba37ca62f760,echo3D,https://www.echo3d.co/,https://wellfound.com/jobs/3529921-enterprise-sales-executive-b2b,Manager - Business Development (North America) - full time $90k – $105k,https://wellfound.com/jobs/2282687-manager-business-development-north-america-full-time,"Manhattan, NY, United States",Manhattan,NY,United States,Not specified,,,,Core Space,2026-08-15,2026-08-15,https://wellfound.com/jobs/3529921-enterprise-sales-executive-b2b,linked_page,4,success_after_fallback
1c52e8c102a9,2026-08-15,ba37ca62f760,echo3D,https://www.echo3d.co/,https://wellfound.com/jobs/3529921-enterprise-sales-executive-b2b,"Director, Strategic Accounts $150k – $175k",https://wellfound.com/jobs/2543673-director-strategic-accounts,"Manhattan, NY, United States",Manhattan,NY,United States,Not specified,,,,Core Space,2026-08-15,2026-08-15,https://wellfound.com/jobs/3529921-enterprise-sales-executive-b2b,linked_page,4,success_after_fallback
cb8f69105c36,2026-08-15,ba37ca62f760,echo3D,https://www.echo3d.co/,https://wellfound.com/jobs/3529921-enterprise-sales-executive-b2b,Ottehr Urgent Care EHR Sales AE $220k – $300k • 0.0% – 0.5%,https://wellfound.com/jobs/3190120-ottehr-urgent-care-ehr-sales-ae,"Manhattan, NY, United States",Manhattan,NY,United States,Not specified,,,,Core Space,2026-08-15,2026-08-15,https://wellfound.com/jobs/3529921-enterprise-sales-executive-b2b,linked_page,4,success_after_fallback
392507830aa7,2026-08-15,ba37ca62f760,echo3D,https://www.echo3d.co/,https://wellfound.com/jobs/3529921-enterprise-sales-executive-b2b,Sales Development Representative (SDR) $80k – $100k,https://wellfound.com/jobs/3203228-sales-development-representative-sdr,"Manhattan, NY, United States",Manhattan,NY,United States,Not specified,,,,Core Space,2026-08-15,2026-08-15,https://wellfound.com/jobs/3529921-enterprise-sales-executive-b2b,linked_page,4,success_after_fallback
c987b9eddebc,2026-08-15,ba37ca62f760,echo3D,https://www.echo3d.co/,https://wellfound.com/jobs/3529921-enterprise-sales-executive-b2b,Investor Relations Manager $60k – $120k • 0.1% – 0.3%,https://wellfound.com/jobs/3233075-investor-relations-manager,"Manhattan, NY, United States",Manhattan,NY,United States,Not specified,,,,Core Space,2026-08-15,2026-08-15,https://wellfound.com/jobs/3529921-enterprise-sales-executive-b2b,linked_page,4,success_after_fallback
02b053f4d2a9,2026-08-15,ba37ca62f760,echo3D,https://www.echo3d.co/,https://wellfound.com/jobs,"Senior Manager, Customer Success",https://wellfound.com/jobs/4589666-senior-manager-customer-success,"Manhattan, NY, United States",Manhattan,NY,United States,Not specified,,,,Core Space,2026-08-15,2026-08-15,https://wellfound.com/jobs,linked_page,4,success_after_fallback
4f3a1292ffeb,2026-08-15,ba37ca62f760,echo3D,https://www.echo3d.co/,https://wellfound.com/jobs,Performance Marketing Lead,https://wellfound.com/jobs/4589637-performance-marketing-lead,"Manhattan, NY, United States",Manhattan,NY,United States,Remote,,,,Core Space,2026-08-15,2026-08-15,https://wellfound.com/jobs,linked_page,4,success_after_fallback
1d013aef7d74,2026-08-15,ba37ca62f760,echo3D,https://www.echo3d.co/,https://wellfound.com/jobs,Lead Software Engineer,https://wellfound.com/jobs/4589630-lead-software-engineer,"Remote only • Florida, United States",Remote only • Florida,,United States,Remote,,,,Core Space,2026-08-15,2026-08-15,https://wellfound.com/jobs,linked_page,4,success_after_fallback
b7cd600f0dac,2026-08-15,ba37ca62f760,echo3D,https://www.echo3d.co/,https://wellfound.com/jobs,Human Resources Manager,https://wellfound.com/jobs/4589587-human-resources-manager,"Manhattan, NY, United States",Manhattan,NY,United States,Not specified,,,,Core Space,2026-08-15,2026-08-15,https://wellfound.com/jobs,linked_page,4,success_after_fallback
b84b5f616890,2026-08-15,ba37ca62f760,echo3D,https://www.echo3d.co/,https://wellfound.com/jobs,"Tech Lead Manager, Integration",https://wellfound.com/jobs/4592876-tech-lead-manager-integration,"Manhattan, NY, United States",Manhattan,NY,United States,On-site,,,,Core Space,2026-08-15,2026-08-15,https://wellfound.com/jobs,linked_page,4,success_after_fallback
e499b956e021,2026-08-15,ba37ca62f760,echo3D,https://www.echo3d.co/,https://wellfound.com/jobs,Founding Staff Engineer,https://wellfound.com/jobs/4589695-founding-staff-engineer,"Manhattan, NY, United States",Manhattan,NY,United States,Remote,,,,Core Space,2026-08-15,2026-08-15,https://wellfound.com/jobs,linked_page,4,success_after_fallback
2aebefcc45cc,2026-08-15,ba37ca62f760,echo3D,https://www.echo3d.co/,https://wellfound.com/jobs,"Product Engineer, Customer Platform",https://wellfound.com/jobs/4589595-product-engineer-customer-platform,"Manhattan, NY, United States",Manhattan,NY,United States,Not specified,,,,Core Space,2026-08-15,2026-08-15,https://wellfound.com/jobs,linked_page,4,success_after_fallback
0f89346b4e31,2026-08-15,ba37ca62f760,echo3D,https://www.echo3d.co/,https://wellfound.com/jobs,Front End Software Engineer - NYC Series A Tech Startup,https://wellfound.com/jobs/4589576-front-end-software-engineer-nyc-series-a-tech-startup,"Manhattan, NY, United States",Manhattan,NY,United States,On-site,,,,Core Space,2026-08-15,2026-08-15,https://wellfound.com/jobs,linked_page,4,success_after_fallback
1a69a062495f,2026-08-15,ba37ca62f760,echo3D,https://www.echo3d.co/,https://wellfound.com/jobs,"Senior Software Engineer (West Coast - Oakland, CA or Portland, OR Preferred)",https://wellfound.com/jobs/4589537-senior-software-engineer-west-coast-oakland-ca-or-portland-or-preferred,"Manhattan, NY, United States",Manhattan,NY,United States,Not specified,,,,Core Space,2026-08-15,2026-08-15,https://wellfound.com/jobs,linked_page,4,success_after_fallback
4cdf28901154,2026-08-15,ba37ca62f760,echo3D,https://www.echo3d.co/,https://wellfound.com/jobs,"Product Manager - Engagement — Remote, $100k-200k/yr inc equity",https://wellfound.com/jobs/4589667-product-manager-engagement-remote-100k-200k-yr-inc-equity,"Manhattan, NY, United States",Manhattan,NY,United States,Remote,,,,Core Space,2026-08-15,2026-08-15,https://wellfound.com/jobs,linked_page,4,success_after_fallback
1cf946879daf,2026-08-15,ba37ca62f760,echo3D,https://www.echo3d.co/,https://wellfound.com/jobs,"Lead/Principal Product Manager, Audit Agents",https://wellfound.com/jobs/4589651-lead-principal-product-manager-audit-agents,"Manhattan, NY, United States",Manhattan,NY,United States,Remote,,,,Core Space,2026-08-15,2026-08-15,https://wellfound.com/jobs,linked_page,4,success_after_fallback
8af7fc1fb8d9,2026-08-15,ba37ca62f760,echo3D,https://www.echo3d.co/,https://wellfound.com/jobs,"Director, Product Growth",https://wellfound.com/jobs/4424544-director-product-growth,Remote,,,,Remote,,,,Core Space,2026-08-15,2026-08-15,https://wellfound.com/jobs,linked_page,4,success_after_fallback
e2929758c34f,2026-08-15,ba37ca62f760,echo3D,https://www.echo3d.co/,https://wellfound.com/jobs,AI Product Engineer (Claude Code),https://wellfound.com/jobs/3651552-ai-product-engineer-claude-code,"Manhattan, NY, United States",Manhattan,NY,United States,Remote,,,,Core Space,2026-08-15,2026-08-15,https://wellfound.com/jobs,linked_page,4,success_after_fallback
ceac67c2c141,2026-08-15,ba37ca62f760,echo3D,https://www.echo3d.co/,https://wellfound.com/jobs,"Product Lead, App Ecosystem",https://wellfound.com/jobs/4409030-product-lead-app-ecosystem,"Manhattan, NY, United States",Manhattan,NY,United States,Not specified,,,,Core Space,2026-08-15,2026-08-15,https://wellfound.com/jobs,linked_page,4,success_after_fallback
6f5cf5462f85,2026-08-15,ba37ca62f760,echo3D,https://www.echo3d.co/,https://wellfound.com/jobs,Creative Designer,https://wellfound.com/jobs/4584373-creative-designer,"Manhattan, NY, United States",Manhattan,NY,United States,Remote,,,,Core Space,2026-08-15,2026-08-15,https://wellfound.com/jobs,linked_page,4,success_after_fallback
a13ec9ea6447,2026-08-15,ba37ca62f760,echo3D,https://www.echo3d.co/,https://wellfound.com/jobs,Instructional Designer,https://wellfound.com/jobs/4575636-instructional-designer,"Manhattan, NY, United States",Manhattan,NY,United States,Not specified,,,,Core Space,2026-08-15,2026-08-15,https://wellfound.com/jobs,linked_page,4,success_after_fallback
1b793e786863,2026-08-15,ba37ca62f760,echo3D,https://www.echo3d.co/,https://wellfound.com/jobs,Founding Product UI / UX Designer - Consumer,https://wellfound.com/jobs/4555173-founding-product-ui-ux-designer-consumer,"Manhattan, NY, United States",Manhattan,NY,United States,Remote,,,,Core Space,2026-08-15,2026-08-15,https://wellfound.com/jobs,linked_page,4,success_after_fallback
dd7963404d26,2026-08-15,ba37ca62f760,echo3D,https://www.echo3d.co/,https://wellfound.com/jobs,"Full-Stack Designer (Brand, Marketing & UI)",https://wellfound.com/jobs/4174641-full-stack-designer-brand-marketing-ui,"Manhattan, NY, United States",Manhattan,NY,United States,Remote,,,,Core Space,2026-08-15,2026-08-15,https://wellfound.com/jobs,linked_page,4,success_after_fallback
3f1462149551,2026-08-15,ba37ca62f760,echo3D,https://www.echo3d.co/,https://wellfound.com/jobs,Learning Experience Designer,https://wellfound.com/jobs/4523196-learning-experience-designer,"Manhattan, NY, United States",Manhattan,NY,United States,Not specified,,,,Core Space,2026-08-15,2026-08-15,https://wellfound.com/jobs,linked_page,4,success_after_fallback
a1630175e6ea,2026-08-15,ba37ca62f760,echo3D,https://www.echo3d.co/,https://wellfound.com/jobs,Lead Data Engineer,https://wellfound.com/jobs/4379442-lead-data-engineer,"Manhattan, NY, United States",Manhattan,NY,United States,Remote,,,,Core Space,2026-08-15,2026-08-15,https://wellfound.com/jobs,linked_page,4,success_after_fallback
46dede2704ef,2026-08-15,ba37ca62f760,echo3D,https://www.echo3d.co/,https://wellfound.com/jobs,Senior Data Engineer,https://wellfound.com/jobs/4579478-senior-data-engineer,"Manhattan, NY, United States",Manhattan,NY,United States,On-site,,,,Core Space,2026-08-15,2026-08-15,https://wellfound.com/jobs,linked_page,4,success_after_fallback
4b38efccdd05,2026-08-15,ba37ca62f760,echo3D,https://www.echo3d.co/,https://wellfound.com/jobs,Data Engineer (Mid → Senior) - LATAM,https://wellfound.com/jobs/4584350-data-engineer-aws-redshift-latam-clone,"Manhattan, NY, United States",Manhattan,NY,United States,Remote,,,,Core Space,2026-08-15,2026-08-15,https://wellfound.com/jobs,linked_page,4,success_after_fallback
9894cde774fe,2026-08-15,ba37ca62f760,echo3D,https://www.echo3d.co/,https://wellfound.com/jobs,Sr. Data & Software Engineer,https://wellfound.com/jobs/4584348-sr-data-software-engineer,"Manhattan, NY, United States",Manhattan,NY,United States,On-site,,,,Core Space,2026-08-15,2026-08-15,https://wellfound.com/jobs,linked_page,4,success_after_fallback
0a4361725888,2026-08-15,ba37ca62f760,echo3D,https://www.echo3d.co/,https://wellfound.com/jobs,Fintech Data Engineer - Finthos,https://wellfound.com/jobs/4574728-fintech-data-engineer-finthos,"Manhattan, NY, United States",Manhattan,NY,United States,Remote,,,,Core Space,2026-08-15,2026-08-15,https://wellfound.com/jobs,linked_page,4,success_after_fallback
e275f4721c99,2026-08-15,ba37ca62f760,echo3D,https://www.echo3d.co/,https://wellfound.com/jobs,B2B Outside Sales Representative,https://wellfound.com/jobs/4589489-b2b-outside-sales-representative,"Manhattan, NY, United States",Manhattan,NY,United States,Remote,,,,Core Space,2026-08-15,2026-08-15,https://wellfound.com/jobs,linked_page,4,success_after_fallback
e6eadaf39917,2026-08-15,ba37ca62f760,echo3D,https://www.echo3d.co/,https://wellfound.com/jobs,Remote Business Development Manager (100% Remote and Performance Based),https://wellfound.com/jobs/3625150-remote-business-development-manager-100-remote-and-performance-based,"Manhattan, NY, United States",Manhattan,NY,United States,Remote,,,,Core Space,2026-08-15,2026-08-15,https://wellfound.com/jobs,linked_page,4,success_after_fallback
cb168edf4c0c,2026-08-15,ba37ca62f760,echo3D,https://www.echo3d.co/,https://wellfound.com/jobs,"Sr. AI Systems & Solutions Architect, Global Services",https://wellfound.com/jobs/4550923-sr-ai-systems-solutions-architect-global-services,"Manhattan, NY, United States",Manhattan,NY,United States,Not specified,,,,Core Space,2026-08-15,2026-08-15,https://wellfound.com/jobs,linked_page,4,success_after_fallback
6548ee314575,2026-08-15,ba37ca62f760,echo3D,https://www.echo3d.co/,https://wellfound.com/jobs,Head of Growth / Director of Partnerships (Healthcare Tech/MSO),https://wellfound.com/jobs/4579412-head-of-growth-director-of-partnerships-healthcare-tech-mso,"Manhattan, NY, United States",Manhattan,NY,United States,Remote,,,,Core Space,2026-08-15,2026-08-15,https://wellfound.com/jobs,linked_page,4,success_after_fallback
d9d3e8f0cc4b,2026-08-15,ba37ca62f760,echo3D,https://www.echo3d.co/,https://wellfound.com/jobs,Growth Marketing Specialist — Remote — DearHiringManager.io,https://wellfound.com/jobs/4579391-growth-marketing-specialist-remote-dearhiringmanager-io,"Manhattan, NY, United States",Manhattan,NY,United States,Remote,,,,Core Space,2026-08-15,2026-08-15,https://wellfound.com/jobs,linked_page,4,success_after_fallback
17149abf9379,2026-08-15,ba37ca62f760,echo3D,https://www.echo3d.co/,https://wellfound.com/jobs,Entry Level-B2B Email & LinkedIn Outreach Specialist,https://wellfound.com/jobs/4573997-entry-level-b2b-email-linkedin-outreach-specialist,"Manhattan, NY, United States",Manhattan,NY,United States,Remote,,,,Core Space,2026-08-15,2026-08-15,https://wellfound.com/jobs,linked_page,4,success_after_fallback
ce2354606f0c,2026-08-15,ba37ca62f760,echo3D,https://www.echo3d.co/,https://wellfound.com/jobs,Growth & Customer Lead (Conversion Obsessed),https://wellfound.com/jobs/4573089-growth-customer-lead-conversion-obsessed,"Manhattan, NY, United States",Manhattan,NY,United States,On-site,,,,Core Space,2026-08-15,2026-08-15,https://wellfound.com/jobs,linked_page,4,success_after_fallback
08287205c72e,2026-08-15,ba37ca62f760,echo3D,https://www.echo3d.co/,https://wellfound.com/jobs,"Creative Strategist and Media Buyer / User Acquisition Lead (Meta Ads, Tier-1)",https://wellfound.com/jobs/4571251-creative-strategist-and-media-buyer-user-acquisition-lead-meta-ads-tier-1,"Manhattan, NY, United States",Manhattan,NY,United States,Remote,,,,Core Space,2026-08-15,2026-08-15,https://wellfound.com/jobs,linked_page,4,success_after_fallback
cb63a1915d9c,2026-08-15,ba37ca62f760,echo3D,https://www.echo3d.co/,https://wellfound.com/jobs,"Director, Strategy & Operations, Consumer",https://wellfound.com/jobs/3688364-director-strategy-operations-consumer,Remote,,,,Remote,,,,Core Space,2026-08-15,2026-08-15,https://wellfound.com/jobs,linked_page,4,success_after_fallback
b4467a0cab28,2026-08-15,ba37ca62f760,echo3D,https://www.echo3d.co/,https://wellfound.com/jobs,"Senior Manager, Supplier Enablement & Spend Conversion",https://wellfound.com/jobs/4536641-senior-manager-supplier-enablement-spend-conversion,"Manhattan, NY, United States",Manhattan,NY,United States,Not specified,,,,Core Space,2026-08-15,2026-08-15,https://wellfound.com/jobs,linked_page,4,success_after_fallback
7c7cb352f01b,2026-08-15,ba37ca62f760,echo3D,https://www.echo3d.co/,https://wellfound.com/jobs,Revenue Operations Manager,https://wellfound.com/jobs/4587536-revenue-operations-manager,"Manhattan, NY, United States",Manhattan,NY,United States,Not specified,,,,Core Space,2026-08-15,2026-08-15,https://wellfound.com/jobs,linked_page,4,success_after_fallback
adfac5ee1438,2026-08-15,ba37ca62f760,echo3D,https://www.echo3d.co/,https://wellfound.com/jobs,Procurement Manager,https://wellfound.com/jobs/4584432-procurement-manager,"Manhattan, NY, United States",Manhattan,NY,United States,Not specified,,,,Core Space,2026-08-15,2026-08-15,https://wellfound.com/jobs,linked_page,4,success_after_fallback
9dd5b7e07420,2026-08-15,ba37ca62f760,echo3D,https://www.echo3d.co/,https://wellfound.com/jobs,Employer Partnerships & Career Placement Manager,https://wellfound.com/jobs/4584378-employer-partnerships-career-placement-manager,"Manhattan, NY, United States",Manhattan,NY,United States,Remote,,,,Core Space,2026-08-15,2026-08-15,https://wellfound.com/jobs,linked_page,4,success_after_fallback
a6f376ca5d56,2026-08-15,ba37ca62f760,echo3D,https://www.echo3d.co/,https://wellfound.com/jobs,Technical Recruiter,https://wellfound.com/jobs/4579625-technical-recruiter,"Manhattan, NY, United States",Manhattan,NY,United States,Not specified,,,,Core Space,2026-08-15,2026-08-15,https://wellfound.com/jobs,linked_page,4,success_after_fallback
03a7f4ea0f32,2026-08-15,ba37ca62f760,echo3D,https://www.echo3d.co/,https://wellfound.com/jobs,"Senior Manager, Accounting",https://wellfound.com/jobs/4584461-senior-manager-accounting,"Manhattan, NY, United States",Manhattan,NY,United States,Not specified,,,,Core Space,2026-08-15,2026-08-15,https://wellfound.com/jobs,linked_page,4,success_after_fallback
24b95753f051,2026-08-15,ba37ca62f760,echo3D,https://www.echo3d.co/,https://wellfound.com/jobs,"Senior Manager, Corporate FP&A",https://wellfound.com/jobs/4584431-senior-manager-corporate-fp-a,"Manhattan, NY, United States",Manhattan,NY,United States,Not specified,,,,Core Space,2026-08-15,2026-08-15,https://wellfound.com/jobs,linked_page,4,success_after_fallback
0e5e3e77f5a2,2026-08-15,ba37ca62f760,echo3D,https://www.echo3d.co/,https://wellfound.com/jobs,Senior Accounting & Finance Manager,https://wellfound.com/jobs/4584317-senior-accounting-finance-manager,"Manhattan, NY, United States",Manhattan,NY,United States,Remote,,,,Core Space,2026-08-15,2026-08-15,https://wellfound.com/jobs,linked_page,4,success_after_fallback
4ffe8f08ee16,2026-08-15,ba37ca62f760,echo3D,https://www.echo3d.co/,https://wellfound.com/jobs,Remote Software Engineer Jobs,https://wellfound.com/role/r/software-engineer,"Manhattan, NY, United States",Manhattan,NY,United States,Remote,,,,Core Space,2026-08-15,2026-08-15,https://wellfound.com/jobs,linked_page,3,success_after_fallback
a36be93e0048,2026-08-15,ba37ca62f760,echo3D,https://www.echo3d.co/,https://wellfound.com/jobs,Remote Product Manager Jobs,https://wellfound.com/role/r/product-manager,"Manhattan, NY, United States",Manhattan,NY,United States,Remote,,,,Core Space,2026-08-15,2026-08-15,https://wellfound.com/jobs,linked_page,3,success_after_fallback
864abf04a02f,2026-08-15,ba37ca62f760,echo3D,https://www.echo3d.co/,https://wellfound.com/jobs,Remote Data Analyst Jobs,https://wellfound.com/role/r/data-analyst,"Manhattan, NY, United States",Manhattan,NY,United States,Remote,,,,Core Space,2026-08-15,2026-08-15,https://wellfound.com/jobs,linked_page,3,success_after_fallback
c51db9a7fc56,2026-08-15,ba37ca62f760,echo3D,https://www.echo3d.co/,https://wellfound.com/jobs,Remote Product Designer Jobs,https://wellfound.com/role/r/product-designer,"Manhattan, NY, United States",Manhattan,NY,United States,Remote,,,,Core Space,2026-08-15,2026-08-15,https://wellfound.com/jobs,linked_page,3,success_after_fallback
21aa410252f9,2026-08-15,ba37ca62f760,echo3D,https://www.echo3d.co/,https://wellfound.com/jobs,Remote Graphic Designer Jobs,https://wellfound.com/role/r/graphic-designer,"Manhattan, NY, United States",Manhattan,NY,United States,Remote,,,,Core Space,2026-08-15,2026-08-15,https://wellfound.com/jobs,linked_page,3,success_after_fallback
2fcff47c1465,2026-08-15,ba37ca62f760,echo3D,https://www.echo3d.co/,https://wellfound.com/jobs,Remote UI/UX Designer Jobs,https://wellfound.com/role/r/ui-ux-designer,"Manhattan, NY, United States",Manhattan,NY,United States,Remote,,,,Core Space,2026-08-15,2026-08-15,https://wellfound.com/jobs,linked_page,3,success_after_fallback
5c3a89bd8bc7,2026-08-15,ba37ca62f760,echo3D,https://www.echo3d.co/,https://wellfound.com/jobs,Remote Operations Manager Jobs,https://wellfound.com/role/r/operations-manager,"Manhattan, NY, United States",Manhattan,NY,United States,Remote,,,,Core Space,2026-08-15,2026-08-15,https://wellfound.com/jobs,linked_page,3,success_after_fallback
c33e6e97fc39,2026-08-15,ba37ca62f760,echo3D,https://www.echo3d.co/,https://wellfound.com/jobs,Remote Account Manager Jobs,https://wellfound.com/role/r/account-manager,"Manhattan, NY, United States",Manhattan,NY,United States,Remote,,,,Core Space,2026-08-15,2026-08-15,https://wellfound.com/jobs,linked_page,3,success_after_fallback
5217fcd690d9,2026-08-15,ba37ca62f760,echo3D,https://www.echo3d.co/,https://wellfound.com/jobs,Remote Sales Manager Jobs,https://wellfound.com/role/r/sales-manager,"Manhattan, NY, United States",Manhattan,NY,United States,Remote,,,,Core Space,2026-08-15,2026-08-15,https://wellfound.com/jobs,linked_page,3,success_after_fallback
0b7eb8bfe674,2026-08-15,ba37ca62f760,echo3D,https://www.echo3d.co/,https://wellfound.com/jobs,Remote Financial Analyst Jobs,https://wellfound.com/role/r/financial-analyst,"Manhattan, NY, United States",Manhattan,NY,United States,Remote,,,,Core Space,2026-08-15,2026-08-15,https://wellfound.com/jobs,linked_page,3,success_after_fallback
e9149de421e0,2026-08-15,ba37ca62f760,echo3D,https://www.echo3d.co/,https://wellfound.com/jobs,Remote HR Manager Jobs,https://wellfound.com/role/r/hr-manager,"Manhattan, NY, United States",Manhattan,NY,United States,Remote,,,,Core Space,2026-08-15,2026-08-15,https://wellfound.com/jobs,linked_page,3,success_after_fallback
fd08b401b85c,2026-08-15,ba37ca62f760,echo3D,https://www.echo3d.co/,https://wellfound.com/browse/tech-jobs,Smart contract Developer,https://wellfound.com/role/smart-contract-developer,"Manhattan, NY, United States",Manhattan,NY,United States,Not specified,,,,Core Space,2026-08-15,2026-08-15,https://wellfound.com/browse/tech-jobs,linked_page,3,success_after_fallback
e0d5fc14ea4a,2026-08-15,ba37ca62f760,echo3D,https://www.echo3d.co/,https://wellfound.com/browse/remote-tech-jobs,Smart contract Developer,https://wellfound.com/role/r/smart-contract-developer,"Manhattan, NY, United States",Manhattan,NY,United States,Not specified,,,,Core Space,2026-08-15,2026-08-15,https://wellfound.com/browse/remote-tech-jobs,linked_page,3,success_after_fallback
4c5de7249bf4,2026-08-15,ba37ca62f760,echo3D,https://www.echo3d.co/,https://wellfound.com/jobs/1730080-enterprise-account-executive-usa,Enterprise Account Executive (USA),https://wellfound.com/jobs/1730080-enterprise-account-executive-usa,"New York, New York, United States",New York,NY,United States,Remote,100000,150000,"Artificial Intelligence, Insurance, Risk Management, and Big Data Analytics",Core Space,2026-08-15,2026-08-15,https://wellfound.com/jobs/1730080-enterprise-account-executive-usa,linked_page,3,success_after_fallback
2ae35c6e7a7f,2026-08-15,ba37ca62f760,echo3D,https://www.echo3d.co/,https://wellfound.com/jobs/1730080-enterprise-account-executive-usa,Us Business Development And Operations Support Specialist Retail Robotic Solutions,https://wellfound.com/jobs/3130978-us-business-development-and-operations-support-specialist-retail-robotic-solutions,"Manhattan, NY, United States",Manhattan,NY,United States,Not specified,,,,Core Space,2026-08-15,2026-08-15,https://wellfound.com/jobs/1730080-enterprise-account-executive-usa,linked_page,4,success_after_fallback
3aa393bf69bb,2026-08-15,ba37ca62f760,echo3D,https://www.echo3d.co/,https://wellfound.com/jobs/1959251-enterprise-account-executive,Enterprise Account Executive,https://wellfound.com/jobs/1959251-enterprise-account-executive,"New York, New York, United States",New York,NY,United States,Remote,120000,180000,"Artificial Intelligence, Construction, Predictive Analytics, and Internet of Things",Core Space,2026-08-15,2026-08-15,https://wellfound.com/jobs/1959251-enterprise-account-executive,linked_page,3,success_after_fallback
8dd685d54965,2026-08-15,ba37ca62f760,echo3D,https://www.echo3d.co/,https://wellfound.com/jobs/2282687-manager-business-development-north-america-full-time,Director of Sales $10k – $80k • 1.0% – 5.0%,https://wellfound.com/jobs/3372582-director-of-sales,"Manhattan, NY, United States",Manhattan,NY,United States,Not specified,,,,Core Space,2026-08-15,2026-08-15,https://wellfound.com/jobs/2282687-manager-business-development-north-america-full-time,linked_page,4,success_after_fallback
c0ecb5efb77d,2026-08-15,ba37ca62f760,echo3D,https://www.echo3d.co/,https://wellfound.com/jobs/2282687-manager-business-development-north-america-full-time,Internship Opportunity Community Marketing Ambassador Indian Diaspora Focus,https://wellfound.com/jobs/3517942-internship-opportunity-community-marketing-ambassador-indian-diaspora-focus,"Manhattan, NY, United States",Manhattan,NY,United States,Not specified,,,,Core Space,2026-08-15,2026-08-15,https://wellfound.com/jobs/2282687-manager-business-development-north-america-full-time,linked_page,4,success_after_fallback
aacf1395b742,2026-08-15,ba37ca62f760,echo3D,https://www.echo3d.co/,https://wellfound.com/jobs/2282687-manager-business-development-north-america-full-time,Sales Executive Closer Real Estate Technology Services,https://wellfound.com/jobs/3826499-sales-executive-closer-real-estate-technology-services,"Manhattan, NY, United States",Manhattan,NY,United States,Not specified,,,,Core Space,2026-08-15,2026-08-15,https://wellfound.com/jobs/2282687-manager-business-development-north-america-full-time,linked_page,4,success_after_fallback
315244a8dcbf,2026-08-15,ba37ca62f760,echo3D,https://www.echo3d.co/,https://wellfound.com/jobs/2282687-manager-business-development-north-america-full-time,IBM Sales Manager $60k – $120k,https://wellfound.com/jobs/3827078-ibm-sales-manager,"Manhattan, NY, United States",Manhattan,NY,United States,Not specified,,,,Core Space,2026-08-15,2026-08-15,https://wellfound.com/jobs/2282687-manager-business-development-north-america-full-time,linked_page,4,success_after_fallback
ccb859dc18ce,2026-08-15,ba37ca62f760,echo3D,https://www.echo3d.co/,https://wellfound.com/jobs/2282687-manager-business-development-north-america-full-time,Founding GTM Lead $100k – $175k • 0.2% – 1.0%,https://wellfound.com/jobs/3904359-founding-gtm-lead,"Manhattan, NY, United States",Manhattan,NY,United States,Not specified,,,,Core Space,2026-08-15,2026-08-15,https://wellfound.com/jobs/2282687-manager-business-development-north-america-full-time,linked_page,4,success_after_fallback
be4c83859252,2026-08-15,ba37ca62f760,echo3D,https://www.echo3d.co/,https://wellfound.com/jobs/2282687-manager-business-development-north-america-full-time,Corporate Partnerships Lead $190k – $250k,https://wellfound.com/jobs/4058532-corporate-partnerships-lead,"Manhattan, NY, United States",Manhattan,NY,United States,Not specified,,,,Core Space,2026-08-15,2026-08-15,https://wellfound.com/jobs/2282687-manager-business-development-north-america-full-time,linked_page,4,success_after_fallback
e4207f4bb4af,2026-08-15,ba37ca62f760,echo3D,https://www.echo3d.co/,https://wellfound.com/jobs/2543673-director-strategic-accounts,Director of Partnerships $175k – $225k • 0.25% – 0.5%,https://wellfound.com/jobs/3610216-director-of-partnerships,"Manhattan, NY, United States",Manhattan,NY,United States,Not specified,,,,Core Space,2026-08-15,2026-08-15,https://wellfound.com/jobs/2543673-director-strategic-accounts,linked_page,4,success_after_fallback
6ea1d0d1d2bd,2026-08-15,ba37ca62f760,echo3D,https://www.echo3d.co/,https://wellfound.com/jobs/2543673-director-strategic-accounts,Strategic Partner Manager $150k – $180k,https://wellfound.com/jobs/3738373-strategic-partner-manager,"Manhattan, NY, United States",Manhattan,NY,United States,Not specified,,,,Core Space,2026-08-15,2026-08-15,https://wellfound.com/jobs/2543673-director-strategic-accounts,linked_page,4,success_after_fallback
a884bc9ccaf5,2026-08-15,ba37ca62f760,echo3D,https://www.echo3d.co/,https://wellfound.com/jobs/2543673-director-strategic-accounts,"Manager, Business Development $160k – $215k",https://wellfound.com/jobs/3904973-manager-business-development,"Manhattan, NY, United States",Manhattan,NY,United States,Not specified,,,,Core Space,2026-08-15,2026-08-15,https://wellfound.com/jobs/2543673-director-strategic-accounts,linked_page,4,success_after_fallback
715db2ec2764,2026-08-15,ba37ca62f760,echo3D,https://www.echo3d.co/,https://wellfound.com/jobs/2543673-director-strategic-accounts,Alternative Investments - Internal Associate $100k – $140k,https://wellfound.com/jobs/3990278-alternative-investments-internal-associate,"Manhattan, NY, United States",Manhattan,NY,United States,Not specified,,,,Core Space,2026-08-15,2026-08-15,https://wellfound.com/jobs/2543673-director-strategic-accounts,linked_page,4,success_after_fallback
4df306b877ee,2026-08-15,ba37ca62f760,echo3D,https://www.echo3d.co/,https://wellfound.com/jobs/2543673-director-strategic-accounts,Key Account Director $370k – $410k,https://wellfound.com/jobs/4014008-key-account-director,"Manhattan, NY, United States",Manhattan,NY,United States,Not specified,,,,Core Space,2026-08-15,2026-08-15,https://wellfound.com/jobs/2543673-director-strategic-accounts,linked_page,4,success_after_fallback
0cd6864ba884,2026-08-15,ba37ca62f760,echo3D,https://www.echo3d.co/,https://wellfound.com/jobs/2543673-director-strategic-accounts,"Strategic Partnerships Manager, Retail & Commerce $120k – $160k",https://wellfound.com/jobs/4109603-strategic-partnerships-manager-retail-commerce,"Manhattan, NY, United States",Manhattan,NY,United States,Not specified,,,,Core Space,2026-08-15,2026-08-15,https://wellfound.com/jobs/2543673-director-strategic-accounts,linked_page,4,success_after_fallback
0f016734aae9,2026-08-15,b0d788b8ea7e,ENSCO Avionics,https://www.ensco.com/aerospace/avionics-engineering-certification,https://job-boards.greenhouse.io/ensco,"Assistant Controller New Vienna, Virginia, United States",https://job-boards.greenhouse.io/ensco/jobs/5389049008,"Vienna, Virginia, United States",Vienna,VA,United States,Not specified,,,,Aerospace,2026-08-15,2026-08-15,https://job-boards.greenhouse.io/ensco,known_careers_url,5,success
30cd0322985c,2026-08-15,b0d788b8ea7e,ENSCO Avionics,https://www.ensco.com/aerospace/avionics-engineering-certification,https://job-boards.greenhouse.io/ensco,"Avionics Logistics Engineer II Endicott, New York, United States",https://job-boards.greenhouse.io/ensco/jobs/5214130008,"Endicott, New York, United States",Endicott,NY,United States,Not specified,,,,Aerospace,2026-08-15,2026-08-15,https://job-boards.greenhouse.io/ensco,known_careers_url,5,success
18bbfc625340,2026-08-15,b0d788b8ea7e,ENSCO Avionics,https://www.ensco.com/aerospace/avionics-engineering-certification,https://job-boards.greenhouse.io/ensco,"Avionics Software Engineer III Endicott, New York, United States",https://job-boards.greenhouse.io/ensco/jobs/5160122008,"Endicott, New York, United States",Endicott,NY,United States,Not specified,,,,Aerospace,2026-08-15,2026-08-15,https://job-boards.greenhouse.io/ensco,known_careers_url,5,success
85bbff793bfc,2026-08-15,b0d788b8ea7e,ENSCO Avionics,https://www.ensco.com/aerospace/avionics-engineering-certification,https://job-boards.greenhouse.io/ensco,"Configuration Management Specialist El Segundo, California, United States",https://job-boards.greenhouse.io/ensco/jobs/5361928008,"El Segundo, California, United States",El Segundo,CA,United States,Not specified,,,,Aerospace,2026-08-15,2026-08-15,https://job-boards.greenhouse.io/ensco,known_careers_url,5,success
78d0b807ba6a,2026-08-15,b0d788b8ea7e,ENSCO Avionics,https://www.ensco.com/aerospace/avionics-engineering-certification,https://job-boards.greenhouse.io/ensco,"Electrical Engineer / Board Designer Endicott, New York, United States",https://job-boards.greenhouse.io/ensco/jobs/5349135008,"Endicott, New York, United States",Endicott,NY,United States,Not specified,,,,Aerospace,2026-08-15,2026-08-15,https://job-boards.greenhouse.io/ensco,known_careers_url,5,success
08b2d8483858,2026-08-15,b0d788b8ea7e,ENSCO Avionics,https://www.ensco.com/aerospace/avionics-engineering-certification,https://job-boards.greenhouse.io/ensco,"Embedded Software Engineer Endicott, New York, United States",https://job-boards.greenhouse.io/ensco/jobs/5349198008,"Endicott, New York, United States",Endicott,NY,United States,Not specified,,,,Aerospace,2026-08-15,2026-08-15,https://job-boards.greenhouse.io/ensco,known_careers_url,5,success
d89dd55f29eb,2026-08-15,b0d788b8ea7e,ENSCO Avionics,https://www.ensco.com/aerospace/avionics-engineering-certification,https://job-boards.greenhouse.io/ensco,"Enterprise Architect Warrenton, Virginia, United States",https://job-boards.greenhouse.io/ensco/jobs/5286837008,"Warrenton, Virginia, United States",Warrenton,VA,United States,Not specified,,,,Aerospace,2026-08-15,2026-08-15,https://job-boards.greenhouse.io/ensco,known_careers_url,5,success
95b0a7e5e397,2026-08-15,b0d788b8ea7e,ENSCO Avionics,https://www.ensco.com/aerospace/avionics-engineering-certification,https://job-boards.greenhouse.io/ensco,"Enterprise Requirements and Integration Engineer Colorado Springs, Colorado, United States",https://job-boards.greenhouse.io/ensco/jobs/5361962008,"Colorado Springs, Colorado, United States",Colorado Springs,CO,United States,Not specified,,,,Aerospace,2026-08-15,2026-08-15,https://job-boards.greenhouse.io/ensco,known_careers_url,5,success
35f6e0cf6a13,2026-08-15,b0d788b8ea7e,ENSCO Avionics,https://www.ensco.com/aerospace/avionics-engineering-certification,https://job-boards.greenhouse.io/ensco,"Environmental Health & Safety (EHS) Specialist New Pueblo, Colorado, United States",https://job-boards.greenhouse.io/ensco/jobs/5380647008,"Pueblo, Colorado, United States",Pueblo,CO,United States,Not specified,,,,Aerospace,2026-08-15,2026-08-15,https://job-boards.greenhouse.io/ensco,known_careers_url,5,success
44cec47aec75,2026-08-15,b0d788b8ea7e,ENSCO Avionics,https://www.ensco.com/aerospace/avionics-engineering-certification,https://job-boards.greenhouse.io/ensco,"Field Service Engineer Chambersburg, Pennsylvania, United States",https://job-boards.greenhouse.io/ensco/jobs/5268029008,"Chambersburg, Pennsylvania, United States",Chambersburg,PA,United States,Not specified,,,,Aerospace,2026-08-15,2026-08-15,https://job-boards.greenhouse.io/ensco,known_careers_url,5,success
0a8d11a57921,2026-08-15,b0d788b8ea7e,ENSCO Avionics,https://www.ensco.com/aerospace/avionics-engineering-certification,https://job-boards.greenhouse.io/ensco,"FPGA Designer Endicott, New York, United States",https://job-boards.greenhouse.io/ensco/jobs/5349060008,"Endicott, New York, United States",Endicott,NY,United States,Not specified,,,,Aerospace,2026-08-15,2026-08-15,https://job-boards.greenhouse.io/ensco,known_careers_url,5,success
dafc47784c65,2026-08-15,b0d788b8ea7e,ENSCO Avionics,https://www.ensco.com/aerospace/avionics-engineering-certification,https://job-boards.greenhouse.io/ensco,"Junior Enterprise Architect Warrenton, Virginia, United States",https://job-boards.greenhouse.io/ensco/jobs/5286847008,"Warrenton, Virginia, United States",Warrenton,VA,United States,Not specified,,,,Aerospace,2026-08-15,2026-08-15,https://job-boards.greenhouse.io/ensco,known_careers_url,5,success
c0b48621c24a,2026-08-15,b0d788b8ea7e,ENSCO Avionics,https://www.ensco.com/aerospace/avionics-engineering-certification,https://job-boards.greenhouse.io/ensco,"Junior Scientific Data Analyst Melbourne, Florida, United States",https://job-boards.greenhouse.io/ensco/jobs/5354767008,"Melbourne, Florida, United States",Melbourne,FL,United States,Not specified,,,,Aerospace,2026-08-15,2026-08-15,https://job-boards.greenhouse.io/ensco,known_careers_url,5,success
9efbb6b72098,2026-08-15,b0d788b8ea7e,ENSCO Avionics,https://www.ensco.com/aerospace/avionics-engineering-certification,https://job-boards.greenhouse.io/ensco,"Junior Technician Chambersburg, Pennsylvania, United States",https://job-boards.greenhouse.io/ensco/jobs/5238947008,"Chambersburg, Pennsylvania, United States",Chambersburg,PA,United States,Not specified,,,,Aerospace,2026-08-15,2026-08-15,https://job-boards.greenhouse.io/ensco,known_careers_url,5,success
a6f7ae535e5b,2026-08-15,b0d788b8ea7e,ENSCO Avionics,https://www.ensco.com/aerospace/avionics-engineering-certification,https://job-boards.greenhouse.io/ensco,"Junior Technician New Chambersburg, Pennsylvania, United States",https://job-boards.greenhouse.io/ensco/jobs/5384815008,"Chambersburg, Pennsylvania, United States",Chambersburg,PA,United States,Not specified,,,,Aerospace,2026-08-15,2026-08-15,https://job-boards.greenhouse.io/ensco,known_careers_url,5,success
6bc9d293d27b,2026-08-15,b0d788b8ea7e,ENSCO Avionics,https://www.ensco.com/aerospace/avionics-engineering-certification,https://job-boards.greenhouse.io/ensco,"Machine Learning Engineer Melbourne, Florida, United States",https://job-boards.greenhouse.io/ensco/jobs/5228026008,"Melbourne, Florida, United States",Melbourne,FL,United States,Not specified,,,,Aerospace,2026-08-15,2026-08-15,https://job-boards.greenhouse.io/ensco,known_careers_url,5,success
58f245b6716a,2026-08-15,b0d788b8ea7e,ENSCO Avionics,https://www.ensco.com/aerospace/avionics-engineering-certification,https://job-boards.greenhouse.io/ensco,"Mechanical Engineer Endicott, New York, United States",https://job-boards.greenhouse.io/ensco/jobs/5350248008,"Endicott, New York, United States",Endicott,NY,United States,Not specified,,,,Aerospace,2026-08-15,2026-08-15,https://job-boards.greenhouse.io/ensco,known_careers_url,5,success
981e0da672ec,2026-08-15,b0d788b8ea7e,ENSCO Avionics,https://www.ensco.com/aerospace/avionics-engineering-certification,https://job-boards.greenhouse.io/ensco,"Onsite Mission Operations & Technical Support Specialist New Melbourne, Florida, United States",https://job-boards.greenhouse.io/ensco/jobs/5383032008,"Melbourne, Florida, United States",Melbourne,FL,United States,On-site,,,,Aerospace,2026-08-15,2026-08-15,https://job-boards.greenhouse.io/ensco,known_careers_url,5,success
c96dea8c5fd0,2026-08-15,b0d788b8ea7e,ENSCO Avionics,https://www.ensco.com/aerospace/avionics-engineering-certification,https://job-boards.greenhouse.io/ensco,"RHEL Systems Administrator (Cameo Administrator) Warrenton, Virginia, United States",https://job-boards.greenhouse.io/ensco/jobs/5375450008,"Warrenton, Virginia, United States",Warrenton,VA,United States,Not specified,,,,Aerospace,2026-08-15,2026-08-15,https://job-boards.greenhouse.io/ensco,known_careers_url,5,success
3656344df8eb,2026-08-15,b0d788b8ea7e,ENSCO Avionics,https://www.ensco.com/aerospace/avionics-engineering-certification,https://job-boards.greenhouse.io/ensco,"Scientific Data Analyst Melbourne, Florida, United States",https://job-boards.greenhouse.io/ensco/jobs/5279479008,"Melbourne, Florida, United States",Melbourne,FL,United States,Not specified,,,,Aerospace,2026-08-15,2026-08-15,https://job-boards.greenhouse.io/ensco,known_careers_url,5,success
d7887199c77c,2026-08-15,b0d788b8ea7e,ENSCO Avionics,https://www.ensco.com/aerospace/avionics-engineering-certification,https://job-boards.greenhouse.io/ensco,"Senior DevSecOps Cybersecurity Engineer El Segundo, California, United States",https://job-boards.greenhouse.io/ensco/jobs/5376278008,"El Segundo, California, United States",El Segundo,CA,United States,Not specified,,,,Aerospace,2026-08-15,2026-08-15,https://job-boards.greenhouse.io/ensco,known_careers_url,5,success
418b3c27cbfa,2026-08-15,b0d788b8ea7e,ENSCO Avionics,https://www.ensco.com/aerospace/avionics-engineering-certification,https://job-boards.greenhouse.io/ensco,"Senior Evolved Strategic Systems (ESS) Program, Systems Integration Engineer El Segundo, California, United States",https://job-boards.greenhouse.io/ensco/jobs/5170434008,"El Segundo, California, United States",El Segundo,CA,United States,Not specified,,,,Aerospace,2026-08-15,2026-08-15,https://job-boards.greenhouse.io/ensco,known_careers_url,5,success
3b2ad96ac381,2026-08-15,b0d788b8ea7e,ENSCO Avionics,https://www.ensco.com/aerospace/avionics-engineering-certification,https://job-boards.greenhouse.io/ensco,"Senior Program Systems Integration Engineer El Segundo, California, United States",https://job-boards.greenhouse.io/ensco/jobs/5361966008,"El Segundo, California, United States",El Segundo,CA,United States,Not specified,,,,Aerospace,2026-08-15,2026-08-15,https://job-boards.greenhouse.io/ensco,known_careers_url,5,success
d9e578b27932,2026-08-15,b0d788b8ea7e,ENSCO Avionics,https://www.ensco.com/aerospace/avionics-engineering-certification,https://job-boards.greenhouse.io/ensco,"Senior Project Manager New Pueblo, Colorado, United States",https://job-boards.greenhouse.io/ensco/jobs/5384887008,"Pueblo, Colorado, United States",Pueblo,CO,United States,Not specified,,,,Aerospace,2026-08-15,2026-08-15,https://job-boards.greenhouse.io/ensco,known_careers_url,5,success
4e41a2ff7770,2026-08-15,b0d788b8ea7e,ENSCO Avionics,https://www.ensco.com/aerospace/avionics-engineering-certification,https://job-boards.greenhouse.io/ensco,"Senior Software Systems Engineer Endicott, New York, United States",https://job-boards.greenhouse.io/ensco/jobs/5219423008,"Endicott, New York, United States",Endicott,NY,United States,Not specified,,,,Aerospace,2026-08-15,2026-08-15,https://job-boards.greenhouse.io/ensco,known_careers_url,5,success
59c84a5b209a,2026-08-15,b0d788b8ea7e,ENSCO Avionics,https://www.ensco.com/aerospace/avionics-engineering-certification,https://job-boards.greenhouse.io/ensco,"Senior Sustainment Systems Engineer Colorado Springs, Colorado, United States",https://job-boards.greenhouse.io/ensco/jobs/5231434008,"Colorado Springs, Colorado, United States",Colorado Springs,CO,United States,Not specified,,,,Aerospace,2026-08-15,2026-08-15,https://job-boards.greenhouse.io/ensco,known_careers_url,5,success
722e6ef316e1,2026-08-15,b0d788b8ea7e,ENSCO Avionics,https://www.ensco.com/aerospace/avionics-engineering-certification,https://job-boards.greenhouse.io/ensco,"Senior Target Digital Network Analyst Colorado Springs, Colorado, United States",https://job-boards.greenhouse.io/ensco/jobs/5308852008,"Colorado Springs, Colorado, United States",Colorado Springs,CO,United States,Not specified,,,,Aerospace,2026-08-15,2026-08-15,https://job-boards.greenhouse.io/ensco,known_careers_url,5,success
d900795cadd4,2026-08-15,b0d788b8ea7e,ENSCO Avionics,https://www.ensco.com/aerospace/avionics-engineering-certification,https://job-boards.greenhouse.io/ensco,"Software Architect Colorado Springs, Colorado, United States",https://job-boards.greenhouse.io/ensco/jobs/5287251008,"Colorado Springs, Colorado, United States",Colorado Springs,CO,United States,Not specified,,,,Aerospace,2026-08-15,2026-08-15,https://job-boards.greenhouse.io/ensco,known_careers_url,5,success
5e21881dd2f0,2026-08-15,b0d788b8ea7e,ENSCO Avionics,https://www.ensco.com/aerospace/avionics-engineering-certification,https://job-boards.greenhouse.io/ensco,"Software Delivery Lead Colorado Springs, Colorado, United States; El Segundo, California, United States",https://job-boards.greenhouse.io/ensco/jobs/5361886008,"Colorado Springs, Colorado, United States; El Segundo, California, United States",Colorado Springs,CO,United States,Not specified,,,,Aerospace,2026-08-15,2026-08-15,https://job-boards.greenhouse.io/ensco,known_careers_url,5,success
4240676814b9,2026-08-15,b0d788b8ea7e,ENSCO Avionics,https://www.ensco.com/aerospace/avionics-engineering-certification,https://job-boards.greenhouse.io/ensco,"Software Developer Colorado Springs, Colorado, United States",https://job-boards.greenhouse.io/ensco/jobs/5287243008,"Colorado Springs, Colorado, United States",Colorado Springs,CO,United States,Not specified,,,,Aerospace,2026-08-15,2026-08-15,https://job-boards.greenhouse.io/ensco,known_careers_url,5,success
7a16597ee620,2026-08-15,b0d788b8ea7e,ENSCO Avionics,https://www.ensco.com/aerospace/avionics-engineering-certification,https://job-boards.greenhouse.io/ensco,"Software Developer New Melbourne, Florida, United States",https://job-boards.greenhouse.io/ensco/jobs/5384918008,"Melbourne, Florida, United States",Melbourne,FL,United States,Not specified,,,,Aerospace,2026-08-15,2026-08-15,https://job-boards.greenhouse.io/ensco,known_careers_url,5,success
49d8eb860e09,2026-08-15,b0d788b8ea7e,ENSCO Avionics,https://www.ensco.com/aerospace/avionics-engineering-certification,https://job-boards.greenhouse.io/ensco,"Software Verification Engineer Endicott, New York, United States",https://job-boards.greenhouse.io/ensco/jobs/5078558008,"Endicott, New York, United States",Endicott,NY,United States,Not specified,,,,Aerospace,2026-08-15,2026-08-15,https://job-boards.greenhouse.io/ensco,known_careers_url,5,success
f89b9f45bf4c,2026-08-15,b0d788b8ea7e,ENSCO Avionics,https://www.ensco.com/aerospace/avionics-engineering-certification,https://job-boards.greenhouse.io/ensco,"Strategic Ground Systems Integration Lead El Segundo, California, United States",https://job-boards.greenhouse.io/ensco/jobs/5375727008,"El Segundo, California, United States",El Segundo,CA,United States,Not specified,,,,Aerospace,2026-08-15,2026-08-15,https://job-boards.greenhouse.io/ensco,known_careers_url,5,success
093154c2f256,2026-08-15,b0d788b8ea7e,ENSCO Avionics,https://www.ensco.com/aerospace/avionics-engineering-certification,https://job-boards.greenhouse.io/ensco,"Strategic MBSE Requirements & ICD Lead El Segundo, California, United States",https://job-boards.greenhouse.io/ensco/jobs/5362002008,"El Segundo, California, United States",El Segundo,CA,United States,Not specified,,,,Aerospace,2026-08-15,2026-08-15,https://job-boards.greenhouse.io/ensco,known_careers_url,5,success
3226c8c5d001,2026-08-15,b0d788b8ea7e,ENSCO Avionics,https://www.ensco.com/aerospace/avionics-engineering-certification,https://job-boards.greenhouse.io/ensco,"Strategic Requirements Systems Engineer El Segundo, California, United States",https://job-boards.greenhouse.io/ensco/jobs/5361950008,"El Segundo, California, United States",El Segundo,CA,United States,Not specified,,,,Aerospace,2026-08-15,2026-08-15,https://job-boards.greenhouse.io/ensco,known_careers_url,5,success
c1a771caa3fe,2026-08-15,b0d788b8ea7e,ENSCO Avionics,https://www.ensco.com/aerospace/avionics-engineering-certification,https://job-boards.greenhouse.io/ensco,"Strategic Senior Acquisition Support Specialist El Segundo, California, United States",https://job-boards.greenhouse.io/ensco/jobs/5226392008,"El Segundo, California, United States",El Segundo,CA,United States,Not specified,,,,Aerospace,2026-08-15,2026-08-15,https://job-boards.greenhouse.io/ensco,known_careers_url,5,success
9fb03e5525ff,2026-08-15,b0d788b8ea7e,ENSCO Avionics,https://www.ensco.com/aerospace/avionics-engineering-certification,https://job-boards.greenhouse.io/ensco,"Sustainment Test & Evaluation Engineer Colorado Springs, Colorado, United States",https://job-boards.greenhouse.io/ensco/jobs/5264672008,"Colorado Springs, Colorado, United States",Colorado Springs,CO,United States,Not specified,,,,Aerospace,2026-08-15,2026-08-15,https://job-boards.greenhouse.io/ensco,known_careers_url,5,success
10176d1dcf90,2026-08-15,b0d788b8ea7e,ENSCO Avionics,https://www.ensco.com/aerospace/avionics-engineering-certification,https://job-boards.greenhouse.io/ensco,"Test Equipment Engineer Endicott, New York, United States",https://job-boards.greenhouse.io/ensco/jobs/5285597008,"Endicott, New York, United States",Endicott,NY,United States,Not specified,,,,Aerospace,2026-08-15,2026-08-15,https://job-boards.greenhouse.io/ensco,known_careers_url,5,success
22f87ce948f3,2026-08-15,5e6b2d8a10cd,Flexim Americas,https://www.flexim.com/us,https://joinhandshake.com/early-talent-awards/2026/emerson,Associate Technical Training Instructor,https://app.joinhandshake.com/public/jobs/11098979,"Pittsburgh, Pennsylvania, US; Pittsburgh, Pennsylvania, US",Pittsburgh,PA,United States,Not specified,70000,80000,,Aerospace,2026-08-15,2026-08-15,https://joinhandshake.com/early-talent-awards/2026/emerson,linked_page,4,success_after_fallback
0f0ed6339532,2026-08-15,5e6b2d8a10cd,Flexim Americas,https://www.flexim.com/us,https://joinhandshake.com/early-talent-awards/2026/emerson,Inside Sales Engineer,https://app.joinhandshake.com/public/jobs/11293597,"Boulder, Colorado, US",Boulder,CO,United States,Not specified,70000,74000,,Aerospace,2026-08-15,2026-08-15,https://joinhandshake.com/early-talent-awards/2026/emerson,linked_page,4,success_after_fallback
c0c8f2a6a7fd,2026-08-15,5e6b2d8a10cd,Flexim Americas,https://www.flexim.com/us,https://joinhandshake.com/early-talent-awards/2026/emerson,Manufacturing Engineer,https://app.joinhandshake.com/public/jobs/11289884,"Minneapolis, Minnesota, US",Minneapolis,MN,United States,Not specified,70000,74000,,Aerospace,2026-08-15,2026-08-15,https://joinhandshake.com/early-talent-awards/2026/emerson,linked_page,4,success_after_fallback
5f5615ac29d2,2026-08-15,5e6b2d8a10cd,Flexim Americas,https://www.flexim.com/us,https://joinhandshake.com/early-talent-awards/2026/emerson,Mechanical Engineer,https://app.joinhandshake.com/public/jobs/11239761,"Naperville, Illinois, US",Naperville,IL,United States,Not specified,75000,90000,,Aerospace,2026-08-15,2026-08-15,https://joinhandshake.com/early-talent-awards/2026/emerson,linked_page,4,success_after_fallback
97706cc9a709,2026-08-15,5e6b2d8a10cd,Flexim Americas,https://www.flexim.com/us,https://joinhandshake.com/early-talent-awards/2026/emerson,Quality Engineer,https://app.joinhandshake.com/public/jobs/11235277,"Ash Flat, Arkansas, US",Ash Flat,AR,United States,Not specified,,,,Aerospace,2026-08-15,2026-08-15,https://joinhandshake.com/early-talent-awards/2026/emerson,linked_page,4,success_after_fallback
0956cdee6211,2026-08-15,5e6b2d8a10cd,Flexim Americas,https://www.flexim.com/us,https://joinhandshake.com/students/whos-hiring,Quantitative Trading Intern at DL Trading,https://app.joinhandshake.com/public/jobs/11307051,"Brentwood, NY, United States",Brentwood,NY,United States,Not specified,,,,Aerospace,2026-08-15,2026-08-15,https://joinhandshake.com/students/whos-hiring,linked_page,4,success_after_fallback
47b76a4d5615,2026-08-15,5e6b2d8a10cd,Flexim Americas,https://www.flexim.com/us,https://joinhandshake.com/students/whos-hiring,Student Worker - Barrett Food Service or Catering - ASU-Board Operations at Aramark,https://app.joinhandshake.com/public/jobs/11307039,"Brentwood, NY, United States",Brentwood,NY,United States,Not specified,,,,Aerospace,2026-08-15,2026-08-15,https://joinhandshake.com/students/whos-hiring,linked_page,4,success_after_fallback
a2ec559c3b34,2026-08-15,5e6b2d8a10cd,Flexim Americas,https://www.flexim.com/us,https://joinhandshake.com/students/whos-hiring,Events & Member Engagement Intern at BritishAmerican Business,https://app.joinhandshake.com/public/jobs/11306996,"Brentwood, NY, United States",Brentwood,NY,United States,Not specified,,,,Aerospace,2026-08-15,2026-08-15,https://joinhandshake.com/students/whos-hiring,linked_page,4,success_after_fallback
cdef3dd35232,2026-08-15,5e6b2d8a10cd,Flexim Americas,https://www.flexim.com/us,https://joinhandshake.com/students/whos-hiring,HR Intern Training Development at Earth Friendly Products,https://app.joinhandshake.com/public/jobs/11306994,"Brentwood, NY, United States",Brentwood,NY,United States,Not specified,,,,Aerospace,2026-08-15,2026-08-15,https://joinhandshake.com/students/whos-hiring,linked_page,4,success_after_fallback
86450ac83ebe,2026-08-15,5e6b2d8a10cd,Flexim Americas,https://www.flexim.com/us,https://joinhandshake.com/students/whos-hiring,SEO Engineer Intern at ASTORIE,https://app.joinhandshake.com/public/jobs/11306964,"Brentwood, NY, United States",Brentwood,NY,United States,Not specified,,,,Aerospace,2026-08-15,2026-08-15,https://joinhandshake.com/students/whos-hiring,linked_page,4,success_after_fallback
6326b3361ae6,2026-08-15,5e6b2d8a10cd,Flexim Americas,https://www.flexim.com/us,https://joinhandshake.com/students/whos-hiring,"Kindergarten Teacher at Midwest Management Group, Inc.",https://app.joinhandshake.com/public/jobs/11307054,"Brentwood, NY, United States",Brentwood,NY,United States,Not specified,,,,Aerospace,2026-08-15,2026-08-15,https://joinhandshake.com/students/whos-hiring,linked_page,4,success_after_fallback
c402206734cc,2026-08-15,5e6b2d8a10cd,Flexim Americas,https://www.flexim.com/us,https://joinhandshake.com/students/whos-hiring,Legal Assistant at Silver Eagle Law,https://app.joinhandshake.com/public/jobs/11307056,"Brentwood, NY, United States",Brentwood,NY,United States,Not specified,,,,Aerospace,2026-08-15,2026-08-15,https://joinhandshake.com/students/whos-hiring,linked_page,4,success_after_fallback
58e984f81fe7,2026-08-15,5e6b2d8a10cd,Flexim Americas,https://www.flexim.com/us,https://joinhandshake.com/students/whos-hiring,ELECTRONICS TECHNICIAN at Naval Civilian Careers,https://app.joinhandshake.com/public/jobs/11307034,"Brentwood, NY, United States",Brentwood,NY,United States,Not specified,,,,Aerospace,2026-08-15,2026-08-15,https://joinhandshake.com/students/whos-hiring,linked_page,4,success_after_fallback
bd48fc543a63,2026-08-15,9c006685bfd8,General Dynamics,https://www.gdit.com/,https://www.gdit.com/careers/areas-of-expertise,Corporate Operations,https://www.gdit.com/careers/featured-career-paths/corporate-operations,"Rensselaer, NY, United States",Rensselaer,NY,United States,Not specified,,,,Core Space,2026-08-15,2026-08-15,https://www.gdit.com/careers/areas-of-expertise,linked_page,3,success_after_fallback
8cc96cd7ca2c,2026-08-15,22f272cffdda,GI Aerospace,https://www.giaerospace.com/,https://www.gicorp.com/careers/opportunities,Procurement and Sales Coordinator,https://www.gicorp.com/careers/engineering/311-procurement-sales-coordinator,"Kochi, Kerala, India",Kochi,Kerala,India,Not specified,,,,Aerospace,2026-08-15,2026-08-15,https://www.gicorp.com/careers/opportunities,known_careers_url,4,success
73d48c20870d,2026-08-15,22f272cffdda,GI Aerospace,https://www.giaerospace.com/,https://www.gicorp.com/careers/opportunities,Procurement and Sales Coordinator,https://www.gicorp.com/careers/engineering/312-procurement-sales-coordinator,"Dubai, United Arab Emirates",Dubai,,United Arab Emirates,Not specified,,,,Aerospace,2026-08-15,2026-08-15,https://www.gicorp.com/careers/opportunities,known_careers_url,4,success
6980f4a1dae3,2026-08-15,22f272cffdda,GI Aerospace,https://www.giaerospace.com/,https://www.gicorp.com/careers/opportunities,CNC Swiss Lathe Operator - Air Conditioned Facility,https://www.gicorp.com/careers/corp/740-cnc-lathe-machinist,"Houston, TX, United States",Houston,TX,United States,Not specified,,,,Aerospace,2026-08-15,2026-08-15,https://www.gicorp.com/careers/opportunities,known_careers_url,4,success
16834486b237,2026-08-15,22f272cffdda,GI Aerospace,https://www.giaerospace.com/,https://www.gicorp.com/careers/opportunities,Warehouse Associate / Packer,https://www.gicorp.com/careers/pacificsystems/902-warehouse-associate,"Houston, TX, United States",Houston,TX,United States,Not specified,,,,Aerospace,2026-08-15,2026-08-15,https://www.gicorp.com/careers/opportunities,known_careers_url,4,success
e1334ec3197a,2026-08-15,22f272cffdda,GI Aerospace,https://www.giaerospace.com/,https://www.gicorp.com/careers/opportunities,DoD Contractor - Military Packaging Associate,https://www.gicorp.com/careers/pacificsystems/901-packaging-administrator,"Houston, TX, United States",Houston,TX,United States,Not specified,,,,Aerospace,2026-08-15,2026-08-15,https://www.gicorp.com/careers/opportunities,known_careers_url,4,success
cf76937925a1,2026-08-15,22f272cffdda,GI Aerospace,https://www.giaerospace.com/,https://www.gicorp.com/careers/opportunities,Full-Stack Developer - Python & Javascript,https://www.gicorp.com/careers/corp/731-full-stack-developer,"Kochi, Kerala, India",Kochi,Kerala,India,Not specified,,,,Aerospace,2026-08-15,2026-08-15,https://www.gicorp.com/careers/opportunities,known_careers_url,4,success
6c8504dad2fd,2026-08-15,22f272cffdda,GI Aerospace,https://www.giaerospace.com/,https://www.gicorp.com/careers/opportunities,Python Developer - Django,https://www.gicorp.com/careers/corp/732-python-developer-django,"Kochi, Kerala, India",Kochi,Kerala,India,Not specified,,,,Aerospace,2026-08-15,2026-08-15,https://www.gicorp.com/careers/opportunities,known_careers_url,4,success
1e0fd893ba57,2026-08-15,22f272cffdda,GI Aerospace,https://www.giaerospace.com/,https://www.gicorp.com/careers/opportunities,UI / UX Designer,https://www.gicorp.com/careers/consulting/706-ui-ux-designer,"Kochi, Kerala, India",Kochi,Kerala,India,Not specified,,,,Aerospace,2026-08-15,2026-08-15,https://www.gicorp.com/careers/opportunities,known_careers_url,4,success
40ffeb81575d,2026-08-15,22f272cffdda,GI Aerospace,https://www.giaerospace.com/,https://www.gicorp.com/careers/opportunities,Creative Designer - Web and Print,https://www.gicorp.com/careers/corp/734-creative-designer,"Kochi, Kerala, India",Kochi,Kerala,India,Not specified,,,,Aerospace,2026-08-15,2026-08-15,https://www.gicorp.com/careers/opportunities,known_careers_url,4,success
1255dd6cfdd8,2026-08-15,22f272cffdda,GI Aerospace,https://www.giaerospace.com/,https://www.gicorp.com/careers/opportunities,Windows System Administrator,https://www.gicorp.com/careers/corp/738-windows-system-administrator,"Kochi, Kerala, India",Kochi,Kerala,India,Not specified,,,,Aerospace,2026-08-15,2026-08-15,https://www.gicorp.com/careers/opportunities,known_careers_url,4,success
fff41ec9a9cb,2026-08-15,22f272cffdda,GI Aerospace,https://www.giaerospace.com/,https://www.gicorp.com/careers/opportunities,EU Operations & Sales Manager,https://www.gicorp.com/careers/europe/501-eu-operations-sales-manager,"Rotterdam, Netherlands",Rotterdam,,Netherlands,Not specified,,,,Aerospace,2026-08-15,2026-08-15,https://www.gicorp.com/careers/opportunities,known_careers_url,4,success
0c572d500ee6,2026-08-15,22f272cffdda,GI Aerospace,https://www.giaerospace.com/,https://www.gicorp.com/careers/opportunities,Aircraft Assembly Tools - Sales,https://www.gicorp.com/careers/wescon/405-aircraft-assembly-tools-sales,"Houston, TX, United States",Houston,TX,United States,Not specified,,,,Aerospace,2026-08-15,2026-08-15,https://www.gicorp.com/careers/opportunities,known_careers_url,4,success
3f5004c79f36,2026-08-15,22f272cffdda,GI Aerospace,https://www.giaerospace.com/,https://www.gicorp.com/careers/opportunities,Sales Engineer - Electrical,https://www.gicorp.com/careers/engineering/315-sales-engineer-elecrical,"Kochi, Kerala, India",Kochi,Kerala,India,Not specified,,,,Aerospace,2026-08-15,2026-08-15,https://www.gicorp.com/careers/opportunities,known_careers_url,4,success
c9b04257d48a,2026-08-15,22f272cffdda,GI Aerospace,https://www.giaerospace.com/,https://www.gicorp.com/careers/opportunities,Power Transformers (132kV and above) Testing & Commissioning Engineer,https://www.gicorp.com/careers/engineering/307-Transformer-Testing-Commissioning-Engineer,"Dubai, United Arab Emirates",Dubai,,United Arab Emirates,Not specified,,,,Aerospace,2026-08-15,2026-08-15,https://www.gicorp.com/careers/opportunities,known_careers_url,4,success
9dd297bf7d6b,2026-08-15,22f272cffdda,GI Aerospace,https://www.giaerospace.com/,https://www.gicorp.com/careers/opportunities,Aviation Tools Sales Manager - Europe,https://www.gicorp.com/careers/wescon/403-aviation-tools-sales-manager-europe,"United Kingdom, European Union",,,United Kingdom,Not specified,,,,Aerospace,2026-08-15,2026-08-15,https://www.gicorp.com/careers/opportunities,known_careers_url,4,success
348a3cd2baa2,2026-08-15,22f272cffdda,GI Aerospace,https://www.giaerospace.com/,https://www.gicorp.com/careers/opportunities,Aviation Tools Sales Manager - United States,https://www.gicorp.com/careers/wescon/401-aviation-tools-sales-manager-united-states,"Houston, TX, United States",Houston,TX,United States,Not specified,,,,Aerospace,2026-08-15,2026-08-15,https://www.gicorp.com/careers/opportunities,known_careers_url,4,success
44617c16a82a,2026-08-15,22f272cffdda,GI Aerospace,https://www.giaerospace.com/,https://www.gicorp.com/careers/corp/742-cnc-swiss-lathe-programmer,CNC Swiss Lathe Programmer - Air Conditioned Facility,https://www.gicorp.com/careers/corp/742-cnc-swiss-lathe-programmer,"Austin, TX, United States, Austin, TX, United States, US",Austin,TX,United States,Not specified,,,,Aerospace,2026-08-15,2026-08-15,https://www.gicorp.com/careers/corp/742-cnc-swiss-lathe-programmer,linked_page,3,success_after_fallback
7b7751014110,2026-08-15,22f272cffdda,GI Aerospace,https://www.giaerospace.com/,https://www.gicorp.com/careers/corp/742-cnc-swiss-lathe-programmer,"Read, interpret, and work from complex blueprints and engineering drawings.",https://www.gicorp.com/careers/corp/apply,"Queens, NY, United States",Queens,NY,United States,Not specified,,,,Aerospace,2026-08-15,2026-08-15,https://www.gicorp.com/careers/corp/742-cnc-swiss-lathe-programmer,linked_page,3,success_after_fallback
9548940e9a5e,2026-08-15,22f272cffdda,GI Aerospace,https://www.giaerospace.com/,https://www.gicorp.com/careers/corp/741-cnc-swiss-lathe-programmer,CNC Mill Programmer - Air Conditioned Facility,https://www.gicorp.com/careers/corp/741-cnc-swiss-lathe-programmer,"Houston, TX, United States, Houston, TX, United States, US",Houston,TX,United States,Not specified,,,,Aerospace,2026-08-15,2026-08-15,https://www.gicorp.com/careers/corp/741-cnc-swiss-lathe-programmer,linked_page,3,success_after_fallback
557fb95a533a,2026-08-15,22f272cffdda,GI Aerospace,https://www.giaerospace.com/,https://www.gicorp.com/careers/corp/743-cnc-mill-programmer,CNC Mill Programmer - Air Conditioned Facility,https://www.gicorp.com/careers/corp/743-cnc-mill-programmer,"Houston, TX, United States, Houston, TX, United States, US",Houston,TX,United States,Not specified,,,,Aerospace,2026-08-15,2026-08-15,https://www.gicorp.com/careers/corp/743-cnc-mill-programmer,linked_page,3,success_after_fallback
35021aeedbd6,2026-08-15,22f272cffdda,GI Aerospace,https://www.giaerospace.com/,https://www.gicorp.com/careers/pacificsystems/902-warehouse-associate,Warehouse Associate / Packer,https://www.gicorp.com/careers/pacificsystems/apply,"Queens, NY, United States",Queens,NY,United States,Not specified,,,,Aerospace,2026-08-15,2026-08-15,https://www.gicorp.com/careers/pacificsystems/902-warehouse-associate,linked_page,3,success_after_fallback
868751eacef7,2026-08-15,9aece7086b18,Huntington Ingalls Industries,https://hii.com/,https://careers.huntingtoningalls.com/search?q=&locationsearch=Pascagoula%2C+MS&sortColumn=referencedate&sortDirection=desc&searchby=location&d=10,MGR ENGINEERING 2,https://careers.huntingtoningalls.com/job/Pascagoula-MGR-ENGINEERING-2-Miss/1419489300,"Syracuse, NY, United States",Syracuse,NY,United States,Not specified,,,,Space & Defense,2026-08-15,2026-08-15,https://careers.huntingtoningalls.com/search?q=&locationsearch=Pascagoula%2C+MS&sortColumn=referencedate&sortDirection=desc&searchby=location&d=10,known_careers_url,4,success
2eaecad0ebb8,2026-08-15,9aece7086b18,Huntington Ingalls Industries,https://hii.com/,https://careers.huntingtoningalls.com/search?q=&locationsearch=Pascagoula%2C+MS&sortColumn=referencedate&sortDirection=desc&searchby=location&d=10,PROJECT MANAGEMENT 1,https://careers.huntingtoningalls.com/job/Pascagoula-PROJECT-MANAGEMENT-1-Miss/1419494400,"Syracuse, NY, United States",Syracuse,NY,United States,Not specified,,,,Space & Defense,2026-08-15,2026-08-15,https://careers.huntingtoningalls.com/search?q=&locationsearch=Pascagoula%2C+MS&sortColumn=referencedate&sortDirection=desc&searchby=location&d=10,known_careers_url,4,success
5e2e5a17b040,2026-08-15,9aece7086b18,Huntington Ingalls Industries,https://hii.com/,https://careers.huntingtoningalls.com/search?q=&locationsearch=Pascagoula%2C+MS&sortColumn=referencedate&sortDirection=desc&searchby=location&d=10,ENGINEERING DESIGN 3,https://careers.huntingtoningalls.com/job/Pascagoula-ENGINEERING-DESIGN-3-Miss/1419553000,"Syracuse, NY, United States",Syracuse,NY,United States,Not specified,,,,Space & Defense,2026-08-15,2026-08-15,https://careers.huntingtoningalls.com/search?q=&locationsearch=Pascagoula%2C+MS&sortColumn=referencedate&sortDirection=desc&searchby=location&d=10,known_careers_url,4,success
e9f7f14d5f28,2026-08-15,9aece7086b18,Huntington Ingalls Industries,https://hii.com/,https://careers.huntingtoningalls.com/search?q=&locationsearch=Pascagoula%2C+MS&sortColumn=referencedate&sortDirection=desc&searchby=location&d=10,ENGINEERING DESIGN 4,https://careers.huntingtoningalls.com/job/Pascagoula-ENGINEERING-DESIGN-4-Miss/1419553300,"Syracuse, NY, United States",Syracuse,NY,United States,Not specified,,,,Space & Defense,2026-08-15,2026-08-15,https://careers.huntingtoningalls.com/search?q=&locationsearch=Pascagoula%2C+MS&sortColumn=referencedate&sortDirection=desc&searchby=location&d=10,known_careers_url,4,success
1e67a2183f38,2026-08-15,9aece7086b18,Huntington Ingalls Industries,https://hii.com/,https://careers.huntingtoningalls.com/search?q=&locationsearch=Pascagoula%2C+MS&sortColumn=referencedate&sortDirection=desc&searchby=location&d=10,ENGINEERING DESIGN 2,https://careers.huntingtoningalls.com/job/Pascagoula-ENGINEERING-DESIGN-2-Miss/1419688900,"Syracuse, NY, United States",Syracuse,NY,United States,Not specified,,,,Space & Defense,2026-08-15,2026-08-15,https://careers.huntingtoningalls.com/search?q=&locationsearch=Pascagoula%2C+MS&sortColumn=referencedate&sortDirection=desc&searchby=location&d=10,known_careers_url,4,success
479f2170aa1c,2026-08-15,9aece7086b18,Huntington Ingalls Industries,https://hii.com/,https://careers.huntingtoningalls.com/search?q=&locationsearch=Pascagoula%2C+MS&sortColumn=referencedate&sortDirection=desc&searchby=location&d=10,ENGINEERING HULL DESIGN 2,https://careers.huntingtoningalls.com/job/Pascagoula-ENGINEERING-HULL-DESIGN-2-Miss/1419689300,"Syracuse, NY, United States",Syracuse,NY,United States,Not specified,,,,Space & Defense,2026-08-15,2026-08-15,https://careers.huntingtoningalls.com/search?q=&locationsearch=Pascagoula%2C+MS&sortColumn=referencedate&sortDirection=desc&searchby=location&d=10,known_careers_url,4,success
1ce728366e7e,2026-08-15,9aece7086b18,Huntington Ingalls Industries,https://hii.com/,https://careers.huntingtoningalls.com/search?q=&locationsearch=Pascagoula%2C+MS&sortColumn=referencedate&sortDirection=desc&searchby=location&d=10,DESIGNER 4,https://careers.huntingtoningalls.com/job/Pascagoula-DESIGNER-4-Miss/1419008600,"Syracuse, NY, United States",Syracuse,NY,United States,Not specified,,,,Space & Defense,2026-08-15,2026-08-15,https://careers.huntingtoningalls.com/search?q=&locationsearch=Pascagoula%2C+MS&sortColumn=referencedate&sortDirection=desc&searchby=location&d=10,known_careers_url,4,success
efa5d85a58c7,2026-08-15,9aece7086b18,Huntington Ingalls Industries,https://hii.com/,https://careers.huntingtoningalls.com/search?q=&locationsearch=Pascagoula%2C+MS&sortColumn=referencedate&sortDirection=desc&searchby=location&d=10,DESIGNER 2,https://careers.huntingtoningalls.com/job/Pascagoula-DESIGNER-2-Miss/1419008800,"Syracuse, NY, United States",Syracuse,NY,United States,Not specified,,,,Space & Defense,2026-08-15,2026-08-15,https://careers.huntingtoningalls.com/search?q=&locationsearch=Pascagoula%2C+MS&sortColumn=referencedate&sortDirection=desc&searchby=location&d=10,known_careers_url,4,success
6eda33ad96ba,2026-08-15,9aece7086b18,Huntington Ingalls Industries,https://hii.com/,https://careers.huntingtoningalls.com/search?q=&locationsearch=Pascagoula%2C+MS&sortColumn=referencedate&sortDirection=desc&searchby=location&d=10,MANUFACTURING ANALYST 2,https://careers.huntingtoningalls.com/job/Pascagoula-MANUFACTURING-ANALYST-2-Miss/1419062400,"Syracuse, NY, United States",Syracuse,NY,United States,Not specified,,,,Space & Defense,2026-08-15,2026-08-15,https://careers.huntingtoningalls.com/search?q=&locationsearch=Pascagoula%2C+MS&sortColumn=referencedate&sortDirection=desc&searchby=location&d=10,known_careers_url,4,success
ae7618754ce9,2026-08-15,9aece7086b18,Huntington Ingalls Industries,https://hii.com/,https://careers.huntingtoningalls.com/search?q=&locationsearch=Pascagoula%2C+MS&sortColumn=referencedate&sortDirection=desc&searchby=location&d=10,DESIGNER 1,https://careers.huntingtoningalls.com/job/Pascagoula-DESIGNER-1-Miss/1419008500,"Syracuse, NY, United States",Syracuse,NY,United States,Not specified,,,,Space & Defense,2026-08-15,2026-08-15,https://careers.huntingtoningalls.com/search?q=&locationsearch=Pascagoula%2C+MS&sortColumn=referencedate&sortDirection=desc&searchby=location&d=10,known_careers_url,4,success
b8cb6aa834fa,2026-08-15,9aece7086b18,Huntington Ingalls Industries,https://hii.com/,https://careers.huntingtoningalls.com/search?q=&locationsearch=Pascagoula%2C+MS&sortColumn=referencedate&sortDirection=desc&searchby=location&d=10,INFORMATION ASSURANCE ENGINEER 3,https://careers.huntingtoningalls.com/job/Pascagoula-INFORMATION-ASSURANCE-ENGINEER-3-Miss/1418553400,"Syracuse, NY, United States",Syracuse,NY,United States,Not specified,,,,Space & Defense,2026-08-15,2026-08-15,https://careers.huntingtoningalls.com/search?q=&locationsearch=Pascagoula%2C+MS&sortColumn=referencedate&sortDirection=desc&searchby=location&d=10,known_careers_url,4,success
f05a615dd9d3,2026-08-15,9aece7086b18,Huntington Ingalls Industries,https://hii.com/,https://careers.huntingtoningalls.com/search?q=&locationsearch=Pascagoula%2C+MS&sortColumn=referencedate&sortDirection=desc&searchby=location&d=10,ENGINEER STRUCTURAL 1,https://careers.huntingtoningalls.com/job/Pascagoula-ENGINEER-STRUCTURAL-1-Miss/1417769100,"Syracuse, NY, United States",Syracuse,NY,United States,Not specified,,,,Space & Defense,2026-08-15,2026-08-15,https://careers.huntingtoningalls.com/search?q=&locationsearch=Pascagoula%2C+MS&sortColumn=referencedate&sortDirection=desc&searchby=location&d=10,known_careers_url,4,success
7992e84a532b,2026-08-15,9aece7086b18,Huntington Ingalls Industries,https://hii.com/,https://careers.huntingtoningalls.com/search?q=&locationsearch=Pascagoula%2C+MS&sortColumn=referencedate&sortDirection=desc&searchby=location&d=10,PRODUCTION TEST TECHNICIAN 4,https://careers.huntingtoningalls.com/job/Pascagoula-PRODUCTION-TEST-TECHNICIAN-4-Miss/1417765200,"Syracuse, NY, United States",Syracuse,NY,United States,Not specified,,,,Space & Defense,2026-08-15,2026-08-15,https://careers.huntingtoningalls.com/search?q=&locationsearch=Pascagoula%2C+MS&sortColumn=referencedate&sortDirection=desc&searchby=location&d=10,known_careers_url,4,success
820079844a40,2026-08-15,9aece7086b18,Huntington Ingalls Industries,https://hii.com/,https://careers.huntingtoningalls.com/search?q=&locationsearch=Pascagoula%2C+MS&sortColumn=referencedate&sortDirection=desc&searchby=location&d=10,ENGINEER ELECTRICAL 4,https://careers.huntingtoningalls.com/job/Pascagoula-ENGINEER-ELECTRICAL-4-Miss/1401908600,"Syracuse, NY, United States",Syracuse,NY,United States,Not specified,,,,Space & Defense,2026-08-15,2026-08-15,https://careers.huntingtoningalls.com/search?q=&locationsearch=Pascagoula%2C+MS&sortColumn=referencedate&sortDirection=desc&searchby=location&d=10,known_careers_url,4,success
80196bec59ef,2026-08-15,9aece7086b18,Huntington Ingalls Industries,https://hii.com/,https://careers.huntingtoningalls.com/search?q=&locationsearch=Pascagoula%2C+MS&sortColumn=referencedate&sortDirection=desc&searchby=location&d=10,DATA DEVELOPMENT TECHNICIAN 3,https://careers.huntingtoningalls.com/job/Pascagoula-DATA-DEVELOPMENT-TECHNICIAN-3-Miss/1415393400,"Syracuse, NY, United States",Syracuse,NY,United States,Not specified,,,,Space & Defense,2026-08-15,2026-08-15,https://careers.huntingtoningalls.com/search?q=&locationsearch=Pascagoula%2C+MS&sortColumn=referencedate&sortDirection=desc&searchby=location&d=10,known_careers_url,4,success
a3843392977b,2026-08-15,9aece7086b18,Huntington Ingalls Industries,https://hii.com/,https://careers.huntingtoningalls.com/search?q=&locationsearch=Pascagoula%2C+MS&sortColumn=referencedate&sortDirection=desc&searchby=location&d=10,DESIGNER 4,https://careers.huntingtoningalls.com/job/Pascagoula-DESIGNER-4-Miss/1412428000,"Syracuse, NY, United States",Syracuse,NY,United States,Not specified,,,,Space & Defense,2026-08-15,2026-08-15,https://careers.huntingtoningalls.com/search?q=&locationsearch=Pascagoula%2C+MS&sortColumn=referencedate&sortDirection=desc&searchby=location&d=10,known_careers_url,4,success
4ca36dd7becc,2026-08-15,9aece7086b18,Huntington Ingalls Industries,https://hii.com/,https://careers.huntingtoningalls.com/search?q=&locationsearch=Pascagoula%2C+MS&sortColumn=referencedate&sortDirection=desc&searchby=location&d=10,ENGINEER ELECTRICAL 4,https://careers.huntingtoningalls.com/job/Pascagoula-ENGINEER-ELECTRICAL-4-Miss/1412509400,"Syracuse, NY, United States",Syracuse,NY,United States,Not specified,,,,Space & Defense,2026-08-15,2026-08-15,https://careers.huntingtoningalls.com/search?q=&locationsearch=Pascagoula%2C+MS&sortColumn=referencedate&sortDirection=desc&searchby=location&d=10,known_careers_url,4,success
b379dabea4f7,2026-08-15,64d9022f568a,ITT Enidine,https://www.enidine.com/en-US/Home,https://careersenus-itt-inc.icims.com/jobs/search?ss=1&searchRelation=keyword_all,Title Assembly Operator,https://careersenus-itt-inc.icims.com/jobs/17418/assembly-operator/job,"Orchard Park, NY, United States",Orchard Park,NY,United States,Not specified,,,,Space & Defense,2026-08-15,2026-08-15,https://careersenus-itt-inc.icims.com/jobs/search?ss=1&searchRelation=keyword_all,ats_detected,5,success_after_fallback
f570160dc3ce,2026-08-15,64d9022f568a,ITT Enidine,https://www.enidine.com/en-US/Home,https://careersenus-itt-inc.icims.com/jobs/search?ss=1&searchRelation=keyword_all,Title HR Leader - Transformation and Strategic Projects,https://careersenus-itt-inc.icims.com/jobs/17362/hr-leader---transformation-and-strategic-projects/job,"Orchard Park, NY, United States",Orchard Park,NY,United States,Not specified,,,,Space & Defense,2026-08-15,2026-08-15,https://careersenus-itt-inc.icims.com/jobs/search?ss=1&searchRelation=keyword_all,ats_detected,5,success_after_fallback
d792a797892c,2026-08-15,64d9022f568a,ITT Enidine,https://www.enidine.com/en-US/Home,https://careersenus-itt-inc.icims.com/jobs/search?ss=1&searchRelation=keyword_all,Title Treasury Operations Manager,https://careersenus-itt-inc.icims.com/jobs/17360/treasury-operations-manager/job,"Orchard Park, NY, United States",Orchard Park,NY,United States,Not specified,,,,Space & Defense,2026-08-15,2026-08-15,https://careersenus-itt-inc.icims.com/jobs/search?ss=1&searchRelation=keyword_all,ats_detected,5,success_after_fallback
080e0443530c,2026-08-15,64d9022f568a,ITT Enidine,https://www.enidine.com/en-US/Home,https://careersenus-itt-inc.icims.com/jobs/search?ss=1&searchRelation=keyword_all,Title Inside Sales Representative,https://careersenus-itt-inc.icims.com/jobs/17348/inside-sales-representative/job,"Orchard Park, NY, United States",Orchard Park,NY,United States,Not specified,,,,Space & Defense,2026-08-15,2026-08-15,https://careersenus-itt-inc.icims.com/jobs/search?ss=1&searchRelation=keyword_all,ats_detected,5,success_after_fallback
cdb8f447724d,2026-08-15,64d9022f568a,ITT Enidine,https://www.enidine.com/en-US/Home,https://careersenus-itt-inc.icims.com/jobs/search?ss=1&searchRelation=keyword_all,Title Sales Representative,https://careersenus-itt-inc.icims.com/jobs/17347/sales-representative/job,"Orchard Park, NY, United States",Orchard Park,NY,United States,Not specified,,,,Space & Defense,2026-08-15,2026-08-15,https://careersenus-itt-inc.icims.com/jobs/search?ss=1&searchRelation=keyword_all,ats_detected,5,success_after_fallback
c5dad4092d45,2026-08-15,64d9022f568a,ITT Enidine,https://www.enidine.com/en-US/Home,https://careersenus-itt-inc.icims.com/jobs/search?ss=1&searchRelation=keyword_all,Title Service Technician,https://careersenus-itt-inc.icims.com/jobs/17345/service-technician/job,"Orchard Park, NY, United States",Orchard Park,NY,United States,Not specified,,,,Space & Defense,2026-08-15,2026-08-15,https://careersenus-itt-inc.icims.com/jobs/search?ss=1&searchRelation=keyword_all,ats_detected,5,success_after_fallback
98d131eeb602,2026-08-15,64d9022f568a,ITT Enidine,https://www.enidine.com/en-US/Home,https://careersenus-itt-inc.icims.com/jobs/search?ss=1&searchRelation=keyword_all,Title Senior Human Resources Manager,https://careersenus-itt-inc.icims.com/jobs/17344/senior-human-resources-manager/job,"Orchard Park, NY, United States",Orchard Park,NY,United States,Not specified,,,,Space & Defense,2026-08-15,2026-08-15,https://careersenus-itt-inc.icims.com/jobs/search?ss=1&searchRelation=keyword_all,ats_detected,5,success_after_fallback
306b03c9a2df,2026-08-15,64d9022f568a,ITT Enidine,https://www.enidine.com/en-US/Home,https://careersenus-itt-inc.icims.com/jobs/search?ss=1&searchRelation=keyword_all,Title Maintenance Technician II,https://careersenus-itt-inc.icims.com/jobs/17286/maintenance-technician-ii/job,"Orchard Park, NY, United States",Orchard Park,NY,United States,Not specified,,,,Space & Defense,2026-08-15,2026-08-15,https://careersenus-itt-inc.icims.com/jobs/search?ss=1&searchRelation=keyword_all,ats_detected,5,success_after_fallback
f5d35003e7ed,2026-08-15,64d9022f568a,ITT Enidine,https://www.enidine.com/en-US/Home,https://careersenus-itt-inc.icims.com/jobs/search?ss=1&searchRelation=keyword_all,Title LEAN TECHNICIAN I (DIRECT) 2nd Shioft,https://careersenus-itt-inc.icims.com/jobs/17285/lean-technician-i-%28direct%29-2nd-shioft/job,"Orchard Park, NY, United States",Orchard Park,NY,United States,Not specified,,,,Space & Defense,2026-08-15,2026-08-15,https://careersenus-itt-inc.icims.com/jobs/search?ss=1&searchRelation=keyword_all,ats_detected,5,success_after_fallback
7a2c741093b1,2026-08-15,64d9022f568a,ITT Enidine,https://www.enidine.com/en-US/Home,https://careersenus-itt-inc.icims.com/jobs/search?ss=1&searchRelation=keyword_all,Title Product Design Engineer I,https://careersenus-itt-inc.icims.com/jobs/17272/product-design-engineer-i/job,"Orchard Park, NY, United States",Orchard Park,NY,United States,Not specified,,,,Space & Defense,2026-08-15,2026-08-15,https://careersenus-itt-inc.icims.com/jobs/search?ss=1&searchRelation=keyword_all,ats_detected,5,success_after_fallback
d8a0e084f566,2026-08-15,64d9022f568a,ITT Enidine,https://www.enidine.com/en-US/Home,https://careersenus-itt-inc.icims.com/jobs/search?ss=1&searchRelation=keyword_all,Title R & D Test Technician,https://careersenus-itt-inc.icims.com/jobs/17271/r-%26-d-test-technician/job,"Orchard Park, NY, United States",Orchard Park,NY,United States,Not specified,,,,Space & Defense,2026-08-15,2026-08-15,https://careersenus-itt-inc.icims.com/jobs/search?ss=1&searchRelation=keyword_all,ats_detected,5,success_after_fallback
5c57e2dd2d6c,2026-08-15,64d9022f568a,ITT Enidine,https://www.enidine.com/en-US/Home,https://careersenus-itt-inc.icims.com/jobs/search?ss=1&searchRelation=keyword_all,Title Global Sourcing Manager,https://careersenus-itt-inc.icims.com/jobs/17268/global-sourcing-manager/job,"Orchard Park, NY, United States",Orchard Park,NY,United States,Not specified,,,,Space & Defense,2026-08-15,2026-08-15,https://careersenus-itt-inc.icims.com/jobs/search?ss=1&searchRelation=keyword_all,ats_detected,5,success_after_fallback
f00c424bfb2e,2026-08-15,64d9022f568a,ITT Enidine,https://www.enidine.com/en-US/Home,https://careersenus-itt-inc.icims.com/jobs/search?ss=1&searchRelation=keyword_all,Title Product Design Engineer,https://careersenus-itt-inc.icims.com/jobs/17267/product-design-engineer/job,"Orchard Park, NY, United States",Orchard Park,NY,United States,Not specified,,,,Space & Defense,2026-08-15,2026-08-15,https://careersenus-itt-inc.icims.com/jobs/search?ss=1&searchRelation=keyword_all,ats_detected,5,success_after_fallback
f2c6c334afc5,2026-08-15,64d9022f568a,ITT Enidine,https://www.enidine.com/en-US/Home,https://careersenus-itt-inc.icims.com/jobs/search?ss=1&searchRelation=keyword_all,Title Assembly Operator II,https://careersenus-itt-inc.icims.com/jobs/17263/assembly-operator-ii/job,"Orchard Park, NY, United States",Orchard Park,NY,United States,Not specified,,,,Space & Defense,2026-08-15,2026-08-15,https://careersenus-itt-inc.icims.com/jobs/search?ss=1&searchRelation=keyword_all,ats_detected,5,success_after_fallback
6ac815b1aef2,2026-08-15,64d9022f568a,ITT Enidine,https://www.enidine.com/en-US/Home,https://careersenus-itt-inc.icims.com/jobs/search?ss=1&searchRelation=keyword_all,Title Assembly Operator,https://careersenus-itt-inc.icims.com/jobs/17262/assembly-operator/job,"Orchard Park, NY, United States",Orchard Park,NY,United States,Not specified,,,,Space & Defense,2026-08-15,2026-08-15,https://careersenus-itt-inc.icims.com/jobs/search?ss=1&searchRelation=keyword_all,ats_detected,5,success_after_fallback
01c9853dad8d,2026-08-15,64d9022f568a,ITT Enidine,https://www.enidine.com/en-US/Home,https://careersenus-itt-inc.icims.com/jobs/search?ss=1&searchRelation=keyword_all,Title Product Design Engineer,https://careersenus-itt-inc.icims.com/jobs/17260/product-design-engineer/job,"Orchard Park, NY, United States",Orchard Park,NY,United States,Not specified,,,,Space & Defense,2026-08-15,2026-08-15,https://careersenus-itt-inc.icims.com/jobs/search?ss=1&searchRelation=keyword_all,ats_detected,5,success_after_fallback
6d8ff3c0a265,2026-08-15,64d9022f568a,ITT Enidine,https://www.enidine.com/en-US/Home,https://careersenus-itt-inc.icims.com/jobs/search?ss=1&searchRelation=keyword_all,Title Quality Control Specialist,https://careersenus-itt-inc.icims.com/jobs/17252/quality-control-specialist/job,"Orchard Park, NY, United States",Orchard Park,NY,United States,Not specified,,,,Space & Defense,2026-08-15,2026-08-15,https://careersenus-itt-inc.icims.com/jobs/search?ss=1&searchRelation=keyword_all,ats_detected,5,success_after_fallback
8eac2dfcec39,2026-08-15,64d9022f568a,ITT Enidine,https://www.enidine.com/en-US/Home,https://careersenus-itt-inc.icims.com/jobs/search?ss=1&searchRelation=keyword_all,Title Office Support Specialist,https://careersenus-itt-inc.icims.com/jobs/17249/office-support-specialist/job,"Orchard Park, NY, United States",Orchard Park,NY,United States,Not specified,,,,Space & Defense,2026-08-15,2026-08-15,https://careersenus-itt-inc.icims.com/jobs/search?ss=1&searchRelation=keyword_all,ats_detected,5,success_after_fallback
62dcc8d48312,2026-08-15,64d9022f568a,ITT Enidine,https://www.enidine.com/en-US/Home,https://careersenus-itt-inc.icims.com/jobs/search?ss=1&searchRelation=keyword_all,Title Manufacturing Engineer,https://careersenus-itt-inc.icims.com/jobs/17232/manufacturing-engineer/job,"Orchard Park, NY, United States",Orchard Park,NY,United States,Not specified,,,,Space & Defense,2026-08-15,2026-08-15,https://careersenus-itt-inc.icims.com/jobs/search?ss=1&searchRelation=keyword_all,ats_detected,5,success_after_fallback
cc03e6efd913,2026-08-15,64d9022f568a,ITT Enidine,https://www.enidine.com/en-US/Home,https://careersenus-itt-inc.icims.com/jobs/search?ss=1&searchRelation=keyword_all,Title Manufacturing Engineer,https://careersenus-itt-inc.icims.com/jobs/17231/manufacturing-engineer/job,"Orchard Park, NY, United States",Orchard Park,NY,United States,Not specified,,,,Space & Defense,2026-08-15,2026-08-15,https://careersenus-itt-inc.icims.com/jobs/search?ss=1&searchRelation=keyword_all,ats_detected,5,success_after_fallback
738ec25a3be3,2026-08-15,64d9022f568a,ITT Enidine,https://www.enidine.com/en-US/Home,https://careersenus-itt-inc.icims.com/jobs/search?ss=1&searchRelation=keyword_all,Title Quality Control Specialist I,https://careersenus-itt-inc.icims.com/jobs/17229/quality-control-specialist-i/job,"Orchard Park, NY, United States",Orchard Park,NY,United States,Not specified,,,,Space & Defense,2026-08-15,2026-08-15,https://careersenus-itt-inc.icims.com/jobs/search?ss=1&searchRelation=keyword_all,ats_detected,5,success_after_fallback
7741e73b0d6f,2026-08-15,64d9022f568a,ITT Enidine,https://www.enidine.com/en-US/Home,https://careersenus-itt-inc.icims.com/jobs/search?ss=1&searchRelation=keyword_all,Title Product Design Engineer,https://careersenus-itt-inc.icims.com/jobs/17227/product-design-engineer/job,"Orchard Park, NY, United States",Orchard Park,NY,United States,Not specified,,,,Space & Defense,2026-08-15,2026-08-15,https://careersenus-itt-inc.icims.com/jobs/search?ss=1&searchRelation=keyword_all,ats_detected,5,success_after_fallback
f32c465883ac,2026-08-15,64d9022f568a,ITT Enidine,https://www.enidine.com/en-US/Home,https://careersenus-itt-inc.icims.com/jobs/search?ss=1&searchRelation=keyword_all,Title Product Design Engineer,https://careersenus-itt-inc.icims.com/jobs/17225/product-design-engineer/job,"Orchard Park, NY, United States",Orchard Park,NY,United States,Not specified,,,,Space & Defense,2026-08-15,2026-08-15,https://careersenus-itt-inc.icims.com/jobs/search?ss=1&searchRelation=keyword_all,ats_detected,5,success_after_fallback
31676b79267c,2026-08-15,64d9022f568a,ITT Enidine,https://www.enidine.com/en-US/Home,https://careersenus-itt-inc.icims.com/jobs/search?ss=1&searchRelation=keyword_all,Title Senior Product Design Engineer,https://careersenus-itt-inc.icims.com/jobs/17203/senior-product-design-engineer/job,"Orchard Park, NY, United States",Orchard Park,NY,United States,Not specified,,,,Space & Defense,2026-08-15,2026-08-15,https://careersenus-itt-inc.icims.com/jobs/search?ss=1&searchRelation=keyword_all,ats_detected,5,success_after_fallback
e04dbf7473e9,2026-08-15,64d9022f568a,ITT Enidine,https://www.enidine.com/en-US/Home,https://careersenus-itt-inc.icims.com/jobs/search?ss=1&searchRelation=keyword_all,Title Product Assurance Analyst,https://careersenus-itt-inc.icims.com/jobs/17200/product-assurance-analyst/job,"Orchard Park, NY, United States",Orchard Park,NY,United States,Not specified,,,,Space & Defense,2026-08-15,2026-08-15,https://careersenus-itt-inc.icims.com/jobs/search?ss=1&searchRelation=keyword_all,ats_detected,5,success_after_fallback
2a74a7e96b95,2026-08-15,64d9022f568a,ITT Enidine,https://www.enidine.com/en-US/Home,https://careersenus-itt-inc.icims.com/jobs/search?ss=1&searchRelation=keyword_all,Title Technical Sales Lead,https://careersenus-itt-inc.icims.com/jobs/17199/technical-sales-lead/job,"Orchard Park, NY, United States",Orchard Park,NY,United States,Remote,,,,Space & Defense,2026-08-15,2026-08-15,https://careersenus-itt-inc.icims.com/jobs/search?ss=1&searchRelation=keyword_all,ats_detected,5,success_after_fallback
6a5714ad6a2d,2026-08-15,64d9022f568a,ITT Enidine,https://www.enidine.com/en-US/Home,https://careersenus-itt-inc.icims.com/jobs/search?ss=1&searchRelation=keyword_all,Title Technical Sales Support Representative,https://careersenus-itt-inc.icims.com/jobs/17197/technical-sales-support-representative/job,"Orchard Park, NY, United States",Orchard Park,NY,United States,Not specified,,,,Space & Defense,2026-08-15,2026-08-15,https://careersenus-itt-inc.icims.com/jobs/search?ss=1&searchRelation=keyword_all,ats_detected,5,success_after_fallback
cdf877a8ad1a,2026-08-15,64d9022f568a,ITT Enidine,https://www.enidine.com/en-US/Home,https://careersenus-itt-inc.icims.com/jobs/search?ss=1&searchRelation=keyword_all,"Title Director, Platform Services",https://careersenus-itt-inc.icims.com/jobs/17194/director%2c-platform-services/job,"Orchard Park, NY, United States",Orchard Park,NY,United States,Hybrid,,,,Space & Defense,2026-08-15,2026-08-15,https://careersenus-itt-inc.icims.com/jobs/search?ss=1&searchRelation=keyword_all,ats_detected,5,success_after_fallback
cf62009d57a7,2026-08-15,64d9022f568a,ITT Enidine,https://www.enidine.com/en-US/Home,https://careersenus-itt-inc.icims.com/jobs/search?ss=1&searchRelation=keyword_all,"Title Manager, Manufacturing Engineering",https://careersenus-itt-inc.icims.com/jobs/17167/manager%2c-manufacturing-engineering/job,"Orchard Park, NY, United States",Orchard Park,NY,United States,Not specified,,,,Space & Defense,2026-08-15,2026-08-15,https://careersenus-itt-inc.icims.com/jobs/search?ss=1&searchRelation=keyword_all,ats_detected,5,success_after_fallback
d1dde5cb9155,2026-08-15,64d9022f568a,ITT Enidine,https://www.enidine.com/en-US/Home,https://careersenus-itt-inc.icims.com/jobs/search?ss=1&searchRelation=keyword_all,Title Quality Engineer (Elastomer/PTFE),https://careersenus-itt-inc.icims.com/jobs/17154/quality-engineer-%28elastomer-ptfe%29/job,"Orchard Park, NY, United States",Orchard Park,NY,United States,Not specified,,,,Space & Defense,2026-08-15,2026-08-15,https://careersenus-itt-inc.icims.com/jobs/search?ss=1&searchRelation=keyword_all,ats_detected,5,success_after_fallback
2b47cf8b5696,2026-08-15,64d9022f568a,ITT Enidine,https://www.enidine.com/en-US/Home,https://careersenus-itt-inc.icims.com/jobs/search?ss=1&searchRelation=keyword_all,Title Operations Scheduler,https://careersenus-itt-inc.icims.com/jobs/17153/operations-scheduler/job,"Orchard Park, NY, United States",Orchard Park,NY,United States,Not specified,,,,Space & Defense,2026-08-15,2026-08-15,https://careersenus-itt-inc.icims.com/jobs/search?ss=1&searchRelation=keyword_all,ats_detected,5,success_after_fallback
ff116143ad75,2026-08-15,64d9022f568a,ITT Enidine,https://www.enidine.com/en-US/Home,https://careersenus-itt-inc.icims.com/jobs/search?ss=1&searchRelation=keyword_all,Title Operations Scheduler,https://careersenus-itt-inc.icims.com/jobs/17152/operations-scheduler/job,"Orchard Park, NY, United States",Orchard Park,NY,United States,Not specified,,,,Space & Defense,2026-08-15,2026-08-15,https://careersenus-itt-inc.icims.com/jobs/search?ss=1&searchRelation=keyword_all,ats_detected,5,success_after_fallback
1e57e5c179a6,2026-08-15,64d9022f568a,ITT Enidine,https://www.enidine.com/en-US/Home,https://careersenus-itt-inc.icims.com/jobs/search?ss=1&searchRelation=keyword_all,Title HR Manager,https://careersenus-itt-inc.icims.com/jobs/17147/hr-manager/job,"Orchard Park, NY, United States",Orchard Park,NY,United States,Not specified,,,,Space & Defense,2026-08-15,2026-08-15,https://careersenus-itt-inc.icims.com/jobs/search?ss=1&searchRelation=keyword_all,ats_detected,5,success_after_fallback
94ff57f1282c,2026-08-15,64d9022f568a,ITT Enidine,https://www.enidine.com/en-US/Home,https://careersenus-itt-inc.icims.com/jobs/search?ss=1&searchRelation=keyword_all,Title Elastomeric Assembly Technician II,https://careersenus-itt-inc.icims.com/jobs/17137/elastomeric-assembly-technician-ii/job,"Orchard Park, NY, United States",Orchard Park,NY,United States,Not specified,,,,Space & Defense,2026-08-15,2026-08-15,https://careersenus-itt-inc.icims.com/jobs/search?ss=1&searchRelation=keyword_all,ats_detected,5,success_after_fallback
2c5aa67114a5,2026-08-15,64d9022f568a,ITT Enidine,https://www.enidine.com/en-US/Home,https://careersenus-itt-inc.icims.com/jobs/search?ss=1&searchRelation=keyword_all,Title Product Design Engineer II,https://careersenus-itt-inc.icims.com/jobs/17132/product-design-engineer-ii/job,"Orchard Park, NY, United States",Orchard Park,NY,United States,Not specified,,,,Space & Defense,2026-08-15,2026-08-15,https://careersenus-itt-inc.icims.com/jobs/search?ss=1&searchRelation=keyword_all,ats_detected,5,success_after_fallback
f0fe6e9b42f2,2026-08-15,64d9022f568a,ITT Enidine,https://www.enidine.com/en-US/Home,https://careersenus-itt-inc.icims.com/jobs/search?ss=1&searchRelation=keyword_all,Title Product Design Engineer,https://careersenus-itt-inc.icims.com/jobs/17122/product-design-engineer/job,"Orchard Park, NY, United States",Orchard Park,NY,United States,Not specified,,,,Space & Defense,2026-08-15,2026-08-15,https://careersenus-itt-inc.icims.com/jobs/search?ss=1&searchRelation=keyword_all,ats_detected,5,success_after_fallback
937830fbe4cb,2026-08-15,64d9022f568a,ITT Enidine,https://www.enidine.com/en-US/Home,https://careersenus-itt-inc.icims.com/jobs/search?ss=1&searchRelation=keyword_all,Title Global Strategic Supply Manager,https://careersenus-itt-inc.icims.com/jobs/17071/global-strategic-supply-manager/job,"Orchard Park, NY, United States",Orchard Park,NY,United States,Not specified,,,,Space & Defense,2026-08-15,2026-08-15,https://careersenus-itt-inc.icims.com/jobs/search?ss=1&searchRelation=keyword_all,ats_detected,5,success_after_fallback
6d6428f6846a,2026-08-15,64d9022f568a,ITT Enidine,https://www.enidine.com/en-US/Home,https://careersenus-itt-inc.icims.com/jobs/search?ss=1&searchRelation=keyword_all,Title Senior Municipal Applications Engineer,https://careersenus-itt-inc.icims.com/jobs/17060/senior-municipal-applications-engineer/job,"Orchard Park, NY, United States",Orchard Park,NY,United States,Not specified,,,,Space & Defense,2026-08-15,2026-08-15,https://careersenus-itt-inc.icims.com/jobs/search?ss=1&searchRelation=keyword_all,ats_detected,5,success_after_fallback
e75e4bc3dbe7,2026-08-15,64d9022f568a,ITT Enidine,https://www.enidine.com/en-US/Home,https://careersenus-itt-inc.icims.com/jobs/search?ss=1&searchRelation=keyword_all,Title Manufacturing Engineer,https://careersenus-itt-inc.icims.com/jobs/17034/manufacturing-engineer/job,"Orchard Park, NY, United States",Orchard Park,NY,United States,Not specified,,,,Space & Defense,2026-08-15,2026-08-15,https://careersenus-itt-inc.icims.com/jobs/search?ss=1&searchRelation=keyword_all,ats_detected,5,success_after_fallback
a3ded9c96d44,2026-08-15,64d9022f568a,ITT Enidine,https://www.enidine.com/en-US/Home,https://careersger-itt-inc.icims.com/jobs/search?ss=1&searchRelation=keyword_all,Distribution Sales Manager %7C Central Europe,https://careersger-itt-inc.icims.com/jobs/16894/distribution-sales-manager-%7c-central-europe/job,"Orchard Park, NY, United States",Orchard Park,NY,United States,Remote,,,,Space & Defense,2026-08-15,2026-08-15,https://careersger-itt-inc.icims.com/jobs/search?ss=1&searchRelation=keyword_all,ats_detected,5,success_after_fallback
94fe2296fb92,2026-08-15,64d9022f568a,ITT Enidine,https://www.enidine.com/en-US/Home,https://careersger-itt-inc.icims.com/jobs/search?ss=1&searchRelation=keyword_all,Titel Product Manager Automotive After Market & Racing,https://careersger-itt-inc.icims.com/jobs/15454/product-manager-automotive-after-market-%26-racing/job,"Orchard Park, NY, United States",Orchard Park,NY,United States,Not specified,,,,Space & Defense,2026-08-15,2026-08-15,https://careersger-itt-inc.icims.com/jobs/search?ss=1&searchRelation=keyword_all,ats_detected,5,success_after_fallback
043e2de0bf64,2026-08-15,64d9022f568a,ITT Enidine,https://www.enidine.com/en-US/Home,https://careersmex-itt-inc.icims.com/jobs/search?ss=1&searchRelation=keyword_all,Cargo INTERN/Co-op 1,https://careersmex-itt-inc.icims.com/jobs/17353/intern-co-op-1/job,"Orchard Park, NY, United States",Orchard Park,NY,United States,Not specified,,,,Space & Defense,2026-08-15,2026-08-15,https://careersmex-itt-inc.icims.com/jobs/search?ss=1&searchRelation=keyword_all,ats_detected,5,success_after_fallback
281e213f90a9,2026-08-15,64d9022f568a,ITT Enidine,https://www.enidine.com/en-US/Home,https://careersmex-itt-inc.icims.com/jobs/search?ss=1&searchRelation=keyword_all,Cargo Assembly Operator,https://careersmex-itt-inc.icims.com/jobs/17331/assembly-operator/job,"Orchard Park, NY, United States",Orchard Park,NY,United States,Not specified,,,,Space & Defense,2026-08-15,2026-08-15,https://careersmex-itt-inc.icims.com/jobs/search?ss=1&searchRelation=keyword_all,ats_detected,5,success_after_fallback
741095c17fd4,2026-08-15,64d9022f568a,ITT Enidine,https://www.enidine.com/en-US/Home,https://careersmex-itt-inc.icims.com/jobs/search?ss=1&searchRelation=keyword_all,"Cargo Sourcing, Supply Chain and Logistics Analyst",https://careersmex-itt-inc.icims.com/jobs/17330/sourcing%2c-supply-chain-and-logistics-analyst/job,"Orchard Park, NY, United States",Orchard Park,NY,United States,Not specified,,,,Space & Defense,2026-08-15,2026-08-15,https://careersmex-itt-inc.icims.com/jobs/search?ss=1&searchRelation=keyword_all,ats_detected,5,success_after_fallback
3b38b77eaac2,2026-08-15,64d9022f568a,ITT Enidine,https://www.enidine.com/en-US/Home,https://careersmex-itt-inc.icims.com/jobs/search?ss=1&searchRelation=keyword_all,Cargo INTERN/Co-op 1,https://careersmex-itt-inc.icims.com/jobs/17169/intern-co-op-1/job,"Orchard Park, NY, United States",Orchard Park,NY,United States,Not specified,,,,Space & Defense,2026-08-15,2026-08-15,https://careersmex-itt-inc.icims.com/jobs/search?ss=1&searchRelation=keyword_all,ats_detected,5,success_after_fallback
b9d2a71458b9,2026-08-15,64d9022f568a,ITT Enidine,https://www.enidine.com/en-US/Home,https://careersmex-itt-inc.icims.com/jobs/search?ss=1&searchRelation=keyword_all,Cargo Customer Service Analyst,https://careersmex-itt-inc.icims.com/jobs/17113/customer-service-analyst/job,"Orchard Park, NY, United States",Orchard Park,NY,United States,Not specified,,,,Space & Defense,2026-08-15,2026-08-15,https://careersmex-itt-inc.icims.com/jobs/search?ss=1&searchRelation=keyword_all,ats_detected,5,success_after_fallback
db184d175990,2026-08-15,64d9022f568a,ITT Enidine,https://www.enidine.com/en-US/Home,https://careersmex-itt-inc.icims.com/jobs/search?ss=1&searchRelation=keyword_all,Cargo Receiving Inspection Technician,https://careersmex-itt-inc.icims.com/jobs/17057/receiving-inspection-technician/job,"Orchard Park, NY, United States",Orchard Park,NY,United States,Not specified,,,,Space & Defense,2026-08-15,2026-08-15,https://careersmex-itt-inc.icims.com/jobs/search?ss=1&searchRelation=keyword_all,ats_detected,5,success_after_fallback
c81b21fa771e,2026-08-15,64d9022f568a,ITT Enidine,https://www.enidine.com/en-US/Home,https://careersmex-itt-inc.icims.com/jobs/search?ss=1&searchRelation=keyword_all,Cargo QA Engineer,https://careersmex-itt-inc.icims.com/jobs/17056/qa-engineer/job,"Orchard Park, NY, United States",Orchard Park,NY,United States,Not specified,,,,Space & Defense,2026-08-15,2026-08-15,https://careersmex-itt-inc.icims.com/jobs/search?ss=1&searchRelation=keyword_all,ats_detected,5,success_after_fallback
0b003e4277a8,2026-08-15,64d9022f568a,ITT Enidine,https://www.enidine.com/en-US/Home,https://careersmex-itt-inc.icims.com/jobs/search?ss=1&searchRelation=keyword_all,Cargo INTERN/Co-op 1,https://careersmex-itt-inc.icims.com/jobs/17036/intern-co-op-1/job,"Orchard Park, NY, United States",Orchard Park,NY,United States,Not specified,,,,Space & Defense,2026-08-15,2026-08-15,https://careersmex-itt-inc.icims.com/jobs/search?ss=1&searchRelation=keyword_all,ats_detected,5,success_after_fallback
dadae87cd5d0,2026-08-15,64d9022f568a,ITT Enidine,https://www.enidine.com/en-US/Home,https://careersmex-itt-inc.icims.com/jobs/search?ss=1&searchRelation=keyword_all,Cargo Service Engineer,https://careersmex-itt-inc.icims.com/jobs/16362/service-engineer/job,"Orchard Park, NY, United States",Orchard Park,NY,United States,Not specified,,,,Space & Defense,2026-08-15,2026-08-15,https://careersmex-itt-inc.icims.com/jobs/search?ss=1&searchRelation=keyword_all,ats_detected,5,success_after_fallback
356153abca2d,2026-08-15,64d9022f568a,ITT Enidine,https://www.enidine.com/en-US/Home,https://careersen-itt-inc.icims.com/jobs/search?ss=1&searchRelation=keyword_all,Title Assembly Operator,https://careersen-itt-inc.icims.com/jobs/17331/assembly-operator/job,"Orchard Park, NY, United States",Orchard Park,NY,United States,Not specified,,,,Space & Defense,2026-08-15,2026-08-15,https://careersen-itt-inc.icims.com/jobs/search?ss=1&searchRelation=keyword_all,ats_detected,5,success_after_fallback
5383c4a8a4ca,2026-08-15,64d9022f568a,ITT Enidine,https://www.enidine.com/en-US/Home,https://careersen-itt-inc.icims.com/jobs/search?ss=1&searchRelation=keyword_all,"Title Sourcing, Supply Chain and Logistics Analyst",https://careersen-itt-inc.icims.com/jobs/17330/sourcing%2c-supply-chain-and-logistics-analyst/job,"Orchard Park, NY, United States",Orchard Park,NY,United States,Not specified,,,,Space & Defense,2026-08-15,2026-08-15,https://careersen-itt-inc.icims.com/jobs/search?ss=1&searchRelation=keyword_all,ats_detected,5,success_after_fallback
2603ec2fb53d,2026-08-15,64d9022f568a,ITT Enidine,https://www.enidine.com/en-US/Home,https://careersen-itt-inc.icims.com/jobs/search?ss=1&searchRelation=keyword_all,Title Lead Analytics Engineer,https://careersen-itt-inc.icims.com/jobs/17299/lead-analytics-engineer/job,"Orchard Park, NY, United States",Orchard Park,NY,United States,Not specified,,,,Space & Defense,2026-08-15,2026-08-15,https://careersen-itt-inc.icims.com/jobs/search?ss=1&searchRelation=keyword_all,ats_detected,5,success_after_fallback
1f063b3551ed,2026-08-15,64d9022f568a,ITT Enidine,https://www.enidine.com/en-US/Home,https://careersen-itt-inc.icims.com/jobs/search?ss=1&searchRelation=keyword_all,Title Junior Analytics Engineer,https://careersen-itt-inc.icims.com/jobs/17291/junior-analytics-engineer/job,"Orchard Park, NY, United States",Orchard Park,NY,United States,Not specified,,,,Space & Defense,2026-08-15,2026-08-15,https://careersen-itt-inc.icims.com/jobs/search?ss=1&searchRelation=keyword_all,ats_detected,5,success_after_fallback
66a52bce4bc4,2026-08-15,64d9022f568a,ITT Enidine,https://www.enidine.com/en-US/Home,https://careersen-itt-inc.icims.com/jobs/search?ss=1&searchRelation=keyword_all,Title Application Engineer,https://careersen-itt-inc.icims.com/jobs/17214/application-engineer/job,"Orchard Park, NY, United States",Orchard Park,NY,United States,Not specified,,,,Space & Defense,2026-08-15,2026-08-15,https://careersen-itt-inc.icims.com/jobs/search?ss=1&searchRelation=keyword_all,ats_detected,5,success_after_fallback
e99ab338454a,2026-08-15,64d9022f568a,ITT Enidine,https://www.enidine.com/en-US/Home,https://careersen-itt-inc.icims.com/jobs/search?ss=1&searchRelation=keyword_all,Title INTERN/Co-op 1,https://careersen-itt-inc.icims.com/jobs/17169/intern-co-op-1/job,"Orchard Park, NY, United States",Orchard Park,NY,United States,Not specified,,,,Space & Defense,2026-08-15,2026-08-15,https://careersen-itt-inc.icims.com/jobs/search?ss=1&searchRelation=keyword_all,ats_detected,5,success_after_fallback
ab029f496844,2026-08-15,64d9022f568a,ITT Enidine,https://www.enidine.com/en-US/Home,https://careersen-itt-inc.icims.com/jobs/search?ss=1&searchRelation=keyword_all,Title Sales Manager,https://careersen-itt-inc.icims.com/jobs/17114/sales-manager/job,"Orchard Park, NY, United States",Orchard Park,NY,United States,Not specified,,,,Space & Defense,2026-08-15,2026-08-15,https://careersen-itt-inc.icims.com/jobs/search?ss=1&searchRelation=keyword_all,ats_detected,5,success_after_fallback
7c10f59eecd9,2026-08-15,64d9022f568a,ITT Enidine,https://www.enidine.com/en-US/Home,https://careersen-itt-inc.icims.com/jobs/search?ss=1&searchRelation=keyword_all,Title Customer Service Analyst,https://careersen-itt-inc.icims.com/jobs/17113/customer-service-analyst/job,"Orchard Park, NY, United States",Orchard Park,NY,United States,Not specified,,,,Space & Defense,2026-08-15,2026-08-15,https://careersen-itt-inc.icims.com/jobs/search?ss=1&searchRelation=keyword_all,ats_detected,5,success_after_fallback
41163fde7d23,2026-08-15,64d9022f568a,ITT Enidine,https://www.enidine.com/en-US/Home,https://careersen-itt-inc.icims.com/jobs/search?ss=1&searchRelation=keyword_all,Title Talent Insights Analyst,https://careersen-itt-inc.icims.com/jobs/17072/talent-insights-analyst/job,"Orchard Park, NY, United States",Orchard Park,NY,United States,Not specified,,,,Space & Defense,2026-08-15,2026-08-15,https://careersen-itt-inc.icims.com/jobs/search?ss=1&searchRelation=keyword_all,ats_detected,5,success_after_fallback
45a43096654c,2026-08-15,64d9022f568a,ITT Enidine,https://www.enidine.com/en-US/Home,https://careersen-itt-inc.icims.com/jobs/search?ss=1&searchRelation=keyword_all,Title QA Engineer,https://careersen-itt-inc.icims.com/jobs/17056/qa-engineer/job,"Orchard Park, NY, United States",Orchard Park,NY,United States,Not specified,,,,Space & Defense,2026-08-15,2026-08-15,https://careersen-itt-inc.icims.com/jobs/search?ss=1&searchRelation=keyword_all,ats_detected,5,success_after_fallback
8e1b611dbc12,2026-08-15,64d9022f568a,ITT Enidine,https://www.enidine.com/en-US/Home,https://careersen-itt-inc.icims.com/jobs/search?ss=1&searchRelation=keyword_all,Title INTERN/Co-op 1,https://careersen-itt-inc.icims.com/jobs/17036/intern-co-op-1/job,"Orchard Park, NY, United States",Orchard Park,NY,United States,Not specified,,,,Space & Defense,2026-08-15,2026-08-15,https://careersen-itt-inc.icims.com/jobs/search?ss=1&searchRelation=keyword_all,ats_detected,5,success_after_fallback
4c765ca5b2ee,2026-08-15,64d9022f568a,ITT Enidine,https://www.enidine.com/en-US/Home,https://careersen-itt-inc.icims.com/jobs/search?ss=1&searchRelation=keyword_all,Title Project Design Engineer -P2,https://careersen-itt-inc.icims.com/jobs/16933/project-design-engineer--p2/job,"Orchard Park, NY, United States",Orchard Park,NY,United States,Not specified,,,,Space & Defense,2026-08-15,2026-08-15,https://careersen-itt-inc.icims.com/jobs/search?ss=1&searchRelation=keyword_all,ats_detected,5,success_after_fallback
366ea2ea1aa2,2026-08-15,64d9022f568a,ITT Enidine,https://www.enidine.com/en-US/Home,https://careersen-itt-inc.icims.com/jobs/search?ss=1&searchRelation=keyword_all,Distribution Sales Manager %7C Central Europe,https://careersen-itt-inc.icims.com/jobs/16894/distribution-sales-manager-%7c-central-europe/job,"Orchard Park, NY, United States",Orchard Park,NY,United States,Remote,,,,Space & Defense,2026-08-15,2026-08-15,https://careersen-itt-inc.icims.com/jobs/search?ss=1&searchRelation=keyword_all,ats_detected,5,success_after_fallback
91aa73b5e290,2026-08-15,64d9022f568a,ITT Enidine,https://www.enidine.com/en-US/Home,https://careersen-itt-inc.icims.com/jobs/search?ss=1&searchRelation=keyword_all,Title Global Quality Engineer Lead,https://careersen-itt-inc.icims.com/jobs/16805/global-quality-engineer-lead/job,"Orchard Park, NY, United States",Orchard Park,NY,United States,Not specified,,,,Space & Defense,2026-08-15,2026-08-15,https://careersen-itt-inc.icims.com/jobs/search?ss=1&searchRelation=keyword_all,ats_detected,5,success_after_fallback
54f01b8dbe30,2026-08-15,64d9022f568a,ITT Enidine,https://www.enidine.com/en-US/Home,https://careersen-itt-inc.icims.com/jobs/search?ss=1&searchRelation=keyword_all,Title Application Engineer Railway,https://careersen-itt-inc.icims.com/jobs/16767/application-engineer-railway/job,"Orchard Park, NY, United States",Orchard Park,NY,United States,Not specified,,,,Space & Defense,2026-08-15,2026-08-15,https://careersen-itt-inc.icims.com/jobs/search?ss=1&searchRelation=keyword_all,ats_detected,5,success_after_fallback
a2343af66dc4,2026-08-15,64d9022f568a,ITT Enidine,https://www.enidine.com/en-US/Home,https://careersen-itt-inc.icims.com/jobs/search?ss=1&searchRelation=keyword_all,Title Senior AI/ML Engineer,https://careersen-itt-inc.icims.com/jobs/16717/senior-ai-ml-engineer/job,"Orchard Park, NY, United States",Orchard Park,NY,United States,Not specified,,,,Space & Defense,2026-08-15,2026-08-15,https://careersen-itt-inc.icims.com/jobs/search?ss=1&searchRelation=keyword_all,ats_detected,5,success_after_fallback
b607cc8f9a30,2026-08-15,64d9022f568a,ITT Enidine,https://www.enidine.com/en-US/Home,https://careersen-itt-inc.icims.com/jobs/search?ss=1&searchRelation=keyword_all,Title IT Business Analyst (Application Configuration Specialist),https://careersen-itt-inc.icims.com/jobs/16713/it-business-analyst-%28application-configuration-specialist%29/job,"Orchard Park, NY, United States",Orchard Park,NY,United States,Not specified,,,,Space & Defense,2026-08-15,2026-08-15,https://careersen-itt-inc.icims.com/jobs/search?ss=1&searchRelation=keyword_all,ats_detected,5,success_after_fallback
e2fe533dc463,2026-08-15,64d9022f568a,ITT Enidine,https://www.enidine.com/en-US/Home,https://careersen-itt-inc.icims.com/jobs/search?ss=1&searchRelation=keyword_all,Title Application Engineer (P2),https://careersen-itt-inc.icims.com/jobs/16638/application-engineer-%28p2%29/job,"Orchard Park, NY, United States",Orchard Park,NY,United States,Not specified,,,,Space & Defense,2026-08-15,2026-08-15,https://careersen-itt-inc.icims.com/jobs/search?ss=1&searchRelation=keyword_all,ats_detected,5,success_after_fallback
21a2f01f2905,2026-08-15,64d9022f568a,ITT Enidine,https://www.enidine.com/en-US/Home,https://careersen-itt-inc.icims.com/jobs/search?ss=1&searchRelation=keyword_all,Title Senior Application Engineer,https://careersen-itt-inc.icims.com/jobs/16636/senior-application-engineer/job,"Orchard Park, NY, United States",Orchard Park,NY,United States,Not specified,,,,Space & Defense,2026-08-15,2026-08-15,https://careersen-itt-inc.icims.com/jobs/search?ss=1&searchRelation=keyword_all,ats_detected,5,success_after_fallback
b2d0be131c26,2026-08-15,64d9022f568a,ITT Enidine,https://www.enidine.com/en-US/Home,https://careersen-itt-inc.icims.com/jobs/search?ss=1&searchRelation=keyword_all,Title Global Purchasing & Sourcing Lead,https://careersen-itt-inc.icims.com/jobs/16615/global-purchasing-%26-sourcing-lead/job,"Orchard Park, NY, United States",Orchard Park,NY,United States,Not specified,,,,Space & Defense,2026-08-15,2026-08-15,https://careersen-itt-inc.icims.com/jobs/search?ss=1&searchRelation=keyword_all,ats_detected,5,success_after_fallback
c9be68aa8a2a,2026-08-15,64d9022f568a,ITT Enidine,https://www.enidine.com/en-US/Home,https://careersen-itt-inc.icims.com/jobs/search?ss=1&searchRelation=keyword_all,Title SAP Senior Business Specialist,https://careersen-itt-inc.icims.com/jobs/16533/sap-senior-business-specialist/job,"Orchard Park, NY, United States",Orchard Park,NY,United States,Not specified,,,,Space & Defense,2026-08-15,2026-08-15,https://careersen-itt-inc.icims.com/jobs/search?ss=1&searchRelation=keyword_all,ats_detected,5,success_after_fallback
8c401a107db2,2026-08-15,64d9022f568a,ITT Enidine,https://www.enidine.com/en-US/Home,https://careersen-itt-inc.icims.com/jobs/search?ss=1&searchRelation=keyword_all,Title Test Engineer,https://careersen-itt-inc.icims.com/jobs/16378/test-engineer/job,"Orchard Park, NY, United States",Orchard Park,NY,United States,Not specified,,,,Space & Defense,2026-08-15,2026-08-15,https://careersen-itt-inc.icims.com/jobs/search?ss=1&searchRelation=keyword_all,ats_detected,5,success_after_fallback
c122fdee3025,2026-08-15,64d9022f568a,ITT Enidine,https://www.enidine.com/en-US/Home,https://careersen-itt-inc.icims.com/jobs/search?ss=1&searchRelation=keyword_all,Title Service Engineer,https://careersen-itt-inc.icims.com/jobs/16362/service-engineer/job,"Orchard Park, NY, United States",Orchard Park,NY,United States,Not specified,,,,Space & Defense,2026-08-15,2026-08-15,https://careersen-itt-inc.icims.com/jobs/search?ss=1&searchRelation=keyword_all,ats_detected,5,success_after_fallback
ad288983df18,2026-08-15,64d9022f568a,ITT Enidine,https://www.enidine.com/en-US/Home,https://careersen-itt-inc.icims.com/jobs/search?ss=1&searchRelation=keyword_all,Title Product Manager Automotive After Market & Racing,https://careersen-itt-inc.icims.com/jobs/15454/product-manager-automotive-after-market-%26-racing/job,"Orchard Park, NY, United States",Orchard Park,NY,United States,Not specified,,,,Space & Defense,2026-08-15,2026-08-15,https://careersen-itt-inc.icims.com/jobs/search?ss=1&searchRelation=keyword_all,ats_detected,5,success_after_fallback
6b1b979a6787,2026-08-15,64d9022f568a,ITT Enidine,https://www.enidine.com/en-US/Home,https://careersen-itt-inc.icims.com/jobs/search?ss=1&searchRelation=keyword_all,Title Application Engineer,https://careersen-itt-inc.icims.com/jobs/15377/application-engineer/job,"Orchard Park, NY, United States",Orchard Park,NY,United States,Not specified,,,,Space & Defense,2026-08-15,2026-08-15,https://careersen-itt-inc.icims.com/jobs/search?ss=1&searchRelation=keyword_all,ats_detected,5,success_after_fallback
3ccf63a35027,2026-08-15,64d9022f568a,ITT Enidine,https://www.enidine.com/en-US/Home,https://careersen-itt-inc.icims.com/jobs/search?ss=1&searchRelation=keyword_all,Title Product Design Engineer,https://careersen-itt-inc.icims.com/jobs/15366/product-design-engineer/job,"Orchard Park, NY, United States",Orchard Park,NY,United States,Not specified,,,,Space & Defense,2026-08-15,2026-08-15,https://careersen-itt-inc.icims.com/jobs/search?ss=1&searchRelation=keyword_all,ats_detected,5,success_after_fallback
94bb4ec31afa,2026-08-15,64d9022f568a,ITT Enidine,https://www.enidine.com/en-US/Home,https://careersen-itt-inc.icims.com/jobs/search?ss=1&searchRelation=keyword_all,Title Application Engineering Lead,https://careersen-itt-inc.icims.com/jobs/15348/application-engineering-lead/job,"Orchard Park, NY, United States",Orchard Park,NY,United States,Not specified,,,,Space & Defense,2026-08-15,2026-08-15,https://careersen-itt-inc.icims.com/jobs/search?ss=1&searchRelation=keyword_all,ats_detected,5,success_after_fallback
3a70ddfc851a,2026-08-15,64d9022f568a,ITT Enidine,https://www.enidine.com/en-US/Home,https://careersenus-itt-inc.icims.com/jobs/17418/assembly-operator/job,Assembly Operator,https://careersenus-itt-inc.icims.com/jobs/17418/assembly-operator/referral,"Orchard Park, NY, United States",Orchard Park,NY,United States,Not specified,,,,Space & Defense,2026-08-15,2026-08-15,https://careersenus-itt-inc.icims.com/jobs/17418/assembly-operator/job,ats_detected,5,success_after_fallback
7a83830e3edc,2026-08-15,64d9022f568a,ITT Enidine,https://www.enidine.com/en-US/Home,https://careersenus-itt-inc.icims.com/jobs/17363/tax-senior/job,Tax Senior,https://careersenus-itt-inc.icims.com/jobs/17363/tax-senior/job,"Stamford, CT, US",Stamford,CT,United States,Not specified,,,Finance and Accounting,Space & Defense,2026-08-15,2026-08-15,https://careersenus-itt-inc.icims.com/jobs/17363/tax-senior/job,ats_detected,4,success_after_fallback
18008d819169,2026-08-15,64d9022f568a,ITT Enidine,https://www.enidine.com/en-US/Home,https://careersenus-itt-inc.icims.com/jobs/17362/hr-leader---transformation-and-strategic-projects/job,Hr Leader Transformation And Strategic Projects,https://careersenus-itt-inc.icims.com/jobs/17362/hr-leader---transformation-and-strategic-projects/referral,"Orchard Park, NY, United States",Orchard Park,NY,United States,Not specified,,,,Space & Defense,2026-08-15,2026-08-15,https://careersenus-itt-inc.icims.com/jobs/17362/hr-leader---transformation-and-strategic-projects/job,ats_detected,5,success_after_fallback
ec3bfe07ba09,2026-08-15,64d9022f568a,ITT Enidine,https://www.enidine.com/en-US/Home,https://careersenus-itt-inc.icims.com/jobs/17361/tax-senior/job,Tax Senior,https://careersenus-itt-inc.icims.com/jobs/17361/tax-senior/job,"Stamford, CT, US",Stamford,CT,United States,Not specified,,,Finance and Accounting,Space & Defense,2026-08-15,2026-08-15,https://careersenus-itt-inc.icims.com/jobs/17361/tax-senior/job,ats_detected,4,success_after_fallback
73dec10857f7,2026-08-15,49a39e5c497b,L3Harris,https://www.l3harris.com/,https://careers.l3harris.com/en,L3Harris Engineering Hiring Event Plano Tx 8,https://careers.l3harris.com/en/job/greenville/l3harris-engineering-hiring-event-plano-tx-8-31/4832/98424212832,"Salt Lake City, Utah",Salt Lake City,UT,United States,Not specified,,,,Space & Defense,2026-08-15,2026-08-15,https://careers.l3harris.com/en,known_careers_url,4,success
0669bfcefe57,2026-08-15,49a39e5c497b,L3Harris,https://www.l3harris.com/,https://careers.l3harris.com/en,Specialist Cyber Intelligence Isso,https://careers.l3harris.com/en/job/colorado-springs/specialist-cyber-intelligence-isso/4832/99244670032,"Colorado Springs, Colorado",Colorado Springs,CO,United States,Not specified,,,,Space & Defense,2026-08-15,2026-08-15,https://careers.l3harris.com/en,known_careers_url,4,success
a8ee8b9d20a5,2026-08-15,49a39e5c497b,L3Harris,https://www.l3harris.com/,https://careers.l3harris.com/en,Specialist Design Pcb Design,https://careers.l3harris.com/en/job/rochester/specialist-design-pcb-design/4832/99237504800,"Rochester, New York",Rochester,NY,United States,Not specified,,,,Space & Defense,2026-08-15,2026-08-15,https://careers.l3harris.com/en,known_careers_url,4,success
c5f817616af4,2026-08-15,49a39e5c497b,L3Harris,https://www.l3harris.com/,https://careers.l3harris.com/en,Senior Specialist Industrial Security Csso,https://careers.l3harris.com/en/job/rochester/senior-specialist-industrial-security-csso/4832/99237504768,"Rochester, New York",Rochester,NY,United States,Not specified,,,,Space & Defense,2026-08-15,2026-08-15,https://careers.l3harris.com/en,known_careers_url,4,success
379414bedade,2026-08-15,49a39e5c497b,L3Harris,https://www.l3harris.com/,https://careers.l3harris.com/en,Senior Specialist Systems Engineering Space Intelligence Analyst,https://careers.l3harris.com/en/job/springfield/senior-specialist-systems-engineering-space-intelligence-analyst/4832/99237504736,"Springfield, Virginia",Springfield,VA,United States,Not specified,,,,Space & Defense,2026-08-15,2026-08-15,https://careers.l3harris.com/en,known_careers_url,4,success
35ec7fbffdd7,2026-08-15,49a39e5c497b,L3Harris,https://www.l3harris.com/,https://careers.l3harris.com/en/search-jobs,"Inventory Management Support B Manufacturing North Amityville, NY",https://careers.l3harris.com/en/job/north-amityville/inventory-management-support-b/4832/99237504688,"North Amityville, NY",North Amityville,NY,United States,Not specified,,,,Space & Defense,2026-08-15,2026-08-15,https://careers.l3harris.com/en/search-jobs,linked_page,4,success_after_fallback
78fff538f11b,2026-08-15,49a39e5c497b,L3Harris,https://www.l3harris.com/,https://careers.l3harris.com/en/search-jobs,Senior Associate Software Engineering,https://careers.l3harris.com/en/job/nashville/senior-associate-software-engineering/4832/99237504672,"Nashville, TN",Nashville,TN,United States,Not specified,,,,Space & Defense,2026-08-15,2026-08-15,https://careers.l3harris.com/en/search-jobs,linked_page,4,success_after_fallback
4d9ec0913148,2026-08-15,49a39e5c497b,L3Harris,https://www.l3harris.com/,https://careers.l3harris.com/en/search-jobs,Specialist Software Quality Engineer,https://careers.l3harris.com/en/job/nashville/specialist-software-quality-engineer/4832/99237504624,"Nashville, TN",Nashville,TN,United States,Not specified,,,,Space & Defense,2026-08-15,2026-08-15,https://careers.l3harris.com/en/search-jobs,linked_page,4,success_after_fallback
5b75d8af9233,2026-08-15,49a39e5c497b,L3Harris,https://www.l3harris.com/,https://careers.l3harris.com/en/search-jobs,Senior Specialist Field Engineering,https://careers.l3harris.com/en/job/clinton/senior-specialist-field-engineering/4832/95016238416,"Clinton, MD",Clinton,MD,United States,Not specified,,,,Space & Defense,2026-08-15,2026-08-15,https://careers.l3harris.com/en/search-jobs,linked_page,4,success_after_fallback
3b248738b556,2026-08-15,49a39e5c497b,L3Harris,https://www.l3harris.com/,https://careers.l3harris.com/en/search-jobs,Specialist Business Systems Analyst,https://careers.l3harris.com/en/job/nashville/specialist-business-systems-analyst/4832/99237504528,"Nashville, TN",Nashville,TN,United States,Not specified,,,,Space & Defense,2026-08-15,2026-08-15,https://careers.l3harris.com/en/search-jobs,linked_page,4,success_after_fallback
8bb7c222c4b2,2026-08-15,49a39e5c497b,L3Harris,https://www.l3harris.com/,https://careers.l3harris.com/en/search-jobs,Senior Specialist Design,https://careers.l3harris.com/en/job/palm-bay/senior-specialist-design/4832/99237504480,"Palm Bay, Brevard, FL",Palm Bay,FL,United States,Not specified,,,,Space & Defense,2026-08-15,2026-08-15,https://careers.l3harris.com/en/search-jobs,linked_page,4,success_after_fallback
9dd4d2421f91,2026-08-15,49a39e5c497b,L3Harris,https://www.l3harris.com/,https://careers.l3harris.com/en/search-jobs,Associate Manager Electrical Engineering,https://careers.l3harris.com/en/job/cincinnati/associate-manager-electrical-engineering/4832/99237504464,"Cincinnati, OH",Cincinnati,OH,United States,Not specified,,,,Space & Defense,2026-08-15,2026-08-15,https://careers.l3harris.com/en/search-jobs,linked_page,4,success_after_fallback
b5a990e3fadd,2026-08-15,49a39e5c497b,L3Harris,https://www.l3harris.com/,https://careers.l3harris.com/en/search-jobs,"Specialist, Talent Acquisition - Bilingual (French/English) Human, Resources Montreal, Quebec",https://careers.l3harris.com/en/job/montreal/specialist-talent-acquisition-bilingual-french-english/4832/98796813984,"Greece, NY, United States",Greece,NY,United States,Not specified,,,,Space & Defense,2026-08-15,2026-08-15,https://careers.l3harris.com/en/search-jobs,linked_page,4,success_after_fallback
9d06521b588e,2026-08-15,49a39e5c497b,L3Harris,https://www.l3harris.com/,https://careers.l3harris.com/en/search-jobs,Specialist Supply Chain Management Materials,https://careers.l3harris.com/en/job/camden/specialist-supply-chain-management-materials/4832/98442863808,"Camden, AR",Camden,AR,United States,Not specified,,,,Space & Defense,2026-08-15,2026-08-15,https://careers.l3harris.com/en/search-jobs,linked_page,4,success_after_fallback
bcfdabe55ffb,2026-08-15,49a39e5c497b,L3Harris,https://www.l3harris.com/,https://careers.l3harris.com/en/search-jobs,Sr Assoc Electrical Engrg,https://careers.l3harris.com/en/job/rochester/sr-assoc-electrical-engrg/4832/97569050176,"Rochester, NY",Rochester,NY,United States,Not specified,,,,Space & Defense,2026-08-15,2026-08-15,https://careers.l3harris.com/en/search-jobs,linked_page,4,success_after_fallback
8e7890cf7da9,2026-08-15,49a39e5c497b,L3Harris,https://www.l3harris.com/,https://careers.l3harris.com/en/job/greenville/l3harris-engineering-hiring-event-plano-tx-8-31/4832/98424212832,"L3Harris Engineering Hiring Event - Plano, TX (8/31)",https://careers.l3harris.com/en/job/plano/l3harris-engineering-hiring-event-plano-tx-8-31/4832/98424212832,"Plano, TX, US; Greenville, Texas, United States; Waco, Texas, United States; Rockwall, Texas, United States; Richardson, Texas, United States",Plano,TX,United States,Not specified,,,,Space & Defense,2026-08-15,2026-08-15,https://careers.l3harris.com/en/job/greenville/l3harris-engineering-hiring-event-plano-tx-8-31/4832/98424212832,linked_page,4,success_after_fallback
e196c48b323b,2026-08-15,49a39e5c497b,L3Harris,https://www.l3harris.com/,https://careers.l3harris.com/en/job/greenville/l3harris-engineering-hiring-event-plano-tx-8-31/4832/98424212832,L3Harris Engineering Hiring Event Plano Tx 8,https://careers.l3harris.com/en/job/greenville/l3harris-engineering-hiring-event-plano-tx-8-31/4832/search-jobs,"Greece, NY, United States",Greece,NY,United States,Not specified,,,,Space & Defense,2026-08-15,2026-08-15,https://careers.l3harris.com/en/job/greenville/l3harris-engineering-hiring-event-plano-tx-8-31/4832/98424212832,linked_page,4,success_after_fallback
4cf268453c81,2026-08-15,49a39e5c497b,L3Harris,https://www.l3harris.com/,https://careers.l3harris.com/en/job/greenville/l3harris-engineering-hiring-event-plano-tx-8-31/4832/98424212832,Scientist Systems Engineering,https://careers.l3harris.com/en/job/plano/scientist-systems-engineering/4832/98442863680,"Plano, Texas, Richardson, Texas",Plano,TX,United States,Not specified,,,,Space & Defense,2026-08-15,2026-08-15,https://careers.l3harris.com/en/job/greenville/l3harris-engineering-hiring-event-plano-tx-8-31/4832/98424212832,linked_page,4,success_after_fallback
216b728dcced,2026-08-15,49a39e5c497b,L3Harris,https://www.l3harris.com/,https://careers.l3harris.com/en/job/greenville/l3harris-engineering-hiring-event-plano-tx-8-31/4832/98424212832,Senior Specialist Project Engineer Transport,https://careers.l3harris.com/en/job/greenville/senior-specialist-project-engineer-transport/4832/98372432992,"Greenville, Texas",Greenville,TX,United States,Not specified,,,,Space & Defense,2026-08-15,2026-08-15,https://careers.l3harris.com/en/job/greenville/l3harris-engineering-hiring-event-plano-tx-8-31/4832/98424212832,linked_page,4,success_after_fallback
fd869b772f3d,2026-08-15,49a39e5c497b,L3Harris,https://www.l3harris.com/,https://careers.l3harris.com/en/job/greenville/l3harris-engineering-hiring-event-plano-tx-8-31/4832/98424212832,Lead Project Engineer,https://careers.l3harris.com/en/job/greenville/lead-project-engineer/4832/98372432960,"Greenville, Texas",Greenville,TX,United States,Not specified,,,,Space & Defense,2026-08-15,2026-08-15,https://careers.l3harris.com/en/job/greenville/l3harris-engineering-hiring-event-plano-tx-8-31/4832/98424212832,linked_page,4,success_after_fallback
f6fc44d794b5,2026-08-15,49a39e5c497b,L3Harris,https://www.l3harris.com/,https://careers.l3harris.com/en/job/greenville/l3harris-engineering-hiring-event-plano-tx-8-31/4832/98424212832,Senior Specialist Project Engineer,https://careers.l3harris.com/en/job/greenville/senior-specialist-project-engineer/4832/98372432928,"Greenville, Texas",Greenville,TX,United States,Not specified,,,,Space & Defense,2026-08-15,2026-08-15,https://careers.l3harris.com/en/job/greenville/l3harris-engineering-hiring-event-plano-tx-8-31/4832/98424212832,linked_page,4,success_after_fallback
5d5c78fd18ab,2026-08-15,49a39e5c497b,L3Harris,https://www.l3harris.com/,"https://careers.l3harris.com/en/search-jobs?acm=8686208,8679712,62721&alrpm=ALL&ascf=[%7B%22key%22:%22ALL%22,%22value%22:%22%22%7D]",Associate Quality Engineering,https://careers.l3harris.com/en/job/camden/associate-quality-engineering/4832/98372432768,"Camden, AR",Camden,AR,United States,Not specified,,,,Space & Defense,2026-08-15,2026-08-15,"https://careers.l3harris.com/en/search-jobs?acm=8686208,8679712,62721&alrpm=ALL&ascf=[%7B%22key%22:%22ALL%22,%22value%22:%22%22%7D]",linked_page,4,success_after_fallback
b4bd4c5195a9,2026-08-15,49a39e5c497b,L3Harris,https://www.l3harris.com/,"https://careers.l3harris.com/en/search-jobs?acm=8686208,8679712,62721&alrpm=ALL&ascf=[%7B%22key%22:%22ALL%22,%22value%22:%22%22%7D]",Associate Electrical Engineer,https://careers.l3harris.com/en/job/salt-lake-city/associate-electrical-engineer/4832/98211442224,"Salt Lake City, UT",Salt Lake City,UT,United States,Not specified,,,,Space & Defense,2026-08-15,2026-08-15,"https://careers.l3harris.com/en/search-jobs?acm=8686208,8679712,62721&alrpm=ALL&ascf=[%7B%22key%22:%22ALL%22,%22value%22:%22%22%7D]",linked_page,4,success_after_fallback
ca19a02c06a2,2026-08-15,49a39e5c497b,L3Harris,https://www.l3harris.com/,"https://careers.l3harris.com/en/search-jobs?acm=8686208,8679712,62721&alrpm=ALL&ascf=[%7B%22key%22:%22ALL%22,%22value%22:%22%22%7D]",Associate Electrical Engineer,https://careers.l3harris.com/en/job/nashville/associate-electrical-engineer/4832/97753641152,"Nashville, TN",Nashville,TN,United States,Not specified,,,,Space & Defense,2026-08-15,2026-08-15,"https://careers.l3harris.com/en/search-jobs?acm=8686208,8679712,62721&alrpm=ALL&ascf=[%7B%22key%22:%22ALL%22,%22value%22:%22%22%7D]",linked_page,4,success_after_fallback
2bf9b90a97fd,2026-08-15,49a39e5c497b,L3Harris,https://www.l3harris.com/,"https://careers.l3harris.com/en/search-jobs?acm=8686208,8679712,62721&alrpm=ALL&ascf=[%7B%22key%22:%22ALL%22,%22value%22:%22%22%7D]",Senior Associate Government Compliance,https://careers.l3harris.com/en/job/clifton/senior-associate-government-compliance/4832/96639950272,"Clifton, NJ",Clifton,NJ,United States,Not specified,,,,Space & Defense,2026-08-15,2026-08-15,"https://careers.l3harris.com/en/search-jobs?acm=8686208,8679712,62721&alrpm=ALL&ascf=[%7B%22key%22:%22ALL%22,%22value%22:%22%22%7D]",linked_page,4,success_after_fallback
d77b2ffe3457,2026-08-15,49a39e5c497b,L3Harris,https://www.l3harris.com/,"https://careers.l3harris.com/en/search-jobs?acm=8686208,8679712,62721&alrpm=ALL&ascf=[%7B%22key%22:%22ALL%22,%22value%22:%22%22%7D]",Senior Associate Component Reliability Engineer,https://careers.l3harris.com/en/job/san-diego/senior-associate-component-reliability-engineer/4832/97574912848,"San Diego, CA",San Diego,CA,United States,Not specified,,,,Space & Defense,2026-08-15,2026-08-15,"https://careers.l3harris.com/en/search-jobs?acm=8686208,8679712,62721&alrpm=ALL&ascf=[%7B%22key%22:%22ALL%22,%22value%22:%22%22%7D]",linked_page,4,success_after_fallback
e8e938d77ac0,2026-08-15,49a39e5c497b,L3Harris,https://www.l3harris.com/,"https://careers.l3harris.com/en/search-jobs?acm=8686208,8679712,62721&alrpm=ALL&ascf=[%7B%22key%22:%22ALL%22,%22value%22:%22%22%7D]",Associate Quality Engineering,https://careers.l3harris.com/en/job/cincinnati/associate-quality-engineering/4832/97563771088,"Cincinnati, OH",Cincinnati,OH,United States,Not specified,,,,Space & Defense,2026-08-15,2026-08-15,"https://careers.l3harris.com/en/search-jobs?acm=8686208,8679712,62721&alrpm=ALL&ascf=[%7B%22key%22:%22ALL%22,%22value%22:%22%22%7D]",linked_page,4,success_after_fallback
e786b9ed8dd7,2026-08-15,49a39e5c497b,L3Harris,https://www.l3harris.com/,"https://careers.l3harris.com/en/search-jobs?acm=8686208,8679712,62721&alrpm=ALL&ascf=[%7B%22key%22:%22ALL%22,%22value%22:%22%22%7D]",Associate Product Management,https://careers.l3harris.com/en/job/salt-lake-city/associate-product-management/4832/84429599744,"Salt Lake City, UT",Salt Lake City,UT,United States,Not specified,,,,Space & Defense,2026-08-15,2026-08-15,"https://careers.l3harris.com/en/search-jobs?acm=8686208,8679712,62721&alrpm=ALL&ascf=[%7B%22key%22:%22ALL%22,%22value%22:%22%22%7D]",linked_page,4,success_after_fallback
0b2d94490370,2026-08-15,49a39e5c497b,L3Harris,https://www.l3harris.com/,"https://careers.l3harris.com/en/search-jobs?acm=8686208,8679712,62721&alrpm=ALL&ascf=[%7B%22key%22:%22ALL%22,%22value%22:%22%22%7D]",Sr Associate Quality Engineer Rochester Ny,https://careers.l3harris.com/en/job/rochester/sr-associate-quality-engineer-rochester-ny/4832/88385884240,"Rochester, NY",Rochester,NY,United States,Not specified,,,,Space & Defense,2026-08-15,2026-08-15,"https://careers.l3harris.com/en/search-jobs?acm=8686208,8679712,62721&alrpm=ALL&ascf=[%7B%22key%22:%22ALL%22,%22value%22:%22%22%7D]",linked_page,4,success_after_fallback
f15813e10f97,2026-08-15,49a39e5c497b,L3Harris,https://www.l3harris.com/,"https://careers.l3harris.com/en/search-jobs?acm=8686208,8679712,62721&alrpm=ALL&ascf=[%7B%22key%22:%22ALL%22,%22value%22:%22%22%7D]",Associate Software Engineering,https://careers.l3harris.com/en/job/sunrise/associate-software-engineering/4832/99213513536,"Sunrise, Broward, FL",Sunrise,FL,United States,Not specified,,,,Space & Defense,2026-08-15,2026-08-15,"https://careers.l3harris.com/en/search-jobs?acm=8686208,8679712,62721&alrpm=ALL&ascf=[%7B%22key%22:%22ALL%22,%22value%22:%22%22%7D]",linked_page,4,success_after_fallback
b394c8cdb9f0,2026-08-15,49a39e5c497b,L3Harris,https://www.l3harris.com/,"https://careers.l3harris.com/en/search-jobs?acm=8686208,8679712,62721&alrpm=ALL&ascf=[%7B%22key%22:%22ALL%22,%22value%22:%22%22%7D]",Associate Product Management,https://careers.l3harris.com/en/job/rochester/associate-product-management/4832/99213513504,"Rochester, NY",Rochester,NY,United States,Not specified,,,,Space & Defense,2026-08-15,2026-08-15,"https://careers.l3harris.com/en/search-jobs?acm=8686208,8679712,62721&alrpm=ALL&ascf=[%7B%22key%22:%22ALL%22,%22value%22:%22%22%7D]",linked_page,4,success_after_fallback
9f85dd0409d4,2026-08-15,49a39e5c497b,L3Harris,https://www.l3harris.com/,"https://careers.l3harris.com/en/search-jobs?acm=8686208,8679712,62721&alrpm=ALL&ascf=[%7B%22key%22:%22ALL%22,%22value%22:%22%22%7D]",Sr Associate Systems Engineer,https://careers.l3harris.com/en/job/clifton/sr-associate-systems-engineer/4832/99213513488,"Greece, NY, United States",Greece,NY,United States,Not specified,,,,Space & Defense,2026-08-15,2026-08-15,"https://careers.l3harris.com/en/search-jobs?acm=8686208,8679712,62721&alrpm=ALL&ascf=[%7B%22key%22:%22ALL%22,%22value%22:%22%22%7D]",linked_page,4,success_after_fallback
14c9918a55b7,2026-08-15,49a39e5c497b,L3Harris,https://www.l3harris.com/,"https://careers.l3harris.com/en/search-jobs?acm=8686208,8679712,62721&alrpm=ALL&ascf=[%7B%22key%22:%22ALL%22,%22value%22:%22%22%7D]",Associate Environmental Health And Safety,https://careers.l3harris.com/en/job/tulsa/associate-environmental-health-and-safety/4832/99191621488,"Tulsa, OK",Tulsa,OK,United States,Not specified,,,,Space & Defense,2026-08-15,2026-08-15,"https://careers.l3harris.com/en/search-jobs?acm=8686208,8679712,62721&alrpm=ALL&ascf=[%7B%22key%22:%22ALL%22,%22value%22:%22%22%7D]",linked_page,4,success_after_fallback
af9c87587dea,2026-08-15,49a39e5c497b,L3Harris,https://www.l3harris.com/,"https://careers.l3harris.com/en/search-jobs?acm=8686208,8679712,62721&alrpm=ALL&ascf=[%7B%22key%22:%22ALL%22,%22value%22:%22%22%7D]",Sr Associate Software Engineering Chantilly Va,https://careers.l3harris.com/en/job/chantilly/sr-associate-software-engineering-chantilly-va/4832/98569791584,"Chantilly, VA",Chantilly,VA,United States,Not specified,,,,Space & Defense,2026-08-15,2026-08-15,"https://careers.l3harris.com/en/search-jobs?acm=8686208,8679712,62721&alrpm=ALL&ascf=[%7B%22key%22:%22ALL%22,%22value%22:%22%22%7D]",linked_page,4,success_after_fallback
257fe1555858,2026-08-15,49a39e5c497b,L3Harris,https://www.l3harris.com/,"https://careers.l3harris.com/en/search-jobs?acm=8686208,8679712,62721&alrpm=ALL&ascf=[%7B%22key%22:%22ALL%22,%22value%22:%22%22%7D]",Associate Software Engineering,https://careers.l3harris.com/en/job/greenville/associate-software-engineering/4832/99167005936,"Greenville, TX",Greenville,TX,United States,Not specified,,,,Space & Defense,2026-08-15,2026-08-15,"https://careers.l3harris.com/en/search-jobs?acm=8686208,8679712,62721&alrpm=ALL&ascf=[%7B%22key%22:%22ALL%22,%22value%22:%22%22%7D]",linked_page,4,success_after_fallback
9437a23fd4db,2026-08-15,49a39e5c497b,L3Harris,https://www.l3harris.com/,"https://careers.l3harris.com/en/search-jobs?acm=61370,8684512,8684496,8684688,8684208,8687808,8696112,8684256,8690160,8684528&alrpm=ALL&ascf=[%7B%22key%22:%22ALL%22,%22value%22:%22%22%7D]",Lead Embedded Software Test Engineer Optical Space Systems Sign On Bonus 30K Max,https://careers.l3harris.com/en/job/wilmington/lead-embedded-software-test-engineer-optical-space-systems-sign-on-bonus-30k-max/4832/98442824928,"Wilmington, MA",Wilmington,MA,United States,Not specified,,,,Space & Defense,2026-08-15,2026-08-15,"https://careers.l3harris.com/en/search-jobs?acm=61370,8684512,8684496,8684688,8684208,8687808,8696112,8684256,8690160,8684528&alrpm=ALL&ascf=[%7B%22key%22:%22ALL%22,%22value%22:%22%22%7D]",linked_page,4,success_after_fallback
0b74546ed3c6,2026-08-15,49a39e5c497b,L3Harris,https://www.l3harris.com/,"https://careers.l3harris.com/en/search-jobs?acm=61370,8684512,8684496,8684688,8684208,8687808,8696112,8684256,8690160,8684528&alrpm=ALL&ascf=[%7B%22key%22:%22ALL%22,%22value%22:%22%22%7D]",Senior Associate Test Engineer,https://careers.l3harris.com/en/job/orlando/senior-associate-test-engineer/4832/98442863584,"Orlando, FL",Orlando,FL,United States,Not specified,,,,Space & Defense,2026-08-15,2026-08-15,"https://careers.l3harris.com/en/search-jobs?acm=61370,8684512,8684496,8684688,8684208,8687808,8696112,8684256,8690160,8684528&alrpm=ALL&ascf=[%7B%22key%22:%22ALL%22,%22value%22:%22%22%7D]",linked_page,4,success_after_fallback
734f389f1c5a,2026-08-15,49a39e5c497b,L3Harris,https://www.l3harris.com/,"https://careers.l3harris.com/en/search-jobs?acm=61370,8684512,8684496,8684688,8684208,8687808,8696112,8684256,8690160,8684528&alrpm=ALL&ascf=[%7B%22key%22:%22ALL%22,%22value%22:%22%22%7D]",Manager Software Engineer Minimum 10K Sign On Bonus,https://careers.l3harris.com/en/job/camden/manager-software-engineer-minimum-10k-sign-on-bonus/4832/98430374832,"Camden, NJ",Camden,NJ,United States,Not specified,,,,Space & Defense,2026-08-15,2026-08-15,"https://careers.l3harris.com/en/search-jobs?acm=61370,8684512,8684496,8684688,8684208,8687808,8696112,8684256,8690160,8684528&alrpm=ALL&ascf=[%7B%22key%22:%22ALL%22,%22value%22:%22%22%7D]",linked_page,4,success_after_fallback
720c86a04b19,2026-08-15,49a39e5c497b,L3Harris,https://www.l3harris.com/,"https://careers.l3harris.com/en/search-jobs?acm=61370,8684512,8684496,8684688,8684208,8687808,8696112,8684256,8690160,8684528&alrpm=ALL&ascf=[%7B%22key%22:%22ALL%22,%22value%22:%22%22%7D]",Lead Systems Engineering,https://careers.l3harris.com/en/job/rochester/lead-systems-engineering/4832/98424215104,"Rochester, NY",Rochester,NY,United States,Not specified,,,,Space & Defense,2026-08-15,2026-08-15,"https://careers.l3harris.com/en/search-jobs?acm=61370,8684512,8684496,8684688,8684208,8687808,8696112,8684256,8690160,8684528&alrpm=ALL&ascf=[%7B%22key%22:%22ALL%22,%22value%22:%22%22%7D]",linked_page,4,success_after_fallback
e1461b37a865,2026-08-15,49a39e5c497b,L3Harris,https://www.l3harris.com/,"https://careers.l3harris.com/en/search-jobs?acm=61370,8684512,8684496,8684688,8684208,8687808,8696112,8684256,8690160,8684528&alrpm=ALL&ascf=[%7B%22key%22:%22ALL%22,%22value%22:%22%22%7D]",Manager Systems Engineering,https://careers.l3harris.com/en/job/canoga-park/manager-systems-engineering/4832/98418617168,"Canoga Park, CA",Canoga Park,CA,United States,Not specified,,,,Space & Defense,2026-08-15,2026-08-15,"https://careers.l3harris.com/en/search-jobs?acm=61370,8684512,8684496,8684688,8684208,8687808,8696112,8684256,8690160,8684528&alrpm=ALL&ascf=[%7B%22key%22:%22ALL%22,%22value%22:%22%22%7D]",linked_page,4,success_after_fallback
92c0c6df07d8,2026-08-15,49a39e5c497b,L3Harris,https://www.l3harris.com/,"https://careers.l3harris.com/en/search-jobs?acm=61370,8684512,8684496,8684688,8684208,8687808,8696112,8684256,8690160,8684528&alrpm=ALL&ascf=[%7B%22key%22:%22ALL%22,%22value%22:%22%22%7D]","Senior Specialist Systems Engineering Engineering Yorba Linda, CA",https://careers.l3harris.com/en/job/yorba-linda/senior-specialist-systems-engineering/4832/96000651568,"Yorba Linda, CA",Yorba Linda,CA,United States,Not specified,,,,Space & Defense,2026-08-15,2026-08-15,"https://careers.l3harris.com/en/search-jobs?acm=61370,8684512,8684496,8684688,8684208,8687808,8696112,8684256,8690160,8684528&alrpm=ALL&ascf=[%7B%22key%22:%22ALL%22,%22value%22:%22%22%7D]",linked_page,4,success_after_fallback
4530c027df18,2026-08-15,49a39e5c497b,L3Harris,https://www.l3harris.com/,"https://careers.l3harris.com/en/search-jobs?acm=61370,8684512,8684496,8684688,8684208,8687808,8696112,8684256,8690160,8684528&alrpm=ALL&ascf=[%7B%22key%22:%22ALL%22,%22value%22:%22%22%7D]",Lead Project Engineering Data Cleansing Lead,https://careers.l3harris.com/en/job/palm-bay/lead-project-engineering-data-cleansing-lead/4832/98397466224,"Palm Bay, Brevard, FL",Palm Bay,FL,United States,Not specified,,,,Space & Defense,2026-08-15,2026-08-15,"https://careers.l3harris.com/en/search-jobs?acm=61370,8684512,8684496,8684688,8684208,8687808,8696112,8684256,8690160,8684528&alrpm=ALL&ascf=[%7B%22key%22:%22ALL%22,%22value%22:%22%22%7D]",linked_page,4,success_after_fallback
869b3a9fd2e0,2026-08-15,49a39e5c497b,L3Harris,https://www.l3harris.com/,"https://careers.l3harris.com/en/search-jobs?acm=61370,8684512,8684496,8684688,8684208,8687808,8696112,8684256,8690160,8684528&alrpm=ALL&ascf=[%7B%22key%22:%22ALL%22,%22value%22:%22%22%7D]",Specialist Information Security Systems Engineering,https://careers.l3harris.com/en/job/salt-lake-city/specialist-information-security-systems-engineering-1/4832/98397466192,"Salt Lake City, UT",Salt Lake City,UT,United States,Not specified,,,,Space & Defense,2026-08-15,2026-08-15,"https://careers.l3harris.com/en/search-jobs?acm=61370,8684512,8684496,8684688,8684208,8687808,8696112,8684256,8690160,8684528&alrpm=ALL&ascf=[%7B%22key%22:%22ALL%22,%22value%22:%22%22%7D]",linked_page,4,success_after_fallback
07fe9f2829f0,2026-08-15,49a39e5c497b,L3Harris,https://www.l3harris.com/,https://careers.l3harris.com/en/job/plano/l3harris-engineering-hiring-event-plano-tx-8-31/4832/98424212832,L3Harris Engineering Hiring Event Plano Tx 8,https://careers.l3harris.com/en/job/plano/l3harris-engineering-hiring-event-plano-tx-8-31/4832/search-jobs,"Greece, NY, United States",Greece,NY,United States,Not specified,,,,Space & Defense,2026-08-15,2026-08-15,https://careers.l3harris.com/en/job/plano/l3harris-engineering-hiring-event-plano-tx-8-31/4832/98424212832,linked_page,4,success_after_fallback
1d882b8aa0ea,2026-08-15,49a39e5c497b,L3Harris,https://www.l3harris.com/,"https://careers.l3harris.com/en/search-jobs?acm=61403,61374,62323,61407,8698064,62355,75609&alrpm=ALL&ascf=[%7B%22key%22:%22ALL%22,%22value%22:%22%22%7D]","Specialist, Accounting Finance Remote",https://careers.l3harris.com/en/job/united-states/specialist-accounting/4832/98430375104,Remote,,,,Remote,,,,Space & Defense,2026-08-15,2026-08-15,"https://careers.l3harris.com/en/search-jobs?acm=61403,61374,62323,61407,8698064,62355,75609&alrpm=ALL&ascf=[%7B%22key%22:%22ALL%22,%22value%22:%22%22%7D]",linked_page,4,success_after_fallback
bf06b51d231d,2026-08-15,49a39e5c497b,L3Harris,https://www.l3harris.com/,"https://careers.l3harris.com/en/search-jobs?acm=61403,61374,62323,61407,8698064,62355,75609&alrpm=ALL&ascf=[%7B%22key%22:%22ALL%22,%22value%22:%22%22%7D]",Senior Specialist Material Management,https://careers.l3harris.com/en/job/alpharetta/senior-specialist-material-management/4832/95383071664,"Alpharetta, GA",Alpharetta,GA,United States,Not specified,,,,Space & Defense,2026-08-15,2026-08-15,"https://careers.l3harris.com/en/search-jobs?acm=61403,61374,62323,61407,8698064,62355,75609&alrpm=ALL&ascf=[%7B%22key%22:%22ALL%22,%22value%22:%22%22%7D]",linked_page,4,success_after_fallback
54ac599e2eff,2026-08-15,49a39e5c497b,L3Harris,https://www.l3harris.com/,"https://careers.l3harris.com/en/search-jobs?acm=61403,61374,62323,61407,8698064,62355,75609&alrpm=ALL&ascf=[%7B%22key%22:%22ALL%22,%22value%22:%22%22%7D]","Senior Specialist, Supply Chain Management Supply, Chain Remote",https://careers.l3harris.com/en/job/united-states/senior-specialist-supply-chain-management/4832/98430374912,Remote,,,,Remote,,,,Space & Defense,2026-08-15,2026-08-15,"https://careers.l3harris.com/en/search-jobs?acm=61403,61374,62323,61407,8698064,62355,75609&alrpm=ALL&ascf=[%7B%22key%22:%22ALL%22,%22value%22:%22%22%7D]",linked_page,4,success_after_fallback
bfd6991af701,2026-08-15,49a39e5c497b,L3Harris,https://www.l3harris.com/,"https://careers.l3harris.com/en/search-jobs?acm=61403,61374,62323,61407,8698064,62355,75609&alrpm=ALL&ascf=[%7B%22key%22:%22ALL%22,%22value%22:%22%22%7D]",Specialist Finance Treasury Specialist,https://careers.l3harris.com/en/job/melbourne/specialist-finance-treasury-specialist/4832/98418617152,"Melbourne, FL",Melbourne,FL,United States,Not specified,,,,Space & Defense,2026-08-15,2026-08-15,"https://careers.l3harris.com/en/search-jobs?acm=61403,61374,62323,61407,8698064,62355,75609&alrpm=ALL&ascf=[%7B%22key%22:%22ALL%22,%22value%22:%22%22%7D]",linked_page,4,success_after_fallback
b3c0c162f0f9,2026-08-15,49a39e5c497b,L3Harris,https://www.l3harris.com/,"https://careers.l3harris.com/en/search-jobs?acm=61403,61374,62323,61407,8698064,62355,75609&alrpm=ALL&ascf=[%7B%22key%22:%22ALL%22,%22value%22:%22%22%7D]",Associate Tax Tax Operations Analyst,https://careers.l3harris.com/en/job/melbourne/associate-tax-tax-operations-analyst/4832/98418617088,"Melbourne, FL",Melbourne,FL,United States,Not specified,,,,Space & Defense,2026-08-15,2026-08-15,"https://careers.l3harris.com/en/search-jobs?acm=61403,61374,62323,61407,8698064,62355,75609&alrpm=ALL&ascf=[%7B%22key%22:%22ALL%22,%22value%22:%22%22%7D]",linked_page,4,success_after_fallback
55c66eb45430,2026-08-15,49a39e5c497b,L3Harris,https://www.l3harris.com/,"https://careers.l3harris.com/en/search-jobs?acm=61403,61374,62323,61407,8698064,62355,75609&alrpm=ALL&ascf=[%7B%22key%22:%22ALL%22,%22value%22:%22%22%7D]",Lead Program Manager,https://careers.l3harris.com/en/job/wilmington/lead-program-manager/4832/98418616864,"Wilmington, MA",Wilmington,MA,United States,Not specified,,,,Space & Defense,2026-08-15,2026-08-15,"https://careers.l3harris.com/en/search-jobs?acm=61403,61374,62323,61407,8698064,62355,75609&alrpm=ALL&ascf=[%7B%22key%22:%22ALL%22,%22value%22:%22%22%7D]",linked_page,4,success_after_fallback
50b10ce49576,2026-08-15,49a39e5c497b,L3Harris,https://www.l3harris.com/,"https://careers.l3harris.com/en/search-jobs?acm=61403,61374,62323,61407,8698064,62355,75609&alrpm=ALL&ascf=[%7B%22key%22:%22ALL%22,%22value%22:%22%22%7D]",Lead Manufacturing Engineer,https://careers.l3harris.com/en/job/camden/lead-manufacturing-engineer/4832/98418616752,"Camden, AR",Camden,AR,United States,Not specified,,,,Space & Defense,2026-08-15,2026-08-15,"https://careers.l3harris.com/en/search-jobs?acm=61403,61374,62323,61407,8698064,62355,75609&alrpm=ALL&ascf=[%7B%22key%22:%22ALL%22,%22value%22:%22%22%7D]",linked_page,4,success_after_fallback
6c2f70d373e5,2026-08-15,49a39e5c497b,L3Harris,https://www.l3harris.com/,"https://careers.l3harris.com/en/search-jobs?acm=61403,61374,62323,61407,8698064,62355,75609&alrpm=ALL&ascf=[%7B%22key%22:%22ALL%22,%22value%22:%22%22%7D]",Lead Subcontracts,https://careers.l3harris.com/en/job/colorado-springs/lead-subcontracts/4832/98418616736,"Greece, NY, United States",Greece,NY,United States,Not specified,,,,Space & Defense,2026-08-15,2026-08-15,"https://careers.l3harris.com/en/search-jobs?acm=61403,61374,62323,61407,8698064,62355,75609&alrpm=ALL&ascf=[%7B%22key%22:%22ALL%22,%22value%22:%22%22%7D]",linked_page,4,success_after_fallback
357c11290467,2026-08-15,49a39e5c497b,L3Harris,https://www.l3harris.com/,"https://careers.l3harris.com/en/search-jobs?acm=61403,61374,62323,61407,8698064,62355,75609&alrpm=ALL&ascf=[%7B%22key%22:%22ALL%22,%22value%22:%22%22%7D]","Composite Technician A - Weekend Day Shift Manufacturing Huntsville, AL",https://careers.l3harris.com/en/job/huntsville/composite-technician-a-weekend-day-shift/4832/98418616672,"Huntsville, AL",Huntsville,AL,United States,Not specified,,,,Space & Defense,2026-08-15,2026-08-15,"https://careers.l3harris.com/en/search-jobs?acm=61403,61374,62323,61407,8698064,62355,75609&alrpm=ALL&ascf=[%7B%22key%22:%22ALL%22,%22value%22:%22%22%7D]",linked_page,4,success_after_fallback
c948c38272e7,2026-08-15,b5d41f3f3457,Lockheed Martin,https://www.lockheedmartin.com/,https://www.lockheedmartin.com/en-us/careers/candidates/students-early-careers.html,Meet our Interns,https://www.lockheedmartin.com/en-us/careers/life-at-lm/2023/early-career-lessons-learned.html,"Ballston Spa, NY, United States",Ballston Spa,NY,United States,Not specified,,,,Space & Defense,2026-08-15,2026-08-15,https://www.lockheedmartin.com/en-us/careers/candidates/students-early-careers.html,linked_page,4,success_after_fallback
ac6ac155e05e,2026-08-15,6f56721ec5b5,Lourdes Industries,https://lourdesinc.com/,https://lourdesinc.com/careers,Mechanical Assembler - III--Aerospace,https://lourdesinc.com/careers/9dcd85a1be748d78/mechanical-assembler-iii-aerospace,"📍 Hauppauge, NY",📍 Hauppauge,NY,United States,Not specified,,,,Space & Defense,2026-08-15,2026-08-15,https://lourdesinc.com/careers,known_careers_url,3,success
2478ef542a72,2026-08-15,6f56721ec5b5,Lourdes Industries,https://lourdesinc.com/,https://lourdesinc.com/careers,Sr. Accountant-Aerospace,https://lourdesinc.com/careers/80b0abe13eaa1651/sr-accountant-aerospace,"📍 Hauppauge, NY",📍 Hauppauge,NY,United States,Not specified,,,,Space & Defense,2026-08-15,2026-08-15,https://lourdesinc.com/careers,known_careers_url,3,success
ec3cf0a69139,2026-08-15,ee835297a5f7,Magellan Aerospace,https://magellan.aero/,https://careers.magellan.aero/search?createNewAlert=false&q=&locationsearch=&optionsFacetsDD_department=,"Senior Business Analyst, Payroll (12 Months Contract)",https://careers.magellan.aero/job/Mississauga-Senior-Business-Analyst%2C-Payroll-%2812-Months-Contract%29-ON-L4T-1A9/602639717,"Bohemia, NY, United States",Bohemia,NY,United States,Not specified,,,,Core Space,2026-08-15,2026-08-15,https://careers.magellan.aero/search?createNewAlert=false&q=&locationsearch=&optionsFacetsDD_department=,linked_page,4,success_after_fallback
f24a64deea58,2026-08-15,ee835297a5f7,Magellan Aerospace,https://magellan.aero/,https://careers.magellan.aero/search?createNewAlert=false&q=&locationsearch=&optionsFacetsDD_department=,Quality Engineer Co-op,https://careers.magellan.aero/job/MIDDLETOWN-Quality-Engineer-Co-op-OH-45042/603473417,"Bohemia, NY, United States",Bohemia,NY,United States,Not specified,,,,Core Space,2026-08-15,2026-08-15,https://careers.magellan.aero/search?createNewAlert=false&q=&locationsearch=&optionsFacetsDD_department=,linked_page,4,success_after_fallback
26560e713cdb,2026-08-15,ee835297a5f7,Magellan Aerospace,https://magellan.aero/,https://careers.magellan.aero/search?createNewAlert=false&q=&locationsearch=&optionsFacetsDD_department=,Operations Manager,https://careers.magellan.aero/job/West-Babylon-Operations-Manager-NY-11704/601941517,"Bohemia, NY, United States",Bohemia,NY,United States,Not specified,,,,Core Space,2026-08-15,2026-08-15,https://careers.magellan.aero/search?createNewAlert=false&q=&locationsearch=&optionsFacetsDD_department=,linked_page,4,success_after_fallback
b4a011bf386e,2026-08-15,ee835297a5f7,Magellan Aerospace,https://magellan.aero/,https://careers.magellan.aero/search?createNewAlert=false&q=&locationsearch=&optionsFacetsDD_department=,NDT Technician II,https://careers.magellan.aero/job/MIDDLETOWN-NDT-Technician-II-OH-45042/602415317,"Bohemia, NY, United States",Bohemia,NY,United States,Not specified,,,,Core Space,2026-08-15,2026-08-15,https://careers.magellan.aero/search?createNewAlert=false&q=&locationsearch=&optionsFacetsDD_department=,linked_page,4,success_after_fallback
163cd3129e21,2026-08-15,ee835297a5f7,Magellan Aerospace,https://magellan.aero/,https://careers.magellan.aero/search?createNewAlert=false&q=&locationsearch=&optionsFacetsDD_department=,Special Process Operator,https://careers.magellan.aero/job/Winnipeg-Special-Process-Operator-MB-R3H-0S5/601713317,"Bohemia, NY, United States",Bohemia,NY,United States,Not specified,,,,Core Space,2026-08-15,2026-08-15,https://careers.magellan.aero/search?createNewAlert=false&q=&locationsearch=&optionsFacetsDD_department=,linked_page,4,success_after_fallback
36f546e325db,2026-08-15,ee835297a5f7,Magellan Aerospace,https://magellan.aero/,https://careers.magellan.aero/search?createNewAlert=false&q=&locationsearch=&optionsFacetsDD_department=,F404 Field Support Manager,https://careers.magellan.aero/job/Mississauga-F404-Field-Support-Manager-ON-L4T-1A9/602613617,"Bohemia, NY, United States",Bohemia,NY,United States,Not specified,,,,Core Space,2026-08-15,2026-08-15,https://careers.magellan.aero/search?createNewAlert=false&q=&locationsearch=&optionsFacetsDD_department=,linked_page,4,success_after_fallback
883509704e31,2026-08-15,ee835297a5f7,Magellan Aerospace,https://magellan.aero/,https://careers.magellan.aero/search?createNewAlert=false&q=&locationsearch=&optionsFacetsDD_department=,Special Process/ Quality Systems Internal Audit Lead,https://careers.magellan.aero/job/West-Babylon-Special-Process-Quality-Systems-Internal-Audit-Lead-NY-11704/603218317,"Bohemia, NY, United States",Bohemia,NY,United States,Not specified,,,,Core Space,2026-08-15,2026-08-15,https://careers.magellan.aero/search?createNewAlert=false&q=&locationsearch=&optionsFacetsDD_department=,linked_page,4,success_after_fallback
409a7653938a,2026-08-15,ee835297a5f7,Magellan Aerospace,https://magellan.aero/,https://careers.magellan.aero/search?createNewAlert=false&q=&locationsearch=&optionsFacetsDD_department=,Finance Manager,https://careers.magellan.aero/job/Glendale-Finance-Manager-AZ-85031/603495217,"Bohemia, NY, United States",Bohemia,NY,United States,Not specified,,,,Core Space,2026-08-15,2026-08-15,https://careers.magellan.aero/search?createNewAlert=false&q=&locationsearch=&optionsFacetsDD_department=,linked_page,4,success_after_fallback
46960db9f79f,2026-08-15,ee835297a5f7,Magellan Aerospace,https://magellan.aero/,https://careers.magellan.aero/search?createNewAlert=false&q=&locationsearch=&optionsFacetsDD_department=,N/C Milling Operator,https://careers.magellan.aero/job/Bohemia-NC-Milling-Operator-NY-11716/599087817,"Bohemia, NY, United States",Bohemia,NY,United States,Not specified,,,,Core Space,2026-08-15,2026-08-15,https://careers.magellan.aero/search?createNewAlert=false&q=&locationsearch=&optionsFacetsDD_department=,linked_page,4,success_after_fallback
ec717ebe2e87,2026-08-15,c67c1581a301,Mini Circuits Brooklyn,https://www.minicircuits.com/,https://jobs.jobvite.com/mini-circuits/jobs/positions,Engineering Pipeline,https://jobs.jobvite.com/mini-circuits/jobs/pipeline,"Brooklyn, NY, United States",Brooklyn,NY,United States,Not specified,,,,Core Space,2026-08-15,2026-08-15,https://jobs.jobvite.com/mini-circuits/jobs/positions,known_careers_url,4,success
68e8408ff31a,2026-08-15,c67c1581a301,Mini Circuits Brooklyn,https://www.minicircuits.com/,https://jobs.jobvite.com/mini-circuits/jobs/positions,"Quality Engineer Full-Time Hialeah, Florida",https://jobs.jobvite.com/mini-circuits/job/o3mxxfwd,"Hialeah, Florida",Hialeah,FL,United States,Not specified,,,,Core Space,2026-08-15,2026-08-15,https://jobs.jobvite.com/mini-circuits/jobs/positions,known_careers_url,4,success
384355f4924e,2026-08-15,c67c1581a301,Mini Circuits Brooklyn,https://www.minicircuits.com/,https://jobs.jobvite.com/mini-circuits/jobs/positions,"SAP Master Data Solution Specialist Full-Time Melville, New York",https://jobs.jobvite.com/mini-circuits/job/oK7LvfwR,"Melville, New York",Melville,NY,United States,Not specified,,,,Core Space,2026-08-15,2026-08-15,https://jobs.jobvite.com/mini-circuits/jobs/positions,known_careers_url,4,success
bea39b9e9255,2026-08-15,c67c1581a301,Mini Circuits Brooklyn,https://www.minicircuits.com/,https://jobs.jobvite.com/mini-circuits/jobs/positions,"NA Operations Project Manager III Full-Time Brooklyn, New York",https://jobs.jobvite.com/mini-circuits/job/oMhWyfwh,"Brooklyn, New York",Brooklyn,NY,United States,Not specified,,,,Core Space,2026-08-15,2026-08-15,https://jobs.jobvite.com/mini-circuits/jobs/positions,known_careers_url,4,success
018f7ae54409,2026-08-15,c67c1581a301,Mini Circuits Brooklyn,https://www.minicircuits.com/,https://jobs.jobvite.com/mini-circuits/jobs/positions,"SAP Finance (FICO) Solution Specialist Temporary Melville, New York",https://jobs.jobvite.com/mini-circuits/job/o4t2zfwS,"Melville, New York",Melville,NY,United States,Not specified,,,,Core Space,2026-08-15,2026-08-15,https://jobs.jobvite.com/mini-circuits/jobs/positions,known_careers_url,4,success
6e74b6f1efe0,2026-08-15,c67c1581a301,Mini Circuits Brooklyn,https://www.minicircuits.com/,https://jobs.jobvite.com/mini-circuits/jobs/positions,Field Applications Engineer - West Coast,https://jobs.jobvite.com/mini-circuits/job/o9l3zfwQ,"Remote, California",Remote,CA,United States,Remote,,,,Core Space,2026-08-15,2026-08-15,https://jobs.jobvite.com/mini-circuits/jobs/positions,known_careers_url,4,success
913280d599b2,2026-08-15,c67c1581a301,Mini Circuits Brooklyn,https://www.minicircuits.com/,https://jobs.jobvite.com/mini-circuits/jobs/positions,Field Applications Engineer NA Central,https://jobs.jobvite.com/mini-circuits/job/oaGmAfww,"Remote, New York",Remote,NY,United States,Remote,,,,Core Space,2026-08-15,2026-08-15,https://jobs.jobvite.com/mini-circuits/jobs/positions,known_careers_url,4,success
ce59b6ee18c5,2026-08-15,c67c1581a301,Mini Circuits Brooklyn,https://www.minicircuits.com/,https://jobs.jobvite.com/mini-circuits/jobs/positions,RF Technician I,https://jobs.jobvite.com/mini-circuits/job/oq5vAfwk,"Deer Park, New York",Deer Park,NY,United States,Not specified,,,,Core Space,2026-08-15,2026-08-15,https://jobs.jobvite.com/mini-circuits/jobs/positions,known_careers_url,4,success
721aa585ae84,2026-08-15,c67c1581a301,Mini Circuits Brooklyn,https://www.minicircuits.com/,https://jobs.jobvite.com/mini-circuits/jobs/positions,Robotic Operations Specialist,https://jobs.jobvite.com/mini-circuits/job/o4KAAfwI,"Deer Park, New York",Deer Park,NY,United States,Not specified,,,,Core Space,2026-08-15,2026-08-15,https://jobs.jobvite.com/mini-circuits/jobs/positions,known_careers_url,4,success
3cab2ab376c8,2026-08-15,c67c1581a301,Mini Circuits Brooklyn,https://www.minicircuits.com/,https://jobs.jobvite.com/mini-circuits/jobs/positions,Senior Manager Environmental Health & Safety,https://jobs.jobvite.com/mini-circuits/job/od4qAfw1,"Brooklyn, NY, United States",Brooklyn,NY,United States,Not specified,,,,Core Space,2026-08-15,2026-08-15,https://jobs.jobvite.com/mini-circuits/jobs/positions,known_careers_url,4,success
ff326000f6a1,2026-08-15,c67c1581a301,Mini Circuits Brooklyn,https://www.minicircuits.com/,https://jobs.jobvite.com/mini-circuits/jobs/positions,Engineer Operations Manager - DBU,https://jobs.jobvite.com/mini-circuits/job/o9R8zfwr,"Melville, New York",Melville,NY,United States,Not specified,,,,Core Space,2026-08-15,2026-08-15,https://jobs.jobvite.com/mini-circuits/jobs/positions,known_careers_url,4,success
b2adc8c2a082,2026-08-15,c67c1581a301,Mini Circuits Brooklyn,https://www.minicircuits.com/,https://jobs.jobvite.com/mini-circuits/jobs/positions,Mechanical Design Engineer I,https://jobs.jobvite.com/mini-circuits/job/oWJAAfwz,"Melville, New York",Melville,NY,United States,Not specified,,,,Core Space,2026-08-15,2026-08-15,https://jobs.jobvite.com/mini-circuits/jobs/positions,known_careers_url,4,success
cad7ef9c7bf2,2026-08-15,c67c1581a301,Mini Circuits Brooklyn,https://www.minicircuits.com/,https://jobs.jobvite.com/mini-circuits/jobs/positions,RF Design Engineer I,https://jobs.jobvite.com/mini-circuits/job/oaJjAfww,"Hialeah, Florida",Hialeah,FL,United States,Not specified,,,,Core Space,2026-08-15,2026-08-15,https://jobs.jobvite.com/mini-circuits/jobs/positions,known_careers_url,4,success
fd6473f727d6,2026-08-15,c67c1581a301,Mini Circuits Brooklyn,https://www.minicircuits.com/,https://jobs.jobvite.com/mini-circuits/jobs/positions,Senior Manager of Design Engineering,https://jobs.jobvite.com/mini-circuits/job/ocTgvfwA,"Hialeah, Florida",Hialeah,FL,United States,Not specified,,,,Core Space,2026-08-15,2026-08-15,https://jobs.jobvite.com/mini-circuits/jobs/positions,known_careers_url,4,success
708c76c41cf3,2026-08-15,c67c1581a301,Mini Circuits Brooklyn,https://www.minicircuits.com/,https://jobs.jobvite.com/mini-circuits/jobs/positions,Senior Product Engineer,https://jobs.jobvite.com/mini-circuits/job/omwuzfwF,"Hialeah, Florida",Hialeah,FL,United States,Not specified,,,,Core Space,2026-08-15,2026-08-15,https://jobs.jobvite.com/mini-circuits/jobs/positions,known_careers_url,4,success
cae170d97e5c,2026-08-15,c67c1581a301,Mini Circuits Brooklyn,https://www.minicircuits.com/,https://jobs.jobvite.com/mini-circuits/jobs/positions,Engineering Project Manager II,https://jobs.jobvite.com/mini-circuits/job/opZpAfw7,"Deer Park, New York",Deer Park,NY,United States,Not specified,,,,Core Space,2026-08-15,2026-08-15,https://jobs.jobvite.com/mini-circuits/jobs/positions,known_careers_url,4,success
cced1bd3bb9a,2026-08-15,c67c1581a301,Mini Circuits Brooklyn,https://www.minicircuits.com/,https://jobs.jobvite.com/mini-circuits/jobs/positions,Engineering Manager,https://jobs.jobvite.com/mini-circuits/job/o856zfwC,"Melville, New York",Melville,NY,United States,Not specified,,,,Core Space,2026-08-15,2026-08-15,https://jobs.jobvite.com/mini-circuits/jobs/positions,known_careers_url,4,success
a156d077534b,2026-08-15,c67c1581a301,Mini Circuits Brooklyn,https://www.minicircuits.com/,https://jobs.jobvite.com/mini-circuits/jobs/positions,Principal Design Engineer,https://jobs.jobvite.com/mini-circuits/job/oML0zfwQ,"Carlsbad, California",Carlsbad,CA,United States,Not specified,,,,Core Space,2026-08-15,2026-08-15,https://jobs.jobvite.com/mini-circuits/jobs/positions,known_careers_url,4,success
ad4046e78f2f,2026-08-15,c67c1581a301,Mini Circuits Brooklyn,https://www.minicircuits.com/,https://jobs.jobvite.com/mini-circuits/jobs/positions,RF Test Engineer - MMIC,https://jobs.jobvite.com/mini-circuits/job/oaxwAfwx,"Carlsbad, California",Carlsbad,CA,United States,Not specified,,,,Core Space,2026-08-15,2026-08-15,https://jobs.jobvite.com/mini-circuits/jobs/positions,known_careers_url,4,success
f58acd793692,2026-08-15,c67c1581a301,Mini Circuits Brooklyn,https://www.minicircuits.com/,https://jobs.jobvite.com/mini-circuits/jobs/positions,Development Test Engineer II,https://jobs.jobvite.com/mini-circuits/job/ofhVzfwK,"Brooklyn, New York",Brooklyn,NY,United States,Not specified,,,,Core Space,2026-08-15,2026-08-15,https://jobs.jobvite.com/mini-circuits/jobs/positions,known_careers_url,4,success
95fd8732f9fe,2026-08-15,c67c1581a301,Mini Circuits Brooklyn,https://www.minicircuits.com/,https://jobs.jobvite.com/mini-circuits/jobs/positions,PCB Designer II - MMIC,https://jobs.jobvite.com/mini-circuits/job/ovBkAfwK,"Melville, New York",Melville,NY,United States,Not specified,,,,Core Space,2026-08-15,2026-08-15,https://jobs.jobvite.com/mini-circuits/jobs/positions,known_careers_url,4,success
3a888e3d6aa2,2026-08-15,c67c1581a301,Mini Circuits Brooklyn,https://www.minicircuits.com/,https://jobs.jobvite.com/mini-circuits/jobs/positions,Senior Mechanical Design Engineer,https://jobs.jobvite.com/mini-circuits/job/ocdjAfw2,"Melville, New York",Melville,NY,United States,Not specified,,,,Core Space,2026-08-15,2026-08-15,https://jobs.jobvite.com/mini-circuits/jobs/positions,known_careers_url,4,success
3b79409f6427,2026-08-15,c67c1581a301,Mini Circuits Brooklyn,https://www.minicircuits.com/,https://jobs.jobvite.com/mini-circuits/jobs/positions,Automation Systems Engineer II,https://jobs.jobvite.com/mini-circuits/job/oUNKyfwJ,"Brooklyn, New York",Brooklyn,NY,United States,Not specified,,,,Core Space,2026-08-15,2026-08-15,https://jobs.jobvite.com/mini-circuits/jobs/positions,known_careers_url,4,success
9d9a98d628aa,2026-08-15,c67c1581a301,Mini Circuits Brooklyn,https://www.minicircuits.com/,https://jobs.jobvite.com/mini-circuits/jobs/positions,Manufacturing Automation Technician,https://jobs.jobvite.com/mini-circuits/job/oFs4zfwu,"Brooklyn, New York",Brooklyn,NY,United States,Not specified,,,,Core Space,2026-08-15,2026-08-15,https://jobs.jobvite.com/mini-circuits/jobs/positions,known_careers_url,4,success
791ff36d567d,2026-08-15,c67c1581a301,Mini Circuits Brooklyn,https://www.minicircuits.com/,https://jobs.jobvite.com/mini-circuits/jobs/positions,Supply Chain Project Manager,https://jobs.jobvite.com/mini-circuits/job/oxObAfwQ,"Melville, New York",Melville,NY,United States,Not specified,,,,Core Space,2026-08-15,2026-08-15,https://jobs.jobvite.com/mini-circuits/jobs/positions,known_careers_url,4,success
d6ba4f131525,2026-08-15,c67c1581a301,Mini Circuits Brooklyn,https://www.minicircuits.com/,https://jobs.jobvite.com/mini-circuits/jobs/positions,SAP ERP Manager,https://jobs.jobvite.com/mini-circuits/job/ogUJzfwc,"Brooklyn, NY, United States",Brooklyn,NY,United States,Not specified,,,,Core Space,2026-08-15,2026-08-15,https://jobs.jobvite.com/mini-circuits/jobs/positions,known_careers_url,4,success
296a6dcedc95,2026-08-15,c67c1581a301,Mini Circuits Brooklyn,https://www.minicircuits.com/,https://jobs.jobvite.com/mini-circuits/jobs/positions,Level 2 Electro-Mechanical Inspector,https://jobs.jobvite.com/mini-circuits/job/owLmAfwX,"Brooklyn, New York",Brooklyn,NY,United States,Not specified,,,,Core Space,2026-08-15,2026-08-15,https://jobs.jobvite.com/mini-circuits/jobs/positions,known_careers_url,4,success
5f3686a35033,2026-08-15,c67c1581a301,Mini Circuits Brooklyn,https://www.minicircuits.com/,https://jobs.jobvite.com/mini-circuits/jobs/positions,Regulatory Compliance & Sustainability Program Manager,https://jobs.jobvite.com/mini-circuits/job/ol5rAfwb,"Melville, New York",Melville,NY,United States,Not specified,,,,Core Space,2026-08-15,2026-08-15,https://jobs.jobvite.com/mini-circuits/jobs/positions,known_careers_url,4,success
ed2fb6233c1f,2026-08-15,c67c1581a301,Mini Circuits Brooklyn,https://www.minicircuits.com/,https://jobs.jobvite.com/mini-circuits/jobs/positions,Reliability Technician,https://jobs.jobvite.com/mini-circuits/job/oZrrAfwb,"Brooklyn, New York",Brooklyn,NY,United States,Not specified,,,,Core Space,2026-08-15,2026-08-15,https://jobs.jobvite.com/mini-circuits/jobs/positions,known_careers_url,4,success
803b97524767,2026-08-15,c67c1581a301,Mini Circuits Brooklyn,https://www.minicircuits.com/,https://jobs.jobvite.com/mini-circuits/jobs/positions,Regional Sales Manager - NA Central,https://jobs.jobvite.com/mini-circuits/job/oj4bAfwS,"Brooklyn, NY, United States",Brooklyn,NY,United States,Not specified,,,,Core Space,2026-08-15,2026-08-15,https://jobs.jobvite.com/mini-circuits/jobs/positions,known_careers_url,4,success
dca4839c54d3,2026-08-15,c67c1581a301,Mini Circuits Brooklyn,https://www.minicircuits.com/,https://jobs.jobvite.com/mini-circuits/jobs/positions,Strategic Sourcing Manager - Electronic Components,https://jobs.jobvite.com/mini-circuits/job/oGEvAfw9,"Melville, New York",Melville,NY,United States,Not specified,,,,Core Space,2026-08-15,2026-08-15,https://jobs.jobvite.com/mini-circuits/jobs/positions,known_careers_url,4,success
4add009a0d64,2026-08-15,c67c1581a301,Mini Circuits Brooklyn,https://www.minicircuits.com/,https://jobs.jobvite.com/mini-circuits/jobs/positions,Level 2 Switch Assembly Operator,https://jobs.jobvite.com/mini-circuits/job/oAHkAfwV,"Brooklyn, New York",Brooklyn,NY,United States,Not specified,,,,Core Space,2026-08-15,2026-08-15,https://jobs.jobvite.com/mini-circuits/jobs/positions,known_careers_url,4,success
c08e6594ee28,2026-08-15,c67c1581a301,Mini Circuits Brooklyn,https://www.minicircuits.com/,https://jobs.jobvite.com/mini-circuits,Quality Engineer,https://jobs.jobvite.com/mini-circuits/jobs/positions,"Brooklyn, NY, United States",Brooklyn,NY,United States,Not specified,,,,Core Space,2026-08-15,2026-08-15,https://jobs.jobvite.com/mini-circuits,ats_detected,4,success_after_fallback
92111a8626ea,2026-08-15,dd8e8599680c,NearSpace Labs,https://nearspacelabs.com/,https://job-boards.greenhouse.io/nearspacelabs,"Associate Operator - Stratospheric Systems Nationwide, United States",https://job-boards.greenhouse.io/nearspacelabs/jobs/4749344008,"Nationwide, United States",Nationwide,,United States,Not specified,,,,Core Space,2026-08-15,2026-08-15,https://job-boards.greenhouse.io/nearspacelabs,known_careers_url,5,success
ffeee6d7df67,2026-08-15,6a2f5abb3318,North Atlantic Industries,https://www.naii.com/,https://www.naii.com/Opportunities,Quality Assurance Engineer I,https://recruiting.paylocity.com/recruiting/jobs/Apply/4372866/North-Atlantic-Industries-Inc/Quality-Assurance-Engineer-I,"Bohemia, NY",Bohemia,NY,United States,Not specified,,,,Space & Defense,2026-08-15,2026-08-15,https://www.naii.com/Opportunities,linked_page,4,success_after_fallback
19075f4ce393,2026-08-15,6a2f5abb3318,North Atlantic Industries,https://www.naii.com/,https://www.naii.com/Opportunities,Intern It Helpdesk Tech Fall,https://recruiting.paylocity.com/recruiting/jobs/Apply/4399410/North-Atlantic-Industries-Inc/Intern-IT-Helpdesk-Tech---Fall-2026,"Bohemia, NY",Bohemia,NY,United States,Not specified,,,,Space & Defense,2026-08-15,2026-08-15,https://www.naii.com/Opportunities,linked_page,4,success_after_fallback
f3cb31fe282a,2026-08-15,6a2f5abb3318,North Atlantic Industries,https://www.naii.com/,https://www.naii.com/Opportunities,Sustaining Engineer,https://recruiting.paylocity.com/recruiting/jobs/Apply/4113142/North-Atlantic-Industries-Inc/Sustaining-Engineer,"Bohemia, NY",Bohemia,NY,United States,Not specified,,,,Space & Defense,2026-08-15,2026-08-15,https://www.naii.com/Opportunities,linked_page,4,success_after_fallback
3cd9bf7011ab,2026-08-15,6a2f5abb3318,North Atlantic Industries,https://www.naii.com/,https://www.naii.com/Opportunities,Regional Sales Manager,https://recruiting.paylocity.com/recruiting/jobs/Apply/4369018/North-Atlantic-Industries-Inc/Regional-Sales-Manager,"Los Angeles, CA",Los Angeles,CA,United States,Not specified,,,,Space & Defense,2026-08-15,2026-08-15,https://www.naii.com/Opportunities,linked_page,4,success_after_fallback
538bc55cef72,2026-08-15,6a2f5abb3318,North Atlantic Industries,https://www.naii.com/,https://www.naii.com/Opportunities,Regional Sales Manager,https://recruiting.paylocity.com/recruiting/jobs/Apply/4349376/North-Atlantic-Industries-Inc/Regional-Sales-Manager,"Phoenix, AZ",Phoenix,AZ,United States,Not specified,,,,Space & Defense,2026-08-15,2026-08-15,https://www.naii.com/Opportunities,linked_page,4,success_after_fallback
cfb59b6b405a,2026-08-15,6a2f5abb3318,North Atlantic Industries,https://www.naii.com/,https://www.naii.com/Opportunities,Pcb Designer Iii Hybrid,https://recruiting.paylocity.com/recruiting/jobs/Apply/4397150/North-Atlantic-Industries-Inc/PCB-Designer-III-Hybrid,"Bohemia, NY",Bohemia,NY,United States,Hybrid,,,,Space & Defense,2026-08-15,2026-08-15,https://www.naii.com/Opportunities,linked_page,4,success_after_fallback
593cab673465,2026-08-15,6a2f5abb3318,North Atlantic Industries,https://www.naii.com/,https://www.naii.com/Opportunities,Mechanical Engineer Ii Electronics Packaging Thermal Design,https://recruiting.paylocity.com/recruiting/jobs/Apply/3945062/North-Atlantic-Industries-Inc/Mechanical-Engineer-II---Electronics-Packaging-Thermal-Design,"Bohemia, NY",Bohemia,NY,United States,Not specified,,,,Space & Defense,2026-08-15,2026-08-15,https://www.naii.com/Opportunities,linked_page,4,success_after_fallback
e2a50a01d4f1,2026-08-15,6a2f5abb3318,North Atlantic Industries,https://www.naii.com/,https://www.naii.com/Opportunities,Electronics Technician I,https://recruiting.paylocity.com/recruiting/jobs/Apply/4384717/North-Atlantic-Industries-Inc/Electronics-Technician-I,"Bohemia, NY",Bohemia,NY,United States,Not specified,,,,Space & Defense,2026-08-15,2026-08-15,https://www.naii.com/Opportunities,linked_page,4,success_after_fallback
ae8fdeed05a5,2026-08-15,6a2f5abb3318,North Atlantic Industries,https://www.naii.com/,https://www.naii.com/Opportunities,Electronics Applications Engineer Ii Hybrid,https://recruiting.paylocity.com/recruiting/jobs/Apply/3897103/North-Atlantic-Industries-Inc/Electronics-Applications-Engineer-II-Hybrid,"Bohemia, NY",Bohemia,NY,United States,Hybrid,,,,Space & Defense,2026-08-15,2026-08-15,https://www.naii.com/Opportunities,linked_page,4,success_after_fallback
cb0d07740c33,2026-08-15,6a2f5abb3318,North Atlantic Industries,https://www.naii.com/,https://www.naii.com/Opportunities,Npi Smt Process Engineer,https://recruiting.paylocity.com/recruiting/jobs/Apply/4098066/North-Atlantic-Industries-Inc/NPI-SMT-Process-Engineer,"Bohemia, NY",Bohemia,NY,United States,Not specified,,,,Space & Defense,2026-08-15,2026-08-15,https://www.naii.com/Opportunities,linked_page,4,success_after_fallback
f1c459067988,2026-08-15,6a2f5abb3318,North Atlantic Industries,https://www.naii.com/,https://www.naii.com/Opportunities,Manufacturing Engineer I,https://recruiting.paylocity.com/recruiting/jobs/Apply/4348422/North-Atlantic-Industries-Inc/Manufacturing-Engineer-I,"Bohemia, NY",Bohemia,NY,United States,Not specified,,,,Space & Defense,2026-08-15,2026-08-15,https://www.naii.com/Opportunities,linked_page,4,success_after_fallback
fe7a76674fc7,2026-08-15,0197a4411659,RCM Engineering,https://rcmengineeringgroup.com/,https://jobs.rcmhealthcare.com/,Technician Wichita Kansas,https://jobs.rcmhealthcare.com/job/331914-technician-wichita-kansas,"West Sayville, NY, United States",West Sayville,NY,United States,Not specified,,,,Aerospace,2026-08-15,2026-08-15,https://jobs.rcmhealthcare.com/,linked_page,4,success_after_fallback
8c396c099865,2026-08-15,0197a4411659,RCM Engineering,https://rcmengineeringgroup.com/,https://jobs.rcmhealthcare.com/,Technician Mount Pleasant South Carolina,https://jobs.rcmhealthcare.com/job/329737-technician-mount-pleasant-south-carolina,"West Sayville, NY, United States",West Sayville,NY,United States,Not specified,,,,Aerospace,2026-08-15,2026-08-15,https://jobs.rcmhealthcare.com/,linked_page,4,success_after_fallback
af1b9df3edb6,2026-08-15,0939c3d7e29f,Saab Group,https://www.saab.com/,https://www.saab.com/career/job-opportunities,Manager Remote Tower Projects ﻿,https://www.saab.com/career/job-opportunities/manager-remote-tower-projects,"East Syracuse, NY, United States",East Syracuse,NY,United States,Remote,,,,Space & Defense,2026-08-15,2026-08-15,https://www.saab.com/career/job-opportunities,known_careers_url,3,success
8c2ed35ec687,2026-08-15,0939c3d7e29f,Saab Group,https://www.saab.com/,https://www.saab.com/career/job-opportunities,HR Manager (m/w/d) Compensation & Benefits ﻿,https://www.saab.com/career/job-opportunities/hr-manager-mwd-compensation--benefits,"East Syracuse, NY, United States",East Syracuse,NY,United States,Not specified,,,,Space & Defense,2026-08-15,2026-08-15,https://www.saab.com/career/job-opportunities,known_careers_url,3,success
8e3b8baf19f8,2026-08-15,0939c3d7e29f,Saab Group,https://www.saab.com/,https://www.saab.com/career/job-opportunities,Head of Hybrid Navy Business Development and Sales ﻿,https://www.saab.com/career/job-opportunities/head-of-hybrid-navy-business-development-and-sales,"East Syracuse, NY, United States",East Syracuse,NY,United States,Hybrid,,,,Space & Defense,2026-08-15,2026-08-15,https://www.saab.com/career/job-opportunities,known_careers_url,3,success
523ecfa5a17c,2026-08-15,0939c3d7e29f,Saab Group,https://www.saab.com/,https://www.saab.com/career/job-opportunities,Contract Quality Manager Saab Dynamics ﻿,https://www.saab.com/career/job-opportunities/contract-quality-manager-saab-dynamics,"East Syracuse, NY, United States",East Syracuse,NY,United States,Not specified,,,,Space & Defense,2026-08-15,2026-08-15,https://www.saab.com/career/job-opportunities,known_careers_url,3,success
7733fd0da0e1,2026-08-15,0939c3d7e29f,Saab Group,https://www.saab.com/,https://www.saab.com/career/job-opportunities,Contract Manager (m/w/d) ﻿,https://www.saab.com/career/job-opportunities/contract-manager-mwd,"East Syracuse, NY, United States",East Syracuse,NY,United States,Not specified,,,,Space & Defense,2026-08-15,2026-08-15,https://www.saab.com/career/job-opportunities,known_careers_url,3,success
f1d8a9c67b3c,2026-08-15,0939c3d7e29f,Saab Group,https://www.saab.com/,https://www.saab.com/career/job-opportunities,"Manager, Contract Management Gripen ﻿",https://www.saab.com/career/job-opportunities/manager-contract-management-gripen,"East Syracuse, NY, United States",East Syracuse,NY,United States,Not specified,,,,Space & Defense,2026-08-15,2026-08-15,https://www.saab.com/career/job-opportunities,known_careers_url,3,success
3c5f971721cc,2026-08-15,0939c3d7e29f,Saab Group,https://www.saab.com/,https://www.saab.com/career/job-opportunities,Senior Avionics Requirements Engineer ﻿,https://www.saab.com/career/job-opportunities/senior-avionics-requirements-engineer,"East Syracuse, NY, United States",East Syracuse,NY,United States,Not specified,,,,Space & Defense,2026-08-15,2026-08-15,https://www.saab.com/career/job-opportunities,known_careers_url,3,success
86a46cc033d8,2026-08-15,0939c3d7e29f,Saab Group,https://www.saab.com/,https://saabgroup.wd116.myworkdayjobs.com/Saab_careers/job/Linkping---Brderna-Ugglas-Gata/Leveransskoordinator_REQ_43402/apply,Leveransskoordinator,https://saabgroup.wd116.myworkdayjobs.com/Saab_careers/job/Linkping---Brderna-Ugglas-Gata/Leveransskoordinator_REQ_43402/apply,"LinkÃ¶ping - BrÃ¶derna Ugglas Gata, Sweden",LinkÃ¶ping - BrÃ¶derna Ugglas Gata,,Sweden,Not specified,,,,Space & Defense,2026-08-15,2026-08-15,https://saabgroup.wd116.myworkdayjobs.com/Saab_careers/job/Linkping---Brderna-Ugglas-Gata/Leveransskoordinator_REQ_43402/apply,ats_detected,3,success_after_fallback
13a8130b16ae,2026-08-15,0939c3d7e29f,Saab Group,https://www.saab.com/,https://saabgroup.wd116.myworkdayjobs.com/Saab_careers/job/Musk---Musk-rlogshamn/Servicetekniker-till-televerkstaden-p-Saab-Musk_REQ_38913/apply,Servicetekniker till televerkstaden pÃ¥ Saab MuskÃ¶,https://saabgroup.wd116.myworkdayjobs.com/Saab_careers/job/Musk---Musk-rlogshamn/Servicetekniker-till-televerkstaden-p-Saab-Musk_REQ_38913/apply,"MuskÃ¶ - MuskÃ¶ Ãrlogshamn, Sweden",MuskÃ¶ - MuskÃ¶ Ãrlogshamn,,Sweden,Not specified,,,,Space & Defense,2026-08-15,2026-08-15,https://saabgroup.wd116.myworkdayjobs.com/Saab_careers/job/Musk---Musk-rlogshamn/Servicetekniker-till-televerkstaden-p-Saab-Musk_REQ_38913/apply,ats_detected,3,success_after_fallback
f7a7798c135c,2026-08-15,0939c3d7e29f,Saab Group,https://www.saab.com/,https://www.saab.com/career/job-opportunities/sektionschef-for-systems-engineering--verification,Sektionschef Fr Systems Engineering Verification Req,https://saabgroup.wd116.myworkdayjobs.com/Saab_careers/job/Karlskoga---Dammbrovgen-7/Sektionschef-fr-Systems-Engineering---Verification_REQ_42669/apply,"East Syracuse, NY, United States",East Syracuse,NY,United States,Not specified,,,,Space & Defense,2026-08-15,2026-08-15,https://www.saab.com/career/job-opportunities/sektionschef-for-systems-engineering--verification,linked_page,4,success_after_fallback
eee012eafc8f,2026-08-15,fdb04d86542a,SRI International,https://www.sri.com/,https://careers-sri.icims.com/jobs/search?ss=1&hashed=-625949242,Title Finance Project Analyst II/III,https://careers-sri.icims.com/jobs/6456/finance-project-analyst-ii-iii/job,"Manhattan, NY, United States",Manhattan,NY,United States,Remote,,,,Core Space,2026-08-15,2026-08-15,https://careers-sri.icims.com/jobs/search?ss=1&hashed=-625949242,ats_detected,5,success_after_fallback
c0175a50d947,2026-08-15,fdb04d86542a,SRI International,https://www.sri.com/,https://careers-sri.icims.com/jobs/search?ss=1&hashed=-625949242,"Title Intern, Sleep Lab",https://careers-sri.icims.com/jobs/6454/intern%2c-sleep-lab/job,"Manhattan, NY, United States",Manhattan,NY,United States,Not specified,,,,Core Space,2026-08-15,2026-08-15,https://careers-sri.icims.com/jobs/search?ss=1&hashed=-625949242,ats_detected,5,success_after_fallback
0087209107d7,2026-08-15,fdb04d86542a,SRI International,https://www.sri.com/,https://careers-sri.icims.com/jobs/search?ss=1&hashed=-625949242,Title Marketing Specialist - Full Time-Temporary,https://careers-sri.icims.com/jobs/6450/marketing-specialist---full-time-temporary/job,"Manhattan, NY, United States",Manhattan,NY,United States,Remote,,,,Core Space,2026-08-15,2026-08-15,https://careers-sri.icims.com/jobs/search?ss=1&hashed=-625949242,ats_detected,5,success_after_fallback
c44ad4764b51,2026-08-15,fdb04d86542a,SRI International,https://www.sri.com/,https://careers-sri.icims.com/jobs/search?ss=1&hashed=-625949242,Title Principal Image Sensor Development Engineer,https://careers-sri.icims.com/jobs/6448/principal-image-sensor-development-engineer/job,"Manhattan, NY, United States",Manhattan,NY,United States,Not specified,,,,Core Space,2026-08-15,2026-08-15,https://careers-sri.icims.com/jobs/search?ss=1&hashed=-625949242,ats_detected,5,success_after_fallback
28df1f4c1bd9,2026-08-15,fdb04d86542a,SRI International,https://www.sri.com/,https://careers-sri.icims.com/jobs/search?ss=1&hashed=-625949242,Title IC Layout Engineer III,https://careers-sri.icims.com/jobs/6445/ic-layout-engineer-iii/job,"Manhattan, NY, United States",Manhattan,NY,United States,Not specified,,,,Core Space,2026-08-15,2026-08-15,https://careers-sri.icims.com/jobs/search?ss=1&hashed=-625949242,ats_detected,5,success_after_fallback
83cd75cf6b13,2026-08-15,fdb04d86542a,SRI International,https://www.sri.com/,https://careers-sri.icims.com/jobs/search?ss=1&hashed=-625949242,Title Associate Contracts Officer,https://careers-sri.icims.com/jobs/6443/associate-contracts-officer/job,"Manhattan, NY, United States",Manhattan,NY,United States,Remote,,,,Core Space,2026-08-15,2026-08-15,https://careers-sri.icims.com/jobs/search?ss=1&hashed=-625949242,ats_detected,5,success_after_fallback
6f88f052d223,2026-08-15,fdb04d86542a,SRI International,https://www.sri.com/,https://careers-sri.icims.com/jobs/search?ss=1&hashed=-625949242,Title Analog IC Design Engineer,https://careers-sri.icims.com/jobs/6441/analog-ic-design-engineer/job,"Manhattan, NY, United States",Manhattan,NY,United States,Not specified,,,,Core Space,2026-08-15,2026-08-15,https://careers-sri.icims.com/jobs/search?ss=1&hashed=-625949242,ats_detected,5,success_after_fallback
4d7d959e3ed1,2026-08-15,fdb04d86542a,SRI International,https://www.sri.com/,https://careers-sri.icims.com/jobs/search?ss=1&hashed=-625949242,"Title Research Scientist, electron beam lithography",https://careers-sri.icims.com/jobs/6440/research-scientist%2c-electron-beam-lithography/job,"Manhattan, NY, United States",Manhattan,NY,United States,On-site,,,,Core Space,2026-08-15,2026-08-15,https://careers-sri.icims.com/jobs/search?ss=1&hashed=-625949242,ats_detected,5,success_after_fallback
64b737edd5d0,2026-08-15,fdb04d86542a,SRI International,https://www.sri.com/,https://careers-sri.icims.com/jobs/search?ss=1&hashed=-625949242,Title Test Engineers I,https://careers-sri.icims.com/jobs/6439/test-engineers-i/job,"Manhattan, NY, United States",Manhattan,NY,United States,Not specified,,,,Core Space,2026-08-15,2026-08-15,https://careers-sri.icims.com/jobs/search?ss=1&hashed=-625949242,ats_detected,5,success_after_fallback
6d3d0ab8b735,2026-08-15,fdb04d86542a,SRI International,https://www.sri.com/,https://careers-sri.icims.com/jobs/search?ss=1&hashed=-625949242,Title Sr. Photonics Research Engineer,https://careers-sri.icims.com/jobs/6436/sr.-photonics-research-engineer/job,"Manhattan, NY, United States",Manhattan,NY,United States,On-site,,,,Core Space,2026-08-15,2026-08-15,https://careers-sri.icims.com/jobs/search?ss=1&hashed=-625949242,ats_detected,5,success_after_fallback
886af8140a70,2026-08-15,fdb04d86542a,SRI International,https://www.sri.com/,https://careers-sri.icims.com/jobs/search?ss=1&hashed=-625949242,Title Drexel University Co-op: Software Engineering/Full stack development,https://careers-sri.icims.com/jobs/6432/drexel-university-co-op%3a-software-engineering-full-stack-development/job,"Manhattan, NY, United States",Manhattan,NY,United States,Not specified,,,,Core Space,2026-08-15,2026-08-15,https://careers-sri.icims.com/jobs/search?ss=1&hashed=-625949242,ats_detected,5,success_after_fallback
fd4e35a63d72,2026-08-15,fdb04d86542a,SRI International,https://www.sri.com/,https://careers-sri.icims.com/jobs/search?ss=1&hashed=-625949242,Title Materials Research Scientist/Engineer,https://careers-sri.icims.com/jobs/6428/materials-research-scientist-engineer/job,"Manhattan, NY, United States",Manhattan,NY,United States,Not specified,,,,Core Space,2026-08-15,2026-08-15,https://careers-sri.icims.com/jobs/search?ss=1&hashed=-625949242,ats_detected,5,success_after_fallback
6a229b52cf25,2026-08-15,fdb04d86542a,SRI International,https://www.sri.com/,https://careers-sri.icims.com/jobs/search?ss=1&hashed=-625949242,Title Robotics Software Engineer - II/III,https://careers-sri.icims.com/jobs/6427/robotics-software-engineer---ii-iii/job,"Manhattan, NY, United States",Manhattan,NY,United States,On-site,,,,Core Space,2026-08-15,2026-08-15,https://careers-sri.icims.com/jobs/search?ss=1&hashed=-625949242,ats_detected,5,success_after_fallback
edcb4330653b,2026-08-15,fdb04d86542a,SRI International,https://www.sri.com/,https://careers-sri.icims.com/jobs/search?ss=1&hashed=-625949242,"Title Intern, Center for Health Sciences",https://careers-sri.icims.com/jobs/6421/intern%2c-center-for-health-sciences/job,"Manhattan, NY, United States",Manhattan,NY,United States,Not specified,,,,Core Space,2026-08-15,2026-08-15,https://careers-sri.icims.com/jobs/search?ss=1&hashed=-625949242,ats_detected,5,success_after_fallback
bb16d8c25a0b,2026-08-15,fdb04d86542a,SRI International,https://www.sri.com/,https://careers-sri.icims.com/jobs/search?ss=1&hashed=-625949242,Title Test Technician,https://careers-sri.icims.com/jobs/6419/test-technician/job,"Manhattan, NY, United States",Manhattan,NY,United States,Not specified,,,,Core Space,2026-08-15,2026-08-15,https://careers-sri.icims.com/jobs/search?ss=1&hashed=-625949242,ats_detected,5,success_after_fallback
95b1d44347a2,2026-08-15,fdb04d86542a,SRI International,https://www.sri.com/,https://careers-sri.icims.com/jobs/search?ss=1&hashed=-625949242,Title Sr Research Engineer-RF,https://careers-sri.icims.com/jobs/6407/sr-research-engineer-rf/job,"Manhattan, NY, United States",Manhattan,NY,United States,Remote,,,,Core Space,2026-08-15,2026-08-15,https://careers-sri.icims.com/jobs/search?ss=1&hashed=-625949242,ats_detected,5,success_after_fallback
8135fc124960,2026-08-15,fdb04d86542a,SRI International,https://www.sri.com/,https://careers-sri.icims.com/jobs/search?ss=1&hashed=-625949242,Title Sr Research Engineer-Project Principal Investigator - RF,https://careers-sri.icims.com/jobs/6406/sr-research-engineer-project-principal-investigator---rf/job,"Manhattan, NY, United States",Manhattan,NY,United States,Remote,,,,Core Space,2026-08-15,2026-08-15,https://careers-sri.icims.com/jobs/search?ss=1&hashed=-625949242,ats_detected,5,success_after_fallback
fc661e612cd6,2026-08-15,fdb04d86542a,SRI International,https://www.sri.com/,https://careers-sri.icims.com/jobs/search?ss=1&hashed=-625949242,Title Research Engineer II/III - RF Hardware,https://careers-sri.icims.com/jobs/6405/research-engineer-ii-iii---rf-hardware/job,"Manhattan, NY, United States",Manhattan,NY,United States,Remote,,,,Core Space,2026-08-15,2026-08-15,https://careers-sri.icims.com/jobs/search?ss=1&hashed=-625949242,ats_detected,5,success_after_fallback
f5c85183bee4,2026-08-15,fdb04d86542a,SRI International,https://www.sri.com/,https://careers-sri.icims.com/jobs/search?ss=1&hashed=-625949242,Title IC Design Engineer III,https://careers-sri.icims.com/jobs/6403/ic-design-engineer-iii/job,"Manhattan, NY, United States",Manhattan,NY,United States,Not specified,,,,Core Space,2026-08-15,2026-08-15,https://careers-sri.icims.com/jobs/search?ss=1&hashed=-625949242,ats_detected,5,success_after_fallback
4a918651f386,2026-08-15,fdb04d86542a,SRI International,https://www.sri.com/,https://careers-sri.icims.com/jobs/search?ss=1&hashed=-625949242,Title Wafer Fab Process Engineer,https://careers-sri.icims.com/jobs/6395/wafer-fab-process-engineer/job,"Manhattan, NY, United States",Manhattan,NY,United States,Not specified,,,,Core Space,2026-08-15,2026-08-15,https://careers-sri.icims.com/jobs/search?ss=1&hashed=-625949242,ats_detected,5,success_after_fallback
68175f7d031c,2026-08-15,fdb04d86542a,SRI International,https://www.sri.com/,https://careers-sri.icims.com/jobs/search?ss=1&hashed=-625949242,"Title Semiconductor Equipment Technicians, Experienced - First Shift",https://careers-sri.icims.com/jobs/6392/semiconductor-equipment-technicians%2c-experienced---first-shift/job,"Manhattan, NY, United States",Manhattan,NY,United States,Not specified,,,,Core Space,2026-08-15,2026-08-15,https://careers-sri.icims.com/jobs/search?ss=1&hashed=-625949242,ats_detected,5,success_after_fallback
43d358810612,2026-08-15,fdb04d86542a,SRI International,https://www.sri.com/,https://careers-sri.icims.com/jobs/search?ss=1&hashed=-625949242,"Title Semiconductor Equipment Technicians, Experienced - First Shift",https://careers-sri.icims.com/jobs/6385/semiconductor-equipment-technicians%2c-experienced---first-shift/job,"Manhattan, NY, United States",Manhattan,NY,United States,Not specified,,,,Core Space,2026-08-15,2026-08-15,https://careers-sri.icims.com/jobs/search?ss=1&hashed=-625949242,ats_detected,5,success_after_fallback
914b84c5d97a,2026-08-15,fdb04d86542a,SRI International,https://www.sri.com/,https://careers-sri.icims.com/jobs/search?ss=1&hashed=-625949242,Title Mechanical Engineer,https://careers-sri.icims.com/jobs/6384/mechanical-engineer/job,"Manhattan, NY, United States",Manhattan,NY,United States,Not specified,,,,Core Space,2026-08-15,2026-08-15,https://careers-sri.icims.com/jobs/search?ss=1&hashed=-625949242,ats_detected,5,success_after_fallback
d06c2cd1b5a3,2026-08-15,fdb04d86542a,SRI International,https://www.sri.com/,https://careers-sri.icims.com/jobs/search?ss=1&hashed=-625949242,Title Sr Mechanical Engineer,https://careers-sri.icims.com/jobs/6383/sr-mechanical-engineer/job,"Manhattan, NY, United States",Manhattan,NY,United States,Not specified,,,,Core Space,2026-08-15,2026-08-15,https://careers-sri.icims.com/jobs/search?ss=1&hashed=-625949242,ats_detected,5,success_after_fallback
57bb35df9988,2026-08-15,fdb04d86542a,SRI International,https://www.sri.com/,https://careers-sri.icims.com/jobs/search?ss=1&hashed=-625949242,Title Sr Research Engineer-Project Principal Investigator,https://careers-sri.icims.com/jobs/6377/sr-research-engineer-project-principal-investigator/job,"Manhattan, NY, United States",Manhattan,NY,United States,Remote,,,,Core Space,2026-08-15,2026-08-15,https://careers-sri.icims.com/jobs/search?ss=1&hashed=-625949242,ats_detected,5,success_after_fallback
0bec5a533ca5,2026-08-15,fdb04d86542a,SRI International,https://www.sri.com/,https://careers-sri.icims.com/jobs/search?ss=1&hashed=-625949242,Title IC Design Engineer IV,https://careers-sri.icims.com/jobs/6367/ic-design-engineer-iv/job,"Manhattan, NY, United States",Manhattan,NY,United States,Not specified,,,,Core Space,2026-08-15,2026-08-15,https://careers-sri.icims.com/jobs/search?ss=1&hashed=-625949242,ats_detected,5,success_after_fallback
9b94ba03fc5f,2026-08-15,fdb04d86542a,SRI International,https://www.sri.com/,https://careers-sri.icims.com/jobs/search?ss=1&hashed=-625949242,Title Electronics Design Engineer,https://careers-sri.icims.com/jobs/6365/electronics-design-engineer/job,"Manhattan, NY, United States",Manhattan,NY,United States,Not specified,,,,Core Space,2026-08-15,2026-08-15,https://careers-sri.icims.com/jobs/search?ss=1&hashed=-625949242,ats_detected,5,success_after_fallback
14e6108fd230,2026-08-15,fdb04d86542a,SRI International,https://www.sri.com/,https://careers-sri.icims.com/jobs/search?ss=1&hashed=-625949242,"Title Test Engineer - Analog, ATE",https://careers-sri.icims.com/jobs/6325/test-engineer---analog%2c-ate/job,"Manhattan, NY, United States",Manhattan,NY,United States,Not specified,,,,Core Space,2026-08-15,2026-08-15,https://careers-sri.icims.com/jobs/search?ss=1&hashed=-625949242,ats_detected,5,success_after_fallback
5211adaa3359,2026-08-15,fdb04d86542a,SRI International,https://www.sri.com/,https://careers-sri.icims.com/jobs/search?ss=1&hashed=-625949242,Title Photonics Research Engineer III,https://careers-sri.icims.com/jobs/6320/photonics-research-engineer-iii/job,"Manhattan, NY, United States",Manhattan,NY,United States,On-site,,,,Core Space,2026-08-15,2026-08-15,https://careers-sri.icims.com/jobs/search?ss=1&hashed=-625949242,ats_detected,5,success_after_fallback
56a72cd45a9d,2026-08-15,fdb04d86542a,SRI International,https://www.sri.com/,https://careers-sri.icims.com/jobs/search?ss=1&hashed=-625949242,Title Postdoctoral Fellow - Applied & Computational Scientists,https://careers-sri.icims.com/jobs/6314/postdoctoral-fellow---applied-%26-computational-scientists/job,"Manhattan, NY, United States",Manhattan,NY,United States,Hybrid,,,,Core Space,2026-08-15,2026-08-15,https://careers-sri.icims.com/jobs/search?ss=1&hashed=-625949242,ats_detected,5,success_after_fallback
9dc620c5605a,2026-08-15,fdb04d86542a,SRI International,https://www.sri.com/,https://careers-sri.icims.com/jobs/search?ss=1&hashed=-625949242,Title Applied & Computational Research Scientists,https://careers-sri.icims.com/jobs/6313/applied-%26-computational-research-scientists/job,"Manhattan, NY, United States",Manhattan,NY,United States,Hybrid,,,,Core Space,2026-08-15,2026-08-15,https://careers-sri.icims.com/jobs/search?ss=1&hashed=-625949242,ats_detected,5,success_after_fallback
fc84266c0fdd,2026-08-15,fdb04d86542a,SRI International,https://www.sri.com/,https://careers-sri.icims.com/jobs/search?ss=1&hashed=-625949242,Title Manufacturing Technicians,https://careers-sri.icims.com/jobs/6254/manufacturing-technicians/job,"Manhattan, NY, United States",Manhattan,NY,United States,Not specified,,,,Core Space,2026-08-15,2026-08-15,https://careers-sri.icims.com/jobs/search?ss=1&hashed=-625949242,ats_detected,5,success_after_fallback
8149b7efa018,2026-08-15,e04ea6a314c3,Vishay Americas,https://www.vishay.com/,https://jobs.vishay.com/career-areas,Machine Operator Sputter,https://jobs.vishay.com/jobs/machine-operator-sputter,"Hollis, NH, United States of America",Hollis,NH,United States,Not specified,,,,Core Space,2026-08-15,2026-08-15,https://jobs.vishay.com/career-areas,linked_page,3,success_after_fallback
3e1382b76cac,2026-08-15,e04ea6a314c3,Vishay Americas,https://www.vishay.com/,https://vishay.wd3.myworkdayjobs.com/VishayCareers/job/Itzehoe-DE/XMLNAME--Junior--Controller--m-w-d-_JR-19172-1/apply,(Junior) Controller (m/w/d),https://vishay.wd3.myworkdayjobs.com/VishayCareers/job/Itzehoe-DE/XMLNAME--Junior--Controller--m-w-d-_JR-19172-1/apply,"Itzehoe, DE, Germany",Itzehoe,DE,Germany,Not specified,,,,Core Space,2026-08-15,2026-08-15,https://vishay.wd3.myworkdayjobs.com/VishayCareers/job/Itzehoe-DE/XMLNAME--Junior--Controller--m-w-d-_JR-19172-1/apply,ats_detected,3,success_after_fallback
b8c3f0a204e8,2026-08-15,e04ea6a314c3,Vishay Americas,https://www.vishay.com/,https://jobs.vishay.com/jobs/senior-hr-specialist-m-w-d,Xmlname Senior Hr Specialist M W D Jr,https://vishay.wd3.myworkdayjobs.com/VishayCareers/job/Selb-DE/XMLNAME--Senior--HR-Specialist--m-w-d-_JR-17989-1/apply,"Niagara Falls, NY, United States",Niagara Falls,NY,United States,Not specified,,,,Core Space,2026-08-15,2026-08-15,https://jobs.vishay.com/jobs/senior-hr-specialist-m-w-d,linked_page,4,success_after_fallback
2683cca29df5,2026-08-15,e04ea6a314c3,Vishay Americas,https://www.vishay.com/,https://jobs.vishay.com/jobs/senior-specialist-ehs-quality-m-w-d,Xmlname Senior Specialist Ehs Quality M W D Jr,https://vishay.wd3.myworkdayjobs.com/VishayCareers/job/Erndtebrck-DE/XMLNAME--Senior--Specialist-EHS---Quality--m-w-d-_JR-15993/apply,"Niagara Falls, NY, United States",Niagara Falls,NY,United States,Not specified,,,,Core Space,2026-08-15,2026-08-15,https://jobs.vishay.com/jobs/senior-specialist-ehs-quality-m-w-d,linked_page,4,success_after_fallback
886abad21824,2026-08-15,1c2b4e10bf58,Wallaroo AI,https://wallaroo.ai/,https://www.jobvite.com/,TA Leader,https://www.jobvite.com/solutions/role/talent-acquisition-leader,"Manhattan, NY, United States",Manhattan,NY,United States,Not specified,,,,Core Space,2026-08-15,2026-08-15,https://www.jobvite.com/,ats_detected,4,success_after_fallback
fcec0899c79f,2026-08-15,1c2b4e10bf58,Wallaroo AI,https://wallaroo.ai/,https://www.jobvite.com/,HR Leader,https://www.jobvite.com/solutions/role/hr-leader,"Manhattan, NY, United States",Manhattan,NY,United States,Not specified,,,,Core Space,2026-08-15,2026-08-15,https://www.jobvite.com/,ats_detected,4,success_after_fallback
bc3248fdbd4f,2026-08-15,1c2b4e10bf58,Wallaroo AI,https://wallaroo.ai/,https://www.jobvite.com/,IT Manager,https://www.jobvite.com/solutions/role/it,"Manhattan, NY, United States",Manhattan,NY,United States,Not specified,,,,Core Space,2026-08-15,2026-08-15,https://www.jobvite.com/,ats_detected,4,success_after_fallback
