job_id,snapshot_date,company_id,company_name,company_website,careers_url,job_title,job_url,location,city,state,country,remote,salary_min,salary_max,department,category,date_found,last_seen_at,source_url,discovery_method,job_confidence_score,status
ffc0f9c180a3,2026-07-29,a3c0ab6694be,Bluefors Inc.,https://bluefors.com/,https://careers.bluefors.com/jobs,"Installation Field Service Technician, East Coast",https://careers.bluefors.com/jobs/8126332-installation-field-service-technician-east-coast,"Syracuse, NY, United States",Syracuse,NY,United States,Not specified,,,,Core Space,2026-07-29,2026-07-29,https://careers.bluefors.com/jobs,linked_page,4,success_after_fallback
9e98d837473e,2026-07-29,a3c0ab6694be,Bluefors Inc.,https://bluefors.com/,https://careers.bluefors.com/jobs,"Installation Field Service Technician , West Coast",https://careers.bluefors.com/jobs/8126326-installation-field-service-technician-west-coast,"Syracuse, NY, United States",Syracuse,NY,United States,Not specified,,,,Core Space,2026-07-29,2026-07-29,https://careers.bluefors.com/jobs,linked_page,4,success_after_fallback
832ea5400a1e,2026-07-29,a3c0ab6694be,Bluefors Inc.,https://bluefors.com/,https://careers.bluefors.com/jobs,Final QC Technician,https://careers.bluefors.com/jobs/8116385-final-qc-technician,"Syracuse, NY, United States",Syracuse,NY,United States,Not specified,,,,Core Space,2026-07-29,2026-07-29,https://careers.bluefors.com/jobs,linked_page,4,success_after_fallback
7a187437ee8d,2026-07-29,a3c0ab6694be,Bluefors Inc.,https://bluefors.com/,https://careers.bluefors.com/jobs,Customer Program Manager (Eastern United States),https://careers.bluefors.com/jobs/8114573-customer-program-manager-eastern-united-states,"Syracuse, NY, United States",Syracuse,NY,United States,Not specified,,,,Core Space,2026-07-29,2026-07-29,https://careers.bluefors.com/jobs,linked_page,4,success_after_fallback
bc981d860b12,2026-07-29,a3c0ab6694be,Bluefors Inc.,https://bluefors.com/,https://careers.bluefors.com/jobs,Legal Analyst,https://careers.bluefors.com/jobs/8110901-legal-analyst,"Syracuse, NY, United States",Syracuse,NY,United States,Not specified,,,,Core Space,2026-07-29,2026-07-29,https://careers.bluefors.com/jobs,linked_page,4,success_after_fallback
6e13144a2e64,2026-07-29,a3c0ab6694be,Bluefors Inc.,https://bluefors.com/,https://careers.bluefors.com/jobs,R&D and Engineering,https://careers.bluefors.com/jobs/8103356-toolmaker-i,"Syracuse, NY, United States",Syracuse,NY,United States,Not specified,,,,Core Space,2026-07-29,2026-07-29,https://careers.bluefors.com/jobs,linked_page,4,success_after_fallback
f7c0d233bdea,2026-07-29,a3c0ab6694be,Bluefors Inc.,https://bluefors.com/,https://careers.bluefors.com/jobs,IT Specialist,https://careers.bluefors.com/jobs/8043197-it-specialist,Hybrid,,,,Hybrid,,,,Core Space,2026-07-29,2026-07-29,https://careers.bluefors.com/jobs,linked_page,4,success_after_fallback
274cf5aedd27,2026-07-29,a3c0ab6694be,Bluefors Inc.,https://bluefors.com/,https://careers.bluefors.com/jobs,Technical Service Manager,https://careers.bluefors.com/jobs/8060586-technical-service-manager,"Syracuse, NY, United States",Syracuse,NY,United States,Not specified,,,,Core Space,2026-07-29,2026-07-29,https://careers.bluefors.com/jobs,linked_page,4,success_after_fallback
4fc21f16dc33,2026-07-29,a3c0ab6694be,Bluefors Inc.,https://bluefors.com/,https://careers.bluefors.com/jobs,Cryogenic R&D Engineer,https://careers.bluefors.com/jobs/8055772-cryogenic-r-d-engineer,"Syracuse, NY, United States",Syracuse,NY,United States,Not specified,,,,Core Space,2026-07-29,2026-07-29,https://careers.bluefors.com/jobs,linked_page,4,success_after_fallback
29fe6463991a,2026-07-29,a3c0ab6694be,Bluefors Inc.,https://bluefors.com/,https://careers.bluefors.com/jobs,Customer Service Representative-Sales,https://careers.bluefors.com/jobs/8055766-customer-service-representative-sales,"Syracuse, NY, United States",Syracuse,NY,United States,Not specified,,,,Core Space,2026-07-29,2026-07-29,https://careers.bluefors.com/jobs,linked_page,4,success_after_fallback
7e5fb828eb3a,2026-07-29,a3c0ab6694be,Bluefors Inc.,https://bluefors.com/,https://careers.bluefors.com/jobs,Aftercryocooler Technician,https://careers.bluefors.com/jobs/8054116-aftercryocooler-technician,"Syracuse, NY, United States",Syracuse,NY,United States,Not specified,,,,Core Space,2026-07-29,2026-07-29,https://careers.bluefors.com/jobs,linked_page,4,success_after_fallback
7b0634e138bf,2026-07-29,a3c0ab6694be,Bluefors Inc.,https://bluefors.com/,https://careers.bluefors.com/jobs,"Account Manager, Growth Accounts",https://careers.bluefors.com/jobs/8040781-account-manager-growth-accounts,"Syracuse, NY, United States",Syracuse,NY,United States,Remote,,,,Core Space,2026-07-29,2026-07-29,https://careers.bluefors.com/jobs,linked_page,4,success_after_fallback
7cd8315a670c,2026-07-29,a3c0ab6694be,Bluefors Inc.,https://bluefors.com/,https://careers.bluefors.com/jobs,Mechanical Engineer,https://careers.bluefors.com/jobs/8037961-mechanical-engineer,Hybrid,,,,Hybrid,,,,Core Space,2026-07-29,2026-07-29,https://careers.bluefors.com/jobs,linked_page,4,success_after_fallback
4ca7ad892cd8,2026-07-29,a3c0ab6694be,Bluefors Inc.,https://bluefors.com/,https://careers.bluefors.com/jobs,Stockroom Associate,https://careers.bluefors.com/jobs/7987885-stockroom-associate,"Syracuse, NY, United States",Syracuse,NY,United States,Not specified,,,,Core Space,2026-07-29,2026-07-29,https://careers.bluefors.com/jobs,linked_page,4,success_after_fallback
9eba9e76a6f8,2026-07-29,a3c0ab6694be,Bluefors Inc.,https://bluefors.com/,https://careers.bluefors.com/jobs,Manufacturing Associate: Compressor Assembly,https://careers.bluefors.com/jobs/7987832-manufacturing-associate-compressor-assembly,"Syracuse, NY, United States",Syracuse,NY,United States,Not specified,,,,Core Space,2026-07-29,2026-07-29,https://careers.bluefors.com/jobs,linked_page,4,success_after_fallback
b7fcfffaa00e,2026-07-29,a3c0ab6694be,Bluefors Inc.,https://bluefors.com/,https://careers.bluefors.com/jobs,Account Manager,https://careers.bluefors.com/jobs/7986332-account-manager,Hybrid,,,,Hybrid,,,,Core Space,2026-07-29,2026-07-29,https://careers.bluefors.com/jobs,linked_page,4,success_after_fallback
93ad7143e6d2,2026-07-29,a3c0ab6694be,Bluefors Inc.,https://bluefors.com/,https://careers.bluefors.com/jobs,Manufacturing Associate: BTA Assembler,https://careers.bluefors.com/jobs/7940045-manufacturing-associate-bta-assembler,"Syracuse, NY, United States",Syracuse,NY,United States,Not specified,,,,Core Space,2026-07-29,2026-07-29,https://careers.bluefors.com/jobs,linked_page,4,success_after_fallback
ce0cbfff4eaa,2026-07-29,a3c0ab6694be,Bluefors Inc.,https://bluefors.com/,https://careers.bluefors.com/jobs,CNC Operator (Second Shift),https://careers.bluefors.com/jobs/7939698-cnc-operator-second-shift,"Syracuse, NY, United States",Syracuse,NY,United States,Not specified,,,,Core Space,2026-07-29,2026-07-29,https://careers.bluefors.com/jobs,linked_page,4,success_after_fallback
a0d3ae9e0eb4,2026-07-29,a3c0ab6694be,Bluefors Inc.,https://bluefors.com/,https://careers.bluefors.com/jobs,CNC Operator I,https://careers.bluefors.com/jobs/7938132-cnc-operator-i,"Syracuse, NY, United States",Syracuse,NY,United States,Not specified,,,,Core Space,2026-07-29,2026-07-29,https://careers.bluefors.com/jobs,linked_page,4,success_after_fallback
e5ea58cca7b6,2026-07-29,a3c0ab6694be,Bluefors Inc.,https://bluefors.com/,https://careers.bluefors.com/jobs,Service Engineer,https://careers.bluefors.com/jobs/7874628-service-engineer,"Syracuse, NY, United States",Syracuse,NY,United States,Not specified,,,,Core Space,2026-07-29,2026-07-29,https://careers.bluefors.com/jobs,linked_page,4,success_after_fallback
bd2b5b92b3ec,2026-07-29,49a10cfcff0c,AIP Publishing,https://publishing.aip.org/,https://job-boards.greenhouse.io/aippublishing,Lifecycle Marketing Manager,https://job-boards.greenhouse.io/aippublishing/jobs/6105793004,"Remote - NY, NJ, CT, MD, VA, PA, MA, RI or Washington, DC",Remote - NY,NJ,United States,Remote,,,,Core Space,2026-07-29,2026-07-29,https://job-boards.greenhouse.io/aippublishing,known_careers_url,5,success
78bb5c28b368,2026-07-29,49a10cfcff0c,AIP Publishing,https://publishing.aip.org/,https://job-boards.greenhouse.io/aippublishing,"Manager, Peer Review Excellence",https://job-boards.greenhouse.io/aippublishing/jobs/6118738004,"Remote - NY, NJ, CT, MD, VA, PA, MA, RI or Washington, DC",Remote - NY,NJ,United States,Remote,,,,Core Space,2026-07-29,2026-07-29,https://job-boards.greenhouse.io/aippublishing,known_careers_url,5,success
18f749f2410f,2026-07-29,0c237be7f93d,Applied Visions,https://www.avi.com/,https://app.trinethire.com/companies/1321-the-applied-visions-companies-applied-visions-software-design-solutions/jobs,"Manager, Supply Chain and Planning",https://app.trinethire.com/companies/1321-applied-visions-software-design-solutions/jobs/122082-manager-supply-chain-and-planning,"Clifton Park, NY, United States",Clifton Park,NY,United States,Not specified,,,,Aerospace,2026-07-29,2026-07-29,https://app.trinethire.com/companies/1321-the-applied-visions-companies-applied-visions-software-design-solutions/jobs,linked_page,4,success_after_fallback
1a3ad1837653,2026-07-29,0c237be7f93d,Applied Visions,https://www.avi.com/,https://app.trinethire.com/companies/1321-the-applied-visions-companies-applied-visions-software-design-solutions/jobs,Electrical Engineer,https://app.trinethire.com/companies/1321-applied-visions-software-design-solutions/jobs/121839-electrical-engineer,"Clifton Park, NY, United States",Clifton Park,NY,United States,Not specified,,,,Aerospace,2026-07-29,2026-07-29,https://app.trinethire.com/companies/1321-the-applied-visions-companies-applied-visions-software-design-solutions/jobs,linked_page,4,success_after_fallback
cb371e86cd3d,2026-07-29,0c237be7f93d,Applied Visions,https://www.avi.com/,https://app.trinethire.com/companies/1321-the-applied-visions-companies-applied-visions-software-design-solutions/jobs,Director of Engineering,https://app.trinethire.com/companies/1321-applied-visions-software-design-solutions/jobs/118815-director-of-engineering,"Clifton Park, NY, United States",Clifton Park,NY,United States,Not specified,,,,Aerospace,2026-07-29,2026-07-29,https://app.trinethire.com/companies/1321-the-applied-visions-companies-applied-visions-software-design-solutions/jobs,linked_page,4,success_after_fallback
f7d1ed217e44,2026-07-29,0c237be7f93d,Applied Visions,https://www.avi.com/,https://app.trinethire.com/companies/1321-the-applied-visions-companies-applied-visions-software-design-solutions/jobs,Associate Product Specialist,https://app.trinethire.com/companies/1321-applied-visions-software-design-solutions/jobs/38213-associate-product-specialist,"Clifton Park, NY, United States",Clifton Park,NY,United States,Not specified,,,,Aerospace,2026-07-29,2026-07-29,https://app.trinethire.com/companies/1321-the-applied-visions-companies-applied-visions-software-design-solutions/jobs,linked_page,4,success_after_fallback
61417aaf893b,2026-07-29,0c237be7f93d,Applied Visions,https://www.avi.com/,https://app.trinethire.com/companies/1321-the-applied-visions-companies-applied-visions-software-design-solutions/jobs,Director of Product Management,https://app.trinethire.com/companies/1321-applied-visions-software-design-solutions/jobs/120485-director-of-product-management,"Clifton Park, NY, United States",Clifton Park,NY,United States,Not specified,,,,Aerospace,2026-07-29,2026-07-29,https://app.trinethire.com/companies/1321-the-applied-visions-companies-applied-visions-software-design-solutions/jobs,linked_page,4,success_after_fallback
0ac45e64ecd0,2026-07-29,0c237be7f93d,Applied Visions,https://www.avi.com/,https://app.trinethire.com/companies/1321-the-applied-visions-companies-applied-visions-software-design-solutions/jobs,Applied Visions Software Design Solutions,https://app.trinethire.com/companies/1321-applied-visions-software-design-solutions/jobs/120013-machinist-prototype-machining-3-month-contract,"Clifton Park, NY, United States",Clifton Park,NY,United States,Not specified,,,,Aerospace,2026-07-29,2026-07-29,https://app.trinethire.com/companies/1321-the-applied-visions-companies-applied-visions-software-design-solutions/jobs,linked_page,4,success_after_fallback
873a8c5d3c48,2026-07-29,405cf37b5e7d,Arkwin Industries,https://www.arkwin.com/,https://www.arkwin.com/job/senior-design-engineer-3,Senior Design Engineer,https://www.arkwin.com/job/senior-design-engineer-3,"Bethpage, NY",Bethpage,NY,United States,Not specified,,,,Space & Defense,2026-07-29,2026-07-29,https://www.arkwin.com/job/senior-design-engineer-3,linked_page,3,success_after_fallback
973ecca02f98,2026-07-29,405cf37b5e7d,Arkwin Industries,https://www.arkwin.com/,https://www.arkwin.com/job/quality-engineer-2,Quality Engineer,https://www.arkwin.com/job/quality-engineer-2,"Bethpage, NY",Bethpage,NY,United States,Not specified,,,,Space & Defense,2026-07-29,2026-07-29,https://www.arkwin.com/job/quality-engineer-2,linked_page,3,success_after_fallback
27443147dc30,2026-07-29,405cf37b5e7d,Arkwin Industries,https://www.arkwin.com/,https://www.arkwin.com/job/business-development-manager,Business Development Manager,https://www.arkwin.com/job/business-development-manager,"Bethpage, NY",Bethpage,NY,United States,Not specified,,,,Space & Defense,2026-07-29,2026-07-29,https://www.arkwin.com/job/business-development-manager,linked_page,3,success_after_fallback
f398e8e870ff,2026-07-29,405cf37b5e7d,Arkwin Industries,https://www.arkwin.com/,https://www.arkwin.com/job/business-unit-manager-4,Business Unit Manager,https://www.arkwin.com/job/business-unit-manager-4,"Bethpage, NY",Bethpage,NY,United States,Not specified,,,,Space & Defense,2026-07-29,2026-07-29,https://www.arkwin.com/job/business-unit-manager-4,linked_page,3,success_after_fallback
8dda5fe97d2c,2026-07-29,405cf37b5e7d,Arkwin Industries,https://www.arkwin.com/,https://www.arkwin.com/job/customer-account-manager-9,Customer Account Manager,https://www.arkwin.com/job/customer-account-manager-9,"Bethpage, NY",Bethpage,NY,United States,Not specified,,,,Space & Defense,2026-07-29,2026-07-29,https://www.arkwin.com/job/customer-account-manager-9,linked_page,3,success_after_fallback
405bd4c10310,2026-07-29,f7b8731a7e71,ASR International,https://www.asrintl.com/,https://asrinternationalcorp.applytojob.com/apply/jobs,Corporate Benefits and Insurance Manager,https://asrinternationalcorp.applytojob.com/apply/jobs/details/NRNvvkf9zF,"Hauppauge, NY",Hauppauge,NY,United States,Not specified,,,,Space & Defense,2026-07-29,2026-07-29,https://asrinternationalcorp.applytojob.com/apply/jobs,known_careers_url,4,success
c8adf6db7e97,2026-07-29,f7b8731a7e71,ASR International,https://www.asrintl.com/,https://asrinternationalcorp.applytojob.com/apply/jobs,Supply Technician,https://asrinternationalcorp.applytojob.com/apply/jobs/details/STTysYlm5N,"Fort Leonard Wood, MO",Fort Leonard Wood,MO,United States,Not specified,,,,Space & Defense,2026-07-29,2026-07-29,https://asrinternationalcorp.applytojob.com/apply/jobs,known_careers_url,4,success
fe6f53b21370,2026-07-29,f7b8731a7e71,ASR International,https://www.asrintl.com/,https://asrinternationalcorp.applytojob.com/apply/jobs,Technical Instructor/Course Developer,https://asrinternationalcorp.applytojob.com/apply/jobs/details/VqhiVDUJjm,"Selfridge, MI",Selfridge,MI,United States,Not specified,,,,Space & Defense,2026-07-29,2026-07-29,https://asrinternationalcorp.applytojob.com/apply/jobs,known_careers_url,4,success
543ec18896e4,2026-07-29,f7b8731a7e71,ASR International,https://www.asrintl.com/,https://asrinternationalcorp.applytojob.com/apply/jobs,Warehouse Specialist,https://asrinternationalcorp.applytojob.com/apply/jobs/details/16x07zLWWW,"Selfridge, MI",Selfridge,MI,United States,Not specified,,,,Space & Defense,2026-07-29,2026-07-29,https://asrinternationalcorp.applytojob.com/apply/jobs,known_careers_url,4,success
15cd72b1877b,2026-07-29,f7b8731a7e71,ASR International,https://www.asrintl.com/,https://asrinternationalcorp.applytojob.com/apply/jobs,Warehouse Specialist,https://asrinternationalcorp.applytojob.com/apply/jobs/details/Vk28FnZwGp,"Fort Leonard Wood, MO",Fort Leonard Wood,MO,United States,Not specified,,,,Space & Defense,2026-07-29,2026-07-29,https://asrinternationalcorp.applytojob.com/apply/jobs,known_careers_url,4,success
c22cbbf7ca77,2026-07-29,f7b8731a7e71,ASR International,https://www.asrintl.com/,https://asrinternationalcorp.applytojob.com/apply/jobs,Electronics Technician Maintenance II,https://asrinternationalcorp.applytojob.com/apply/jobs/details/RygFEPIjZ6,"Joint Base Lewis McChord, WA",Joint Base Lewis McChord,WA,United States,Not specified,,,,Space & Defense,2026-07-29,2026-07-29,https://asrinternationalcorp.applytojob.com/apply/jobs,known_careers_url,4,success
acb12590fde6,2026-07-29,f7b8731a7e71,ASR International,https://www.asrintl.com/,https://asrinternationalcorp.applytojob.com/apply/jobs,Electronics Technician Maintenance II,https://asrinternationalcorp.applytojob.com/apply/jobs/details/tkckALDrOW,"Fort Carson, CO",Fort Carson,CO,United States,Not specified,,,,Space & Defense,2026-07-29,2026-07-29,https://asrinternationalcorp.applytojob.com/apply/jobs,known_careers_url,4,success
7ae50f4e0fe0,2026-07-29,f7b8731a7e71,ASR International,https://www.asrintl.com/,https://asrinternationalcorp.applytojob.com/apply/jobs,Electronics Technician Maintenance II,https://asrinternationalcorp.applytojob.com/apply/jobs/details/xEwAcZdQEq,"Fort Irwin, CA",Fort Irwin,CA,United States,Not specified,,,,Space & Defense,2026-07-29,2026-07-29,https://asrinternationalcorp.applytojob.com/apply/jobs,known_careers_url,4,success
bb0d9fc3ddcb,2026-07-29,f7b8731a7e71,ASR International,https://www.asrintl.com/,https://asrinternationalcorp.applytojob.com/apply/jobs,Electronics Technician Maintenance II,https://asrinternationalcorp.applytojob.com/apply/jobs/details/grQg8BNQ9O,"Selfridge, MI",Selfridge,MI,United States,Not specified,,,,Space & Defense,2026-07-29,2026-07-29,https://asrinternationalcorp.applytojob.com/apply/jobs,known_careers_url,4,success
6cf69048e16c,2026-07-29,f7b8731a7e71,ASR International,https://www.asrintl.com/,https://asrinternationalcorp.applytojob.com/apply/jobs,Electronics Technician Maintenance III,https://asrinternationalcorp.applytojob.com/apply/jobs/details/dl5727MP1g,"Selfridge, MI",Selfridge,MI,United States,Not specified,,,,Space & Defense,2026-07-29,2026-07-29,https://asrinternationalcorp.applytojob.com/apply/jobs,known_careers_url,4,success
0682750694f3,2026-07-29,f7b8731a7e71,ASR International,https://www.asrintl.com/,https://asrinternationalcorp.applytojob.com/apply/jobs,Electronics Technician Maintenance III,https://asrinternationalcorp.applytojob.com/apply/jobs/details/7SJLdYr0U8,"Fort Leonard Wood, MO",Fort Leonard Wood,MO,United States,Not specified,,,,Space & Defense,2026-07-29,2026-07-29,https://asrinternationalcorp.applytojob.com/apply/jobs,known_careers_url,4,success
db2af443ff82,2026-07-29,f7b8731a7e71,ASR International,https://www.asrintl.com/,https://asrinternationalcorp.applytojob.com/apply/jobs,Electronics Technician Maintenance III,https://asrinternationalcorp.applytojob.com/apply/jobs/details/ftoyjEClaW,"Fort Polk, LA",Fort Polk,LA,United States,Not specified,,,,Space & Defense,2026-07-29,2026-07-29,https://asrinternationalcorp.applytojob.com/apply/jobs,known_careers_url,4,success
1b581f6a8e14,2026-07-29,f7b8731a7e71,ASR International,https://www.asrintl.com/,https://asrinternationalcorp.applytojob.com/apply/jobs,Electronics Technician Maintenance III,https://asrinternationalcorp.applytojob.com/apply/jobs/details/Aa3X1d2xt0,"Fort Belvoir, VA",Fort Belvoir,VA,United States,Not specified,,,,Space & Defense,2026-07-29,2026-07-29,https://asrinternationalcorp.applytojob.com/apply/jobs,known_careers_url,4,success
cbeebbc010d4,2026-07-29,f7b8731a7e71,ASR International,https://www.asrintl.com/,https://asrinternationalcorp.applytojob.com/apply/jobs,Electronics Technician Maintenance III,https://asrinternationalcorp.applytojob.com/apply/jobs/details/aucgOsQMp5,"Tyndall AFB, FL",Tyndall AFB,FL,United States,Not specified,,,,Space & Defense,2026-07-29,2026-07-29,https://asrinternationalcorp.applytojob.com/apply/jobs,known_careers_url,4,success
afdaf75f6494,2026-07-29,f7b8731a7e71,ASR International,https://www.asrintl.com/,https://asrinternationalcorp.applytojob.com/apply/jobs,Electronics Technician Maintenance III,https://asrinternationalcorp.applytojob.com/apply/jobs/details/aOFDgS8w68,"Fort Liberty, NC",Fort Liberty,NC,United States,Not specified,,,,Space & Defense,2026-07-29,2026-07-29,https://asrinternationalcorp.applytojob.com/apply/jobs,known_careers_url,4,success
a32dd6afd23d,2026-07-29,f7b8731a7e71,ASR International,https://www.asrintl.com/,https://asrinternationalcorp.applytojob.com/apply/jobs,Engineering Technician V,https://asrinternationalcorp.applytojob.com/apply/jobs/details/Dm1je3kuW4,"Selfridge, MI",Selfridge,MI,United States,Not specified,,,,Space & Defense,2026-07-29,2026-07-29,https://asrinternationalcorp.applytojob.com/apply/jobs,known_careers_url,4,success
4d611d9582ef,2026-07-29,f7b8731a7e71,ASR International,https://www.asrintl.com/,https://asrinternationalcorp.applytojob.com/apply/jobs,Engineering Technician V,https://asrinternationalcorp.applytojob.com/apply/jobs/details/DZkZZxaITE,"Fort Hood, TX",Fort Hood,TX,United States,Not specified,,,,Space & Defense,2026-07-29,2026-07-29,https://asrinternationalcorp.applytojob.com/apply/jobs,known_careers_url,4,success
26c16ea94a97,2026-07-29,f7b8731a7e71,ASR International,https://www.asrintl.com/,https://asrinternationalcorp.applytojob.com/apply/jobs,Engineering Technician V,https://asrinternationalcorp.applytojob.com/apply/jobs/details/GHYuVnP1D0,"Fort Irwin, CA",Fort Irwin,CA,United States,Not specified,,,,Space & Defense,2026-07-29,2026-07-29,https://asrinternationalcorp.applytojob.com/apply/jobs,known_careers_url,4,success
7ba4f1404840,2026-07-29,f7b8731a7e71,ASR International,https://www.asrintl.com/,https://asrinternationalcorp.applytojob.com/apply/jobs,Engineering Technician V,https://asrinternationalcorp.applytojob.com/apply/jobs/details/o25vp6ScGY,"Tyndall AFB, FL",Tyndall AFB,FL,United States,Not specified,,,,Space & Defense,2026-07-29,2026-07-29,https://asrinternationalcorp.applytojob.com/apply/jobs,known_careers_url,4,success
70c78dee8d77,2026-07-29,f7b8731a7e71,ASR International,https://www.asrintl.com/,https://asrinternationalcorp.applytojob.com/apply/jobs,Engineering Technician V,https://asrinternationalcorp.applytojob.com/apply/jobs/details/BwQa0jfLzO,"Blue Grass Army Depot, KY",Blue Grass Army Depot,KY,United States,Not specified,,,,Space & Defense,2026-07-29,2026-07-29,https://asrinternationalcorp.applytojob.com/apply/jobs,known_careers_url,4,success
4c63055c8585,2026-07-29,f7b8731a7e71,ASR International,https://www.asrintl.com/,https://asrinternationalcorp.applytojob.com/apply/jobs,Engineering Technician VI,https://asrinternationalcorp.applytojob.com/apply/jobs/details/4ba1Xu99wX,"Selfridge, MI",Selfridge,MI,United States,Not specified,,,,Space & Defense,2026-07-29,2026-07-29,https://asrinternationalcorp.applytojob.com/apply/jobs,known_careers_url,4,success
14f6be483896,2026-07-29,f7b8731a7e71,ASR International,https://www.asrintl.com/,https://asrinternationalcorp.applytojob.com/apply/jobs,Engineering Technician VI,https://asrinternationalcorp.applytojob.com/apply/jobs/details/AzBC67Q85x,"Blue Grass Army Depot, KY",Blue Grass Army Depot,KY,United States,Not specified,,,,Space & Defense,2026-07-29,2026-07-29,https://asrinternationalcorp.applytojob.com/apply/jobs,known_careers_url,4,success
ea75b9aedd72,2026-07-29,f7b8731a7e71,ASR International,https://www.asrintl.com/,https://asrinternationalcorp.applytojob.com/apply/jobs,Field Service Specialist,https://asrinternationalcorp.applytojob.com/apply/jobs/details/Xu0O0Foaen,"Baton Rouge, LA",Baton Rouge,LA,United States,Not specified,,,,Space & Defense,2026-07-29,2026-07-29,https://asrinternationalcorp.applytojob.com/apply/jobs,known_careers_url,4,success
203788f024cd,2026-07-29,f7b8731a7e71,ASR International,https://www.asrintl.com/,https://asrinternationalcorp.applytojob.com/apply/jobs,Operations Supervisor,https://asrinternationalcorp.applytojob.com/apply/jobs/details/djhhxNrDxp,"Selfridge, MI",Selfridge,MI,United States,Not specified,,,,Space & Defense,2026-07-29,2026-07-29,https://asrinternationalcorp.applytojob.com/apply/jobs,known_careers_url,4,success
a1b24335a797,2026-07-29,f7b8731a7e71,ASR International,https://www.asrintl.com/,https://asrinternationalcorp.applytojob.com/apply/jobs,Product Support Integrator / Project Manager I,https://asrinternationalcorp.applytojob.com/apply/jobs/details/JQYWdRG1xF,"Selfridge, MI",Selfridge,MI,United States,Not specified,,,,Space & Defense,2026-07-29,2026-07-29,https://asrinternationalcorp.applytojob.com/apply/jobs,known_careers_url,4,success
331b2ef00235,2026-07-29,f7b8731a7e71,ASR International,https://www.asrintl.com/,https://asrinternationalcorp.applytojob.com/apply/jobs,Project Manager / Lead Product Support Integrator,https://asrinternationalcorp.applytojob.com/apply/jobs/details/p3kM9H87n9,"Selfridge, MI",Selfridge,MI,United States,Not specified,,,,Space & Defense,2026-07-29,2026-07-29,https://asrinternationalcorp.applytojob.com/apply/jobs,known_careers_url,4,success
7a23738b5ac7,2026-07-29,f7b8731a7e71,ASR International,https://www.asrintl.com/,https://asrinternationalcorp.applytojob.com/apply/jobs,Sr. Database Administrator,https://asrinternationalcorp.applytojob.com/apply/jobs/details/dnIGKpsYvm,"Selfridge, MI",Selfridge,MI,United States,Not specified,,,,Space & Defense,2026-07-29,2026-07-29,https://asrinternationalcorp.applytojob.com/apply/jobs,known_careers_url,4,success
918dc8cfd88d,2026-07-29,f7b8731a7e71,ASR International,https://www.asrintl.com/,https://asrinternationalcorp.applytojob.com/apply/jobs,Recruiter (Government Contracting),https://asrinternationalcorp.applytojob.com/apply/jobs/details/nnRyvfnb08,"Hauppauge, NY",Hauppauge,NY,United States,Not specified,,,,Space & Defense,2026-07-29,2026-07-29,https://asrinternationalcorp.applytojob.com/apply/jobs,known_careers_url,4,success
c92c38fcccb8,2026-07-29,f7b8731a7e71,ASR International,https://www.asrintl.com/,https://asrinternationalcorp.applytojob.com/apply/jobs,"ADMINSTRATIVE ASSISTANT - ASR Corporate Office, Hauppauge, New York",https://asrinternationalcorp.applytojob.com/apply/jobs/details/oSYUcKaGm7,"Haupppauge, NY",Haupppauge,NY,United States,Not specified,,,,Space & Defense,2026-07-29,2026-07-29,https://asrinternationalcorp.applytojob.com/apply/jobs,known_careers_url,4,success
47c96cdcf8fc,2026-07-29,f7b8731a7e71,ASR International,https://www.asrintl.com/,https://asrinternationalcorp.applytojob.com/apply/jobs,AutoCAD/GIS Support Specialist,https://asrinternationalcorp.applytojob.com/apply/jobs/details/CFG1T0VA7v,"Laurel, MD",Laurel,MD,United States,Not specified,,,,Space & Defense,2026-07-29,2026-07-29,https://asrinternationalcorp.applytojob.com/apply/jobs,known_careers_url,4,success
aa53393f1ac6,2026-07-29,f7b8731a7e71,ASR International,https://www.asrintl.com/,https://asrinternationalcorp.applytojob.com/apply/jobs,Construction Management,https://asrinternationalcorp.applytojob.com/apply/jobs/details/H3PsQkcGEv,"Laurel, MD",Laurel,MD,United States,Not specified,,,,Space & Defense,2026-07-29,2026-07-29,https://asrinternationalcorp.applytojob.com/apply/jobs,known_careers_url,4,success
a26fbad4a38d,2026-07-29,f7b8731a7e71,ASR International,https://www.asrintl.com/,https://asrinternationalcorp.applytojob.com/apply/jobs,Construction Management,https://asrinternationalcorp.applytojob.com/apply/jobs/details/avEQr6BFdG,"Laurel, MD",Laurel,MD,United States,Not specified,,,,Space & Defense,2026-07-29,2026-07-29,https://asrinternationalcorp.applytojob.com/apply/jobs,known_careers_url,4,success
d2bed3596c1e,2026-07-29,f7b8731a7e71,ASR International,https://www.asrintl.com/,https://asrinternationalcorp.applytojob.com/apply/jobs,Lead Project Manager,https://asrinternationalcorp.applytojob.com/apply/jobs/details/kSPnLLrMcq,"Laurel, MD",Laurel,MD,United States,Not specified,,,,Space & Defense,2026-07-29,2026-07-29,https://asrinternationalcorp.applytojob.com/apply/jobs,known_careers_url,4,success
1dd235c0005e,2026-07-29,f7b8731a7e71,ASR International,https://www.asrintl.com/,https://asrinternationalcorp.applytojob.com/apply/jobs,Project Manager,https://asrinternationalcorp.applytojob.com/apply/jobs/details/TeZI4LBH8w,"Laurel, MD",Laurel,MD,United States,Not specified,,,,Space & Defense,2026-07-29,2026-07-29,https://asrinternationalcorp.applytojob.com/apply/jobs,known_careers_url,4,success
206a806a1118,2026-07-29,f7b8731a7e71,ASR International,https://www.asrintl.com/,https://asrinternationalcorp.applytojob.com/apply/jobs,Senior Construction Manager,https://asrinternationalcorp.applytojob.com/apply/jobs/details/KdlEs127io,"Laurel, MD",Laurel,MD,United States,Not specified,,,,Space & Defense,2026-07-29,2026-07-29,https://asrinternationalcorp.applytojob.com/apply/jobs,known_careers_url,4,success
fce7ddcbed83,2026-07-29,f7b8731a7e71,ASR International,https://www.asrintl.com/,https://asrinternationalcorp.applytojob.com/apply/jobs,Senior Office Construction Engineer,https://asrinternationalcorp.applytojob.com/apply/jobs/details/5IYbkcA0yG,"Laurel, MD",Laurel,MD,United States,Not specified,,,,Space & Defense,2026-07-29,2026-07-29,https://asrinternationalcorp.applytojob.com/apply/jobs,known_careers_url,4,success
b7525800e110,2026-07-29,f7b8731a7e71,ASR International,https://www.asrintl.com/,https://asrinternationalcorp.applytojob.com/apply/jobs,Insurance Agent Support Specialist,https://asrinternationalcorp.applytojob.com/apply/jobs/details/b9f6hcZS0i,"Hauppauge, NY",Hauppauge,NY,United States,Not specified,,,,Space & Defense,2026-07-29,2026-07-29,https://asrinternationalcorp.applytojob.com/apply/jobs,known_careers_url,4,success
ddc5940b6acb,2026-07-29,f7b8731a7e71,ASR International,https://www.asrintl.com/,https://asrinternationalcorp.applytojob.com/apply/jobs,Gas Analyzer Systems Technician,https://asrinternationalcorp.applytojob.com/apply/jobs/details/FlH69UH6mt,"Fitchburg, WI",Fitchburg,WI,United States,Not specified,,,,Space & Defense,2026-07-29,2026-07-29,https://asrinternationalcorp.applytojob.com/apply/jobs,known_careers_url,4,success
6796b9fa0b30,2026-07-29,f7b8731a7e71,ASR International,https://www.asrintl.com/,https://asrinternationalcorp.applytojob.com/apply/jobs,Budget Analyst,https://asrinternationalcorp.applytojob.com/apply/jobs/details/RLzUqaJIUe,"Hauppauge, NY",Hauppauge,NY,United States,Not specified,,,,Space & Defense,2026-07-29,2026-07-29,https://asrinternationalcorp.applytojob.com/apply/jobs,known_careers_url,4,success
b3dd33f23140,2026-07-29,f7b8731a7e71,ASR International,https://www.asrintl.com/,https://asrinternationalcorp.applytojob.com/apply/jobs,Warehouse Operations Support,https://asrinternationalcorp.applytojob.com/apply/jobs/details/r9UREC7YrW,"Port Hueneme, CA",Port Hueneme,CA,United States,Not specified,,,,Space & Defense,2026-07-29,2026-07-29,https://asrinternationalcorp.applytojob.com/apply/jobs,known_careers_url,4,success
dd897e1f6477,2026-07-29,f7b8731a7e71,ASR International,https://www.asrintl.com/,https://asrinternationalcorp.applytojob.com/apply/jobs,Construction Management Representative,https://asrinternationalcorp.applytojob.com/apply/jobs/details/UyVNZ9nngE,"Hot Springs, AR",Hot Springs,AR,United States,Not specified,,,,Space & Defense,2026-07-29,2026-07-29,https://asrinternationalcorp.applytojob.com/apply/jobs,known_careers_url,4,success
a6b87e15bfc2,2026-07-29,f7b8731a7e71,ASR International,https://www.asrintl.com/,https://asrinternationalcorp.applytojob.com/apply/jobs,Engineering Technical/Proposal Writer - Entry Level,https://asrinternationalcorp.applytojob.com/apply/jobs/details/XBSGZgZv0y,"Hauppauge, NY",Hauppauge,NY,United States,Not specified,,,,Space & Defense,2026-07-29,2026-07-29,https://asrinternationalcorp.applytojob.com/apply/jobs,known_careers_url,4,success
93d4c14397c7,2026-07-29,f7b8731a7e71,ASR International,https://www.asrintl.com/,https://asrinternationalcorp.applytojob.com/apply/jobs,Payroll Associate,https://asrinternationalcorp.applytojob.com/apply/jobs/details/RlQ0knqVZm,"Hauppauge, NY",Hauppauge,NY,United States,Not specified,,,,Space & Defense,2026-07-29,2026-07-29,https://asrinternationalcorp.applytojob.com/apply/jobs,known_careers_url,4,success
35405d1364a6,2026-07-29,f7b8731a7e71,ASR International,https://www.asrintl.com/,https://asrinternationalcorp.applytojob.com/apply/jobs,Jr. Contract Analyst/Admin,https://asrinternationalcorp.applytojob.com/apply/jobs/details/xgnxrAysaC,"Hauppauge, NY",Hauppauge,NY,United States,Not specified,,,,Space & Defense,2026-07-29,2026-07-29,https://asrinternationalcorp.applytojob.com/apply/jobs,known_careers_url,4,success
c5a1b86385bc,2026-07-29,f7b8731a7e71,ASR International,https://www.asrintl.com/,https://asrinternationalcorp.applytojob.com/apply/jobs,Construction Management Support/Field Engineer,https://asrinternationalcorp.applytojob.com/apply/jobs/details/GnwewXo9mw,"Bremerton, WA",Bremerton,WA,United States,Not specified,,,,Space & Defense,2026-07-29,2026-07-29,https://asrinternationalcorp.applytojob.com/apply/jobs,known_careers_url,4,success
061c23000c12,2026-07-29,f7b8731a7e71,ASR International,https://www.asrintl.com/,https://asrinternationalcorp.applytojob.com/apply/jobs,Project Field Engineer,https://asrinternationalcorp.applytojob.com/apply/jobs/details/ykZ3eXeJqr,"Bremerton, WA",Bremerton,WA,United States,Not specified,,,,Space & Defense,2026-07-29,2026-07-29,https://asrinternationalcorp.applytojob.com/apply/jobs,known_careers_url,4,success
e0ea4168ace7,2026-07-29,f7b8731a7e71,ASR International,https://www.asrintl.com/,https://asrinternationalcorp.applytojob.com/apply/jobs,Construction Inspector/Engineering Technician,https://asrinternationalcorp.applytojob.com/apply/jobs/details/ZszfKDngfY,"Pensacola, FL",Pensacola,FL,United States,Not specified,,,,Space & Defense,2026-07-29,2026-07-29,https://asrinternationalcorp.applytojob.com/apply/jobs,known_careers_url,4,success
5f277ef1aa88,2026-07-29,f7b8731a7e71,ASR International,https://www.asrintl.com/,https://asrinternationalcorp.applytojob.com/apply/jobs,System Administrator (US NAVY),https://asrinternationalcorp.applytojob.com/apply/jobs/details/LHlnmaVQQs,"San Diego, CA",San Diego,CA,United States,Not specified,,,,Space & Defense,2026-07-29,2026-07-29,https://asrinternationalcorp.applytojob.com/apply/jobs,known_careers_url,4,success
fbf2b768d27a,2026-07-29,f7b8731a7e71,ASR International,https://www.asrintl.com/,https://asrinternationalcorp.applytojob.com/apply/jobs,Construction Manager Representative,https://asrinternationalcorp.applytojob.com/apply/jobs/details/pHf71yBKwX,"Washington, DC",Washington,DC,United States,Not specified,,,,Space & Defense,2026-07-29,2026-07-29,https://asrinternationalcorp.applytojob.com/apply/jobs,known_careers_url,4,success
0fd58b762edd,2026-07-29,f7b8731a7e71,ASR International,https://www.asrintl.com/,https://asrinternationalcorp.applytojob.com/apply/jobs,Construction Management / Surveillance Engineer (CSE),https://asrinternationalcorp.applytojob.com/apply/jobs/details/ufpzVPyALE,"Pensacola, FL",Pensacola,FL,United States,Not specified,,,,Space & Defense,2026-07-29,2026-07-29,https://asrinternationalcorp.applytojob.com/apply/jobs,known_careers_url,4,success
e9ed9835b461,2026-07-29,f7b8731a7e71,ASR International,https://www.asrintl.com/,https://asrinternationalcorp.applytojob.com/apply/jobs,Pricing/Cost Analyst - Labor (ENTRY Level),https://asrinternationalcorp.applytojob.com/apply/jobs/details/zR8MbQsjSp,"Hauppauge, NY",Hauppauge,NY,United States,Not specified,,,,Space & Defense,2026-07-29,2026-07-29,https://asrinternationalcorp.applytojob.com/apply/jobs,known_careers_url,4,success
e38a167899b4,2026-07-29,b00ce903c871,Boeing,https://www.boeing.com/resources/boeingdotcom/government-operations/state_cards/Card_NY.pdf,https://jobs.boeing.com/,Environmental Test Engineer - 2nd Shift - Millennium Space Systems,https://jobs.boeing.com/job/el-segundo/environmental-test-engineer-2nd-shift-millennium-space-systems/185/97854074256,"El Segundo, California, United States; and other locations",El Segundo,CA,United States,Not specified,,,,Aerospace,2026-07-29,2026-07-29,https://jobs.boeing.com/,known_careers_url,4,success
2947449d1d72,2026-07-29,b00ce903c871,Boeing,https://www.boeing.com/resources/boeingdotcom/government-operations/state_cards/Card_NY.pdf,https://jobs.boeing.com/,Environmental Test Engineer - 1st Shift - Millennium Space Systems,https://jobs.boeing.com/job/el-segundo/environmental-test-engineer-1st-shift-millennium-space-systems/185/97848016144,"El Segundo, California, United States; and other locations",El Segundo,CA,United States,Not specified,,,,Aerospace,2026-07-29,2026-07-29,https://jobs.boeing.com/,known_careers_url,4,success
d74d6cd86094,2026-07-29,b00ce903c871,Boeing,https://www.boeing.com/resources/boeingdotcom/government-operations/state_cards/Card_NY.pdf,https://jobs.boeing.com/,Manufacturing Engineer - Structures & Propulsion - 2nd Shift - Millennium Space Systems,https://jobs.boeing.com/job/el-segundo/manufacturing-engineer-structures-and-propulsion-2nd-shift-millennium-space-systems/185/97534580208,"El Segundo, California, United States; and other locations",El Segundo,CA,United States,Not specified,,,,Aerospace,2026-07-29,2026-07-29,https://jobs.boeing.com/,known_careers_url,4,success
cfabbe707a6e,2026-07-29,b00ce903c871,Boeing,https://www.boeing.com/resources/boeingdotcom/government-operations/state_cards/Card_NY.pdf,https://jobs.boeing.com/manufacturing-careers,Maintenance Technician Senior - Millennium Space Systems,https://jobs.boeing.com/job/el-segundo/maintenance-technician-senior-millennium-space-systems/185/96569798480,"El Segundo, California, United States; and other locations",El Segundo,CA,United States,Not specified,,,,Aerospace,2026-07-29,2026-07-29,https://jobs.boeing.com/manufacturing-careers,linked_page,4,success_after_fallback
1e218ac3677e,2026-07-29,b00ce903c871,Boeing,https://www.boeing.com/resources/boeingdotcom/government-operations/state_cards/Card_NY.pdf,https://jobs.boeing.com/manufacturing-careers,Experienced Production Operations Specialist (Harness) 1st Shift- Millennium Space Systems,https://jobs.boeing.com/job/el-segundo/experienced-production-operations-specialist-harness-1st-shift-millennium-space-systems/185/94611464144,"El Segundo, California, United States; and other locations",El Segundo,CA,United States,Not specified,,,,Aerospace,2026-07-29,2026-07-29,https://jobs.boeing.com/manufacturing-careers,linked_page,4,success_after_fallback
b8980972ee36,2026-07-29,b00ce903c871,Boeing,https://www.boeing.com/resources/boeingdotcom/government-operations/state_cards/Card_NY.pdf,https://jobs.boeing.com/manufacturing-careers,Material Specialist B 2nd Shift - Millennium Space Systems,https://jobs.boeing.com/job/el-segundo/material-specialist-b-2nd-shift-millennium-space-systems/185/90326817600,"El Segundo, California, United States; and other locations",El Segundo,CA,United States,Not specified,,,,Aerospace,2026-07-29,2026-07-29,https://jobs.boeing.com/manufacturing-careers,linked_page,4,success_after_fallback
c229d1b80a5c,2026-07-29,b00ce903c871,Boeing,https://www.boeing.com/resources/boeingdotcom/government-operations/state_cards/Card_NY.pdf,https://jobs.boeing.com/manufacturing-careers,Manufacturing Change Management Specialist,https://jobs.boeing.com/job/renton/manufacturing-change-management-specialist/185/97750204096,"Renton, Washington, United States",Renton,WA,United States,Not specified,,,,Aerospace,2026-07-29,2026-07-29,https://jobs.boeing.com/manufacturing-careers,linked_page,4,success_after_fallback
01f6073b4202,2026-07-29,b00ce903c871,Boeing,https://www.boeing.com/resources/boeingdotcom/government-operations/state_cards/Card_NY.pdf,https://jobs.boeing.com/cybersecurity-careers,Cyber Security Analyst,https://jobs.boeing.com/job/bristol/cyber-security-analyst/185/97829409840,"Bristol, United Kingdom",Bristol,,United Kingdom,Not specified,,,,Aerospace,2026-07-29,2026-07-29,https://jobs.boeing.com/cybersecurity-careers,linked_page,4,success_after_fallback
4dacf6cfdc2a,2026-07-29,b00ce903c871,Boeing,https://www.boeing.com/resources/boeingdotcom/government-operations/state_cards/Card_NY.pdf,https://jobs.boeing.com/cybersecurity-careers,Cyber Security Specialist,https://jobs.boeing.com/job/brisbane/cyber-security-specialist/185/97168971856,"Brisbane, Australia",Brisbane,,Australia,Not specified,,,,Aerospace,2026-07-29,2026-07-29,https://jobs.boeing.com/cybersecurity-careers,linked_page,4,success_after_fallback
1168ad5a6774,2026-07-29,b00ce903c871,Boeing,https://www.boeing.com/resources/boeingdotcom/government-operations/state_cards/Card_NY.pdf,https://jobs.boeing.com/cybersecurity-careers,X-Lab Cybersecurity Engineer,https://jobs.boeing.com/job/colorado-springs/x-lab-cybersecurity-engineer/185/97571385776,"Colorado Springs, Colorado, United States",Colorado Springs,CO,United States,Not specified,,,,Aerospace,2026-07-29,2026-07-29,https://jobs.boeing.com/cybersecurity-careers,linked_page,4,success_after_fallback
3b98fcb3ffbf,2026-07-29,b00ce903c871,Boeing,https://www.boeing.com/resources/boeingdotcom/government-operations/state_cards/Card_NY.pdf,https://jobs.boeing.com/data-science-and-analytics-careers,Advanced Information Technologist – Mid Level Cloud Engineer,https://jobs.boeing.com/job/hazelwood/advanced-information-technologist-mid-level-cloud-engineer/185/95593861824,"Hazelwood, Missouri, United States",Hazelwood,MO,United States,Not specified,,,,Aerospace,2026-07-29,2026-07-29,https://jobs.boeing.com/data-science-and-analytics-careers,linked_page,4,success_after_fallback
1b3357f0872e,2026-07-29,b00ce903c871,Boeing,https://www.boeing.com/resources/boeingdotcom/government-operations/state_cards/Card_NY.pdf,https://jobs.boeing.com/data-science-and-analytics-careers,Senior Data Scientist,https://jobs.boeing.com/job/huntsville/senior-data-scientist/185/98386130416,"Huntsville, Alabama, United States",Huntsville,AL,United States,Not specified,,,,Aerospace,2026-07-29,2026-07-29,https://jobs.boeing.com/data-science-and-analytics-careers,linked_page,4,success_after_fallback
05b610a4364b,2026-07-29,b00ce903c871,Boeing,https://www.boeing.com/resources/boeingdotcom/government-operations/state_cards/Card_NY.pdf,https://jobs.boeing.com/data-science-and-analytics-careers,"Electrophysics Engineer (Antennas & Propagation) - Associate, Mid-Level, or Senior",https://jobs.boeing.com/job/el-segundo/electrophysics-engineer-antennas-and-propagation-associate-mid-level-or-senior/185/98205375792,"El Segundo, California, United States; and other locations",El Segundo,CA,United States,Not specified,,,,Aerospace,2026-07-29,2026-07-29,https://jobs.boeing.com/data-science-and-analytics-careers,linked_page,4,success_after_fallback
513fc33fb05f,2026-07-29,b00ce903c871,Boeing,https://www.boeing.com/resources/boeingdotcom/government-operations/state_cards/Card_NY.pdf,https://jobs.boeing.com/data-science-and-analytics-careers,Senior Software Engineer–Developer,https://jobs.boeing.com/job/richardson/senior-software-engineer-developer/185/98150226304,"Richardson, Texas, United States",Richardson,TX,United States,Not specified,,,,Aerospace,2026-07-29,2026-07-29,https://jobs.boeing.com/data-science-and-analytics-careers,linked_page,4,success_after_fallback
20d0d5f9349e,2026-07-29,b00ce903c871,Boeing,https://www.boeing.com/resources/boeingdotcom/government-operations/state_cards/Card_NY.pdf,https://jobs.boeing.com/information-technology-careers,IT Support Technician L2 - Contract - Onsite,https://jobs.boeing.com/job/bingen/it-support-technician-l2-contract-onsite/185/98440000432,"Bingen, Washington, United States",Bingen,WA,United States,On-site,,,,Aerospace,2026-07-29,2026-07-29,https://jobs.boeing.com/information-technology-careers,linked_page,4,success_after_fallback
78f8249f1111,2026-07-29,b00ce903c871,Boeing,https://www.boeing.com/resources/boeingdotcom/government-operations/state_cards/Card_NY.pdf,https://jobs.boeing.com/information-technology-careers,IT Systems Administrator - Millennium Space Systems,https://jobs.boeing.com/job/el-segundo/it-systems-administrator-millennium-space-systems/185/96973127232,"El Segundo, California, United States; and other locations",El Segundo,CA,United States,Not specified,,,,Aerospace,2026-07-29,2026-07-29,https://jobs.boeing.com/information-technology-careers,linked_page,4,success_after_fallback
94a0d444e4c3,2026-07-29,b00ce903c871,Boeing,https://www.boeing.com/resources/boeingdotcom/government-operations/state_cards/Card_NY.pdf,https://jobs.boeing.com/information-technology-careers,IT Systems Engineer - Millennium Space Systems,https://jobs.boeing.com/job/el-segundo/it-systems-engineer-millennium-space-systems/185/95400981504,"El Segundo, California, United States; and other locations",El Segundo,CA,United States,Not specified,,,,Aerospace,2026-07-29,2026-07-29,https://jobs.boeing.com/information-technology-careers,linked_page,4,success_after_fallback
e8bfb7693353,2026-07-29,b00ce903c871,Boeing,https://www.boeing.com/resources/boeingdotcom/government-operations/state_cards/Card_NY.pdf,https://jobs.boeing.com/information-technology-careers,Senior Network Engineer - Millennium Space Systems,https://jobs.boeing.com/job/el-segundo/senior-network-engineer-millennium-space-systems/185/95347712112,"El Segundo, California, United States; and other locations",El Segundo,CA,United States,Not specified,,,,Aerospace,2026-07-29,2026-07-29,https://jobs.boeing.com/information-technology-careers,linked_page,4,success_after_fallback
526b57a562a2,2026-07-29,b00ce903c871,Boeing,https://www.boeing.com/resources/boeingdotcom/government-operations/state_cards/Card_NY.pdf,https://jobs.boeing.com/electronic-and-electrical-engineering-careers,Products Design Engineer (Associate) - Millennium Space Systems,https://jobs.boeing.com/job/el-segundo/products-design-engineer-associate-millennium-space-systems/185/98386118624,"El Segundo, California, United States; and other locations",El Segundo,CA,United States,Not specified,,,,Aerospace,2026-07-29,2026-07-29,https://jobs.boeing.com/electronic-and-electrical-engineering-careers,linked_page,4,success_after_fallback
0e27ce7173d1,2026-07-29,b00ce903c871,Boeing,https://www.boeing.com/resources/boeingdotcom/government-operations/state_cards/Card_NY.pdf,https://jobs.boeing.com/electronic-and-electrical-engineering-careers,Mid-Level Spacecraft RF Payload Engineer - Millennium Space Systems,https://jobs.boeing.com/job/el-segundo/mid-level-spacecraft-rf-payload-engineer-millennium-space-systems/185/97495209216,"El Segundo, California, United States; and other locations",El Segundo,CA,United States,Not specified,,,,Aerospace,2026-07-29,2026-07-29,https://jobs.boeing.com/electronic-and-electrical-engineering-careers,linked_page,4,success_after_fallback
5313d28c8b58,2026-07-29,b00ce903c871,Boeing,https://www.boeing.com/resources/boeingdotcom/government-operations/state_cards/Card_NY.pdf,https://jobs.boeing.com/electronic-and-electrical-engineering-careers,Optical Systems Engineer (mid-career) - Millennium Space Systems,https://jobs.boeing.com/job/el-segundo/optical-systems-engineer-mid-career-millennium-space-systems/185/98156378080,"El Segundo, California, United States; and other locations",El Segundo,CA,United States,Not specified,,,,Aerospace,2026-07-29,2026-07-29,https://jobs.boeing.com/electronic-and-electrical-engineering-careers,linked_page,4,success_after_fallback
ff88a358519f,2026-07-29,b00ce903c871,Boeing,https://www.boeing.com/resources/boeingdotcom/government-operations/state_cards/Card_NY.pdf,https://jobs.boeing.com/electronic-and-electrical-engineering-careers,Spacecraft Harness Engineer - Millennium Space Systems,https://jobs.boeing.com/job/el-segundo/spacecraft-harness-engineer-millennium-space-systems/185/96527123024,"El Segundo, California, United States; and other locations",El Segundo,CA,United States,Not specified,,,,Aerospace,2026-07-29,2026-07-29,https://jobs.boeing.com/electronic-and-electrical-engineering-careers,linked_page,4,success_after_fallback
aafbdd624d27,2026-07-29,b00ce903c871,Boeing,https://www.boeing.com/resources/boeingdotcom/government-operations/state_cards/Card_NY.pdf,https://jobs.boeing.com/flight-engineering-careers,Associate Guidance Navigation & Control Engineer,https://jobs.boeing.com/job/hazelwood/associate-guidance-navigation-and-control-engineer/185/97918147232,"Hazelwood, Missouri, United States; and other locations",Hazelwood,MO,United States,Not specified,,,,Aerospace,2026-07-29,2026-07-29,https://jobs.boeing.com/flight-engineering-careers,linked_page,4,success_after_fallback
37097d38ecc1,2026-07-29,b00ce903c871,Boeing,https://www.boeing.com/resources/boeingdotcom/government-operations/state_cards/Card_NY.pdf,https://jobs.boeing.com/flight-engineering-careers,Guidance Navigation & Control Engineer (Entry-Level) - Navigation Sys/Inertial Sensor,https://jobs.boeing.com/job/el-segundo/guidance-navigation-and-control-engineer-entry-level-navigation-sys-inertial-sensor/185/98437129136,"El Segundo, California, United States; and other locations",El Segundo,CA,United States,Not specified,,,,Aerospace,2026-07-29,2026-07-29,https://jobs.boeing.com/flight-engineering-careers,linked_page,4,success_after_fallback
60c59a095695,2026-07-29,b00ce903c871,Boeing,https://www.boeing.com/resources/boeingdotcom/government-operations/state_cards/Card_NY.pdf,https://jobs.boeing.com/flight-engineering-careers,Lead Guidance Navigation & Control Engineer,https://jobs.boeing.com/job/hazelwood/lead-guidance-navigation-and-control-engineer/185/97918147264,"Hazelwood, Missouri, United States; and other locations",Hazelwood,MO,United States,Not specified,,,,Aerospace,2026-07-29,2026-07-29,https://jobs.boeing.com/flight-engineering-careers,linked_page,4,success_after_fallback
599cb0a2f42a,2026-07-29,b00ce903c871,Boeing,https://www.boeing.com/resources/boeingdotcom/government-operations/state_cards/Card_NY.pdf,https://jobs.boeing.com/flight-engineering-careers,Guidance Navigation & Control Engineer (Experienced or Senior),https://jobs.boeing.com/job/hazelwood/guidance-navigation-and-control-engineer-experienced-or-senior/185/97918147248,"Hazelwood, Missouri, United States; and other locations",Hazelwood,MO,United States,Not specified,,,,Aerospace,2026-07-29,2026-07-29,https://jobs.boeing.com/flight-engineering-careers,linked_page,4,success_after_fallback
524331b922de,2026-07-29,b00ce903c871,Boeing,https://www.boeing.com/resources/boeingdotcom/government-operations/state_cards/Card_NY.pdf,https://jobs.boeing.com/industrial-engineering-careers,Senior Industrial Engineer - BDS Fabrication,https://jobs.boeing.com/job/mesa/senior-industrial-engineer-bds-fabrication/185/98432293856,"Mesa, Arizona, United States",Mesa,AZ,United States,Not specified,,,,Aerospace,2026-07-29,2026-07-29,https://jobs.boeing.com/industrial-engineering-careers,linked_page,4,success_after_fallback
ad04b2f78e70,2026-07-29,b00ce903c871,Boeing,https://www.boeing.com/resources/boeingdotcom/government-operations/state_cards/Card_NY.pdf,https://jobs.boeing.com/industrial-engineering-careers,Phantom Works Experienced Industrial Engineer,https://jobs.boeing.com/job/berkeley/phantom-works-experienced-industrial-engineer/185/95729589200,"Berkeley, Missouri, United States",Berkeley,MO,United States,Not specified,,,,Aerospace,2026-07-29,2026-07-29,https://jobs.boeing.com/industrial-engineering-careers,linked_page,4,success_after_fallback
3c9257f57d55,2026-07-29,b00ce903c871,Boeing,https://www.boeing.com/resources/boeingdotcom/government-operations/state_cards/Card_NY.pdf,https://jobs.boeing.com/industrial-engineering-careers,Industrial Engineer (Experienced or Senior),https://jobs.boeing.com/job/berkeley/industrial-engineer-experienced-or-senior/185/95136729280,"Berkeley, Missouri, United States",Berkeley,MO,United States,Not specified,,,,Aerospace,2026-07-29,2026-07-29,https://jobs.boeing.com/industrial-engineering-careers,linked_page,4,success_after_fallback
f0728c952ed1,2026-07-29,b00ce903c871,Boeing,https://www.boeing.com/resources/boeingdotcom/government-operations/state_cards/Card_NY.pdf,https://jobs.boeing.com/industrial-engineering-careers,"Associate, Mid-Level, or Senior Industrial Engineer",https://jobs.boeing.com/job/north-charleston/associate-mid-level-or-senior-industrial-engineer/185/98242686736,"North Charleston, South Carolina, United States",North Charleston,SC,United States,Not specified,,,,Aerospace,2026-07-29,2026-07-29,https://jobs.boeing.com/industrial-engineering-careers,linked_page,4,success_after_fallback
ede4e5cb119e,2026-07-29,b00ce903c871,Boeing,https://www.boeing.com/resources/boeingdotcom/government-operations/state_cards/Card_NY.pdf,https://jobs.boeing.com/software-engineering-careers,Entry-level Software Engineer–Developers,https://jobs.boeing.com/job/el-segundo/entry-level-software-engineer-developers/185/98443943200,"El Segundo, California, United States; and other locations",El Segundo,CA,United States,Not specified,,,,Aerospace,2026-07-29,2026-07-29,https://jobs.boeing.com/software-engineering-careers,linked_page,4,success_after_fallback
bf5cb39bc823,2026-07-29,b00ce903c871,Boeing,https://www.boeing.com/resources/boeingdotcom/government-operations/state_cards/Card_NY.pdf,https://jobs.boeing.com/software-engineering-careers,Lead Software Engineer – Cloud Architect,https://jobs.boeing.com/job/bengaluru/lead-software-engineer-cloud-architect/185/96869650752,"Bengaluru, India",Bengaluru,,India,Not specified,,,,Aerospace,2026-07-29,2026-07-29,https://jobs.boeing.com/software-engineering-careers,linked_page,4,success_after_fallback
7d1850ca6b38,2026-07-29,b00ce903c871,Boeing,https://www.boeing.com/resources/boeingdotcom/government-operations/state_cards/Card_NY.pdf,https://jobs.boeing.com/software-engineering-careers,Experienced Software Engineer - FSD,https://jobs.boeing.com/job/bengaluru/experienced-software-engineer-fsd/185/96869650448,"Bengaluru, India",Bengaluru,,India,Not specified,,,,Aerospace,2026-07-29,2026-07-29,https://jobs.boeing.com/software-engineering-careers,linked_page,4,success_after_fallback
700a28ba3245,2026-07-29,b00ce903c871,Boeing,https://www.boeing.com/resources/boeingdotcom/government-operations/state_cards/Card_NY.pdf,https://jobs.boeing.com/software-engineering-careers,Software Chief Architect - AvionX,https://jobs.boeing.com/job/long-beach/software-chief-architect-avionx/185/97804792352,"Long Beach, California, United States; and other locations",Long Beach,CA,United States,Not specified,,,,Aerospace,2026-07-29,2026-07-29,https://jobs.boeing.com/software-engineering-careers,linked_page,4,success_after_fallback
6bbc9453e327,2026-07-29,2cdfe8725858,Bren-Tronics,https://www.bren-tronics.com/,https://jobs.enersys.com/search?q=&q2=&alertId=&locationsearch=&title=&date=&location=commack,Manufacturing Engineer,https://jobs.enersys.com/job/Commack-Manufacturing-Engineer-NY-11725/1380552333,"Commack, NY, United States",Commack,NY,United States,Not specified,,,,Aerospace,2026-07-29,2026-07-29,https://jobs.enersys.com/search?q=&q2=&alertId=&locationsearch=&title=&date=&location=commack,known_careers_url,4,success
869b65d5f22a,2026-07-29,2cdfe8725858,Bren-Tronics,https://www.bren-tronics.com/,https://jobs.enersys.com/search?q=&q2=&alertId=&locationsearch=&title=&date=&location=commack,Senior Mechanical Engineer,https://jobs.enersys.com/job/Commack-Senior-Mechanical-Engineer-NY-11725/1279712201,"Commack, NY, United States",Commack,NY,United States,Not specified,,,,Aerospace,2026-07-29,2026-07-29,https://jobs.enersys.com/search?q=&q2=&alertId=&locationsearch=&title=&date=&location=commack,known_careers_url,4,success
5480da740e51,2026-07-29,2cdfe8725858,Bren-Tronics,https://www.bren-tronics.com/,https://jobs.enersys.com/search?q=&q2=&alertId=&locationsearch=&title=&date=&location=commack,Senior Electrical Engineer,https://jobs.enersys.com/job/Commack-Senior-Electrical-Engineer-NY-11725/1279809301,"Commack, NY, United States",Commack,NY,United States,Not specified,,,,Aerospace,2026-07-29,2026-07-29,https://jobs.enersys.com/search?q=&q2=&alertId=&locationsearch=&title=&date=&location=commack,known_careers_url,4,success
befe9653a0f7,2026-07-29,2cdfe8725858,Bren-Tronics,https://www.bren-tronics.com/,https://jobs.enersys.com/search?q=&q2=&alertId=&locationsearch=&title=&date=&location=commack,Production Manager,https://jobs.enersys.com/job/Commack-Production-Manager-NY-11725/1368745033,"Commack, NY, United States",Commack,NY,United States,Not specified,,,,Aerospace,2026-07-29,2026-07-29,https://jobs.enersys.com/search?q=&q2=&alertId=&locationsearch=&title=&date=&location=commack,known_careers_url,4,success
968f00799f05,2026-07-29,2cdfe8725858,Bren-Tronics,https://www.bren-tronics.com/,https://jobs.enersys.com/search?q=&q2=&alertId=&locationsearch=&title=&date=&location=commack,Planning Specialist,https://jobs.enersys.com/job/Commack-Planning-Specialist-NY-11725/1396086333,"Commack, NY, United States",Commack,NY,United States,Not specified,,,,Aerospace,2026-07-29,2026-07-29,https://jobs.enersys.com/search?q=&q2=&alertId=&locationsearch=&title=&date=&location=commack,known_careers_url,4,success
08cd4b9badfa,2026-07-29,2cdfe8725858,Bren-Tronics,https://www.bren-tronics.com/,https://jobs.enersys.com/search?q=&q2=&alertId=&locationsearch=&title=&date=&location=commack,Test Technician III,https://jobs.enersys.com/job/Commack-Test-Technician-III-NY-11725/1394556633,"Commack, NY, United States",Commack,NY,United States,Not specified,,,,Aerospace,2026-07-29,2026-07-29,https://jobs.enersys.com/search?q=&q2=&alertId=&locationsearch=&title=&date=&location=commack,known_careers_url,4,success
1e3224182459,2026-07-29,2cdfe8725858,Bren-Tronics,https://www.bren-tronics.com/,https://jobs.enersys.com/search?q=&q2=&alertId=&locationsearch=&title=&date=&location=commack,Helpdesk Technician,https://jobs.enersys.com/job/Commack-Helpdesk-Technician-NY-11725/1414827333,"Commack, NY, United States",Commack,NY,United States,Not specified,,,,Aerospace,2026-07-29,2026-07-29,https://jobs.enersys.com/search?q=&q2=&alertId=&locationsearch=&title=&date=&location=commack,known_careers_url,4,success
e55e06af8ac9,2026-07-29,2cdfe8725858,Bren-Tronics,https://www.bren-tronics.com/,https://jobs.enersys.com/search?q=&q2=&alertId=&locationsearch=&title=&date=&location=commack,Mechanical Engineer,https://jobs.enersys.com/job/Commack-Mechanical-Engineer-NY-11725/1393814433,"Commack, NY, United States",Commack,NY,United States,Not specified,,,,Aerospace,2026-07-29,2026-07-29,https://jobs.enersys.com/search?q=&q2=&alertId=&locationsearch=&title=&date=&location=commack,known_careers_url,4,success
e4da1064ea63,2026-07-29,2cdfe8725858,Bren-Tronics,https://www.bren-tronics.com/,https://jobs.enersys.com/search?q=&q2=&alertId=&locationsearch=&title=&date=&location=commack,Electrical Engineer,https://jobs.enersys.com/job/Commack-Electrical-Engineer-NY-11725/1393518033,"Commack, NY, United States",Commack,NY,United States,Not specified,,,,Aerospace,2026-07-29,2026-07-29,https://jobs.enersys.com/search?q=&q2=&alertId=&locationsearch=&title=&date=&location=commack,known_careers_url,4,success
7fd68aab3611,2026-07-29,2cdfe8725858,Bren-Tronics,https://www.bren-tronics.com/,https://jobs.enersys.com/search?q=&q2=&alertId=&locationsearch=&title=&date=&location=commack,Senior Manufacturing Engineer,https://jobs.enersys.com/job/Commack-Senior-Manufacturing-Engineer-NY-11725/1410435333,"Commack, NY, United States",Commack,NY,United States,Not specified,,,,Aerospace,2026-07-29,2026-07-29,https://jobs.enersys.com/search?q=&q2=&alertId=&locationsearch=&title=&date=&location=commack,known_careers_url,4,success
aaa339a45e35,2026-07-29,2cdfe8725858,Bren-Tronics,https://www.bren-tronics.com/,https://jobs.enersys.com/search?createNewAlert=false&q=&locationsearch=&optionsFacetsDD_department=,"Plant 1 Team Lead, Sub Assembly, 3rd, Sun-Th, 9:50pm-6:20am",https://jobs.enersys.com/job/Springfield-Plant-1-Team-Lead%2C-Sub-Assembly%2C-3rd%2C-Sun-Th%2C-950pm-620am-MO-65803/1409986133,"Commack, NY, United States",Commack,NY,United States,Not specified,,,,Aerospace,2026-07-29,2026-07-29,https://jobs.enersys.com/search?createNewAlert=false&q=&locationsearch=&optionsFacetsDD_department=,linked_page,4,success_after_fallback
fb106ba249f8,2026-07-29,2cdfe8725858,Bren-Tronics,https://www.bren-tronics.com/,https://jobs.enersys.com/search?createNewAlert=false&q=&locationsearch=&optionsFacetsDD_department=,Senior Manufacturing Technician,https://jobs.enersys.com/job/Abingdon-Senior-Manufacturing-Technician-ENG-OX14-3ED/1420269933,"Commack, NY, United States",Commack,NY,United States,Not specified,,,,Aerospace,2026-07-29,2026-07-29,https://jobs.enersys.com/search?createNewAlert=false&q=&locationsearch=&optionsFacetsDD_department=,linked_page,4,success_after_fallback
bbd11b700f59,2026-07-29,2cdfe8725858,Bren-Tronics,https://www.bren-tronics.com/,https://jobs.enersys.com/search?createNewAlert=false&q=&locationsearch=&optionsFacetsDD_department=,Application Security Engineer (REMOTE),https://jobs.enersys.com/job/Anytown-Application-Security-Engineer-%28REMOTE%29-PA-19605/1293266601,"Commack, NY, United States",Commack,NY,United States,Remote,,,,Aerospace,2026-07-29,2026-07-29,https://jobs.enersys.com/search?createNewAlert=false&q=&locationsearch=&optionsFacetsDD_department=,linked_page,4,success_after_fallback
5f6a6f5debbd,2026-07-29,2cdfe8725858,Bren-Tronics,https://www.bren-tronics.com/,https://jobs.enersys.com/search?createNewAlert=false&q=&locationsearch=&optionsFacetsDD_department=,Technical Sales Representative - Oil & Gas,https://jobs.enersys.com/job/Anytown-Technical-Sales-Representative-Oil-&-Gas-TX-75006/1396244633,"Commack, NY, United States",Commack,NY,United States,Not specified,,,,Aerospace,2026-07-29,2026-07-29,https://jobs.enersys.com/search?createNewAlert=false&q=&locationsearch=&optionsFacetsDD_department=,linked_page,4,success_after_fallback
a095d1d11fb2,2026-07-29,2cdfe8725858,Bren-Tronics,https://www.bren-tronics.com/,https://jobs.enersys.com/search?createNewAlert=false&q=&locationsearch=&optionsFacetsDD_department=,"Director - Financial Planning & Analysis, Field Services",https://jobs.enersys.com/job/Reading-Director-Financial-Planning-&-Analysis%2C-Field-Services-PA-19605/1409520233,"Commack, NY, United States",Commack,NY,United States,Not specified,,,,Aerospace,2026-07-29,2026-07-29,https://jobs.enersys.com/search?createNewAlert=false&q=&locationsearch=&optionsFacetsDD_department=,linked_page,4,success_after_fallback
913544b66899,2026-07-29,2cdfe8725858,Bren-Tronics,https://www.bren-tronics.com/,https://jobs.enersys.com/search?createNewAlert=false&q=&locationsearch=&optionsFacetsDD_department=,Territory Sales Representative,https://jobs.enersys.com/job/Anytown-Territory-Sales-Representative-CA-91710/1419964033,"Commack, NY, United States",Commack,NY,United States,Not specified,,,,Aerospace,2026-07-29,2026-07-29,https://jobs.enersys.com/search?createNewAlert=false&q=&locationsearch=&optionsFacetsDD_department=,linked_page,4,success_after_fallback
2ebf5b740bc0,2026-07-29,2cdfe8725858,Bren-Tronics,https://www.bren-tronics.com/,https://jobs.enersys.com/search?createNewAlert=false&q=&locationsearch=&optionsFacetsDD_department=,Project Design Engineering,https://jobs.enersys.com/job/Anytown-Project-Design-Engineering-FL-33805/1419329733,"Commack, NY, United States",Commack,NY,United States,Not specified,,,,Aerospace,2026-07-29,2026-07-29,https://jobs.enersys.com/search?createNewAlert=false&q=&locationsearch=&optionsFacetsDD_department=,linked_page,4,success_after_fallback
886d239cc81c,2026-07-29,2cdfe8725858,Bren-Tronics,https://www.bren-tronics.com/,https://jobs.enersys.com/search?createNewAlert=false&q=&locationsearch=&optionsFacetsDD_department=,Chemical Technician,https://jobs.enersys.com/job/Hays-Chemical-Technician-KS-67601/1389444233,"Commack, NY, United States",Commack,NY,United States,Not specified,,,,Aerospace,2026-07-29,2026-07-29,https://jobs.enersys.com/search?createNewAlert=false&q=&locationsearch=&optionsFacetsDD_department=,linked_page,4,success_after_fallback
029fa124e5b7,2026-07-29,2cdfe8725858,Bren-Tronics,https://www.bren-tronics.com/,https://jobs.enersys.com/search?createNewAlert=false&q=&locationsearch=&optionsFacetsDD_department=,"MOVAC Finishing Production Operator, 3rd Shift, 9:45p-6:15a, S-TH",https://jobs.enersys.com/job/Springfield-MOVAC-Finishing-Production-Operator%2C-3rd-Shift%2C-945p-615a%2C-S-TH-MO-65803/1386649133,"Commack, NY, United States",Commack,NY,United States,Not specified,,,,Aerospace,2026-07-29,2026-07-29,https://jobs.enersys.com/search?createNewAlert=false&q=&locationsearch=&optionsFacetsDD_department=,linked_page,4,success_after_fallback
91a805b6dfd5,2026-07-29,2cdfe8725858,Bren-Tronics,https://www.bren-tronics.com/,https://jobs.enersys.com/search?createNewAlert=false&q=&locationsearch=&optionsFacetsDD_department=,Plant 2 Electrical Test Lab II Technician,https://jobs.enersys.com/job/Springfield-Plant-2-Electrical-Test-Lab-II-Technician-MO-65802/1409037933,"Commack, NY, United States",Commack,NY,United States,Not specified,,,,Aerospace,2026-07-29,2026-07-29,https://jobs.enersys.com/search?createNewAlert=false&q=&locationsearch=&optionsFacetsDD_department=,linked_page,4,success_after_fallback
ccb9acfabbb3,2026-07-29,2cdfe8725858,Bren-Tronics,https://www.bren-tronics.com/,https://jobs.enersys.com/search?createNewAlert=false&q=&locationsearch=&optionsFacetsDD_department=,Program Manager,https://jobs.enersys.com/job/Pinellas-Park-Program-Manager-FL-33781/1408958433,"Commack, NY, United States",Commack,NY,United States,Not specified,,,,Aerospace,2026-07-29,2026-07-29,https://jobs.enersys.com/search?createNewAlert=false&q=&locationsearch=&optionsFacetsDD_department=,linked_page,4,success_after_fallback
ba3273dedf54,2026-07-29,2cdfe8725858,Bren-Tronics,https://www.bren-tronics.com/,https://jobs.enersys.com/search?createNewAlert=false&q=&locationsearch=&optionsFacetsDD_department=,Senior Embedded Software Engineer,https://jobs.enersys.com/job/Largo-Senior-Embedded-Software-Engineer-FL-33777/1379550433,"Commack, NY, United States",Commack,NY,United States,Not specified,,,,Aerospace,2026-07-29,2026-07-29,https://jobs.enersys.com/search?createNewAlert=false&q=&locationsearch=&optionsFacetsDD_department=,linked_page,4,success_after_fallback
87e808f14f14,2026-07-29,2cdfe8725858,Bren-Tronics,https://www.bren-tronics.com/,https://jobs.enersys.com/search?createNewAlert=false&q=&locationsearch=&optionsFacetsDD_department=,"MOVAC-Receiving Coordinator, 2nd Shift, M-F, 1:45pm-10:15pm",https://jobs.enersys.com/job/Springfield-MOVAC-Receiving-Coordinator%2C-2nd-Shift%2C-M-F%2C-145pm-1015pm-MO-65803/1408551133,"Commack, NY, United States",Commack,NY,United States,Not specified,,,,Aerospace,2026-07-29,2026-07-29,https://jobs.enersys.com/search?createNewAlert=false&q=&locationsearch=&optionsFacetsDD_department=,linked_page,4,success_after_fallback
eec4855a6cdd,2026-07-29,d3ecafe64223,Calspan Air Services,https://www.calspanairservices.com/,https://careers2-calspan.icims.com/jobs/2623/customer-service-agent/job,Customer Service Agent,https://careers2-calspan.icims.com/jobs/2623/customer-service-agent/job,"Niagara Falls, NY, US",Niagara Falls,NY,United States,Not specified,,,Operations,Aerospace,2026-07-29,2026-07-29,https://careers2-calspan.icims.com/jobs/2623/customer-service-agent/job,ats_detected,4,success_after_fallback
81df2fca5320,2026-07-29,234e92c8de3f,Calspan Business Park,https://calspan.com/,https://careers-calspan.icims.com/jobs/search,Job Title Sr. Technician - Barrier,https://careers-calspan.icims.com/jobs/2601/sr.-technician---barrier/job,"Buffalo, NY, United States",Buffalo,NY,United States,Not specified,,,,Aerospace,2026-07-29,2026-07-29,https://careers-calspan.icims.com/jobs/search,known_careers_url,5,success
79f255e2fd12,2026-07-29,234e92c8de3f,Calspan Business Park,https://calspan.com/,https://careers-calspan.icims.com/jobs/search,Job Title Senior HVAC Technician,https://careers-calspan.icims.com/jobs/2608/senior-hvac-technician/job,"Buffalo, NY, United States",Buffalo,NY,United States,Not specified,,,,Aerospace,2026-07-29,2026-07-29,https://careers-calspan.icims.com/jobs/search,known_careers_url,5,success
2e982c46f123,2026-07-29,234e92c8de3f,Calspan Business Park,https://calspan.com/,https://careers-calspan.icims.com/jobs/search,Job Title Mechanical Assembly Technician,https://careers-calspan.icims.com/jobs/2579/mechanical-assembly-technician/job,"Buffalo, NY, United States",Buffalo,NY,United States,Not specified,,,,Aerospace,2026-07-29,2026-07-29,https://careers-calspan.icims.com/jobs/search,known_careers_url,5,success
67301f97871a,2026-07-29,234e92c8de3f,Calspan Business Park,https://calspan.com/,https://careers-calspan.icims.com/jobs/search,Job Title Aircraft Technician,https://careers-calspan.icims.com/jobs/2627/aircraft-technician/job,"Buffalo, NY, United States",Buffalo,NY,United States,Not specified,,,,Aerospace,2026-07-29,2026-07-29,https://careers-calspan.icims.com/jobs/search,known_careers_url,5,success
1a181099542b,2026-07-29,234e92c8de3f,Calspan Business Park,https://calspan.com/,https://careers-calspan.icims.com/jobs/search,Job Title Controls and Instrumentation Designer,https://careers-calspan.icims.com/jobs/2628/controls-and-instrumentation-designer/job,"Buffalo, NY, United States",Buffalo,NY,United States,Not specified,,,,Aerospace,2026-07-29,2026-07-29,https://careers-calspan.icims.com/jobs/search,known_careers_url,5,success
9bd406987816,2026-07-29,234e92c8de3f,Calspan Business Park,https://calspan.com/,https://careers-calspan.icims.com/jobs/search,Job Title IT Support Specialist,https://careers-calspan.icims.com/jobs/2619/it-support-specialist/job,"Buffalo, NY, United States",Buffalo,NY,United States,Not specified,,,,Aerospace,2026-07-29,2026-07-29,https://careers-calspan.icims.com/jobs/search,known_careers_url,5,success
b59fa2a18c8b,2026-07-29,234e92c8de3f,Calspan Business Park,https://calspan.com/,https://careers-calspan.icims.com/jobs/search,Job Title Sr. Mechanical Engineer,https://careers-calspan.icims.com/jobs/2612/sr.-mechanical-engineer/job,"Buffalo, NY, United States",Buffalo,NY,United States,Not specified,,,,Aerospace,2026-07-29,2026-07-29,https://careers-calspan.icims.com/jobs/search,known_careers_url,5,success
740604b3cd40,2026-07-29,234e92c8de3f,Calspan Business Park,https://calspan.com/,https://careers-calspan.icims.com/jobs/search,Job Title Instrumentation Technician,https://careers-calspan.icims.com/jobs/2615/instrumentation-technician/job,"Buffalo, NY, United States",Buffalo,NY,United States,Not specified,,,,Aerospace,2026-07-29,2026-07-29,https://careers-calspan.icims.com/jobs/search,known_careers_url,5,success
7652613c8ba1,2026-07-29,234e92c8de3f,Calspan Business Park,https://calspan.com/,https://careers-calspan.icims.com/jobs/search,Job Title Automotive Test Engineer,https://careers-calspan.icims.com/jobs/2616/automotive-test-engineer/job,"Buffalo, NY, United States",Buffalo,NY,United States,Not specified,,,,Aerospace,2026-07-29,2026-07-29,https://careers-calspan.icims.com/jobs/search,known_careers_url,5,success
4166865d17d9,2026-07-29,234e92c8de3f,Calspan Business Park,https://calspan.com/,https://careers-calspan.icims.com/jobs/search,Job Title Lead Controls and Instrumentation Engineer,https://careers-calspan.icims.com/jobs/2613/lead-controls-and-instrumentation-engineer/job,"Buffalo, NY, United States",Buffalo,NY,United States,Not specified,,,,Aerospace,2026-07-29,2026-07-29,https://careers-calspan.icims.com/jobs/search,known_careers_url,5,success
bea45761b69f,2026-07-29,234e92c8de3f,Calspan Business Park,https://calspan.com/,https://careers-calspan.icims.com/jobs/search,Job Title Automotive Technician,https://careers-calspan.icims.com/jobs/2603/automotive-technician/job,"Buffalo, NY, United States",Buffalo,NY,United States,Not specified,,,,Aerospace,2026-07-29,2026-07-29,https://careers-calspan.icims.com/jobs/search,known_careers_url,5,success
a1ed06c23227,2026-07-29,234e92c8de3f,Calspan Business Park,https://calspan.com/,https://careers-calspan.icims.com/jobs/search,"Job Title Applied Test Engineer, TIRE",https://careers-calspan.icims.com/jobs/2605/applied-test-engineer%2c-tire/job,"Buffalo, NY, United States",Buffalo,NY,United States,Not specified,,,,Aerospace,2026-07-29,2026-07-29,https://careers-calspan.icims.com/jobs/search,known_careers_url,5,success
5035ff818551,2026-07-29,234e92c8de3f,Calspan Business Park,https://calspan.com/,https://careers-calspan.icims.com/jobs/search,Job Title Systems Administrator,https://careers-calspan.icims.com/jobs/2543/systems-administrator%c2%a0/job,"Buffalo, NY, United States",Buffalo,NY,United States,Not specified,,,,Aerospace,2026-07-29,2026-07-29,https://careers-calspan.icims.com/jobs/search,known_careers_url,5,success
8cdf91017e92,2026-07-29,234e92c8de3f,Calspan Business Park,https://calspan.com/,https://careers-calspan.icims.com/jobs/search,Job Title Principal Systems Software Engineer - Jet Engine Test Cells,https://careers-calspan.icims.com/jobs/2500/principal-systems-software-engineer---jet-engine-test-cells/job,"Buffalo, NY, United States",Buffalo,NY,United States,Not specified,,,,Aerospace,2026-07-29,2026-07-29,https://careers-calspan.icims.com/jobs/search,known_careers_url,5,success
a6f84fc02ea8,2026-07-29,234e92c8de3f,Calspan Business Park,https://calspan.com/,https://careers-calspan.icims.com/jobs/2601/sr.-technician---barrier/job,Sr. Technician Barrier,https://careers-calspan.icims.com/jobs/2601/sr.-technician---barrier/referral,"Buffalo, NY, United States",Buffalo,NY,United States,Not specified,,,,Aerospace,2026-07-29,2026-07-29,https://careers-calspan.icims.com/jobs/2601/sr.-technician---barrier/job,ats_detected,5,success_after_fallback
0281cce548e7,2026-07-29,234e92c8de3f,Calspan Business Park,https://calspan.com/,https://careers-calspan.icims.com/jobs/2608/senior-hvac-technician/job,Senior Hvac Technician,https://careers-calspan.icims.com/jobs/2608/senior-hvac-technician/referral,"Buffalo, NY, United States",Buffalo,NY,United States,Not specified,,,,Aerospace,2026-07-29,2026-07-29,https://careers-calspan.icims.com/jobs/2608/senior-hvac-technician/job,ats_detected,5,success_after_fallback
569ca4dc7d89,2026-07-29,234e92c8de3f,Calspan Business Park,https://calspan.com/,https://careers-calspan.icims.com/jobs/2629/buyer/job,Buyer,https://careers-calspan.icims.com/jobs/2629/buyer/job,"St. Paul, MN, US",St. Paul,MN,United States,Not specified,,,Operations,Aerospace,2026-07-29,2026-07-29,https://careers-calspan.icims.com/jobs/2629/buyer/job,ats_detected,4,success_after_fallback
e42e0ec9e24f,2026-07-29,234e92c8de3f,Calspan Business Park,https://calspan.com/,https://careers-calspan.icims.com/jobs/2579/mechanical-assembly-technician/job,Mechanical Assembly Technician,https://careers-calspan.icims.com/jobs/2579/mechanical-assembly-technician/referral,"Buffalo, NY, United States",Buffalo,NY,United States,Not specified,,,,Aerospace,2026-07-29,2026-07-29,https://careers-calspan.icims.com/jobs/2579/mechanical-assembly-technician/job,ats_detected,5,success_after_fallback
91fc0b3d6e59,2026-07-29,234e92c8de3f,Calspan Business Park,https://calspan.com/,https://careers-calspan.icims.com/jobs/2627/aircraft-technician/job,Aircraft Technician,https://careers-calspan.icims.com/jobs/2627/aircraft-technician/referral,"Buffalo, NY, United States",Buffalo,NY,United States,Not specified,,,,Aerospace,2026-07-29,2026-07-29,https://careers-calspan.icims.com/jobs/2627/aircraft-technician/job,ats_detected,5,success_after_fallback
f2cbc1617c59,2026-07-29,234e92c8de3f,Calspan Business Park,https://calspan.com/,https://careers-calspan.icims.com/jobs/2628/controls-and-instrumentation-designer/job,Controls And Instrumentation Designer,https://careers-calspan.icims.com/jobs/2628/controls-and-instrumentation-designer/referral,"Buffalo, NY, United States",Buffalo,NY,United States,Not specified,,,,Aerospace,2026-07-29,2026-07-29,https://careers-calspan.icims.com/jobs/2628/controls-and-instrumentation-designer/job,ats_detected,5,success_after_fallback
533d28ddacc7,2026-07-29,234e92c8de3f,Calspan Business Park,https://calspan.com/,https://careers-calspan.icims.com/jobs/2625/sr.-aircraft-mechanic/job,Sr. Aircraft Mechanic,https://careers-calspan.icims.com/jobs/2625/sr.-aircraft-mechanic/job,"Niagara Falls, NY, US",Niagara Falls,NY,United States,Not specified,,,Engineering,Aerospace,2026-07-29,2026-07-29,https://careers-calspan.icims.com/jobs/2625/sr.-aircraft-mechanic/job,ats_detected,4,success_after_fallback
1b1f618ad36e,2026-07-29,234e92c8de3f,Calspan Business Park,https://calspan.com/,https://careers-calspan.icims.com/jobs/2626/aircraft-mechanic/job,Aircraft Mechanic,https://careers-calspan.icims.com/jobs/2626/aircraft-mechanic/job,"Patuxent River, MD, US",Patuxent River,MD,United States,Not specified,,,Operations,Aerospace,2026-07-29,2026-07-29,https://careers-calspan.icims.com/jobs/2626/aircraft-mechanic/job,ats_detected,4,success_after_fallback
97c1a277f83d,2026-07-29,234e92c8de3f,Calspan Business Park,https://calspan.com/,https://careers-calspan.icims.com/jobs/2621/shipping-%26-receiving-clerk/job,Shipping & Receiving Clerk,https://careers-calspan.icims.com/jobs/2621/shipping-%26-receiving-clerk/job,"Buffalo, NY, US",Buffalo,NY,United States,Not specified,,,Facilities,Aerospace,2026-07-29,2026-07-29,https://careers-calspan.icims.com/jobs/2621/shipping-%26-receiving-clerk/job,ats_detected,4,success_after_fallback
74934588b269,2026-07-29,babc8fbe4ec9,Crover,https://www.crover.tech/,https://www.smartrecruiters.com/?utm_source=referral&utm_medium=careerwebsitepage&utm_campaign=careerwebsite&utm_content=none&km_partner=none&km_adgroup=none&utm_term=none&km_matchtype=none,Hiring Managers,https://www.smartrecruiters.com/role/talent-acquisition,"Geneva, NY, United States",Geneva,NY,United States,Not specified,,,,Core Space,2026-07-29,2026-07-29,https://www.smartrecruiters.com/?utm_source=referral&utm_medium=careerwebsitepage&utm_campaign=careerwebsite&utm_content=none&km_partner=none&km_adgroup=none&utm_term=none&km_matchtype=none,ats_detected,4,success_after_fallback
b11bae175a23,2026-07-29,babc8fbe4ec9,Crover,https://www.crover.tech/,https://www.smartrecruiters.com/?utm_source=referral&utm_medium=careerwebsitepage&utm_campaign=careerwebsite&utm_content=none&km_partner=none&km_adgroup=none&utm_term=none&km_matchtype=none,Hiring Managers,https://www.smartrecruiters.com/role/hiring-manager,"Geneva, NY, United States",Geneva,NY,United States,Not specified,,,,Core Space,2026-07-29,2026-07-29,https://www.smartrecruiters.com/?utm_source=referral&utm_medium=careerwebsitepage&utm_campaign=careerwebsite&utm_content=none&km_partner=none&km_adgroup=none&utm_term=none&km_matchtype=none,ats_detected,4,success_after_fallback
8e4c7afd2511,2026-07-29,babc8fbe4ec9,Crover,https://www.crover.tech/,https://www.smartrecruiters.com/?utm_source=referral&utm_medium=careerwebsitepage&utm_campaign=careerwebsite&utm_content=none&km_partner=none&km_adgroup=none&utm_term=none&km_matchtype=none,Hiring Managers,https://www.smartrecruiters.com/role/hr,"Geneva, NY, United States",Geneva,NY,United States,Not specified,,,,Core Space,2026-07-29,2026-07-29,https://www.smartrecruiters.com/?utm_source=referral&utm_medium=careerwebsitepage&utm_campaign=careerwebsite&utm_content=none&km_partner=none&km_adgroup=none&utm_term=none&km_matchtype=none,ats_detected,4,success_after_fallback
e942ee7fb593,2026-07-29,babc8fbe4ec9,Crover,https://www.crover.tech/,https://www.smartrecruiters.com/?utm_source=referral&utm_medium=careerwebsitepage&utm_campaign=careerwebsite&utm_content=none&km_partner=none&km_adgroup=none&utm_term=none&km_matchtype=none,Hiring Managers,https://www.smartrecruiters.com/role/it,"Geneva, NY, United States",Geneva,NY,United States,Not specified,,,,Core Space,2026-07-29,2026-07-29,https://www.smartrecruiters.com/?utm_source=referral&utm_medium=careerwebsitepage&utm_campaign=careerwebsite&utm_content=none&km_partner=none&km_adgroup=none&utm_term=none&km_matchtype=none,ats_detected,4,success_after_fallback
675011ceb6de,2026-07-29,babc8fbe4ec9,Crover,https://www.crover.tech/,https://www.smartrecruiters.com/?utm_source=referral&utm_medium=careerwebsitepage&utm_campaign=careerwebsite&utm_content=none&km_partner=none&km_adgroup=none&utm_term=none&km_matchtype=none,Hiring Managers,https://www.smartrecruiters.com/role/finance,"Geneva, NY, United States",Geneva,NY,United States,Not specified,,,,Core Space,2026-07-29,2026-07-29,https://www.smartrecruiters.com/?utm_source=referral&utm_medium=careerwebsitepage&utm_campaign=careerwebsite&utm_content=none&km_partner=none&km_adgroup=none&utm_term=none&km_matchtype=none,ats_detected,4,success_after_fallback
2c4b3b743564,2026-07-29,bad1b820268a,Dawn Aerospace,https://www.dawnaerospace.com/,https://job-boards.anz.greenhouse.io/dawnaerospace,"Intern – Thruster Development Delft, South Holland, Netherlands",https://job-boards.anz.greenhouse.io/dawnaerospace/jobs/4004992201,"Delft, South Holland, Netherlands",Delft,South Holland,Netherlands,Not specified,,,,Core Space,2026-07-29,2026-07-29,https://job-boards.anz.greenhouse.io/dawnaerospace,ats_detected,5,success_after_fallback
447dcb8fbda1,2026-07-29,bad1b820268a,Dawn Aerospace,https://www.dawnaerospace.com/,https://job-boards.anz.greenhouse.io/dawnaerospace,"Junior / Intermediate Project Manager – Space Propulsion Delft, South Holland, Netherlands",https://job-boards.anz.greenhouse.io/dawnaerospace/jobs/4000883201,"Delft, South Holland, Netherlands",Delft,South Holland,Netherlands,Not specified,,,,Core Space,2026-07-29,2026-07-29,https://job-boards.anz.greenhouse.io/dawnaerospace,ats_detected,5,success_after_fallback
c94117e1163d,2026-07-29,bad1b820268a,Dawn Aerospace,https://www.dawnaerospace.com/,https://job-boards.anz.greenhouse.io/dawnaerospace,"Satellite Communications Engineer Delft, South Holland, Netherlands",https://job-boards.anz.greenhouse.io/dawnaerospace/jobs/4001647201,"Delft, South Holland, Netherlands",Delft,South Holland,Netherlands,Not specified,,,,Core Space,2026-07-29,2026-07-29,https://job-boards.anz.greenhouse.io/dawnaerospace,ats_detected,5,success_after_fallback
096dbf50f162,2026-07-29,bad1b820268a,Dawn Aerospace,https://www.dawnaerospace.com/,https://job-boards.anz.greenhouse.io/dawnaerospace,"Satellite RF Hardware & Operations Engineer Delft, South Holland, Netherlands",https://job-boards.anz.greenhouse.io/dawnaerospace/jobs/4000878201,"Delft, South Holland, Netherlands",Delft,South Holland,Netherlands,Not specified,,,,Core Space,2026-07-29,2026-07-29,https://job-boards.anz.greenhouse.io/dawnaerospace,ats_detected,5,success_after_fallback
5a2b0a951f06,2026-07-29,bad1b820268a,Dawn Aerospace,https://www.dawnaerospace.com/,https://job-boards.anz.greenhouse.io/dawnaerospace,"Software Developer Internship – Embedded Linux Delft, South Holland, Netherlands",https://job-boards.anz.greenhouse.io/dawnaerospace/jobs/4004658201,"Delft, South Holland, Netherlands",Delft,South Holland,Netherlands,Not specified,,,,Core Space,2026-07-29,2026-07-29,https://job-boards.anz.greenhouse.io/dawnaerospace,ats_detected,5,success_after_fallback
f727dc836bcf,2026-07-29,bad1b820268a,Dawn Aerospace,https://www.dawnaerospace.com/,https://job-boards.anz.greenhouse.io/dawnaerospace,"Administrative Assistant (Part-Time) Christchurch, Canterbury, New Zealand",https://job-boards.anz.greenhouse.io/dawnaerospace/jobs/4004473201,"Manhattan, NY, United States",Manhattan,NY,United States,Not specified,,,,Core Space,2026-07-29,2026-07-29,https://job-boards.anz.greenhouse.io/dawnaerospace,ats_detected,5,success_after_fallback
d8f159fb1390,2026-07-29,bad1b820268a,Dawn Aerospace,https://www.dawnaerospace.com/,https://job-boards.anz.greenhouse.io/dawnaerospace,"Purchasing & Inventory Coordinator Christchurch, Canterbury, New Zealand",https://job-boards.anz.greenhouse.io/dawnaerospace/jobs/4004328201,"Manhattan, NY, United States",Manhattan,NY,United States,Not specified,,,,Core Space,2026-07-29,2026-07-29,https://job-boards.anz.greenhouse.io/dawnaerospace,ats_detected,5,success_after_fallback
1db33c6f93cb,2026-07-29,bad1b820268a,Dawn Aerospace,https://www.dawnaerospace.com/,https://job-boards.anz.greenhouse.io/dawnaerospace,Head of Defence Sales – Germany Germany,https://job-boards.anz.greenhouse.io/dawnaerospace/jobs/4004923201,"Manhattan, NY, United States",Manhattan,NY,United States,Not specified,,,,Core Space,2026-07-29,2026-07-29,https://job-boards.anz.greenhouse.io/dawnaerospace,ats_detected,5,success_after_fallback
2c974b67f5ad,2026-07-29,ba37ca62f760,echo3D,https://www.echo3d.co/,https://www.echo3d.com/about/careers,Enterprise Sales Executive B2B,https://wellfound.com/jobs/3529921-enterprise-sales-executive-b2b,"Manhattan, NY, United States",Manhattan,NY,United States,Remote,,,,Core Space,2026-07-29,2026-07-29,https://www.echo3d.com/about/careers,known_careers_url,4,success
bb9a4a219de8,2026-07-29,ba37ca62f760,echo3D,https://www.echo3d.co/,https://www.echo3d.com/about/careers,Software Engineer,https://wellfound.com/jobs/1749640-software-engineer,"Manhattan, NY, United States",Manhattan,NY,United States,Remote,,,,Core Space,2026-07-29,2026-07-29,https://www.echo3d.com/about/careers,known_careers_url,4,success
30cd0322985c,2026-07-29,b0d788b8ea7e,ENSCO Avionics,https://www.ensco.com/aerospace/avionics-engineering-certification,https://job-boards.greenhouse.io/ensco,"Avionics Logistics Engineer II Endicott, New York, United States",https://job-boards.greenhouse.io/ensco/jobs/5214130008,"Endicott, New York, United States",Endicott,NY,United States,Not specified,,,,Aerospace,2026-07-29,2026-07-29,https://job-boards.greenhouse.io/ensco,known_careers_url,5,success
315c78447373,2026-07-29,b0d788b8ea7e,ENSCO Avionics,https://www.ensco.com/aerospace/avionics-engineering-certification,https://job-boards.greenhouse.io/ensco,"Avionics Software Engineer II Endicott, New York, United States",https://job-boards.greenhouse.io/ensco/jobs/5160131008,"Endicott, New York, United States",Endicott,NY,United States,Not specified,,,,Aerospace,2026-07-29,2026-07-29,https://job-boards.greenhouse.io/ensco,known_careers_url,5,success
18bbfc625340,2026-07-29,b0d788b8ea7e,ENSCO Avionics,https://www.ensco.com/aerospace/avionics-engineering-certification,https://job-boards.greenhouse.io/ensco,"Avionics Software Engineer III Endicott, New York, United States",https://job-boards.greenhouse.io/ensco/jobs/5160122008,"Endicott, New York, United States",Endicott,NY,United States,Not specified,,,,Aerospace,2026-07-29,2026-07-29,https://job-boards.greenhouse.io/ensco,known_careers_url,5,success
1d37a076cb0d,2026-07-29,b0d788b8ea7e,ENSCO Avionics,https://www.ensco.com/aerospace/avionics-engineering-certification,https://job-boards.greenhouse.io/ensco,"Avionics Software Engineer III Hauppauge, New York, United States",https://job-boards.greenhouse.io/ensco/jobs/5182086008,"Hauppauge, New York, United States",Hauppauge,NY,United States,Not specified,,,,Aerospace,2026-07-29,2026-07-29,https://job-boards.greenhouse.io/ensco,known_careers_url,5,success
85bbff793bfc,2026-07-29,b0d788b8ea7e,ENSCO Avionics,https://www.ensco.com/aerospace/avionics-engineering-certification,https://job-boards.greenhouse.io/ensco,"Configuration Management Specialist El Segundo, California, United States",https://job-boards.greenhouse.io/ensco/jobs/5361928008,"El Segundo, California, United States",El Segundo,CA,United States,Not specified,,,,Aerospace,2026-07-29,2026-07-29,https://job-boards.greenhouse.io/ensco,known_careers_url,5,success
78d0b807ba6a,2026-07-29,b0d788b8ea7e,ENSCO Avionics,https://www.ensco.com/aerospace/avionics-engineering-certification,https://job-boards.greenhouse.io/ensco,"Electrical Engineer / Board Designer Endicott, New York, United States",https://job-boards.greenhouse.io/ensco/jobs/5349135008,"Endicott, New York, United States",Endicott,NY,United States,Not specified,,,,Aerospace,2026-07-29,2026-07-29,https://job-boards.greenhouse.io/ensco,known_careers_url,5,success
08b2d8483858,2026-07-29,b0d788b8ea7e,ENSCO Avionics,https://www.ensco.com/aerospace/avionics-engineering-certification,https://job-boards.greenhouse.io/ensco,"Embedded Software Engineer Endicott, New York, United States",https://job-boards.greenhouse.io/ensco/jobs/5349198008,"Endicott, New York, United States",Endicott,NY,United States,Not specified,,,,Aerospace,2026-07-29,2026-07-29,https://job-boards.greenhouse.io/ensco,known_careers_url,5,success
d89dd55f29eb,2026-07-29,b0d788b8ea7e,ENSCO Avionics,https://www.ensco.com/aerospace/avionics-engineering-certification,https://job-boards.greenhouse.io/ensco,"Enterprise Architect Warrenton, Virginia, United States",https://job-boards.greenhouse.io/ensco/jobs/5286837008,"Warrenton, Virginia, United States",Warrenton,VA,United States,Not specified,,,,Aerospace,2026-07-29,2026-07-29,https://job-boards.greenhouse.io/ensco,known_careers_url,5,success
95b0a7e5e397,2026-07-29,b0d788b8ea7e,ENSCO Avionics,https://www.ensco.com/aerospace/avionics-engineering-certification,https://job-boards.greenhouse.io/ensco,"Enterprise Requirements and Integration Engineer Colorado Springs, Colorado, United States",https://job-boards.greenhouse.io/ensco/jobs/5361962008,"Colorado Springs, Colorado, United States",Colorado Springs,CO,United States,Not specified,,,,Aerospace,2026-07-29,2026-07-29,https://job-boards.greenhouse.io/ensco,known_careers_url,5,success
44cec47aec75,2026-07-29,b0d788b8ea7e,ENSCO Avionics,https://www.ensco.com/aerospace/avionics-engineering-certification,https://job-boards.greenhouse.io/ensco,"Field Service Engineer Chambersburg, Pennsylvania, United States",https://job-boards.greenhouse.io/ensco/jobs/5268029008,"Chambersburg, Pennsylvania, United States",Chambersburg,PA,United States,Not specified,,,,Aerospace,2026-07-29,2026-07-29,https://job-boards.greenhouse.io/ensco,known_careers_url,5,success
0a8d11a57921,2026-07-29,b0d788b8ea7e,ENSCO Avionics,https://www.ensco.com/aerospace/avionics-engineering-certification,https://job-boards.greenhouse.io/ensco,"FPGA Designer Endicott, New York, United States",https://job-boards.greenhouse.io/ensco/jobs/5349060008,"Endicott, New York, United States",Endicott,NY,United States,Not specified,,,,Aerospace,2026-07-29,2026-07-29,https://job-boards.greenhouse.io/ensco,known_careers_url,5,success
dafc47784c65,2026-07-29,b0d788b8ea7e,ENSCO Avionics,https://www.ensco.com/aerospace/avionics-engineering-certification,https://job-boards.greenhouse.io/ensco,"Junior Enterprise Architect Warrenton, Virginia, United States",https://job-boards.greenhouse.io/ensco/jobs/5286847008,"Warrenton, Virginia, United States",Warrenton,VA,United States,Not specified,,,,Aerospace,2026-07-29,2026-07-29,https://job-boards.greenhouse.io/ensco,known_careers_url,5,success
c0b48621c24a,2026-07-29,b0d788b8ea7e,ENSCO Avionics,https://www.ensco.com/aerospace/avionics-engineering-certification,https://job-boards.greenhouse.io/ensco,"Junior Scientific Data Analyst Melbourne, Florida, United States",https://job-boards.greenhouse.io/ensco/jobs/5354767008,"Melbourne, Florida, United States",Melbourne,FL,United States,Not specified,,,,Aerospace,2026-07-29,2026-07-29,https://job-boards.greenhouse.io/ensco,known_careers_url,5,success
9efbb6b72098,2026-07-29,b0d788b8ea7e,ENSCO Avionics,https://www.ensco.com/aerospace/avionics-engineering-certification,https://job-boards.greenhouse.io/ensco,"Junior Technician Chambersburg, Pennsylvania, United States",https://job-boards.greenhouse.io/ensco/jobs/5238947008,"Chambersburg, Pennsylvania, United States",Chambersburg,PA,United States,Not specified,,,,Aerospace,2026-07-29,2026-07-29,https://job-boards.greenhouse.io/ensco,known_careers_url,5,success
bcef9f6e1d3f,2026-07-29,b0d788b8ea7e,ENSCO Avionics,https://www.ensco.com/aerospace/avionics-engineering-certification,https://job-boards.greenhouse.io/ensco,"LabView & Verification Engineer Endicott, New York, United States",https://job-boards.greenhouse.io/ensco/jobs/5223433008,"Endicott, New York, United States",Endicott,NY,United States,Not specified,,,,Aerospace,2026-07-29,2026-07-29,https://job-boards.greenhouse.io/ensco,known_careers_url,5,success
6bc9d293d27b,2026-07-29,b0d788b8ea7e,ENSCO Avionics,https://www.ensco.com/aerospace/avionics-engineering-certification,https://job-boards.greenhouse.io/ensco,"Machine Learning Engineer Melbourne, Florida, United States",https://job-boards.greenhouse.io/ensco/jobs/5228026008,"Melbourne, Florida, United States",Melbourne,FL,United States,Not specified,,,,Aerospace,2026-07-29,2026-07-29,https://job-boards.greenhouse.io/ensco,known_careers_url,5,success
58f245b6716a,2026-07-29,b0d788b8ea7e,ENSCO Avionics,https://www.ensco.com/aerospace/avionics-engineering-certification,https://job-boards.greenhouse.io/ensco,"Mechanical Engineer Endicott, New York, United States",https://job-boards.greenhouse.io/ensco/jobs/5350248008,"Endicott, New York, United States",Endicott,NY,United States,Not specified,,,,Aerospace,2026-07-29,2026-07-29,https://job-boards.greenhouse.io/ensco,known_careers_url,5,success
7c244aa63bad,2026-07-29,b0d788b8ea7e,ENSCO Avionics,https://www.ensco.com/aerospace/avionics-engineering-certification,https://job-boards.greenhouse.io/ensco,"Product Support Specialist (Logistics) El Segundo, California, United States",https://job-boards.greenhouse.io/ensco/jobs/5257509008,"El Segundo, California, United States",El Segundo,CA,United States,Not specified,,,,Aerospace,2026-07-29,2026-07-29,https://job-boards.greenhouse.io/ensco,known_careers_url,5,success
46c093d9ccf9,2026-07-29,b0d788b8ea7e,ENSCO Avionics,https://www.ensco.com/aerospace/avionics-engineering-certification,https://job-boards.greenhouse.io/ensco,"RHEL Systems Administrator (Cameo Administrator) Warrenton, Virginia, United States",https://job-boards.greenhouse.io/ensco/jobs/5159335008,"Warrenton, Virginia, United States",Warrenton,VA,United States,Not specified,,,,Aerospace,2026-07-29,2026-07-29,https://job-boards.greenhouse.io/ensco,known_careers_url,5,success
52daf6e5ef5b,2026-07-29,b0d788b8ea7e,ENSCO Avionics,https://www.ensco.com/aerospace/avionics-engineering-certification,https://job-boards.greenhouse.io/ensco,"Scientific Data Analyst Melbourne, Florida, United States",https://job-boards.greenhouse.io/ensco/jobs/5161770008,"Melbourne, Florida, United States",Melbourne,FL,United States,Not specified,,,,Aerospace,2026-07-29,2026-07-29,https://job-boards.greenhouse.io/ensco,known_careers_url,5,success
3656344df8eb,2026-07-29,b0d788b8ea7e,ENSCO Avionics,https://www.ensco.com/aerospace/avionics-engineering-certification,https://job-boards.greenhouse.io/ensco,"Scientific Data Analyst Melbourne, Florida, United States",https://job-boards.greenhouse.io/ensco/jobs/5279479008,"Melbourne, Florida, United States",Melbourne,FL,United States,Not specified,,,,Aerospace,2026-07-29,2026-07-29,https://job-boards.greenhouse.io/ensco,known_careers_url,5,success
418b3c27cbfa,2026-07-29,b0d788b8ea7e,ENSCO Avionics,https://www.ensco.com/aerospace/avionics-engineering-certification,https://job-boards.greenhouse.io/ensco,"Senior Evolved Strategic Systems (ESS) Program, Systems Integration Engineer El Segundo, California, United States",https://job-boards.greenhouse.io/ensco/jobs/5170434008,"El Segundo, California, United States",El Segundo,CA,United States,Not specified,,,,Aerospace,2026-07-29,2026-07-29,https://job-boards.greenhouse.io/ensco,known_careers_url,5,success
3b2ad96ac381,2026-07-29,b0d788b8ea7e,ENSCO Avionics,https://www.ensco.com/aerospace/avionics-engineering-certification,https://job-boards.greenhouse.io/ensco,"Senior Program Systems Integration Engineer El Segundo, California, United States",https://job-boards.greenhouse.io/ensco/jobs/5361966008,"El Segundo, California, United States",El Segundo,CA,United States,Not specified,,,,Aerospace,2026-07-29,2026-07-29,https://job-boards.greenhouse.io/ensco,known_careers_url,5,success
6c3b99377673,2026-07-29,b0d788b8ea7e,ENSCO Avionics,https://www.ensco.com/aerospace/avionics-engineering-certification,https://job-boards.greenhouse.io/ensco,"Senior Project Manager Pueblo, Colorado, United States",https://job-boards.greenhouse.io/ensco/jobs/5165967008,"Pueblo, Colorado, United States",Pueblo,CO,United States,Not specified,,,,Aerospace,2026-07-29,2026-07-29,https://job-boards.greenhouse.io/ensco,known_careers_url,5,success
4e41a2ff7770,2026-07-29,b0d788b8ea7e,ENSCO Avionics,https://www.ensco.com/aerospace/avionics-engineering-certification,https://job-boards.greenhouse.io/ensco,"Senior Software Systems Engineer Endicott, New York, United States",https://job-boards.greenhouse.io/ensco/jobs/5219423008,"Endicott, New York, United States",Endicott,NY,United States,Not specified,,,,Aerospace,2026-07-29,2026-07-29,https://job-boards.greenhouse.io/ensco,known_careers_url,5,success
59c84a5b209a,2026-07-29,b0d788b8ea7e,ENSCO Avionics,https://www.ensco.com/aerospace/avionics-engineering-certification,https://job-boards.greenhouse.io/ensco,"Senior Sustainment Systems Engineer Colorado Springs, Colorado, United States",https://job-boards.greenhouse.io/ensco/jobs/5231434008,"Colorado Springs, Colorado, United States",Colorado Springs,CO,United States,Not specified,,,,Aerospace,2026-07-29,2026-07-29,https://job-boards.greenhouse.io/ensco,known_careers_url,5,success
722e6ef316e1,2026-07-29,b0d788b8ea7e,ENSCO Avionics,https://www.ensco.com/aerospace/avionics-engineering-certification,https://job-boards.greenhouse.io/ensco,"Senior Target Digital Network Analyst Colorado Springs, Colorado, United States",https://job-boards.greenhouse.io/ensco/jobs/5308852008,"Colorado Springs, Colorado, United States",Colorado Springs,CO,United States,Not specified,,,,Aerospace,2026-07-29,2026-07-29,https://job-boards.greenhouse.io/ensco,known_careers_url,5,success
d900795cadd4,2026-07-29,b0d788b8ea7e,ENSCO Avionics,https://www.ensco.com/aerospace/avionics-engineering-certification,https://job-boards.greenhouse.io/ensco,"Software Architect Colorado Springs, Colorado, United States",https://job-boards.greenhouse.io/ensco/jobs/5287251008,"Colorado Springs, Colorado, United States",Colorado Springs,CO,United States,Not specified,,,,Aerospace,2026-07-29,2026-07-29,https://job-boards.greenhouse.io/ensco,known_careers_url,5,success
5e21881dd2f0,2026-07-29,b0d788b8ea7e,ENSCO Avionics,https://www.ensco.com/aerospace/avionics-engineering-certification,https://job-boards.greenhouse.io/ensco,"Software Delivery Lead Colorado Springs, Colorado, United States; El Segundo, California, United States",https://job-boards.greenhouse.io/ensco/jobs/5361886008,"Colorado Springs, Colorado, United States; El Segundo, California, United States",Colorado Springs,CO,United States,Not specified,,,,Aerospace,2026-07-29,2026-07-29,https://job-boards.greenhouse.io/ensco,known_careers_url,5,success
4240676814b9,2026-07-29,b0d788b8ea7e,ENSCO Avionics,https://www.ensco.com/aerospace/avionics-engineering-certification,https://job-boards.greenhouse.io/ensco,"Software Developer Colorado Springs, Colorado, United States",https://job-boards.greenhouse.io/ensco/jobs/5287243008,"Colorado Springs, Colorado, United States",Colorado Springs,CO,United States,Not specified,,,,Aerospace,2026-07-29,2026-07-29,https://job-boards.greenhouse.io/ensco,known_careers_url,5,success
49d8eb860e09,2026-07-29,b0d788b8ea7e,ENSCO Avionics,https://www.ensco.com/aerospace/avionics-engineering-certification,https://job-boards.greenhouse.io/ensco,"Software Verification Engineer Endicott, New York, United States",https://job-boards.greenhouse.io/ensco/jobs/5078558008,"Endicott, New York, United States",Endicott,NY,United States,Not specified,,,,Aerospace,2026-07-29,2026-07-29,https://job-boards.greenhouse.io/ensco,known_careers_url,5,success
093154c2f256,2026-07-29,b0d788b8ea7e,ENSCO Avionics,https://www.ensco.com/aerospace/avionics-engineering-certification,https://job-boards.greenhouse.io/ensco,"Strategic MBSE Requirements & ICD Lead El Segundo, California, United States",https://job-boards.greenhouse.io/ensco/jobs/5362002008,"El Segundo, California, United States",El Segundo,CA,United States,Not specified,,,,Aerospace,2026-07-29,2026-07-29,https://job-boards.greenhouse.io/ensco,known_careers_url,5,success
3226c8c5d001,2026-07-29,b0d788b8ea7e,ENSCO Avionics,https://www.ensco.com/aerospace/avionics-engineering-certification,https://job-boards.greenhouse.io/ensco,"Strategic Requirements Systems Engineer El Segundo, California, United States",https://job-boards.greenhouse.io/ensco/jobs/5361950008,"El Segundo, California, United States",El Segundo,CA,United States,Not specified,,,,Aerospace,2026-07-29,2026-07-29,https://job-boards.greenhouse.io/ensco,known_careers_url,5,success
c1a771caa3fe,2026-07-29,b0d788b8ea7e,ENSCO Avionics,https://www.ensco.com/aerospace/avionics-engineering-certification,https://job-boards.greenhouse.io/ensco,"Strategic Senior Acquisition Support Specialist El Segundo, California, United States",https://job-boards.greenhouse.io/ensco/jobs/5226392008,"El Segundo, California, United States",El Segundo,CA,United States,Not specified,,,,Aerospace,2026-07-29,2026-07-29,https://job-boards.greenhouse.io/ensco,known_careers_url,5,success
9fb03e5525ff,2026-07-29,b0d788b8ea7e,ENSCO Avionics,https://www.ensco.com/aerospace/avionics-engineering-certification,https://job-boards.greenhouse.io/ensco,"Sustainment Test & Evaluation Engineer Colorado Springs, Colorado, United States",https://job-boards.greenhouse.io/ensco/jobs/5264672008,"Colorado Springs, Colorado, United States",Colorado Springs,CO,United States,Not specified,,,,Aerospace,2026-07-29,2026-07-29,https://job-boards.greenhouse.io/ensco,known_careers_url,5,success
10176d1dcf90,2026-07-29,b0d788b8ea7e,ENSCO Avionics,https://www.ensco.com/aerospace/avionics-engineering-certification,https://job-boards.greenhouse.io/ensco,"Test Equipment Engineer Endicott, New York, United States",https://job-boards.greenhouse.io/ensco/jobs/5285597008,"Endicott, New York, United States",Endicott,NY,United States,Not specified,,,,Aerospace,2026-07-29,2026-07-29,https://job-boards.greenhouse.io/ensco,known_careers_url,5,success
d43dbcf1fa3d,2026-07-29,b0d788b8ea7e,ENSCO Avionics,https://www.ensco.com/aerospace/avionics-engineering-certification,https://job-boards.greenhouse.io/enscohotjobs,"Avionics Software Engineer II Endicott, New York, United States",https://job-boards.greenhouse.io/enscohotjobs/jobs/5217337008,"Endicott, New York, United States",Endicott,NY,United States,Not specified,,,,Aerospace,2026-07-29,2026-07-29,https://job-boards.greenhouse.io/enscohotjobs,ats_detected,5,success_after_fallback
65e8a47844d1,2026-07-29,b0d788b8ea7e,ENSCO Avionics,https://www.ensco.com/aerospace/avionics-engineering-certification,https://job-boards.greenhouse.io/enscohotjobs,"Avionics Software Engineer III Hauppauge, New York, United States",https://job-boards.greenhouse.io/enscohotjobs/jobs/5217338008,"Hauppauge, New York, United States",Hauppauge,NY,United States,Not specified,,,,Aerospace,2026-07-29,2026-07-29,https://job-boards.greenhouse.io/enscohotjobs,ats_detected,5,success_after_fallback
460b1e67f595,2026-07-29,b0d788b8ea7e,ENSCO Avionics,https://www.ensco.com/aerospace/avionics-engineering-certification,https://job-boards.greenhouse.io/enscohotjobs,"Scientific Data Analyst Melbourne, Florida, United States",https://job-boards.greenhouse.io/enscohotjobs/jobs/5217348008,"Melbourne, Florida, United States",Melbourne,FL,United States,Not specified,,,,Aerospace,2026-07-29,2026-07-29,https://job-boards.greenhouse.io/enscohotjobs,ats_detected,5,success_after_fallback
22f87ce948f3,2026-07-29,5e6b2d8a10cd,Flexim Americas,https://www.flexim.com/us,https://joinhandshake.com/early-talent-awards/2026/emerson,Associate Technical Training Instructor,https://app.joinhandshake.com/public/jobs/11098979,"Pittsburgh, Pennsylvania, US; Pittsburgh, Pennsylvania, US",Pittsburgh,PA,United States,Not specified,70000,80000,,Aerospace,2026-07-29,2026-07-29,https://joinhandshake.com/early-talent-awards/2026/emerson,linked_page,4,success_after_fallback
2980c625c8ed,2026-07-29,5e6b2d8a10cd,Flexim Americas,https://www.flexim.com/us,https://joinhandshake.com/early-talent-awards/2026/emerson,Firmware Engineer (Embedded Software),https://app.joinhandshake.com/public/jobs/11185358,"Marshalltown, Iowa, US",Marshalltown,IA,United States,Not specified,80000,95000,,Aerospace,2026-07-29,2026-07-29,https://joinhandshake.com/early-talent-awards/2026/emerson,linked_page,4,success_after_fallback
c710a78a2bf0,2026-07-29,5e6b2d8a10cd,Flexim Americas,https://www.flexim.com/us,https://joinhandshake.com/early-talent-awards/2026/emerson,HR Generalist,https://app.joinhandshake.com/public/jobs/11239297,"Ash Flat, Arkansas, US",Ash Flat,AR,United States,Not specified,,,,Aerospace,2026-07-29,2026-07-29,https://joinhandshake.com/early-talent-awards/2026/emerson,linked_page,3,success_after_fallback
5f5615ac29d2,2026-07-29,5e6b2d8a10cd,Flexim Americas,https://www.flexim.com/us,https://joinhandshake.com/early-talent-awards/2026/emerson,Mechanical Engineer,https://app.joinhandshake.com/public/jobs/11239761,"Naperville, Illinois, US",Naperville,IL,United States,Not specified,75000,90000,,Aerospace,2026-07-29,2026-07-29,https://joinhandshake.com/early-talent-awards/2026/emerson,linked_page,4,success_after_fallback
97706cc9a709,2026-07-29,5e6b2d8a10cd,Flexim Americas,https://www.flexim.com/us,https://joinhandshake.com/early-talent-awards/2026/emerson,Quality Engineer,https://app.joinhandshake.com/public/jobs/11235277,"Ash Flat, Arkansas, US",Ash Flat,AR,United States,Not specified,,,,Aerospace,2026-07-29,2026-07-29,https://joinhandshake.com/early-talent-awards/2026/emerson,linked_page,4,success_after_fallback
3c74b962fd8d,2026-07-29,5e6b2d8a10cd,Flexim Americas,https://www.flexim.com/us,https://joinhandshake.com/students/whos-hiring,US SENATE CANDIDATE Intern at Jake Ryan for US Senate,https://app.joinhandshake.com/public/jobs/11244703,Remote,,,,Remote,,,,Aerospace,2026-07-29,2026-07-29,https://joinhandshake.com/students/whos-hiring,linked_page,4,success_after_fallback
775e07cec82f,2026-07-29,5e6b2d8a10cd,Flexim Americas,https://www.flexim.com/us,https://joinhandshake.com/students/whos-hiring,Kim Traversi Education Internship at The California Museum,https://app.joinhandshake.com/public/jobs/11244712,"Brentwood, NY, United States",Brentwood,NY,United States,Not specified,,,,Aerospace,2026-07-29,2026-07-29,https://joinhandshake.com/students/whos-hiring,linked_page,4,success_after_fallback
f9900d3174ae,2026-07-29,5e6b2d8a10cd,Flexim Americas,https://www.flexim.com/us,https://joinhandshake.com/students/whos-hiring,FloroStone Realty Bookkeeping Intern (Unpaid Internship) Internship • Today A p p l y,https://app.joinhandshake.com/public/jobs/11244681,"Brentwood, NY, United States",Brentwood,NY,United States,Not specified,,,,Aerospace,2026-07-29,2026-07-29,https://joinhandshake.com/students/whos-hiring,linked_page,4,success_after_fallback
2ca39b106f22,2026-07-29,5e6b2d8a10cd,Flexim Americas,https://www.flexim.com/us,https://joinhandshake.com/students/whos-hiring,Social Media Creator Intern at Into the Next Consulting,https://app.joinhandshake.com/public/jobs/11244663,"Brentwood, NY, United States",Brentwood,NY,United States,Not specified,,,,Aerospace,2026-07-29,2026-07-29,https://joinhandshake.com/students/whos-hiring,linked_page,4,success_after_fallback
4d25e29bb0b6,2026-07-29,5e6b2d8a10cd,Flexim Americas,https://www.flexim.com/us,https://joinhandshake.com/students/whos-hiring,Mechanical Engineering Intern at Illumra,https://app.joinhandshake.com/public/jobs/11244511,"Brentwood, NY, United States",Brentwood,NY,United States,Not specified,,,,Aerospace,2026-07-29,2026-07-29,https://joinhandshake.com/students/whos-hiring,linked_page,4,success_after_fallback
96db99b1207d,2026-07-29,5e6b2d8a10cd,Flexim Americas,https://www.flexim.com/us,https://joinhandshake.com/students/whos-hiring,Computer Vision Intern at Cascade Geomatics,https://app.joinhandshake.com/public/jobs/11244518,"Brentwood, NY, United States",Brentwood,NY,United States,Not specified,,,,Aerospace,2026-07-29,2026-07-29,https://joinhandshake.com/students/whos-hiring,linked_page,4,success_after_fallback
56509ef650d4,2026-07-29,5e6b2d8a10cd,Flexim Americas,https://www.flexim.com/us,https://joinhandshake.com/students/whos-hiring,Sales Enablement & Lead Generation Specialist at Keyrenter Property Management Miami West,https://app.joinhandshake.com/public/jobs/11244769,"Brentwood, NY, United States",Brentwood,NY,United States,Not specified,,,,Aerospace,2026-07-29,2026-07-29,https://joinhandshake.com/students/whos-hiring,linked_page,4,success_after_fallback
8659a3fed2ba,2026-07-29,5e6b2d8a10cd,Flexim Americas,https://www.flexim.com/us,https://joinhandshake.com/students/whos-hiring,Retail Sales Specialist at Campus Philly,https://app.joinhandshake.com/public/jobs/11244764,"Brentwood, NY, United States",Brentwood,NY,United States,Not specified,,,,Aerospace,2026-07-29,2026-07-29,https://joinhandshake.com/students/whos-hiring,linked_page,4,success_after_fallback
48468da2b89b,2026-07-29,5e6b2d8a10cd,Flexim Americas,https://www.flexim.com/us,https://joinhandshake.com/students/whos-hiring,Clinical Dental Assistant at Millkey Way Pediatric Dentistry,https://app.joinhandshake.com/public/jobs/11244770,"Brentwood, NY, United States",Brentwood,NY,United States,Not specified,,,,Aerospace,2026-07-29,2026-07-29,https://joinhandshake.com/students/whos-hiring,linked_page,4,success_after_fallback
03d6c3731f51,2026-07-29,5e6b2d8a10cd,Flexim Americas,https://www.flexim.com/us,https://joinhandshake.com/students/whos-hiring,Data Analyst at Neurohire.ai,https://app.joinhandshake.com/public/jobs/11244765,"Brentwood, NY, United States",Brentwood,NY,United States,Remote,,,,Aerospace,2026-07-29,2026-07-29,https://joinhandshake.com/students/whos-hiring,linked_page,4,success_after_fallback
bd48fc543a63,2026-07-29,9c006685bfd8,General Dynamics,https://www.gdit.com/,https://www.gdit.com/careers/areas-of-expertise,Corporate Operations,https://www.gdit.com/careers/featured-career-paths/corporate-operations,"Rensselaer, NY, United States",Rensselaer,NY,United States,Not specified,,,,Core Space,2026-07-29,2026-07-29,https://www.gdit.com/careers/areas-of-expertise,linked_page,3,success_after_fallback
73d48c20870d,2026-07-29,22f272cffdda,GI Aerospace,https://www.giaerospace.com/,https://www.gicorp.com/careers/opportunities,Procurement and Sales Coordinator,https://www.gicorp.com/careers/engineering/312-procurement-sales-coordinator,"Dubai, United Arab Emirates",Dubai,,United Arab Emirates,Not specified,,,,Aerospace,2026-07-29,2026-07-29,https://www.gicorp.com/careers/opportunities,known_careers_url,4,success
8cc96cd7ca2c,2026-07-29,22f272cffdda,GI Aerospace,https://www.giaerospace.com/,https://www.gicorp.com/careers/opportunities,Procurement and Sales Coordinator,https://www.gicorp.com/careers/engineering/311-procurement-sales-coordinator,"Kochi, Kerala, India",Kochi,Kerala,India,Not specified,,,,Aerospace,2026-07-29,2026-07-29,https://www.gicorp.com/careers/opportunities,known_careers_url,4,success
6980f4a1dae3,2026-07-29,22f272cffdda,GI Aerospace,https://www.giaerospace.com/,https://www.gicorp.com/careers/opportunities,CNC Swiss Lathe Operator - Air Conditioned Facility,https://www.gicorp.com/careers/corp/740-cnc-lathe-machinist,"Houston, TX, United States",Houston,TX,United States,Not specified,,,,Aerospace,2026-07-29,2026-07-29,https://www.gicorp.com/careers/opportunities,known_careers_url,4,success
16834486b237,2026-07-29,22f272cffdda,GI Aerospace,https://www.giaerospace.com/,https://www.gicorp.com/careers/opportunities,Warehouse Associate / Packer,https://www.gicorp.com/careers/pacificsystems/902-warehouse-associate,"Houston, TX, United States",Houston,TX,United States,Not specified,,,,Aerospace,2026-07-29,2026-07-29,https://www.gicorp.com/careers/opportunities,known_careers_url,4,success
e1334ec3197a,2026-07-29,22f272cffdda,GI Aerospace,https://www.giaerospace.com/,https://www.gicorp.com/careers/opportunities,DoD Contractor - Military Packaging Associate,https://www.gicorp.com/careers/pacificsystems/901-packaging-administrator,"Houston, TX, United States",Houston,TX,United States,Not specified,,,,Aerospace,2026-07-29,2026-07-29,https://www.gicorp.com/careers/opportunities,known_careers_url,4,success
1e0fd893ba57,2026-07-29,22f272cffdda,GI Aerospace,https://www.giaerospace.com/,https://www.gicorp.com/careers/opportunities,UI / UX Designer,https://www.gicorp.com/careers/consulting/706-ui-ux-designer,"Kochi, Kerala, India",Kochi,Kerala,India,Not specified,,,,Aerospace,2026-07-29,2026-07-29,https://www.gicorp.com/careers/opportunities,known_careers_url,4,success
6c8504dad2fd,2026-07-29,22f272cffdda,GI Aerospace,https://www.giaerospace.com/,https://www.gicorp.com/careers/opportunities,Python Developer - Django,https://www.gicorp.com/careers/corp/732-python-developer-django,"Kochi, Kerala, India",Kochi,Kerala,India,Not specified,,,,Aerospace,2026-07-29,2026-07-29,https://www.gicorp.com/careers/opportunities,known_careers_url,4,success
cf76937925a1,2026-07-29,22f272cffdda,GI Aerospace,https://www.giaerospace.com/,https://www.gicorp.com/careers/opportunities,Full-Stack Developer - Python & Javascript,https://www.gicorp.com/careers/corp/731-full-stack-developer,"Kochi, Kerala, India",Kochi,Kerala,India,Not specified,,,,Aerospace,2026-07-29,2026-07-29,https://www.gicorp.com/careers/opportunities,known_careers_url,4,success
40ffeb81575d,2026-07-29,22f272cffdda,GI Aerospace,https://www.giaerospace.com/,https://www.gicorp.com/careers/opportunities,Creative Designer - Web and Print,https://www.gicorp.com/careers/corp/734-creative-designer,"Kochi, Kerala, India",Kochi,Kerala,India,Not specified,,,,Aerospace,2026-07-29,2026-07-29,https://www.gicorp.com/careers/opportunities,known_careers_url,4,success
1255dd6cfdd8,2026-07-29,22f272cffdda,GI Aerospace,https://www.giaerospace.com/,https://www.gicorp.com/careers/opportunities,Windows System Administrator,https://www.gicorp.com/careers/corp/738-windows-system-administrator,"Kochi, Kerala, India",Kochi,Kerala,India,Not specified,,,,Aerospace,2026-07-29,2026-07-29,https://www.gicorp.com/careers/opportunities,known_careers_url,4,success
fff41ec9a9cb,2026-07-29,22f272cffdda,GI Aerospace,https://www.giaerospace.com/,https://www.gicorp.com/careers/opportunities,EU Operations & Sales Manager,https://www.gicorp.com/careers/europe/501-eu-operations-sales-manager,"Rotterdam, Netherlands",Rotterdam,,Netherlands,Not specified,,,,Aerospace,2026-07-29,2026-07-29,https://www.gicorp.com/careers/opportunities,known_careers_url,4,success
0c572d500ee6,2026-07-29,22f272cffdda,GI Aerospace,https://www.giaerospace.com/,https://www.gicorp.com/careers/opportunities,Aircraft Assembly Tools - Sales,https://www.gicorp.com/careers/wescon/405-aircraft-assembly-tools-sales,"Houston, TX, United States",Houston,TX,United States,Not specified,,,,Aerospace,2026-07-29,2026-07-29,https://www.gicorp.com/careers/opportunities,known_careers_url,4,success
3f5004c79f36,2026-07-29,22f272cffdda,GI Aerospace,https://www.giaerospace.com/,https://www.gicorp.com/careers/opportunities,Sales Engineer - Electrical,https://www.gicorp.com/careers/engineering/315-sales-engineer-elecrical,"Kochi, Kerala, India",Kochi,Kerala,India,Not specified,,,,Aerospace,2026-07-29,2026-07-29,https://www.gicorp.com/careers/opportunities,known_careers_url,4,success
c9b04257d48a,2026-07-29,22f272cffdda,GI Aerospace,https://www.giaerospace.com/,https://www.gicorp.com/careers/opportunities,Power Transformers (132kV and above) Testing & Commissioning Engineer,https://www.gicorp.com/careers/engineering/307-Transformer-Testing-Commissioning-Engineer,"Dubai, United Arab Emirates",Dubai,,United Arab Emirates,Not specified,,,,Aerospace,2026-07-29,2026-07-29,https://www.gicorp.com/careers/opportunities,known_careers_url,4,success
9dd297bf7d6b,2026-07-29,22f272cffdda,GI Aerospace,https://www.giaerospace.com/,https://www.gicorp.com/careers/opportunities,Aviation Tools Sales Manager - Europe,https://www.gicorp.com/careers/wescon/403-aviation-tools-sales-manager-europe,"United Kingdom, European Union",,,United Kingdom,Not specified,,,,Aerospace,2026-07-29,2026-07-29,https://www.gicorp.com/careers/opportunities,known_careers_url,4,success
348a3cd2baa2,2026-07-29,22f272cffdda,GI Aerospace,https://www.giaerospace.com/,https://www.gicorp.com/careers/opportunities,Aviation Tools Sales Manager - United States,https://www.gicorp.com/careers/wescon/401-aviation-tools-sales-manager-united-states,"Houston, TX, United States",Houston,TX,United States,Not specified,,,,Aerospace,2026-07-29,2026-07-29,https://www.gicorp.com/careers/opportunities,known_careers_url,4,success
6c4c47e4078d,2026-07-29,22f272cffdda,GI Aerospace,https://www.giaerospace.com/,https://www.gicorp.com/careers/corp/740-cnc-lathe-machinist,CNC Swiss Lathe Operator - Air Conditioned Facility,https://www.gicorp.com/careers/corp/apply,"Queens, NY, United States",Queens,NY,United States,Not specified,,,,Aerospace,2026-07-29,2026-07-29,https://www.gicorp.com/careers/corp/740-cnc-lathe-machinist,linked_page,3,success_after_fallback
557fb95a533a,2026-07-29,22f272cffdda,GI Aerospace,https://www.giaerospace.com/,https://www.gicorp.com/careers/corp/743-cnc-mill-programmer,CNC Mill Programmer - Air Conditioned Facility,https://www.gicorp.com/careers/corp/743-cnc-mill-programmer,"Houston, TX, United States, Houston, TX, United States, US",Houston,TX,United States,Not specified,,,,Aerospace,2026-07-29,2026-07-29,https://www.gicorp.com/careers/corp/743-cnc-mill-programmer,linked_page,3,success_after_fallback
44617c16a82a,2026-07-29,22f272cffdda,GI Aerospace,https://www.giaerospace.com/,https://www.gicorp.com/careers/corp/742-cnc-swiss-lathe-programmer,CNC Swiss Lathe Programmer - Air Conditioned Facility,https://www.gicorp.com/careers/corp/742-cnc-swiss-lathe-programmer,"Austin, TX, United States, Austin, TX, United States, US",Austin,TX,United States,Not specified,,,,Aerospace,2026-07-29,2026-07-29,https://www.gicorp.com/careers/corp/742-cnc-swiss-lathe-programmer,linked_page,3,success_after_fallback
35021aeedbd6,2026-07-29,22f272cffdda,GI Aerospace,https://www.giaerospace.com/,https://www.gicorp.com/careers/pacificsystems/902-warehouse-associate,Warehouse Associate / Packer,https://www.gicorp.com/careers/pacificsystems/apply,"Queens, NY, United States",Queens,NY,United States,Not specified,,,,Aerospace,2026-07-29,2026-07-29,https://www.gicorp.com/careers/pacificsystems/902-warehouse-associate,linked_page,3,success_after_fallback
a8b8c0227ce9,2026-07-29,22f272cffdda,GI Aerospace,https://www.giaerospace.com/,https://www.gicorp.com/careers/consulting/706-ui-ux-designer,UI / UX Designer,https://www.gicorp.com/careers/consulting/apply,"Queens, NY, United States",Queens,NY,United States,Not specified,,,,Aerospace,2026-07-29,2026-07-29,https://www.gicorp.com/careers/consulting/706-ui-ux-designer,linked_page,3,success_after_fallback
1060ce4ad0a2,2026-07-29,9aece7086b18,Huntington Ingalls Industries,https://hii.com/,https://careers.huntingtoningalls.com/search?q=&locationsearch=Pascagoula%2C+MS&sortColumn=referencedate&sortDirection=desc&searchby=location&d=10,ENGINEERING DESIGN 3,https://careers.huntingtoningalls.com/job/Pascagoula-ENGINEERING-DESIGN-3-Miss/1413413500,"Syracuse, NY, United States",Syracuse,NY,United States,Not specified,,,,Space & Defense,2026-07-29,2026-07-29,https://careers.huntingtoningalls.com/search?q=&locationsearch=Pascagoula%2C+MS&sortColumn=referencedate&sortDirection=desc&searchby=location&d=10,known_careers_url,4,success
a92e49ff9388,2026-07-29,9aece7086b18,Huntington Ingalls Industries,https://hii.com/,https://careers.huntingtoningalls.com/search?q=&locationsearch=Pascagoula%2C+MS&sortColumn=referencedate&sortDirection=desc&searchby=location&d=10,CONFIGURATION ANALYST 1,https://careers.huntingtoningalls.com/job/Pascagoula-CONFIGURATION-ANALYST-1-Miss/1413414200,"Syracuse, NY, United States",Syracuse,NY,United States,Not specified,,,,Space & Defense,2026-07-29,2026-07-29,https://careers.huntingtoningalls.com/search?q=&locationsearch=Pascagoula%2C+MS&sortColumn=referencedate&sortDirection=desc&searchby=location&d=10,known_careers_url,4,success
87995b99c3f1,2026-07-29,9aece7086b18,Huntington Ingalls Industries,https://hii.com/,https://careers.huntingtoningalls.com/search?q=&locationsearch=Pascagoula%2C+MS&sortColumn=referencedate&sortDirection=desc&searchby=location&d=10,PROJECT MANAGEMENT 4,https://careers.huntingtoningalls.com/job/Pascagoula-PROJECT-MANAGEMENT-4-Miss/1413284700,"Syracuse, NY, United States",Syracuse,NY,United States,Not specified,,,,Space & Defense,2026-07-29,2026-07-29,https://careers.huntingtoningalls.com/search?q=&locationsearch=Pascagoula%2C+MS&sortColumn=referencedate&sortDirection=desc&searchby=location&d=10,known_careers_url,4,success
b45b60af058e,2026-07-29,9aece7086b18,Huntington Ingalls Industries,https://hii.com/,https://careers.huntingtoningalls.com/search?q=&locationsearch=Pascagoula%2C+MS&sortColumn=referencedate&sortDirection=desc&searchby=location&d=10,PROJECT MANAGEMENT 3,https://careers.huntingtoningalls.com/job/Pascagoula-PROJECT-MANAGEMENT-3-Miss/1413288500,"Syracuse, NY, United States",Syracuse,NY,United States,Not specified,,,,Space & Defense,2026-07-29,2026-07-29,https://careers.huntingtoningalls.com/search?q=&locationsearch=Pascagoula%2C+MS&sortColumn=referencedate&sortDirection=desc&searchby=location&d=10,known_careers_url,4,success
6c635a5c8283,2026-07-29,9aece7086b18,Huntington Ingalls Industries,https://hii.com/,https://careers.huntingtoningalls.com/search?q=&locationsearch=Pascagoula%2C+MS&sortColumn=referencedate&sortDirection=desc&searchby=location&d=10,CONTRACT ADMINISTRATOR 2,https://careers.huntingtoningalls.com/job/Pascagoula-CONTRACT-ADMINISTRATOR-2-Miss/1412966000,"Syracuse, NY, United States",Syracuse,NY,United States,Not specified,,,,Space & Defense,2026-07-29,2026-07-29,https://careers.huntingtoningalls.com/search?q=&locationsearch=Pascagoula%2C+MS&sortColumn=referencedate&sortDirection=desc&searchby=location&d=10,known_careers_url,4,success
46571be20bd4,2026-07-29,9aece7086b18,Huntington Ingalls Industries,https://hii.com/,https://careers.huntingtoningalls.com/search?q=&locationsearch=Pascagoula%2C+MS&sortColumn=referencedate&sortDirection=desc&searchby=location&d=10,MATL PLNG CONTROL ANALYST 4,https://careers.huntingtoningalls.com/job/Pascagoula-MATL-PLNG-CONTROL-ANALYST-4-Miss/1412399700,"Syracuse, NY, United States",Syracuse,NY,United States,Not specified,,,,Space & Defense,2026-07-29,2026-07-29,https://careers.huntingtoningalls.com/search?q=&locationsearch=Pascagoula%2C+MS&sortColumn=referencedate&sortDirection=desc&searchby=location&d=10,known_careers_url,4,success
1bebf0dcc129,2026-07-29,9aece7086b18,Huntington Ingalls Industries,https://hii.com/,https://careers.huntingtoningalls.com/search?q=&locationsearch=Pascagoula%2C+MS&sortColumn=referencedate&sortDirection=desc&searchby=location&d=10,FINANCIAL ANALYST 3,https://careers.huntingtoningalls.com/job/Pascagoula-FINANCIAL-ANALYST-3-Miss/1411917700,"Syracuse, NY, United States",Syracuse,NY,United States,Not specified,,,,Space & Defense,2026-07-29,2026-07-29,https://careers.huntingtoningalls.com/search?q=&locationsearch=Pascagoula%2C+MS&sortColumn=referencedate&sortDirection=desc&searchby=location&d=10,known_careers_url,4,success
02d8a65d359d,2026-07-29,9aece7086b18,Huntington Ingalls Industries,https://hii.com/,https://careers.huntingtoningalls.com/search?q=&locationsearch=Pascagoula%2C+MS&sortColumn=referencedate&sortDirection=desc&searchby=location&d=10,ENGINEER INDUSTRIAL 1,https://careers.huntingtoningalls.com/job/Pascagoula-ENGINEER-INDUSTRIAL-1-Miss/1393730200,"Syracuse, NY, United States",Syracuse,NY,United States,Not specified,,,,Space & Defense,2026-07-29,2026-07-29,https://careers.huntingtoningalls.com/search?q=&locationsearch=Pascagoula%2C+MS&sortColumn=referencedate&sortDirection=desc&searchby=location&d=10,known_careers_url,4,success
d8a0e084f566,2026-07-29,64d9022f568a,ITT Enidine,https://www.enidine.com/en-US/Home,https://careersenus-itt-inc.icims.com/jobs/search?ss=1&searchRelation=keyword_all,Title R & D Test Technician,https://careersenus-itt-inc.icims.com/jobs/17271/r-%26-d-test-technician/job,"Orchard Park, NY, United States",Orchard Park,NY,United States,Not specified,,,,Space & Defense,2026-07-29,2026-07-29,https://careersenus-itt-inc.icims.com/jobs/search?ss=1&searchRelation=keyword_all,ats_detected,5,success_after_fallback
f00c424bfb2e,2026-07-29,64d9022f568a,ITT Enidine,https://www.enidine.com/en-US/Home,https://careersenus-itt-inc.icims.com/jobs/search?ss=1&searchRelation=keyword_all,Title Product Design Engineer,https://careersenus-itt-inc.icims.com/jobs/17267/product-design-engineer/job,"Orchard Park, NY, United States",Orchard Park,NY,United States,Not specified,20,20,,Space & Defense,2026-07-29,2026-07-29,https://careersenus-itt-inc.icims.com/jobs/search?ss=1&searchRelation=keyword_all,ats_detected,5,success_after_fallback
f2c6c334afc5,2026-07-29,64d9022f568a,ITT Enidine,https://www.enidine.com/en-US/Home,https://careersenus-itt-inc.icims.com/jobs/search?ss=1&searchRelation=keyword_all,Title Assembly Operator II,https://careersenus-itt-inc.icims.com/jobs/17263/assembly-operator-ii/job,"Orchard Park, NY, United States",Orchard Park,NY,United States,Not specified,,,,Space & Defense,2026-07-29,2026-07-29,https://careersenus-itt-inc.icims.com/jobs/search?ss=1&searchRelation=keyword_all,ats_detected,5,success_after_fallback
6ac815b1aef2,2026-07-29,64d9022f568a,ITT Enidine,https://www.enidine.com/en-US/Home,https://careersenus-itt-inc.icims.com/jobs/search?ss=1&searchRelation=keyword_all,Title Assembly Operator,https://careersenus-itt-inc.icims.com/jobs/17262/assembly-operator/job,"Orchard Park, NY, United States",Orchard Park,NY,United States,Not specified,,,,Space & Defense,2026-07-29,2026-07-29,https://careersenus-itt-inc.icims.com/jobs/search?ss=1&searchRelation=keyword_all,ats_detected,5,success_after_fallback
8eac2dfcec39,2026-07-29,64d9022f568a,ITT Enidine,https://www.enidine.com/en-US/Home,https://careersenus-itt-inc.icims.com/jobs/search?ss=1&searchRelation=keyword_all,Title Office Support Specialist,https://careersenus-itt-inc.icims.com/jobs/17249/office-support-specialist/job,"Orchard Park, NY, United States",Orchard Park,NY,United States,Not specified,,,,Space & Defense,2026-07-29,2026-07-29,https://careersenus-itt-inc.icims.com/jobs/search?ss=1&searchRelation=keyword_all,ats_detected,5,success_after_fallback
7741e73b0d6f,2026-07-29,64d9022f568a,ITT Enidine,https://www.enidine.com/en-US/Home,https://careersenus-itt-inc.icims.com/jobs/search?ss=1&searchRelation=keyword_all,Title Product Design Engineer,https://careersenus-itt-inc.icims.com/jobs/17227/product-design-engineer/job,"Orchard Park, NY, United States",Orchard Park,NY,United States,Not specified,,,,Space & Defense,2026-07-29,2026-07-29,https://careersenus-itt-inc.icims.com/jobs/search?ss=1&searchRelation=keyword_all,ats_detected,5,success_after_fallback
f32c465883ac,2026-07-29,64d9022f568a,ITT Enidine,https://www.enidine.com/en-US/Home,https://careersenus-itt-inc.icims.com/jobs/search?ss=1&searchRelation=keyword_all,Title Product Design Engineer,https://careersenus-itt-inc.icims.com/jobs/17225/product-design-engineer/job,"Orchard Park, NY, United States",Orchard Park,NY,United States,Not specified,,,,Space & Defense,2026-07-29,2026-07-29,https://careersenus-itt-inc.icims.com/jobs/search?ss=1&searchRelation=keyword_all,ats_detected,5,success_after_fallback
31676b79267c,2026-07-29,64d9022f568a,ITT Enidine,https://www.enidine.com/en-US/Home,https://careersenus-itt-inc.icims.com/jobs/search?ss=1&searchRelation=keyword_all,Title Senior Product Design Engineer,https://careersenus-itt-inc.icims.com/jobs/17203/senior-product-design-engineer/job,"Orchard Park, NY, United States",Orchard Park,NY,United States,Not specified,,,,Space & Defense,2026-07-29,2026-07-29,https://careersenus-itt-inc.icims.com/jobs/search?ss=1&searchRelation=keyword_all,ats_detected,5,success_after_fallback
e04dbf7473e9,2026-07-29,64d9022f568a,ITT Enidine,https://www.enidine.com/en-US/Home,https://careersenus-itt-inc.icims.com/jobs/search?ss=1&searchRelation=keyword_all,Title Product Assurance Analyst,https://careersenus-itt-inc.icims.com/jobs/17200/product-assurance-analyst/job,"Orchard Park, NY, United States",Orchard Park,NY,United States,Not specified,,,,Space & Defense,2026-07-29,2026-07-29,https://careersenus-itt-inc.icims.com/jobs/search?ss=1&searchRelation=keyword_all,ats_detected,5,success_after_fallback
cdf877a8ad1a,2026-07-29,64d9022f568a,ITT Enidine,https://www.enidine.com/en-US/Home,https://careersenus-itt-inc.icims.com/jobs/search?ss=1&searchRelation=keyword_all,"Title Director, Platform Services",https://careersenus-itt-inc.icims.com/jobs/17194/director%2c-platform-services/job,"Orchard Park, NY, United States",Orchard Park,NY,United States,Hybrid,,,,Space & Defense,2026-07-29,2026-07-29,https://careersenus-itt-inc.icims.com/jobs/search?ss=1&searchRelation=keyword_all,ats_detected,5,success_after_fallback
8fe3828e91d2,2026-07-29,64d9022f568a,ITT Enidine,https://www.enidine.com/en-US/Home,https://careersenus-itt-inc.icims.com/jobs/search?ss=1&searchRelation=keyword_all,Title Trade Compliance Coordinator II,https://careersenus-itt-inc.icims.com/jobs/17168/trade-compliance-coordinator-ii/job,"Orchard Park, NY, United States",Orchard Park,NY,United States,Not specified,,,,Space & Defense,2026-07-29,2026-07-29,https://careersenus-itt-inc.icims.com/jobs/search?ss=1&searchRelation=keyword_all,ats_detected,5,success_after_fallback
cf62009d57a7,2026-07-29,64d9022f568a,ITT Enidine,https://www.enidine.com/en-US/Home,https://careersenus-itt-inc.icims.com/jobs/search?ss=1&searchRelation=keyword_all,"Title Manager, Manufacturing Engineering",https://careersenus-itt-inc.icims.com/jobs/17167/manager%2c-manufacturing-engineering/job,"Orchard Park, NY, United States",Orchard Park,NY,United States,Not specified,,,,Space & Defense,2026-07-29,2026-07-29,https://careersenus-itt-inc.icims.com/jobs/search?ss=1&searchRelation=keyword_all,ats_detected,5,success_after_fallback
1b5d467564d9,2026-07-29,64d9022f568a,ITT Enidine,https://www.enidine.com/en-US/Home,https://careersenus-itt-inc.icims.com/jobs/search?ss=1&searchRelation=keyword_all,Title QA Engineer,https://careersenus-itt-inc.icims.com/jobs/17154/qa-engineer/job,"Orchard Park, NY, United States",Orchard Park,NY,United States,Not specified,,,,Space & Defense,2026-07-29,2026-07-29,https://careersenus-itt-inc.icims.com/jobs/search?ss=1&searchRelation=keyword_all,ats_detected,5,success_after_fallback
ff116143ad75,2026-07-29,64d9022f568a,ITT Enidine,https://www.enidine.com/en-US/Home,https://careersenus-itt-inc.icims.com/jobs/search?ss=1&searchRelation=keyword_all,Title Operations Scheduler,https://careersenus-itt-inc.icims.com/jobs/17152/operations-scheduler/job,"Orchard Park, NY, United States",Orchard Park,NY,United States,Not specified,,,,Space & Defense,2026-07-29,2026-07-29,https://careersenus-itt-inc.icims.com/jobs/search?ss=1&searchRelation=keyword_all,ats_detected,5,success_after_fallback
1e57e5c179a6,2026-07-29,64d9022f568a,ITT Enidine,https://www.enidine.com/en-US/Home,https://careersenus-itt-inc.icims.com/jobs/search?ss=1&searchRelation=keyword_all,Title HR Manager,https://careersenus-itt-inc.icims.com/jobs/17147/hr-manager/job,"Orchard Park, NY, United States",Orchard Park,NY,United States,Not specified,,,,Space & Defense,2026-07-29,2026-07-29,https://careersenus-itt-inc.icims.com/jobs/search?ss=1&searchRelation=keyword_all,ats_detected,5,success_after_fallback
94ff57f1282c,2026-07-29,64d9022f568a,ITT Enidine,https://www.enidine.com/en-US/Home,https://careersenus-itt-inc.icims.com/jobs/search?ss=1&searchRelation=keyword_all,Title Elastomeric Assembly Technician II,https://careersenus-itt-inc.icims.com/jobs/17137/elastomeric-assembly-technician-ii/job,"Orchard Park, NY, United States",Orchard Park,NY,United States,Not specified,,,,Space & Defense,2026-07-29,2026-07-29,https://careersenus-itt-inc.icims.com/jobs/search?ss=1&searchRelation=keyword_all,ats_detected,5,success_after_fallback
2c5aa67114a5,2026-07-29,64d9022f568a,ITT Enidine,https://www.enidine.com/en-US/Home,https://careersenus-itt-inc.icims.com/jobs/search?ss=1&searchRelation=keyword_all,Title Product Design Engineer II,https://careersenus-itt-inc.icims.com/jobs/17132/product-design-engineer-ii/job,"Orchard Park, NY, United States",Orchard Park,NY,United States,Not specified,,,,Space & Defense,2026-07-29,2026-07-29,https://careersenus-itt-inc.icims.com/jobs/search?ss=1&searchRelation=keyword_all,ats_detected,5,success_after_fallback
93043cbc6d6d,2026-07-29,64d9022f568a,ITT Enidine,https://www.enidine.com/en-US/Home,https://careersenus-itt-inc.icims.com/jobs/search?ss=1&searchRelation=keyword_all,Title Operations Scheduling and Control Specialist,https://careersenus-itt-inc.icims.com/jobs/17094/operations-scheduling-and-control-specialist/job,"Orchard Park, NY, United States",Orchard Park,NY,United States,Not specified,,,,Space & Defense,2026-07-29,2026-07-29,https://careersenus-itt-inc.icims.com/jobs/search?ss=1&searchRelation=keyword_all,ats_detected,5,success_after_fallback
937830fbe4cb,2026-07-29,64d9022f568a,ITT Enidine,https://www.enidine.com/en-US/Home,https://careersenus-itt-inc.icims.com/jobs/search?ss=1&searchRelation=keyword_all,Title Global Strategic Supply Manager,https://careersenus-itt-inc.icims.com/jobs/17071/global-strategic-supply-manager/job,"Orchard Park, NY, United States",Orchard Park,NY,United States,Not specified,,,,Space & Defense,2026-07-29,2026-07-29,https://careersenus-itt-inc.icims.com/jobs/search?ss=1&searchRelation=keyword_all,ats_detected,5,success_after_fallback
6d6428f6846a,2026-07-29,64d9022f568a,ITT Enidine,https://www.enidine.com/en-US/Home,https://careersenus-itt-inc.icims.com/jobs/search?ss=1&searchRelation=keyword_all,Title Senior Municipal Applications Engineer,https://careersenus-itt-inc.icims.com/jobs/17060/senior-municipal-applications-engineer/job,"Orchard Park, NY, United States",Orchard Park,NY,United States,Not specified,,,,Space & Defense,2026-07-29,2026-07-29,https://careersenus-itt-inc.icims.com/jobs/search?ss=1&searchRelation=keyword_all,ats_detected,5,success_after_fallback
7596dff7f3a5,2026-07-29,64d9022f568a,ITT Enidine,https://www.enidine.com/en-US/Home,https://careersenus-itt-inc.icims.com/jobs/search?ss=1&searchRelation=keyword_all,Title Inside Sales and Customer Support Specialist,https://careersenus-itt-inc.icims.com/jobs/17058/inside-sales-and-customer-support-specialist/job,"Orchard Park, NY, United States",Orchard Park,NY,United States,Not specified,,,,Space & Defense,2026-07-29,2026-07-29,https://careersenus-itt-inc.icims.com/jobs/search?ss=1&searchRelation=keyword_all,ats_detected,5,success_after_fallback
2cf9c4b22f24,2026-07-29,64d9022f568a,ITT Enidine,https://www.enidine.com/en-US/Home,https://careersenus-itt-inc.icims.com/jobs/search?ss=1&searchRelation=keyword_all,Title Data Manufacturing Engineer,https://careersenus-itt-inc.icims.com/jobs/17034/data-manufacturing-engineer/job,"Orchard Park, NY, United States",Orchard Park,NY,United States,Not specified,,,,Space & Defense,2026-07-29,2026-07-29,https://careersenus-itt-inc.icims.com/jobs/search?ss=1&searchRelation=keyword_all,ats_detected,5,success_after_fallback
44c7c385faa2,2026-07-29,64d9022f568a,ITT Enidine,https://www.enidine.com/en-US/Home,https://careersenus-itt-inc.icims.com/jobs/search?ss=1&searchRelation=keyword_all,Title Operations Scheduler,https://careersenus-itt-inc.icims.com/jobs/17033/operations-scheduler/job,"Orchard Park, NY, United States",Orchard Park,NY,United States,Not specified,,,,Space & Defense,2026-07-29,2026-07-29,https://careersenus-itt-inc.icims.com/jobs/search?ss=1&searchRelation=keyword_all,ats_detected,5,success_after_fallback
ee2ef75fe0c2,2026-07-29,64d9022f568a,ITT Enidine,https://www.enidine.com/en-US/Home,https://careersenus-itt-inc.icims.com/jobs/search?ss=1&searchRelation=keyword_all,Title Quality Technician III,https://careersenus-itt-inc.icims.com/jobs/17024/quality-technician-iii/job,"Orchard Park, NY, United States",Orchard Park,NY,United States,Not specified,,,,Space & Defense,2026-07-29,2026-07-29,https://careersenus-itt-inc.icims.com/jobs/search?ss=1&searchRelation=keyword_all,ats_detected,5,success_after_fallback
d9cca6ac5cb8,2026-07-29,64d9022f568a,ITT Enidine,https://www.enidine.com/en-US/Home,https://careersenus-itt-inc.icims.com/jobs/search?ss=1&searchRelation=keyword_all,"Title Regional Lead, HR Shared Services",https://careersenus-itt-inc.icims.com/jobs/17021/regional-lead%2c-hr-shared-services/job,"Orchard Park, NY, United States",Orchard Park,NY,United States,Not specified,,,,Space & Defense,2026-07-29,2026-07-29,https://careersenus-itt-inc.icims.com/jobs/search?ss=1&searchRelation=keyword_all,ats_detected,5,success_after_fallback
8fade9fab8b1,2026-07-29,64d9022f568a,ITT Enidine,https://www.enidine.com/en-US/Home,https://careersenus-itt-inc.icims.com/jobs/search?ss=1&searchRelation=keyword_all,Title Fabrication Production Manager,https://careersenus-itt-inc.icims.com/jobs/17019/fabrication-production-manager/job,"Orchard Park, NY, United States",Orchard Park,NY,United States,Not specified,,,,Space & Defense,2026-07-29,2026-07-29,https://careersenus-itt-inc.icims.com/jobs/search?ss=1&searchRelation=keyword_all,ats_detected,5,success_after_fallback
08399c93a65d,2026-07-29,64d9022f568a,ITT Enidine,https://www.enidine.com/en-US/Home,https://careersenus-itt-inc.icims.com/jobs/search?ss=1&searchRelation=keyword_all,Title Customer Service Specialist,https://careersenus-itt-inc.icims.com/jobs/17018/customer-service-specialist/job,"Orchard Park, NY, United States",Orchard Park,NY,United States,Not specified,,,,Space & Defense,2026-07-29,2026-07-29,https://careersenus-itt-inc.icims.com/jobs/search?ss=1&searchRelation=keyword_all,ats_detected,5,success_after_fallback
6410ab5ca210,2026-07-29,64d9022f568a,ITT Enidine,https://www.enidine.com/en-US/Home,https://careersenus-itt-inc.icims.com/jobs/search?ss=1&searchRelation=keyword_all,Title Commercial Contract & Risk Specialist,https://careersenus-itt-inc.icims.com/jobs/17005/commercial-contract-%26-risk-specialist/job,"Orchard Park, NY, United States",Orchard Park,NY,United States,Not specified,,,,Space & Defense,2026-07-29,2026-07-29,https://careersenus-itt-inc.icims.com/jobs/search?ss=1&searchRelation=keyword_all,ats_detected,5,success_after_fallback
5ab16ff7b0c5,2026-07-29,64d9022f568a,ITT Enidine,https://www.enidine.com/en-US/Home,https://careersenus-itt-inc.icims.com/jobs/search?ss=1&searchRelation=keyword_all,Title Product Design Engineer,https://careersenus-itt-inc.icims.com/jobs/17003/product-design-engineer/job,"Orchard Park, NY, United States",Orchard Park,NY,United States,Not specified,,,,Space & Defense,2026-07-29,2026-07-29,https://careersenus-itt-inc.icims.com/jobs/search?ss=1&searchRelation=keyword_all,ats_detected,5,success_after_fallback
8d05183bca36,2026-07-29,64d9022f568a,ITT Enidine,https://www.enidine.com/en-US/Home,https://careersenus-itt-inc.icims.com/jobs/search?ss=1&searchRelation=keyword_all,Title Facilities Technician,https://careersenus-itt-inc.icims.com/jobs/17002/facilities-technician/job,"Orchard Park, NY, United States",Orchard Park,NY,United States,Not specified,,,,Space & Defense,2026-07-29,2026-07-29,https://careersenus-itt-inc.icims.com/jobs/search?ss=1&searchRelation=keyword_all,ats_detected,5,success_after_fallback
4c8ac4f7d0ce,2026-07-29,64d9022f568a,ITT Enidine,https://www.enidine.com/en-US/Home,https://careersenus-itt-inc.icims.com/jobs/search?ss=1&searchRelation=keyword_all,Title Customer Program Manager,https://careersenus-itt-inc.icims.com/jobs/16979/customer-program-manager/job,"Orchard Park, NY, United States",Orchard Park,NY,United States,Not specified,,,,Space & Defense,2026-07-29,2026-07-29,https://careersenus-itt-inc.icims.com/jobs/search?ss=1&searchRelation=keyword_all,ats_detected,5,success_after_fallback
0664a7bf6dad,2026-07-29,64d9022f568a,ITT Enidine,https://www.enidine.com/en-US/Home,https://careersenus-itt-inc.icims.com/jobs/search?ss=1&searchRelation=keyword_all,Title Field Applications Engineer – Aerospace & Defense,https://careersenus-itt-inc.icims.com/jobs/16978/field-applications-engineer-%e2%80%93-aerospace-%26-defense/job,"Orchard Park, NY, United States",Orchard Park,NY,United States,Not specified,,,,Space & Defense,2026-07-29,2026-07-29,https://careersenus-itt-inc.icims.com/jobs/search?ss=1&searchRelation=keyword_all,ats_detected,5,success_after_fallback
63309b939168,2026-07-29,64d9022f568a,ITT Enidine,https://www.enidine.com/en-US/Home,https://careersenus-itt-inc.icims.com/jobs/search?ss=1&searchRelation=keyword_all,Title Field Applications Engineer – Aerospace & Defense,https://careersenus-itt-inc.icims.com/jobs/16974/field-applications-engineer-%e2%80%93-aerospace-%26-defense/job,"Orchard Park, NY, United States",Orchard Park,NY,United States,Not specified,,,,Space & Defense,2026-07-29,2026-07-29,https://careersenus-itt-inc.icims.com/jobs/search?ss=1&searchRelation=keyword_all,ats_detected,5,success_after_fallback
0956e0cc2f0b,2026-07-29,64d9022f568a,ITT Enidine,https://www.enidine.com/en-US/Home,https://careersenus-itt-inc.icims.com/jobs/search?ss=1&searchRelation=keyword_all,Title Senior SAP Basis Administrator,https://careersenus-itt-inc.icims.com/jobs/16966/senior-sap-basis-administrator/job,"Orchard Park, NY, United States",Orchard Park,NY,United States,Not specified,,,,Space & Defense,2026-07-29,2026-07-29,https://careersenus-itt-inc.icims.com/jobs/search?ss=1&searchRelation=keyword_all,ats_detected,5,success_after_fallback
dc1bda8d5fbe,2026-07-29,64d9022f568a,ITT Enidine,https://www.enidine.com/en-US/Home,https://careersenus-itt-inc.icims.com/jobs/search?ss=1&searchRelation=keyword_all,Title QA Engineer,https://careersenus-itt-inc.icims.com/jobs/16945/qa-engineer/job,"Orchard Park, NY, United States",Orchard Park,NY,United States,Not specified,,,,Space & Defense,2026-07-29,2026-07-29,https://careersenus-itt-inc.icims.com/jobs/search?ss=1&searchRelation=keyword_all,ats_detected,5,success_after_fallback
59bd901dd181,2026-07-29,64d9022f568a,ITT Enidine,https://www.enidine.com/en-US/Home,https://careersenus-itt-inc.icims.com/jobs/search?ss=1&searchRelation=keyword_all,Title Inside Sales Representative Aftermarket,https://careersenus-itt-inc.icims.com/jobs/16931/inside-sales-representative-aftermarket/job,"Orchard Park, NY, United States",Orchard Park,NY,United States,Not specified,,,,Space & Defense,2026-07-29,2026-07-29,https://careersenus-itt-inc.icims.com/jobs/search?ss=1&searchRelation=keyword_all,ats_detected,5,success_after_fallback
d0c8f7c17fd3,2026-07-29,64d9022f568a,ITT Enidine,https://www.enidine.com/en-US/Home,https://careerschn-itt-inc.icims.com/jobs/search?ss=1&searchRelation=keyword_all,标题 Supplier Development Engineer – VIDAR Motors,https://careerschn-itt-inc.icims.com/jobs/17079/supplier-development-engineer-%e2%80%93-vidar-motors/job,"Orchard Park, NY, United States",Orchard Park,NY,United States,Not specified,,,,Space & Defense,2026-07-29,2026-07-29,https://careerschn-itt-inc.icims.com/jobs/search?ss=1&searchRelation=keyword_all,ats_detected,5,success_after_fallback
a3ded9c96d44,2026-07-29,64d9022f568a,ITT Enidine,https://www.enidine.com/en-US/Home,https://careersger-itt-inc.icims.com/jobs/search?ss=1&searchRelation=keyword_all,Distribution Sales Manager %7C Central Europe,https://careersger-itt-inc.icims.com/jobs/16894/distribution-sales-manager-%7c-central-europe/job,"Orchard Park, NY, United States",Orchard Park,NY,United States,Remote,,,,Space & Defense,2026-07-29,2026-07-29,https://careersger-itt-inc.icims.com/jobs/search?ss=1&searchRelation=keyword_all,ats_detected,5,success_after_fallback
94fe2296fb92,2026-07-29,64d9022f568a,ITT Enidine,https://www.enidine.com/en-US/Home,https://careersger-itt-inc.icims.com/jobs/search?ss=1&searchRelation=keyword_all,Titel Product Manager Automotive After Market & Racing,https://careersger-itt-inc.icims.com/jobs/15454/product-manager-automotive-after-market-%26-racing/job,"Orchard Park, NY, United States",Orchard Park,NY,United States,Not specified,,,,Space & Defense,2026-07-29,2026-07-29,https://careersger-itt-inc.icims.com/jobs/search?ss=1&searchRelation=keyword_all,ats_detected,5,success_after_fallback
f12eb2ff53c9,2026-07-29,64d9022f568a,ITT Enidine,https://www.enidine.com/en-US/Home,https://careersmex-itt-inc.icims.com/jobs/search?ss=1&searchRelation=keyword_all,Cargo Designer,https://careersmex-itt-inc.icims.com/jobs/17178/designer/job,"Orchard Park, NY, United States",Orchard Park,NY,United States,Not specified,,,,Space & Defense,2026-07-29,2026-07-29,https://careersmex-itt-inc.icims.com/jobs/search?ss=1&searchRelation=keyword_all,ats_detected,5,success_after_fallback
3b38b77eaac2,2026-07-29,64d9022f568a,ITT Enidine,https://www.enidine.com/en-US/Home,https://careersmex-itt-inc.icims.com/jobs/search?ss=1&searchRelation=keyword_all,Cargo INTERN/Co-op 1,https://careersmex-itt-inc.icims.com/jobs/17169/intern-co-op-1/job,"Orchard Park, NY, United States",Orchard Park,NY,United States,Not specified,,,,Space & Defense,2026-07-29,2026-07-29,https://careersmex-itt-inc.icims.com/jobs/search?ss=1&searchRelation=keyword_all,ats_detected,5,success_after_fallback
b9d2a71458b9,2026-07-29,64d9022f568a,ITT Enidine,https://www.enidine.com/en-US/Home,https://careersmex-itt-inc.icims.com/jobs/search?ss=1&searchRelation=keyword_all,Cargo Customer Service Analyst,https://careersmex-itt-inc.icims.com/jobs/17113/customer-service-analyst/job,"Orchard Park, NY, United States",Orchard Park,NY,United States,Not specified,,,,Space & Defense,2026-07-29,2026-07-29,https://careersmex-itt-inc.icims.com/jobs/search?ss=1&searchRelation=keyword_all,ats_detected,5,success_after_fallback
50254e6a2252,2026-07-29,64d9022f568a,ITT Enidine,https://www.enidine.com/en-US/Home,https://careersmex-itt-inc.icims.com/jobs/search?ss=1&searchRelation=keyword_all,Cargo INTERN/Co-op 1,https://careersmex-itt-inc.icims.com/jobs/17089/intern-co-op-1/job,"Orchard Park, NY, United States",Orchard Park,NY,United States,Not specified,,,,Space & Defense,2026-07-29,2026-07-29,https://careersmex-itt-inc.icims.com/jobs/search?ss=1&searchRelation=keyword_all,ats_detected,5,success_after_fallback
db184d175990,2026-07-29,64d9022f568a,ITT Enidine,https://www.enidine.com/en-US/Home,https://careersmex-itt-inc.icims.com/jobs/search?ss=1&searchRelation=keyword_all,Cargo Receiving Inspection Technician,https://careersmex-itt-inc.icims.com/jobs/17057/receiving-inspection-technician/job,"Orchard Park, NY, United States",Orchard Park,NY,United States,Not specified,,,,Space & Defense,2026-07-29,2026-07-29,https://careersmex-itt-inc.icims.com/jobs/search?ss=1&searchRelation=keyword_all,ats_detected,5,success_after_fallback
c81b21fa771e,2026-07-29,64d9022f568a,ITT Enidine,https://www.enidine.com/en-US/Home,https://careersmex-itt-inc.icims.com/jobs/search?ss=1&searchRelation=keyword_all,Cargo QA Engineer,https://careersmex-itt-inc.icims.com/jobs/17056/qa-engineer/job,"Orchard Park, NY, United States",Orchard Park,NY,United States,Not specified,,,,Space & Defense,2026-07-29,2026-07-29,https://careersmex-itt-inc.icims.com/jobs/search?ss=1&searchRelation=keyword_all,ats_detected,5,success_after_fallback
0b003e4277a8,2026-07-29,64d9022f568a,ITT Enidine,https://www.enidine.com/en-US/Home,https://careersmex-itt-inc.icims.com/jobs/search?ss=1&searchRelation=keyword_all,Cargo INTERN/Co-op 1,https://careersmex-itt-inc.icims.com/jobs/17036/intern-co-op-1/job,"Orchard Park, NY, United States",Orchard Park,NY,United States,Not specified,,,,Space & Defense,2026-07-29,2026-07-29,https://careersmex-itt-inc.icims.com/jobs/search?ss=1&searchRelation=keyword_all,ats_detected,5,success_after_fallback
dcc4491d78e6,2026-07-29,64d9022f568a,ITT Enidine,https://www.enidine.com/en-US/Home,https://careersmex-itt-inc.icims.com/jobs/search?ss=1&searchRelation=keyword_all,Cargo INTERN/Co-op 1,https://careersmex-itt-inc.icims.com/jobs/17035/intern-co-op-1/job,"Orchard Park, NY, United States",Orchard Park,NY,United States,Not specified,,,,Space & Defense,2026-07-29,2026-07-29,https://careersmex-itt-inc.icims.com/jobs/search?ss=1&searchRelation=keyword_all,ats_detected,5,success_after_fallback
896ecc9b3fe8,2026-07-29,64d9022f568a,ITT Enidine,https://www.enidine.com/en-US/Home,https://careersmex-itt-inc.icims.com/jobs/search?ss=1&searchRelation=keyword_all,"Cargo ""Service Technician II Plating Preventive""",https://careersmex-itt-inc.icims.com/jobs/17016/%22service-technician-ii-plating-preventive%22/job,"Orchard Park, NY, United States",Orchard Park,NY,United States,Not specified,,,,Space & Defense,2026-07-29,2026-07-29,https://careersmex-itt-inc.icims.com/jobs/search?ss=1&searchRelation=keyword_all,ats_detected,5,success_after_fallback
5a194ae03659,2026-07-29,64d9022f568a,ITT Enidine,https://www.enidine.com/en-US/Home,https://careersmex-itt-inc.icims.com/jobs/search?ss=1&searchRelation=keyword_all,Cargo Equipment Operator,https://careersmex-itt-inc.icims.com/jobs/16870/equipment-operator/job,"Orchard Park, NY, United States",Orchard Park,NY,United States,Not specified,,,,Space & Defense,2026-07-29,2026-07-29,https://careersmex-itt-inc.icims.com/jobs/search?ss=1&searchRelation=keyword_all,ats_detected,5,success_after_fallback
fa2220a2e930,2026-07-29,64d9022f568a,ITT Enidine,https://www.enidine.com/en-US/Home,https://careersmex-itt-inc.icims.com/jobs/search?ss=1&searchRelation=keyword_all,Cargo Metrology Technician,https://careersmex-itt-inc.icims.com/jobs/16572/metrology-technician/job,"Orchard Park, NY, United States",Orchard Park,NY,United States,Not specified,,,,Space & Defense,2026-07-29,2026-07-29,https://careersmex-itt-inc.icims.com/jobs/search?ss=1&searchRelation=keyword_all,ats_detected,5,success_after_fallback
dadae87cd5d0,2026-07-29,64d9022f568a,ITT Enidine,https://www.enidine.com/en-US/Home,https://careersmex-itt-inc.icims.com/jobs/search?ss=1&searchRelation=keyword_all,Cargo Service Engineer,https://careersmex-itt-inc.icims.com/jobs/16362/service-engineer/job,"Orchard Park, NY, United States",Orchard Park,NY,United States,Not specified,,,,Space & Defense,2026-07-29,2026-07-29,https://careersmex-itt-inc.icims.com/jobs/search?ss=1&searchRelation=keyword_all,ats_detected,5,success_after_fallback
ad1c497ebe11,2026-07-29,64d9022f568a,ITT Enidine,https://www.enidine.com/en-US/Home,https://careersmex-itt-inc.icims.com/jobs/search?ss=1&searchRelation=keyword_all,Cargo Sales Representative,https://careersmex-itt-inc.icims.com/jobs/15372/sales-representative/job,"Orchard Park, NY, United States",Orchard Park,NY,United States,Not specified,,,,Space & Defense,2026-07-29,2026-07-29,https://careersmex-itt-inc.icims.com/jobs/search?ss=1&searchRelation=keyword_all,ats_detected,5,success_after_fallback
a0f7057cdeb2,2026-07-29,64d9022f568a,ITT Enidine,https://www.enidine.com/en-US/Home,https://careersen-itt-inc.icims.com/jobs/search?ss=1&searchRelation=keyword_all,Title HR Analytics Specialist - maternity cover,https://careersen-itt-inc.icims.com/jobs/17213/hr-analytics-specialist---maternity-cover/job,"Orchard Park, NY, United States",Orchard Park,NY,United States,Not specified,,,,Space & Defense,2026-07-29,2026-07-29,https://careersen-itt-inc.icims.com/jobs/search?ss=1&searchRelation=keyword_all,ats_detected,5,success_after_fallback
74fc9d6e7c00,2026-07-29,64d9022f568a,ITT Enidine,https://www.enidine.com/en-US/Home,https://careersen-itt-inc.icims.com/jobs/search?ss=1&searchRelation=keyword_all,Title Designer,https://careersen-itt-inc.icims.com/jobs/17178/designer/job,"Orchard Park, NY, United States",Orchard Park,NY,United States,Not specified,,,,Space & Defense,2026-07-29,2026-07-29,https://careersen-itt-inc.icims.com/jobs/search?ss=1&searchRelation=keyword_all,ats_detected,5,success_after_fallback
e99ab338454a,2026-07-29,64d9022f568a,ITT Enidine,https://www.enidine.com/en-US/Home,https://careersen-itt-inc.icims.com/jobs/search?ss=1&searchRelation=keyword_all,Title INTERN/Co-op 1,https://careersen-itt-inc.icims.com/jobs/17169/intern-co-op-1/job,"Orchard Park, NY, United States",Orchard Park,NY,United States,Not specified,,,,Space & Defense,2026-07-29,2026-07-29,https://careersen-itt-inc.icims.com/jobs/search?ss=1&searchRelation=keyword_all,ats_detected,5,success_after_fallback
ab029f496844,2026-07-29,64d9022f568a,ITT Enidine,https://www.enidine.com/en-US/Home,https://careersen-itt-inc.icims.com/jobs/search?ss=1&searchRelation=keyword_all,Title Sales Manager,https://careersen-itt-inc.icims.com/jobs/17114/sales-manager/job,"Orchard Park, NY, United States",Orchard Park,NY,United States,Not specified,,,,Space & Defense,2026-07-29,2026-07-29,https://careersen-itt-inc.icims.com/jobs/search?ss=1&searchRelation=keyword_all,ats_detected,5,success_after_fallback
7c10f59eecd9,2026-07-29,64d9022f568a,ITT Enidine,https://www.enidine.com/en-US/Home,https://careersen-itt-inc.icims.com/jobs/search?ss=1&searchRelation=keyword_all,Title Customer Service Analyst,https://careersen-itt-inc.icims.com/jobs/17113/customer-service-analyst/job,"Orchard Park, NY, United States",Orchard Park,NY,United States,Not specified,,,,Space & Defense,2026-07-29,2026-07-29,https://careersen-itt-inc.icims.com/jobs/search?ss=1&searchRelation=keyword_all,ats_detected,5,success_after_fallback
95a33bd00c7e,2026-07-29,64d9022f568a,ITT Enidine,https://www.enidine.com/en-US/Home,https://careersen-itt-inc.icims.com/jobs/search?ss=1&searchRelation=keyword_all,Title INTERN/Co-op 1,https://careersen-itt-inc.icims.com/jobs/17089/intern-co-op-1/job,"Orchard Park, NY, United States",Orchard Park,NY,United States,Not specified,,,,Space & Defense,2026-07-29,2026-07-29,https://careersen-itt-inc.icims.com/jobs/search?ss=1&searchRelation=keyword_all,ats_detected,5,success_after_fallback
7d3be2b92d44,2026-07-29,64d9022f568a,ITT Enidine,https://www.enidine.com/en-US/Home,https://careersen-itt-inc.icims.com/jobs/search?ss=1&searchRelation=keyword_all,Title Supplier Development Engineer – VIDAR Motors,https://careersen-itt-inc.icims.com/jobs/17079/supplier-development-engineer-%e2%80%93-vidar-motors/job,"Orchard Park, NY, United States",Orchard Park,NY,United States,Not specified,,,,Space & Defense,2026-07-29,2026-07-29,https://careersen-itt-inc.icims.com/jobs/search?ss=1&searchRelation=keyword_all,ats_detected,5,success_after_fallback
41163fde7d23,2026-07-29,64d9022f568a,ITT Enidine,https://www.enidine.com/en-US/Home,https://careersen-itt-inc.icims.com/jobs/search?ss=1&searchRelation=keyword_all,Title Talent Insights Analyst,https://careersen-itt-inc.icims.com/jobs/17072/talent-insights-analyst/job,"Orchard Park, NY, United States",Orchard Park,NY,United States,Not specified,,,,Space & Defense,2026-07-29,2026-07-29,https://careersen-itt-inc.icims.com/jobs/search?ss=1&searchRelation=keyword_all,ats_detected,5,success_after_fallback
45a43096654c,2026-07-29,64d9022f568a,ITT Enidine,https://www.enidine.com/en-US/Home,https://careersen-itt-inc.icims.com/jobs/search?ss=1&searchRelation=keyword_all,Title QA Engineer,https://careersen-itt-inc.icims.com/jobs/17056/qa-engineer/job,"Orchard Park, NY, United States",Orchard Park,NY,United States,Not specified,,,,Space & Defense,2026-07-29,2026-07-29,https://careersen-itt-inc.icims.com/jobs/search?ss=1&searchRelation=keyword_all,ats_detected,5,success_after_fallback
8e1b611dbc12,2026-07-29,64d9022f568a,ITT Enidine,https://www.enidine.com/en-US/Home,https://careersen-itt-inc.icims.com/jobs/search?ss=1&searchRelation=keyword_all,Title INTERN/Co-op 1,https://careersen-itt-inc.icims.com/jobs/17036/intern-co-op-1/job,"Orchard Park, NY, United States",Orchard Park,NY,United States,Not specified,,,,Space & Defense,2026-07-29,2026-07-29,https://careersen-itt-inc.icims.com/jobs/search?ss=1&searchRelation=keyword_all,ats_detected,5,success_after_fallback
7ea8ddf63fee,2026-07-29,64d9022f568a,ITT Enidine,https://www.enidine.com/en-US/Home,https://careersen-itt-inc.icims.com/jobs/search?ss=1&searchRelation=keyword_all,Title INTERN/Co-op 1,https://careersen-itt-inc.icims.com/jobs/17035/intern-co-op-1/job,"Orchard Park, NY, United States",Orchard Park,NY,United States,Not specified,,,,Space & Defense,2026-07-29,2026-07-29,https://careersen-itt-inc.icims.com/jobs/search?ss=1&searchRelation=keyword_all,ats_detected,5,success_after_fallback
4399fac2e175,2026-07-29,64d9022f568a,ITT Enidine,https://www.enidine.com/en-US/Home,https://careersen-itt-inc.icims.com/jobs/search?ss=1&searchRelation=keyword_all,"Title ""Service Technician II Plating Preventive""",https://careersen-itt-inc.icims.com/jobs/17016/%22service-technician-ii-plating-preventive%22/job,"Orchard Park, NY, United States",Orchard Park,NY,United States,Not specified,,,,Space & Defense,2026-07-29,2026-07-29,https://careersen-itt-inc.icims.com/jobs/search?ss=1&searchRelation=keyword_all,ats_detected,5,success_after_fallback
11cb2f7e87d6,2026-07-29,64d9022f568a,ITT Enidine,https://www.enidine.com/en-US/Home,https://careersen-itt-inc.icims.com/jobs/search?ss=1&searchRelation=keyword_all,Title Project Engineer P1,https://careersen-itt-inc.icims.com/jobs/16995/project-engineer-p1/job,"Orchard Park, NY, United States",Orchard Park,NY,United States,Not specified,,,,Space & Defense,2026-07-29,2026-07-29,https://careersen-itt-inc.icims.com/jobs/search?ss=1&searchRelation=keyword_all,ats_detected,5,success_after_fallback
4c765ca5b2ee,2026-07-29,64d9022f568a,ITT Enidine,https://www.enidine.com/en-US/Home,https://careersen-itt-inc.icims.com/jobs/search?ss=1&searchRelation=keyword_all,Title Project Design Engineer -P2,https://careersen-itt-inc.icims.com/jobs/16933/project-design-engineer--p2/job,"Orchard Park, NY, United States",Orchard Park,NY,United States,Not specified,,,,Space & Defense,2026-07-29,2026-07-29,https://careersen-itt-inc.icims.com/jobs/search?ss=1&searchRelation=keyword_all,ats_detected,5,success_after_fallback
366ea2ea1aa2,2026-07-29,64d9022f568a,ITT Enidine,https://www.enidine.com/en-US/Home,https://careersen-itt-inc.icims.com/jobs/search?ss=1&searchRelation=keyword_all,Distribution Sales Manager %7C Central Europe,https://careersen-itt-inc.icims.com/jobs/16894/distribution-sales-manager-%7c-central-europe/job,"Orchard Park, NY, United States",Orchard Park,NY,United States,Remote,,,,Space & Defense,2026-07-29,2026-07-29,https://careersen-itt-inc.icims.com/jobs/search?ss=1&searchRelation=keyword_all,ats_detected,5,success_after_fallback
26d199731c45,2026-07-29,64d9022f568a,ITT Enidine,https://www.enidine.com/en-US/Home,https://careersen-itt-inc.icims.com/jobs/search?ss=1&searchRelation=keyword_all,Title Service Engineer,https://careersen-itt-inc.icims.com/jobs/16878/service-engineer/job,"Orchard Park, NY, United States",Orchard Park,NY,United States,Not specified,,,,Space & Defense,2026-07-29,2026-07-29,https://careersen-itt-inc.icims.com/jobs/search?ss=1&searchRelation=keyword_all,ats_detected,5,success_after_fallback
0662767cc8bd,2026-07-29,64d9022f568a,ITT Enidine,https://www.enidine.com/en-US/Home,https://careersen-itt-inc.icims.com/jobs/search?ss=1&searchRelation=keyword_all,Title Service Engineer,https://careersen-itt-inc.icims.com/jobs/16877/service-engineer/job,"Orchard Park, NY, United States",Orchard Park,NY,United States,Not specified,,,,Space & Defense,2026-07-29,2026-07-29,https://careersen-itt-inc.icims.com/jobs/search?ss=1&searchRelation=keyword_all,ats_detected,5,success_after_fallback
1c2a5c657059,2026-07-29,64d9022f568a,ITT Enidine,https://www.enidine.com/en-US/Home,https://careersen-itt-inc.icims.com/jobs/search?ss=1&searchRelation=keyword_all,Title Test Engineer,https://careersen-itt-inc.icims.com/jobs/16876/test-engineer/job,"Orchard Park, NY, United States",Orchard Park,NY,United States,Not specified,,,,Space & Defense,2026-07-29,2026-07-29,https://careersen-itt-inc.icims.com/jobs/search?ss=1&searchRelation=keyword_all,ats_detected,5,success_after_fallback
13b96bef94f6,2026-07-29,64d9022f568a,ITT Enidine,https://www.enidine.com/en-US/Home,https://careersen-itt-inc.icims.com/jobs/search?ss=1&searchRelation=keyword_all,Title Costing / Pricing Analyst,https://careersen-itt-inc.icims.com/jobs/16873/costing---pricing-analyst/job,"Orchard Park, NY, United States",Orchard Park,NY,United States,Not specified,,,,Space & Defense,2026-07-29,2026-07-29,https://careersen-itt-inc.icims.com/jobs/search?ss=1&searchRelation=keyword_all,ats_detected,5,success_after_fallback
396a0e36cc55,2026-07-29,64d9022f568a,ITT Enidine,https://www.enidine.com/en-US/Home,https://careersen-itt-inc.icims.com/jobs/search?ss=1&searchRelation=keyword_all,Title Costing / Pricing Analyst,https://careersen-itt-inc.icims.com/jobs/16872/costing---pricing-analyst/job,"Orchard Park, NY, United States",Orchard Park,NY,United States,Not specified,,,,Space & Defense,2026-07-29,2026-07-29,https://careersen-itt-inc.icims.com/jobs/search?ss=1&searchRelation=keyword_all,ats_detected,5,success_after_fallback
91aa73b5e290,2026-07-29,64d9022f568a,ITT Enidine,https://www.enidine.com/en-US/Home,https://careersen-itt-inc.icims.com/jobs/search?ss=1&searchRelation=keyword_all,Title Global Quality Engineer Lead,https://careersen-itt-inc.icims.com/jobs/16805/global-quality-engineer-lead/job,"Orchard Park, NY, United States",Orchard Park,NY,United States,Not specified,,,,Space & Defense,2026-07-29,2026-07-29,https://careersen-itt-inc.icims.com/jobs/search?ss=1&searchRelation=keyword_all,ats_detected,5,success_after_fallback
54f01b8dbe30,2026-07-29,64d9022f568a,ITT Enidine,https://www.enidine.com/en-US/Home,https://careersen-itt-inc.icims.com/jobs/search?ss=1&searchRelation=keyword_all,Title Application Engineer Railway,https://careersen-itt-inc.icims.com/jobs/16767/application-engineer-railway/job,"Orchard Park, NY, United States",Orchard Park,NY,United States,Not specified,,,,Space & Defense,2026-07-29,2026-07-29,https://careersen-itt-inc.icims.com/jobs/search?ss=1&searchRelation=keyword_all,ats_detected,5,success_after_fallback
a2343af66dc4,2026-07-29,64d9022f568a,ITT Enidine,https://www.enidine.com/en-US/Home,https://careersen-itt-inc.icims.com/jobs/search?ss=1&searchRelation=keyword_all,Title Senior AI/ML Engineer,https://careersen-itt-inc.icims.com/jobs/16717/senior-ai-ml-engineer/job,"Orchard Park, NY, United States",Orchard Park,NY,United States,Not specified,,,,Space & Defense,2026-07-29,2026-07-29,https://careersen-itt-inc.icims.com/jobs/search?ss=1&searchRelation=keyword_all,ats_detected,5,success_after_fallback
b607cc8f9a30,2026-07-29,64d9022f568a,ITT Enidine,https://www.enidine.com/en-US/Home,https://careersen-itt-inc.icims.com/jobs/search?ss=1&searchRelation=keyword_all,Title IT Business Analyst (Application Configuration Specialist),https://careersen-itt-inc.icims.com/jobs/16713/it-business-analyst-%28application-configuration-specialist%29/job,"Orchard Park, NY, United States",Orchard Park,NY,United States,Not specified,,,,Space & Defense,2026-07-29,2026-07-29,https://careersen-itt-inc.icims.com/jobs/search?ss=1&searchRelation=keyword_all,ats_detected,5,success_after_fallback
e2fe533dc463,2026-07-29,64d9022f568a,ITT Enidine,https://www.enidine.com/en-US/Home,https://careersen-itt-inc.icims.com/jobs/search?ss=1&searchRelation=keyword_all,Title Application Engineer (P2),https://careersen-itt-inc.icims.com/jobs/16638/application-engineer-%28p2%29/job,"Orchard Park, NY, United States",Orchard Park,NY,United States,Not specified,,,,Space & Defense,2026-07-29,2026-07-29,https://careersen-itt-inc.icims.com/jobs/search?ss=1&searchRelation=keyword_all,ats_detected,5,success_after_fallback
21a2f01f2905,2026-07-29,64d9022f568a,ITT Enidine,https://www.enidine.com/en-US/Home,https://careersen-itt-inc.icims.com/jobs/search?ss=1&searchRelation=keyword_all,Title Senior Application Engineer,https://careersen-itt-inc.icims.com/jobs/16636/senior-application-engineer/job,"Orchard Park, NY, United States",Orchard Park,NY,United States,Not specified,,,,Space & Defense,2026-07-29,2026-07-29,https://careersen-itt-inc.icims.com/jobs/search?ss=1&searchRelation=keyword_all,ats_detected,5,success_after_fallback
b2d0be131c26,2026-07-29,64d9022f568a,ITT Enidine,https://www.enidine.com/en-US/Home,https://careersen-itt-inc.icims.com/jobs/search?ss=1&searchRelation=keyword_all,Title Global Purchasing & Sourcing Lead,https://careersen-itt-inc.icims.com/jobs/16615/global-purchasing-%26-sourcing-lead/job,"Orchard Park, NY, United States",Orchard Park,NY,United States,Not specified,,,,Space & Defense,2026-07-29,2026-07-29,https://careersen-itt-inc.icims.com/jobs/search?ss=1&searchRelation=keyword_all,ats_detected,5,success_after_fallback
cc2df1818e34,2026-07-29,64d9022f568a,ITT Enidine,https://www.enidine.com/en-US/Home,https://careersen-itt-inc.icims.com/jobs/search?ss=1&searchRelation=keyword_all,Title Metrology Technician,https://careersen-itt-inc.icims.com/jobs/16572/metrology-technician/job,"Orchard Park, NY, United States",Orchard Park,NY,United States,Not specified,,,,Space & Defense,2026-07-29,2026-07-29,https://careersen-itt-inc.icims.com/jobs/search?ss=1&searchRelation=keyword_all,ats_detected,5,success_after_fallback
c9be68aa8a2a,2026-07-29,64d9022f568a,ITT Enidine,https://www.enidine.com/en-US/Home,https://careersen-itt-inc.icims.com/jobs/search?ss=1&searchRelation=keyword_all,Title SAP Senior Business Specialist,https://careersen-itt-inc.icims.com/jobs/16533/sap-senior-business-specialist/job,"Orchard Park, NY, United States",Orchard Park,NY,United States,Not specified,,,,Space & Defense,2026-07-29,2026-07-29,https://careersen-itt-inc.icims.com/jobs/search?ss=1&searchRelation=keyword_all,ats_detected,5,success_after_fallback
8c401a107db2,2026-07-29,64d9022f568a,ITT Enidine,https://www.enidine.com/en-US/Home,https://careersen-itt-inc.icims.com/jobs/search?ss=1&searchRelation=keyword_all,Title Test Engineer,https://careersen-itt-inc.icims.com/jobs/16378/test-engineer/job,"Orchard Park, NY, United States",Orchard Park,NY,United States,Not specified,,,,Space & Defense,2026-07-29,2026-07-29,https://careersen-itt-inc.icims.com/jobs/search?ss=1&searchRelation=keyword_all,ats_detected,5,success_after_fallback
c122fdee3025,2026-07-29,64d9022f568a,ITT Enidine,https://www.enidine.com/en-US/Home,https://careersen-itt-inc.icims.com/jobs/search?ss=1&searchRelation=keyword_all,Title Service Engineer,https://careersen-itt-inc.icims.com/jobs/16362/service-engineer/job,"Orchard Park, NY, United States",Orchard Park,NY,United States,Not specified,,,,Space & Defense,2026-07-29,2026-07-29,https://careersen-itt-inc.icims.com/jobs/search?ss=1&searchRelation=keyword_all,ats_detected,5,success_after_fallback
860ea8f3330d,2026-07-29,64d9022f568a,ITT Enidine,https://www.enidine.com/en-US/Home,https://careersen-itt-inc.icims.com/jobs/search?ss=1&searchRelation=keyword_all,Title Manufacturing Engineer,https://careersen-itt-inc.icims.com/jobs/16080/manufacturing-engineer/job,"Orchard Park, NY, United States",Orchard Park,NY,United States,Not specified,,,,Space & Defense,2026-07-29,2026-07-29,https://careersen-itt-inc.icims.com/jobs/search?ss=1&searchRelation=keyword_all,ats_detected,5,success_after_fallback
ad288983df18,2026-07-29,64d9022f568a,ITT Enidine,https://www.enidine.com/en-US/Home,https://careersen-itt-inc.icims.com/jobs/search?ss=1&searchRelation=keyword_all,Title Product Manager Automotive After Market & Racing,https://careersen-itt-inc.icims.com/jobs/15454/product-manager-automotive-after-market-%26-racing/job,"Orchard Park, NY, United States",Orchard Park,NY,United States,Not specified,,,,Space & Defense,2026-07-29,2026-07-29,https://careersen-itt-inc.icims.com/jobs/search?ss=1&searchRelation=keyword_all,ats_detected,5,success_after_fallback
6b1b979a6787,2026-07-29,64d9022f568a,ITT Enidine,https://www.enidine.com/en-US/Home,https://careersen-itt-inc.icims.com/jobs/search?ss=1&searchRelation=keyword_all,Title Application Engineer,https://careersen-itt-inc.icims.com/jobs/15377/application-engineer/job,"Orchard Park, NY, United States",Orchard Park,NY,United States,Not specified,,,,Space & Defense,2026-07-29,2026-07-29,https://careersen-itt-inc.icims.com/jobs/search?ss=1&searchRelation=keyword_all,ats_detected,5,success_after_fallback
b9759fa6a725,2026-07-29,64d9022f568a,ITT Enidine,https://www.enidine.com/en-US/Home,https://careersen-itt-inc.icims.com/jobs/search?ss=1&searchRelation=keyword_all,Title Sales Representative,https://careersen-itt-inc.icims.com/jobs/15372/sales-representative/job,"Orchard Park, NY, United States",Orchard Park,NY,United States,Not specified,,,,Space & Defense,2026-07-29,2026-07-29,https://careersen-itt-inc.icims.com/jobs/search?ss=1&searchRelation=keyword_all,ats_detected,5,success_after_fallback
3ccf63a35027,2026-07-29,64d9022f568a,ITT Enidine,https://www.enidine.com/en-US/Home,https://careersen-itt-inc.icims.com/jobs/search?ss=1&searchRelation=keyword_all,Title Product Design Engineer,https://careersen-itt-inc.icims.com/jobs/15366/product-design-engineer/job,"Orchard Park, NY, United States",Orchard Park,NY,United States,Not specified,,,,Space & Defense,2026-07-29,2026-07-29,https://careersen-itt-inc.icims.com/jobs/search?ss=1&searchRelation=keyword_all,ats_detected,5,success_after_fallback
94bb4ec31afa,2026-07-29,64d9022f568a,ITT Enidine,https://www.enidine.com/en-US/Home,https://careersen-itt-inc.icims.com/jobs/search?ss=1&searchRelation=keyword_all,Title Application Engineering Lead,https://careersen-itt-inc.icims.com/jobs/15348/application-engineering-lead/job,"Orchard Park, NY, United States",Orchard Park,NY,United States,Not specified,,,,Space & Defense,2026-07-29,2026-07-29,https://careersen-itt-inc.icims.com/jobs/search?ss=1&searchRelation=keyword_all,ats_detected,5,success_after_fallback
65b0c84c859f,2026-07-29,64d9022f568a,ITT Enidine,https://www.enidine.com/en-US/Home,https://careersen-itt-inc.icims.com/jobs/search?ss=1&searchRelation=keyword_all,Title Senior Sales Engineer,https://careersen-itt-inc.icims.com/jobs/14632/senior-sales-engineer/job,"Orchard Park, NY, United States",Orchard Park,NY,United States,Not specified,,,,Space & Defense,2026-07-29,2026-07-29,https://careersen-itt-inc.icims.com/jobs/search?ss=1&searchRelation=keyword_all,ats_detected,5,success_after_fallback
f0ee6849ea4e,2026-07-29,64d9022f568a,ITT Enidine,https://www.enidine.com/en-US/Home,https://careersenus-itt-inc.icims.com/jobs/17271/r-%26-d-test-technician/job,R %26 D Test Technician,https://careersenus-itt-inc.icims.com/jobs/17271/r-%26-d-test-technician/referral,"Orchard Park, NY, United States",Orchard Park,NY,United States,Not specified,,,,Space & Defense,2026-07-29,2026-07-29,https://careersenus-itt-inc.icims.com/jobs/17271/r-%26-d-test-technician/job,ats_detected,5,success_after_fallback
1cf94ddeaf42,2026-07-29,64d9022f568a,ITT Enidine,https://www.enidine.com/en-US/Home,https://careersenus-itt-inc.icims.com/jobs/17267/product-design-engineer/job,Product Design Engineer,https://careersenus-itt-inc.icims.com/jobs/17267/product-design-engineer/referral,"Orchard Park, NY, United States",Orchard Park,NY,United States,Not specified,,,,Space & Defense,2026-07-29,2026-07-29,https://careersenus-itt-inc.icims.com/jobs/17267/product-design-engineer/job,ats_detected,5,success_after_fallback
b41d7e99ca0c,2026-07-29,64d9022f568a,ITT Enidine,https://www.enidine.com/en-US/Home,https://careersenus-itt-inc.icims.com/jobs/17263/assembly-operator-ii/job,Assembly Operator Ii,https://careersenus-itt-inc.icims.com/jobs/17263/assembly-operator-ii/referral,"Orchard Park, NY, United States",Orchard Park,NY,United States,Not specified,,,,Space & Defense,2026-07-29,2026-07-29,https://careersenus-itt-inc.icims.com/jobs/17263/assembly-operator-ii/job,ats_detected,5,success_after_fallback
bc20b2d53b4f,2026-07-29,64d9022f568a,ITT Enidine,https://www.enidine.com/en-US/Home,https://careersenus-itt-inc.icims.com/jobs/17262/assembly-operator/job,Assembly Operator,https://careersenus-itt-inc.icims.com/jobs/17262/assembly-operator/referral,"Orchard Park, NY, United States",Orchard Park,NY,United States,Not specified,,,,Space & Defense,2026-07-29,2026-07-29,https://careersenus-itt-inc.icims.com/jobs/17262/assembly-operator/job,ats_detected,5,success_after_fallback
061f018bfddf,2026-07-29,49a39e5c497b,L3Harris,https://www.l3harris.com/,https://careers.l3harris.com/en,L3Harris Engineering Career Fair Camden Nj,https://careers.l3harris.com/en/job/camden/l3harris-engineering-career-fair-camden-nj/4832/97149012656,"Camden, NJ",Camden,NJ,United States,Not specified,,,,Space & Defense,2026-07-29,2026-07-29,https://careers.l3harris.com/en,known_careers_url,4,success
bb978639386d,2026-07-29,49a39e5c497b,L3Harris,https://www.l3harris.com/,https://careers.l3harris.com/en,L3Harris Engineering Hiring Event Rochester New York,https://careers.l3harris.com/en/job/rochester/l3harris-engineering-hiring-event-rochester-new-york/4832/95994967088,"Rochester, NY",Rochester,NY,United States,Not specified,,,,Space & Defense,2026-07-29,2026-07-29,https://careers.l3harris.com/en,known_careers_url,4,success
8aa7808e8d79,2026-07-29,49a39e5c497b,L3Harris,https://www.l3harris.com/,https://careers.l3harris.com/en,Specialist Optical Engineering,https://careers.l3harris.com/en/job/wilmington/specialist-optical-engineering/4832/98155434160,"Wilmington, Massachusetts",Wilmington,MA,United States,Not specified,,,,Space & Defense,2026-07-29,2026-07-29,https://careers.l3harris.com/en,known_careers_url,4,success
6ee8fe1b2660,2026-07-29,49a39e5c497b,L3Harris,https://www.l3harris.com/,https://careers.l3harris.com/en,Senior Specialist Optical Engineer Ma Up To 20K Sign On Bonus,https://careers.l3harris.com/en/job/wilmington/senior-specialist-optical-engineer-ma-up-to-20k-sign-on-bonus/4832/98101347744,"Wilmington, Massachusetts",Wilmington,MA,United States,Not specified,,,,Space & Defense,2026-07-29,2026-07-29,https://careers.l3harris.com/en,known_careers_url,4,success
b3489a6dbe2b,2026-07-29,49a39e5c497b,L3Harris,https://www.l3harris.com/,https://careers.l3harris.com/en,Scientist Systems Engineering,https://careers.l3harris.com/en/job/rochester/scientist-systems-engineering/4832/98057907792,"Rochester, New York",Rochester,NY,United States,Not specified,,,,Space & Defense,2026-07-29,2026-07-29,https://careers.l3harris.com/en,known_careers_url,4,success
2ccb56de590d,2026-07-29,49a39e5c497b,L3Harris,https://www.l3harris.com/,https://careers.l3harris.com/en/search-jobs,Business Development Lead Central Europe Forcex Division,https://careers.l3harris.com/en/job/england/business-development-lead-central-europe-forcex-division/4832/97910160608,"Greece, NY, United States",Greece,NY,United States,Not specified,,,,Space & Defense,2026-07-29,2026-07-29,https://careers.l3harris.com/en/search-jobs,linked_page,4,success_after_fallback
30e498447676,2026-07-29,49a39e5c497b,L3Harris,https://www.l3harris.com/,https://careers.l3harris.com/en/search-jobs,Business Development Lead Central Europe Forcex Division,https://careers.l3harris.com/en/job/germany/business-development-lead-central-europe-forcex-division/4832/97910160624,"Greece, NY, United States",Greece,NY,United States,Not specified,,,,Space & Defense,2026-07-29,2026-07-29,https://careers.l3harris.com/en/search-jobs,linked_page,4,success_after_fallback
df3e8c51ad7a,2026-07-29,49a39e5c497b,L3Harris,https://www.l3harris.com/,https://careers.l3harris.com/en/search-jobs,Business Development Lead Central Europe Forcex Division,https://careers.l3harris.com/en/job/warsaw/business-development-lead-central-europe-forcex-division/4832/97910160640,"Greece, NY, United States",Greece,NY,United States,Not specified,,,,Space & Defense,2026-07-29,2026-07-29,https://careers.l3harris.com/en/search-jobs,linked_page,4,success_after_fallback
f8aeebd51e0c,2026-07-29,49a39e5c497b,L3Harris,https://www.l3harris.com/,https://careers.l3harris.com/en/search-jobs,Principal Capture Manager,https://careers.l3harris.com/en/job/palm-bay/principal-capture-manager/4832/97880113392,"Palm Bay, Brevard, FL",Palm Bay,FL,United States,Not specified,,,,Space & Defense,2026-07-29,2026-07-29,https://careers.l3harris.com/en/search-jobs,linked_page,4,success_after_fallback
b5b26e0d3e01,2026-07-29,49a39e5c497b,L3Harris,https://www.l3harris.com/,https://careers.l3harris.com/en/search-jobs,Lead Linux Systems Administrator,https://careers.l3harris.com/en/job/west-palm-beach/lead-linux-systems-administrator/4832/97830617696,"West Palm Beach, FL",West Palm Beach,FL,United States,Not specified,,,,Space & Defense,2026-07-29,2026-07-29,https://careers.l3harris.com/en/search-jobs,linked_page,4,success_after_fallback
a112780ab5ef,2026-07-29,49a39e5c497b,L3Harris,https://www.l3harris.com/,https://careers.l3harris.com/en/search-jobs,"SAP Support Analyst Information, Technology Tewkesbury, England",https://careers.l3harris.com/en/job/tewkesbury/sap-support-analyst/4832/97830738656,"Greece, NY, United States",Greece,NY,United States,Not specified,,,,Space & Defense,2026-07-29,2026-07-29,https://careers.l3harris.com/en/search-jobs,linked_page,4,success_after_fallback
616164b16228,2026-07-29,49a39e5c497b,L3Harris,https://www.l3harris.com/,https://careers.l3harris.com/en/search-jobs,"Manufacturing Technician B - 1st Shift Manufacturing Orange, VA",https://careers.l3harris.com/en/job/orange/manufacturing-technician-b-1st-shift/4832/97586697888,"Orange, VA",Orange,VA,United States,Not specified,,,,Space & Defense,2026-07-29,2026-07-29,https://careers.l3harris.com/en/search-jobs,linked_page,4,success_after_fallback
5714d73fe676,2026-07-29,49a39e5c497b,L3Harris,https://www.l3harris.com/,https://careers.l3harris.com/en/search-jobs,Dow Skillbridge Sr Specialist Product Manager,https://careers.l3harris.com/en/job/huntsville/dow-skillbridge-sr-specialist-product-manager/4832/97743364816,"Huntsville, AL",Huntsville,AL,United States,Not specified,,,,Space & Defense,2026-07-29,2026-07-29,https://careers.l3harris.com/en/search-jobs,linked_page,4,success_after_fallback
0fad6396ea19,2026-07-29,49a39e5c497b,L3Harris,https://www.l3harris.com/,https://careers.l3harris.com/en/search-jobs,Sr Specialist Technical Writing,https://careers.l3harris.com/en/job/greenville/sr-specialist-technical-writing-1/4832/97586698336,"Greenville, TX",Greenville,TX,United States,Not specified,,,,Space & Defense,2026-07-29,2026-07-29,https://careers.l3harris.com/en/search-jobs,linked_page,4,success_after_fallback
1f3eeda06329,2026-07-29,49a39e5c497b,L3Harris,https://www.l3harris.com/,https://careers.l3harris.com/en/search-jobs,"Senior Principal, Business Relationship Manager - IT Information, Technology Multiple Locations",https://careers.l3harris.com/en/job/salt-lake-city/senior-principal-business-relationship-manager-it/4832/97526326320,"Greece, NY, United States",Greece,NY,United States,Not specified,,,,Space & Defense,2026-07-29,2026-07-29,https://careers.l3harris.com/en/search-jobs,linked_page,4,success_after_fallback
274f5c35d5a9,2026-07-29,49a39e5c497b,L3Harris,https://www.l3harris.com/,https://careers.l3harris.com/en/job/rochester/l3harris-engineering-hiring-event-rochester-new-york/4832/95994967088,L3Harris Engineering Hiring Event Rochester New York,https://careers.l3harris.com/en/job/rochester/l3harris-engineering-hiring-event-rochester-new-york/4832/search-jobs,"Greece, NY, United States",Greece,NY,United States,Not specified,,,,Space & Defense,2026-07-29,2026-07-29,https://careers.l3harris.com/en/job/rochester/l3harris-engineering-hiring-event-rochester-new-york/4832/95994967088,linked_page,4,success_after_fallback
c33a23e34555,2026-07-29,49a39e5c497b,L3Harris,https://www.l3harris.com/,https://careers.l3harris.com/en/job/rochester/l3harris-engineering-hiring-event-rochester-new-york/4832/95994967088,Specialist Software Engineering,https://careers.l3harris.com/en/job/rochester/specialist-software-engineering/4832/98424215072,"Rochester, New York",Rochester,NY,United States,Not specified,,,,Space & Defense,2026-07-29,2026-07-29,https://careers.l3harris.com/en/job/rochester/l3harris-engineering-hiring-event-rochester-new-york/4832/95994967088,linked_page,4,success_after_fallback
801743bbc81a,2026-07-29,49a39e5c497b,L3Harris,https://www.l3harris.com/,https://careers.l3harris.com/en/job/rochester/l3harris-engineering-hiring-event-rochester-new-york/4832/95994967088,Lead Mechanical Engineer Ny,https://careers.l3harris.com/en/job/rochester/lead-mechanical-engineer-ny/4832/98191352000,"Rochester, New York, Wilmington, Massachusetts",Rochester,NY,United States,Not specified,,,,Space & Defense,2026-07-29,2026-07-29,https://careers.l3harris.com/en/job/rochester/l3harris-engineering-hiring-event-rochester-new-york/4832/95994967088,linked_page,4,success_after_fallback
bcfdabe55ffb,2026-07-29,49a39e5c497b,L3Harris,https://www.l3harris.com/,https://careers.l3harris.com/en/job/rochester/l3harris-engineering-hiring-event-rochester-new-york/4832/95994967088,Sr Assoc Electrical Engrg,https://careers.l3harris.com/en/job/rochester/sr-assoc-electrical-engrg/4832/97569050176,"Rochester, New York",Rochester,NY,United States,Not specified,,,,Space & Defense,2026-07-29,2026-07-29,https://careers.l3harris.com/en/job/rochester/l3harris-engineering-hiring-event-rochester-new-york/4832/95994967088,linked_page,4,success_after_fallback
78a883233a53,2026-07-29,49a39e5c497b,L3Harris,https://www.l3harris.com/,"https://careers.l3harris.com/en/search-jobs?acm=8686208,8679712,62721&alrpm=ALL&ascf=[%7B%22key%22:%22ALL%22,%22value%22:%22%22%7D]",Associate Software Engineer,https://careers.l3harris.com/en/job/herndon/associate-software-engineer/4832/98430374848,"Herndon, VA",Herndon,VA,United States,Not specified,,,,Space & Defense,2026-07-29,2026-07-29,"https://careers.l3harris.com/en/search-jobs?acm=8686208,8679712,62721&alrpm=ALL&ascf=[%7B%22key%22:%22ALL%22,%22value%22:%22%22%7D]",linked_page,4,success_after_fallback
d07d5aae62f6,2026-07-29,49a39e5c497b,L3Harris,https://www.l3harris.com/,"https://careers.l3harris.com/en/search-jobs?acm=8686208,8679712,62721&alrpm=ALL&ascf=[%7B%22key%22:%22ALL%22,%22value%22:%22%22%7D]",Associate Software Development Engineer In Test,https://careers.l3harris.com/en/job/nashville/associate-software-development-engineer-in-test/4832/97143119760,"Nashville, TN",Nashville,TN,United States,Not specified,,,,Space & Defense,2026-07-29,2026-07-29,"https://careers.l3harris.com/en/search-jobs?acm=8686208,8679712,62721&alrpm=ALL&ascf=[%7B%22key%22:%22ALL%22,%22value%22:%22%22%7D]",linked_page,4,success_after_fallback
209e342a1134,2026-07-29,49a39e5c497b,L3Harris,https://www.l3harris.com/,"https://careers.l3harris.com/en/search-jobs?acm=8686208,8679712,62721&alrpm=ALL&ascf=[%7B%22key%22:%22ALL%22,%22value%22:%22%22%7D]",Associate Software Engineer,https://careers.l3harris.com/en/job/greenville/associate-software-engineer/4832/98348330704,"Greenville, TX",Greenville,TX,United States,Not specified,,,,Space & Defense,2026-07-29,2026-07-29,"https://careers.l3harris.com/en/search-jobs?acm=8686208,8679712,62721&alrpm=ALL&ascf=[%7B%22key%22:%22ALL%22,%22value%22:%22%22%7D]",linked_page,4,success_after_fallback
2af529f6adfa,2026-07-29,49a39e5c497b,L3Harris,https://www.l3harris.com/,"https://careers.l3harris.com/en/search-jobs?acm=8686208,8679712,62721&alrpm=ALL&ascf=[%7B%22key%22:%22ALL%22,%22value%22:%22%22%7D]",Associate Software Engineer,https://careers.l3harris.com/en/job/greenville/associate-software-engineer/4832/98348381280,"Greenville, TX",Greenville,TX,United States,Not specified,,,,Space & Defense,2026-07-29,2026-07-29,"https://careers.l3harris.com/en/search-jobs?acm=8686208,8679712,62721&alrpm=ALL&ascf=[%7B%22key%22:%22ALL%22,%22value%22:%22%22%7D]",linked_page,4,success_after_fallback
64542b55a9d1,2026-07-29,49a39e5c497b,L3Harris,https://www.l3harris.com/,"https://careers.l3harris.com/en/search-jobs?acm=8686208,8679712,62721&alrpm=ALL&ascf=[%7B%22key%22:%22ALL%22,%22value%22:%22%22%7D]",Associate Manufacturing Engineer,https://careers.l3harris.com/en/job/camden/associate-manufacturing-engineer/4832/98131110304,"Camden, AR",Camden,AR,United States,Not specified,,,,Space & Defense,2026-07-29,2026-07-29,"https://careers.l3harris.com/en/search-jobs?acm=8686208,8679712,62721&alrpm=ALL&ascf=[%7B%22key%22:%22ALL%22,%22value%22:%22%22%7D]",linked_page,4,success_after_fallback
3e712600abef,2026-07-29,49a39e5c497b,L3Harris,https://www.l3harris.com/,"https://careers.l3harris.com/en/search-jobs?acm=8686208,8679712,62721&alrpm=ALL&ascf=[%7B%22key%22:%22ALL%22,%22value%22:%22%22%7D]",Associate Image Science Engineering,https://careers.l3harris.com/en/job/rochester/associate-image-science-engineering/4832/98185751280,"Rochester, NY",Rochester,NY,United States,Not specified,,,,Space & Defense,2026-07-29,2026-07-29,"https://careers.l3harris.com/en/search-jobs?acm=8686208,8679712,62721&alrpm=ALL&ascf=[%7B%22key%22:%22ALL%22,%22value%22:%22%22%7D]",linked_page,4,success_after_fallback
6ae9764c74fb,2026-07-29,49a39e5c497b,L3Harris,https://www.l3harris.com/,"https://careers.l3harris.com/en/search-jobs?acm=8686208,8679712,62721&alrpm=ALL&ascf=[%7B%22key%22:%22ALL%22,%22value%22:%22%22%7D]",Associate Software Engineer,https://careers.l3harris.com/en/job/palm-bay/associate-software-engineer/4832/98233422816,"Palm Bay, Brevard, FL",Palm Bay,FL,United States,Not specified,,,,Space & Defense,2026-07-29,2026-07-29,"https://careers.l3harris.com/en/search-jobs?acm=8686208,8679712,62721&alrpm=ALL&ascf=[%7B%22key%22:%22ALL%22,%22value%22:%22%22%7D]",linked_page,4,success_after_fallback
bfaa9c181e0c,2026-07-29,49a39e5c497b,L3Harris,https://www.l3harris.com/,"https://careers.l3harris.com/en/search-jobs?acm=8686208,8679712,62721&alrpm=ALL&ascf=[%7B%22key%22:%22ALL%22,%22value%22:%22%22%7D]",Associate Software Engineer,https://careers.l3harris.com/en/job/herndon/associate-software-engineer/4832/98233422784,"Herndon, VA",Herndon,VA,United States,Not specified,,,,Space & Defense,2026-07-29,2026-07-29,"https://careers.l3harris.com/en/search-jobs?acm=8686208,8679712,62721&alrpm=ALL&ascf=[%7B%22key%22:%22ALL%22,%22value%22:%22%22%7D]",linked_page,4,success_after_fallback
b444d46c3ca1,2026-07-29,49a39e5c497b,L3Harris,https://www.l3harris.com/,"https://careers.l3harris.com/en/search-jobs?acm=8686208,8679712,62721&alrpm=ALL&ascf=[%7B%22key%22:%22ALL%22,%22value%22:%22%22%7D]",Associate Software Engineering,https://careers.l3harris.com/en/job/huntsville/associate-software-engineering/4832/98131110320,"Huntsville, AL",Huntsville,AL,United States,Not specified,,,,Space & Defense,2026-07-29,2026-07-29,"https://careers.l3harris.com/en/search-jobs?acm=8686208,8679712,62721&alrpm=ALL&ascf=[%7B%22key%22:%22ALL%22,%22value%22:%22%22%7D]",linked_page,4,success_after_fallback
dfd3f802fb68,2026-07-29,49a39e5c497b,L3Harris,https://www.l3harris.com/,"https://careers.l3harris.com/en/search-jobs?acm=8686208,8679712,62721&alrpm=ALL&ascf=[%7B%22key%22:%22ALL%22,%22value%22:%22%22%7D]",Associate Program Finance Palm Bay Fl,https://careers.l3harris.com/en/job/palm-bay/associate-program-finance-palm-bay-fl/4832/98430375056,"Palm Bay, Brevard, FL",Palm Bay,FL,United States,Not specified,,,,Space & Defense,2026-07-29,2026-07-29,"https://careers.l3harris.com/en/search-jobs?acm=8686208,8679712,62721&alrpm=ALL&ascf=[%7B%22key%22:%22ALL%22,%22value%22:%22%22%7D]",linked_page,4,success_after_fallback
363146220cf7,2026-07-29,49a39e5c497b,L3Harris,https://www.l3harris.com/,"https://careers.l3harris.com/en/search-jobs?acm=8686208,8679712,62721&alrpm=ALL&ascf=[%7B%22key%22:%22ALL%22,%22value%22:%22%22%7D]",Associate Communications,https://careers.l3harris.com/en/job/palm-bay/associate-communications/4832/98430374960,"Palm Bay, Brevard, FL",Palm Bay,FL,United States,Not specified,,,,Space & Defense,2026-07-29,2026-07-29,"https://careers.l3harris.com/en/search-jobs?acm=8686208,8679712,62721&alrpm=ALL&ascf=[%7B%22key%22:%22ALL%22,%22value%22:%22%22%7D]",linked_page,4,success_after_fallback
9d32cf8eee9f,2026-07-29,49a39e5c497b,L3Harris,https://www.l3harris.com/,"https://careers.l3harris.com/en/search-jobs?acm=8686208,8679712,62721&alrpm=ALL&ascf=[%7B%22key%22:%22ALL%22,%22value%22:%22%22%7D]",Associate It Security Analyst,https://careers.l3harris.com/en/job/melbourne/associate-it-security-analyst/4832/98424215056,"Melbourne, FL",Melbourne,FL,United States,Not specified,,,,Space & Defense,2026-07-29,2026-07-29,"https://careers.l3harris.com/en/search-jobs?acm=8686208,8679712,62721&alrpm=ALL&ascf=[%7B%22key%22:%22ALL%22,%22value%22:%22%22%7D]",linked_page,4,success_after_fallback
aadfb78e3632,2026-07-29,49a39e5c497b,L3Harris,https://www.l3harris.com/,"https://careers.l3harris.com/en/search-jobs?acm=8686208,8679712,62721&alrpm=ALL&ascf=[%7B%22key%22:%22ALL%22,%22value%22:%22%22%7D]",Associate Software Engineer,https://careers.l3harris.com/en/job/herndon/associate-software-engineer/4832/98424215024,"Herndon, VA",Herndon,VA,United States,Not specified,,,,Space & Defense,2026-07-29,2026-07-29,"https://careers.l3harris.com/en/search-jobs?acm=8686208,8679712,62721&alrpm=ALL&ascf=[%7B%22key%22:%22ALL%22,%22value%22:%22%22%7D]",linked_page,4,success_after_fallback
e7bdb59eac08,2026-07-29,49a39e5c497b,L3Harris,https://www.l3harris.com/,"https://careers.l3harris.com/en/search-jobs?acm=8686208,8679712,62721&alrpm=ALL&ascf=[%7B%22key%22:%22ALL%22,%22value%22:%22%22%7D]",Associate Manufacturing Engineering,https://careers.l3harris.com/en/job/rochester/associate-manufacturing-engineering/4832/98424214992,"Rochester, NY",Rochester,NY,United States,Not specified,,,,Space & Defense,2026-07-29,2026-07-29,"https://careers.l3harris.com/en/search-jobs?acm=8686208,8679712,62721&alrpm=ALL&ascf=[%7B%22key%22:%22ALL%22,%22value%22:%22%22%7D]",linked_page,4,success_after_fallback
af8fbf0eb52d,2026-07-29,49a39e5c497b,L3Harris,https://www.l3harris.com/,"https://careers.l3harris.com/en/search-jobs?acm=8686208,8679712,62721&alrpm=ALL&ascf=[%7B%22key%22:%22ALL%22,%22value%22:%22%22%7D]",Associate Quality Engineering Redmond Wa,https://careers.l3harris.com/en/job/redmond/associate-quality-engineering-redmond-wa/4832/96831253504,"Redmond, WA",Redmond,WA,United States,Not specified,,,,Space & Defense,2026-07-29,2026-07-29,"https://careers.l3harris.com/en/search-jobs?acm=8686208,8679712,62721&alrpm=ALL&ascf=[%7B%22key%22:%22ALL%22,%22value%22:%22%22%7D]",linked_page,4,success_after_fallback
9d9320f82e65,2026-07-29,49a39e5c497b,L3Harris,https://www.l3harris.com/,https://careers.l3harris.com/en/job/camden/l3harris-engineering-career-fair-camden-nj/4832/97149012656,L3Harris Engineering Career Fair Camden Nj,https://careers.l3harris.com/en/job/camden/l3harris-engineering-career-fair-camden-nj/4832/search-jobs,"Greece, NY, United States",Greece,NY,United States,Not specified,,,,Space & Defense,2026-07-29,2026-07-29,https://careers.l3harris.com/en/job/camden/l3harris-engineering-career-fair-camden-nj/4832/97149012656,linked_page,4,success_after_fallback
f256fa0b0250,2026-07-29,49a39e5c497b,L3Harris,https://www.l3harris.com/,https://careers.l3harris.com/en/job/camden/l3harris-engineering-career-fair-camden-nj/4832/97149012656,Supervisor Operations Management,https://careers.l3harris.com/en/job/camden/supervisor-operations-management/4832/98377892272,"Camden, New Jersey",Camden,NJ,United States,Not specified,,,,Space & Defense,2026-07-29,2026-07-29,https://careers.l3harris.com/en/job/camden/l3harris-engineering-career-fair-camden-nj/4832/97149012656,linked_page,4,success_after_fallback
267c4aede40e,2026-07-29,49a39e5c497b,L3Harris,https://www.l3harris.com/,https://careers.l3harris.com/en/job/camden/l3harris-engineering-career-fair-camden-nj/4832/97149012656,Assoc Manager Manufacturing Engineering,https://careers.l3harris.com/en/job/camden/assoc-manager-manufacturing-engineering/4832/97860023728,"Camden, New Jersey",Camden,NJ,United States,Not specified,,,,Space & Defense,2026-07-29,2026-07-29,https://careers.l3harris.com/en/job/camden/l3harris-engineering-career-fair-camden-nj/4832/97149012656,linked_page,4,success_after_fallback
f1f8fe3e6a61,2026-07-29,49a39e5c497b,L3Harris,https://www.l3harris.com/,https://careers.l3harris.com/en/job/camden/l3harris-engineering-career-fair-camden-nj/4832/97149012656,Supervisor Operations Management,https://careers.l3harris.com/en/job/camden/supervisor-operations-management/4832/96519773872,"Camden, New Jersey",Camden,NJ,United States,Not specified,,,,Space & Defense,2026-07-29,2026-07-29,https://careers.l3harris.com/en/job/camden/l3harris-engineering-career-fair-camden-nj/4832/97149012656,linked_page,4,success_after_fallback
05ed50814fd2,2026-07-29,49a39e5c497b,L3Harris,https://www.l3harris.com/,https://careers.l3harris.com/en/job/huntsville/l3harris-career-fair-huntsville-al/4832/97208729920,"L3Harris Career Fair - Huntsville, AL",https://careers.l3harris.com/en/job/huntsville/l3harris-career-fair-huntsville-al/4832/97208729920,"Huntsville, AL, US",Huntsville,AL,United States,Not specified,,,,Space & Defense,2026-07-29,2026-07-29,https://careers.l3harris.com/en/job/huntsville/l3harris-career-fair-huntsville-al/4832/97208729920,linked_page,3,success_after_fallback
62c0095e5d2f,2026-07-29,49a39e5c497b,L3Harris,https://www.l3harris.com/,https://careers.l3harris.com/en/job/huntsville/l3harris-career-fair-huntsville-al/4832/97208729920,Senior Specialist Manufacturing Engineer Composites,https://careers.l3harris.com/en/job/huntsville/senior-specialist-manufacturing-engineer-composites/4832/97743364912,"Huntsville, Alabama",Huntsville,AL,United States,Not specified,,,,Space & Defense,2026-07-29,2026-07-29,https://careers.l3harris.com/en/job/huntsville/l3harris-career-fair-huntsville-al/4832/97208729920,linked_page,4,success_after_fallback
80c67064a92d,2026-07-29,49a39e5c497b,L3Harris,https://www.l3harris.com/,https://careers.l3harris.com/en/job/huntsville/l3harris-career-fair-huntsville-al/4832/97208729920,Senior Specialist Manufacturing Engineer Compression Molding,https://careers.l3harris.com/en/job/huntsville/senior-specialist-manufacturing-engineer-compression-molding/4832/96537159264,"Huntsville, Alabama",Huntsville,AL,United States,Not specified,,,,Space & Defense,2026-07-29,2026-07-29,https://careers.l3harris.com/en/job/huntsville/l3harris-career-fair-huntsville-al/4832/97208729920,linked_page,4,success_after_fallback
ccf53cb4665d,2026-07-29,49a39e5c497b,L3Harris,https://www.l3harris.com/,https://careers.l3harris.com/en/job/huntsville/l3harris-career-fair-huntsville-al/4832/97208729920,Lead Composite Manufacturing Engineer,https://careers.l3harris.com/en/job/huntsville/lead-composite-manufacturing-engineer/4832/96537158800,"Huntsville, Alabama",Huntsville,AL,United States,Not specified,,,,Space & Defense,2026-07-29,2026-07-29,https://careers.l3harris.com/en/job/huntsville/l3harris-career-fair-huntsville-al/4832/97208729920,linked_page,4,success_after_fallback
3e3e484cdf29,2026-07-29,49a39e5c497b,L3Harris,https://www.l3harris.com/,https://careers.l3harris.com/en/job/huntsville/l3harris-career-fair-huntsville-al/4832/97208729920,Specialist Manufacturing Engineer Composites,https://careers.l3harris.com/en/job/huntsville/specialist-manufacturing-engineer-composites/4832/96525257600,"Huntsville, Alabama",Huntsville,AL,United States,Not specified,,,,Space & Defense,2026-07-29,2026-07-29,https://careers.l3harris.com/en/job/huntsville/l3harris-career-fair-huntsville-al/4832/97208729920,linked_page,4,success_after_fallback
c948c38272e7,2026-07-29,b5d41f3f3457,Lockheed Martin,https://www.lockheedmartin.com/,https://www.lockheedmartin.com/en-us/careers/candidates/students-early-careers.html,Meet our Interns,https://www.lockheedmartin.com/en-us/careers/life-at-lm/2023/early-career-lessons-learned.html,"Ballston Spa, NY, United States",Ballston Spa,NY,United States,Not specified,,,,Space & Defense,2026-07-29,2026-07-29,https://www.lockheedmartin.com/en-us/careers/candidates/students-early-careers.html,linked_page,4,success_after_fallback
1a9f2b6c922b,2026-07-29,b5d41f3f3457,Lockheed Martin,https://www.lockheedmartin.com/,https://www.lockheedmartin.com/en-us/careers/candidates/students-early-careers/high-school.html,Top Engineers Influence Top Gun,https://www.lockheedmartin.com/en-us/careers/life-at-lm/2023/top-gun-movie.html,"Ballston Spa, NY, United States",Ballston Spa,NY,United States,Not specified,,,,Space & Defense,2026-07-29,2026-07-29,https://www.lockheedmartin.com/en-us/careers/candidates/students-early-careers/high-school.html,linked_page,4,success_after_fallback
9230d58a3938,2026-07-29,6f56721ec5b5,Lourdes Industries,https://lourdesinc.com/,https://lourdesinc.com/careers,Mechanical Assembler - III--Aerospace,https://lourdesinc.com/careers/d26f76c0a28557fd/mechanical-assembler-iii-aerospace,"📍 Hauppauge, NY",📍 Hauppauge,NY,United States,Not specified,,,,Space & Defense,2026-07-29,2026-07-29,https://lourdesinc.com/careers,known_careers_url,3,success
cbaad79a0517,2026-07-29,6f56721ec5b5,Lourdes Industries,https://lourdesinc.com/,https://lourdesinc.com/careers,Sr. Accountant-Aerospace,https://lourdesinc.com/careers/22a4593a5d637f40/sr-accountant-aerospace,"📍 Hauppauge, NY",📍 Hauppauge,NY,United States,Not specified,,,,Space & Defense,2026-07-29,2026-07-29,https://lourdesinc.com/careers,known_careers_url,3,success
0651848ec813,2026-07-29,ee835297a5f7,Magellan Aerospace,https://magellan.aero/,https://careers.magellan.aero/search?createNewAlert=false&q=&locationsearch=&optionsFacetsDD_department=,Quality Assurance Administrator,https://careers.magellan.aero/job/West-Babylon-Quality-Assurance-Administrator-NY-11704/603932917,"Bohemia, NY, United States",Bohemia,NY,United States,Not specified,,,,Core Space,2026-07-29,2026-07-29,https://careers.magellan.aero/search?createNewAlert=false&q=&locationsearch=&optionsFacetsDD_department=,linked_page,4,success_after_fallback
fbf245b7cc8d,2026-07-29,ee835297a5f7,Magellan Aerospace,https://magellan.aero/,https://careers.magellan.aero/search?createNewAlert=false&q=&locationsearch=&optionsFacetsDD_department=,General Maintenance Technician,https://careers.magellan.aero/job/Winnipeg-General-Maintenance-Technician-MB-R3H-0S5/603025717,"Bohemia, NY, United States",Bohemia,NY,United States,Not specified,,,,Core Space,2026-07-29,2026-07-29,https://careers.magellan.aero/search?createNewAlert=false&q=&locationsearch=&optionsFacetsDD_department=,linked_page,4,success_after_fallback
bcac4269d7ca,2026-07-29,ee835297a5f7,Magellan Aerospace,https://magellan.aero/,https://careers.magellan.aero/search?createNewAlert=false&q=&locationsearch=&optionsFacetsDD_department=,Materials Control Manager,https://careers.magellan.aero/job/Mississauga-Materials-Control-Manager-ON-L4T-1A9/599540917,"Bohemia, NY, United States",Bohemia,NY,United States,Not specified,,,,Core Space,2026-07-29,2026-07-29,https://careers.magellan.aero/search?createNewAlert=false&q=&locationsearch=&optionsFacetsDD_department=,linked_page,4,success_after_fallback
db4d1d39c828,2026-07-29,ee835297a5f7,Magellan Aerospace,https://magellan.aero/,https://careers.magellan.aero/search?createNewAlert=false&q=&locationsearch=&optionsFacetsDD_department=,Tax Manager,https://careers.magellan.aero/job/Mississauga-Tax-Manager-ON-L4T-1A9/603893417,"Bohemia, NY, United States",Bohemia,NY,United States,Not specified,,,,Core Space,2026-07-29,2026-07-29,https://careers.magellan.aero/search?createNewAlert=false&q=&locationsearch=&optionsFacetsDD_department=,linked_page,4,success_after_fallback
766de45c86ca,2026-07-29,ee835297a5f7,Magellan Aerospace,https://magellan.aero/,https://careers.magellan.aero/search?createNewAlert=false&q=&locationsearch=&optionsFacetsDD_department=,Financial Analyst (3 Months Contract),https://careers.magellan.aero/job/Mississauga-Financial-Analyst-%283-Months-Contract%29-ON-L4T-1A9/603893317,"Bohemia, NY, United States",Bohemia,NY,United States,Not specified,,,,Core Space,2026-07-29,2026-07-29,https://careers.magellan.aero/search?createNewAlert=false&q=&locationsearch=&optionsFacetsDD_department=,linked_page,4,success_after_fallback
ddff5f57f17a,2026-07-29,ee835297a5f7,Magellan Aerospace,https://magellan.aero/,https://careers.magellan.aero/search?createNewAlert=false&q=&locationsearch=&optionsFacetsDD_department=,Abrasive Blast Technician,https://careers.magellan.aero/job/West-Babylon-Abrasive-Blast-Technician-NY-11704/600351817,"Bohemia, NY, United States",Bohemia,NY,United States,Not specified,,,,Core Space,2026-07-29,2026-07-29,https://careers.magellan.aero/search?createNewAlert=false&q=&locationsearch=&optionsFacetsDD_department=,linked_page,4,success_after_fallback
30637ea26d69,2026-07-29,ee835297a5f7,Magellan Aerospace,https://magellan.aero/,https://careers.magellan.aero/search?createNewAlert=false&q=&locationsearch=&optionsFacetsDD_department=,Anodize/ Plater Operator (Night Shift),https://careers.magellan.aero/job/West-Babylon_-NY-Anodize-Plater-Operator-%28Night-Shift%29-NY-11704/602013317,"Bohemia, NY, United States",Bohemia,NY,United States,Not specified,,,,Core Space,2026-07-29,2026-07-29,https://careers.magellan.aero/search?createNewAlert=false&q=&locationsearch=&optionsFacetsDD_department=,linked_page,4,success_after_fallback
062cf3c275eb,2026-07-29,ee835297a5f7,Magellan Aerospace,https://magellan.aero/,https://careers.magellan.aero/search?createNewAlert=false&q=&locationsearch=&optionsFacetsDD_department=,Shipping and Receiving Traffic Coordinator,https://careers.magellan.aero/job/Middletown-Shipping-and-Receiving-Traffic-Coordinator-OH-45042/599801817,"Bohemia, NY, United States",Bohemia,NY,United States,Not specified,,,,Core Space,2026-07-29,2026-07-29,https://careers.magellan.aero/search?createNewAlert=false&q=&locationsearch=&optionsFacetsDD_department=,linked_page,4,success_after_fallback
ec717ebe2e87,2026-07-29,c67c1581a301,Mini Circuits Brooklyn,https://www.minicircuits.com/,https://jobs.jobvite.com/mini-circuits/jobs/positions,Engineering Pipeline,https://jobs.jobvite.com/mini-circuits/jobs/pipeline,"Brooklyn, NY, United States",Brooklyn,NY,United States,Not specified,,,,Core Space,2026-07-29,2026-07-29,https://jobs.jobvite.com/mini-circuits/jobs/positions,known_careers_url,4,success
6e74b6f1efe0,2026-07-29,c67c1581a301,Mini Circuits Brooklyn,https://www.minicircuits.com/,https://jobs.jobvite.com/mini-circuits/jobs/positions,Field Applications Engineer - West Coast,https://jobs.jobvite.com/mini-circuits/job/o9l3zfwQ,"Remote, California",Remote,CA,United States,Remote,,,,Core Space,2026-07-29,2026-07-29,https://jobs.jobvite.com/mini-circuits/jobs/positions,known_careers_url,4,success
913280d599b2,2026-07-29,c67c1581a301,Mini Circuits Brooklyn,https://www.minicircuits.com/,https://jobs.jobvite.com/mini-circuits/jobs/positions,Field Applications Engineer NA Central,https://jobs.jobvite.com/mini-circuits/job/oaGmAfww,"Remote, New York",Remote,NY,United States,Remote,,,,Core Space,2026-07-29,2026-07-29,https://jobs.jobvite.com/mini-circuits/jobs/positions,known_careers_url,4,success
63ccd17985b7,2026-07-29,c67c1581a301,Mini Circuits Brooklyn,https://www.minicircuits.com/,https://jobs.jobvite.com/mini-circuits/jobs/positions,Micro-Inspection Product Controller,https://jobs.jobvite.com/mini-circuits/job/omi7zfw4,"Deer Park, New York",Deer Park,NY,United States,Not specified,,,,Core Space,2026-07-29,2026-07-29,https://jobs.jobvite.com/mini-circuits/jobs/positions,known_careers_url,4,success
ce59b6ee18c5,2026-07-29,c67c1581a301,Mini Circuits Brooklyn,https://www.minicircuits.com/,https://jobs.jobvite.com/mini-circuits/jobs/positions,RF Technician I,https://jobs.jobvite.com/mini-circuits/job/oq5vAfwk,"Deer Park, New York",Deer Park,NY,United States,Not specified,,,,Core Space,2026-07-29,2026-07-29,https://jobs.jobvite.com/mini-circuits/jobs/positions,known_careers_url,4,success
3cab2ab376c8,2026-07-29,c67c1581a301,Mini Circuits Brooklyn,https://www.minicircuits.com/,https://jobs.jobvite.com/mini-circuits/jobs/positions,Senior Manager Environmental Health & Safety,https://jobs.jobvite.com/mini-circuits/job/od4qAfw1,"Deer Park, New York",Deer Park,NY,United States,Not specified,,,,Core Space,2026-07-29,2026-07-29,https://jobs.jobvite.com/mini-circuits/jobs/positions,known_careers_url,4,success
ff326000f6a1,2026-07-29,c67c1581a301,Mini Circuits Brooklyn,https://www.minicircuits.com/,https://jobs.jobvite.com/mini-circuits/jobs/positions,Engineer Operations Manager - DBU,https://jobs.jobvite.com/mini-circuits/job/o9R8zfwr,"Melville, New York",Melville,NY,United States,Not specified,,,,Core Space,2026-07-29,2026-07-29,https://jobs.jobvite.com/mini-circuits/jobs/positions,known_careers_url,4,success
e53c88000823,2026-07-29,c67c1581a301,Mini Circuits Brooklyn,https://www.minicircuits.com/,https://jobs.jobvite.com/mini-circuits/jobs/positions,Engineering Project Manager II,https://jobs.jobvite.com/mini-circuits/job/ok9Izfwu,"Melville, New York",Melville,NY,United States,Not specified,,,,Core Space,2026-07-29,2026-07-29,https://jobs.jobvite.com/mini-circuits/jobs/positions,known_careers_url,4,success
cad7ef9c7bf2,2026-07-29,c67c1581a301,Mini Circuits Brooklyn,https://www.minicircuits.com/,https://jobs.jobvite.com/mini-circuits/jobs/positions,RF Design Engineer I,https://jobs.jobvite.com/mini-circuits/job/oaJjAfww,"Hialeah, Florida",Hialeah,FL,United States,Not specified,,,,Core Space,2026-07-29,2026-07-29,https://jobs.jobvite.com/mini-circuits/jobs/positions,known_careers_url,4,success
fd6473f727d6,2026-07-29,c67c1581a301,Mini Circuits Brooklyn,https://www.minicircuits.com/,https://jobs.jobvite.com/mini-circuits/jobs/positions,Senior Manager of Design Engineering,https://jobs.jobvite.com/mini-circuits/job/ocTgvfwA,"Hialeah, Florida",Hialeah,FL,United States,Not specified,,,,Core Space,2026-07-29,2026-07-29,https://jobs.jobvite.com/mini-circuits/jobs/positions,known_careers_url,4,success
708c76c41cf3,2026-07-29,c67c1581a301,Mini Circuits Brooklyn,https://www.minicircuits.com/,https://jobs.jobvite.com/mini-circuits/jobs/positions,Senior Product Engineer,https://jobs.jobvite.com/mini-circuits/job/omwuzfwF,"Hialeah, Florida",Hialeah,FL,United States,Not specified,,,,Core Space,2026-07-29,2026-07-29,https://jobs.jobvite.com/mini-circuits/jobs/positions,known_careers_url,4,success
563a04aebf6a,2026-07-29,c67c1581a301,Mini Circuits Brooklyn,https://www.minicircuits.com/,https://jobs.jobvite.com/mini-circuits/jobs/positions,Senior Project Manager,https://jobs.jobvite.com/mini-circuits/job/o9dlAfw1,"Hialeah, Florida",Hialeah,FL,United States,Not specified,,,,Core Space,2026-07-29,2026-07-29,https://jobs.jobvite.com/mini-circuits/jobs/positions,known_careers_url,4,success
cced1bd3bb9a,2026-07-29,c67c1581a301,Mini Circuits Brooklyn,https://www.minicircuits.com/,https://jobs.jobvite.com/mini-circuits/jobs/positions,Engineering Manager,https://jobs.jobvite.com/mini-circuits/job/o856zfwC,"Melville, New York",Melville,NY,United States,Not specified,,,,Core Space,2026-07-29,2026-07-29,https://jobs.jobvite.com/mini-circuits/jobs/positions,known_careers_url,4,success
a156d077534b,2026-07-29,c67c1581a301,Mini Circuits Brooklyn,https://www.minicircuits.com/,https://jobs.jobvite.com/mini-circuits/jobs/positions,Principal Design Engineer,https://jobs.jobvite.com/mini-circuits/job/oML0zfwQ,"Carlsbad, California",Carlsbad,CA,United States,Not specified,,,,Core Space,2026-07-29,2026-07-29,https://jobs.jobvite.com/mini-circuits/jobs/positions,known_careers_url,4,success
ad4046e78f2f,2026-07-29,c67c1581a301,Mini Circuits Brooklyn,https://www.minicircuits.com/,https://jobs.jobvite.com/mini-circuits/jobs/positions,RF Test Engineer - MMIC,https://jobs.jobvite.com/mini-circuits/job/oaxwAfwx,"Carlsbad, California",Carlsbad,CA,United States,Not specified,,,,Core Space,2026-07-29,2026-07-29,https://jobs.jobvite.com/mini-circuits/jobs/positions,known_careers_url,4,success
f58acd793692,2026-07-29,c67c1581a301,Mini Circuits Brooklyn,https://www.minicircuits.com/,https://jobs.jobvite.com/mini-circuits/jobs/positions,Development Test Engineer II,https://jobs.jobvite.com/mini-circuits/job/ofhVzfwK,"Brooklyn, New York",Brooklyn,NY,United States,Not specified,,,,Core Space,2026-07-29,2026-07-29,https://jobs.jobvite.com/mini-circuits/jobs/positions,known_careers_url,4,success
95fd8732f9fe,2026-07-29,c67c1581a301,Mini Circuits Brooklyn,https://www.minicircuits.com/,https://jobs.jobvite.com/mini-circuits/jobs/positions,PCB Designer II - MMIC,https://jobs.jobvite.com/mini-circuits/job/ovBkAfwK,"Melville, New York",Melville,NY,United States,Not specified,,,,Core Space,2026-07-29,2026-07-29,https://jobs.jobvite.com/mini-circuits/jobs/positions,known_careers_url,4,success
3a888e3d6aa2,2026-07-29,c67c1581a301,Mini Circuits Brooklyn,https://www.minicircuits.com/,https://jobs.jobvite.com/mini-circuits/jobs/positions,Senior Mechanical Design Engineer,https://jobs.jobvite.com/mini-circuits/job/ocdjAfw2,"Melville, New York",Melville,NY,United States,Not specified,,,,Core Space,2026-07-29,2026-07-29,https://jobs.jobvite.com/mini-circuits/jobs/positions,known_careers_url,4,success
3b79409f6427,2026-07-29,c67c1581a301,Mini Circuits Brooklyn,https://www.minicircuits.com/,https://jobs.jobvite.com/mini-circuits/jobs/positions,Automation Systems Engineer II,https://jobs.jobvite.com/mini-circuits/job/oUNKyfwJ,"Brooklyn, New York",Brooklyn,NY,United States,Not specified,,,,Core Space,2026-07-29,2026-07-29,https://jobs.jobvite.com/mini-circuits/jobs/positions,known_careers_url,4,success
9d9a98d628aa,2026-07-29,c67c1581a301,Mini Circuits Brooklyn,https://www.minicircuits.com/,https://jobs.jobvite.com/mini-circuits/jobs/positions,Manufacturing Automation Technician,https://jobs.jobvite.com/mini-circuits/job/oFs4zfwu,"Brooklyn, New York",Brooklyn,NY,United States,Not specified,,,,Core Space,2026-07-29,2026-07-29,https://jobs.jobvite.com/mini-circuits/jobs/positions,known_careers_url,4,success
c839efcea6da,2026-07-29,c67c1581a301,Mini Circuits Brooklyn,https://www.minicircuits.com/,https://jobs.jobvite.com/mini-circuits/jobs/positions,NA Operations Project Manager III,https://jobs.jobvite.com/mini-circuits/job/oMhWyfwh,"Brooklyn, New York",Brooklyn,NY,United States,Not specified,,,,Core Space,2026-07-29,2026-07-29,https://jobs.jobvite.com/mini-circuits/jobs/positions,known_careers_url,4,success
5eb561230770,2026-07-29,c67c1581a301,Mini Circuits Brooklyn,https://www.minicircuits.com/,https://jobs.jobvite.com/mini-circuits/jobs/positions,Senior Product Manager,https://jobs.jobvite.com/mini-circuits/job/oCWUzfwL,"Melville, New York",Melville,NY,United States,Not specified,,,,Core Space,2026-07-29,2026-07-29,https://jobs.jobvite.com/mini-circuits/jobs/positions,known_careers_url,4,success
791ff36d567d,2026-07-29,c67c1581a301,Mini Circuits Brooklyn,https://www.minicircuits.com/,https://jobs.jobvite.com/mini-circuits/jobs/positions,Supply Chain Project Manager,https://jobs.jobvite.com/mini-circuits/job/oxObAfwQ,"Melville, New York",Melville,NY,United States,Not specified,,,,Core Space,2026-07-29,2026-07-29,https://jobs.jobvite.com/mini-circuits/jobs/positions,known_careers_url,4,success
d6ba4f131525,2026-07-29,c67c1581a301,Mini Circuits Brooklyn,https://www.minicircuits.com/,https://jobs.jobvite.com/mini-circuits/jobs/positions,SAP ERP Manager,https://jobs.jobvite.com/mini-circuits/job/ogUJzfwc,"Brooklyn, NY, United States",Brooklyn,NY,United States,Not specified,,,,Core Space,2026-07-29,2026-07-29,https://jobs.jobvite.com/mini-circuits/jobs/positions,known_careers_url,4,success
1f5311b4790e,2026-07-29,c67c1581a301,Mini Circuits Brooklyn,https://www.minicircuits.com/,https://jobs.jobvite.com/mini-circuits/jobs/positions,SAP Finance (FICO) Solution Specialist,https://jobs.jobvite.com/mini-circuits/job/o4t2zfwS,"Melville, New York",Melville,NY,United States,Not specified,,,,Core Space,2026-07-29,2026-07-29,https://jobs.jobvite.com/mini-circuits/jobs/positions,known_careers_url,4,success
f2f0b0edb725,2026-07-29,c67c1581a301,Mini Circuits Brooklyn,https://www.minicircuits.com/,https://jobs.jobvite.com/mini-circuits/jobs/positions,SAP Master Data Solution Specialist,https://jobs.jobvite.com/mini-circuits/job/oK7LvfwR,"Melville, New York",Melville,NY,United States,Not specified,,,,Core Space,2026-07-29,2026-07-29,https://jobs.jobvite.com/mini-circuits/jobs/positions,known_careers_url,4,success
394a6a4b5b2f,2026-07-29,c67c1581a301,Mini Circuits Brooklyn,https://www.minicircuits.com/,https://jobs.jobvite.com/mini-circuits/jobs/positions,SAP Production Planning (PP) Solution Specialist,https://jobs.jobvite.com/mini-circuits/job/oaPLvfwZ,"Melville, New York",Melville,NY,United States,Not specified,,,,Core Space,2026-07-29,2026-07-29,https://jobs.jobvite.com/mini-circuits/jobs/positions,known_careers_url,4,success
296a6dcedc95,2026-07-29,c67c1581a301,Mini Circuits Brooklyn,https://www.minicircuits.com/,https://jobs.jobvite.com/mini-circuits/jobs/positions,Level 2 Electro-Mechanical Inspector,https://jobs.jobvite.com/mini-circuits/job/owLmAfwX,"Brooklyn, New York",Brooklyn,NY,United States,Not specified,,,,Core Space,2026-07-29,2026-07-29,https://jobs.jobvite.com/mini-circuits/jobs/positions,known_careers_url,4,success
617178dc5c6b,2026-07-29,c67c1581a301,Mini Circuits Brooklyn,https://www.minicircuits.com/,https://jobs.jobvite.com/mini-circuits/jobs/positions,Quality Engineer,https://jobs.jobvite.com/mini-circuits/job/o3mxxfwd,"Hialeah, Florida",Hialeah,FL,United States,Not specified,,,,Core Space,2026-07-29,2026-07-29,https://jobs.jobvite.com/mini-circuits/jobs/positions,known_careers_url,4,success
5f3686a35033,2026-07-29,c67c1581a301,Mini Circuits Brooklyn,https://www.minicircuits.com/,https://jobs.jobvite.com/mini-circuits/jobs/positions,Regulatory Compliance & Sustainability Program Manager,https://jobs.jobvite.com/mini-circuits/job/ol5rAfwb,"Melville, New York",Melville,NY,United States,Not specified,,,,Core Space,2026-07-29,2026-07-29,https://jobs.jobvite.com/mini-circuits/jobs/positions,known_careers_url,4,success
ed2fb6233c1f,2026-07-29,c67c1581a301,Mini Circuits Brooklyn,https://www.minicircuits.com/,https://jobs.jobvite.com/mini-circuits/jobs/positions,Reliability Technician,https://jobs.jobvite.com/mini-circuits/job/oZrrAfwb,"Brooklyn, New York",Brooklyn,NY,United States,Not specified,,,,Core Space,2026-07-29,2026-07-29,https://jobs.jobvite.com/mini-circuits/jobs/positions,known_careers_url,4,success
15e80bbaa767,2026-07-29,c67c1581a301,Mini Circuits Brooklyn,https://www.minicircuits.com/,https://jobs.jobvite.com/mini-circuits/jobs/positions,Supplier Quality Engineer,https://jobs.jobvite.com/mini-circuits/job/osLlAfwS,"Melville, New York",Melville,NY,United States,Not specified,,,,Core Space,2026-07-29,2026-07-29,https://jobs.jobvite.com/mini-circuits/jobs/positions,known_careers_url,4,success
803b97524767,2026-07-29,c67c1581a301,Mini Circuits Brooklyn,https://www.minicircuits.com/,https://jobs.jobvite.com/mini-circuits/jobs/positions,Regional Sales Manager - NA Central,https://jobs.jobvite.com/mini-circuits/job/oj4bAfwS,"Brooklyn, NY, United States",Brooklyn,NY,United States,Not specified,,,,Core Space,2026-07-29,2026-07-29,https://jobs.jobvite.com/mini-circuits/jobs/positions,known_careers_url,4,success
dd051daf762f,2026-07-29,c67c1581a301,Mini Circuits Brooklyn,https://www.minicircuits.com/,https://jobs.jobvite.com/mini-circuits/jobs/positions,Sales Operations Director,https://jobs.jobvite.com/mini-circuits/job/oYvNzfwz,"Melville, New York",Melville,NY,United States,Not specified,,,,Core Space,2026-07-29,2026-07-29,https://jobs.jobvite.com/mini-circuits/jobs/positions,known_careers_url,4,success
dca4839c54d3,2026-07-29,c67c1581a301,Mini Circuits Brooklyn,https://www.minicircuits.com/,https://jobs.jobvite.com/mini-circuits/jobs/positions,Strategic Sourcing Manager - Electronic Components,https://jobs.jobvite.com/mini-circuits/job/oGEvAfw9,"Melville, New York",Melville,NY,United States,Not specified,,,,Core Space,2026-07-29,2026-07-29,https://jobs.jobvite.com/mini-circuits/jobs/positions,known_careers_url,4,success
4add009a0d64,2026-07-29,c67c1581a301,Mini Circuits Brooklyn,https://www.minicircuits.com/,https://jobs.jobvite.com/mini-circuits/jobs/positions,Level 2 Switch Assembly Operator,https://jobs.jobvite.com/mini-circuits/job/oAHkAfwV,"Brooklyn, New York",Brooklyn,NY,United States,Not specified,,,,Core Space,2026-07-29,2026-07-29,https://jobs.jobvite.com/mini-circuits/jobs/positions,known_careers_url,4,success
78366adc17f7,2026-07-29,c67c1581a301,Mini Circuits Brooklyn,https://www.minicircuits.com/,https://jobs.jobvite.com/mini-circuits/jobs/pipeline,Engineering Pipeline Journey,https://jobs.jobvite.com/mini-circuits/jobs/positions,"Brooklyn, NY, United States",Brooklyn,NY,United States,Not specified,,,,Core Space,2026-07-29,2026-07-29,https://jobs.jobvite.com/mini-circuits/jobs/pipeline,ats_detected,4,success_after_fallback
b10cb90fd965,2026-07-29,c67c1581a301,Mini Circuits Brooklyn,https://www.minicircuits.com/,https://jobs.jobvite.com/mini-circuits/job/o2KwAfwC,Production Control Planner (Temp),https://jobs.jobvite.com/mini-circuits/job/o2KwAfwC,"Melville, New York, United States",Melville,NY,United States,Not specified,,,Other,Core Space,2026-07-29,2026-07-29,https://jobs.jobvite.com/mini-circuits/job/o2KwAfwC,ats_detected,3,success_after_fallback
5c4a087e3f67,2026-07-29,c67c1581a301,Mini Circuits Brooklyn,https://www.minicircuits.com/,https://jobs.jobvite.com/mini-circuits/job/oA7xAfwy,Junior Supply Planner (Temp),https://jobs.jobvite.com/mini-circuits/job/oA7xAfwy,"Melville, New York, United States",Melville,NY,United States,Not specified,,,Other,Core Space,2026-07-29,2026-07-29,https://jobs.jobvite.com/mini-circuits/job/oA7xAfwy,ats_detected,3,success_after_fallback
87f53380e929,2026-07-29,c67c1581a301,Mini Circuits Brooklyn,https://www.minicircuits.com/,https://jobs.jobvite.com/mini-circuits/job/ozlvAfwJ,L1 In-Process Inspector,https://jobs.jobvite.com/mini-circuits/job/ozlvAfwJ,"Hialeah, Florida, United States",Hialeah,FL,United States,Not specified,,,Quality Assurance,Core Space,2026-07-29,2026-07-29,https://jobs.jobvite.com/mini-circuits/job/ozlvAfwJ,ats_detected,3,success_after_fallback
cc8da746e9d4,2026-07-29,c67c1581a301,Mini Circuits Brooklyn,https://www.minicircuits.com/,https://jobs.jobvite.com/mini-circuits/job/oD8tAfwy,Level 2 Final Inspector,https://jobs.jobvite.com/mini-circuits/job/oD8tAfwy,"Hialeah, Florida, United States",Hialeah,FL,United States,Not specified,,,Quality Assurance,Core Space,2026-07-29,2026-07-29,https://jobs.jobvite.com/mini-circuits/job/oD8tAfwy,ats_detected,3,success_after_fallback
bfcd633eb2e7,2026-07-29,dd8e8599680c,NearSpace Labs,https://nearspacelabs.com/,https://job-boards.greenhouse.io/nearspacelabs,"Technical Program Manager & Engineering Operations (Aerospace / Robotics) Barcelona, Spain",https://job-boards.greenhouse.io/nearspacelabs/jobs/5202845008,"Barcelona, Spain",Barcelona,,Spain,Not specified,,,,Core Space,2026-07-29,2026-07-29,https://job-boards.greenhouse.io/nearspacelabs,known_careers_url,5,success
92111a8626ea,2026-07-29,dd8e8599680c,NearSpace Labs,https://nearspacelabs.com/,https://job-boards.greenhouse.io/nearspacelabs,"Associate Operator - Stratospheric Systems Nationwide, United States",https://job-boards.greenhouse.io/nearspacelabs/jobs/4749344008,"Nationwide, United States",Nationwide,,United States,Not specified,,,,Core Space,2026-07-29,2026-07-29,https://job-boards.greenhouse.io/nearspacelabs,known_careers_url,5,success
3cd9bf7011ab,2026-07-29,6a2f5abb3318,North Atlantic Industries,https://www.naii.com/,https://www.naii.com/Opportunities,Regional Sales Manager,https://recruiting.paylocity.com/recruiting/jobs/Apply/4369018/North-Atlantic-Industries-Inc/Regional-Sales-Manager,"Los Angeles, CA",Los Angeles,CA,United States,Not specified,,,,Space & Defense,2026-07-29,2026-07-29,https://www.naii.com/Opportunities,linked_page,4,success_after_fallback
ae8fdeed05a5,2026-07-29,6a2f5abb3318,North Atlantic Industries,https://www.naii.com/,https://www.naii.com/Opportunities,Electronics Applications Engineer Ii Hybrid,https://recruiting.paylocity.com/recruiting/jobs/Apply/3897103/North-Atlantic-Industries-Inc/Electronics-Applications-Engineer-II-Hybrid,"Bohemia, NY",Bohemia,NY,United States,Hybrid,,,,Space & Defense,2026-07-29,2026-07-29,https://www.naii.com/Opportunities,linked_page,4,success_after_fallback
f3cb31fe282a,2026-07-29,6a2f5abb3318,North Atlantic Industries,https://www.naii.com/,https://www.naii.com/Opportunities,Sustaining Engineer,https://recruiting.paylocity.com/recruiting/jobs/Apply/4113142/North-Atlantic-Industries-Inc/Sustaining-Engineer,"Bohemia, NY",Bohemia,NY,United States,Not specified,,,,Space & Defense,2026-07-29,2026-07-29,https://www.naii.com/Opportunities,linked_page,4,success_after_fallback
538bc55cef72,2026-07-29,6a2f5abb3318,North Atlantic Industries,https://www.naii.com/,https://www.naii.com/Opportunities,Regional Sales Manager,https://recruiting.paylocity.com/recruiting/jobs/Apply/4349376/North-Atlantic-Industries-Inc/Regional-Sales-Manager,"Phoenix, AZ",Phoenix,AZ,United States,Not specified,,,,Space & Defense,2026-07-29,2026-07-29,https://www.naii.com/Opportunities,linked_page,4,success_after_fallback
f1c459067988,2026-07-29,6a2f5abb3318,North Atlantic Industries,https://www.naii.com/,https://www.naii.com/Opportunities,Manufacturing Engineer I,https://recruiting.paylocity.com/recruiting/jobs/Apply/4348422/North-Atlantic-Industries-Inc/Manufacturing-Engineer-I,"Bohemia, NY",Bohemia,NY,United States,Not specified,,,,Space & Defense,2026-07-29,2026-07-29,https://www.naii.com/Opportunities,linked_page,4,success_after_fallback
5eb57997c862,2026-07-29,6a2f5abb3318,North Atlantic Industries,https://www.naii.com/,https://www.naii.com/Opportunities,Quality Assurance Engineer Ii,https://recruiting.paylocity.com/recruiting/jobs/Apply/3891616/North-Atlantic-Industries-Inc/Quality-Assurance-Engineer-II,"Bohemia, NY",Bohemia,NY,United States,Not specified,,,,Space & Defense,2026-07-29,2026-07-29,https://www.naii.com/Opportunities,linked_page,4,success_after_fallback
593cab673465,2026-07-29,6a2f5abb3318,North Atlantic Industries,https://www.naii.com/,https://www.naii.com/Opportunities,Mechanical Engineer Ii Electronics Packaging Thermal Design,https://recruiting.paylocity.com/recruiting/jobs/Apply/3945062/North-Atlantic-Industries-Inc/Mechanical-Engineer-II---Electronics-Packaging-Thermal-Design,"Bohemia, NY",Bohemia,NY,United States,Not specified,,,,Space & Defense,2026-07-29,2026-07-29,https://www.naii.com/Opportunities,linked_page,4,success_after_fallback
cb0d07740c33,2026-07-29,6a2f5abb3318,North Atlantic Industries,https://www.naii.com/,https://www.naii.com/Opportunities,Npi Smt Process Engineer,https://recruiting.paylocity.com/recruiting/jobs/Apply/4098066/North-Atlantic-Industries-Inc/NPI-SMT-Process-Engineer,"Bohemia, NY",Bohemia,NY,United States,Not specified,,,,Space & Defense,2026-07-29,2026-07-29,https://www.naii.com/Opportunities,linked_page,4,success_after_fallback
8bb654f48bdb,2026-07-29,0197a4411659,RCM Engineering,https://rcmengineeringgroup.com/,https://jobs.rcmhealthcare.com/,Technician Charleston South Carolina,https://jobs.rcmhealthcare.com/job/330618-technician-charleston-south-carolina,"West Sayville, NY, United States",West Sayville,NY,United States,Not specified,,,,Aerospace,2026-07-29,2026-07-29,https://jobs.rcmhealthcare.com/,linked_page,4,success_after_fallback
bcda2d172061,2026-07-29,0197a4411659,RCM Engineering,https://rcmengineeringgroup.com/,https://jobs.rcmhealthcare.com/,Technician Charleston South Carolina,https://jobs.rcmhealthcare.com/job/330617-technician-charleston-south-carolina,"West Sayville, NY, United States",West Sayville,NY,United States,Not specified,,,,Aerospace,2026-07-29,2026-07-29,https://jobs.rcmhealthcare.com/,linked_page,4,success_after_fallback
02efce272e36,2026-07-29,0197a4411659,RCM Engineering,https://rcmengineeringgroup.com/,https://jobs.rcmhealthcare.com/,Technician Sanford Florida,https://jobs.rcmhealthcare.com/job/330611-technician-sanford-florida,"West Sayville, NY, United States",West Sayville,NY,United States,Not specified,,,,Aerospace,2026-07-29,2026-07-29,https://jobs.rcmhealthcare.com/,linked_page,4,success_after_fallback
8e3b8baf19f8,2026-07-29,0939c3d7e29f,Saab Group,https://www.saab.com/,https://www.saab.com/career/job-opportunities,Head of Hybrid Navy Business Development and Sales ﻿,https://www.saab.com/career/job-opportunities/head-of-hybrid-navy-business-development-and-sales,"East Syracuse, NY, United States",East Syracuse,NY,United States,Hybrid,,,,Space & Defense,2026-07-29,2026-07-29,https://www.saab.com/career/job-opportunities,known_careers_url,3,success
67099a615501,2026-07-29,0939c3d7e29f,Saab Group,https://www.saab.com/,https://www.saab.com/career/job-opportunities,Saab Internship ﻿,https://www.saab.com/career/job-opportunities/saab-internship,"East Syracuse, NY, United States",East Syracuse,NY,United States,Not specified,,,,Space & Defense,2026-07-29,2026-07-29,https://www.saab.com/career/job-opportunities,known_careers_url,3,success
523ecfa5a17c,2026-07-29,0939c3d7e29f,Saab Group,https://www.saab.com/,https://www.saab.com/career/job-opportunities,Contract Quality Manager Saab Dynamics ﻿,https://www.saab.com/career/job-opportunities/contract-quality-manager-saab-dynamics,"East Syracuse, NY, United States",East Syracuse,NY,United States,Not specified,,,,Space & Defense,2026-07-29,2026-07-29,https://www.saab.com/career/job-opportunities,known_careers_url,3,success
357275270b2e,2026-07-29,0939c3d7e29f,Saab Group,https://www.saab.com/,https://www.saab.com/career/job-opportunities,Contract Administrator ﻿,https://www.saab.com/career/job-opportunities/contract-administrator,"East Syracuse, NY, United States",East Syracuse,NY,United States,Not specified,,,,Space & Defense,2026-07-29,2026-07-29,https://www.saab.com/career/job-opportunities,known_careers_url,3,success
7733fd0da0e1,2026-07-29,0939c3d7e29f,Saab Group,https://www.saab.com/,https://www.saab.com/career/job-opportunities,Contract Manager (m/w/d) ﻿,https://www.saab.com/career/job-opportunities/contract-manager-mwd,"East Syracuse, NY, United States",East Syracuse,NY,United States,Not specified,,,,Space & Defense,2026-07-29,2026-07-29,https://www.saab.com/career/job-opportunities,known_careers_url,3,success
3272c688cfaa,2026-07-29,0939c3d7e29f,Saab Group,https://www.saab.com/,https://www.saab.com/career/job-opportunities,Contract Quality Manager till Saab ﻿,https://www.saab.com/career/job-opportunities/contract-quality-manager-till-saab1,"East Syracuse, NY, United States",East Syracuse,NY,United States,Not specified,,,,Space & Defense,2026-07-29,2026-07-29,https://www.saab.com/career/job-opportunities,known_careers_url,3,success
1822e0dec5fc,2026-07-29,0939c3d7e29f,Saab Group,https://www.saab.com/,https://www.saab.com/career/job-opportunities,Compensation & Benefits Specialist ﻿,https://www.saab.com/career/job-opportunities/compensation--benefits-specialist,"East Syracuse, NY, United States",East Syracuse,NY,United States,Not specified,,,,Space & Defense,2026-07-29,2026-07-29,https://www.saab.com/career/job-opportunities,known_careers_url,3,success
3c5f971721cc,2026-07-29,0939c3d7e29f,Saab Group,https://www.saab.com/,https://www.saab.com/career/job-opportunities,Senior Avionics Requirements Engineer ﻿,https://www.saab.com/career/job-opportunities/senior-avionics-requirements-engineer,"East Syracuse, NY, United States",East Syracuse,NY,United States,Not specified,,,,Space & Defense,2026-07-29,2026-07-29,https://www.saab.com/career/job-opportunities,known_careers_url,3,success
f1d8a9c67b3c,2026-07-29,0939c3d7e29f,Saab Group,https://www.saab.com/,https://www.saab.com/career/job-opportunities,"Manager, Contract Management Gripen ﻿",https://www.saab.com/career/job-opportunities/manager-contract-management-gripen,"East Syracuse, NY, United States",East Syracuse,NY,United States,Not specified,,,,Space & Defense,2026-07-29,2026-07-29,https://www.saab.com/career/job-opportunities,known_careers_url,3,success
86a46cc033d8,2026-07-29,0939c3d7e29f,Saab Group,https://www.saab.com/,https://saabgroup.wd116.myworkdayjobs.com/Saab_careers/job/Linkping---Brderna-Ugglas-Gata/Leveransskoordinator_REQ_43402/apply,Leveransskoordinator,https://saabgroup.wd116.myworkdayjobs.com/Saab_careers/job/Linkping---Brderna-Ugglas-Gata/Leveransskoordinator_REQ_43402/apply,"LinkÃ¶ping - BrÃ¶derna Ugglas Gata, Sweden",LinkÃ¶ping - BrÃ¶derna Ugglas Gata,,Sweden,Not specified,,,,Space & Defense,2026-07-29,2026-07-29,https://saabgroup.wd116.myworkdayjobs.com/Saab_careers/job/Linkping---Brderna-Ugglas-Gata/Leveransskoordinator_REQ_43402/apply,ats_detected,3,success_after_fallback
13a8130b16ae,2026-07-29,0939c3d7e29f,Saab Group,https://www.saab.com/,https://saabgroup.wd116.myworkdayjobs.com/Saab_careers/job/Musk---Musk-rlogshamn/Servicetekniker-till-televerkstaden-p-Saab-Musk_REQ_38913/apply,Servicetekniker till televerkstaden pÃ¥ Saab MuskÃ¶,https://saabgroup.wd116.myworkdayjobs.com/Saab_careers/job/Musk---Musk-rlogshamn/Servicetekniker-till-televerkstaden-p-Saab-Musk_REQ_38913/apply,"MuskÃ¶ - MuskÃ¶ Ãrlogshamn, Sweden",MuskÃ¶ - MuskÃ¶ Ãrlogshamn,,Sweden,Not specified,,,,Space & Defense,2026-07-29,2026-07-29,https://saabgroup.wd116.myworkdayjobs.com/Saab_careers/job/Musk---Musk-rlogshamn/Servicetekniker-till-televerkstaden-p-Saab-Musk_REQ_38913/apply,ats_detected,3,success_after_fallback
439625c34f63,2026-07-29,0939c3d7e29f,Saab Group,https://www.saab.com/,https://saabgroup.wd116.myworkdayjobs.com/Saab_careers/job/Sonderborg---Porten-6/Join-Our-Test-Team---Multiple-Roles-Available_REQ_42970/apply,Join Our Test Team â Multiple Roles Available,https://saabgroup.wd116.myworkdayjobs.com/Saab_careers/job/Sonderborg---Porten-6/Join-Our-Test-Team---Multiple-Roles-Available_REQ_42970/apply,"East Syracuse, NY, United States",East Syracuse,NY,United States,Not specified,,,,Space & Defense,2026-07-29,2026-07-29,https://saabgroup.wd116.myworkdayjobs.com/Saab_careers/job/Sonderborg---Porten-6/Join-Our-Test-Team---Multiple-Roles-Available_REQ_42970/apply,ats_detected,3,success_after_fallback
f3e28b3c5ff2,2026-07-29,f03e06478cda,Safran Aerosystems,https://www.safran-group.com/companies/safran-aerosystems-oxygen,https://www.safran-group.com/jobs,Safran Electrical & Power,https://www.safran-group.com/jobs/france/meru/technicien-electronique-fh-fh-153493,"Meru, France",Meru,,France,Not specified,,,,Aerospace,2026-07-29,2026-07-29,https://www.safran-group.com/jobs,common_path,3,success_after_fallback
1207ee4f9095,2026-07-29,f03e06478cda,Safran Aerosystems,https://www.safran-group.com/companies/safran-aerosystems-oxygen,https://www.safran-group.com/jobs,"Professional, Engineer & Manager",https://www.safran-group.com/jobs/france/bordeaux-haillan/ingenieur-e-materiaux-procedes-specialise-e-fabrication-additive-metallique-fh-175070,"Bordeaux - Le Haillan, Nouvelle Aquitaine, France",Bordeaux - Le Haillan,Nouvelle Aquitaine,France,Not specified,,,,Aerospace,2026-07-29,2026-07-29,https://www.safran-group.com/jobs,common_path,3,success_after_fallback
eb13244bafea,2026-07-29,f03e06478cda,Safran Aerosystems,https://www.safran-group.com/companies/safran-aerosystems-oxygen,https://www.safran-group.com/jobs,"Professional, Engineer & Manager",https://www.safran-group.com/jobs/france/issoudun/responsable-be-vie-serie-service-fh-175413,"Issoudun, Centre-Val-De-Loire, France",Issoudun,Centre-Val-De-Loire,France,Not specified,,,,Aerospace,2026-07-29,2026-07-29,https://www.safran-group.com/jobs,common_path,3,success_after_fallback
6fe2de25e9d7,2026-07-29,f03e06478cda,Safran Aerosystems,https://www.safran-group.com/companies/safran-aerosystems-oxygen,https://www.safran-group.com/jobs,"Professional, Engineer & Manager",https://www.safran-group.com/jobs/france/15-avenue-ambroise-croizat-03410-domerat/preventeur-sse-fh-175193,"Domerat, Auvergne-Rhône-Alpes, France",Domerat,Auvergne-Rhône-Alpes,France,Not specified,,,,Aerospace,2026-07-29,2026-07-29,https://www.safran-group.com/jobs,common_path,3,success_after_fallback
7a56f3f3d035,2026-07-29,f03e06478cda,Safran Aerosystems,https://www.safran-group.com/companies/safran-aerosystems-oxygen,https://www.safran-group.com/jobs,Resin Application Lead Technician - 2nd Shift - $23.25-hr - SCM MV,https://www.safran-group.com/jobs/united-states/marysville/resin-application-lead-technician-2nd-shift-2325hr-scm-mv-167717,"Marysville, Washington, United States",Marysville,WA,United States,Not specified,,,,Aerospace,2026-07-29,2026-07-29,https://www.safran-group.com/jobs,common_path,3,success_after_fallback
94e062fb68d8,2026-07-29,f03e06478cda,Safran Aerosystems,https://www.safran-group.com/companies/safran-aerosystems-oxygen,https://www.safran-group.com/jobs,"Professional, Engineer & Manager",https://www.safran-group.com/jobs/france/velizy-villacoublay/ingenieur-e-produits-electromecaniques-systemes-atterrissage-fh-175654,"Vélizy-villacoublay, Ile de France, France",Vélizy-villacoublay,Ile de France,France,Not specified,,,,Aerospace,2026-07-29,2026-07-29,https://www.safran-group.com/jobs,common_path,3,success_after_fallback
79e3ea91696c,2026-07-29,f03e06478cda,Safran Aerosystems,https://www.safran-group.com/companies/safran-aerosystems-oxygen,https://www.safran-group.com/jobs,"Professional, Engineer & Manager",https://www.safran-group.com/jobs/france/ulis/responsable-du-centre-competences-erp-m3-applicatifs-fh-174692,"Les Ulis, Ile de France, France",Les Ulis,Ile de France,France,Not specified,,,,Aerospace,2026-07-29,2026-07-29,https://www.safran-group.com/jobs,common_path,3,success_after_fallback
098f791ef7ce,2026-07-29,f03e06478cda,Safran Aerosystems,https://www.safran-group.com/companies/safran-aerosystems-oxygen,https://www.safran-group.com/jobs,"Professional, Engineer & Manager",https://www.safran-group.com/jobs/france/blagnac/acheteur-euse-famille-equipements-electroniques-fh-174976,"Blagnac, Occitanie, France",Blagnac,Occitanie,France,Not specified,,,,Aerospace,2026-07-29,2026-07-29,https://www.safran-group.com/jobs,common_path,3,success_after_fallback
ecd300e10b9e,2026-07-29,f03e06478cda,Safran Aerosystems,https://www.safran-group.com/companies/safran-aerosystems-oxygen,https://www.safran-group.com/jobs,"Professional, Engineer & Manager",https://www.safran-group.com/jobs/france/eragny-oise/ingenieure-systeme-modules-optroniques-fh-174992,"Eragny-sur-oise, Ile de France, France",Eragny-sur-oise,Ile de France,France,Not specified,,,,Aerospace,2026-07-29,2026-07-29,https://www.safran-group.com/jobs,common_path,3,success_after_fallback
61c3da707eb2,2026-07-29,f03e06478cda,Safran Aerosystems,https://www.safran-group.com/companies/safran-aerosystems-oxygen,https://www.safran-group.com/jobs,"Professional, Engineer & Manager",https://www.safran-group.com/jobs/france/eragny-oise/pilote-prototypage-appels-offre-fh-175472,"Eragny-sur-oise, Ile de France, France",Eragny-sur-oise,Ile de France,France,Not specified,,,,Aerospace,2026-07-29,2026-07-29,https://www.safran-group.com/jobs,common_path,3,success_after_fallback
d0f7d35bb567,2026-07-29,fdb04d86542a,SRI International,https://www.sri.com/,https://careers-sri.icims.com/jobs/search?ss=1&hashed=-625949242,"Title Research Associate, Psychology/Neuroscience",https://careers-sri.icims.com/jobs/6442/research-associate%2c-psychology-neuroscience/job,"Manhattan, NY, United States",Manhattan,NY,United States,Not specified,,,,Core Space,2026-07-29,2026-07-29,https://careers-sri.icims.com/jobs/search?ss=1&hashed=-625949242,ats_detected,5,success_after_fallback
6f88f052d223,2026-07-29,fdb04d86542a,SRI International,https://www.sri.com/,https://careers-sri.icims.com/jobs/search?ss=1&hashed=-625949242,Title Analog IC Design Engineer,https://careers-sri.icims.com/jobs/6441/analog-ic-design-engineer/job,"Manhattan, NY, United States",Manhattan,NY,United States,Not specified,,,,Core Space,2026-07-29,2026-07-29,https://careers-sri.icims.com/jobs/search?ss=1&hashed=-625949242,ats_detected,5,success_after_fallback
4d7d959e3ed1,2026-07-29,fdb04d86542a,SRI International,https://www.sri.com/,https://careers-sri.icims.com/jobs/search?ss=1&hashed=-625949242,"Title Research Scientist, electron beam lithography",https://careers-sri.icims.com/jobs/6440/research-scientist%2c-electron-beam-lithography/job,"Manhattan, NY, United States",Manhattan,NY,United States,On-site,,,,Core Space,2026-07-29,2026-07-29,https://careers-sri.icims.com/jobs/search?ss=1&hashed=-625949242,ats_detected,5,success_after_fallback
64b737edd5d0,2026-07-29,fdb04d86542a,SRI International,https://www.sri.com/,https://careers-sri.icims.com/jobs/search?ss=1&hashed=-625949242,Title Test Engineers I,https://careers-sri.icims.com/jobs/6439/test-engineers-i/job,"Manhattan, NY, United States",Manhattan,NY,United States,Not specified,,,,Core Space,2026-07-29,2026-07-29,https://careers-sri.icims.com/jobs/search?ss=1&hashed=-625949242,ats_detected,5,success_after_fallback
6d3d0ab8b735,2026-07-29,fdb04d86542a,SRI International,https://www.sri.com/,https://careers-sri.icims.com/jobs/search?ss=1&hashed=-625949242,Title Sr. Photonics Research Engineer,https://careers-sri.icims.com/jobs/6436/sr.-photonics-research-engineer/job,"Manhattan, NY, United States",Manhattan,NY,United States,On-site,,,,Core Space,2026-07-29,2026-07-29,https://careers-sri.icims.com/jobs/search?ss=1&hashed=-625949242,ats_detected,5,success_after_fallback
886af8140a70,2026-07-29,fdb04d86542a,SRI International,https://www.sri.com/,https://careers-sri.icims.com/jobs/search?ss=1&hashed=-625949242,Title Drexel University Co-op: Software Engineering/Full stack development,https://careers-sri.icims.com/jobs/6432/drexel-university-co-op%3a-software-engineering-full-stack-development/job,"Manhattan, NY, United States",Manhattan,NY,United States,Not specified,,,,Core Space,2026-07-29,2026-07-29,https://careers-sri.icims.com/jobs/search?ss=1&hashed=-625949242,ats_detected,5,success_after_fallback
d1794bfc6f19,2026-07-29,fdb04d86542a,SRI International,https://www.sri.com/,https://careers-sri.icims.com/jobs/search?ss=1&hashed=-625949242,Title Policy Research Associate,https://careers-sri.icims.com/jobs/6430/policy-research-associate/job,"Manhattan, NY, United States",Manhattan,NY,United States,Not specified,,,,Core Space,2026-07-29,2026-07-29,https://careers-sri.icims.com/jobs/search?ss=1&hashed=-625949242,ats_detected,5,success_after_fallback
9d6caebea5fb,2026-07-29,fdb04d86542a,SRI International,https://www.sri.com/,https://careers-sri.icims.com/jobs/search?ss=1&hashed=-625949242,Bilingual Education Research Assistant%2C Field Assessor %28Preschool Kindergarten In Union County%2C North Carolina%29 Temp Hourly,https://careers-sri.icims.com/jobs/6429/bilingual-education-research-assistant%2c-field-assessor-%28preschool-kindergarten-in-union-county%2c-north-carolina%29-temp-hourly/job,"Manhattan, NY, United States",Manhattan,NY,United States,Not specified,,,,Core Space,2026-07-29,2026-07-29,https://careers-sri.icims.com/jobs/search?ss=1&hashed=-625949242,ats_detected,5,success_after_fallback
6a229b52cf25,2026-07-29,fdb04d86542a,SRI International,https://www.sri.com/,https://careers-sri.icims.com/jobs/search?ss=1&hashed=-625949242,Title Robotics Software Engineer - II/III,https://careers-sri.icims.com/jobs/6427/robotics-software-engineer---ii-iii/job,"Manhattan, NY, United States",Manhattan,NY,United States,On-site,,,,Core Space,2026-07-29,2026-07-29,https://careers-sri.icims.com/jobs/search?ss=1&hashed=-625949242,ats_detected,5,success_after_fallback
2bdad292cdec,2026-07-29,fdb04d86542a,SRI International,https://www.sri.com/,https://careers-sri.icims.com/jobs/search?ss=1&hashed=-625949242,Title New Jersey Institute of Technology Co-op: Electrical Engineering/Electro-Optics,https://careers-sri.icims.com/jobs/6423/new-jersey-institute-of-technology-co-op%3a-electrical-engineering-electro-optics/job,"Manhattan, NY, United States",Manhattan,NY,United States,Remote,,,,Core Space,2026-07-29,2026-07-29,https://careers-sri.icims.com/jobs/search?ss=1&hashed=-625949242,ats_detected,5,success_after_fallback
edcb4330653b,2026-07-29,fdb04d86542a,SRI International,https://www.sri.com/,https://careers-sri.icims.com/jobs/search?ss=1&hashed=-625949242,"Title Intern, Center for Health Sciences",https://careers-sri.icims.com/jobs/6421/intern%2c-center-for-health-sciences/job,"Manhattan, NY, United States",Manhattan,NY,United States,Not specified,,,,Core Space,2026-07-29,2026-07-29,https://careers-sri.icims.com/jobs/search?ss=1&hashed=-625949242,ats_detected,5,success_after_fallback
21c31e9873e5,2026-07-29,fdb04d86542a,SRI International,https://www.sri.com/,https://careers-sri.icims.com/jobs/search?ss=1&hashed=-625949242,Title Stevens Institute of Technology Co-op: Electrical Engineering/Electro-Optics,https://careers-sri.icims.com/jobs/6420/stevens-institute-of-technology-co-op%3a-electrical-engineering-electro-optics/job,"Manhattan, NY, United States",Manhattan,NY,United States,Remote,,,,Core Space,2026-07-29,2026-07-29,https://careers-sri.icims.com/jobs/search?ss=1&hashed=-625949242,ats_detected,5,success_after_fallback
bb16d8c25a0b,2026-07-29,fdb04d86542a,SRI International,https://www.sri.com/,https://careers-sri.icims.com/jobs/search?ss=1&hashed=-625949242,Title Test Technician,https://careers-sri.icims.com/jobs/6419/test-technician/job,"Manhattan, NY, United States",Manhattan,NY,United States,Not specified,,,,Core Space,2026-07-29,2026-07-29,https://careers-sri.icims.com/jobs/search?ss=1&hashed=-625949242,ats_detected,5,success_after_fallback
95b1d44347a2,2026-07-29,fdb04d86542a,SRI International,https://www.sri.com/,https://careers-sri.icims.com/jobs/search?ss=1&hashed=-625949242,Title Sr Research Engineer-RF,https://careers-sri.icims.com/jobs/6407/sr-research-engineer-rf/job,"Manhattan, NY, United States",Manhattan,NY,United States,Remote,,,,Core Space,2026-07-29,2026-07-29,https://careers-sri.icims.com/jobs/search?ss=1&hashed=-625949242,ats_detected,5,success_after_fallback
8135fc124960,2026-07-29,fdb04d86542a,SRI International,https://www.sri.com/,https://careers-sri.icims.com/jobs/search?ss=1&hashed=-625949242,Title Sr Research Engineer-Project Principal Investigator - RF,https://careers-sri.icims.com/jobs/6406/sr-research-engineer-project-principal-investigator---rf/job,"Manhattan, NY, United States",Manhattan,NY,United States,Remote,,,,Core Space,2026-07-29,2026-07-29,https://careers-sri.icims.com/jobs/search?ss=1&hashed=-625949242,ats_detected,5,success_after_fallback
fc661e612cd6,2026-07-29,fdb04d86542a,SRI International,https://www.sri.com/,https://careers-sri.icims.com/jobs/search?ss=1&hashed=-625949242,Title Research Engineer II/III - RF Hardware,https://careers-sri.icims.com/jobs/6405/research-engineer-ii-iii---rf-hardware/job,"Manhattan, NY, United States",Manhattan,NY,United States,Remote,,,,Core Space,2026-07-29,2026-07-29,https://careers-sri.icims.com/jobs/search?ss=1&hashed=-625949242,ats_detected,5,success_after_fallback
f5c85183bee4,2026-07-29,fdb04d86542a,SRI International,https://www.sri.com/,https://careers-sri.icims.com/jobs/search?ss=1&hashed=-625949242,Title IC Design Engineer III,https://careers-sri.icims.com/jobs/6403/ic-design-engineer-iii/job,"Manhattan, NY, United States",Manhattan,NY,United States,Not specified,,,,Core Space,2026-07-29,2026-07-29,https://careers-sri.icims.com/jobs/search?ss=1&hashed=-625949242,ats_detected,5,success_after_fallback
92697a12fa7f,2026-07-29,fdb04d86542a,SRI International,https://www.sri.com/,https://careers-sri.icims.com/jobs/search?ss=1&hashed=-625949242,Title Research Electrical Engineer III - Semiconductor Device Physics,https://careers-sri.icims.com/jobs/6399/research-electrical-engineer-iii---semiconductor-device-physics/job,"Manhattan, NY, United States",Manhattan,NY,United States,Not specified,,,,Core Space,2026-07-29,2026-07-29,https://careers-sri.icims.com/jobs/search?ss=1&hashed=-625949242,ats_detected,5,success_after_fallback
4a918651f386,2026-07-29,fdb04d86542a,SRI International,https://www.sri.com/,https://careers-sri.icims.com/jobs/search?ss=1&hashed=-625949242,Title Wafer Fab Process Engineer,https://careers-sri.icims.com/jobs/6395/wafer-fab-process-engineer/job,"Manhattan, NY, United States",Manhattan,NY,United States,Not specified,,,,Core Space,2026-07-29,2026-07-29,https://careers-sri.icims.com/jobs/search?ss=1&hashed=-625949242,ats_detected,5,success_after_fallback
68175f7d031c,2026-07-29,fdb04d86542a,SRI International,https://www.sri.com/,https://careers-sri.icims.com/jobs/search?ss=1&hashed=-625949242,"Title Semiconductor Equipment Technicians, Experienced - First Shift",https://careers-sri.icims.com/jobs/6392/semiconductor-equipment-technicians%2c-experienced---first-shift/job,"Manhattan, NY, United States",Manhattan,NY,United States,Not specified,,,,Core Space,2026-07-29,2026-07-29,https://careers-sri.icims.com/jobs/search?ss=1&hashed=-625949242,ats_detected,5,success_after_fallback
43d358810612,2026-07-29,fdb04d86542a,SRI International,https://www.sri.com/,https://careers-sri.icims.com/jobs/search?ss=1&hashed=-625949242,"Title Semiconductor Equipment Technicians, Experienced - First Shift",https://careers-sri.icims.com/jobs/6385/semiconductor-equipment-technicians%2c-experienced---first-shift/job,"Manhattan, NY, United States",Manhattan,NY,United States,Not specified,,,,Core Space,2026-07-29,2026-07-29,https://careers-sri.icims.com/jobs/search?ss=1&hashed=-625949242,ats_detected,5,success_after_fallback
914b84c5d97a,2026-07-29,fdb04d86542a,SRI International,https://www.sri.com/,https://careers-sri.icims.com/jobs/search?ss=1&hashed=-625949242,Title Mechanical Engineer,https://careers-sri.icims.com/jobs/6384/mechanical-engineer/job,"Manhattan, NY, United States",Manhattan,NY,United States,Not specified,,,,Core Space,2026-07-29,2026-07-29,https://careers-sri.icims.com/jobs/search?ss=1&hashed=-625949242,ats_detected,5,success_after_fallback
d06c2cd1b5a3,2026-07-29,fdb04d86542a,SRI International,https://www.sri.com/,https://careers-sri.icims.com/jobs/search?ss=1&hashed=-625949242,Title Sr Mechanical Engineer,https://careers-sri.icims.com/jobs/6383/sr-mechanical-engineer/job,"Manhattan, NY, United States",Manhattan,NY,United States,Not specified,,,,Core Space,2026-07-29,2026-07-29,https://careers-sri.icims.com/jobs/search?ss=1&hashed=-625949242,ats_detected,5,success_after_fallback
57bb35df9988,2026-07-29,fdb04d86542a,SRI International,https://www.sri.com/,https://careers-sri.icims.com/jobs/search?ss=1&hashed=-625949242,Title Sr Research Engineer-Project Principal Investigator,https://careers-sri.icims.com/jobs/6377/sr-research-engineer-project-principal-investigator/job,"Manhattan, NY, United States",Manhattan,NY,United States,Remote,,,,Core Space,2026-07-29,2026-07-29,https://careers-sri.icims.com/jobs/search?ss=1&hashed=-625949242,ats_detected,5,success_after_fallback
0bec5a533ca5,2026-07-29,fdb04d86542a,SRI International,https://www.sri.com/,https://careers-sri.icims.com/jobs/search?ss=1&hashed=-625949242,Title IC Design Engineer IV,https://careers-sri.icims.com/jobs/6367/ic-design-engineer-iv/job,"Manhattan, NY, United States",Manhattan,NY,United States,Not specified,,,,Core Space,2026-07-29,2026-07-29,https://careers-sri.icims.com/jobs/search?ss=1&hashed=-625949242,ats_detected,5,success_after_fallback
9b94ba03fc5f,2026-07-29,fdb04d86542a,SRI International,https://www.sri.com/,https://careers-sri.icims.com/jobs/search?ss=1&hashed=-625949242,Title Electronics Design Engineer,https://careers-sri.icims.com/jobs/6365/electronics-design-engineer/job,"Manhattan, NY, United States",Manhattan,NY,United States,Not specified,,,,Core Space,2026-07-29,2026-07-29,https://careers-sri.icims.com/jobs/search?ss=1&hashed=-625949242,ats_detected,5,success_after_fallback
14e6108fd230,2026-07-29,fdb04d86542a,SRI International,https://www.sri.com/,https://careers-sri.icims.com/jobs/search?ss=1&hashed=-625949242,"Title Test Engineer - Analog, ATE",https://careers-sri.icims.com/jobs/6325/test-engineer---analog%2c-ate/job,"Manhattan, NY, United States",Manhattan,NY,United States,Not specified,,,,Core Space,2026-07-29,2026-07-29,https://careers-sri.icims.com/jobs/search?ss=1&hashed=-625949242,ats_detected,5,success_after_fallback
5211adaa3359,2026-07-29,fdb04d86542a,SRI International,https://www.sri.com/,https://careers-sri.icims.com/jobs/search?ss=1&hashed=-625949242,Title Photonics Research Engineer III,https://careers-sri.icims.com/jobs/6320/photonics-research-engineer-iii/job,"Manhattan, NY, United States",Manhattan,NY,United States,On-site,,,,Core Space,2026-07-29,2026-07-29,https://careers-sri.icims.com/jobs/search?ss=1&hashed=-625949242,ats_detected,5,success_after_fallback
56a72cd45a9d,2026-07-29,fdb04d86542a,SRI International,https://www.sri.com/,https://careers-sri.icims.com/jobs/search?ss=1&hashed=-625949242,Title Postdoctoral Fellow - Applied & Computational Scientists,https://careers-sri.icims.com/jobs/6314/postdoctoral-fellow---applied-%26-computational-scientists/job,"Manhattan, NY, United States",Manhattan,NY,United States,Hybrid,,,,Core Space,2026-07-29,2026-07-29,https://careers-sri.icims.com/jobs/search?ss=1&hashed=-625949242,ats_detected,5,success_after_fallback
9dc620c5605a,2026-07-29,fdb04d86542a,SRI International,https://www.sri.com/,https://careers-sri.icims.com/jobs/search?ss=1&hashed=-625949242,Title Applied & Computational Research Scientists,https://careers-sri.icims.com/jobs/6313/applied-%26-computational-research-scientists/job,"Manhattan, NY, United States",Manhattan,NY,United States,Hybrid,,,,Core Space,2026-07-29,2026-07-29,https://careers-sri.icims.com/jobs/search?ss=1&hashed=-625949242,ats_detected,5,success_after_fallback
fc84266c0fdd,2026-07-29,fdb04d86542a,SRI International,https://www.sri.com/,https://careers-sri.icims.com/jobs/search?ss=1&hashed=-625949242,Title Manufacturing Technicians,https://careers-sri.icims.com/jobs/6254/manufacturing-technicians/job,"Manhattan, NY, United States",Manhattan,NY,United States,Not specified,,,,Core Space,2026-07-29,2026-07-29,https://careers-sri.icims.com/jobs/search?ss=1&hashed=-625949242,ats_detected,5,success_after_fallback
e4826baf912d,2026-07-29,e04ea6a314c3,Vishay Americas,https://www.vishay.com/,https://jobs.vishay.com/career-areas,Equipment Maintenance Technician,https://jobs.vishay.com/jobs/equipment-maintenance-technician-2,"Yankton, SD, United States of America",Yankton,SD,United States,Not specified,,,,Core Space,2026-07-29,2026-07-29,https://jobs.vishay.com/career-areas,linked_page,3,success_after_fallback
b8c3f0a204e8,2026-07-29,e04ea6a314c3,Vishay Americas,https://www.vishay.com/,https://jobs.vishay.com/jobs/senior-hr-specialist-m-w-d,Xmlname Senior Hr Specialist M W D Jr,https://vishay.wd3.myworkdayjobs.com/VishayCareers/job/Selb-DE/XMLNAME--Senior--HR-Specialist--m-w-d-_JR-17989-1/apply,"Niagara Falls, NY, United States",Niagara Falls,NY,United States,Not specified,,,,Core Space,2026-07-29,2026-07-29,https://jobs.vishay.com/jobs/senior-hr-specialist-m-w-d,linked_page,4,success_after_fallback
2683cca29df5,2026-07-29,e04ea6a314c3,Vishay Americas,https://www.vishay.com/,https://jobs.vishay.com/jobs/senior-specialist-ehs-quality-m-w-d,Xmlname Senior Specialist Ehs Quality M W D Jr,https://vishay.wd3.myworkdayjobs.com/VishayCareers/job/Erndtebrck-DE/XMLNAME--Senior--Specialist-EHS---Quality--m-w-d-_JR-15993/apply,"Niagara Falls, NY, United States",Niagara Falls,NY,United States,Not specified,,,,Core Space,2026-07-29,2026-07-29,https://jobs.vishay.com/jobs/senior-specialist-ehs-quality-m-w-d,linked_page,4,success_after_fallback
78830364a1dd,2026-07-29,e04ea6a314c3,Vishay Americas,https://www.vishay.com/,https://vishay.wd3.myworkdayjobs.com/VishayCareers/job/Ave-De-Las-Torres-1950-Col-Torres-Del-Sur-CP-32970-Ciudad-Juarez-Chih/XMLNAME-236-Tecnico-de-mantenimiento--Primer-turno-_JR-18890/apply,236 Tecnico de mantenimiento (Primer turno),https://vishay.wd3.myworkdayjobs.com/VishayCareers/job/Ave-De-Las-Torres-1950-Col-Torres-Del-Sur-CP-32970-Ciudad-Juarez-Chih/XMLNAME-236-Tecnico-de-mantenimiento--Primer-turno-_JR-18890/apply,"Niagara Falls, NY, United States",Niagara Falls,NY,United States,Not specified,,,,Core Space,2026-07-29,2026-07-29,https://vishay.wd3.myworkdayjobs.com/VishayCareers/job/Ave-De-Las-Torres-1950-Col-Torres-Del-Sur-CP-32970-Ciudad-Juarez-Chih/XMLNAME-236-Tecnico-de-mantenimiento--Primer-turno-_JR-18890/apply,ats_detected,3,success_after_fallback
886abad21824,2026-07-29,1c2b4e10bf58,Wallaroo AI,https://wallaroo.ai/,https://www.jobvite.com/,TA Leader,https://www.jobvite.com/solutions/role/talent-acquisition-leader,"Manhattan, NY, United States",Manhattan,NY,United States,Not specified,,,,Core Space,2026-07-29,2026-07-29,https://www.jobvite.com/,ats_detected,4,success_after_fallback
fcec0899c79f,2026-07-29,1c2b4e10bf58,Wallaroo AI,https://wallaroo.ai/,https://www.jobvite.com/,HR Leader,https://www.jobvite.com/solutions/role/hr-leader,"Manhattan, NY, United States",Manhattan,NY,United States,Not specified,,,,Core Space,2026-07-29,2026-07-29,https://www.jobvite.com/,ats_detected,4,success_after_fallback
bc3248fdbd4f,2026-07-29,1c2b4e10bf58,Wallaroo AI,https://wallaroo.ai/,https://www.jobvite.com/,IT Manager,https://www.jobvite.com/solutions/role/it,"Manhattan, NY, United States",Manhattan,NY,United States,Not specified,,,,Core Space,2026-07-29,2026-07-29,https://www.jobvite.com/,ats_detected,4,success_after_fallback
