job_id,snapshot_date,company_id,company_name,company_website,careers_url,job_title,job_url,location,city,state,country,remote,salary_min,salary_max,department,category,date_found,last_seen_at,source_url,discovery_method,job_confidence_score,status
cb87fe77bb36,2026-09-12,a3c0ab6694be,Bluefors Inc.,https://bluefors.com/,https://careers.bluefors.com/jobs,Business Development Specialist,https://careers.bluefors.com/jobs/8325654-business-development-specialist,"Syracuse, NY, United States",Syracuse,NY,United States,Not specified,,,,Core Space,2026-09-12,2026-09-12,https://careers.bluefors.com/jobs,linked_page,4,success_after_fallback
5b544f66d3fc,2026-09-12,a3c0ab6694be,Bluefors Inc.,https://bluefors.com/,https://careers.bluefors.com/jobs,Maintenance Technician,https://careers.bluefors.com/jobs/8287991-maintenance-technician,"Syracuse, NY, United States",Syracuse,NY,United States,Not specified,,,,Core Space,2026-09-12,2026-09-12,https://careers.bluefors.com/jobs,linked_page,4,success_after_fallback
ede31c521720,2026-09-12,a3c0ab6694be,Bluefors Inc.,https://bluefors.com/,https://careers.bluefors.com/jobs,Engineering Technician – R&D,https://careers.bluefors.com/jobs/8280448-engineering-technician-r-d,"Syracuse, NY, United States",Syracuse,NY,United States,Not specified,,,,Core Space,2026-09-12,2026-09-12,https://careers.bluefors.com/jobs,linked_page,4,success_after_fallback
215ba270929b,2026-09-12,a3c0ab6694be,Bluefors Inc.,https://bluefors.com/,https://careers.bluefors.com/jobs,Mechanical Engineer,https://careers.bluefors.com/jobs/8280256-mechanical-engineer,"Syracuse, NY, United States",Syracuse,NY,United States,Not specified,,,,Core Space,2026-09-12,2026-09-12,https://careers.bluefors.com/jobs,linked_page,4,success_after_fallback
105164451c73,2026-09-12,a3c0ab6694be,Bluefors Inc.,https://bluefors.com/,https://careers.bluefors.com/jobs,Account Associate,https://careers.bluefors.com/jobs/8269204-account-associate,"Syracuse, NY, United States",Syracuse,NY,United States,Not specified,,,,Core Space,2026-09-12,2026-09-12,https://careers.bluefors.com/jobs,linked_page,4,success_after_fallback
2d6a54da39ee,2026-09-12,a3c0ab6694be,Bluefors Inc.,https://bluefors.com/,https://careers.bluefors.com/jobs,Packaging & Crating Technician I,https://careers.bluefors.com/jobs/8269063-packaging-crating-technician-i,"Syracuse, NY, United States",Syracuse,NY,United States,Not specified,,,,Core Space,2026-09-12,2026-09-12,https://careers.bluefors.com/jobs,linked_page,4,success_after_fallback
aa697e1fabb6,2026-09-12,a3c0ab6694be,Bluefors Inc.,https://bluefors.com/,https://careers.bluefors.com/jobs,Senior Sales Analyst,https://careers.bluefors.com/jobs/8263617-senior-sales-analyst,Hybrid,,,,Hybrid,,,,Core Space,2026-09-12,2026-09-12,https://careers.bluefors.com/jobs,linked_page,4,success_after_fallback
b135afe961df,2026-09-12,a3c0ab6694be,Bluefors Inc.,https://bluefors.com/,https://careers.bluefors.com/jobs,Manufacturing Associate (Second Shift),https://careers.bluefors.com/jobs/8250373-manufacturing-associate-second-shift,"Syracuse, NY, United States",Syracuse,NY,United States,Not specified,,,,Core Space,2026-09-12,2026-09-12,https://careers.bluefors.com/jobs,linked_page,4,success_after_fallback
64cb776284e0,2026-09-12,a3c0ab6694be,Bluefors Inc.,https://bluefors.com/,https://careers.bluefors.com/jobs,Operations and Supply Chain,https://careers.bluefors.com/jobs/8241888-strategic-buyer,"Syracuse, NY, United States",Syracuse,NY,United States,Not specified,,,,Core Space,2026-09-12,2026-09-12,https://careers.bluefors.com/jobs,linked_page,4,success_after_fallback
8acad2b94319,2026-09-12,a3c0ab6694be,Bluefors Inc.,https://bluefors.com/,https://careers.bluefors.com/jobs,Shipping Coordinator,https://careers.bluefors.com/jobs/8237875-shipping-coordinator,"Syracuse, NY, United States",Syracuse,NY,United States,Not specified,,,,Core Space,2026-09-12,2026-09-12,https://careers.bluefors.com/jobs,linked_page,4,success_after_fallback
30f6f44e3b72,2026-09-12,a3c0ab6694be,Bluefors Inc.,https://bluefors.com/,https://careers.bluefors.com/jobs,Technical Sales Manager,https://careers.bluefors.com/jobs/8231513-technical-sales-manager,"Syracuse, NY, United States",Syracuse,NY,United States,Not specified,,,,Core Space,2026-09-12,2026-09-12,https://careers.bluefors.com/jobs,linked_page,4,success_after_fallback
57a0dbfdc8e4,2026-09-12,a3c0ab6694be,Bluefors Inc.,https://bluefors.com/,https://careers.bluefors.com/jobs,Accounting Associate,https://careers.bluefors.com/jobs/8224975-accounting-associate,"Syracuse, NY, United States",Syracuse,NY,United States,Not specified,,,,Core Space,2026-09-12,2026-09-12,https://careers.bluefors.com/jobs,linked_page,4,success_after_fallback
54ff67f5275f,2026-09-12,a3c0ab6694be,Bluefors Inc.,https://bluefors.com/,https://careers.bluefors.com/jobs,Manufacturing Associate: BTA Assembler,https://careers.bluefors.com/jobs/8190303-manufacturing-associate-bta-assembler,"Syracuse, NY, United States",Syracuse,NY,United States,Not specified,,,,Core Space,2026-09-12,2026-09-12,https://careers.bluefors.com/jobs,linked_page,4,success_after_fallback
5bc16c4b4fe7,2026-09-12,a3c0ab6694be,Bluefors Inc.,https://bluefors.com/,https://careers.bluefors.com/jobs,Manufacturing Associate: Compressor Assembly,https://careers.bluefors.com/jobs/8190267-manufacturing-associate-compressor-assembly,"Syracuse, NY, United States",Syracuse,NY,United States,Not specified,,,,Core Space,2026-09-12,2026-09-12,https://careers.bluefors.com/jobs,linked_page,4,success_after_fallback
3c8f7f752242,2026-09-12,a3c0ab6694be,Bluefors Inc.,https://bluefors.com/,https://careers.bluefors.com/jobs,R&D and Engineering,https://careers.bluefors.com/jobs/8190250-toolmaker,"Syracuse, NY, United States",Syracuse,NY,United States,Not specified,,,,Core Space,2026-09-12,2026-09-12,https://careers.bluefors.com/jobs,linked_page,4,success_after_fallback
4fc21f16dc33,2026-09-12,a3c0ab6694be,Bluefors Inc.,https://bluefors.com/,https://careers.bluefors.com/jobs,Cryogenic R&D Engineer,https://careers.bluefors.com/jobs/8055772-cryogenic-r-d-engineer,"Syracuse, NY, United States",Syracuse,NY,United States,Not specified,,,,Core Space,2026-09-12,2026-09-12,https://careers.bluefors.com/jobs,linked_page,4,success_after_fallback
fd3748e6d18d,2026-09-12,49a10cfcff0c,AIP Publishing,https://publishing.aip.org/,https://job-boards.greenhouse.io/aippublishing,Sr Peer Review Specialist,https://job-boards.greenhouse.io/aippublishing/jobs/6166603004,"Remote - NY, NJ, CT, MD, VA, PA, MA, RI or Washington, DC",Remote - NY,NJ,United States,Remote,,,,Core Space,2026-09-12,2026-09-12,https://job-boards.greenhouse.io/aippublishing,known_careers_url,5,success
44b6c278841b,2026-09-12,49a10cfcff0c,AIP Publishing,https://publishing.aip.org/,https://job-boards.greenhouse.io/aippublishing,Cloud Infrastructure Engineer,https://job-boards.greenhouse.io/aippublishing/jobs/6144177004,"Remote - NY, NJ, CT, MD, VA, PA, MA, RI or Washington, DC",Remote - NY,NJ,United States,Remote,,,,Core Space,2026-09-12,2026-09-12,https://job-boards.greenhouse.io/aippublishing,known_careers_url,5,success
1a3ad1837653,2026-09-12,0c237be7f93d,Applied Visions,https://www.avi.com/,https://app.trinethire.com/companies/1321-the-applied-visions-companies-applied-visions-software-design-solutions/jobs,Electrical Engineer,https://app.trinethire.com/companies/1321-applied-visions-software-design-solutions/jobs/121839-electrical-engineer,"Clifton Park, NY, United States",Clifton Park,NY,United States,Not specified,,,,Aerospace,2026-09-12,2026-09-12,https://app.trinethire.com/companies/1321-the-applied-visions-companies-applied-visions-software-design-solutions/jobs,linked_page,4,success_after_fallback
cb371e86cd3d,2026-09-12,0c237be7f93d,Applied Visions,https://www.avi.com/,https://app.trinethire.com/companies/1321-the-applied-visions-companies-applied-visions-software-design-solutions/jobs,Director of Engineering,https://app.trinethire.com/companies/1321-applied-visions-software-design-solutions/jobs/118815-director-of-engineering,"Clifton Park, NY, United States",Clifton Park,NY,United States,Not specified,,,,Aerospace,2026-09-12,2026-09-12,https://app.trinethire.com/companies/1321-the-applied-visions-companies-applied-visions-software-design-solutions/jobs,linked_page,4,success_after_fallback
61417aaf893b,2026-09-12,0c237be7f93d,Applied Visions,https://www.avi.com/,https://app.trinethire.com/companies/1321-the-applied-visions-companies-applied-visions-software-design-solutions/jobs,Director of Product Management,https://app.trinethire.com/companies/1321-applied-visions-software-design-solutions/jobs/120485-director-of-product-management,"Clifton Park, NY, United States",Clifton Park,NY,United States,Not specified,,,,Aerospace,2026-09-12,2026-09-12,https://app.trinethire.com/companies/1321-the-applied-visions-companies-applied-visions-software-design-solutions/jobs,linked_page,4,success_after_fallback
0ac45e64ecd0,2026-09-12,0c237be7f93d,Applied Visions,https://www.avi.com/,https://app.trinethire.com/companies/1321-the-applied-visions-companies-applied-visions-software-design-solutions/jobs,Applied Visions Software Design Solutions,https://app.trinethire.com/companies/1321-applied-visions-software-design-solutions/jobs/120013-machinist-prototype-machining-3-month-contract,"Clifton Park, NY, United States",Clifton Park,NY,United States,Not specified,,,,Aerospace,2026-09-12,2026-09-12,https://app.trinethire.com/companies/1321-the-applied-visions-companies-applied-visions-software-design-solutions/jobs,linked_page,4,success_after_fallback
873a8c5d3c48,2026-09-12,405cf37b5e7d,Arkwin Industries,https://www.arkwin.com/,https://www.arkwin.com/job/senior-design-engineer-3,Senior Design Engineer,https://www.arkwin.com/job/senior-design-engineer-3,"Bethpage, NY",Bethpage,NY,United States,Not specified,,,,Space & Defense,2026-09-12,2026-09-12,https://www.arkwin.com/job/senior-design-engineer-3,linked_page,3,success_after_fallback
973ecca02f98,2026-09-12,405cf37b5e7d,Arkwin Industries,https://www.arkwin.com/,https://www.arkwin.com/job/quality-engineer-2,Quality Engineer,https://www.arkwin.com/job/quality-engineer-2,"Bethpage, NY",Bethpage,NY,United States,Not specified,,,,Space & Defense,2026-09-12,2026-09-12,https://www.arkwin.com/job/quality-engineer-2,linked_page,3,success_after_fallback
27443147dc30,2026-09-12,405cf37b5e7d,Arkwin Industries,https://www.arkwin.com/,https://www.arkwin.com/job/business-development-manager,Business Development Manager,https://www.arkwin.com/job/business-development-manager,"Bethpage, NY",Bethpage,NY,United States,Not specified,,,,Space & Defense,2026-09-12,2026-09-12,https://www.arkwin.com/job/business-development-manager,linked_page,3,success_after_fallback
f398e8e870ff,2026-09-12,405cf37b5e7d,Arkwin Industries,https://www.arkwin.com/,https://www.arkwin.com/job/business-unit-manager-4,Business Unit Manager,https://www.arkwin.com/job/business-unit-manager-4,"Bethpage, NY",Bethpage,NY,United States,Not specified,,,,Space & Defense,2026-09-12,2026-09-12,https://www.arkwin.com/job/business-unit-manager-4,linked_page,3,success_after_fallback
8dda5fe97d2c,2026-09-12,405cf37b5e7d,Arkwin Industries,https://www.arkwin.com/,https://www.arkwin.com/job/customer-account-manager-9,Customer Account Manager,https://www.arkwin.com/job/customer-account-manager-9,"Bethpage, NY",Bethpage,NY,United States,Not specified,,,,Space & Defense,2026-09-12,2026-09-12,https://www.arkwin.com/job/customer-account-manager-9,linked_page,3,success_after_fallback
b2b2914032be,2026-09-12,f7b8731a7e71,ASR International,https://www.asrintl.com/,https://asrinternationalcorp.applytojob.com/apply/jobs,Electronics Engineer Technician,https://asrinternationalcorp.applytojob.com/apply/jobs/details/CFSB99xiHD,"Missoula, MT",Missoula,MT,United States,Not specified,,,,Space & Defense,2026-09-12,2026-09-12,https://asrinternationalcorp.applytojob.com/apply/jobs,known_careers_url,4,success
252c7a131ccc,2026-09-12,f7b8731a7e71,ASR International,https://www.asrintl.com/,https://asrinternationalcorp.applytojob.com/apply/jobs,Marine Corps Maintenance Management Specialist (GCSS-MC / TDM Catalyst),https://asrinternationalcorp.applytojob.com/apply/jobs/details/yTDiALCMv0,"Camp Lejeune, NC",Camp Lejeune,NC,United States,Not specified,,,,Space & Defense,2026-09-12,2026-09-12,https://asrinternationalcorp.applytojob.com/apply/jobs,known_careers_url,4,success
83e5e7e90475,2026-09-12,f7b8731a7e71,ASR International,https://www.asrintl.com/,https://asrinternationalcorp.applytojob.com/apply/jobs,Mechanical Engineering Technician - Fabrication & Shop Support,https://asrinternationalcorp.applytojob.com/apply/jobs/details/hx94us72S5,"Missoula, MT",Missoula,MT,United States,Not specified,,,,Space & Defense,2026-09-12,2026-09-12,https://asrinternationalcorp.applytojob.com/apply/jobs,known_careers_url,4,success
7bdd4441d288,2026-09-12,f7b8731a7e71,ASR International,https://www.asrintl.com/,https://asrinternationalcorp.applytojob.com/apply/jobs,TPRB Construction Engineer – Dam Safety SME,https://asrinternationalcorp.applytojob.com/apply/jobs/details/vmXXU9eT1F,"Tierra Amarillia, NM",Tierra Amarillia,NM,United States,Not specified,,,,Space & Defense,2026-09-12,2026-09-12,https://asrinternationalcorp.applytojob.com/apply/jobs,known_careers_url,4,success
2d6f420a125c,2026-09-12,f7b8731a7e71,ASR International,https://www.asrintl.com/,https://asrinternationalcorp.applytojob.com/apply/jobs,Information Systems Analyst,https://asrinternationalcorp.applytojob.com/apply/jobs/details/DHQO7hotlQ,"Fort Worth, TX",Fort Worth,TX,United States,Not specified,,,,Space & Defense,2026-09-12,2026-09-12,https://asrinternationalcorp.applytojob.com/apply/jobs,known_careers_url,4,success
234058d2f490,2026-09-12,f7b8731a7e71,ASR International,https://www.asrintl.com/,https://asrinternationalcorp.applytojob.com/apply/jobs,Inventory Specialist,https://asrinternationalcorp.applytojob.com/apply/jobs/details/SE42q9itOE,"Minden, NV",Minden,NV,United States,Not specified,,,,Space & Defense,2026-09-12,2026-09-12,https://asrinternationalcorp.applytojob.com/apply/jobs,known_careers_url,4,success
d9d06315290c,2026-09-12,f7b8731a7e71,ASR International,https://www.asrintl.com/,https://asrinternationalcorp.applytojob.com/apply/jobs,Configuration Manager,https://asrinternationalcorp.applytojob.com/apply/jobs/details/8P5k3ffLoW,"MacDill AFB, FL",MacDill AFB,FL,United States,Not specified,,,,Space & Defense,2026-09-12,2026-09-12,https://asrinternationalcorp.applytojob.com/apply/jobs,known_careers_url,4,success
1607117b0a47,2026-09-12,f7b8731a7e71,ASR International,https://www.asrintl.com/,https://asrinternationalcorp.applytojob.com/apply/jobs,IT Asset Manager,https://asrinternationalcorp.applytojob.com/apply/jobs/details/VzwN3Vnbws,"MacDill AFB, FL",MacDill AFB,FL,United States,Not specified,,,,Space & Defense,2026-09-12,2026-09-12,https://asrinternationalcorp.applytojob.com/apply/jobs,known_careers_url,4,success
04099190582d,2026-09-12,f7b8731a7e71,ASR International,https://www.asrintl.com/,https://asrinternationalcorp.applytojob.com/apply/jobs,Senior Configuration Manager,https://asrinternationalcorp.applytojob.com/apply/jobs/details/R8fgQykTyg,"MacDill AFB, FL",MacDill AFB,FL,United States,Not specified,,,,Space & Defense,2026-09-12,2026-09-12,https://asrinternationalcorp.applytojob.com/apply/jobs,known_careers_url,4,success
42dea78c8362,2026-09-12,f7b8731a7e71,ASR International,https://www.asrintl.com/,https://asrinternationalcorp.applytojob.com/apply/jobs,Civil Engineer - Federal Project Puget Sound Area WA,https://asrinternationalcorp.applytojob.com/apply/jobs/details/4EwkxN1ubg,"Silverdale, WA",Silverdale,WA,United States,Not specified,,,,Space & Defense,2026-09-12,2026-09-12,https://asrinternationalcorp.applytojob.com/apply/jobs,known_careers_url,4,success
cf99b49e5351,2026-09-12,f7b8731a7e71,ASR International,https://www.asrintl.com/,https://asrinternationalcorp.applytojob.com/apply/jobs,Electrical Engineer - Federal Project Puget Sound WA,https://asrinternationalcorp.applytojob.com/apply/jobs/details/ZLuDtwfZhZ,"Silverdale, WA",Silverdale,WA,United States,Not specified,,,,Space & Defense,2026-09-12,2026-09-12,https://asrinternationalcorp.applytojob.com/apply/jobs,known_careers_url,4,success
2ae38099ec20,2026-09-12,f7b8731a7e71,ASR International,https://www.asrintl.com/,https://asrinternationalcorp.applytojob.com/apply/jobs,"Fire Protection Engineer - Federal Project, Puget Sound WA",https://asrinternationalcorp.applytojob.com/apply/jobs/details/AbPsOo11Oe,"Silverdale, WA",Silverdale,WA,United States,Not specified,,,,Space & Defense,2026-09-12,2026-09-12,https://asrinternationalcorp.applytojob.com/apply/jobs,known_careers_url,4,success
0d995961de96,2026-09-12,f7b8731a7e71,ASR International,https://www.asrintl.com/,https://asrinternationalcorp.applytojob.com/apply/jobs,"Geotechnical Engineer - Federal Project, Puget Sound Area WA",https://asrinternationalcorp.applytojob.com/apply/jobs/details/iyeZrOpeMV,"Silverdale, WA",Silverdale,WA,United States,Not specified,,,,Space & Defense,2026-09-12,2026-09-12,https://asrinternationalcorp.applytojob.com/apply/jobs,known_careers_url,4,success
e7579b5a575e,2026-09-12,f7b8731a7e71,ASR International,https://www.asrintl.com/,https://asrinternationalcorp.applytojob.com/apply/jobs,Interior Designer,https://asrinternationalcorp.applytojob.com/apply/jobs/details/U8rduUxF8h,"Silverdale, WA",Silverdale,WA,United States,Not specified,,,,Space & Defense,2026-09-12,2026-09-12,https://asrinternationalcorp.applytojob.com/apply/jobs,known_careers_url,4,success
3d39b6753765,2026-09-12,f7b8731a7e71,ASR International,https://www.asrintl.com/,https://asrinternationalcorp.applytojob.com/apply/jobs,Mechanical Engineer,https://asrinternationalcorp.applytojob.com/apply/jobs/details/uzScG4So4o,"Silverdale, WA",Silverdale,WA,United States,Not specified,,,,Space & Defense,2026-09-12,2026-09-12,https://asrinternationalcorp.applytojob.com/apply/jobs,known_careers_url,4,success
16f02b522c48,2026-09-12,f7b8731a7e71,ASR International,https://www.asrintl.com/,https://asrinternationalcorp.applytojob.com/apply/jobs,Program / Data Analyst,https://asrinternationalcorp.applytojob.com/apply/jobs/details/kJ6JG8cPbt,"Silverdale, WA",Silverdale,WA,United States,Not specified,,,,Space & Defense,2026-09-12,2026-09-12,https://asrinternationalcorp.applytojob.com/apply/jobs,known_careers_url,4,success
025d5c4b4032,2026-09-12,f7b8731a7e71,ASR International,https://www.asrintl.com/,https://asrinternationalcorp.applytojob.com/apply/jobs,Structural Engineer,https://asrinternationalcorp.applytojob.com/apply/jobs/details/Sg497yjGBO,"Silverdale, WA",Silverdale,WA,United States,Not specified,,,,Space & Defense,2026-09-12,2026-09-12,https://asrinternationalcorp.applytojob.com/apply/jobs,known_careers_url,4,success
1af5e2dd5580,2026-09-12,f7b8731a7e71,ASR International,https://www.asrintl.com/,https://asrinternationalcorp.applytojob.com/apply/jobs,Warehouse Associate,https://asrinternationalcorp.applytojob.com/apply/jobs/details/Sz0qmFohHe,"Minden, NV",Minden,NV,United States,Not specified,,,,Space & Defense,2026-09-12,2026-09-12,https://asrinternationalcorp.applytojob.com/apply/jobs,known_careers_url,4,success
478cb95642ea,2026-09-12,f7b8731a7e71,ASR International,https://www.asrintl.com/,https://asrinternationalcorp.applytojob.com/apply/jobs,Human Resources Specialist,https://asrinternationalcorp.applytojob.com/apply/jobs/details/pGDEb7m4z4,"Hauppauge, NY",Hauppauge,NY,United States,Not specified,,,,Space & Defense,2026-09-12,2026-09-12,https://asrinternationalcorp.applytojob.com/apply/jobs,known_careers_url,4,success
918dc8cfd88d,2026-09-12,f7b8731a7e71,ASR International,https://www.asrintl.com/,https://asrinternationalcorp.applytojob.com/apply/jobs,Recruiter (Government Contracting),https://asrinternationalcorp.applytojob.com/apply/jobs/details/nnRyvfnb08,"Hauppauge, NY",Hauppauge,NY,United States,Not specified,,,,Space & Defense,2026-09-12,2026-09-12,https://asrinternationalcorp.applytojob.com/apply/jobs,known_careers_url,4,success
c92c38fcccb8,2026-09-12,f7b8731a7e71,ASR International,https://www.asrintl.com/,https://asrinternationalcorp.applytojob.com/apply/jobs,"ADMINSTRATIVE ASSISTANT - ASR Corporate Office, Hauppauge, New York",https://asrinternationalcorp.applytojob.com/apply/jobs/details/oSYUcKaGm7,"Haupppauge, NY",Haupppauge,NY,United States,Not specified,,,,Space & Defense,2026-09-12,2026-09-12,https://asrinternationalcorp.applytojob.com/apply/jobs,known_careers_url,4,success
b3dd33f23140,2026-09-12,f7b8731a7e71,ASR International,https://www.asrintl.com/,https://asrinternationalcorp.applytojob.com/apply/jobs,Warehouse Operations Support,https://asrinternationalcorp.applytojob.com/apply/jobs/details/r9UREC7YrW,"Port Hueneme, CA",Port Hueneme,CA,United States,Not specified,,,,Space & Defense,2026-09-12,2026-09-12,https://asrinternationalcorp.applytojob.com/apply/jobs,known_careers_url,4,success
49504576d24b,2026-09-12,f7b8731a7e71,ASR International,https://www.asrintl.com/,https://asrinternationalcorp.applytojob.com/apply/jobs,Systems Administrator,https://asrinternationalcorp.applytojob.com/apply/jobs/details/wskJdxMVm3,"Philadelphia, PA",Philadelphia,PA,United States,Not specified,,,,Space & Defense,2026-09-12,2026-09-12,https://asrinternationalcorp.applytojob.com/apply/jobs,known_careers_url,4,success
a6b87e15bfc2,2026-09-12,f7b8731a7e71,ASR International,https://www.asrintl.com/,https://asrinternationalcorp.applytojob.com/apply/jobs,Engineering Technical/Proposal Writer - Entry Level,https://asrinternationalcorp.applytojob.com/apply/jobs/details/XBSGZgZv0y,"Hauppauge, NY",Hauppauge,NY,United States,Not specified,,,,Space & Defense,2026-09-12,2026-09-12,https://asrinternationalcorp.applytojob.com/apply/jobs,known_careers_url,4,success
2ff1f9a5aef7,2026-09-12,f7b8731a7e71,ASR International,https://www.asrintl.com/,https://asrinternationalcorp.applytojob.com/apply/jobs,Jr. IT Specialist,https://asrinternationalcorp.applytojob.com/apply/jobs/details/04COKdK6VU,"Hauppauge, NY",Hauppauge,NY,United States,Not specified,,,,Space & Defense,2026-09-12,2026-09-12,https://asrinternationalcorp.applytojob.com/apply/jobs,known_careers_url,4,success
35405d1364a6,2026-09-12,f7b8731a7e71,ASR International,https://www.asrintl.com/,https://asrinternationalcorp.applytojob.com/apply/jobs,Jr. Contract Analyst/Admin,https://asrinternationalcorp.applytojob.com/apply/jobs/details/xgnxrAysaC,"Hauppauge, NY",Hauppauge,NY,United States,Not specified,,,,Space & Defense,2026-09-12,2026-09-12,https://asrinternationalcorp.applytojob.com/apply/jobs,known_careers_url,4,success
c5a1b86385bc,2026-09-12,f7b8731a7e71,ASR International,https://www.asrintl.com/,https://asrinternationalcorp.applytojob.com/apply/jobs,Construction Management Support/Field Engineer,https://asrinternationalcorp.applytojob.com/apply/jobs/details/GnwewXo9mw,"Bremerton, WA",Bremerton,WA,United States,Not specified,,,,Space & Defense,2026-09-12,2026-09-12,https://asrinternationalcorp.applytojob.com/apply/jobs,known_careers_url,4,success
061c23000c12,2026-09-12,f7b8731a7e71,ASR International,https://www.asrintl.com/,https://asrinternationalcorp.applytojob.com/apply/jobs,Project Field Engineer,https://asrinternationalcorp.applytojob.com/apply/jobs/details/ykZ3eXeJqr,"Bremerton, WA",Bremerton,WA,United States,Not specified,,,,Space & Defense,2026-09-12,2026-09-12,https://asrinternationalcorp.applytojob.com/apply/jobs,known_careers_url,4,success
e0ea4168ace7,2026-09-12,f7b8731a7e71,ASR International,https://www.asrintl.com/,https://asrinternationalcorp.applytojob.com/apply/jobs,Construction Inspector/Engineering Technician,https://asrinternationalcorp.applytojob.com/apply/jobs/details/ZszfKDngfY,"Pensacola, FL",Pensacola,FL,United States,Not specified,,,,Space & Defense,2026-09-12,2026-09-12,https://asrinternationalcorp.applytojob.com/apply/jobs,known_careers_url,4,success
0fd58b762edd,2026-09-12,f7b8731a7e71,ASR International,https://www.asrintl.com/,https://asrinternationalcorp.applytojob.com/apply/jobs,Construction Management / Surveillance Engineer (CSE),https://asrinternationalcorp.applytojob.com/apply/jobs/details/ufpzVPyALE,"Pensacola, FL",Pensacola,FL,United States,Not specified,,,,Space & Defense,2026-09-12,2026-09-12,https://asrinternationalcorp.applytojob.com/apply/jobs,known_careers_url,4,success
e9ed9835b461,2026-09-12,f7b8731a7e71,ASR International,https://www.asrintl.com/,https://asrinternationalcorp.applytojob.com/apply/jobs,Pricing/Cost Analyst - Labor (ENTRY Level),https://asrinternationalcorp.applytojob.com/apply/jobs/details/zR8MbQsjSp,"Hauppauge, NY",Hauppauge,NY,United States,Not specified,,,,Space & Defense,2026-09-12,2026-09-12,https://asrinternationalcorp.applytojob.com/apply/jobs,known_careers_url,4,success
0c49e775699e,2026-09-12,b00ce903c871,Boeing,https://www.boeing.com/resources/boeingdotcom/government-operations/state_cards/Card_NY.pdf,https://jobs.boeing.com/,Flight Test Engineer - Test Conductor (Associate or Experienced),https://jobs.boeing.com/job/berkeley/flight-test-engineer-test-conductor-associate-or-experienced/185/99859400496,"Berkeley, Missouri, United States",Berkeley,MO,United States,Not specified,,,,Aerospace,2026-09-12,2026-09-12,https://jobs.boeing.com/,known_careers_url,4,success
d1486bce22f7,2026-09-12,b00ce903c871,Boeing,https://www.boeing.com/resources/boeingdotcom/government-operations/state_cards/Card_NY.pdf,https://jobs.boeing.com/,Flight Test Lead,https://jobs.boeing.com/job/berkeley/flight-test-lead/185/96622403056,"Berkeley, Missouri, United States",Berkeley,MO,United States,Not specified,,,,Aerospace,2026-09-12,2026-09-12,https://jobs.boeing.com/,known_careers_url,4,success
c91e97c9e255,2026-09-12,b00ce903c871,Boeing,https://www.boeing.com/resources/boeingdotcom/government-operations/state_cards/Card_NY.pdf,https://jobs.boeing.com/manufacturing-careers,MRO Mechanical Supervisor,https://jobs.boeing.com/job/middle-wallop/mro-mechanical-supervisor/185/100494799536,"Middle Wallop, United Kingdom",Middle Wallop,,United Kingdom,Not specified,,,,Aerospace,2026-09-12,2026-09-12,https://jobs.boeing.com/manufacturing-careers,linked_page,4,success_after_fallback
0fc3c8c7ee73,2026-09-12,b00ce903c871,Boeing,https://www.boeing.com/resources/boeingdotcom/government-operations/state_cards/Card_NY.pdf,https://jobs.boeing.com/manufacturing-careers,Lead Maintenance Technician (m/f/d),https://jobs.boeing.com/job/holzdorf/lead-maintenance-technician-m-f-d/185/99031711872,"Holzdorf, Germany",Holzdorf,,Germany,Not specified,,,,Aerospace,2026-09-12,2026-09-12,https://jobs.boeing.com/manufacturing-careers,linked_page,4,success_after_fallback
85af9632be0b,2026-09-12,b00ce903c871,Boeing,https://www.boeing.com/resources/boeingdotcom/government-operations/state_cards/Card_NY.pdf,https://jobs.boeing.com/manufacturing-careers,Maintenance Technician m/f/d,https://jobs.boeing.com/job/holzdorf/maintenance-technician-m-f-d/185/99031711712,"Holzdorf, Germany",Holzdorf,,Germany,Not specified,,,,Aerospace,2026-09-12,2026-09-12,https://jobs.boeing.com/manufacturing-careers,linked_page,4,success_after_fallback
2df6ee6d5226,2026-09-12,b00ce903c871,Boeing,https://www.boeing.com/resources/boeingdotcom/government-operations/state_cards/Card_NY.pdf,https://jobs.boeing.com/cybersecurity-careers,Cybersecurity – Information System Security Manager (ISSM),https://jobs.boeing.com/job/seal-beach/cybersecurity-information-system-security-manager-issm/185/100457139776,"Seal Beach, California, United States",Seal Beach,CA,United States,Not specified,,,,Aerospace,2026-09-12,2026-09-12,https://jobs.boeing.com/cybersecurity-careers,linked_page,4,success_after_fallback
1896eb4035f7,2026-09-12,b00ce903c871,Boeing,https://www.boeing.com/resources/boeingdotcom/government-operations/state_cards/Card_NY.pdf,https://jobs.boeing.com/cybersecurity-careers,Mid-Level Application Security Analyst,https://jobs.boeing.com/job/wichita/mid-level-application-security-analyst/185/100194672768,"Wichita, Kansas, United States",Wichita,KS,United States,Not specified,,,,Aerospace,2026-09-12,2026-09-12,https://jobs.boeing.com/cybersecurity-careers,linked_page,4,success_after_fallback
4dacf6cfdc2a,2026-09-12,b00ce903c871,Boeing,https://www.boeing.com/resources/boeingdotcom/government-operations/state_cards/Card_NY.pdf,https://jobs.boeing.com/cybersecurity-careers,Cyber Security Specialist,https://jobs.boeing.com/job/brisbane/cyber-security-specialist/185/97168971856,"Brisbane, Australia",Brisbane,,Australia,Not specified,,,,Aerospace,2026-09-12,2026-09-12,https://jobs.boeing.com/cybersecurity-careers,linked_page,4,success_after_fallback
6299af27a7e3,2026-09-12,b00ce903c871,Boeing,https://www.boeing.com/resources/boeingdotcom/government-operations/state_cards/Card_NY.pdf,https://jobs.boeing.com/cybersecurity-careers,Cybersecurity - Information System Security Manager (ISSM),https://jobs.boeing.com/job/herndon/cybersecurity-information-system-security-manager-issm/185/100123342864,"Herndon, Virginia, United States",Herndon,VA,United States,Not specified,,,,Aerospace,2026-09-12,2026-09-12,https://jobs.boeing.com/cybersecurity-careers,linked_page,4,success_after_fallback
006a662675e2,2026-09-12,b00ce903c871,Boeing,https://www.boeing.com/resources/boeingdotcom/government-operations/state_cards/Card_NY.pdf,https://jobs.boeing.com/data-science-and-analytics-careers,"Associate Software Engineer, Phantom Works",https://jobs.boeing.com/job/berkeley/associate-software-engineer-phantom-works/185/100451478160,"Berkeley, Missouri, United States",Berkeley,MO,United States,Not specified,,,,Aerospace,2026-09-12,2026-09-12,https://jobs.boeing.com/data-science-and-analytics-careers,linked_page,4,success_after_fallback
4682319f3ea6,2026-09-12,b00ce903c871,Boeing,https://www.boeing.com/resources/boeingdotcom/government-operations/state_cards/Card_NY.pdf,https://jobs.boeing.com/data-science-and-analytics-careers,Cost Estimating Manager – Millennium Space Systems,https://jobs.boeing.com/job/el-segundo/cost-estimating-manager-millennium-space-systems/185/100399986064,"El Segundo, California, United States; and other locations",El Segundo,CA,United States,Not specified,,,,Aerospace,2026-09-12,2026-09-12,https://jobs.boeing.com/data-science-and-analytics-careers,linked_page,4,success_after_fallback
1d981bff28bb,2026-09-12,b00ce903c871,Boeing,https://www.boeing.com/resources/boeingdotcom/government-operations/state_cards/Card_NY.pdf,https://jobs.boeing.com/data-science-and-analytics-careers,"Boeing Engineering & Technology Innovation Graduate Researcher Program, Applied Mathematician Intern",https://jobs.boeing.com/job/north-charleston/boeing-engineering-and-technology-innovation-graduate-researcher-program-applied-mathematician-inte/185/100364523088,"North Charleston, South Carolina, United States",North Charleston,SC,United States,Not specified,,,,Aerospace,2026-09-12,2026-09-12,https://jobs.boeing.com/data-science-and-analytics-careers,linked_page,4,success_after_fallback
c47511186b8b,2026-09-12,b00ce903c871,Boeing,https://www.boeing.com/resources/boeingdotcom/government-operations/state_cards/Card_NY.pdf,https://jobs.boeing.com/information-technology-careers,Customer Operations and Identity & Access Management Business Systems & Data Analyst,https://jobs.boeing.com/job/seattle/customer-operations-and-identity-and-access-management-business-systems-and-data-analyst/185/100501037072,"Seattle, Washington, United States",Seattle,WA,United States,Not specified,,,,Aerospace,2026-09-12,2026-09-12,https://jobs.boeing.com/information-technology-careers,linked_page,4,success_after_fallback
9bfbea5c07d1,2026-09-12,b00ce903c871,Boeing,https://www.boeing.com/resources/boeingdotcom/government-operations/state_cards/Card_NY.pdf,https://jobs.boeing.com/information-technology-careers,Software Application Test Lead,https://jobs.boeing.com/job/scott-air-force-base/software-application-test-lead/185/97479072416,"Scott Air Force Base, Illinois, United States",Scott Air Force Base,IL,United States,Not specified,,,,Aerospace,2026-09-12,2026-09-12,https://jobs.boeing.com/information-technology-careers,linked_page,4,success_after_fallback
36b0413167ca,2026-09-12,b00ce903c871,Boeing,https://www.boeing.com/resources/boeingdotcom/government-operations/state_cards/Card_NY.pdf,https://jobs.boeing.com/information-technology-careers,Software Application Tester,https://jobs.boeing.com/job/scott-air-force-base/software-application-tester/185/97479072304,"Scott Air Force Base, Illinois, United States",Scott Air Force Base,IL,United States,Not specified,,,,Aerospace,2026-09-12,2026-09-12,https://jobs.boeing.com/information-technology-careers,linked_page,4,success_after_fallback
97c15a48cffc,2026-09-12,b00ce903c871,Boeing,https://www.boeing.com/resources/boeingdotcom/government-operations/state_cards/Card_NY.pdf,https://jobs.boeing.com/information-technology-careers,Security Software Engineer,https://jobs.boeing.com/job/swansea/security-software-engineer/185/94829598528,"Swansea, Illinois, United States; and other locations",Swansea,IL,United States,Not specified,,,,Aerospace,2026-09-12,2026-09-12,https://jobs.boeing.com/information-technology-careers,linked_page,4,success_after_fallback
01afbd73c957,2026-09-12,b00ce903c871,Boeing,https://www.boeing.com/resources/boeingdotcom/government-operations/state_cards/Card_NY.pdf,https://jobs.boeing.com/electronic-and-electrical-engineering-careers,Optical Engineer (Senior),https://jobs.boeing.com/job/albuquerque/optical-engineer-senior/185/99813723152,"Albuquerque, New Mexico, United States",Albuquerque,NM,United States,Not specified,,,,Aerospace,2026-09-12,2026-09-12,https://jobs.boeing.com/electronic-and-electrical-engineering-careers,linked_page,4,success_after_fallback
87a0bc24c971,2026-09-12,b00ce903c871,Boeing,https://www.boeing.com/resources/boeingdotcom/government-operations/state_cards/Card_NY.pdf,https://jobs.boeing.com/electronic-and-electrical-engineering-careers,Optical Engineer (Associate),https://jobs.boeing.com/job/albuquerque/optical-engineer-associate/185/99808377728,"Albuquerque, New Mexico, United States",Albuquerque,NM,United States,Not specified,,,,Aerospace,2026-09-12,2026-09-12,https://jobs.boeing.com/electronic-and-electrical-engineering-careers,linked_page,4,success_after_fallback
a115e5394790,2026-09-12,b00ce903c871,Boeing,https://www.boeing.com/resources/boeingdotcom/government-operations/state_cards/Card_NY.pdf,https://jobs.boeing.com/electronic-and-electrical-engineering-careers,Airplane Electronic Engineer (Associate),https://jobs.boeing.com/job/north-charleston/airplane-electronic-engineer-associate/185/99550189712,"North Charleston, South Carolina, United States",North Charleston,SC,United States,Not specified,,,,Aerospace,2026-09-12,2026-09-12,https://jobs.boeing.com/electronic-and-electrical-engineering-careers,linked_page,4,success_after_fallback
c23d3d22af63,2026-09-12,b00ce903c871,Boeing,https://www.boeing.com/resources/boeingdotcom/government-operations/state_cards/Card_NY.pdf,https://jobs.boeing.com/electronic-and-electrical-engineering-careers,Electrical Ground Support Equipment (EGSE) Engineer - Millennium Space Systems,https://jobs.boeing.com/job/el-segundo/electrical-ground-support-equipment-egse-engineer-millennium-space-systems/185/99727411568,"El Segundo, California, United States; and other locations",El Segundo,CA,United States,Not specified,,,,Aerospace,2026-09-12,2026-09-12,https://jobs.boeing.com/electronic-and-electrical-engineering-careers,linked_page,4,success_after_fallback
a72053e4483a,2026-09-12,b00ce903c871,Boeing,https://www.boeing.com/resources/boeingdotcom/government-operations/state_cards/Card_NY.pdf,https://jobs.boeing.com/flight-engineering-careers,Fault & Autonomy Engineer - Experimental Space Programs (Associate or Experienced),https://jobs.boeing.com/job/seal-beach/fault-and-autonomy-engineer-experimental-space-programs-associate-or-experienced/185/100506251648,"Seal Beach, California, United States; and other locations",Seal Beach,CA,United States,Not specified,,,,Aerospace,2026-09-12,2026-09-12,https://jobs.boeing.com/flight-engineering-careers,linked_page,4,success_after_fallback
f645de036493,2026-09-12,b00ce903c871,Boeing,https://www.boeing.com/resources/boeingdotcom/government-operations/state_cards/Card_NY.pdf,https://jobs.boeing.com/flight-engineering-careers,Senior Guidance Navigation & Control (GNC) Engineer,https://jobs.boeing.com/job/hazelwood/senior-guidance-navigation-and-control-gnc-engineer/185/100451480288,"Hazelwood, Missouri, United States; and other locations",Hazelwood,MO,United States,Not specified,,,,Aerospace,2026-09-12,2026-09-12,https://jobs.boeing.com/flight-engineering-careers,linked_page,4,success_after_fallback
d347e6741bcc,2026-09-12,b00ce903c871,Boeing,https://www.boeing.com/resources/boeingdotcom/government-operations/state_cards/Card_NY.pdf,https://jobs.boeing.com/flight-engineering-careers,Guidance Navigation & Control Engineers (Senior or Principal),https://jobs.boeing.com/job/seal-beach/guidance-navigation-and-control-engineers-senior-or-principal/185/100494798160,"Seal Beach, California, United States; and other locations",Seal Beach,CA,United States,Not specified,,,,Aerospace,2026-09-12,2026-09-12,https://jobs.boeing.com/flight-engineering-careers,linked_page,4,success_after_fallback
c19ffd04e7ee,2026-09-12,b00ce903c871,Boeing,https://www.boeing.com/resources/boeingdotcom/government-operations/state_cards/Card_NY.pdf,https://jobs.boeing.com/industrial-engineering-careers,Associate Industrial Engineer,https://jobs.boeing.com/job/san-antonio/associate-industrial-engineer/185/92325892560,"San Antonio, Texas, United States",San Antonio,TX,United States,Not specified,,,,Aerospace,2026-09-12,2026-09-12,https://jobs.boeing.com/industrial-engineering-careers,linked_page,4,success_after_fallback
1f7fe030c66f,2026-09-12,b00ce903c871,Boeing,https://www.boeing.com/resources/boeingdotcom/government-operations/state_cards/Card_NY.pdf,https://jobs.boeing.com/industrial-engineering-careers,Associate Manufacturing Planner,https://jobs.boeing.com/job/wichita/associate-manufacturing-planner/185/99808955312,"Wichita, Kansas, United States",Wichita,KS,United States,Not specified,,,,Aerospace,2026-09-12,2026-09-12,https://jobs.boeing.com/industrial-engineering-careers,linked_page,4,success_after_fallback
c2156af7a9f4,2026-09-12,b00ce903c871,Boeing,https://www.boeing.com/resources/boeingdotcom/government-operations/state_cards/Card_NY.pdf,https://jobs.boeing.com/industrial-engineering-careers,Industrial Engineer (Associate or Mid-Level),https://jobs.boeing.com/job/wichita/industrial-engineer-associate-or-mid-level/185/94027258800,"Wichita, Kansas, United States",Wichita,KS,United States,Not specified,,,,Aerospace,2026-09-12,2026-09-12,https://jobs.boeing.com/industrial-engineering-careers,linked_page,4,success_after_fallback
95f819ee19c0,2026-09-12,b00ce903c871,Boeing,https://www.boeing.com/resources/boeingdotcom/government-operations/state_cards/Card_NY.pdf,https://jobs.boeing.com/industrial-engineering-careers,Spirit Defense - Associate Industrial Engineer,https://jobs.boeing.com/job/wichita/spirit-defense-associate-industrial-engineer/185/95087216160,"Wichita, Kansas, United States",Wichita,KS,United States,Not specified,,,,Aerospace,2026-09-12,2026-09-12,https://jobs.boeing.com/industrial-engineering-careers,linked_page,4,success_after_fallback
2595a03b1690,2026-09-12,b00ce903c871,Boeing,https://www.boeing.com/resources/boeingdotcom/government-operations/state_cards/Card_NY.pdf,https://jobs.boeing.com/test-engineering-careers,Senior Test & Evaluation Engineer,https://jobs.boeing.com/job/titusville/senior-test-and-evaluation-engineer/185/100501034448,"Titusville, Florida, United States",Titusville,FL,United States,Not specified,,,,Aerospace,2026-09-12,2026-09-12,https://jobs.boeing.com/test-engineering-careers,linked_page,4,success_after_fallback
6b8c16b4696c,2026-09-12,b00ce903c871,Boeing,https://www.boeing.com/resources/boeingdotcom/government-operations/state_cards/Card_NY.pdf,https://jobs.boeing.com/test-engineering-careers,Test & Evaluation Engineer (Experienced or Associate),https://jobs.boeing.com/job/titusville/test-and-evaluation-engineer-experienced-or-associate/185/100501034432,"Titusville, Florida, United States",Titusville,FL,United States,Not specified,,,,Aerospace,2026-09-12,2026-09-12,https://jobs.boeing.com/test-engineering-careers,linked_page,4,success_after_fallback
08cd4b9badfa,2026-09-12,2cdfe8725858,Bren-Tronics,https://www.bren-tronics.com/,https://jobs.enersys.com/search?q=&q2=&alertId=&locationsearch=&title=&date=&location=commack,Test Technician III,https://jobs.enersys.com/job/Commack-Test-Technician-III-NY-11725/1394556633,"Commack, NY, United States",Commack,NY,United States,Not specified,,,,Aerospace,2026-09-12,2026-09-12,https://jobs.enersys.com/search?q=&q2=&alertId=&locationsearch=&title=&date=&location=commack,known_careers_url,4,success
1e3224182459,2026-09-12,2cdfe8725858,Bren-Tronics,https://www.bren-tronics.com/,https://jobs.enersys.com/search?q=&q2=&alertId=&locationsearch=&title=&date=&location=commack,Helpdesk Technician,https://jobs.enersys.com/job/Commack-Helpdesk-Technician-NY-11725/1414827333,"Commack, NY, United States",Commack,NY,United States,Not specified,,,,Aerospace,2026-09-12,2026-09-12,https://jobs.enersys.com/search?q=&q2=&alertId=&locationsearch=&title=&date=&location=commack,known_careers_url,4,success
e55e06af8ac9,2026-09-12,2cdfe8725858,Bren-Tronics,https://www.bren-tronics.com/,https://jobs.enersys.com/search?q=&q2=&alertId=&locationsearch=&title=&date=&location=commack,Mechanical Engineer,https://jobs.enersys.com/job/Commack-Mechanical-Engineer-NY-11725/1393814433,"Commack, NY, United States",Commack,NY,United States,Not specified,,,,Aerospace,2026-09-12,2026-09-12,https://jobs.enersys.com/search?q=&q2=&alertId=&locationsearch=&title=&date=&location=commack,known_careers_url,4,success
5f27154a2c21,2026-09-12,2cdfe8725858,Bren-Tronics,https://www.bren-tronics.com/,https://jobs.enersys.com/search?q=&q2=&alertId=&locationsearch=&title=&date=&location=commack,Electrical Engineer II,https://jobs.enersys.com/job/Commack-Electrical-Engineer-II-NY-11725/1393518033,"Commack, NY, United States",Commack,NY,United States,Not specified,,,,Aerospace,2026-09-12,2026-09-12,https://jobs.enersys.com/search?q=&q2=&alertId=&locationsearch=&title=&date=&location=commack,known_careers_url,4,success
3121343f583c,2026-09-12,2cdfe8725858,Bren-Tronics,https://www.bren-tronics.com/,https://jobs.enersys.com/search?q=&q2=&alertId=&locationsearch=&title=&date=&location=commack,Lead Electrical Engineer I,https://jobs.enersys.com/job/Commack-Lead-Electrical-Engineer-I-NY-11725/1422342233,"Commack, NY, United States",Commack,NY,United States,Not specified,,,,Aerospace,2026-09-12,2026-09-12,https://jobs.enersys.com/search?q=&q2=&alertId=&locationsearch=&title=&date=&location=commack,known_careers_url,4,success
4f672e01b0b7,2026-09-12,2cdfe8725858,Bren-Tronics,https://www.bren-tronics.com/,https://jobs.enersys.com/search?q=&q2=&alertId=&locationsearch=&title=&date=&location=commack,Engineering Clerical Assistant,https://jobs.enersys.com/job/Commack-Engineering-Clerical-Assistant-NY-11725/1432669233,"Commack, NY, United States",Commack,NY,United States,Not specified,,,,Aerospace,2026-09-12,2026-09-12,https://jobs.enersys.com/search?q=&q2=&alertId=&locationsearch=&title=&date=&location=commack,known_careers_url,4,success
7fd68aab3611,2026-09-12,2cdfe8725858,Bren-Tronics,https://www.bren-tronics.com/,https://jobs.enersys.com/search?q=&q2=&alertId=&locationsearch=&title=&date=&location=commack,Senior Manufacturing Engineer,https://jobs.enersys.com/job/Commack-Senior-Manufacturing-Engineer-NY-11725/1410435333,"Commack, NY, United States",Commack,NY,United States,Not specified,,,,Aerospace,2026-09-12,2026-09-12,https://jobs.enersys.com/search?q=&q2=&alertId=&locationsearch=&title=&date=&location=commack,known_careers_url,4,success
6bbc9453e327,2026-09-12,2cdfe8725858,Bren-Tronics,https://www.bren-tronics.com/,https://jobs.enersys.com/search?q=&q2=&alertId=&locationsearch=&title=&date=&location=commack,Manufacturing Engineer,https://jobs.enersys.com/job/Commack-Manufacturing-Engineer-NY-11725/1380552333,"Commack, NY, United States",Commack,NY,United States,Not specified,,,,Aerospace,2026-09-12,2026-09-12,https://jobs.enersys.com/search?q=&q2=&alertId=&locationsearch=&title=&date=&location=commack,known_careers_url,4,success
869b65d5f22a,2026-09-12,2cdfe8725858,Bren-Tronics,https://www.bren-tronics.com/,https://jobs.enersys.com/search?q=&q2=&alertId=&locationsearch=&title=&date=&location=commack,Senior Mechanical Engineer,https://jobs.enersys.com/job/Commack-Senior-Mechanical-Engineer-NY-11725/1279712201,"Commack, NY, United States",Commack,NY,United States,Not specified,,,,Aerospace,2026-09-12,2026-09-12,https://jobs.enersys.com/search?q=&q2=&alertId=&locationsearch=&title=&date=&location=commack,known_careers_url,4,success
5480da740e51,2026-09-12,2cdfe8725858,Bren-Tronics,https://www.bren-tronics.com/,https://jobs.enersys.com/search?q=&q2=&alertId=&locationsearch=&title=&date=&location=commack,Senior Electrical Engineer,https://jobs.enersys.com/job/Commack-Senior-Electrical-Engineer-NY-11725/1279809301,"Commack, NY, United States",Commack,NY,United States,Not specified,,,,Aerospace,2026-09-12,2026-09-12,https://jobs.enersys.com/search?q=&q2=&alertId=&locationsearch=&title=&date=&location=commack,known_careers_url,4,success
befe9653a0f7,2026-09-12,2cdfe8725858,Bren-Tronics,https://www.bren-tronics.com/,https://jobs.enersys.com/search?q=&q2=&alertId=&locationsearch=&title=&date=&location=commack,Production Manager,https://jobs.enersys.com/job/Commack-Production-Manager-NY-11725/1368745033,"Commack, NY, United States",Commack,NY,United States,Not specified,,,,Aerospace,2026-09-12,2026-09-12,https://jobs.enersys.com/search?q=&q2=&alertId=&locationsearch=&title=&date=&location=commack,known_careers_url,4,success
968f00799f05,2026-09-12,2cdfe8725858,Bren-Tronics,https://www.bren-tronics.com/,https://jobs.enersys.com/search?q=&q2=&alertId=&locationsearch=&title=&date=&location=commack,Planning Specialist,https://jobs.enersys.com/job/Commack-Planning-Specialist-NY-11725/1396086333,"Commack, NY, United States",Commack,NY,United States,Not specified,,,,Aerospace,2026-09-12,2026-09-12,https://jobs.enersys.com/search?q=&q2=&alertId=&locationsearch=&title=&date=&location=commack,known_careers_url,4,success
da70b7b40d0d,2026-09-12,2cdfe8725858,Bren-Tronics,https://www.bren-tronics.com/,https://jobs.enersys.com/search?createNewAlert=false&q=&locationsearch=&optionsFacetsDD_department=,Payroll Systems Analyst (UKG Pro WFM),https://jobs.enersys.com/job/Reading-Payroll-Systems-Analyst-%28UKG-Pro-WFM%29-PA-19605/1426749133,"Commack, NY, United States",Commack,NY,United States,Not specified,,,,Aerospace,2026-09-12,2026-09-12,https://jobs.enersys.com/search?createNewAlert=false&q=&locationsearch=&optionsFacetsDD_department=,linked_page,4,success_after_fallback
2f892e6f7e60,2026-09-12,2cdfe8725858,Bren-Tronics,https://www.bren-tronics.com/,https://jobs.enersys.com/search?createNewAlert=false&q=&locationsearch=&optionsFacetsDD_department=,Power Electronics Engineer,https://jobs.enersys.com/job/Arras-Cedex-Power-Electronics-Engineer-62033/1385580333,"Commack, NY, United States",Commack,NY,United States,Not specified,,,,Aerospace,2026-09-12,2026-09-12,https://jobs.enersys.com/search?createNewAlert=false&q=&locationsearch=&optionsFacetsDD_department=,linked_page,4,success_after_fallback
760fbaf6b606,2026-09-12,2cdfe8725858,Bren-Tronics,https://www.bren-tronics.com/,https://jobs.enersys.com/search?createNewAlert=false&q=&locationsearch=&optionsFacetsDD_department=,Production Operator,https://jobs.enersys.com/job/Richmond-Production-Operator-KY-40475/1426348833,"Commack, NY, United States",Commack,NY,United States,Not specified,,,,Aerospace,2026-09-12,2026-09-12,https://jobs.enersys.com/search?createNewAlert=false&q=&locationsearch=&optionsFacetsDD_department=,linked_page,4,success_after_fallback
ca1761cda5f6,2026-09-12,2cdfe8725858,Bren-Tronics,https://www.bren-tronics.com/,https://jobs.enersys.com/search?createNewAlert=false&q=&locationsearch=&optionsFacetsDD_department=,Business Financial Analyst,https://jobs.enersys.com/job/Reading-Business-Financial-Analyst-PA-19605/1426244433,"Commack, NY, United States",Commack,NY,United States,Not specified,,,,Aerospace,2026-09-12,2026-09-12,https://jobs.enersys.com/search?createNewAlert=false&q=&locationsearch=&optionsFacetsDD_department=,linked_page,4,success_after_fallback
6bd32f18f89c,2026-09-12,2cdfe8725858,Bren-Tronics,https://www.bren-tronics.com/,https://jobs.enersys.com/search?createNewAlert=false&q=&locationsearch=&optionsFacetsDD_department=,Strategic Sourcing Manager Indirect CapEx,https://jobs.enersys.com/job/Reading-Strategic-Sourcing-Manager-Indirect-CapEx-PA-19605/1394535633,"Commack, NY, United States",Commack,NY,United States,Not specified,,,,Aerospace,2026-09-12,2026-09-12,https://jobs.enersys.com/search?createNewAlert=false&q=&locationsearch=&optionsFacetsDD_department=,linked_page,4,success_after_fallback
0ce4e22f2fb7,2026-09-12,2cdfe8725858,Bren-Tronics,https://www.bren-tronics.com/,https://jobs.enersys.com/search?createNewAlert=false&q=&locationsearch=&optionsFacetsDD_department=,Environmental Health and Safety Technician,https://jobs.enersys.com/job/Hays-Environmental-Health-and-Safety-Technician-KS-67601/1405241933,"Commack, NY, United States",Commack,NY,United States,Not specified,,,,Aerospace,2026-09-12,2026-09-12,https://jobs.enersys.com/search?createNewAlert=false&q=&locationsearch=&optionsFacetsDD_department=,linked_page,4,success_after_fallback
84209c785202,2026-09-12,2cdfe8725858,Bren-Tronics,https://www.bren-tronics.com/,https://jobs.enersys.com/search?createNewAlert=false&q=&locationsearch=&optionsFacetsDD_department=,Business Systems & AI Developer,https://jobs.enersys.com/job/Reading-Business-Systems-&-AI-Developer-PA-19605/1436358733,"Commack, NY, United States",Commack,NY,United States,Not specified,,,,Aerospace,2026-09-12,2026-09-12,https://jobs.enersys.com/search?createNewAlert=false&q=&locationsearch=&optionsFacetsDD_department=,linked_page,4,success_after_fallback
6fdb3cdb0d44,2026-09-12,2cdfe8725858,Bren-Tronics,https://www.bren-tronics.com/,https://jobs.enersys.com/search?createNewAlert=false&q=&locationsearch=&optionsFacetsDD_department=,Sales Representative IV,https://jobs.enersys.com/job/Surrey-Sales-Representative-IV-Brit-V3W-5B9/1436358333,"Commack, NY, United States",Commack,NY,United States,Not specified,,,,Aerospace,2026-09-12,2026-09-12,https://jobs.enersys.com/search?createNewAlert=false&q=&locationsearch=&optionsFacetsDD_department=,linked_page,4,success_after_fallback
2cbb108a7146,2026-09-12,2cdfe8725858,Bren-Tronics,https://www.bren-tronics.com/,https://jobs.enersys.com/search?createNewAlert=false&q=&locationsearch=&optionsFacetsDD_department=,Service Manager,https://jobs.enersys.com/job/Norcross-Service-Manager-GA-30093/1436358133,"Commack, NY, United States",Commack,NY,United States,Not specified,,,,Aerospace,2026-09-12,2026-09-12,https://jobs.enersys.com/search?createNewAlert=false&q=&locationsearch=&optionsFacetsDD_department=,linked_page,4,success_after_fallback
61f45105ea56,2026-09-12,2cdfe8725858,Bren-Tronics,https://www.bren-tronics.com/,https://jobs.enersys.com/search?createNewAlert=false&q=&locationsearch=&optionsFacetsDD_department=,Environmental Health & Safety Manager,https://jobs.enersys.com/job/Springfield-Environmental-Health-&-Safety-Manager-MO-65803/1425764033,"Commack, NY, United States",Commack,NY,United States,Not specified,,,,Aerospace,2026-09-12,2026-09-12,https://jobs.enersys.com/search?createNewAlert=false&q=&locationsearch=&optionsFacetsDD_department=,linked_page,4,success_after_fallback
877a131261f0,2026-09-12,2cdfe8725858,Bren-Tronics,https://www.bren-tronics.com/,https://jobs.enersys.com/search?createNewAlert=false&q=&locationsearch=&optionsFacetsDD_department=,Cybersecurity Analyst II,https://jobs.enersys.com/job/Reading-Cybersecurity-Analyst-II-PA-19605/1425874833,"Commack, NY, United States",Commack,NY,United States,Not specified,,,,Aerospace,2026-09-12,2026-09-12,https://jobs.enersys.com/search?createNewAlert=false&q=&locationsearch=&optionsFacetsDD_department=,linked_page,4,success_after_fallback
f5835ac9dc89,2026-09-12,2cdfe8725858,Bren-Tronics,https://www.bren-tronics.com/,https://jobs.enersys.com/search?createNewAlert=false&q=&locationsearch=&optionsFacetsDD_department=,Production Operator,https://jobs.enersys.com/job/Bielsko-Bia%C5%82a-Production-Operator-43-300/1414680633,"Commack, NY, United States",Commack,NY,United States,Not specified,,,,Aerospace,2026-09-12,2026-09-12,https://jobs.enersys.com/search?createNewAlert=false&q=&locationsearch=&optionsFacetsDD_department=,linked_page,4,success_after_fallback
e2a5d888c5ab,2026-09-12,2cdfe8725858,Bren-Tronics,https://www.bren-tronics.com/,https://jobs.enersys.com/search?createNewAlert=false&q=&locationsearch=&optionsFacetsDD_department=,Production Operator,https://jobs.enersys.com/job/Bielsko-Bia%C5%82a-Production-Operator-43-300/1414679733,"Commack, NY, United States",Commack,NY,United States,Not specified,,,,Aerospace,2026-09-12,2026-09-12,https://jobs.enersys.com/search?createNewAlert=false&q=&locationsearch=&optionsFacetsDD_department=,linked_page,4,success_after_fallback
136dc8fa974e,2026-09-12,2cdfe8725858,Bren-Tronics,https://www.bren-tronics.com/,https://jobs.enersys.com/search?createNewAlert=false&q=&locationsearch=&optionsFacetsDD_department=,Lead Quality Inspector,https://jobs.enersys.com/job/Horsham-Lead-Quality-Inspector-PA-19044/1415005533,"Commack, NY, United States",Commack,NY,United States,Not specified,,,,Aerospace,2026-09-12,2026-09-12,https://jobs.enersys.com/search?createNewAlert=false&q=&locationsearch=&optionsFacetsDD_department=,linked_page,4,success_after_fallback
109540bd9b70,2026-09-12,2cdfe8725858,Bren-Tronics,https://www.bren-tronics.com/,https://jobs.enersys.com/search?createNewAlert=false&q=&locationsearch=&optionsFacetsDD_department=,Test Technician I - 2nd Shift,https://jobs.enersys.com/job/Suwanee-Test-Technician-I-2nd-Shift-GA-30024/1423949333,"Commack, NY, United States",Commack,NY,United States,Not specified,,,,Aerospace,2026-09-12,2026-09-12,https://jobs.enersys.com/search?createNewAlert=false&q=&locationsearch=&optionsFacetsDD_department=,linked_page,4,success_after_fallback
94b547d11ff6,2026-09-12,2cdfe8725858,Bren-Tronics,https://www.bren-tronics.com/,https://jobs.enersys.com/search?createNewAlert=false&q=&locationsearch=&optionsFacetsDD_department=,Field Service Technician III,https://jobs.enersys.com/job/Anytown-Field-Service-Technician-III-PA-19610/1414371233,"Commack, NY, United States",Commack,NY,United States,Not specified,,,,Aerospace,2026-09-12,2026-09-12,https://jobs.enersys.com/search?createNewAlert=false&q=&locationsearch=&optionsFacetsDD_department=,linked_page,4,success_after_fallback
e92437cd5ffb,2026-09-12,2cdfe8725858,Bren-Tronics,https://www.bren-tronics.com/,https://jobs.enersys.com/search?createNewAlert=false&q=&locationsearch=&optionsFacetsDD_department=,Customer Service Manager,https://jobs.enersys.com/job/Largo-Customer-Service-Manager-FL-33777/1414538733,"Commack, NY, United States",Commack,NY,United States,Not specified,,,,Aerospace,2026-09-12,2026-09-12,https://jobs.enersys.com/search?createNewAlert=false&q=&locationsearch=&optionsFacetsDD_department=,linked_page,4,success_after_fallback
ae85bc6d0ed8,2026-09-12,2cdfe8725858,Bren-Tronics,https://www.bren-tronics.com/,https://jobs.enersys.com/search?createNewAlert=false&q=&locationsearch=&optionsFacetsDD_department=,Senior Field Service Technician IV,https://jobs.enersys.com/job/Anytown-Senior-Field-Service-Technician-IV-PA-19610/1414370733,"Commack, NY, United States",Commack,NY,United States,Not specified,,,,Aerospace,2026-09-12,2026-09-12,https://jobs.enersys.com/search?createNewAlert=false&q=&locationsearch=&optionsFacetsDD_department=,linked_page,4,success_after_fallback
b7ab9f9e7dc8,2026-09-12,3602e1c8dcbc,C3AI,https://c3.ai/,https://job-boards.greenhouse.io/c3ascend,"Data Science - Intern (Summer 2027) Redwood City, CA",https://job-boards.greenhouse.io/c3ascend/jobs/8738917002,"Redwood City, CA",Redwood City,CA,United States,Not specified,,,,Space & Defense,2026-09-12,2026-09-12,https://job-boards.greenhouse.io/c3ascend,known_careers_url,5,success
baf50405c337,2026-09-12,3602e1c8dcbc,C3AI,https://c3.ai/,https://job-boards.greenhouse.io/c3ascend,"Software Engineer - Intern (Summer 2027) Redwood City, CA",https://job-boards.greenhouse.io/c3ascend/jobs/8739036002,"Redwood City, CA",Redwood City,CA,United States,Not specified,,,,Space & Defense,2026-09-12,2026-09-12,https://job-boards.greenhouse.io/c3ascend,known_careers_url,5,success
eec4855a6cdd,2026-09-12,d3ecafe64223,Calspan Air Services,https://www.calspanairservices.com/,https://careers2-calspan.icims.com/jobs/2623/customer-service-agent/job,Customer Service Agent,https://careers2-calspan.icims.com/jobs/2623/customer-service-agent/job,"Niagara Falls, NY, US",Niagara Falls,NY,United States,Not specified,,,Operations,Aerospace,2026-09-12,2026-09-12,https://careers2-calspan.icims.com/jobs/2623/customer-service-agent/job,ats_detected,4,success_after_fallback
748b1d93c203,2026-09-12,234e92c8de3f,Calspan Business Park,https://calspan.com/,https://careers-calspan.icims.com/jobs/search,Job Title Instrumentation Technician,https://careers-calspan.icims.com/jobs/2634/instrumentation-technician/job,"Buffalo, NY, United States",Buffalo,NY,United States,Not specified,,,,Aerospace,2026-09-12,2026-09-12,https://careers-calspan.icims.com/jobs/search,known_careers_url,5,success
8cdf91017e92,2026-09-12,234e92c8de3f,Calspan Business Park,https://calspan.com/,https://careers-calspan.icims.com/jobs/search,Job Title Principal Systems Software Engineer - Jet Engine Test Cells,https://careers-calspan.icims.com/jobs/2500/principal-systems-software-engineer---jet-engine-test-cells/job,"Buffalo, NY, United States",Buffalo,NY,United States,Not specified,,,,Aerospace,2026-09-12,2026-09-12,https://careers-calspan.icims.com/jobs/search,known_careers_url,5,success
3dcf9dea581e,2026-09-12,234e92c8de3f,Calspan Business Park,https://calspan.com/,https://careers-calspan.icims.com/jobs/search,Job Title Measurement Technician,https://careers-calspan.icims.com/jobs/2645/measurement-technician/job,"Buffalo, NY, United States",Buffalo,NY,United States,Not specified,,,,Aerospace,2026-09-12,2026-09-12,https://careers-calspan.icims.com/jobs/search,known_careers_url,5,success
b55142fd4f16,2026-09-12,234e92c8de3f,Calspan Business Park,https://calspan.com/,https://careers-calspan.icims.com/jobs/search,"Job Title Program Manager, Automotive Testing",https://careers-calspan.icims.com/jobs/2642/program-manager%2c-automotive-testing/job,"Buffalo, NY, United States",Buffalo,NY,United States,Not specified,,,,Aerospace,2026-09-12,2026-09-12,https://careers-calspan.icims.com/jobs/search,known_careers_url,5,success
5ed410882db2,2026-09-12,234e92c8de3f,Calspan Business Park,https://calspan.com/,https://careers-calspan.icims.com/jobs/search,Job Title Mechanical Engineer,https://careers-calspan.icims.com/jobs/2639/mechanical-engineer/job,"Buffalo, NY, United States",Buffalo,NY,United States,Not specified,,,,Aerospace,2026-09-12,2026-09-12,https://careers-calspan.icims.com/jobs/search,known_careers_url,5,success
783458b4282d,2026-09-12,234e92c8de3f,Calspan Business Park,https://calspan.com/,https://careers-calspan.icims.com/jobs/search,Job Title Automotive Service Manager,https://careers-calspan.icims.com/jobs/2640/automotive-service-manager/job,"Buffalo, NY, United States",Buffalo,NY,United States,On-site,,,,Aerospace,2026-09-12,2026-09-12,https://careers-calspan.icims.com/jobs/search,known_careers_url,5,success
d304ffdc4400,2026-09-12,234e92c8de3f,Calspan Business Park,https://calspan.com/,https://careers-calspan.icims.com/jobs/search,Job Title Field Service Technician,https://careers-calspan.icims.com/jobs/2641/field-service-technician/job,"Buffalo, NY, United States",Buffalo,NY,United States,Not specified,,,,Aerospace,2026-09-12,2026-09-12,https://careers-calspan.icims.com/jobs/search,known_careers_url,5,success
ad6536f31d73,2026-09-12,234e92c8de3f,Calspan Business Park,https://calspan.com/,https://careers-calspan.icims.com/jobs/search,"Job Title Director, Finance Systems & Business Processes",https://careers-calspan.icims.com/jobs/2632/director%2c-finance-systems-%26-business-processes/job,"Buffalo, NY, United States",Buffalo,NY,United States,Not specified,,,,Aerospace,2026-09-12,2026-09-12,https://careers-calspan.icims.com/jobs/search,known_careers_url,5,success
051b998a1f20,2026-09-12,234e92c8de3f,Calspan Business Park,https://calspan.com/,https://careers-calspan.icims.com/jobs/search,Job Title Facilities Technician,https://careers-calspan.icims.com/jobs/2637/facilities-technician/job,"Buffalo, NY, United States",Buffalo,NY,United States,Not specified,,,,Aerospace,2026-09-12,2026-09-12,https://careers-calspan.icims.com/jobs/search,known_careers_url,5,success
133abdb9a697,2026-09-12,234e92c8de3f,Calspan Business Park,https://calspan.com/,https://careers-calspan.icims.com/jobs/search,Job Title Senior Project Manager,https://careers-calspan.icims.com/jobs/2635/senior-project-manager/job,"Buffalo, NY, United States",Buffalo,NY,United States,Not specified,,,,Aerospace,2026-09-12,2026-09-12,https://careers-calspan.icims.com/jobs/search,known_careers_url,5,success
9661bf1f5929,2026-09-12,234e92c8de3f,Calspan Business Park,https://calspan.com/,https://careers-calspan.icims.com/jobs/search,Job Title Test Technician - TIRE,https://careers-calspan.icims.com/jobs/2604/test-technician---tire/job,"Buffalo, NY, United States",Buffalo,NY,United States,Not specified,,,,Aerospace,2026-09-12,2026-09-12,https://careers-calspan.icims.com/jobs/search,known_careers_url,5,success
0b0a1ff549c7,2026-09-12,234e92c8de3f,Calspan Business Park,https://calspan.com/,https://careers-calspan.icims.com/jobs/search,"Job Title Supervisor, Testing Operations",https://careers-calspan.icims.com/jobs/2606/supervisor%2c-testing-operations/job,"Buffalo, NY, United States",Buffalo,NY,United States,Not specified,,,,Aerospace,2026-09-12,2026-09-12,https://careers-calspan.icims.com/jobs/search,known_careers_url,5,success
00eef30a6ede,2026-09-12,234e92c8de3f,Calspan Business Park,https://calspan.com/,https://careers-calspan.icims.com/jobs/search,Job Title Technician,https://careers-calspan.icims.com/jobs/2631/technician/job,"Buffalo, NY, United States",Buffalo,NY,United States,Not specified,,,,Aerospace,2026-09-12,2026-09-12,https://careers-calspan.icims.com/jobs/search,known_careers_url,5,success
08b20a05908d,2026-09-12,234e92c8de3f,Calspan Business Park,https://calspan.com/,https://careers-calspan.icims.com/jobs/search,Job Title Engineering Technician,https://careers-calspan.icims.com/jobs/2630/engineering-technician/job,"Buffalo, NY, United States",Buffalo,NY,United States,Not specified,,,,Aerospace,2026-09-12,2026-09-12,https://careers-calspan.icims.com/jobs/search,known_careers_url,5,success
5e97562d44e9,2026-09-12,234e92c8de3f,Calspan Business Park,https://calspan.com/,https://careers-calspan.icims.com/jobs/search,Job Title HVAC Technician,https://careers-calspan.icims.com/jobs/2608/hvac-technician/job,"Buffalo, NY, United States",Buffalo,NY,United States,Not specified,,,,Aerospace,2026-09-12,2026-09-12,https://careers-calspan.icims.com/jobs/search,known_careers_url,5,success
bea45761b69f,2026-09-12,234e92c8de3f,Calspan Business Park,https://calspan.com/,https://careers-calspan.icims.com/jobs/search,Job Title Automotive Technician,https://careers-calspan.icims.com/jobs/2603/automotive-technician/job,"Buffalo, NY, United States",Buffalo,NY,United States,Not specified,,,,Aerospace,2026-09-12,2026-09-12,https://careers-calspan.icims.com/jobs/search,known_careers_url,5,success
6f75253c7836,2026-09-12,234e92c8de3f,Calspan Business Park,https://calspan.com/,https://careers-calspan.icims.com/jobs/2583/aircraft-mechanic/job,Aircraft Mechanic,https://careers-calspan.icims.com/jobs/2583/aircraft-mechanic/job,"Niagara Falls, NY, US",Niagara Falls,NY,United States,Not specified,,,Engineering,Aerospace,2026-09-12,2026-09-12,https://careers-calspan.icims.com/jobs/2583/aircraft-mechanic/job,ats_detected,4,success_after_fallback
5a9d7f3c6274,2026-09-12,234e92c8de3f,Calspan Business Park,https://calspan.com/,https://careers-calspan.icims.com/jobs/2634/instrumentation-technician/job,Instrumentation Technician,https://careers-calspan.icims.com/jobs/2634/instrumentation-technician/referral,"Buffalo, NY, United States",Buffalo,NY,United States,Not specified,,,,Aerospace,2026-09-12,2026-09-12,https://careers-calspan.icims.com/jobs/2634/instrumentation-technician/job,ats_detected,5,success_after_fallback
46bce008ddac,2026-09-12,234e92c8de3f,Calspan Business Park,https://calspan.com/,https://careers-calspan.icims.com/jobs/2500/principal-systems-software-engineer---jet-engine-test-cells/job,Principal Systems Software Engineer Jet Engine Test Cells,https://careers-calspan.icims.com/jobs/2500/principal-systems-software-engineer---jet-engine-test-cells/referral,"Buffalo, NY, United States",Buffalo,NY,United States,Not specified,,,,Aerospace,2026-09-12,2026-09-12,https://careers-calspan.icims.com/jobs/2500/principal-systems-software-engineer---jet-engine-test-cells/job,ats_detected,5,success_after_fallback
2e25484034f5,2026-09-12,234e92c8de3f,Calspan Business Park,https://calspan.com/,https://careers-calspan.icims.com/jobs/2644/senior-cnc-machinist/job,Senior CNC Machinist,https://careers-calspan.icims.com/jobs/2644/senior-cnc-machinist/job,"Buffalo, NY, US",Buffalo,NY,United States,Not specified,,,Machine Shop,Aerospace,2026-09-12,2026-09-12,https://careers-calspan.icims.com/jobs/2644/senior-cnc-machinist/job,ats_detected,4,success_after_fallback
1289ceec9bd2,2026-09-12,234e92c8de3f,Calspan Business Park,https://calspan.com/,https://careers-calspan.icims.com/jobs/2645/measurement-technician/job,Measurement Technician,https://careers-calspan.icims.com/jobs/2645/measurement-technician/referral,"Buffalo, NY, United States",Buffalo,NY,United States,Not specified,,,,Aerospace,2026-09-12,2026-09-12,https://careers-calspan.icims.com/jobs/2645/measurement-technician/job,ats_detected,5,success_after_fallback
e5863877bf47,2026-09-12,234e92c8de3f,Calspan Business Park,https://calspan.com/,https://careers-calspan.icims.com/jobs/2643/warehouse-materials-handler/job,Warehouse Materials Handler,https://careers-calspan.icims.com/jobs/2643/warehouse-materials-handler/job,"St. Paul, MN, US",St. Paul,MN,United States,Not specified,,,Operations,Aerospace,2026-09-12,2026-09-12,https://careers-calspan.icims.com/jobs/2643/warehouse-materials-handler/job,ats_detected,4,success_after_fallback
e10e4d30ffda,2026-09-12,234e92c8de3f,Calspan Business Park,https://calspan.com/,https://careers-calspan.icims.com/jobs/2642/program-manager%2C-automotive-testing/job,Program Manager%2C Automotive Testing,https://careers-calspan.icims.com/jobs/2642/program-manager%2C-automotive-testing/job,"Buffalo, NY, United States",Buffalo,NY,United States,Not specified,,,,Aerospace,2026-09-12,2026-09-12,https://careers-calspan.icims.com/jobs/2642/program-manager%2C-automotive-testing/job,ats_detected,5,success_after_fallback
0e4083534365,2026-09-12,234e92c8de3f,Calspan Business Park,https://calspan.com/,https://careers-calspan.icims.com/jobs/2642/program-manager%2C-automotive-testing/job,Program Manager%2C Automotive Testing,https://careers-calspan.icims.com/jobs/2642/program-manager%2c-automotive-testing/referral,"Buffalo, NY, United States",Buffalo,NY,United States,Not specified,,,,Aerospace,2026-09-12,2026-09-12,https://careers-calspan.icims.com/jobs/2642/program-manager%2C-automotive-testing/job,ats_detected,5,success_after_fallback
709092e7d133,2026-09-12,234e92c8de3f,Calspan Business Park,https://calspan.com/,https://careers-calspan.icims.com/jobs/2639/mechanical-engineer/job,Mechanical Engineer,https://careers-calspan.icims.com/jobs/2639/mechanical-engineer/referral,"Buffalo, NY, United States",Buffalo,NY,United States,Not specified,,,,Aerospace,2026-09-12,2026-09-12,https://careers-calspan.icims.com/jobs/2639/mechanical-engineer/job,ats_detected,5,success_after_fallback
74934588b269,2026-09-12,babc8fbe4ec9,Crover,https://www.crover.tech/,https://www.smartrecruiters.com/?utm_source=referral&utm_medium=careerwebsitepage&utm_campaign=careerwebsite&utm_content=none&km_partner=none&km_adgroup=none&utm_term=none&km_matchtype=none,Hiring Managers,https://www.smartrecruiters.com/role/talent-acquisition,"Geneva, NY, United States",Geneva,NY,United States,Not specified,,,,Core Space,2026-09-12,2026-09-12,https://www.smartrecruiters.com/?utm_source=referral&utm_medium=careerwebsitepage&utm_campaign=careerwebsite&utm_content=none&km_partner=none&km_adgroup=none&utm_term=none&km_matchtype=none,ats_detected,4,success_after_fallback
b11bae175a23,2026-09-12,babc8fbe4ec9,Crover,https://www.crover.tech/,https://www.smartrecruiters.com/?utm_source=referral&utm_medium=careerwebsitepage&utm_campaign=careerwebsite&utm_content=none&km_partner=none&km_adgroup=none&utm_term=none&km_matchtype=none,Hiring Managers,https://www.smartrecruiters.com/role/hiring-manager,"Geneva, NY, United States",Geneva,NY,United States,Not specified,,,,Core Space,2026-09-12,2026-09-12,https://www.smartrecruiters.com/?utm_source=referral&utm_medium=careerwebsitepage&utm_campaign=careerwebsite&utm_content=none&km_partner=none&km_adgroup=none&utm_term=none&km_matchtype=none,ats_detected,4,success_after_fallback
8e4c7afd2511,2026-09-12,babc8fbe4ec9,Crover,https://www.crover.tech/,https://www.smartrecruiters.com/?utm_source=referral&utm_medium=careerwebsitepage&utm_campaign=careerwebsite&utm_content=none&km_partner=none&km_adgroup=none&utm_term=none&km_matchtype=none,Hiring Managers,https://www.smartrecruiters.com/role/hr,"Geneva, NY, United States",Geneva,NY,United States,Not specified,,,,Core Space,2026-09-12,2026-09-12,https://www.smartrecruiters.com/?utm_source=referral&utm_medium=careerwebsitepage&utm_campaign=careerwebsite&utm_content=none&km_partner=none&km_adgroup=none&utm_term=none&km_matchtype=none,ats_detected,4,success_after_fallback
e942ee7fb593,2026-09-12,babc8fbe4ec9,Crover,https://www.crover.tech/,https://www.smartrecruiters.com/?utm_source=referral&utm_medium=careerwebsitepage&utm_campaign=careerwebsite&utm_content=none&km_partner=none&km_adgroup=none&utm_term=none&km_matchtype=none,Hiring Managers,https://www.smartrecruiters.com/role/it,"Geneva, NY, United States",Geneva,NY,United States,Not specified,,,,Core Space,2026-09-12,2026-09-12,https://www.smartrecruiters.com/?utm_source=referral&utm_medium=careerwebsitepage&utm_campaign=careerwebsite&utm_content=none&km_partner=none&km_adgroup=none&utm_term=none&km_matchtype=none,ats_detected,4,success_after_fallback
675011ceb6de,2026-09-12,babc8fbe4ec9,Crover,https://www.crover.tech/,https://www.smartrecruiters.com/?utm_source=referral&utm_medium=careerwebsitepage&utm_campaign=careerwebsite&utm_content=none&km_partner=none&km_adgroup=none&utm_term=none&km_matchtype=none,Hiring Managers,https://www.smartrecruiters.com/role/finance,"Geneva, NY, United States",Geneva,NY,United States,Not specified,,,,Core Space,2026-09-12,2026-09-12,https://www.smartrecruiters.com/?utm_source=referral&utm_medium=careerwebsitepage&utm_campaign=careerwebsite&utm_content=none&km_partner=none&km_adgroup=none&utm_term=none&km_matchtype=none,ats_detected,4,success_after_fallback
26fba834db5e,2026-09-12,bad1b820268a,Dawn Aerospace,https://www.dawnaerospace.com/,https://job-boards.anz.greenhouse.io/dawnaerospace,"AIT Test Technician New Delft, South Holland, Netherlands",https://job-boards.anz.greenhouse.io/dawnaerospace/jobs/4006849201,"Delft, South Holland, Netherlands",Delft,South Holland,Netherlands,Not specified,,,,Core Space,2026-09-12,2026-09-12,https://job-boards.anz.greenhouse.io/dawnaerospace,ats_detected,5,success_after_fallback
efa7f673bce0,2026-09-12,bad1b820268a,Dawn Aerospace,https://www.dawnaerospace.com/,https://job-boards.anz.greenhouse.io/dawnaerospace,"AIT Test Technician New Delft, South Holland, Netherlands",https://job-boards.anz.greenhouse.io/dawnaerospace/jobs/4006850201,"Delft, South Holland, Netherlands",Delft,South Holland,Netherlands,Not specified,,,,Core Space,2026-09-12,2026-09-12,https://job-boards.anz.greenhouse.io/dawnaerospace,ats_detected,5,success_after_fallback
ac6ea0be4010,2026-09-12,bad1b820268a,Dawn Aerospace,https://www.dawnaerospace.com/,https://job-boards.anz.greenhouse.io/dawnaerospace,"Electrical Systems Engineer Delft, South Holland, Netherlands",https://job-boards.anz.greenhouse.io/dawnaerospace/jobs/4006270201,"Delft, South Holland, Netherlands",Delft,South Holland,Netherlands,Not specified,,,,Core Space,2026-09-12,2026-09-12,https://job-boards.anz.greenhouse.io/dawnaerospace,ats_detected,5,success_after_fallback
aeee1a6d6219,2026-09-12,bad1b820268a,Dawn Aerospace,https://www.dawnaerospace.com/,https://job-boards.anz.greenhouse.io/dawnaerospace,"PhD Research Opportunities (University of Canterbury & Dawn Aerospace) Christchurch, Canterbury, New Zealand",https://job-boards.anz.greenhouse.io/dawnaerospace/jobs/4005543201,"Manhattan, NY, United States",Manhattan,NY,United States,Not specified,,,,Core Space,2026-09-12,2026-09-12,https://job-boards.anz.greenhouse.io/dawnaerospace,ats_detected,5,success_after_fallback
c94117e1163d,2026-09-12,bad1b820268a,Dawn Aerospace,https://www.dawnaerospace.com/,https://job-boards.anz.greenhouse.io/dawnaerospace,"Satellite Communications Engineer Delft, South Holland, Netherlands",https://job-boards.anz.greenhouse.io/dawnaerospace/jobs/4001647201,"Delft, South Holland, Netherlands",Delft,South Holland,Netherlands,Not specified,,,,Core Space,2026-09-12,2026-09-12,https://job-boards.anz.greenhouse.io/dawnaerospace,ats_detected,5,success_after_fallback
096dbf50f162,2026-09-12,bad1b820268a,Dawn Aerospace,https://www.dawnaerospace.com/,https://job-boards.anz.greenhouse.io/dawnaerospace,"Satellite RF Hardware & Operations Engineer Delft, South Holland, Netherlands",https://job-boards.anz.greenhouse.io/dawnaerospace/jobs/4000878201,"Delft, South Holland, Netherlands",Delft,South Holland,Netherlands,Not specified,,,,Core Space,2026-09-12,2026-09-12,https://job-boards.anz.greenhouse.io/dawnaerospace,ats_detected,5,success_after_fallback
fdfe9913dc4d,2026-09-12,bad1b820268a,Dawn Aerospace,https://www.dawnaerospace.com/,https://job-boards.anz.greenhouse.io/dawnaerospace,"Mission Manager (US Remote) - Aurora Spaceplane California, United States",https://job-boards.anz.greenhouse.io/dawnaerospace/jobs/4006758201,"California, United States",California,,United States,Remote,,,,Core Space,2026-09-12,2026-09-12,https://job-boards.anz.greenhouse.io/dawnaerospace,ats_detected,5,success_after_fallback
0e09daa01916,2026-09-12,bad1b820268a,Dawn Aerospace,https://www.dawnaerospace.com/,https://job-boards.anz.greenhouse.io/dawnaerospace,"Senior Production Engineer Christchurch, Canterbury, New Zealand",https://job-boards.anz.greenhouse.io/dawnaerospace/jobs/4005932201,"Manhattan, NY, United States",Manhattan,NY,United States,Not specified,,,,Core Space,2026-09-12,2026-09-12,https://job-boards.anz.greenhouse.io/dawnaerospace,ats_detected,5,success_after_fallback
303801cd2f81,2026-09-12,bad1b820268a,Dawn Aerospace,https://www.dawnaerospace.com/,https://job-boards.anz.greenhouse.io/dawnaerospace,"Avionics Technician - Spaceplane Christchurch, Canterbury, New Zealand",https://job-boards.anz.greenhouse.io/dawnaerospace/jobs/4005859201,"Manhattan, NY, United States",Manhattan,NY,United States,Not specified,,,,Core Space,2026-09-12,2026-09-12,https://job-boards.anz.greenhouse.io/dawnaerospace,ats_detected,5,success_after_fallback
a59f939d5150,2026-09-12,bad1b820268a,Dawn Aerospace,https://www.dawnaerospace.com/,https://job-boards.anz.greenhouse.io/dawnaerospace,"Aircraft Maintenance Technician Christchurch, Canterbury, New Zealand",https://job-boards.anz.greenhouse.io/dawnaerospace/jobs/4005539201,"Manhattan, NY, United States",Manhattan,NY,United States,Not specified,,,,Core Space,2026-09-12,2026-09-12,https://job-boards.anz.greenhouse.io/dawnaerospace,ats_detected,5,success_after_fallback
6ac4ed7744dc,2026-09-12,bad1b820268a,Dawn Aerospace,https://www.dawnaerospace.com/,https://job-boards.anz.greenhouse.io/dawnaerospace,"Senior Systems Engineer - Spaceplane Christchurch, Canterbury, New Zealand",https://job-boards.anz.greenhouse.io/dawnaerospace/jobs/4005444201,"Manhattan, NY, United States",Manhattan,NY,United States,Not specified,,,,Core Space,2026-09-12,2026-09-12,https://job-boards.anz.greenhouse.io/dawnaerospace,ats_detected,5,success_after_fallback
caa5c227ee77,2026-09-12,bad1b820268a,Dawn Aerospace,https://www.dawnaerospace.com/,https://job-boards.anz.greenhouse.io/dawnaerospace,"Facilities & Workplace Coordinator (Part-Time) Christchurch, Canterbury, New Zealand",https://job-boards.anz.greenhouse.io/dawnaerospace/jobs/4005420201,"Manhattan, NY, United States",Manhattan,NY,United States,Not specified,,,,Core Space,2026-09-12,2026-09-12,https://job-boards.anz.greenhouse.io/dawnaerospace,ats_detected,5,success_after_fallback
e5290242cf95,2026-09-12,bad1b820268a,Dawn Aerospace,https://www.dawnaerospace.com/,https://job-boards.anz.greenhouse.io/dawnaerospace,"Governance, Risk & Compliance (GRC) Manager Christchurch, Canterbury, New Zealand",https://job-boards.anz.greenhouse.io/dawnaerospace/jobs/4006031201,"Manhattan, NY, United States",Manhattan,NY,United States,Not specified,,,,Core Space,2026-09-12,2026-09-12,https://job-boards.anz.greenhouse.io/dawnaerospace,ats_detected,5,success_after_fallback
1db33c6f93cb,2026-09-12,bad1b820268a,Dawn Aerospace,https://www.dawnaerospace.com/,https://job-boards.anz.greenhouse.io/dawnaerospace,Head of Defence Sales – Germany Germany,https://job-boards.anz.greenhouse.io/dawnaerospace/jobs/4004923201,"Manhattan, NY, United States",Manhattan,NY,United States,Not specified,,,,Core Space,2026-09-12,2026-09-12,https://job-boards.anz.greenhouse.io/dawnaerospace,ats_detected,5,success_after_fallback
2c974b67f5ad,2026-09-12,ba37ca62f760,echo3D,https://www.echo3d.co/,https://www.echo3d.com/about/careers,Enterprise Sales Executive B2B,https://wellfound.com/jobs/3529921-enterprise-sales-executive-b2b,"Manhattan, NY, United States",Manhattan,NY,United States,Remote,,,,Core Space,2026-09-12,2026-09-12,https://www.echo3d.com/about/careers,known_careers_url,4,success
bb9a4a219de8,2026-09-12,ba37ca62f760,echo3D,https://www.echo3d.co/,https://www.echo3d.com/about/careers,Software Engineer,https://wellfound.com/jobs/1749640-software-engineer,"Manhattan, NY, United States",Manhattan,NY,United States,Remote,,,,Core Space,2026-09-12,2026-09-12,https://www.echo3d.com/about/careers,known_careers_url,4,success
030ea85014aa,2026-09-12,ba37ca62f760,echo3D,https://www.echo3d.co/,https://wellfound.com/jobs/3529921-enterprise-sales-executive-b2b,2 Ai Powered Private Jet Platform Is Looking For A Partnerships Manager,https://wellfound.com/jobs/2216057-2-ai-powered-private-jet-platform-is-looking-for-a-partnerships-manager,"Manhattan, NY, United States",Manhattan,NY,United States,Not specified,,,,Core Space,2026-09-12,2026-09-12,https://wellfound.com/jobs/3529921-enterprise-sales-executive-b2b,linked_page,4,success_after_fallback
6f8ce2b1166e,2026-09-12,ba37ca62f760,echo3D,https://www.echo3d.co/,https://wellfound.com/jobs/3529921-enterprise-sales-executive-b2b,Manager - Business Development (North America) - full time $90k – $105k,https://wellfound.com/jobs/2282687-manager-business-development-north-america-full-time,"Manhattan, NY, United States",Manhattan,NY,United States,Not specified,,,,Core Space,2026-09-12,2026-09-12,https://wellfound.com/jobs/3529921-enterprise-sales-executive-b2b,linked_page,4,success_after_fallback
806d24003973,2026-09-12,ba37ca62f760,echo3D,https://www.echo3d.co/,https://wellfound.com/jobs/3529921-enterprise-sales-executive-b2b,Sales Development Representative $53k – $75k,https://wellfound.com/jobs/2843629-business-development-representative-bdr,"Manhattan, NY, United States",Manhattan,NY,United States,Not specified,,,,Core Space,2026-09-12,2026-09-12,https://wellfound.com/jobs/3529921-enterprise-sales-executive-b2b,linked_page,4,success_after_fallback
7ae0cf7ab393,2026-09-12,ba37ca62f760,echo3D,https://www.echo3d.co/,https://wellfound.com/jobs/3529921-enterprise-sales-executive-b2b,Technical Product Support Specialist $79k – $79k,https://wellfound.com/jobs/3050219-2-technical-product-support-specialist,"Manhattan, NY, United States",Manhattan,NY,United States,Not specified,,,,Core Space,2026-09-12,2026-09-12,https://wellfound.com/jobs/3529921-enterprise-sales-executive-b2b,linked_page,4,success_after_fallback
8533e87ca635,2026-09-12,ba37ca62f760,echo3D,https://www.echo3d.co/,https://wellfound.com/jobs/3529921-enterprise-sales-executive-b2b,Scientific Implementation Associate $80k – $80k • 0.005% – 0.025%,https://wellfound.com/jobs/3126751-scientific-implementation-associate,"Manhattan, NY, United States",Manhattan,NY,United States,Not specified,,,,Core Space,2026-09-12,2026-09-12,https://wellfound.com/jobs/3529921-enterprise-sales-executive-b2b,linked_page,4,success_after_fallback
7461e070df11,2026-09-12,ba37ca62f760,echo3D,https://www.echo3d.co/,https://wellfound.com/jobs/3529921-enterprise-sales-executive-b2b,Customer Onboarding Specialist - FinTech SaaS $70k – $105k • 0.0% – 0.5%,https://wellfound.com/jobs/3162208-customer-success-specialist-financial-systems,"Manhattan, NY, United States",Manhattan,NY,United States,Not specified,,,,Core Space,2026-09-12,2026-09-12,https://wellfound.com/jobs/3529921-enterprise-sales-executive-b2b,linked_page,4,success_after_fallback
baced02f26e1,2026-09-12,ba37ca62f760,echo3D,https://www.echo3d.co/,https://wellfound.com/jobs,VP of Product,https://wellfound.com/jobs/4617763-vp-of-product,"Manhattan, NY, United States",Manhattan,NY,United States,Not specified,,,,Core Space,2026-09-12,2026-09-12,https://wellfound.com/jobs,linked_page,4,success_after_fallback
35c57f53403c,2026-09-12,ba37ca62f760,echo3D,https://www.echo3d.co/,https://wellfound.com/jobs,"Power Platform Developer (Onsite, San Diego)",https://wellfound.com/jobs/4704101-power-platform-developer-onsite-san-diego,"Manhattan, NY, United States",Manhattan,NY,United States,On-site,,,,Core Space,2026-09-12,2026-09-12,https://wellfound.com/jobs,linked_page,4,success_after_fallback
ac013824d1a1,2026-09-12,ba37ca62f760,echo3D,https://www.echo3d.co/,https://wellfound.com/jobs,Senior Software Engineer – Network Observability,https://wellfound.com/jobs/4167096-senior-software-engineer-network-observability,"Manhattan, NY, United States",Manhattan,NY,United States,Not specified,,,,Core Space,2026-09-12,2026-09-12,https://wellfound.com/jobs,linked_page,4,success_after_fallback
576a3162959f,2026-09-12,ba37ca62f760,echo3D,https://www.echo3d.co/,https://wellfound.com/jobs,Forward Deployed Engineer,https://wellfound.com/jobs/4523612-forward-deployed-engineer,"Manhattan, NY, United States",Manhattan,NY,United States,On-site,,,,Core Space,2026-09-12,2026-09-12,https://wellfound.com/jobs,linked_page,4,success_after_fallback
15f78064f3f7,2026-09-12,ba37ca62f760,echo3D,https://www.echo3d.co/,https://wellfound.com/jobs,Software Engineer - MLOps,https://wellfound.com/jobs/3544992-software-engineer-mlops,"Manhattan, NY, United States",Manhattan,NY,United States,Remote,,,,Core Space,2026-09-12,2026-09-12,https://wellfound.com/jobs,linked_page,4,success_after_fallback
88101811d40c,2026-09-12,ba37ca62f760,echo3D,https://www.echo3d.co/,https://wellfound.com/jobs,Software Engineer,https://wellfound.com/jobs/3748205-software-engineer,"Manhattan, NY, United States",Manhattan,NY,United States,Remote,,,,Core Space,2026-09-12,2026-09-12,https://wellfound.com/jobs,linked_page,4,success_after_fallback
3f8f9f872fd2,2026-09-12,ba37ca62f760,echo3D,https://www.echo3d.co/,https://wellfound.com/jobs,Principal Product Manager,https://wellfound.com/jobs/4704152-principal-product-manager,"Manhattan, NY, United States",Manhattan,NY,United States,Remote,,,,Core Space,2026-09-12,2026-09-12,https://wellfound.com/jobs,linked_page,4,success_after_fallback
48a973a7b07c,2026-09-12,ba37ca62f760,echo3D,https://www.echo3d.co/,https://wellfound.com/jobs,"Product Manager, Platform",https://wellfound.com/jobs/4704106-product-manager-platform,"Manhattan, NY, United States",Manhattan,NY,United States,Remote,,,,Core Space,2026-09-12,2026-09-12,https://wellfound.com/jobs,linked_page,4,success_after_fallback
50bc95ddbe67,2026-09-12,ba37ca62f760,echo3D,https://www.echo3d.co/,https://wellfound.com/jobs,"Product Manager, Onboarding and Growth",https://wellfound.com/jobs/4704104-product-manager-onboarding-and-growth,"Manhattan, NY, United States",Manhattan,NY,United States,Remote,,,,Core Space,2026-09-12,2026-09-12,https://wellfound.com/jobs,linked_page,4,success_after_fallback
9276cb39b508,2026-09-12,ba37ca62f760,echo3D,https://www.echo3d.co/,https://wellfound.com/jobs,Product Manager,https://wellfound.com/jobs/4174541-product-manager,"Manhattan, NY, United States",Manhattan,NY,United States,Not specified,,,,Core Space,2026-09-12,2026-09-12,https://wellfound.com/jobs,linked_page,4,success_after_fallback
63e9d857aa7b,2026-09-12,ba37ca62f760,echo3D,https://www.echo3d.co/,https://wellfound.com/jobs,Staff Product Manager,https://wellfound.com/jobs/4698092-staff-product-manager,"Manhattan, NY, United States",Manhattan,NY,United States,Not specified,,,,Core Space,2026-09-12,2026-09-12,https://wellfound.com/jobs,linked_page,4,success_after_fallback
5cd851abf808,2026-09-12,ba37ca62f760,echo3D,https://www.echo3d.co/,https://wellfound.com/jobs,eLearning Designer,https://wellfound.com/jobs/4704111-elearning-designer,"Manhattan, NY, United States",Manhattan,NY,United States,Remote,,,,Core Space,2026-09-12,2026-09-12,https://wellfound.com/jobs,linked_page,4,success_after_fallback
1118963ced57,2026-09-12,ba37ca62f760,echo3D,https://www.echo3d.co/,https://wellfound.com/jobs,Senior Interior Designer,https://wellfound.com/jobs/4704026-senior-interior-designer,"Manhattan, NY, United States",Manhattan,NY,United States,On-site,,,,Core Space,2026-09-12,2026-09-12,https://wellfound.com/jobs,linked_page,4,success_after_fallback
759e9d45f001,2026-09-12,ba37ca62f760,echo3D,https://www.echo3d.co/,https://wellfound.com/jobs,"Senior AI learning designer, rapid content",https://wellfound.com/jobs/4698043-senior-ai-learning-designer-rapid-content,"Manhattan, NY, United States",Manhattan,NY,United States,Not specified,,,,Core Space,2026-09-12,2026-09-12,https://wellfound.com/jobs,linked_page,4,success_after_fallback
e8a48a2455d6,2026-09-12,ba37ca62f760,echo3D,https://www.echo3d.co/,https://wellfound.com/jobs,Founding Filmmaker & Video Lead,https://wellfound.com/jobs/4657130-founding-filmmaker-video-lead,"Manhattan, NY, United States",Manhattan,NY,United States,Not specified,,,,Core Space,2026-09-12,2026-09-12,https://wellfound.com/jobs,linked_page,4,success_after_fallback
f30f059603df,2026-09-12,ba37ca62f760,echo3D,https://www.echo3d.co/,https://wellfound.com/jobs,"Sr. Learning Experience Designer, Global LXD Studio",https://wellfound.com/jobs/4463508-sr-learning-experience-designer-global-lxd-studio,"Manhattan, NY, United States",Manhattan,NY,United States,Not specified,,,,Core Space,2026-09-12,2026-09-12,https://wellfound.com/jobs,linked_page,4,success_after_fallback
09d25e34832e,2026-09-12,ba37ca62f760,echo3D,https://www.echo3d.co/,https://wellfound.com/jobs,Data Engineer for Social Good,https://wellfound.com/jobs/3876240-data-engineer-for-social-good,"Manhattan, NY, United States",Manhattan,NY,United States,Remote,,,,Core Space,2026-09-12,2026-09-12,https://wellfound.com/jobs,linked_page,4,success_after_fallback
38dd09d6d4e4,2026-09-12,ba37ca62f760,echo3D,https://www.echo3d.co/,https://wellfound.com/jobs,"Data Engineer (Staff, Principal, Lead)",https://wellfound.com/jobs/3994821-2-data-engineer-staff-principal-lead,"Manhattan, NY, United States",Manhattan,NY,United States,On-site,,,,Core Space,2026-09-12,2026-09-12,https://wellfound.com/jobs,linked_page,4,success_after_fallback
1721cea4b36a,2026-09-12,ba37ca62f760,echo3D,https://www.echo3d.co/,https://wellfound.com/jobs,"Senior Data Engineer — GCP, BigQuery, dbt and Secure Data Systems",https://wellfound.com/jobs/4688282-senior-data-engineer-gcp-bigquery-dbt-and-secure-data-systems,"Manhattan, NY, United States",Manhattan,NY,United States,Remote,,,,Core Space,2026-09-12,2026-09-12,https://wellfound.com/jobs,linked_page,4,success_after_fallback
d85f096ddd60,2026-09-12,ba37ca62f760,echo3D,https://www.echo3d.co/,https://wellfound.com/jobs,Data Engineer III,https://wellfound.com/jobs/4677967-data-engineer-iii,"Manhattan, NY, United States",Manhattan,NY,United States,Not specified,,,,Core Space,2026-09-12,2026-09-12,https://wellfound.com/jobs,linked_page,4,success_after_fallback
8c9009a238a6,2026-09-12,ba37ca62f760,echo3D,https://www.echo3d.co/,https://wellfound.com/jobs,Web Scraping Specialist,https://wellfound.com/jobs/2912889-web-scraping-specialist,"Manhattan, NY, United States",Manhattan,NY,United States,Remote,,,,Core Space,2026-09-12,2026-09-12,https://wellfound.com/jobs,linked_page,4,success_after_fallback
805884d2fd4c,2026-09-12,ba37ca62f760,echo3D,https://www.echo3d.co/,https://wellfound.com/jobs,Associate Director,https://wellfound.com/jobs/4689845-associate-director,"Manhattan, NY, United States",Manhattan,NY,United States,On-site,,,,Core Space,2026-09-12,2026-09-12,https://wellfound.com/jobs,linked_page,4,success_after_fallback
37a2762db669,2026-09-12,ba37ca62f760,echo3D,https://www.echo3d.co/,https://wellfound.com/jobs,Coordenador(a) Comercial [Sales Coordinator],https://wellfound.com/jobs/4692222-coordenador-a-comercial-sales-coordinator,"Manhattan, NY, United States",Manhattan,NY,United States,On-site,,,,Core Space,2026-09-12,2026-09-12,https://wellfound.com/jobs,linked_page,4,success_after_fallback
49605a633298,2026-09-12,ba37ca62f760,echo3D,https://www.echo3d.co/,https://wellfound.com/jobs,Founding GTM Lead (Demand + Operations),https://wellfound.com/jobs/4692086-founding-gtm-lead-demand-operations,"Manhattan, NY, United States",Manhattan,NY,United States,Remote,,,,Core Space,2026-09-12,2026-09-12,https://wellfound.com/jobs,linked_page,4,success_after_fallback
cee39314d23e,2026-09-12,ba37ca62f760,echo3D,https://www.echo3d.co/,https://wellfound.com/jobs,"Digital Marketing, Content, and SEO Specialist",https://wellfound.com/jobs/4686954-digital-marketing-content-and-seo-specialist,"Manhattan, NY, United States",Manhattan,NY,United States,Remote,,,,Core Space,2026-09-12,2026-09-12,https://wellfound.com/jobs,linked_page,4,success_after_fallback
d1b7211575cf,2026-09-12,ba37ca62f760,echo3D,https://www.echo3d.co/,https://wellfound.com/jobs,Marketing Associate,https://wellfound.com/jobs/4681273-marketing-associate,"Manhattan, NY, United States",Manhattan,NY,United States,Remote,,,,Core Space,2026-09-12,2026-09-12,https://wellfound.com/jobs,linked_page,4,success_after_fallback
2b947a3c25d2,2026-09-12,ba37ca62f760,echo3D,https://www.echo3d.co/,https://wellfound.com/jobs,Marketing Lead,https://wellfound.com/jobs/4670416-ai-native-growth-marketer-clone,"Manhattan, NY, United States",Manhattan,NY,United States,Remote,,,,Core Space,2026-09-12,2026-09-12,https://wellfound.com/jobs,linked_page,4,success_after_fallback
e2c59b899acd,2026-09-12,ba37ca62f760,echo3D,https://www.echo3d.co/,https://wellfound.com/jobs,Leak Detection Crew Manager,https://wellfound.com/jobs/4704187-leak-detection-crew-manager,"Manhattan, NY, United States",Manhattan,NY,United States,Not specified,,,,Core Space,2026-09-12,2026-09-12,https://wellfound.com/jobs,linked_page,4,success_after_fallback
a79bd52d933b,2026-09-12,ba37ca62f760,echo3D,https://www.echo3d.co/,https://wellfound.com/jobs,Strategy & Operations Director,https://wellfound.com/jobs/4497017-strategy-operations-director,"Manhattan, NY, United States",Manhattan,NY,United States,Not specified,,,,Core Space,2026-09-12,2026-09-12,https://wellfound.com/jobs,linked_page,4,success_after_fallback
4fdcac27e910,2026-09-12,ba37ca62f760,echo3D,https://www.echo3d.co/,https://wellfound.com/jobs,Deal Desk Manager,https://wellfound.com/jobs/4704153-deal-desk-manager,"Manhattan, NY, United States",Manhattan,NY,United States,Remote,,,,Core Space,2026-09-12,2026-09-12,https://wellfound.com/jobs,linked_page,4,success_after_fallback
584c7cf9457a,2026-09-12,ba37ca62f760,echo3D,https://www.echo3d.co/,https://wellfound.com/jobs,Facility Operations Manager,https://wellfound.com/jobs/4379218-facility-operations-manager,"Manhattan, NY, United States",Manhattan,NY,United States,Remote,,,,Core Space,2026-09-12,2026-09-12,https://wellfound.com/jobs,linked_page,4,success_after_fallback
0c465495cdce,2026-09-12,ba37ca62f760,echo3D,https://www.echo3d.co/,https://wellfound.com/jobs,Senior Recruitment Coordinator,https://wellfound.com/jobs/4697986-senior-recruitment-coordinator,"Manhattan, NY, United States",Manhattan,NY,United States,Not specified,,,,Core Space,2026-09-12,2026-09-12,https://wellfound.com/jobs,linked_page,4,success_after_fallback
84f2a416657f,2026-09-12,ba37ca62f760,echo3D,https://www.echo3d.co/,https://wellfound.com/jobs,Technical Recruiter,https://wellfound.com/jobs/4694680-email-marketing-specialist-us-eu-markets-clone,"Manhattan, NY, United States",Manhattan,NY,United States,Remote,,,,Core Space,2026-09-12,2026-09-12,https://wellfound.com/jobs,linked_page,4,success_after_fallback
58ce37b90306,2026-09-12,ba37ca62f760,echo3D,https://www.echo3d.co/,https://wellfound.com/jobs,Talent Coordinator,https://wellfound.com/jobs/4688322-talent-coordinator,"Manhattan, NY, United States",Manhattan,NY,United States,On-site,,,,Core Space,2026-09-12,2026-09-12,https://wellfound.com/jobs,linked_page,4,success_after_fallback
e5ca6112851a,2026-09-12,ba37ca62f760,echo3D,https://www.echo3d.co/,https://wellfound.com/jobs,Senior Talent Acquisition Manager,https://wellfound.com/jobs/4675574-senior-talent-acquisition-manager,"Manhattan, NY, United States",Manhattan,NY,United States,Not specified,,,,Core Space,2026-09-12,2026-09-12,https://wellfound.com/jobs,linked_page,4,success_after_fallback
74d254d36cde,2026-09-12,ba37ca62f760,echo3D,https://www.echo3d.co/,https://wellfound.com/jobs,Sr. Recruiter II,https://wellfound.com/jobs/4664625-sr-recruiter-ii,"Manhattan, NY, United States",Manhattan,NY,United States,Not specified,,,,Core Space,2026-09-12,2026-09-12,https://wellfound.com/jobs,linked_page,4,success_after_fallback
55b8534505c5,2026-09-12,ba37ca62f760,echo3D,https://www.echo3d.co/,https://wellfound.com/jobs,"Senior Specialist, Billing",https://wellfound.com/jobs/4704110-senior-specialist-billing,"Manhattan, NY, United States",Manhattan,NY,United States,Remote,,,,Core Space,2026-09-12,2026-09-12,https://wellfound.com/jobs,linked_page,4,success_after_fallback
7e2c158bcfa1,2026-09-12,ba37ca62f760,echo3D,https://www.echo3d.co/,https://wellfound.com/jobs,Accounts Payable Associate,https://wellfound.com/jobs/4698074-accounts-payable-associate,"Manhattan, NY, United States",Manhattan,NY,United States,Not specified,,,,Core Space,2026-09-12,2026-09-12,https://wellfound.com/jobs,linked_page,4,success_after_fallback
8d522fdd2044,2026-09-12,ba37ca62f760,echo3D,https://www.echo3d.co/,https://wellfound.com/jobs,Accounting Manager,https://wellfound.com/jobs/4698046-accounting-manager,"Manhattan, NY, United States",Manhattan,NY,United States,Remote,,,,Core Space,2026-09-12,2026-09-12,https://wellfound.com/jobs,linked_page,4,success_after_fallback
09a9ee1d2ea5,2026-09-12,ba37ca62f760,echo3D,https://www.echo3d.co/,https://wellfound.com/jobs,Finance & Accounting Manager,https://wellfound.com/jobs/4692203-network-infrastructure-engineer-clone,"Manhattan, NY, United States",Manhattan,NY,United States,Remote,,,,Core Space,2026-09-12,2026-09-12,https://wellfound.com/jobs,linked_page,4,success_after_fallback
4ffe8f08ee16,2026-09-12,ba37ca62f760,echo3D,https://www.echo3d.co/,https://wellfound.com/jobs,Remote Software Engineer Jobs,https://wellfound.com/role/r/software-engineer,"Manhattan, NY, United States",Manhattan,NY,United States,Remote,,,,Core Space,2026-09-12,2026-09-12,https://wellfound.com/jobs,linked_page,3,success_after_fallback
a36be93e0048,2026-09-12,ba37ca62f760,echo3D,https://www.echo3d.co/,https://wellfound.com/jobs,Remote Product Manager Jobs,https://wellfound.com/role/r/product-manager,"Manhattan, NY, United States",Manhattan,NY,United States,Remote,,,,Core Space,2026-09-12,2026-09-12,https://wellfound.com/jobs,linked_page,3,success_after_fallback
864abf04a02f,2026-09-12,ba37ca62f760,echo3D,https://www.echo3d.co/,https://wellfound.com/jobs,Remote Data Analyst Jobs,https://wellfound.com/role/r/data-analyst,"Manhattan, NY, United States",Manhattan,NY,United States,Remote,,,,Core Space,2026-09-12,2026-09-12,https://wellfound.com/jobs,linked_page,3,success_after_fallback
c51db9a7fc56,2026-09-12,ba37ca62f760,echo3D,https://www.echo3d.co/,https://wellfound.com/jobs,Remote Product Designer Jobs,https://wellfound.com/role/r/product-designer,"Manhattan, NY, United States",Manhattan,NY,United States,Remote,,,,Core Space,2026-09-12,2026-09-12,https://wellfound.com/jobs,linked_page,3,success_after_fallback
21aa410252f9,2026-09-12,ba37ca62f760,echo3D,https://www.echo3d.co/,https://wellfound.com/jobs,Remote Graphic Designer Jobs,https://wellfound.com/role/r/graphic-designer,"Manhattan, NY, United States",Manhattan,NY,United States,Remote,,,,Core Space,2026-09-12,2026-09-12,https://wellfound.com/jobs,linked_page,3,success_after_fallback
2fcff47c1465,2026-09-12,ba37ca62f760,echo3D,https://www.echo3d.co/,https://wellfound.com/jobs,Remote UI/UX Designer Jobs,https://wellfound.com/role/r/ui-ux-designer,"Manhattan, NY, United States",Manhattan,NY,United States,Remote,,,,Core Space,2026-09-12,2026-09-12,https://wellfound.com/jobs,linked_page,3,success_after_fallback
5c3a89bd8bc7,2026-09-12,ba37ca62f760,echo3D,https://www.echo3d.co/,https://wellfound.com/jobs,Remote Operations Manager Jobs,https://wellfound.com/role/r/operations-manager,"Manhattan, NY, United States",Manhattan,NY,United States,Remote,,,,Core Space,2026-09-12,2026-09-12,https://wellfound.com/jobs,linked_page,3,success_after_fallback
c33e6e97fc39,2026-09-12,ba37ca62f760,echo3D,https://www.echo3d.co/,https://wellfound.com/jobs,Remote Account Manager Jobs,https://wellfound.com/role/r/account-manager,"Manhattan, NY, United States",Manhattan,NY,United States,Remote,,,,Core Space,2026-09-12,2026-09-12,https://wellfound.com/jobs,linked_page,3,success_after_fallback
5217fcd690d9,2026-09-12,ba37ca62f760,echo3D,https://www.echo3d.co/,https://wellfound.com/jobs,Remote Sales Manager Jobs,https://wellfound.com/role/r/sales-manager,"Manhattan, NY, United States",Manhattan,NY,United States,Remote,,,,Core Space,2026-09-12,2026-09-12,https://wellfound.com/jobs,linked_page,3,success_after_fallback
0b7eb8bfe674,2026-09-12,ba37ca62f760,echo3D,https://www.echo3d.co/,https://wellfound.com/jobs,Remote Financial Analyst Jobs,https://wellfound.com/role/r/financial-analyst,"Manhattan, NY, United States",Manhattan,NY,United States,Remote,,,,Core Space,2026-09-12,2026-09-12,https://wellfound.com/jobs,linked_page,3,success_after_fallback
e9149de421e0,2026-09-12,ba37ca62f760,echo3D,https://www.echo3d.co/,https://wellfound.com/jobs,Remote HR Manager Jobs,https://wellfound.com/role/r/hr-manager,"Manhattan, NY, United States",Manhattan,NY,United States,Remote,,,,Core Space,2026-09-12,2026-09-12,https://wellfound.com/jobs,linked_page,3,success_after_fallback
fd08b401b85c,2026-09-12,ba37ca62f760,echo3D,https://www.echo3d.co/,https://wellfound.com/browse/tech-jobs,Smart contract Developer,https://wellfound.com/role/smart-contract-developer,"Manhattan, NY, United States",Manhattan,NY,United States,Not specified,,,,Core Space,2026-09-12,2026-09-12,https://wellfound.com/browse/tech-jobs,linked_page,3,success_after_fallback
e0d5fc14ea4a,2026-09-12,ba37ca62f760,echo3D,https://www.echo3d.co/,https://wellfound.com/browse/remote-tech-jobs,Smart contract Developer,https://wellfound.com/role/r/smart-contract-developer,"Manhattan, NY, United States",Manhattan,NY,United States,Not specified,,,,Core Space,2026-09-12,2026-09-12,https://wellfound.com/browse/remote-tech-jobs,linked_page,3,success_after_fallback
3aa393bf69bb,2026-09-12,ba37ca62f760,echo3D,https://www.echo3d.co/,https://wellfound.com/jobs/1959251-enterprise-account-executive,Enterprise Account Executive,https://wellfound.com/jobs/1959251-enterprise-account-executive,"New York, New York, United States",New York,NY,United States,Remote,120000,180000,"Artificial Intelligence, Construction, Predictive Analytics, and Internet of Things",Core Space,2026-09-12,2026-09-12,https://wellfound.com/jobs/1959251-enterprise-account-executive,linked_page,3,success_after_fallback
2ae35c6e7a7f,2026-09-12,ba37ca62f760,echo3D,https://www.echo3d.co/,https://wellfound.com/jobs/1959251-enterprise-account-executive,Us Business Development And Operations Support Specialist Retail Robotic Solutions,https://wellfound.com/jobs/3130978-us-business-development-and-operations-support-specialist-retail-robotic-solutions,"Manhattan, NY, United States",Manhattan,NY,United States,Not specified,,,,Core Space,2026-09-12,2026-09-12,https://wellfound.com/jobs/1959251-enterprise-account-executive,linked_page,4,success_after_fallback
ff098704153a,2026-09-12,ba37ca62f760,echo3D,https://www.echo3d.co/,https://wellfound.com/jobs/2216057-2-ai-powered-private-jet-platform-is-looking-for-a-partnerships-manager,Business Development Representative / GTM Specialist $24k – $36k,https://wellfound.com/jobs/2523572-business-development-associate,"Manhattan, NY, United States",Manhattan,NY,United States,Not specified,,,,Core Space,2026-09-12,2026-09-12,https://wellfound.com/jobs/2216057-2-ai-powered-private-jet-platform-is-looking-for-a-partnerships-manager,linked_page,4,success_after_fallback
fdc2f6a92359,2026-09-12,ba37ca62f760,echo3D,https://www.echo3d.co/,https://wellfound.com/jobs/2216057-2-ai-powered-private-jet-platform-is-looking-for-a-partnerships-manager,Co Founder Head Of Operations Join A Game Changing Social Beauty Startup,https://wellfound.com/jobs/2933247-co-founder-head-of-operations-join-a-game-changing-social-beauty-startup,"Manhattan, NY, United States",Manhattan,NY,United States,Not specified,,,,Core Space,2026-09-12,2026-09-12,https://wellfound.com/jobs/2216057-2-ai-powered-private-jet-platform-is-looking-for-a-partnerships-manager,linked_page,4,success_after_fallback
c0ecb5efb77d,2026-09-12,ba37ca62f760,echo3D,https://www.echo3d.co/,https://wellfound.com/jobs/2282687-manager-business-development-north-america-full-time,Internship Opportunity Community Marketing Ambassador Indian Diaspora Focus,https://wellfound.com/jobs/3517942-internship-opportunity-community-marketing-ambassador-indian-diaspora-focus,"Manhattan, NY, United States",Manhattan,NY,United States,Not specified,,,,Core Space,2026-09-12,2026-09-12,https://wellfound.com/jobs/2282687-manager-business-development-north-america-full-time,linked_page,4,success_after_fallback
315244a8dcbf,2026-09-12,ba37ca62f760,echo3D,https://www.echo3d.co/,https://wellfound.com/jobs/2282687-manager-business-development-north-america-full-time,IBM Sales Manager $60k – $120k,https://wellfound.com/jobs/3827078-ibm-sales-manager,"Manhattan, NY, United States",Manhattan,NY,United States,Not specified,,,,Core Space,2026-09-12,2026-09-12,https://wellfound.com/jobs/2282687-manager-business-development-north-america-full-time,linked_page,4,success_after_fallback
ccb859dc18ce,2026-09-12,ba37ca62f760,echo3D,https://www.echo3d.co/,https://wellfound.com/jobs/2282687-manager-business-development-north-america-full-time,Founding GTM Lead $100k – $175k • 0.2% – 1.0%,https://wellfound.com/jobs/3904359-founding-gtm-lead,"Manhattan, NY, United States",Manhattan,NY,United States,Not specified,,,,Core Space,2026-09-12,2026-09-12,https://wellfound.com/jobs/2282687-manager-business-development-north-america-full-time,linked_page,4,success_after_fallback
594ee8ebb9f5,2026-09-12,ba37ca62f760,echo3D,https://www.echo3d.co/,https://wellfound.com/jobs/2742334-account-executive,Account Executive,https://wellfound.com/jobs/2742334-account-executive,"New York, New York, United States",New York,NY,United States,Not specified,140000,180000,"Enterprise Software, B2B, Software, Finance Technology, Wealth Management, and Fin Tech",Core Space,2026-09-12,2026-09-12,https://wellfound.com/jobs/2742334-account-executive,linked_page,3,success_after_fallback
18bbfc625340,2026-09-12,b0d788b8ea7e,ENSCO Avionics,https://www.ensco.com/aerospace/avionics-engineering-certification,https://job-boards.greenhouse.io/ensco,"Avionics Software Engineer III Endicott, New York, United States",https://job-boards.greenhouse.io/ensco/jobs/5160122008,"Endicott, New York, United States",Endicott,NY,United States,Not specified,,,,Aerospace,2026-09-12,2026-09-12,https://job-boards.greenhouse.io/ensco,known_careers_url,5,success
85bbff793bfc,2026-09-12,b0d788b8ea7e,ENSCO Avionics,https://www.ensco.com/aerospace/avionics-engineering-certification,https://job-boards.greenhouse.io/ensco,"Configuration Management Specialist El Segundo, California, United States",https://job-boards.greenhouse.io/ensco/jobs/5361928008,"El Segundo, California, United States",El Segundo,CA,United States,Not specified,,,,Aerospace,2026-09-12,2026-09-12,https://job-boards.greenhouse.io/ensco,known_careers_url,5,success
78d0b807ba6a,2026-09-12,b0d788b8ea7e,ENSCO Avionics,https://www.ensco.com/aerospace/avionics-engineering-certification,https://job-boards.greenhouse.io/ensco,"Electrical Engineer / Board Designer Endicott, New York, United States",https://job-boards.greenhouse.io/ensco/jobs/5349135008,"Endicott, New York, United States",Endicott,NY,United States,Not specified,,,,Aerospace,2026-09-12,2026-09-12,https://job-boards.greenhouse.io/ensco,known_careers_url,5,success
08b2d8483858,2026-09-12,b0d788b8ea7e,ENSCO Avionics,https://www.ensco.com/aerospace/avionics-engineering-certification,https://job-boards.greenhouse.io/ensco,"Embedded Software Engineer Endicott, New York, United States",https://job-boards.greenhouse.io/ensco/jobs/5349198008,"Endicott, New York, United States",Endicott,NY,United States,Not specified,,,,Aerospace,2026-09-12,2026-09-12,https://job-boards.greenhouse.io/ensco,known_careers_url,5,success
0cb6758b522a,2026-09-12,b0d788b8ea7e,ENSCO Avionics,https://www.ensco.com/aerospace/avionics-engineering-certification,https://job-boards.greenhouse.io/ensco,"Environmental Health & Safety (EHS) Specialist Pueblo, Colorado, United States",https://job-boards.greenhouse.io/ensco/jobs/5380647008,"Pueblo, Colorado, United States",Pueblo,CO,United States,Not specified,,,,Aerospace,2026-09-12,2026-09-12,https://job-boards.greenhouse.io/ensco,known_careers_url,5,success
44cec47aec75,2026-09-12,b0d788b8ea7e,ENSCO Avionics,https://www.ensco.com/aerospace/avionics-engineering-certification,https://job-boards.greenhouse.io/ensco,"Field Service Engineer Chambersburg, Pennsylvania, United States",https://job-boards.greenhouse.io/ensco/jobs/5268029008,"Chambersburg, Pennsylvania, United States",Chambersburg,PA,United States,Not specified,,,,Aerospace,2026-09-12,2026-09-12,https://job-boards.greenhouse.io/ensco,known_careers_url,5,success
0a8d11a57921,2026-09-12,b0d788b8ea7e,ENSCO Avionics,https://www.ensco.com/aerospace/avionics-engineering-certification,https://job-boards.greenhouse.io/ensco,"FPGA Designer Endicott, New York, United States",https://job-boards.greenhouse.io/ensco/jobs/5349060008,"Endicott, New York, United States",Endicott,NY,United States,Not specified,,,,Aerospace,2026-09-12,2026-09-12,https://job-boards.greenhouse.io/ensco,known_careers_url,5,success
c0b48621c24a,2026-09-12,b0d788b8ea7e,ENSCO Avionics,https://www.ensco.com/aerospace/avionics-engineering-certification,https://job-boards.greenhouse.io/ensco,"Junior Scientific Data Analyst Melbourne, Florida, United States",https://job-boards.greenhouse.io/ensco/jobs/5354767008,"Melbourne, Florida, United States",Melbourne,FL,United States,Not specified,,,,Aerospace,2026-09-12,2026-09-12,https://job-boards.greenhouse.io/ensco,known_careers_url,5,success
9efbb6b72098,2026-09-12,b0d788b8ea7e,ENSCO Avionics,https://www.ensco.com/aerospace/avionics-engineering-certification,https://job-boards.greenhouse.io/ensco,"Junior Technician Chambersburg, Pennsylvania, United States",https://job-boards.greenhouse.io/ensco/jobs/5238947008,"Chambersburg, Pennsylvania, United States",Chambersburg,PA,United States,Not specified,,,,Aerospace,2026-09-12,2026-09-12,https://job-boards.greenhouse.io/ensco,known_careers_url,5,success
4c926dfe0b51,2026-09-12,b0d788b8ea7e,ENSCO Avionics,https://www.ensco.com/aerospace/avionics-engineering-certification,https://job-boards.greenhouse.io/ensco,"Junior Technician Chambersburg, Pennsylvania, United States",https://job-boards.greenhouse.io/ensco/jobs/5384815008,"Chambersburg, Pennsylvania, United States",Chambersburg,PA,United States,Not specified,,,,Aerospace,2026-09-12,2026-09-12,https://job-boards.greenhouse.io/ensco,known_careers_url,5,success
58f245b6716a,2026-09-12,b0d788b8ea7e,ENSCO Avionics,https://www.ensco.com/aerospace/avionics-engineering-certification,https://job-boards.greenhouse.io/ensco,"Mechanical Engineer Endicott, New York, United States",https://job-boards.greenhouse.io/ensco/jobs/5350248008,"Endicott, New York, United States",Endicott,NY,United States,Not specified,,,,Aerospace,2026-09-12,2026-09-12,https://job-boards.greenhouse.io/ensco,known_careers_url,5,success
715baa73919d,2026-09-12,b0d788b8ea7e,ENSCO Avionics,https://www.ensco.com/aerospace/avionics-engineering-certification,https://job-boards.greenhouse.io/ensco,"Operations Planner Colorado Springs, Colorado, United States",https://job-boards.greenhouse.io/ensco/jobs/5397506008,"Colorado Springs, Colorado, United States",Colorado Springs,CO,United States,Not specified,,,,Aerospace,2026-09-12,2026-09-12,https://job-boards.greenhouse.io/ensco,known_careers_url,5,success
0bbc97ba3dfd,2026-09-12,b0d788b8ea7e,ENSCO Avionics,https://www.ensco.com/aerospace/avionics-engineering-certification,https://job-boards.greenhouse.io/ensco,"Program Security Specialist Albuquerque, New Mexico, United States",https://job-boards.greenhouse.io/ensco/jobs/5398570008,"Albuquerque, New Mexico, United States",Albuquerque,NM,United States,Not specified,,,,Aerospace,2026-09-12,2026-09-12,https://job-boards.greenhouse.io/ensco,known_careers_url,5,success
ddd4ce68b909,2026-09-12,b0d788b8ea7e,ENSCO Avionics,https://www.ensco.com/aerospace/avionics-engineering-certification,https://job-boards.greenhouse.io/ensco,"Project Manager New Hauppauge, New York, United States",https://job-boards.greenhouse.io/ensco/jobs/5415468008,"Hauppauge, New York, United States",Hauppauge,NY,United States,Not specified,,,,Aerospace,2026-09-12,2026-09-12,https://job-boards.greenhouse.io/ensco,known_careers_url,5,success
3656344df8eb,2026-09-12,b0d788b8ea7e,ENSCO Avionics,https://www.ensco.com/aerospace/avionics-engineering-certification,https://job-boards.greenhouse.io/ensco,"Scientific Data Analyst Melbourne, Florida, United States",https://job-boards.greenhouse.io/ensco/jobs/5279479008,"Melbourne, Florida, United States",Melbourne,FL,United States,Not specified,,,,Aerospace,2026-09-12,2026-09-12,https://job-boards.greenhouse.io/ensco,known_careers_url,5,success
f3cad011bc30,2026-09-12,b0d788b8ea7e,ENSCO Avionics,https://www.ensco.com/aerospace/avionics-engineering-certification,https://job-boards.greenhouse.io/ensco,"Senior Cybersecurity Engineer New El Segundo, California, United States",https://job-boards.greenhouse.io/ensco/jobs/5416660008,"El Segundo, California, United States",El Segundo,CA,United States,Not specified,,,,Aerospace,2026-09-12,2026-09-12,https://job-boards.greenhouse.io/ensco,known_careers_url,5,success
fbf9a39f69a3,2026-09-12,b0d788b8ea7e,ENSCO Avionics,https://www.ensco.com/aerospace/avionics-engineering-certification,https://job-boards.greenhouse.io/ensco,"Senior Operations Planner Colorado Springs, Colorado, United States",https://job-boards.greenhouse.io/ensco/jobs/5398007008,"Colorado Springs, Colorado, United States",Colorado Springs,CO,United States,Not specified,,,,Aerospace,2026-09-12,2026-09-12,https://job-boards.greenhouse.io/ensco,known_careers_url,5,success
3b2ad96ac381,2026-09-12,b0d788b8ea7e,ENSCO Avionics,https://www.ensco.com/aerospace/avionics-engineering-certification,https://job-boards.greenhouse.io/ensco,"Senior Program Systems Integration Engineer El Segundo, California, United States",https://job-boards.greenhouse.io/ensco/jobs/5361966008,"El Segundo, California, United States",El Segundo,CA,United States,Not specified,,,,Aerospace,2026-09-12,2026-09-12,https://job-boards.greenhouse.io/ensco,known_careers_url,5,success
bd440d6f284c,2026-09-12,b0d788b8ea7e,ENSCO Avionics,https://www.ensco.com/aerospace/avionics-engineering-certification,https://job-boards.greenhouse.io/ensco,"Senior Project Analyst Albuquerque, New Mexico, United States",https://job-boards.greenhouse.io/ensco/jobs/5397554008,"Albuquerque, New Mexico, United States",Albuquerque,NM,United States,Not specified,,,,Aerospace,2026-09-12,2026-09-12,https://job-boards.greenhouse.io/ensco,known_careers_url,5,success
6ad05658c5e8,2026-09-12,b0d788b8ea7e,ENSCO Avionics,https://www.ensco.com/aerospace/avionics-engineering-certification,https://job-boards.greenhouse.io/ensco,"Senior Project Manager Pueblo, Colorado, United States",https://job-boards.greenhouse.io/ensco/jobs/5384887008,"Pueblo, Colorado, United States",Pueblo,CO,United States,Not specified,,,,Aerospace,2026-09-12,2026-09-12,https://job-boards.greenhouse.io/ensco,known_careers_url,5,success
12b5d40a748d,2026-09-12,b0d788b8ea7e,ENSCO Avionics,https://www.ensco.com/aerospace/avionics-engineering-certification,https://job-boards.greenhouse.io/ensco,"Senior Software Architect New El Segundo, California, United States",https://job-boards.greenhouse.io/ensco/jobs/5416603008,"El Segundo, California, United States",El Segundo,CA,United States,Not specified,,,,Aerospace,2026-09-12,2026-09-12,https://job-boards.greenhouse.io/ensco,known_careers_url,5,success
4e41a2ff7770,2026-09-12,b0d788b8ea7e,ENSCO Avionics,https://www.ensco.com/aerospace/avionics-engineering-certification,https://job-boards.greenhouse.io/ensco,"Senior Software Systems Engineer Endicott, New York, United States",https://job-boards.greenhouse.io/ensco/jobs/5219423008,"Endicott, New York, United States",Endicott,NY,United States,Not specified,,,,Aerospace,2026-09-12,2026-09-12,https://job-boards.greenhouse.io/ensco,known_careers_url,5,success
e36cb3cede9d,2026-09-12,b0d788b8ea7e,ENSCO Avionics,https://www.ensco.com/aerospace/avionics-engineering-certification,https://job-boards.greenhouse.io/ensco,"Senior Staff Engineer Colorado Springs, Colorado, United States",https://job-boards.greenhouse.io/ensco/jobs/5398017008,"Colorado Springs, Colorado, United States",Colorado Springs,CO,United States,Not specified,,,,Aerospace,2026-09-12,2026-09-12,https://job-boards.greenhouse.io/ensco,known_careers_url,5,success
03f83cbdbc3e,2026-09-12,b0d788b8ea7e,ENSCO Avionics,https://www.ensco.com/aerospace/avionics-engineering-certification,https://job-boards.greenhouse.io/ensco,"Senior Staff Engineer Colorado Springs, Colorado, United States",https://job-boards.greenhouse.io/ensco/jobs/5407754008,"Colorado Springs, Colorado, United States",Colorado Springs,CO,United States,Not specified,,,,Aerospace,2026-09-12,2026-09-12,https://job-boards.greenhouse.io/ensco,known_careers_url,5,success
59c84a5b209a,2026-09-12,b0d788b8ea7e,ENSCO Avionics,https://www.ensco.com/aerospace/avionics-engineering-certification,https://job-boards.greenhouse.io/ensco,"Senior Sustainment Systems Engineer Colorado Springs, Colorado, United States",https://job-boards.greenhouse.io/ensco/jobs/5231434008,"Colorado Springs, Colorado, United States",Colorado Springs,CO,United States,Not specified,,,,Aerospace,2026-09-12,2026-09-12,https://job-boards.greenhouse.io/ensco,known_careers_url,5,success
7a2b11adca5d,2026-09-12,b0d788b8ea7e,ENSCO Avionics,https://www.ensco.com/aerospace/avionics-engineering-certification,https://job-boards.greenhouse.io/ensco,"Senior Systems Engineer New El Segundo, California, United States",https://job-boards.greenhouse.io/ensco/jobs/5416573008,"El Segundo, California, United States",El Segundo,CA,United States,Not specified,,,,Aerospace,2026-09-12,2026-09-12,https://job-boards.greenhouse.io/ensco,known_careers_url,5,success
1dd62d7a3fd5,2026-09-12,b0d788b8ea7e,ENSCO Avionics,https://www.ensco.com/aerospace/avionics-engineering-certification,https://job-boards.greenhouse.io/ensco,"Senior Technologist, Multi-Domain Joint Operations & Technology Transition New Arlington, Virginia, United States",https://job-boards.greenhouse.io/ensco/jobs/5418680008,"Arlington, Virginia, United States",Arlington,VA,United States,Not specified,,,,Aerospace,2026-09-12,2026-09-12,https://job-boards.greenhouse.io/ensco,known_careers_url,5,success
5e21881dd2f0,2026-09-12,b0d788b8ea7e,ENSCO Avionics,https://www.ensco.com/aerospace/avionics-engineering-certification,https://job-boards.greenhouse.io/ensco,"Software Delivery Lead Colorado Springs, Colorado, United States; El Segundo, California, United States",https://job-boards.greenhouse.io/ensco/jobs/5361886008,"Colorado Springs, Colorado, United States; El Segundo, California, United States",Colorado Springs,CO,United States,Not specified,,,,Aerospace,2026-09-12,2026-09-12,https://job-boards.greenhouse.io/ensco,known_careers_url,5,success
4240676814b9,2026-09-12,b0d788b8ea7e,ENSCO Avionics,https://www.ensco.com/aerospace/avionics-engineering-certification,https://job-boards.greenhouse.io/ensco,"Software Developer Colorado Springs, Colorado, United States",https://job-boards.greenhouse.io/ensco/jobs/5287243008,"Colorado Springs, Colorado, United States",Colorado Springs,CO,United States,Not specified,,,,Aerospace,2026-09-12,2026-09-12,https://job-boards.greenhouse.io/ensco,known_careers_url,5,success
2b0fe1affc44,2026-09-12,b0d788b8ea7e,ENSCO Avionics,https://www.ensco.com/aerospace/avionics-engineering-certification,https://job-boards.greenhouse.io/ensco,"Software Developer Melbourne, Florida, United States",https://job-boards.greenhouse.io/ensco/jobs/5384918008,"Melbourne, Florida, United States",Melbourne,FL,United States,Not specified,,,,Aerospace,2026-09-12,2026-09-12,https://job-boards.greenhouse.io/ensco,known_careers_url,5,success
49d8eb860e09,2026-09-12,b0d788b8ea7e,ENSCO Avionics,https://www.ensco.com/aerospace/avionics-engineering-certification,https://job-boards.greenhouse.io/ensco,"Software Verification Engineer Endicott, New York, United States",https://job-boards.greenhouse.io/ensco/jobs/5078558008,"Endicott, New York, United States",Endicott,NY,United States,Not specified,,,,Aerospace,2026-09-12,2026-09-12,https://job-boards.greenhouse.io/ensco,known_careers_url,5,success
093154c2f256,2026-09-12,b0d788b8ea7e,ENSCO Avionics,https://www.ensco.com/aerospace/avionics-engineering-certification,https://job-boards.greenhouse.io/ensco,"Strategic MBSE Requirements & ICD Lead El Segundo, California, United States",https://job-boards.greenhouse.io/ensco/jobs/5362002008,"El Segundo, California, United States",El Segundo,CA,United States,Not specified,,,,Aerospace,2026-09-12,2026-09-12,https://job-boards.greenhouse.io/ensco,known_careers_url,5,success
3226c8c5d001,2026-09-12,b0d788b8ea7e,ENSCO Avionics,https://www.ensco.com/aerospace/avionics-engineering-certification,https://job-boards.greenhouse.io/ensco,"Strategic Requirements Systems Engineer El Segundo, California, United States",https://job-boards.greenhouse.io/ensco/jobs/5361950008,"El Segundo, California, United States",El Segundo,CA,United States,Not specified,,,,Aerospace,2026-09-12,2026-09-12,https://job-boards.greenhouse.io/ensco,known_careers_url,5,success
9fb03e5525ff,2026-09-12,b0d788b8ea7e,ENSCO Avionics,https://www.ensco.com/aerospace/avionics-engineering-certification,https://job-boards.greenhouse.io/ensco,"Sustainment Test & Evaluation Engineer Colorado Springs, Colorado, United States",https://job-boards.greenhouse.io/ensco/jobs/5264672008,"Colorado Springs, Colorado, United States",Colorado Springs,CO,United States,Not specified,,,,Aerospace,2026-09-12,2026-09-12,https://job-boards.greenhouse.io/ensco,known_careers_url,5,success
b4856c49793d,2026-09-12,b0d788b8ea7e,ENSCO Avionics,https://www.ensco.com/aerospace/avionics-engineering-certification,https://job-boards.greenhouse.io/ensco,"Systems Engineer - Mission Integration & Capability Delivery Albuquerque, New Mexico, United States",https://job-boards.greenhouse.io/ensco/jobs/5397561008,"Albuquerque, New Mexico, United States",Albuquerque,NM,United States,Not specified,,,,Aerospace,2026-09-12,2026-09-12,https://job-boards.greenhouse.io/ensco,known_careers_url,5,success
227843c8697f,2026-09-12,b0d788b8ea7e,ENSCO Avionics,https://www.ensco.com/aerospace/avionics-engineering-certification,https://job-boards.greenhouse.io/ensco,"Systems Integration and Test Engineer New El Segundo, California, United States",https://job-boards.greenhouse.io/ensco/jobs/5416619008,"El Segundo, California, United States",El Segundo,CA,United States,Not specified,,,,Aerospace,2026-09-12,2026-09-12,https://job-boards.greenhouse.io/ensco,known_careers_url,5,success
f8050b49cc1e,2026-09-12,b0d788b8ea7e,ENSCO Avionics,https://www.ensco.com/aerospace/avionics-engineering-certification,https://job-boards.greenhouse.io/ensco,"Technical Director Albuquerque, New Mexico, United States",https://job-boards.greenhouse.io/ensco/jobs/5398092008,"Albuquerque, New Mexico, United States",Albuquerque,NM,United States,Not specified,,,,Aerospace,2026-09-12,2026-09-12,https://job-boards.greenhouse.io/ensco,known_careers_url,5,success
10176d1dcf90,2026-09-12,b0d788b8ea7e,ENSCO Avionics,https://www.ensco.com/aerospace/avionics-engineering-certification,https://job-boards.greenhouse.io/ensco,"Test Equipment Engineer Endicott, New York, United States",https://job-boards.greenhouse.io/ensco/jobs/5285597008,"Endicott, New York, United States",Endicott,NY,United States,Not specified,,,,Aerospace,2026-09-12,2026-09-12,https://job-boards.greenhouse.io/ensco,known_careers_url,5,success
c452f4979374,2026-09-12,5e6b2d8a10cd,Flexim Americas,https://www.flexim.com/us,https://joinhandshake.com/students/whos-hiring,(#2630301) Intern-Biorepository at Labcorp,https://app.joinhandshake.com/public/jobs/11411420,"Brentwood, NY, United States",Brentwood,NY,United States,Not specified,,,,Aerospace,2026-09-12,2026-09-12,https://joinhandshake.com/students/whos-hiring,linked_page,4,success_after_fallback
3bec5a62b268,2026-09-12,5e6b2d8a10cd,Flexim Americas,https://www.flexim.com/us,https://joinhandshake.com/students/whos-hiring,Hogan Lovells Cadwalader Vacation Scheme Internship • Today A p p l y,https://app.joinhandshake.com/public/jobs/11411291,"Brentwood, NY, United States",Brentwood,NY,United States,Not specified,,,,Aerospace,2026-09-12,2026-09-12,https://joinhandshake.com/students/whos-hiring,linked_page,4,success_after_fallback
d0d873d807d5,2026-09-12,5e6b2d8a10cd,Flexim Americas,https://www.flexim.com/us,https://joinhandshake.com/students/whos-hiring,UGC Intern at Figwork,https://app.joinhandshake.com/public/jobs/11411130,"Brentwood, NY, United States",Brentwood,NY,United States,Not specified,,,,Aerospace,2026-09-12,2026-09-12,https://joinhandshake.com/students/whos-hiring,linked_page,4,success_after_fallback
9706c2ec9178,2026-09-12,5e6b2d8a10cd,Flexim Americas,https://www.flexim.com/us,https://joinhandshake.com/students/whos-hiring,"Research, Development Intern at Kerry",https://app.joinhandshake.com/public/jobs/11411076,"Brentwood, NY, United States",Brentwood,NY,United States,Not specified,,,,Aerospace,2026-09-12,2026-09-12,https://joinhandshake.com/students/whos-hiring,linked_page,4,success_after_fallback
044e2d039f63,2026-09-12,5e6b2d8a10cd,Flexim Americas,https://www.flexim.com/us,https://joinhandshake.com/students/whos-hiring,"2027 Summer Intern - Supply Chain, Business Operations & Automation",https://app.joinhandshake.com/public/jobs/11411069,"Brentwood, NY, United States",Brentwood,NY,United States,Not specified,,,,Aerospace,2026-09-12,2026-09-12,https://joinhandshake.com/students/whos-hiring,linked_page,4,success_after_fallback
d9c6b01a0f6c,2026-09-12,5e6b2d8a10cd,Flexim Americas,https://www.flexim.com/us,https://joinhandshake.com/students/whos-hiring,Flight Operations & Airworthiness Engineering Intern - Spring/Summer/Fall 2027 at Hermeus Corporation,https://app.joinhandshake.com/public/jobs/11411037,"Brentwood, NY, United States",Brentwood,NY,United States,Not specified,,,,Aerospace,2026-09-12,2026-09-12,https://joinhandshake.com/students/whos-hiring,linked_page,4,success_after_fallback
f2d8f89a7d92,2026-09-12,5e6b2d8a10cd,Flexim Americas,https://www.flexim.com/us,https://joinhandshake.com/students/whos-hiring,"Accounting Assistant at Baystate Interpreters, Inc.",https://app.joinhandshake.com/public/jobs/11411458,"Brentwood, NY, United States",Brentwood,NY,United States,Not specified,,,,Aerospace,2026-09-12,2026-09-12,https://joinhandshake.com/students/whos-hiring,linked_page,4,success_after_fallback
9f52075f392b,2026-09-12,5e6b2d8a10cd,Flexim Americas,https://www.flexim.com/us,https://joinhandshake.com/students/whos-hiring,Technology Management Trainee at Neusoft,https://app.joinhandshake.com/public/jobs/11411428,"Brentwood, NY, United States",Brentwood,NY,United States,Not specified,,,,Aerospace,2026-09-12,2026-09-12,https://joinhandshake.com/students/whos-hiring,linked_page,4,success_after_fallback
944de0672611,2026-09-12,5e6b2d8a10cd,Flexim Americas,https://www.flexim.com/us,https://joinhandshake.com/students/whos-hiring,Supervisory Management Analyst at U.S. Department of Health and Human Services,https://app.joinhandshake.com/public/jobs/11411441,"Brentwood, NY, United States",Brentwood,NY,United States,Not specified,,,,Aerospace,2026-09-12,2026-09-12,https://joinhandshake.com/students/whos-hiring,linked_page,4,success_after_fallback
bd48fc543a63,2026-09-12,9c006685bfd8,General Dynamics,https://www.gdit.com/,https://www.gdit.com/careers/areas-of-expertise,Corporate Operations,https://www.gdit.com/careers/featured-career-paths/corporate-operations,"Rensselaer, NY, United States",Rensselaer,NY,United States,Not specified,,,,Core Space,2026-09-12,2026-09-12,https://www.gdit.com/careers/areas-of-expertise,linked_page,3,success_after_fallback
8cc96cd7ca2c,2026-09-12,22f272cffdda,GI Aerospace,https://www.giaerospace.com/,https://www.gicorp.com/careers/opportunities,Procurement and Sales Coordinator,https://www.gicorp.com/careers/engineering/311-procurement-sales-coordinator,"Kochi, Kerala, India",Kochi,Kerala,India,Not specified,,,,Aerospace,2026-09-12,2026-09-12,https://www.gicorp.com/careers/opportunities,known_careers_url,4,success
73d48c20870d,2026-09-12,22f272cffdda,GI Aerospace,https://www.giaerospace.com/,https://www.gicorp.com/careers/opportunities,Procurement and Sales Coordinator,https://www.gicorp.com/careers/engineering/312-procurement-sales-coordinator,"Dubai, United Arab Emirates",Dubai,,United Arab Emirates,Not specified,,,,Aerospace,2026-09-12,2026-09-12,https://www.gicorp.com/careers/opportunities,known_careers_url,4,success
6980f4a1dae3,2026-09-12,22f272cffdda,GI Aerospace,https://www.giaerospace.com/,https://www.gicorp.com/careers/opportunities,CNC Swiss Lathe Operator - Air Conditioned Facility,https://www.gicorp.com/careers/corp/740-cnc-lathe-machinist,"Houston, TX, United States",Houston,TX,United States,Not specified,,,,Aerospace,2026-09-12,2026-09-12,https://www.gicorp.com/careers/opportunities,known_careers_url,4,success
16834486b237,2026-09-12,22f272cffdda,GI Aerospace,https://www.giaerospace.com/,https://www.gicorp.com/careers/opportunities,Warehouse Associate / Packer,https://www.gicorp.com/careers/pacificsystems/902-warehouse-associate,"Houston, TX, United States",Houston,TX,United States,Not specified,,,,Aerospace,2026-09-12,2026-09-12,https://www.gicorp.com/careers/opportunities,known_careers_url,4,success
e1334ec3197a,2026-09-12,22f272cffdda,GI Aerospace,https://www.giaerospace.com/,https://www.gicorp.com/careers/opportunities,DoD Contractor - Military Packaging Associate,https://www.gicorp.com/careers/pacificsystems/901-packaging-administrator,"Houston, TX, United States",Houston,TX,United States,Not specified,,,,Aerospace,2026-09-12,2026-09-12,https://www.gicorp.com/careers/opportunities,known_careers_url,4,success
cf76937925a1,2026-09-12,22f272cffdda,GI Aerospace,https://www.giaerospace.com/,https://www.gicorp.com/careers/opportunities,Full-Stack Developer - Python & Javascript,https://www.gicorp.com/careers/corp/731-full-stack-developer,"Kochi, Kerala, India",Kochi,Kerala,India,Not specified,,,,Aerospace,2026-09-12,2026-09-12,https://www.gicorp.com/careers/opportunities,known_careers_url,4,success
6c8504dad2fd,2026-09-12,22f272cffdda,GI Aerospace,https://www.giaerospace.com/,https://www.gicorp.com/careers/opportunities,Python Developer - Django,https://www.gicorp.com/careers/corp/732-python-developer-django,"Kochi, Kerala, India",Kochi,Kerala,India,Not specified,,,,Aerospace,2026-09-12,2026-09-12,https://www.gicorp.com/careers/opportunities,known_careers_url,4,success
1e0fd893ba57,2026-09-12,22f272cffdda,GI Aerospace,https://www.giaerospace.com/,https://www.gicorp.com/careers/opportunities,UI / UX Designer,https://www.gicorp.com/careers/consulting/706-ui-ux-designer,"Kochi, Kerala, India",Kochi,Kerala,India,Not specified,,,,Aerospace,2026-09-12,2026-09-12,https://www.gicorp.com/careers/opportunities,known_careers_url,4,success
40ffeb81575d,2026-09-12,22f272cffdda,GI Aerospace,https://www.giaerospace.com/,https://www.gicorp.com/careers/opportunities,Creative Designer - Web and Print,https://www.gicorp.com/careers/corp/734-creative-designer,"Kochi, Kerala, India",Kochi,Kerala,India,Not specified,,,,Aerospace,2026-09-12,2026-09-12,https://www.gicorp.com/careers/opportunities,known_careers_url,4,success
1255dd6cfdd8,2026-09-12,22f272cffdda,GI Aerospace,https://www.giaerospace.com/,https://www.gicorp.com/careers/opportunities,Windows System Administrator,https://www.gicorp.com/careers/corp/738-windows-system-administrator,"Kochi, Kerala, India",Kochi,Kerala,India,Not specified,,,,Aerospace,2026-09-12,2026-09-12,https://www.gicorp.com/careers/opportunities,known_careers_url,4,success
fff41ec9a9cb,2026-09-12,22f272cffdda,GI Aerospace,https://www.giaerospace.com/,https://www.gicorp.com/careers/opportunities,EU Operations & Sales Manager,https://www.gicorp.com/careers/europe/501-eu-operations-sales-manager,"Rotterdam, Netherlands",Rotterdam,,Netherlands,Not specified,,,,Aerospace,2026-09-12,2026-09-12,https://www.gicorp.com/careers/opportunities,known_careers_url,4,success
0c572d500ee6,2026-09-12,22f272cffdda,GI Aerospace,https://www.giaerospace.com/,https://www.gicorp.com/careers/opportunities,Aircraft Assembly Tools - Sales,https://www.gicorp.com/careers/wescon/405-aircraft-assembly-tools-sales,"Houston, TX, United States",Houston,TX,United States,Not specified,,,,Aerospace,2026-09-12,2026-09-12,https://www.gicorp.com/careers/opportunities,known_careers_url,4,success
3f5004c79f36,2026-09-12,22f272cffdda,GI Aerospace,https://www.giaerospace.com/,https://www.gicorp.com/careers/opportunities,Sales Engineer - Electrical,https://www.gicorp.com/careers/engineering/315-sales-engineer-elecrical,"Kochi, Kerala, India",Kochi,Kerala,India,Not specified,,,,Aerospace,2026-09-12,2026-09-12,https://www.gicorp.com/careers/opportunities,known_careers_url,4,success
c9b04257d48a,2026-09-12,22f272cffdda,GI Aerospace,https://www.giaerospace.com/,https://www.gicorp.com/careers/opportunities,Power Transformers (132kV and above) Testing & Commissioning Engineer,https://www.gicorp.com/careers/engineering/307-Transformer-Testing-Commissioning-Engineer,"Dubai, United Arab Emirates",Dubai,,United Arab Emirates,Not specified,,,,Aerospace,2026-09-12,2026-09-12,https://www.gicorp.com/careers/opportunities,known_careers_url,4,success
9dd297bf7d6b,2026-09-12,22f272cffdda,GI Aerospace,https://www.giaerospace.com/,https://www.gicorp.com/careers/opportunities,Aviation Tools Sales Manager - Europe,https://www.gicorp.com/careers/wescon/403-aviation-tools-sales-manager-europe,"United Kingdom, European Union",,,United Kingdom,Not specified,,,,Aerospace,2026-09-12,2026-09-12,https://www.gicorp.com/careers/opportunities,known_careers_url,4,success
348a3cd2baa2,2026-09-12,22f272cffdda,GI Aerospace,https://www.giaerospace.com/,https://www.gicorp.com/careers/opportunities,Aviation Tools Sales Manager - United States,https://www.gicorp.com/careers/wescon/401-aviation-tools-sales-manager-united-states,"Houston, TX, United States",Houston,TX,United States,Not specified,,,,Aerospace,2026-09-12,2026-09-12,https://www.gicorp.com/careers/opportunities,known_careers_url,4,success
44617c16a82a,2026-09-12,22f272cffdda,GI Aerospace,https://www.giaerospace.com/,https://www.gicorp.com/careers/corp/742-cnc-swiss-lathe-programmer,CNC Swiss Lathe Programmer - Air Conditioned Facility,https://www.gicorp.com/careers/corp/742-cnc-swiss-lathe-programmer,"Austin, TX, United States, Austin, TX, United States, US",Austin,TX,United States,Not specified,,,,Aerospace,2026-09-12,2026-09-12,https://www.gicorp.com/careers/corp/742-cnc-swiss-lathe-programmer,linked_page,3,success_after_fallback
7b7751014110,2026-09-12,22f272cffdda,GI Aerospace,https://www.giaerospace.com/,https://www.gicorp.com/careers/corp/742-cnc-swiss-lathe-programmer,"Read, interpret, and work from complex blueprints and engineering drawings.",https://www.gicorp.com/careers/corp/apply,"Queens, NY, United States",Queens,NY,United States,Not specified,,,,Aerospace,2026-09-12,2026-09-12,https://www.gicorp.com/careers/corp/742-cnc-swiss-lathe-programmer,linked_page,3,success_after_fallback
9548940e9a5e,2026-09-12,22f272cffdda,GI Aerospace,https://www.giaerospace.com/,https://www.gicorp.com/careers/corp/741-cnc-swiss-lathe-programmer,CNC Mill Programmer - Air Conditioned Facility,https://www.gicorp.com/careers/corp/741-cnc-swiss-lathe-programmer,"Houston, TX, United States, Houston, TX, United States, US",Houston,TX,United States,Not specified,,,,Aerospace,2026-09-12,2026-09-12,https://www.gicorp.com/careers/corp/741-cnc-swiss-lathe-programmer,linked_page,3,success_after_fallback
557fb95a533a,2026-09-12,22f272cffdda,GI Aerospace,https://www.giaerospace.com/,https://www.gicorp.com/careers/corp/743-cnc-mill-programmer,CNC Mill Programmer - Air Conditioned Facility,https://www.gicorp.com/careers/corp/743-cnc-mill-programmer,"Houston, TX, United States, Houston, TX, United States, US",Houston,TX,United States,Not specified,,,,Aerospace,2026-09-12,2026-09-12,https://www.gicorp.com/careers/corp/743-cnc-mill-programmer,linked_page,3,success_after_fallback
35021aeedbd6,2026-09-12,22f272cffdda,GI Aerospace,https://www.giaerospace.com/,https://www.gicorp.com/careers/pacificsystems/902-warehouse-associate,Warehouse Associate / Packer,https://www.gicorp.com/careers/pacificsystems/apply,"Queens, NY, United States",Queens,NY,United States,Not specified,,,,Aerospace,2026-09-12,2026-09-12,https://www.gicorp.com/careers/pacificsystems/902-warehouse-associate,linked_page,3,success_after_fallback
d9eeb9662533,2026-09-12,9aece7086b18,Huntington Ingalls Industries,https://hii.com/,https://careers.huntingtoningalls.com/search?q=&locationsearch=Pascagoula%2C+MS&sortColumn=referencedate&sortDirection=desc&searchby=location&d=10,FINANCIAL ANALYST 2,https://careers.huntingtoningalls.com/job/Pascagoula-FINANCIAL-ANALYST-2-Miss/1428624300,"Syracuse, NY, United States",Syracuse,NY,United States,Not specified,,,,Space & Defense,2026-09-12,2026-09-12,https://careers.huntingtoningalls.com/search?q=&locationsearch=Pascagoula%2C+MS&sortColumn=referencedate&sortDirection=desc&searchby=location&d=10,known_careers_url,4,success
df7aedddbfd3,2026-09-12,9aece7086b18,Huntington Ingalls Industries,https://hii.com/,https://careers.huntingtoningalls.com/search?q=&locationsearch=Pascagoula%2C+MS&sortColumn=referencedate&sortDirection=desc&searchby=location&d=10,SUBCONTRACTS ADMINISTRATOR 1,https://careers.huntingtoningalls.com/job/Pascagoula-SUBCONTRACTS-ADMINISTRATOR-1-Miss/1428536300,"Syracuse, NY, United States",Syracuse,NY,United States,Not specified,,,,Space & Defense,2026-09-12,2026-09-12,https://careers.huntingtoningalls.com/search?q=&locationsearch=Pascagoula%2C+MS&sortColumn=referencedate&sortDirection=desc&searchby=location&d=10,known_careers_url,4,success
6af6b1dd41b5,2026-09-12,9aece7086b18,Huntington Ingalls Industries,https://hii.com/,https://careers.huntingtoningalls.com/search?q=&locationsearch=Pascagoula%2C+MS&sortColumn=referencedate&sortDirection=desc&searchby=location&d=10,PROCUREMENT ASSISTANT 1,https://careers.huntingtoningalls.com/job/Pascagoula-PROCUREMENT-ASSISTANT-1-Miss/1427910000,"Syracuse, NY, United States",Syracuse,NY,United States,Not specified,,,,Space & Defense,2026-09-12,2026-09-12,https://careers.huntingtoningalls.com/search?q=&locationsearch=Pascagoula%2C+MS&sortColumn=referencedate&sortDirection=desc&searchby=location&d=10,known_careers_url,4,success
58c49b320ab6,2026-09-12,9aece7086b18,Huntington Ingalls Industries,https://hii.com/,https://careers.huntingtoningalls.com/search?q=&locationsearch=Pascagoula%2C+MS&sortColumn=referencedate&sortDirection=desc&searchby=location&d=10,ENGINEER SYSTEMS 1,https://careers.huntingtoningalls.com/job/Pascagoula-ENGINEER-SYSTEMS-1-Miss/1427897100,"Syracuse, NY, United States",Syracuse,NY,United States,Not specified,,,,Space & Defense,2026-09-12,2026-09-12,https://careers.huntingtoningalls.com/search?q=&locationsearch=Pascagoula%2C+MS&sortColumn=referencedate&sortDirection=desc&searchby=location&d=10,known_careers_url,4,success
c2bdc13562a4,2026-09-12,9aece7086b18,Huntington Ingalls Industries,https://hii.com/,https://careers.huntingtoningalls.com/search?q=&locationsearch=Pascagoula%2C+MS&sortColumn=referencedate&sortDirection=desc&searchby=location&d=10,QUALITY ELECTRICAL INSPECTOR 2,https://careers.huntingtoningalls.com/job/Pascagoula-QUALITY-ELECTRICAL-INSPECTOR-2-Miss/1427896700,"Syracuse, NY, United States",Syracuse,NY,United States,Not specified,,,,Space & Defense,2026-09-12,2026-09-12,https://careers.huntingtoningalls.com/search?q=&locationsearch=Pascagoula%2C+MS&sortColumn=referencedate&sortDirection=desc&searchby=location&d=10,known_careers_url,4,success
c9a0c2746c8d,2026-09-12,9aece7086b18,Huntington Ingalls Industries,https://hii.com/,https://careers.huntingtoningalls.com/search?q=&locationsearch=Pascagoula%2C+MS&sortColumn=referencedate&sortDirection=desc&searchby=location&d=10,PROJECT MANAGEMENT 2,https://careers.huntingtoningalls.com/job/Pascagoula-PROJECT-MANAGEMENT-2-Miss/1427430000,"Syracuse, NY, United States",Syracuse,NY,United States,Not specified,,,,Space & Defense,2026-09-12,2026-09-12,https://careers.huntingtoningalls.com/search?q=&locationsearch=Pascagoula%2C+MS&sortColumn=referencedate&sortDirection=desc&searchby=location&d=10,known_careers_url,4,success
45b54bbd86f8,2026-09-12,9aece7086b18,Huntington Ingalls Industries,https://hii.com/,https://careers.huntingtoningalls.com/search?q=&locationsearch=Pascagoula%2C+MS&sortColumn=referencedate&sortDirection=desc&searchby=location&d=10,CALIBRATION TECHNICIAN 2,https://careers.huntingtoningalls.com/job/Pascagoula-CALIBRATION-TECHNICIAN-2-Miss/1427406200,"Syracuse, NY, United States",Syracuse,NY,United States,Not specified,,,,Space & Defense,2026-09-12,2026-09-12,https://careers.huntingtoningalls.com/search?q=&locationsearch=Pascagoula%2C+MS&sortColumn=referencedate&sortDirection=desc&searchby=location&d=10,known_careers_url,4,success
ab3a669cf70a,2026-09-12,9aece7086b18,Huntington Ingalls Industries,https://hii.com/,https://careers.huntingtoningalls.com/search?q=&locationsearch=Pascagoula%2C+MS&sortColumn=referencedate&sortDirection=desc&searchby=location&d=10,PROJECT MANAGEMENT 3 -DDG51 OR FF(X),https://careers.huntingtoningalls.com/job/Pascagoula-PROJECT-MANAGEMENT-3-DDG51-OR-FF%28X%29-Miss/1426758100,"Syracuse, NY, United States",Syracuse,NY,United States,Not specified,,,,Space & Defense,2026-09-12,2026-09-12,https://careers.huntingtoningalls.com/search?q=&locationsearch=Pascagoula%2C+MS&sortColumn=referencedate&sortDirection=desc&searchby=location&d=10,known_careers_url,4,success
0f51fa501e12,2026-09-12,9aece7086b18,Huntington Ingalls Industries,https://hii.com/,https://careers.huntingtoningalls.com/search?q=&locationsearch=Pascagoula%2C+MS&sortColumn=referencedate&sortDirection=desc&searchby=location&d=10,MECHANICAL FACILITIES ENGINEER 4,https://careers.huntingtoningalls.com/job/Pascagoula-MECHANICAL-FACILITIES-ENGINEER-4-Miss/1425298300,"Syracuse, NY, United States",Syracuse,NY,United States,Not specified,,,,Space & Defense,2026-09-12,2026-09-12,https://careers.huntingtoningalls.com/search?q=&locationsearch=Pascagoula%2C+MS&sortColumn=referencedate&sortDirection=desc&searchby=location&d=10,known_careers_url,4,success
e24bb2eda123,2026-09-12,9aece7086b18,Huntington Ingalls Industries,https://hii.com/,https://careers.huntingtoningalls.com/search?q=&locationsearch=Pascagoula%2C+MS&sortColumn=referencedate&sortDirection=desc&searchby=location&d=10,FINANCIAL ANALYST 2,https://careers.huntingtoningalls.com/job/Pascagoula-FINANCIAL-ANALYST-2-Miss/1423578500,"Syracuse, NY, United States",Syracuse,NY,United States,Not specified,,,,Space & Defense,2026-09-12,2026-09-12,https://careers.huntingtoningalls.com/search?q=&locationsearch=Pascagoula%2C+MS&sortColumn=referencedate&sortDirection=desc&searchby=location&d=10,known_careers_url,4,success
f927ea9ed269,2026-09-12,9aece7086b18,Huntington Ingalls Industries,https://hii.com/,https://careers.huntingtoningalls.com/search?q=&locationsearch=Pascagoula%2C+MS&sortColumn=referencedate&sortDirection=desc&searchby=location&d=10,SUPPLIER QUALITY ANALYST 2,https://careers.huntingtoningalls.com/job/Pascagoula-SUPPLIER-QUALITY-ANALYST-2-Miss/1408303400,"Syracuse, NY, United States",Syracuse,NY,United States,Not specified,,,,Space & Defense,2026-09-12,2026-09-12,https://careers.huntingtoningalls.com/search?q=&locationsearch=Pascagoula%2C+MS&sortColumn=referencedate&sortDirection=desc&searchby=location&d=10,known_careers_url,4,success
b76802089eea,2026-09-12,64d9022f568a,ITT Enidine,https://www.enidine.com/en-US/Home,https://careersenus-itt-inc.icims.com/jobs/search?ss=1&searchRelation=keyword_all,Title Senior Contracts Administrator,https://careersenus-itt-inc.icims.com/jobs/17681/senior-contracts-administrator/job,"Orchard Park, NY, United States",Orchard Park,NY,United States,Not specified,,,,Space & Defense,2026-09-12,2026-09-12,https://careersenus-itt-inc.icims.com/jobs/search?ss=1&searchRelation=keyword_all,ats_detected,5,success_after_fallback
b5dcd6cddfa5,2026-09-12,64d9022f568a,ITT Enidine,https://www.enidine.com/en-US/Home,https://careersenus-itt-inc.icims.com/jobs/search?ss=1&searchRelation=keyword_all,Title QA Engineer III,https://careersenus-itt-inc.icims.com/jobs/17678/qa-engineer-iii/job,"Orchard Park, NY, United States",Orchard Park,NY,United States,Not specified,,,,Space & Defense,2026-09-12,2026-09-12,https://careersenus-itt-inc.icims.com/jobs/search?ss=1&searchRelation=keyword_all,ats_detected,5,success_after_fallback
6720c847a72b,2026-09-12,64d9022f568a,ITT Enidine,https://www.enidine.com/en-US/Home,https://careersenus-itt-inc.icims.com/jobs/search?ss=1&searchRelation=keyword_all,Title Manufacturing Engineer,https://careersenus-itt-inc.icims.com/jobs/17675/manufacturing-engineer/job,"Orchard Park, NY, United States",Orchard Park,NY,United States,Not specified,,,,Space & Defense,2026-09-12,2026-09-12,https://careersenus-itt-inc.icims.com/jobs/search?ss=1&searchRelation=keyword_all,ats_detected,5,success_after_fallback
46eb7280a727,2026-09-12,64d9022f568a,ITT Enidine,https://www.enidine.com/en-US/Home,https://careersenus-itt-inc.icims.com/jobs/search?ss=1&searchRelation=keyword_all,"Title Manager, Production",https://careersenus-itt-inc.icims.com/jobs/17670/manager%2c-production/job,"Orchard Park, NY, United States",Orchard Park,NY,United States,Not specified,,,,Space & Defense,2026-09-12,2026-09-12,https://careersenus-itt-inc.icims.com/jobs/search?ss=1&searchRelation=keyword_all,ats_detected,5,success_after_fallback
781ab4f6cf86,2026-09-12,64d9022f568a,ITT Enidine,https://www.enidine.com/en-US/Home,https://careersenus-itt-inc.icims.com/jobs/search?ss=1&searchRelation=keyword_all,Title Product Specialist,https://careersenus-itt-inc.icims.com/jobs/17666/product-specialist/job,"Orchard Park, NY, United States",Orchard Park,NY,United States,Not specified,,,,Space & Defense,2026-09-12,2026-09-12,https://careersenus-itt-inc.icims.com/jobs/search?ss=1&searchRelation=keyword_all,ats_detected,5,success_after_fallback
ac1c73aeea81,2026-09-12,64d9022f568a,ITT Enidine,https://www.enidine.com/en-US/Home,https://careersenus-itt-inc.icims.com/jobs/search?ss=1&searchRelation=keyword_all,Title Product Assurance Analyst,https://careersenus-itt-inc.icims.com/jobs/17664/product-assurance-analyst/job,"Orchard Park, NY, United States",Orchard Park,NY,United States,Not specified,,,,Space & Defense,2026-09-12,2026-09-12,https://careersenus-itt-inc.icims.com/jobs/search?ss=1&searchRelation=keyword_all,ats_detected,5,success_after_fallback
7650c53adb3a,2026-09-12,64d9022f568a,ITT Enidine,https://www.enidine.com/en-US/Home,https://careersenus-itt-inc.icims.com/jobs/search?ss=1&searchRelation=keyword_all,Title Application Engineering Co-op (Spring/Summer 2027),https://careersenus-itt-inc.icims.com/jobs/17660/application-engineering-co-op-%28spring-summer-2027%29/job,"Orchard Park, NY, United States",Orchard Park,NY,United States,Not specified,,,,Space & Defense,2026-09-12,2026-09-12,https://careersenus-itt-inc.icims.com/jobs/search?ss=1&searchRelation=keyword_all,ats_detected,5,success_after_fallback
f46de9a472f8,2026-09-12,64d9022f568a,ITT Enidine,https://www.enidine.com/en-US/Home,https://careersenus-itt-inc.icims.com/jobs/search?ss=1&searchRelation=keyword_all,Title Assembly Production Manager,https://careersenus-itt-inc.icims.com/jobs/17621/assembly-production-manager/job,"Orchard Park, NY, United States",Orchard Park,NY,United States,Not specified,,,,Space & Defense,2026-09-12,2026-09-12,https://careersenus-itt-inc.icims.com/jobs/search?ss=1&searchRelation=keyword_all,ats_detected,5,success_after_fallback
219d01c9239c,2026-09-12,64d9022f568a,ITT Enidine,https://www.enidine.com/en-US/Home,https://careersenus-itt-inc.icims.com/jobs/search?ss=1&searchRelation=keyword_all,Title Assembly Operator (Contingent Worker),https://careersenus-itt-inc.icims.com/jobs/17601/assembly-operator-%28contingent-worker%29/job,"Orchard Park, NY, United States",Orchard Park,NY,United States,Not specified,,,,Space & Defense,2026-09-12,2026-09-12,https://careersenus-itt-inc.icims.com/jobs/search?ss=1&searchRelation=keyword_all,ats_detected,5,success_after_fallback
cf6d02580819,2026-09-12,64d9022f568a,ITT Enidine,https://www.enidine.com/en-US/Home,https://careersenus-itt-inc.icims.com/jobs/search?ss=1&searchRelation=keyword_all,Title Supply Chain Intern (Summer 2027),https://careersenus-itt-inc.icims.com/jobs/17592/supply-chain-intern-%28summer-2027%29/job,"Orchard Park, NY, United States",Orchard Park,NY,United States,Not specified,,,,Space & Defense,2026-09-12,2026-09-12,https://careersenus-itt-inc.icims.com/jobs/search?ss=1&searchRelation=keyword_all,ats_detected,5,success_after_fallback
8b8508aa4b4a,2026-09-12,64d9022f568a,ITT Enidine,https://www.enidine.com/en-US/Home,https://careersenus-itt-inc.icims.com/jobs/search?ss=1&searchRelation=keyword_all,Title Office Support Specialist,https://careersenus-itt-inc.icims.com/jobs/17589/office-support-specialist/job,"Orchard Park, NY, United States",Orchard Park,NY,United States,Not specified,,,,Space & Defense,2026-09-12,2026-09-12,https://careersenus-itt-inc.icims.com/jobs/search?ss=1&searchRelation=keyword_all,ats_detected,5,success_after_fallback
fd1b982c5c17,2026-09-12,64d9022f568a,ITT Enidine,https://www.enidine.com/en-US/Home,https://careersenus-itt-inc.icims.com/jobs/search?ss=1&searchRelation=keyword_all,Title Design Engineering Intern (Summer 2027),https://careersenus-itt-inc.icims.com/jobs/17585/design-engineering-intern-%28summer-2027%29/job,"Orchard Park, NY, United States",Orchard Park,NY,United States,Not specified,,,,Space & Defense,2026-09-12,2026-09-12,https://careersenus-itt-inc.icims.com/jobs/search?ss=1&searchRelation=keyword_all,ats_detected,5,success_after_fallback
cba94d18fded,2026-09-12,64d9022f568a,ITT Enidine,https://www.enidine.com/en-US/Home,https://careersenus-itt-inc.icims.com/jobs/search?ss=1&searchRelation=keyword_all,"Title Manager, Manufacturing Engineering",https://careersenus-itt-inc.icims.com/jobs/17578/manager%2c-manufacturing-engineering/job,"Orchard Park, NY, United States",Orchard Park,NY,United States,Not specified,,,,Space & Defense,2026-09-12,2026-09-12,https://careersenus-itt-inc.icims.com/jobs/search?ss=1&searchRelation=keyword_all,ats_detected,5,success_after_fallback
3dc1aff515c5,2026-09-12,64d9022f568a,ITT Enidine,https://www.enidine.com/en-US/Home,https://careersenus-itt-inc.icims.com/jobs/search?ss=1&searchRelation=keyword_all,Title Assembly Operator,https://careersenus-itt-inc.icims.com/jobs/17577/assembly-operator/job,"Orchard Park, NY, United States",Orchard Park,NY,United States,Not specified,,,,Space & Defense,2026-09-12,2026-09-12,https://careersenus-itt-inc.icims.com/jobs/search?ss=1&searchRelation=keyword_all,ats_detected,5,success_after_fallback
f6ed0b0a6647,2026-09-12,64d9022f568a,ITT Enidine,https://www.enidine.com/en-US/Home,https://careersenus-itt-inc.icims.com/jobs/search?ss=1&searchRelation=keyword_all,Title Assembly Operator,https://careersenus-itt-inc.icims.com/jobs/17566/assembly-operator/job,"Orchard Park, NY, United States",Orchard Park,NY,United States,Not specified,,,,Space & Defense,2026-09-12,2026-09-12,https://careersenus-itt-inc.icims.com/jobs/search?ss=1&searchRelation=keyword_all,ats_detected,5,success_after_fallback
b62bc17b3976,2026-09-12,64d9022f568a,ITT Enidine,https://www.enidine.com/en-US/Home,https://careersenus-itt-inc.icims.com/jobs/search?ss=1&searchRelation=keyword_all,Title Assembly Operator II,https://careersenus-itt-inc.icims.com/jobs/17553/assembly-operator-ii/job,"Orchard Park, NY, United States",Orchard Park,NY,United States,Not specified,,,,Space & Defense,2026-09-12,2026-09-12,https://careersenus-itt-inc.icims.com/jobs/search?ss=1&searchRelation=keyword_all,ats_detected,5,success_after_fallback
97daa41e7415,2026-09-12,64d9022f568a,ITT Enidine,https://www.enidine.com/en-US/Home,https://careersenus-itt-inc.icims.com/jobs/search?ss=1&searchRelation=keyword_all,Title Repair & Overhaul Service Technician I,https://careersenus-itt-inc.icims.com/jobs/17542/repair-%26-overhaul-service-technician-i/job,"Orchard Park, NY, United States",Orchard Park,NY,United States,Not specified,,,,Space & Defense,2026-09-12,2026-09-12,https://careersenus-itt-inc.icims.com/jobs/search?ss=1&searchRelation=keyword_all,ats_detected,5,success_after_fallback
97dc9e199d09,2026-09-12,64d9022f568a,ITT Enidine,https://www.enidine.com/en-US/Home,https://careersenus-itt-inc.icims.com/jobs/search?ss=1&searchRelation=keyword_all,Title Repair & Overhaul Service Technician I (ECS),https://careersenus-itt-inc.icims.com/jobs/17541/repair-%26-overhaul-service-technician-i-%28ecs%29/job,"Orchard Park, NY, United States",Orchard Park,NY,United States,Not specified,,,,Space & Defense,2026-09-12,2026-09-12,https://careersenus-itt-inc.icims.com/jobs/search?ss=1&searchRelation=keyword_all,ats_detected,5,success_after_fallback
503ad20a1a32,2026-09-12,64d9022f568a,ITT Enidine,https://www.enidine.com/en-US/Home,https://careersenus-itt-inc.icims.com/jobs/search?ss=1&searchRelation=keyword_all,Title Repair & Overhaul Service Technician I,https://careersenus-itt-inc.icims.com/jobs/17540/repair-%26-overhaul-service-technician-i/job,"Orchard Park, NY, United States",Orchard Park,NY,United States,Not specified,,,,Space & Defense,2026-09-12,2026-09-12,https://careersenus-itt-inc.icims.com/jobs/search?ss=1&searchRelation=keyword_all,ats_detected,5,success_after_fallback
55fd684b44e7,2026-09-12,64d9022f568a,ITT Enidine,https://www.enidine.com/en-US/Home,https://careersenus-itt-inc.icims.com/jobs/search?ss=1&searchRelation=keyword_all,Title Repair & Overhaul Service Technician I (ECS),https://careersenus-itt-inc.icims.com/jobs/17539/repair-%26-overhaul-service-technician-i-%28ecs%29/job,"Orchard Park, NY, United States",Orchard Park,NY,United States,Not specified,,,,Space & Defense,2026-09-12,2026-09-12,https://careersenus-itt-inc.icims.com/jobs/search?ss=1&searchRelation=keyword_all,ats_detected,5,success_after_fallback
a3b2c41b605b,2026-09-12,64d9022f568a,ITT Enidine,https://www.enidine.com/en-US/Home,https://careersenus-itt-inc.icims.com/jobs/search?ss=1&searchRelation=keyword_all,Title Continuous Improvement Engineer,https://careersenus-itt-inc.icims.com/jobs/17533/continuous-improvement-engineer/job,"Orchard Park, NY, United States",Orchard Park,NY,United States,Not specified,,,,Space & Defense,2026-09-12,2026-09-12,https://careersenus-itt-inc.icims.com/jobs/search?ss=1&searchRelation=keyword_all,ats_detected,5,success_after_fallback
149a5e5d4215,2026-09-12,64d9022f568a,ITT Enidine,https://www.enidine.com/en-US/Home,https://careersenus-itt-inc.icims.com/jobs/search?ss=1&searchRelation=keyword_all,Title Product Design Engineer,https://careersenus-itt-inc.icims.com/jobs/17529/product-design-engineer/job,"Orchard Park, NY, United States",Orchard Park,NY,United States,Not specified,,,,Space & Defense,2026-09-12,2026-09-12,https://careersenus-itt-inc.icims.com/jobs/search?ss=1&searchRelation=keyword_all,ats_detected,5,success_after_fallback
3996a2cf0efe,2026-09-12,64d9022f568a,ITT Enidine,https://www.enidine.com/en-US/Home,https://careersenus-itt-inc.icims.com/jobs/search?ss=1&searchRelation=keyword_all,Title Quality Engineering Intern (Summer 2027),https://careersenus-itt-inc.icims.com/jobs/17495/quality-engineering-intern-%28summer-2027%29/job,"Orchard Park, NY, United States",Orchard Park,NY,United States,Not specified,,,,Space & Defense,2026-09-12,2026-09-12,https://careersenus-itt-inc.icims.com/jobs/search?ss=1&searchRelation=keyword_all,ats_detected,5,success_after_fallback
db3bcf8f3cbe,2026-09-12,64d9022f568a,ITT Enidine,https://www.enidine.com/en-US/Home,https://careersenus-itt-inc.icims.com/jobs/search?ss=1&searchRelation=keyword_all,Title Strategic Account Manager,https://careersenus-itt-inc.icims.com/jobs/17482/strategic-account-manager/job,"Orchard Park, NY, United States",Orchard Park,NY,United States,Not specified,,,,Space & Defense,2026-09-12,2026-09-12,https://careersenus-itt-inc.icims.com/jobs/search?ss=1&searchRelation=keyword_all,ats_detected,5,success_after_fallback
1ff847b82618,2026-09-12,64d9022f568a,ITT Enidine,https://www.enidine.com/en-US/Home,https://careersenus-itt-inc.icims.com/jobs/search?ss=1&searchRelation=keyword_all,Title Temp- Marketing Communications Analyst,https://careersenus-itt-inc.icims.com/jobs/17481/temp--marketing-communications-analyst/job,"Orchard Park, NY, United States",Orchard Park,NY,United States,Not specified,,,,Space & Defense,2026-09-12,2026-09-12,https://careersenus-itt-inc.icims.com/jobs/search?ss=1&searchRelation=keyword_all,ats_detected,5,success_after_fallback
76c54b348a70,2026-09-12,64d9022f568a,ITT Enidine,https://www.enidine.com/en-US/Home,https://careersenus-itt-inc.icims.com/jobs/search?ss=1&searchRelation=keyword_all,Title Product Management Co-op (Spring/Summer 2027),https://careersenus-itt-inc.icims.com/jobs/17451/product-management-co-op-%28spring-summer-2027%29/job,"Orchard Park, NY, United States",Orchard Park,NY,United States,Not specified,,,,Space & Defense,2026-09-12,2026-09-12,https://careersenus-itt-inc.icims.com/jobs/search?ss=1&searchRelation=keyword_all,ats_detected,5,success_after_fallback
6b7ccf955678,2026-09-12,64d9022f568a,ITT Enidine,https://www.enidine.com/en-US/Home,https://careersenus-itt-inc.icims.com/jobs/search?ss=1&searchRelation=keyword_all,Title Contract Administrator III,https://careersenus-itt-inc.icims.com/jobs/17448/contract-administrator-iii/job,"Orchard Park, NY, United States",Orchard Park,NY,United States,Not specified,,,,Space & Defense,2026-09-12,2026-09-12,https://careersenus-itt-inc.icims.com/jobs/search?ss=1&searchRelation=keyword_all,ats_detected,5,success_after_fallback
f751a18860ad,2026-09-12,64d9022f568a,ITT Enidine,https://www.enidine.com/en-US/Home,https://careersenus-itt-inc.icims.com/jobs/search?ss=1&searchRelation=keyword_all,Title iProd Design Center Engineering Co-op (Spring/Summer 2027),https://careersenus-itt-inc.icims.com/jobs/17447/iprod-design-center-engineering-co-op-%28spring-summer-2027%29/job,"Orchard Park, NY, United States",Orchard Park,NY,United States,Not specified,,,,Space & Defense,2026-09-12,2026-09-12,https://careersenus-itt-inc.icims.com/jobs/search?ss=1&searchRelation=keyword_all,ats_detected,5,success_after_fallback
fece39a81312,2026-09-12,64d9022f568a,ITT Enidine,https://www.enidine.com/en-US/Home,https://careersenus-itt-inc.icims.com/jobs/search?ss=1&searchRelation=keyword_all,Title iProd Design Center Engineering Co-op (Spring/Summer 2027),https://careersenus-itt-inc.icims.com/jobs/17446/iprod-design-center-engineering-co-op-%28spring-summer-2027%29/job,"Orchard Park, NY, United States",Orchard Park,NY,United States,Not specified,,,,Space & Defense,2026-09-12,2026-09-12,https://careersenus-itt-inc.icims.com/jobs/search?ss=1&searchRelation=keyword_all,ats_detected,5,success_after_fallback
7d1167d110f4,2026-09-12,64d9022f568a,ITT Enidine,https://www.enidine.com/en-US/Home,https://careersenus-itt-inc.icims.com/jobs/search?ss=1&searchRelation=keyword_all,Title Repair Engineering Intern (Summer 2027),https://careersenus-itt-inc.icims.com/jobs/17433/repair-engineering-intern-%28summer-2027%29/job,"Orchard Park, NY, United States",Orchard Park,NY,United States,Not specified,,,,Space & Defense,2026-09-12,2026-09-12,https://careersenus-itt-inc.icims.com/jobs/search?ss=1&searchRelation=keyword_all,ats_detected,5,success_after_fallback
a3750caf4a45,2026-09-12,64d9022f568a,ITT Enidine,https://www.enidine.com/en-US/Home,https://careersenus-itt-inc.icims.com/jobs/search?ss=1&searchRelation=keyword_all,Title Warehousing Specialist,https://careersenus-itt-inc.icims.com/jobs/17424/warehousing-specialist/job,"Orchard Park, NY, United States",Orchard Park,NY,United States,Not specified,,,,Space & Defense,2026-09-12,2026-09-12,https://careersenus-itt-inc.icims.com/jobs/search?ss=1&searchRelation=keyword_all,ats_detected,5,success_after_fallback
ee5582f5829b,2026-09-12,64d9022f568a,ITT Enidine,https://www.enidine.com/en-US/Home,https://careersenus-itt-inc.icims.com/jobs/search?ss=1&searchRelation=keyword_all,"Title Manager, Strategic Accounts",https://careersenus-itt-inc.icims.com/jobs/17423/manager%2c-strategic-accounts/job,"Orchard Park, NY, United States",Orchard Park,NY,United States,Not specified,,,,Space & Defense,2026-09-12,2026-09-12,https://careersenus-itt-inc.icims.com/jobs/search?ss=1&searchRelation=keyword_all,ats_detected,5,success_after_fallback
05558de3919c,2026-09-12,64d9022f568a,ITT Enidine,https://www.enidine.com/en-US/Home,https://careersenus-itt-inc.icims.com/jobs/search?ss=1&searchRelation=keyword_all,Title Test Engineer,https://careersenus-itt-inc.icims.com/jobs/17381/test-engineer/job,"Orchard Park, NY, United States",Orchard Park,NY,United States,Not specified,,,,Space & Defense,2026-09-12,2026-09-12,https://careersenus-itt-inc.icims.com/jobs/search?ss=1&searchRelation=keyword_all,ats_detected,5,success_after_fallback
53b57a2f4c4d,2026-09-12,64d9022f568a,ITT Enidine,https://www.enidine.com/en-US/Home,https://careersenus-itt-inc.icims.com/jobs/search?ss=1&searchRelation=keyword_all,Title Service Technician,https://careersenus-itt-inc.icims.com/jobs/17373/service-technician/job,"Orchard Park, NY, United States",Orchard Park,NY,United States,Not specified,,,,Space & Defense,2026-09-12,2026-09-12,https://careersenus-itt-inc.icims.com/jobs/search?ss=1&searchRelation=keyword_all,ats_detected,5,success_after_fallback
d792a797892c,2026-09-12,64d9022f568a,ITT Enidine,https://www.enidine.com/en-US/Home,https://careersenus-itt-inc.icims.com/jobs/search?ss=1&searchRelation=keyword_all,Title Treasury Operations Manager,https://careersenus-itt-inc.icims.com/jobs/17360/treasury-operations-manager/job,"Orchard Park, NY, United States",Orchard Park,NY,United States,Not specified,,,,Space & Defense,2026-09-12,2026-09-12,https://careersenus-itt-inc.icims.com/jobs/search?ss=1&searchRelation=keyword_all,ats_detected,5,success_after_fallback
3cb6aecaf9f4,2026-09-12,64d9022f568a,ITT Enidine,https://www.enidine.com/en-US/Home,https://careersenus-itt-inc.icims.com/jobs/search?ss=1&searchRelation=keyword_all,Title Calibration/Test Technician,https://careersenus-itt-inc.icims.com/jobs/17355/calibration-test-technician/job,"Orchard Park, NY, United States",Orchard Park,NY,United States,Not specified,,,,Space & Defense,2026-09-12,2026-09-12,https://careersenus-itt-inc.icims.com/jobs/search?ss=1&searchRelation=keyword_all,ats_detected,5,success_after_fallback
080e0443530c,2026-09-12,64d9022f568a,ITT Enidine,https://www.enidine.com/en-US/Home,https://careersenus-itt-inc.icims.com/jobs/search?ss=1&searchRelation=keyword_all,Title Inside Sales Representative,https://careersenus-itt-inc.icims.com/jobs/17348/inside-sales-representative/job,"Orchard Park, NY, United States",Orchard Park,NY,United States,Not specified,,,,Space & Defense,2026-09-12,2026-09-12,https://careersenus-itt-inc.icims.com/jobs/search?ss=1&searchRelation=keyword_all,ats_detected,5,success_after_fallback
98d131eeb602,2026-09-12,64d9022f568a,ITT Enidine,https://www.enidine.com/en-US/Home,https://careersenus-itt-inc.icims.com/jobs/search?ss=1&searchRelation=keyword_all,Title Senior Human Resources Manager,https://careersenus-itt-inc.icims.com/jobs/17344/senior-human-resources-manager/job,"Orchard Park, NY, United States",Orchard Park,NY,United States,Not specified,,,,Space & Defense,2026-09-12,2026-09-12,https://careersenus-itt-inc.icims.com/jobs/search?ss=1&searchRelation=keyword_all,ats_detected,5,success_after_fallback
6668c5dabc75,2026-09-12,64d9022f568a,ITT Enidine,https://www.enidine.com/en-US/Home,https://careersenus-itt-inc.icims.com/jobs/search?ss=1&searchRelation=keyword_all,Title Senior Product Design Engineer,https://careersenus-itt-inc.icims.com/jobs/17335/senior-product-design-engineer/job,"Orchard Park, NY, United States",Orchard Park,NY,United States,Not specified,,,,Space & Defense,2026-09-12,2026-09-12,https://careersenus-itt-inc.icims.com/jobs/search?ss=1&searchRelation=keyword_all,ats_detected,5,success_after_fallback
f3178d2fac08,2026-09-12,64d9022f568a,ITT Enidine,https://www.enidine.com/en-US/Home,https://careersger-itt-inc.icims.com/jobs/search?ss=1&searchRelation=keyword_all,Titel Technical Business Development Manager Connectors for Defense & Aerospace – Eastern Europe,https://careersger-itt-inc.icims.com/jobs/17258/technical-business-development-manager-connectors-for-defense-%26-aerospace-%e2%80%93-eastern-europe/job,"Orchard Park, NY, United States",Orchard Park,NY,United States,Remote,,,,Space & Defense,2026-09-12,2026-09-12,https://careersger-itt-inc.icims.com/jobs/search?ss=1&searchRelation=keyword_all,ats_detected,5,success_after_fallback
9f6ea6672698,2026-09-12,64d9022f568a,ITT Enidine,https://www.enidine.com/en-US/Home,https://careersger-itt-inc.icims.com/jobs/search?ss=1&searchRelation=keyword_all,Titel Technical Business Development Manager Connectors for Defense & Aerospace - DACH,https://careersger-itt-inc.icims.com/jobs/17257/technical-business-development-manager-connectors-for-defense-%26-aerospace---dach/job,"Orchard Park, NY, United States",Orchard Park,NY,United States,Remote,,,,Space & Defense,2026-09-12,2026-09-12,https://careersger-itt-inc.icims.com/jobs/search?ss=1&searchRelation=keyword_all,ats_detected,5,success_after_fallback
1d4ca1a899ef,2026-09-12,64d9022f568a,ITT Enidine,https://www.enidine.com/en-US/Home,https://careersger-itt-inc.icims.com/jobs/search?ss=1&searchRelation=keyword_all,Titel Manager Production Hygienic,https://careersger-itt-inc.icims.com/jobs/17151/manager-production-hygienic/job,"Orchard Park, NY, United States",Orchard Park,NY,United States,Not specified,,,,Space & Defense,2026-09-12,2026-09-12,https://careersger-itt-inc.icims.com/jobs/search?ss=1&searchRelation=keyword_all,ats_detected,5,success_after_fallback
cc379f610e49,2026-09-12,64d9022f568a,ITT Enidine,https://www.enidine.com/en-US/Home,https://careersger-itt-inc.icims.com/jobs/search?ss=1&searchRelation=keyword_all,Titel Facilities Technician,https://careersger-itt-inc.icims.com/jobs/16722/facilities-technician/job,"Orchard Park, NY, United States",Orchard Park,NY,United States,Not specified,,,,Space & Defense,2026-09-12,2026-09-12,https://careersger-itt-inc.icims.com/jobs/search?ss=1&searchRelation=keyword_all,ats_detected,5,success_after_fallback
94fe2296fb92,2026-09-12,64d9022f568a,ITT Enidine,https://www.enidine.com/en-US/Home,https://careersger-itt-inc.icims.com/jobs/search?ss=1&searchRelation=keyword_all,Titel Product Manager Automotive After Market & Racing,https://careersger-itt-inc.icims.com/jobs/15454/product-manager-automotive-after-market-%26-racing/job,"Orchard Park, NY, United States",Orchard Park,NY,United States,Not specified,,,,Space & Defense,2026-09-12,2026-09-12,https://careersger-itt-inc.icims.com/jobs/search?ss=1&searchRelation=keyword_all,ats_detected,5,success_after_fallback
f1da2aa2f97c,2026-09-12,64d9022f568a,ITT Enidine,https://www.enidine.com/en-US/Home,https://careersmex-itt-inc.icims.com/jobs/search?ss=1&searchRelation=keyword_all,Cargo Inside Sales Representative,https://careersmex-itt-inc.icims.com/jobs/17536/inside-sales-representative/job,"Orchard Park, NY, United States",Orchard Park,NY,United States,Not specified,,,,Space & Defense,2026-09-12,2026-09-12,https://careersmex-itt-inc.icims.com/jobs/search?ss=1&searchRelation=keyword_all,ats_detected,5,success_after_fallback
2da7587fad9d,2026-09-12,64d9022f568a,ITT Enidine,https://www.enidine.com/en-US/Home,https://careersmex-itt-inc.icims.com/jobs/search?ss=1&searchRelation=keyword_all,Cargo Equipment Operator I,https://careersmex-itt-inc.icims.com/jobs/17400/equipment-operator-i/job,"Orchard Park, NY, United States",Orchard Park,NY,United States,Not specified,,,,Space & Defense,2026-09-12,2026-09-12,https://careersmex-itt-inc.icims.com/jobs/search?ss=1&searchRelation=keyword_all,ats_detected,5,success_after_fallback
425fe23d2c07,2026-09-12,64d9022f568a,ITT Enidine,https://www.enidine.com/en-US/Home,https://careersmex-itt-inc.icims.com/jobs/search?ss=1&searchRelation=keyword_all,Cargo Designer,https://careersmex-itt-inc.icims.com/jobs/17380/designer/job,"Orchard Park, NY, United States",Orchard Park,NY,United States,Not specified,,,,Space & Defense,2026-09-12,2026-09-12,https://careersmex-itt-inc.icims.com/jobs/search?ss=1&searchRelation=keyword_all,ats_detected,5,success_after_fallback
b98c7d1c9b39,2026-09-12,64d9022f568a,ITT Enidine,https://www.enidine.com/en-US/Home,https://careersmex-itt-inc.icims.com/jobs/search?ss=1&searchRelation=keyword_all,Cargo Planning Manager - SAP Implementation Project,https://careersmex-itt-inc.icims.com/jobs/17364/planning-manager---sap-implementation-project/job,"Orchard Park, NY, United States",Orchard Park,NY,United States,Not specified,,,,Space & Defense,2026-09-12,2026-09-12,https://careersmex-itt-inc.icims.com/jobs/search?ss=1&searchRelation=keyword_all,ats_detected,5,success_after_fallback
281e213f90a9,2026-09-12,64d9022f568a,ITT Enidine,https://www.enidine.com/en-US/Home,https://careersmex-itt-inc.icims.com/jobs/search?ss=1&searchRelation=keyword_all,Cargo Assembly Operator,https://careersmex-itt-inc.icims.com/jobs/17331/assembly-operator/job,"Orchard Park, NY, United States",Orchard Park,NY,United States,Not specified,,,,Space & Defense,2026-09-12,2026-09-12,https://careersmex-itt-inc.icims.com/jobs/search?ss=1&searchRelation=keyword_all,ats_detected,5,success_after_fallback
741095c17fd4,2026-09-12,64d9022f568a,ITT Enidine,https://www.enidine.com/en-US/Home,https://careersmex-itt-inc.icims.com/jobs/search?ss=1&searchRelation=keyword_all,"Cargo Sourcing, Supply Chain and Logistics Analyst",https://careersmex-itt-inc.icims.com/jobs/17330/sourcing%2c-supply-chain-and-logistics-analyst/job,"Orchard Park, NY, United States",Orchard Park,NY,United States,Not specified,,,,Space & Defense,2026-09-12,2026-09-12,https://careersmex-itt-inc.icims.com/jobs/search?ss=1&searchRelation=keyword_all,ats_detected,5,success_after_fallback
b9d2a71458b9,2026-09-12,64d9022f568a,ITT Enidine,https://www.enidine.com/en-US/Home,https://careersmex-itt-inc.icims.com/jobs/search?ss=1&searchRelation=keyword_all,Cargo Customer Service Analyst,https://careersmex-itt-inc.icims.com/jobs/17113/customer-service-analyst/job,"Orchard Park, NY, United States",Orchard Park,NY,United States,Not specified,,,,Space & Defense,2026-09-12,2026-09-12,https://careersmex-itt-inc.icims.com/jobs/search?ss=1&searchRelation=keyword_all,ats_detected,5,success_after_fallback
05955e9486cc,2026-09-12,64d9022f568a,ITT Enidine,https://www.enidine.com/en-US/Home,https://careersmex-itt-inc.icims.com/jobs/search?ss=1&searchRelation=keyword_all,Cargo Manufacturing Engineer,https://careersmex-itt-inc.icims.com/jobs/16633/manufacturing-engineer/job,"Orchard Park, NY, United States",Orchard Park,NY,United States,Not specified,,,,Space & Defense,2026-09-12,2026-09-12,https://careersmex-itt-inc.icims.com/jobs/search?ss=1&searchRelation=keyword_all,ats_detected,5,success_after_fallback
ae040a7e06bf,2026-09-12,64d9022f568a,ITT Enidine,https://www.enidine.com/en-US/Home,https://careersen-itt-inc.icims.com/jobs/search?ss=1&searchRelation=keyword_all,Title Junior Application Engineer (Entry Level),https://careersen-itt-inc.icims.com/jobs/17604/junior-application-engineer-%28entry-level%29/job,"Orchard Park, NY, United States",Orchard Park,NY,United States,Not specified,,,,Space & Defense,2026-09-12,2026-09-12,https://careersen-itt-inc.icims.com/jobs/search?ss=1&searchRelation=keyword_all,ats_detected,5,success_after_fallback
cf0b71559db3,2026-09-12,64d9022f568a,ITT Enidine,https://www.enidine.com/en-US/Home,https://careersen-itt-inc.icims.com/jobs/search?ss=1&searchRelation=keyword_all,Title Inside Sales Representative,https://careersen-itt-inc.icims.com/jobs/17536/inside-sales-representative/job,"Orchard Park, NY, United States",Orchard Park,NY,United States,Not specified,,,,Space & Defense,2026-09-12,2026-09-12,https://careersen-itt-inc.icims.com/jobs/search?ss=1&searchRelation=keyword_all,ats_detected,5,success_after_fallback
68cc802baf5f,2026-09-12,64d9022f568a,ITT Enidine,https://www.enidine.com/en-US/Home,https://careersen-itt-inc.icims.com/jobs/search?ss=1&searchRelation=keyword_all,Title HR Operations Specialist,https://careersen-itt-inc.icims.com/jobs/17531/hr-operations-specialist/job,"Orchard Park, NY, United States",Orchard Park,NY,United States,Not specified,,,,Space & Defense,2026-09-12,2026-09-12,https://careersen-itt-inc.icims.com/jobs/search?ss=1&searchRelation=keyword_all,ats_detected,5,success_after_fallback
95066864036e,2026-09-12,64d9022f568a,ITT Enidine,https://www.enidine.com/en-US/Home,https://careersen-itt-inc.icims.com/jobs/search?ss=1&searchRelation=keyword_all,Title HR Leader - Transformation & Strategic Projects,https://careersen-itt-inc.icims.com/jobs/17459/hr-leader---transformation-%26-strategic-projects/job,"Orchard Park, NY, United States",Orchard Park,NY,United States,Not specified,,,,Space & Defense,2026-09-12,2026-09-12,https://careersen-itt-inc.icims.com/jobs/search?ss=1&searchRelation=keyword_all,ats_detected,5,success_after_fallback
8d7ea2d61c73,2026-09-12,64d9022f568a,ITT Enidine,https://www.enidine.com/en-US/Home,https://careersen-itt-inc.icims.com/jobs/search?ss=1&searchRelation=keyword_all,Title Credit Analyst,https://careersen-itt-inc.icims.com/jobs/17444/credit-analyst/job,"Orchard Park, NY, United States",Orchard Park,NY,United States,Not specified,,,,Space & Defense,2026-09-12,2026-09-12,https://careersen-itt-inc.icims.com/jobs/search?ss=1&searchRelation=keyword_all,ats_detected,5,success_after_fallback
d11b2c907757,2026-09-12,64d9022f568a,ITT Enidine,https://www.enidine.com/en-US/Home,https://careersen-itt-inc.icims.com/jobs/search?ss=1&searchRelation=keyword_all,Title Designer,https://careersen-itt-inc.icims.com/jobs/17380/designer/job,"Orchard Park, NY, United States",Orchard Park,NY,United States,Not specified,,,,Space & Defense,2026-09-12,2026-09-12,https://careersen-itt-inc.icims.com/jobs/search?ss=1&searchRelation=keyword_all,ats_detected,5,success_after_fallback
72a6568f7f40,2026-09-12,64d9022f568a,ITT Enidine,https://www.enidine.com/en-US/Home,https://careersen-itt-inc.icims.com/jobs/search?ss=1&searchRelation=keyword_all,Title Planning Manager - SAP Implementation Project,https://careersen-itt-inc.icims.com/jobs/17364/planning-manager---sap-implementation-project/job,"Orchard Park, NY, United States",Orchard Park,NY,United States,Not specified,,,,Space & Defense,2026-09-12,2026-09-12,https://careersen-itt-inc.icims.com/jobs/search?ss=1&searchRelation=keyword_all,ats_detected,5,success_after_fallback
5160d1d1e933,2026-09-12,64d9022f568a,ITT Enidine,https://www.enidine.com/en-US/Home,https://careersen-itt-inc.icims.com/jobs/search?ss=1&searchRelation=keyword_all,Title Sales Representative,https://careersen-itt-inc.icims.com/jobs/17347/sales-representative/job,"Orchard Park, NY, United States",Orchard Park,NY,United States,Not specified,,,,Space & Defense,2026-09-12,2026-09-12,https://careersen-itt-inc.icims.com/jobs/search?ss=1&searchRelation=keyword_all,ats_detected,5,success_after_fallback
356153abca2d,2026-09-12,64d9022f568a,ITT Enidine,https://www.enidine.com/en-US/Home,https://careersen-itt-inc.icims.com/jobs/search?ss=1&searchRelation=keyword_all,Title Assembly Operator,https://careersen-itt-inc.icims.com/jobs/17331/assembly-operator/job,"Orchard Park, NY, United States",Orchard Park,NY,United States,Not specified,,,,Space & Defense,2026-09-12,2026-09-12,https://careersen-itt-inc.icims.com/jobs/search?ss=1&searchRelation=keyword_all,ats_detected,5,success_after_fallback
5383c4a8a4ca,2026-09-12,64d9022f568a,ITT Enidine,https://www.enidine.com/en-US/Home,https://careersen-itt-inc.icims.com/jobs/search?ss=1&searchRelation=keyword_all,"Title Sourcing, Supply Chain and Logistics Analyst",https://careersen-itt-inc.icims.com/jobs/17330/sourcing%2c-supply-chain-and-logistics-analyst/job,"Orchard Park, NY, United States",Orchard Park,NY,United States,Not specified,,,,Space & Defense,2026-09-12,2026-09-12,https://careersen-itt-inc.icims.com/jobs/search?ss=1&searchRelation=keyword_all,ats_detected,5,success_after_fallback
2603ec2fb53d,2026-09-12,64d9022f568a,ITT Enidine,https://www.enidine.com/en-US/Home,https://careersen-itt-inc.icims.com/jobs/search?ss=1&searchRelation=keyword_all,Title Lead Analytics Engineer,https://careersen-itt-inc.icims.com/jobs/17299/lead-analytics-engineer/job,"Orchard Park, NY, United States",Orchard Park,NY,United States,Not specified,,,,Space & Defense,2026-09-12,2026-09-12,https://careersen-itt-inc.icims.com/jobs/search?ss=1&searchRelation=keyword_all,ats_detected,5,success_after_fallback
1f063b3551ed,2026-09-12,64d9022f568a,ITT Enidine,https://www.enidine.com/en-US/Home,https://careersen-itt-inc.icims.com/jobs/search?ss=1&searchRelation=keyword_all,Title Junior Analytics Engineer,https://careersen-itt-inc.icims.com/jobs/17291/junior-analytics-engineer/job,"Orchard Park, NY, United States",Orchard Park,NY,United States,Not specified,,,,Space & Defense,2026-09-12,2026-09-12,https://careersen-itt-inc.icims.com/jobs/search?ss=1&searchRelation=keyword_all,ats_detected,5,success_after_fallback
a47a09000921,2026-09-12,64d9022f568a,ITT Enidine,https://www.enidine.com/en-US/Home,https://careersen-itt-inc.icims.com/jobs/search?ss=1&searchRelation=keyword_all,Title Finance Shared Services Manager - Projects & Operations,https://careersen-itt-inc.icims.com/jobs/17284/finance-shared-services-manager---projects-%26-operations/job,"Orchard Park, NY, United States",Orchard Park,NY,United States,Not specified,,,,Space & Defense,2026-09-12,2026-09-12,https://careersen-itt-inc.icims.com/jobs/search?ss=1&searchRelation=keyword_all,ats_detected,5,success_after_fallback
0c8e0c119fe4,2026-09-12,64d9022f568a,ITT Enidine,https://www.enidine.com/en-US/Home,https://careersen-itt-inc.icims.com/jobs/search?ss=1&searchRelation=keyword_all,Title Technical Business Development Manager Connectors for Defense & Aerospace – Eastern Europe,https://careersen-itt-inc.icims.com/jobs/17258/technical-business-development-manager-connectors-for-defense-%26-aerospace-%e2%80%93-eastern-europe/job,"Orchard Park, NY, United States",Orchard Park,NY,United States,Remote,,,,Space & Defense,2026-09-12,2026-09-12,https://careersen-itt-inc.icims.com/jobs/search?ss=1&searchRelation=keyword_all,ats_detected,5,success_after_fallback
dc5541523c3d,2026-09-12,64d9022f568a,ITT Enidine,https://www.enidine.com/en-US/Home,https://careersen-itt-inc.icims.com/jobs/search?ss=1&searchRelation=keyword_all,Title Technical Business Development Manager Connectors for Defense & Aerospace - DACH,https://careersen-itt-inc.icims.com/jobs/17257/technical-business-development-manager-connectors-for-defense-%26-aerospace---dach/job,"Orchard Park, NY, United States",Orchard Park,NY,United States,Remote,,,,Space & Defense,2026-09-12,2026-09-12,https://careersen-itt-inc.icims.com/jobs/search?ss=1&searchRelation=keyword_all,ats_detected,5,success_after_fallback
66a52bce4bc4,2026-09-12,64d9022f568a,ITT Enidine,https://www.enidine.com/en-US/Home,https://careersen-itt-inc.icims.com/jobs/search?ss=1&searchRelation=keyword_all,Title Application Engineer,https://careersen-itt-inc.icims.com/jobs/17214/application-engineer/job,"Orchard Park, NY, United States",Orchard Park,NY,United States,Not specified,,,,Space & Defense,2026-09-12,2026-09-12,https://careersen-itt-inc.icims.com/jobs/search?ss=1&searchRelation=keyword_all,ats_detected,5,success_after_fallback
c404b86641f4,2026-09-12,64d9022f568a,ITT Enidine,https://www.enidine.com/en-US/Home,https://careersen-itt-inc.icims.com/jobs/search?ss=1&searchRelation=keyword_all,Title AI & Manufacturing Innovation Engineer,https://careersen-itt-inc.icims.com/jobs/17121/ai-%26-manufacturing-innovation-engineer/job,"Orchard Park, NY, United States",Orchard Park,NY,United States,Not specified,,,,Space & Defense,2026-09-12,2026-09-12,https://careersen-itt-inc.icims.com/jobs/search?ss=1&searchRelation=keyword_all,ats_detected,5,success_after_fallback
ab029f496844,2026-09-12,64d9022f568a,ITT Enidine,https://www.enidine.com/en-US/Home,https://careersen-itt-inc.icims.com/jobs/search?ss=1&searchRelation=keyword_all,Title Sales Manager,https://careersen-itt-inc.icims.com/jobs/17114/sales-manager/job,"Orchard Park, NY, United States",Orchard Park,NY,United States,Not specified,,,,Space & Defense,2026-09-12,2026-09-12,https://careersen-itt-inc.icims.com/jobs/search?ss=1&searchRelation=keyword_all,ats_detected,5,success_after_fallback
7c10f59eecd9,2026-09-12,64d9022f568a,ITT Enidine,https://www.enidine.com/en-US/Home,https://careersen-itt-inc.icims.com/jobs/search?ss=1&searchRelation=keyword_all,Title Customer Service Analyst,https://careersen-itt-inc.icims.com/jobs/17113/customer-service-analyst/job,"Orchard Park, NY, United States",Orchard Park,NY,United States,Not specified,,,,Space & Defense,2026-09-12,2026-09-12,https://careersen-itt-inc.icims.com/jobs/search?ss=1&searchRelation=keyword_all,ats_detected,5,success_after_fallback
41163fde7d23,2026-09-12,64d9022f568a,ITT Enidine,https://www.enidine.com/en-US/Home,https://careersen-itt-inc.icims.com/jobs/search?ss=1&searchRelation=keyword_all,Title Talent Insights Analyst,https://careersen-itt-inc.icims.com/jobs/17072/talent-insights-analyst/job,"Orchard Park, NY, United States",Orchard Park,NY,United States,Not specified,,,,Space & Defense,2026-09-12,2026-09-12,https://careersen-itt-inc.icims.com/jobs/search?ss=1&searchRelation=keyword_all,ats_detected,5,success_after_fallback
91aa73b5e290,2026-09-12,64d9022f568a,ITT Enidine,https://www.enidine.com/en-US/Home,https://careersen-itt-inc.icims.com/jobs/search?ss=1&searchRelation=keyword_all,Title Global Quality Engineer Lead,https://careersen-itt-inc.icims.com/jobs/16805/global-quality-engineer-lead/job,"Orchard Park, NY, United States",Orchard Park,NY,United States,Not specified,,,,Space & Defense,2026-09-12,2026-09-12,https://careersen-itt-inc.icims.com/jobs/search?ss=1&searchRelation=keyword_all,ats_detected,5,success_after_fallback
54f01b8dbe30,2026-09-12,64d9022f568a,ITT Enidine,https://www.enidine.com/en-US/Home,https://careersen-itt-inc.icims.com/jobs/search?ss=1&searchRelation=keyword_all,Title Application Engineer Railway,https://careersen-itt-inc.icims.com/jobs/16767/application-engineer-railway/job,"Orchard Park, NY, United States",Orchard Park,NY,United States,Not specified,,,,Space & Defense,2026-09-12,2026-09-12,https://careersen-itt-inc.icims.com/jobs/search?ss=1&searchRelation=keyword_all,ats_detected,5,success_after_fallback
a2343af66dc4,2026-09-12,64d9022f568a,ITT Enidine,https://www.enidine.com/en-US/Home,https://careersen-itt-inc.icims.com/jobs/search?ss=1&searchRelation=keyword_all,Title Senior AI/ML Engineer,https://careersen-itt-inc.icims.com/jobs/16717/senior-ai-ml-engineer/job,"Orchard Park, NY, United States",Orchard Park,NY,United States,Not specified,,,,Space & Defense,2026-09-12,2026-09-12,https://careersen-itt-inc.icims.com/jobs/search?ss=1&searchRelation=keyword_all,ats_detected,5,success_after_fallback
b607cc8f9a30,2026-09-12,64d9022f568a,ITT Enidine,https://www.enidine.com/en-US/Home,https://careersen-itt-inc.icims.com/jobs/search?ss=1&searchRelation=keyword_all,Title IT Business Analyst (Application Configuration Specialist),https://careersen-itt-inc.icims.com/jobs/16713/it-business-analyst-%28application-configuration-specialist%29/job,"Orchard Park, NY, United States",Orchard Park,NY,United States,Not specified,,,,Space & Defense,2026-09-12,2026-09-12,https://careersen-itt-inc.icims.com/jobs/search?ss=1&searchRelation=keyword_all,ats_detected,5,success_after_fallback
e2fe533dc463,2026-09-12,64d9022f568a,ITT Enidine,https://www.enidine.com/en-US/Home,https://careersen-itt-inc.icims.com/jobs/search?ss=1&searchRelation=keyword_all,Title Application Engineer (P2),https://careersen-itt-inc.icims.com/jobs/16638/application-engineer-%28p2%29/job,"Orchard Park, NY, United States",Orchard Park,NY,United States,Not specified,,,,Space & Defense,2026-09-12,2026-09-12,https://careersen-itt-inc.icims.com/jobs/search?ss=1&searchRelation=keyword_all,ats_detected,5,success_after_fallback
8d4e1490154e,2026-09-12,64d9022f568a,ITT Enidine,https://www.enidine.com/en-US/Home,https://careersen-itt-inc.icims.com/jobs/search?ss=1&searchRelation=keyword_all,Title Manufacturing Engineer,https://careersen-itt-inc.icims.com/jobs/16633/manufacturing-engineer/job,"Orchard Park, NY, United States",Orchard Park,NY,United States,Not specified,,,,Space & Defense,2026-09-12,2026-09-12,https://careersen-itt-inc.icims.com/jobs/search?ss=1&searchRelation=keyword_all,ats_detected,5,success_after_fallback
b2d0be131c26,2026-09-12,64d9022f568a,ITT Enidine,https://www.enidine.com/en-US/Home,https://careersen-itt-inc.icims.com/jobs/search?ss=1&searchRelation=keyword_all,Title Global Purchasing & Sourcing Lead,https://careersen-itt-inc.icims.com/jobs/16615/global-purchasing-%26-sourcing-lead/job,"Orchard Park, NY, United States",Orchard Park,NY,United States,Not specified,,,,Space & Defense,2026-09-12,2026-09-12,https://careersen-itt-inc.icims.com/jobs/search?ss=1&searchRelation=keyword_all,ats_detected,5,success_after_fallback
8c401a107db2,2026-09-12,64d9022f568a,ITT Enidine,https://www.enidine.com/en-US/Home,https://careersen-itt-inc.icims.com/jobs/search?ss=1&searchRelation=keyword_all,Title Test Engineer,https://careersen-itt-inc.icims.com/jobs/16378/test-engineer/job,"Orchard Park, NY, United States",Orchard Park,NY,United States,Not specified,,,,Space & Defense,2026-09-12,2026-09-12,https://careersen-itt-inc.icims.com/jobs/search?ss=1&searchRelation=keyword_all,ats_detected,5,success_after_fallback
ad288983df18,2026-09-12,64d9022f568a,ITT Enidine,https://www.enidine.com/en-US/Home,https://careersen-itt-inc.icims.com/jobs/search?ss=1&searchRelation=keyword_all,Title Product Manager Automotive After Market & Racing,https://careersen-itt-inc.icims.com/jobs/15454/product-manager-automotive-after-market-%26-racing/job,"Orchard Park, NY, United States",Orchard Park,NY,United States,Not specified,,,,Space & Defense,2026-09-12,2026-09-12,https://careersen-itt-inc.icims.com/jobs/search?ss=1&searchRelation=keyword_all,ats_detected,5,success_after_fallback
6b1b979a6787,2026-09-12,64d9022f568a,ITT Enidine,https://www.enidine.com/en-US/Home,https://careersen-itt-inc.icims.com/jobs/search?ss=1&searchRelation=keyword_all,Title Application Engineer,https://careersen-itt-inc.icims.com/jobs/15377/application-engineer/job,"Orchard Park, NY, United States",Orchard Park,NY,United States,Not specified,,,,Space & Defense,2026-09-12,2026-09-12,https://careersen-itt-inc.icims.com/jobs/search?ss=1&searchRelation=keyword_all,ats_detected,5,success_after_fallback
3ccf63a35027,2026-09-12,64d9022f568a,ITT Enidine,https://www.enidine.com/en-US/Home,https://careersen-itt-inc.icims.com/jobs/search?ss=1&searchRelation=keyword_all,Title Product Design Engineer,https://careersen-itt-inc.icims.com/jobs/15366/product-design-engineer/job,"Orchard Park, NY, United States",Orchard Park,NY,United States,Not specified,,,,Space & Defense,2026-09-12,2026-09-12,https://careersen-itt-inc.icims.com/jobs/search?ss=1&searchRelation=keyword_all,ats_detected,5,success_after_fallback
94bb4ec31afa,2026-09-12,64d9022f568a,ITT Enidine,https://www.enidine.com/en-US/Home,https://careersen-itt-inc.icims.com/jobs/search?ss=1&searchRelation=keyword_all,Title Application Engineering Lead,https://careersen-itt-inc.icims.com/jobs/15348/application-engineering-lead/job,"Orchard Park, NY, United States",Orchard Park,NY,United States,Not specified,,,,Space & Defense,2026-09-12,2026-09-12,https://careersen-itt-inc.icims.com/jobs/search?ss=1&searchRelation=keyword_all,ats_detected,5,success_after_fallback
8c0c024f76cc,2026-09-12,64d9022f568a,ITT Enidine,https://www.enidine.com/en-US/Home,https://careersenus-itt-inc.icims.com/jobs/17681/senior-contracts-administrator/job,Senior Contracts Administrator,https://careersenus-itt-inc.icims.com/jobs/17681/senior-contracts-administrator/referral,"Orchard Park, NY, United States",Orchard Park,NY,United States,Not specified,,,,Space & Defense,2026-09-12,2026-09-12,https://careersenus-itt-inc.icims.com/jobs/17681/senior-contracts-administrator/job,ats_detected,5,success_after_fallback
e1f6024ad84c,2026-09-12,64d9022f568a,ITT Enidine,https://www.enidine.com/en-US/Home,https://careersenus-itt-inc.icims.com/jobs/17678/qa-engineer-iii/job,Qa Engineer Iii,https://careersenus-itt-inc.icims.com/jobs/17678/qa-engineer-iii/referral,"Orchard Park, NY, United States",Orchard Park,NY,United States,Not specified,,,,Space & Defense,2026-09-12,2026-09-12,https://careersenus-itt-inc.icims.com/jobs/17678/qa-engineer-iii/job,ats_detected,5,success_after_fallback
914f1b125135,2026-09-12,64d9022f568a,ITT Enidine,https://www.enidine.com/en-US/Home,https://careersenus-itt-inc.icims.com/jobs/17675/manufacturing-engineer/job,Manufacturing Engineer,https://careersenus-itt-inc.icims.com/jobs/17675/manufacturing-engineer/referral,"Orchard Park, NY, United States",Orchard Park,NY,United States,Not specified,,,,Space & Defense,2026-09-12,2026-09-12,https://careersenus-itt-inc.icims.com/jobs/17675/manufacturing-engineer/job,ats_detected,5,success_after_fallback
97af86951614,2026-09-12,64d9022f568a,ITT Enidine,https://www.enidine.com/en-US/Home,https://careersenus-itt-inc.icims.com/jobs/17670/manager%2C-production/job,Manager%2C Production,https://careersenus-itt-inc.icims.com/jobs/17670/manager%2c-production/referral,"Orchard Park, NY, United States",Orchard Park,NY,United States,Not specified,,,,Space & Defense,2026-09-12,2026-09-12,https://careersenus-itt-inc.icims.com/jobs/17670/manager%2C-production/job,ats_detected,5,success_after_fallback
982f7feeff58,2026-09-12,49a39e5c497b,L3Harris,https://www.l3harris.com/,https://careers.l3harris.com/en,L3Harris Engineering Hiring Event Greater Boston Ma,https://careers.l3harris.com/en/job/wilmington/l3harris-engineering-hiring-event-greater-boston-ma/4832/98348330736,"Greece, NY, United States",Greece,NY,United States,Not specified,,,,Space & Defense,2026-09-12,2026-09-12,https://careers.l3harris.com/en,known_careers_url,4,success
cfb445e721d4,2026-09-12,49a39e5c497b,L3Harris,https://www.l3harris.com/,https://careers.l3harris.com/en,L3Harris Engineering And Technician Career Fair Camden Ar,https://careers.l3harris.com/en/job/camden/l3harris-engineering-and-technician-career-fair-camden-ar/4832/99420660864,"Greece, NY, United States",Greece,NY,United States,Not specified,,,,Space & Defense,2026-09-12,2026-09-12,https://careers.l3harris.com/en,known_careers_url,4,success
68e98da63b96,2026-09-12,49a39e5c497b,L3Harris,https://www.l3harris.com/,https://careers.l3harris.com/en,Specialist Engineering Services Ts Sci With Poly,https://careers.l3harris.com/en/job/palm-bay/specialist-engineering-services-ts-sci-with-poly/4832/100511583936,"Palm Bay, Florida",Palm Bay,FL,United States,Not specified,,,,Space & Defense,2026-09-12,2026-09-12,https://careers.l3harris.com/en,known_careers_url,4,success
61f6308d717b,2026-09-12,49a39e5c497b,L3Harris,https://www.l3harris.com/,https://careers.l3harris.com/en,Senior Specialist Systems Engineer,https://careers.l3harris.com/en/job/greenville/senior-specialist-systems-engineer/4832/100511583856,"Greenville, Texas",Greenville,TX,United States,Not specified,,,,Space & Defense,2026-09-12,2026-09-12,https://careers.l3harris.com/en,known_careers_url,4,success
d0e745eee968,2026-09-12,49a39e5c497b,L3Harris,https://www.l3harris.com/,https://careers.l3harris.com/en,Senior Specialist Program Scheduler,https://careers.l3harris.com/en/job/cincinnati/senior-specialist-program-scheduler-1/4832/100511583760,"Cincinnati, Ohio, Huntsville, Alabama",Cincinnati,OH,United States,Not specified,,,,Space & Defense,2026-09-12,2026-09-12,https://careers.l3harris.com/en,known_careers_url,4,success
bc08bd7c597b,2026-09-12,49a39e5c497b,L3Harris,https://www.l3harris.com/,https://careers.l3harris.com/en,Senior Specialist Integration And Test Engineer,https://careers.l3harris.com/en/job/palm-bay/senior-specialist-integration-and-test-engineer-1/4832/100511583648,"Palm Bay, Florida",Palm Bay,FL,United States,Not specified,,,,Space & Defense,2026-09-12,2026-09-12,https://careers.l3harris.com/en,known_careers_url,4,success
7e236dd30b69,2026-09-12,49a39e5c497b,L3Harris,https://www.l3harris.com/,https://careers.l3harris.com/en/search-jobs,Specialist Software Engineer,https://careers.l3harris.com/en/job/patrick-air-force-base/specialist-software-engineer/4832/100498294160,"Patrick Air Force Base, FL",Patrick Air Force Base,FL,United States,Not specified,,,,Space & Defense,2026-09-12,2026-09-12,https://careers.l3harris.com/en/search-jobs,linked_page,4,success_after_fallback
7e9d1bfdff3f,2026-09-12,49a39e5c497b,L3Harris,https://www.l3harris.com/,https://careers.l3harris.com/en/search-jobs,Specialist Mechanical Engineer Mechanisms,https://careers.l3harris.com/en/job/carlsbad/specialist-mechanical-engineer-mechanisms/4832/100498293920,"Carlsbad, CA",Carlsbad,CA,United States,Not specified,,,,Space & Defense,2026-09-12,2026-09-12,https://careers.l3harris.com/en/search-jobs,linked_page,4,success_after_fallback
4eca83f6d26b,2026-09-12,49a39e5c497b,L3Harris,https://www.l3harris.com/,https://careers.l3harris.com/en/search-jobs,Lead Contracts,https://careers.l3harris.com/en/job/bristol/lead-contracts/4832/100511531184,"Bristol, PA",Bristol,PA,United States,Not specified,,,,Space & Defense,2026-09-12,2026-09-12,https://careers.l3harris.com/en/search-jobs,linked_page,4,success_after_fallback
7790a4a3197e,2026-09-12,49a39e5c497b,L3Harris,https://www.l3harris.com/,https://careers.l3harris.com/en/search-jobs,Specialist Systems Engineer Ils Engineer,https://careers.l3harris.com/en/job/salt-lake-city/specialist-systems-engineer-ils-engineer/4832/100492585840,"Salt Lake City, UT",Salt Lake City,UT,United States,Not specified,,,,Space & Defense,2026-09-12,2026-09-12,https://careers.l3harris.com/en/search-jobs,linked_page,4,success_after_fallback
be655f5581d6,2026-09-12,49a39e5c497b,L3Harris,https://www.l3harris.com/,https://careers.l3harris.com/en/search-jobs,Sr Specialist Systems Engineer,https://careers.l3harris.com/en/job/clifton/sr-specialist-systems-engineer/4832/100492585792,"Clifton, NJ",Clifton,NJ,United States,Not specified,,,,Space & Defense,2026-09-12,2026-09-12,https://careers.l3harris.com/en/search-jobs,linked_page,4,success_after_fallback
c7c9fac5cbfc,2026-09-12,49a39e5c497b,L3Harris,https://www.l3harris.com/,https://careers.l3harris.com/en/search-jobs,Senior Specialist Systems Engineer,https://careers.l3harris.com/en/job/carlsbad/senior-specialist-systems-engineer/4832/100492585776,"Carlsbad, CA",Carlsbad,CA,United States,Not specified,,,,Space & Defense,2026-09-12,2026-09-12,https://careers.l3harris.com/en/search-jobs,linked_page,4,success_after_fallback
ea11a3804b65,2026-09-12,49a39e5c497b,L3Harris,https://www.l3harris.com/,https://careers.l3harris.com/en/search-jobs,Lead Fpga Electrical Design Engineer,https://careers.l3harris.com/en/job/carlsbad/lead-fpga-electrical-design-engineer/4832/100492585648,"Carlsbad, CA",Carlsbad,CA,United States,Not specified,,,,Space & Defense,2026-09-12,2026-09-12,https://careers.l3harris.com/en/search-jobs,linked_page,4,success_after_fallback
b42cdb9b6572,2026-09-12,49a39e5c497b,L3Harris,https://www.l3harris.com/,https://careers.l3harris.com/en/search-jobs,"Senior Associate Production Planning Manufacturing Mason, OH",https://careers.l3harris.com/en/job/mason/senior-associate-production-planning/4832/100492585632,"Mason, OH",Mason,OH,United States,Not specified,,,,Space & Defense,2026-09-12,2026-09-12,https://careers.l3harris.com/en/search-jobs,linked_page,4,success_after_fallback
f957a289b304,2026-09-12,49a39e5c497b,L3Harris,https://www.l3harris.com/,https://careers.l3harris.com/en/search-jobs,Specialist Material Planner,https://careers.l3harris.com/en/job/canoga-park/specialist-material-planner/4832/100492585728,"Canoga Park, CA",Canoga Park,CA,United States,Not specified,,,,Space & Defense,2026-09-12,2026-09-12,https://careers.l3harris.com/en/search-jobs,linked_page,4,success_after_fallback
8169b9d54612,2026-09-12,49a39e5c497b,L3Harris,https://www.l3harris.com/,https://careers.l3harris.com/en/search-jobs,Senior Specialist Program Finance,https://careers.l3harris.com/en/job/huntsville/senior-specialist-program-finance/4832/100463820576,"Huntsville, AL",Huntsville,AL,United States,Not specified,,,,Space & Defense,2026-09-12,2026-09-12,https://careers.l3harris.com/en/search-jobs,linked_page,4,success_after_fallback
000e0115e2a8,2026-09-12,49a39e5c497b,L3Harris,https://www.l3harris.com/,https://careers.l3harris.com/en/search-jobs,Associate Software Engineer,https://careers.l3harris.com/en/job/salt-lake-city/associate-software-engineer/4832/100449805936,"Salt Lake City, UT",Salt Lake City,UT,United States,Not specified,,,,Space & Defense,2026-09-12,2026-09-12,https://careers.l3harris.com/en/search-jobs,linked_page,4,success_after_fallback
c8508256c94a,2026-09-12,49a39e5c497b,L3Harris,https://www.l3harris.com/,https://careers.l3harris.com/en/job/wilmington/l3harris-engineering-hiring-event-greater-boston-ma/4832/98348330736,L3Harris Engineering Hiring Event Greater Boston Ma,https://careers.l3harris.com/en/job/wilmington/l3harris-engineering-hiring-event-greater-boston-ma/4832/search-jobs,"Greece, NY, United States",Greece,NY,United States,Not specified,,,,Space & Defense,2026-09-12,2026-09-12,https://careers.l3harris.com/en/job/wilmington/l3harris-engineering-hiring-event-greater-boston-ma/4832/98348330736,linked_page,4,success_after_fallback
5d665e386d9d,2026-09-12,49a39e5c497b,L3Harris,https://www.l3harris.com/,https://careers.l3harris.com/en/job/wilmington/l3harris-engineering-hiring-event-greater-boston-ma/4832/98348330736,Sr Specialist Iptl Mechanical Engineer Space Systems Sign On Bonus 20K Max,https://careers.l3harris.com/en/job/wilmington/sr-specialist-iptl-mechanical-engineer-space-systems-sign-on-bonus-20k-max/4832/100393551840,"Wilmington, Massachusetts",Wilmington,MA,United States,Not specified,,,,Space & Defense,2026-09-12,2026-09-12,https://careers.l3harris.com/en/job/wilmington/l3harris-engineering-hiring-event-greater-boston-ma/4832/98348330736,linked_page,4,success_after_fallback
98d7cc66f368,2026-09-12,49a39e5c497b,L3Harris,https://www.l3harris.com/,https://careers.l3harris.com/en/job/wilmington/l3harris-engineering-hiring-event-greater-boston-ma/4832/98348330736,Specialist Embedded Software Engineer Aerospace Flight Sign On Bonus 15K Max,https://careers.l3harris.com/en/job/wilmington/specialist-embedded-software-engineer-aerospace-flight-sign-on-bonus-15k-max/4832/100102043968,"Wilmington, Massachusetts",Wilmington,MA,United States,Not specified,,,,Space & Defense,2026-09-12,2026-09-12,https://careers.l3harris.com/en/job/wilmington/l3harris-engineering-hiring-event-greater-boston-ma/4832/98348330736,linked_page,4,success_after_fallback
1faed6a45683,2026-09-12,49a39e5c497b,L3Harris,https://www.l3harris.com/,https://careers.l3harris.com/en/job/wilmington/l3harris-engineering-hiring-event-greater-boston-ma/4832/98348330736,Senior Embedded Software Engineer Space Systems Sign On Bonus 30K Max,https://careers.l3harris.com/en/job/wilmington/senior-embedded-software-engineer-space-systems-sign-on-bonus-30k-max/4832/100087751632,"Wilmington, Massachusetts",Wilmington,MA,United States,Not specified,,,,Space & Defense,2026-09-12,2026-09-12,https://careers.l3harris.com/en/job/wilmington/l3harris-engineering-hiring-event-greater-boston-ma/4832/98348330736,linked_page,4,success_after_fallback
c46f98961200,2026-09-12,49a39e5c497b,L3Harris,https://www.l3harris.com/,https://careers.l3harris.com/en/job/wilmington/l3harris-engineering-hiring-event-greater-boston-ma/4832/98348330736,Scientist Mechanical Engineer Space Mechanisms Sign On Bonus 50K Max,https://careers.l3harris.com/en/job/wilmington/scientist-mechanical-engineer-space-mechanisms-sign-on-bonus-50k-max/4832/100087751600,"Wilmington, Massachusetts",Wilmington,MA,United States,Not specified,,,,Space & Defense,2026-09-12,2026-09-12,https://careers.l3harris.com/en/job/wilmington/l3harris-engineering-hiring-event-greater-boston-ma/4832/98348330736,linked_page,4,success_after_fallback
ac94cac78d28,2026-09-12,49a39e5c497b,L3Harris,https://www.l3harris.com/,"https://careers.l3harris.com/en/search-jobs?acm=8686208,8679712,62721&alrpm=ALL&ascf=[%7B%22key%22:%22ALL%22,%22value%22:%22%22%7D]",Sr Associate Program Finance,https://careers.l3harris.com/en/job/san-diego/sr-associate-program-finance/4832/100511557808,"Greece, NY, United States",Greece,NY,United States,Not specified,,,,Space & Defense,2026-09-12,2026-09-12,"https://careers.l3harris.com/en/search-jobs?acm=8686208,8679712,62721&alrpm=ALL&ascf=[%7B%22key%22:%22ALL%22,%22value%22:%22%22%7D]",linked_page,4,success_after_fallback
b13dd711f563,2026-09-12,49a39e5c497b,L3Harris,https://www.l3harris.com/,"https://careers.l3harris.com/en/search-jobs?acm=8686208,8679712,62721&alrpm=ALL&ascf=[%7B%22key%22:%22ALL%22,%22value%22:%22%22%7D]",Associate Software Engineer,https://careers.l3harris.com/en/job/san-diego/associate-software-engineer/4832/100511557792,"San Diego, CA",San Diego,CA,United States,Not specified,,,,Space & Defense,2026-09-12,2026-09-12,"https://careers.l3harris.com/en/search-jobs?acm=8686208,8679712,62721&alrpm=ALL&ascf=[%7B%22key%22:%22ALL%22,%22value%22:%22%22%7D]",linked_page,4,success_after_fallback
d7d52dc0a271,2026-09-12,49a39e5c497b,L3Harris,https://www.l3harris.com/,"https://careers.l3harris.com/en/search-jobs?acm=8686208,8679712,62721&alrpm=ALL&ascf=[%7B%22key%22:%22ALL%22,%22value%22:%22%22%7D]",Associate Manufacturing Engineering,https://careers.l3harris.com/en/job/san-diego/associate-manufacturing-engineering/4832/100511557776,"San Diego, CA",San Diego,CA,United States,Not specified,,,,Space & Defense,2026-09-12,2026-09-12,"https://careers.l3harris.com/en/search-jobs?acm=8686208,8679712,62721&alrpm=ALL&ascf=[%7B%22key%22:%22ALL%22,%22value%22:%22%22%7D]",linked_page,4,success_after_fallback
01f16e61e9c2,2026-09-12,49a39e5c497b,L3Harris,https://www.l3harris.com/,"https://careers.l3harris.com/en/search-jobs?acm=8686208,8679712,62721&alrpm=ALL&ascf=[%7B%22key%22:%22ALL%22,%22value%22:%22%22%7D]",Associate Electrical Engineer,https://careers.l3harris.com/en/job/san-diego/associate-electrical-engineer/4832/100511557760,"San Diego, CA",San Diego,CA,United States,Not specified,,,,Space & Defense,2026-09-12,2026-09-12,"https://careers.l3harris.com/en/search-jobs?acm=8686208,8679712,62721&alrpm=ALL&ascf=[%7B%22key%22:%22ALL%22,%22value%22:%22%22%7D]",linked_page,4,success_after_fallback
8e34915ce2ce,2026-09-12,49a39e5c497b,L3Harris,https://www.l3harris.com/,"https://careers.l3harris.com/en/search-jobs?acm=8686208,8679712,62721&alrpm=ALL&ascf=[%7B%22key%22:%22ALL%22,%22value%22:%22%22%7D]",Sr Associate Systems Engineer,https://careers.l3harris.com/en/job/carlsbad/sr-associate-systems-engineer/4832/99983726864,"Carlsbad, CA",Carlsbad,CA,United States,Not specified,,,,Space & Defense,2026-09-12,2026-09-12,"https://careers.l3harris.com/en/search-jobs?acm=8686208,8679712,62721&alrpm=ALL&ascf=[%7B%22key%22:%22ALL%22,%22value%22:%22%22%7D]",linked_page,4,success_after_fallback
01308c1d4aa3,2026-09-12,49a39e5c497b,L3Harris,https://www.l3harris.com/,"https://careers.l3harris.com/en/search-jobs?acm=8686208,8679712,62721&alrpm=ALL&ascf=[%7B%22key%22:%22ALL%22,%22value%22:%22%22%7D]",Sr Associate Electrical Engineer,https://careers.l3harris.com/en/job/carlsbad/sr-associate-electrical-engineer/4832/100511557712,"Carlsbad, CA",Carlsbad,CA,United States,Not specified,,,,Space & Defense,2026-09-12,2026-09-12,"https://careers.l3harris.com/en/search-jobs?acm=8686208,8679712,62721&alrpm=ALL&ascf=[%7B%22key%22:%22ALL%22,%22value%22:%22%22%7D]",linked_page,4,success_after_fallback
8f0c7415c442,2026-09-12,49a39e5c497b,L3Harris,https://www.l3harris.com/,"https://careers.l3harris.com/en/search-jobs?acm=8686208,8679712,62721&alrpm=ALL&ascf=[%7B%22key%22:%22ALL%22,%22value%22:%22%22%7D]",Sr Associate Program Finance,https://careers.l3harris.com/en/job/carlsbad/sr-associate-program-finance/4832/100511557680,"Carlsbad, CA",Carlsbad,CA,United States,Not specified,,,,Space & Defense,2026-09-12,2026-09-12,"https://careers.l3harris.com/en/search-jobs?acm=8686208,8679712,62721&alrpm=ALL&ascf=[%7B%22key%22:%22ALL%22,%22value%22:%22%22%7D]",linked_page,4,success_after_fallback
d076d0dc21a8,2026-09-12,49a39e5c497b,L3Harris,https://www.l3harris.com/,"https://careers.l3harris.com/en/search-jobs?acm=8686208,8679712,62721&alrpm=ALL&ascf=[%7B%22key%22:%22ALL%22,%22value%22:%22%22%7D]",Sr Associate Software Engineer,https://careers.l3harris.com/en/job/carlsbad/sr-associate-software-engineer/4832/100511557632,"Carlsbad, CA",Carlsbad,CA,United States,Not specified,,,,Space & Defense,2026-09-12,2026-09-12,"https://careers.l3harris.com/en/search-jobs?acm=8686208,8679712,62721&alrpm=ALL&ascf=[%7B%22key%22:%22ALL%22,%22value%22:%22%22%7D]",linked_page,4,success_after_fallback
5834c4b44a63,2026-09-12,49a39e5c497b,L3Harris,https://www.l3harris.com/,"https://careers.l3harris.com/en/search-jobs?acm=8686208,8679712,62721&alrpm=ALL&ascf=[%7B%22key%22:%22ALL%22,%22value%22:%22%22%7D]",Sr Associate Mechanical Engineering,https://careers.l3harris.com/en/job/salt-lake-city/sr-associate-mechanical-engineering/4832/100498294704,"Salt Lake City, UT",Salt Lake City,UT,United States,Not specified,,,,Space & Defense,2026-09-12,2026-09-12,"https://careers.l3harris.com/en/search-jobs?acm=8686208,8679712,62721&alrpm=ALL&ascf=[%7B%22key%22:%22ALL%22,%22value%22:%22%22%7D]",linked_page,4,success_after_fallback
b35b46459b13,2026-09-12,49a39e5c497b,L3Harris,https://www.l3harris.com/,"https://careers.l3harris.com/en/search-jobs?acm=8686208,8679712,62721&alrpm=ALL&ascf=[%7B%22key%22:%22ALL%22,%22value%22:%22%22%7D]",Associate Systems Engineer,https://careers.l3harris.com/en/job/salt-lake-city/associate-systems-engineer/4832/98753761200,"Salt Lake City, UT",Salt Lake City,UT,United States,Not specified,,,,Space & Defense,2026-09-12,2026-09-12,"https://careers.l3harris.com/en/search-jobs?acm=8686208,8679712,62721&alrpm=ALL&ascf=[%7B%22key%22:%22ALL%22,%22value%22:%22%22%7D]",linked_page,4,success_after_fallback
43d247b9a0ba,2026-09-12,49a39e5c497b,L3Harris,https://www.l3harris.com/,"https://careers.l3harris.com/en/search-jobs?acm=8686208,8679712,62721&alrpm=ALL&ascf=[%7B%22key%22:%22ALL%22,%22value%22:%22%22%7D]",Sr Associate Software Engineer,https://careers.l3harris.com/en/job/salt-lake-city/sr-associate-software-engineer/4832/100498294560,"Salt Lake City, UT",Salt Lake City,UT,United States,Not specified,,,,Space & Defense,2026-09-12,2026-09-12,"https://careers.l3harris.com/en/search-jobs?acm=8686208,8679712,62721&alrpm=ALL&ascf=[%7B%22key%22:%22ALL%22,%22value%22:%22%22%7D]",linked_page,4,success_after_fallback
31d8026e6ef6,2026-09-12,49a39e5c497b,L3Harris,https://www.l3harris.com/,"https://careers.l3harris.com/en/search-jobs?acm=8686208,8679712,62721&alrpm=ALL&ascf=[%7B%22key%22:%22ALL%22,%22value%22:%22%22%7D]",Associate Software Engineer,https://careers.l3harris.com/en/job/salt-lake-city/associate-software-engineer/4832/100498294528,"Salt Lake City, UT",Salt Lake City,UT,United States,Not specified,,,,Space & Defense,2026-09-12,2026-09-12,"https://careers.l3harris.com/en/search-jobs?acm=8686208,8679712,62721&alrpm=ALL&ascf=[%7B%22key%22:%22ALL%22,%22value%22:%22%22%7D]",linked_page,4,success_after_fallback
a1a07d2bad5c,2026-09-12,49a39e5c497b,L3Harris,https://www.l3harris.com/,"https://careers.l3harris.com/en/search-jobs?acm=8686208,8679712,62721&alrpm=ALL&ascf=[%7B%22key%22:%22ALL%22,%22value%22:%22%22%7D]",Associate Rf Wireless Engineer,https://careers.l3harris.com/en/job/salt-lake-city/associate-rf-wireless-engineer-1/4832/99806110272,"Salt Lake City, UT",Salt Lake City,UT,United States,Not specified,,,,Space & Defense,2026-09-12,2026-09-12,"https://careers.l3harris.com/en/search-jobs?acm=8686208,8679712,62721&alrpm=ALL&ascf=[%7B%22key%22:%22ALL%22,%22value%22:%22%22%7D]",linked_page,4,success_after_fallback
7d49d0bf9c02,2026-09-12,49a39e5c497b,L3Harris,https://www.l3harris.com/,"https://careers.l3harris.com/en/search-jobs?acm=8686208,8679712,62721&alrpm=ALL&ascf=[%7B%22key%22:%22ALL%22,%22value%22:%22%22%7D]",Associate Project Management,https://careers.l3harris.com/en/job/salt-lake-city/associate-project-management/4832/100498294432,"Salt Lake City, UT",Salt Lake City,UT,United States,Not specified,,,,Space & Defense,2026-09-12,2026-09-12,"https://careers.l3harris.com/en/search-jobs?acm=8686208,8679712,62721&alrpm=ALL&ascf=[%7B%22key%22:%22ALL%22,%22value%22:%22%22%7D]",linked_page,4,success_after_fallback
5e8203725042,2026-09-12,49a39e5c497b,L3Harris,https://www.l3harris.com/,https://careers.l3harris.com/en/job/camden/l3harris-engineering-and-technician-career-fair-camden-ar/4832/99420660864,L3Harris Engineering And Technician Career Fair Camden Ar,https://careers.l3harris.com/en/job/camden/l3harris-engineering-and-technician-career-fair-camden-ar/4832/search-jobs,"Greece, NY, United States",Greece,NY,United States,Not specified,,,,Space & Defense,2026-09-12,2026-09-12,https://careers.l3harris.com/en/job/camden/l3harris-engineering-and-technician-career-fair-camden-ar/4832/99420660864,linked_page,4,success_after_fallback
29c38124019f,2026-09-12,49a39e5c497b,L3Harris,https://www.l3harris.com/,https://careers.l3harris.com/en/job/camden/l3harris-engineering-and-technician-career-fair-camden-ar/4832/99420660864,Associate Manager Manufacturing Engineering,https://careers.l3harris.com/en/job/camden/associate-manager-manufacturing-engineering/4832/98680026624,"Camden, Arkansas",Camden,AR,United States,Not specified,,,,Space & Defense,2026-09-12,2026-09-12,https://careers.l3harris.com/en/job/camden/l3harris-engineering-and-technician-career-fair-camden-ar/4832/99420660864,linked_page,4,success_after_fallback
6b37ee73b960,2026-09-12,49a39e5c497b,L3Harris,https://www.l3harris.com/,https://careers.l3harris.com/en/job/camden/l3harris-engineering-and-technician-career-fair-camden-ar/4832/99420660864,Lead Manufacturing Engineer Automation,https://careers.l3harris.com/en/job/huntsville/lead-manufacturing-engineer-automation/4832/98726436784,"Huntsville, Alabama, Camden, Arkansas",Huntsville,AL,United States,Not specified,,,,Space & Defense,2026-09-12,2026-09-12,https://careers.l3harris.com/en/job/camden/l3harris-engineering-and-technician-career-fair-camden-ar/4832/99420660864,linked_page,4,success_after_fallback
1cefa4dbf8c1,2026-09-12,49a39e5c497b,L3Harris,https://www.l3harris.com/,https://careers.l3harris.com/en/job/camden/l3harris-engineering-and-technician-career-fair-camden-ar/4832/99420660864,Senior Specialist Manufacturing Engineer,https://careers.l3harris.com/en/job/camden/senior-specialist-manufacturing-engineer/4832/98191352080,"Camden, Arkansas",Camden,AR,United States,Not specified,,,,Space & Defense,2026-09-12,2026-09-12,https://careers.l3harris.com/en/job/camden/l3harris-engineering-and-technician-career-fair-camden-ar/4832/99420660864,linked_page,4,success_after_fallback
24ec74279b4e,2026-09-12,49a39e5c497b,L3Harris,https://www.l3harris.com/,https://careers.l3harris.com/en/job/camden/l3harris-engineering-and-technician-career-fair-camden-ar/4832/99420660864,Lead Manufacturing Engineering,https://careers.l3harris.com/en/job/camden/lead-manufacturing-engineering/4832/98070345696,"Camden, Arkansas",Camden,AR,United States,Not specified,,,,Space & Defense,2026-09-12,2026-09-12,https://careers.l3harris.com/en/job/camden/l3harris-engineering-and-technician-career-fair-camden-ar/4832/99420660864,linked_page,4,success_after_fallback
c581f089be86,2026-09-12,49a39e5c497b,L3Harris,https://www.l3harris.com/,"https://careers.l3harris.com/en/search-jobs?acm=61370,8684512,8684496,8684688,8684208,8687808,8696112,8684256,8690160,8684528&alrpm=ALL&ascf=[%7B%22key%22:%22ALL%22,%22value%22:%22%22%7D]",Lead Systems Engineer,https://careers.l3harris.com/en/job/melbourne/lead-systems-engineer/4832/100498293776,"Melbourne, FL",Melbourne,FL,United States,Not specified,,,,Space & Defense,2026-09-12,2026-09-12,"https://careers.l3harris.com/en/search-jobs?acm=61370,8684512,8684496,8684688,8684208,8687808,8696112,8684256,8690160,8684528&alrpm=ALL&ascf=[%7B%22key%22:%22ALL%22,%22value%22:%22%22%7D]",linked_page,4,success_after_fallback
30e73bbfdf03,2026-09-12,49a39e5c497b,L3Harris,https://www.l3harris.com/,"https://careers.l3harris.com/en/search-jobs?acm=61370,8684512,8684496,8684688,8684208,8687808,8696112,8684256,8690160,8684528&alrpm=ALL&ascf=[%7B%22key%22:%22ALL%22,%22value%22:%22%22%7D]",Senior Specialist Systems Engineer,https://careers.l3harris.com/en/job/nashville/senior-specialist-systems-engineer-1/4832/100449805184,"Nashville, TN",Nashville,TN,United States,Not specified,,,,Space & Defense,2026-09-12,2026-09-12,"https://careers.l3harris.com/en/search-jobs?acm=61370,8684512,8684496,8684688,8684208,8687808,8696112,8684256,8690160,8684528&alrpm=ALL&ascf=[%7B%22key%22:%22ALL%22,%22value%22:%22%22%7D]",linked_page,4,success_after_fallback
d833e39bd67d,2026-09-12,49a39e5c497b,L3Harris,https://www.l3harris.com/,"https://careers.l3harris.com/en/search-jobs?acm=61370,8684512,8684496,8684688,8684208,8687808,8696112,8684256,8690160,8684528&alrpm=ALL&ascf=[%7B%22key%22:%22ALL%22,%22value%22:%22%22%7D]",Specialist Integration And Test Engineer,https://careers.l3harris.com/en/job/palm-bay/specialist-integration-and-test-engineer/4832/100449805808,"Palm Bay, Brevard, FL",Palm Bay,FL,United States,Not specified,,,,Space & Defense,2026-09-12,2026-09-12,"https://careers.l3harris.com/en/search-jobs?acm=61370,8684512,8684496,8684688,8684208,8687808,8696112,8684256,8690160,8684528&alrpm=ALL&ascf=[%7B%22key%22:%22ALL%22,%22value%22:%22%22%7D]",linked_page,4,success_after_fallback
094871841be4,2026-09-12,49a39e5c497b,L3Harris,https://www.l3harris.com/,"https://careers.l3harris.com/en/search-jobs?acm=61370,8684512,8684496,8684688,8684208,8687808,8696112,8684256,8690160,8684528&alrpm=ALL&ascf=[%7B%22key%22:%22ALL%22,%22value%22:%22%22%7D]",Lead Information Security Systems Engineer Secret Clearance,https://careers.l3harris.com/en/job/palm-bay/lead-information-security-systems-engineer-secret-clearance/4832/100449805920,"Palm Bay, Brevard, FL",Palm Bay,FL,United States,Not specified,,,,Space & Defense,2026-09-12,2026-09-12,"https://careers.l3harris.com/en/search-jobs?acm=61370,8684512,8684496,8684688,8684208,8687808,8696112,8684256,8690160,8684528&alrpm=ALL&ascf=[%7B%22key%22:%22ALL%22,%22value%22:%22%22%7D]",linked_page,4,success_after_fallback
2a7f6f6a50f9,2026-09-12,49a39e5c497b,L3Harris,https://www.l3harris.com/,"https://careers.l3harris.com/en/search-jobs?acm=61370,8684512,8684496,8684688,8684208,8687808,8696112,8684256,8690160,8684528&alrpm=ALL&ascf=[%7B%22key%22:%22ALL%22,%22value%22:%22%22%7D]",Senior Specialist Integration And Test,https://careers.l3harris.com/en/job/palm-bay/senior-specialist-integration-and-test/4832/100486595296,"Palm Bay, Brevard, FL",Palm Bay,FL,United States,Not specified,,,,Space & Defense,2026-09-12,2026-09-12,"https://careers.l3harris.com/en/search-jobs?acm=61370,8684512,8684496,8684688,8684208,8687808,8696112,8684256,8690160,8684528&alrpm=ALL&ascf=[%7B%22key%22:%22ALL%22,%22value%22:%22%22%7D]",linked_page,4,success_after_fallback
4832de48ea9a,2026-09-12,49a39e5c497b,L3Harris,https://www.l3harris.com/,"https://careers.l3harris.com/en/search-jobs?acm=61370,8684512,8684496,8684688,8684208,8687808,8696112,8684256,8690160,8684528&alrpm=ALL&ascf=[%7B%22key%22:%22ALL%22,%22value%22:%22%22%7D]",Intern Software Engineer,https://careers.l3harris.com/en/job/clifton/intern-software-engineer/4832/100436629424,"Clifton, NJ",Clifton,NJ,United States,Not specified,,,,Space & Defense,2026-09-12,2026-09-12,"https://careers.l3harris.com/en/search-jobs?acm=61370,8684512,8684496,8684688,8684208,8687808,8696112,8684256,8690160,8684528&alrpm=ALL&ascf=[%7B%22key%22:%22ALL%22,%22value%22:%22%22%7D]",linked_page,4,success_after_fallback
c948c38272e7,2026-09-12,b5d41f3f3457,Lockheed Martin,https://www.lockheedmartin.com/,https://www.lockheedmartin.com/en-us/careers/candidates/students-early-careers.html,Meet our Interns,https://www.lockheedmartin.com/en-us/careers/life-at-lm/2023/early-career-lessons-learned.html,"Ballston Spa, NY, United States",Ballston Spa,NY,United States,Not specified,,,,Space & Defense,2026-09-12,2026-09-12,https://www.lockheedmartin.com/en-us/careers/candidates/students-early-careers.html,linked_page,4,success_after_fallback
7b97bd4a2063,2026-09-12,6f56721ec5b5,Lourdes Industries,https://lourdesinc.com/,https://lourdesinc.com/careers,Facilities Maintenance & EHS Supervisor -Aerospace,https://lourdesinc.com/careers/05a92983f176e193/facilities-maintenance-ehs-supervisor-aerospace,"📍 Hauppauge, NY",📍 Hauppauge,NY,United States,Not specified,,,,Space & Defense,2026-09-12,2026-09-12,https://lourdesinc.com/careers,known_careers_url,3,success
ac6ac155e05e,2026-09-12,6f56721ec5b5,Lourdes Industries,https://lourdesinc.com/,https://lourdesinc.com/careers,Mechanical Assembler - III--Aerospace,https://lourdesinc.com/careers/9dcd85a1be748d78/mechanical-assembler-iii-aerospace,"📍 Hauppauge, NY",📍 Hauppauge,NY,United States,Not specified,,,,Space & Defense,2026-09-12,2026-09-12,https://lourdesinc.com/careers,known_careers_url,3,success
883509704e31,2026-09-12,ee835297a5f7,Magellan Aerospace,https://magellan.aero/,https://careers.magellan.aero/search?createNewAlert=false&q=&locationsearch=&optionsFacetsDD_department=,Special Process/ Quality Systems Internal Audit Lead,https://careers.magellan.aero/job/West-Babylon-Special-Process-Quality-Systems-Internal-Audit-Lead-NY-11704/603218317,"Bohemia, NY, United States",Bohemia,NY,United States,Not specified,,,,Core Space,2026-09-12,2026-09-12,https://careers.magellan.aero/search?createNewAlert=false&q=&locationsearch=&optionsFacetsDD_department=,linked_page,4,success_after_fallback
163cd3129e21,2026-09-12,ee835297a5f7,Magellan Aerospace,https://magellan.aero/,https://careers.magellan.aero/search?createNewAlert=false&q=&locationsearch=&optionsFacetsDD_department=,Special Process Operator,https://careers.magellan.aero/job/Winnipeg-Special-Process-Operator-MB-R3H-0S5/601713317,"Bohemia, NY, United States",Bohemia,NY,United States,Not specified,,,,Core Space,2026-09-12,2026-09-12,https://careers.magellan.aero/search?createNewAlert=false&q=&locationsearch=&optionsFacetsDD_department=,linked_page,4,success_after_fallback
409a7653938a,2026-09-12,ee835297a5f7,Magellan Aerospace,https://magellan.aero/,https://careers.magellan.aero/search?createNewAlert=false&q=&locationsearch=&optionsFacetsDD_department=,Finance Manager,https://careers.magellan.aero/job/Glendale-Finance-Manager-AZ-85031/603495217,"Bohemia, NY, United States",Bohemia,NY,United States,Not specified,,,,Core Space,2026-09-12,2026-09-12,https://careers.magellan.aero/search?createNewAlert=false&q=&locationsearch=&optionsFacetsDD_department=,linked_page,4,success_after_fallback
46960db9f79f,2026-09-12,ee835297a5f7,Magellan Aerospace,https://magellan.aero/,https://careers.magellan.aero/search?createNewAlert=false&q=&locationsearch=&optionsFacetsDD_department=,N/C Milling Operator,https://careers.magellan.aero/job/Bohemia-NC-Milling-Operator-NY-11716/599087817,"Bohemia, NY, United States",Bohemia,NY,United States,Not specified,,,,Core Space,2026-09-12,2026-09-12,https://careers.magellan.aero/search?createNewAlert=false&q=&locationsearch=&optionsFacetsDD_department=,linked_page,4,success_after_fallback
0a890acf6017,2026-09-12,ee835297a5f7,Magellan Aerospace,https://magellan.aero/,https://careers.magellan.aero/search?createNewAlert=false&q=&locationsearch=&optionsFacetsDD_department=,Maintenance Manager,https://careers.magellan.aero/job/Haverhill-Maintenance-Manager-MA-01832/605142117,"Bohemia, NY, United States",Bohemia,NY,United States,Not specified,,,,Core Space,2026-09-12,2026-09-12,https://careers.magellan.aero/search?createNewAlert=false&q=&locationsearch=&optionsFacetsDD_department=,linked_page,4,success_after_fallback
ca6c3483b1ab,2026-09-12,ee835297a5f7,Magellan Aerospace,https://magellan.aero/,https://careers.magellan.aero/search?createNewAlert=false&q=&locationsearch=&optionsFacetsDD_department=,Mechanical Engineering Intern,https://careers.magellan.aero/job/Bohemia-Mechanical-Engineering-Intern-NY-11716/599831917,"Bohemia, NY, United States",Bohemia,NY,United States,Not specified,,,,Core Space,2026-09-12,2026-09-12,https://careers.magellan.aero/search?createNewAlert=false&q=&locationsearch=&optionsFacetsDD_department=,linked_page,4,success_after_fallback
fbe0c5f68737,2026-09-12,ee835297a5f7,Magellan Aerospace,https://magellan.aero/,https://careers.magellan.aero/search?createNewAlert=false&q=&locationsearch=&optionsFacetsDD_department=,Information Technology Support Specialist,https://careers.magellan.aero/job/Haley-Station-Information-Technology-Support-Specialist-ON-K0J-1Y0/605158617,"Bohemia, NY, United States",Bohemia,NY,United States,Not specified,,,,Core Space,2026-09-12,2026-09-12,https://careers.magellan.aero/search?createNewAlert=false&q=&locationsearch=&optionsFacetsDD_department=,linked_page,4,success_after_fallback
6557a8b42b0d,2026-09-12,ee835297a5f7,Magellan Aerospace,https://magellan.aero/,https://careers.magellan.aero/search?createNewAlert=false&q=&locationsearch=&optionsFacetsDD_department=,Quality Assurance Administrator (Weekend Shift),https://careers.magellan.aero/job/West-Babylon-Quality-Assurance-Administrator-%28Weekend-Shift%29-NY-11704/605121117,"Bohemia, NY, United States",Bohemia,NY,United States,Not specified,,,,Core Space,2026-09-12,2026-09-12,https://careers.magellan.aero/search?createNewAlert=false&q=&locationsearch=&optionsFacetsDD_department=,linked_page,4,success_after_fallback
e77bd15bccf6,2026-09-12,ee835297a5f7,Magellan Aerospace,https://magellan.aero/,https://careers.magellan.aero/search?createNewAlert=false&q=&locationsearch=&optionsFacetsDD_department=,N/C & Conventional Grinder Operator (Aerospace),https://careers.magellan.aero/job/Corona-NC-&-Conventional-Grinder-Operator-%28Aerospace%29-NY-11368/602428017,"Bohemia, NY, United States",Bohemia,NY,United States,Not specified,,,,Core Space,2026-09-12,2026-09-12,https://careers.magellan.aero/search?createNewAlert=false&q=&locationsearch=&optionsFacetsDD_department=,linked_page,4,success_after_fallback
075ff634723d,2026-09-12,ee835297a5f7,Magellan Aerospace,https://magellan.aero/,https://careers.magellan.aero/search?createNewAlert=false&q=&locationsearch=&optionsFacetsDD_department=,CMM Operator (Night Shift),https://careers.magellan.aero/job/Bohemia-CMM-Operator-%28Night-Shift%29-NY-11716/602427817,"Bohemia, NY, United States",Bohemia,NY,United States,Not specified,,,,Core Space,2026-09-12,2026-09-12,https://careers.magellan.aero/search?createNewAlert=false&q=&locationsearch=&optionsFacetsDD_department=,linked_page,4,success_after_fallback
ec717ebe2e87,2026-09-12,c67c1581a301,Mini Circuits Brooklyn,https://www.minicircuits.com/,https://jobs.jobvite.com/mini-circuits/jobs/positions,Engineering Pipeline,https://jobs.jobvite.com/mini-circuits/jobs/pipeline,"Brooklyn, NY, United States",Brooklyn,NY,United States,Not specified,,,,Core Space,2026-09-12,2026-09-12,https://jobs.jobvite.com/mini-circuits/jobs/positions,known_careers_url,4,success
f540c7be593c,2026-09-12,c67c1581a301,Mini Circuits Brooklyn,https://www.minicircuits.com/,https://jobs.jobvite.com/mini-circuits/jobs/positions,SAP ERP Manager Full-Time 2 Locations,https://jobs.jobvite.com/mini-circuits/job/ogUJzfwc,"Brooklyn, NY, United States",Brooklyn,NY,United States,Not specified,,,,Core Space,2026-09-12,2026-09-12,https://jobs.jobvite.com/mini-circuits/jobs/positions,known_careers_url,4,success
996cf3968804,2026-09-12,c67c1581a301,Mini Circuits Brooklyn,https://www.minicircuits.com/,https://jobs.jobvite.com/mini-circuits/jobs/positions,"Warehouse Operator I Full-Time Deer Park, New York",https://jobs.jobvite.com/mini-circuits/job/o4KAAfwI,"Deer Park, New York",Deer Park,NY,United States,Not specified,,,,Core Space,2026-09-12,2026-09-12,https://jobs.jobvite.com/mini-circuits/jobs/positions,known_careers_url,4,success
f3aefd68d15e,2026-09-12,c67c1581a301,Mini Circuits Brooklyn,https://www.minicircuits.com/,https://jobs.jobvite.com/mini-circuits/jobs/positions,"Level 1 General Assembly Operator Full-Time Hialeah, Florida",https://jobs.jobvite.com/mini-circuits/job/oTyMAfwx,"Hialeah, Florida",Hialeah,FL,United States,Not specified,,,,Core Space,2026-09-12,2026-09-12,https://jobs.jobvite.com/mini-circuits/jobs/positions,known_careers_url,4,success
6e74b6f1efe0,2026-09-12,c67c1581a301,Mini Circuits Brooklyn,https://www.minicircuits.com/,https://jobs.jobvite.com/mini-circuits/jobs/positions,Field Applications Engineer - West Coast,https://jobs.jobvite.com/mini-circuits/job/o9l3zfwQ,"Remote, California",Remote,CA,United States,Remote,,,,Core Space,2026-09-12,2026-09-12,https://jobs.jobvite.com/mini-circuits/jobs/positions,known_careers_url,4,success
913280d599b2,2026-09-12,c67c1581a301,Mini Circuits Brooklyn,https://www.minicircuits.com/,https://jobs.jobvite.com/mini-circuits/jobs/positions,Field Applications Engineer NA Central,https://jobs.jobvite.com/mini-circuits/job/oaGmAfww,"Remote, New York",Remote,NY,United States,Remote,,,,Core Space,2026-09-12,2026-09-12,https://jobs.jobvite.com/mini-circuits/jobs/positions,known_careers_url,4,success
945cc4e177ae,2026-09-12,c67c1581a301,Mini Circuits Brooklyn,https://www.minicircuits.com/,https://jobs.jobvite.com/mini-circuits/jobs/positions,Engineering Micro-Assembler,https://jobs.jobvite.com/mini-circuits/job/o1zHAfwB,"Deer Park, New York",Deer Park,NY,United States,Not specified,,,,Core Space,2026-09-12,2026-09-12,https://jobs.jobvite.com/mini-circuits/jobs/positions,known_careers_url,4,success
ce59b6ee18c5,2026-09-12,c67c1581a301,Mini Circuits Brooklyn,https://www.minicircuits.com/,https://jobs.jobvite.com/mini-circuits/jobs/positions,RF Technician I,https://jobs.jobvite.com/mini-circuits/job/oq5vAfwk,"Deer Park, New York",Deer Park,NY,United States,Not specified,,,,Core Space,2026-09-12,2026-09-12,https://jobs.jobvite.com/mini-circuits/jobs/positions,known_careers_url,4,success
e45ae7610441,2026-09-12,c67c1581a301,Mini Circuits Brooklyn,https://www.minicircuits.com/,https://jobs.jobvite.com/mini-circuits/jobs/positions,RF Technician II/Team Lead,https://jobs.jobvite.com/mini-circuits/job/o8bKAfwn,"Deer Park, New York",Deer Park,NY,United States,Not specified,,,,Core Space,2026-09-12,2026-09-12,https://jobs.jobvite.com/mini-circuits/jobs/positions,known_careers_url,4,success
cda7e5624678,2026-09-12,c67c1581a301,Mini Circuits Brooklyn,https://www.minicircuits.com/,https://jobs.jobvite.com/mini-circuits/jobs/positions,Warehouse Operator I,https://jobs.jobvite.com/mini-circuits/job/oWcFAfw7,"Deer Park, New York",Deer Park,NY,United States,Not specified,,,,Core Space,2026-09-12,2026-09-12,https://jobs.jobvite.com/mini-circuits/jobs/positions,known_careers_url,4,success
3cab2ab376c8,2026-09-12,c67c1581a301,Mini Circuits Brooklyn,https://www.minicircuits.com/,https://jobs.jobvite.com/mini-circuits/jobs/positions,Senior Manager Environmental Health & Safety,https://jobs.jobvite.com/mini-circuits/job/od4qAfw1,"Brooklyn, NY, United States",Brooklyn,NY,United States,Not specified,,,,Core Space,2026-09-12,2026-09-12,https://jobs.jobvite.com/mini-circuits/jobs/positions,known_careers_url,4,success
16605ec4c643,2026-09-12,c67c1581a301,Mini Circuits Brooklyn,https://www.minicircuits.com/,https://jobs.jobvite.com/mini-circuits/jobs/positions,Product Engineer I/II,https://jobs.jobvite.com/mini-circuits/job/o2FJAfwK,"Hialeah, Florida",Hialeah,FL,United States,Not specified,,,,Core Space,2026-09-12,2026-09-12,https://jobs.jobvite.com/mini-circuits/jobs/positions,known_careers_url,4,success
7934ee5e1fe7,2026-09-12,c67c1581a301,Mini Circuits Brooklyn,https://www.minicircuits.com/,https://jobs.jobvite.com/mini-circuits/jobs/positions,Product Engineer Manager,https://jobs.jobvite.com/mini-circuits/job/omwuzfwF,"Hialeah, Florida",Hialeah,FL,United States,Not specified,,,,Core Space,2026-09-12,2026-09-12,https://jobs.jobvite.com/mini-circuits/jobs/positions,known_careers_url,4,success
cad7ef9c7bf2,2026-09-12,c67c1581a301,Mini Circuits Brooklyn,https://www.minicircuits.com/,https://jobs.jobvite.com/mini-circuits/jobs/positions,RF Design Engineer I,https://jobs.jobvite.com/mini-circuits/job/oaJjAfww,"Hialeah, Florida",Hialeah,FL,United States,Not specified,,,,Core Space,2026-09-12,2026-09-12,https://jobs.jobvite.com/mini-circuits/jobs/positions,known_careers_url,4,success
fd6473f727d6,2026-09-12,c67c1581a301,Mini Circuits Brooklyn,https://www.minicircuits.com/,https://jobs.jobvite.com/mini-circuits/jobs/positions,Senior Manager of Design Engineering,https://jobs.jobvite.com/mini-circuits/job/ocTgvfwA,"Hialeah, Florida",Hialeah,FL,United States,Not specified,,,,Core Space,2026-09-12,2026-09-12,https://jobs.jobvite.com/mini-circuits/jobs/positions,known_careers_url,4,success
c1be9e5bdf5d,2026-09-12,c67c1581a301,Mini Circuits Brooklyn,https://www.minicircuits.com/,https://jobs.jobvite.com/mini-circuits/jobs/positions,Sr. Engineering Project Manager-Core BU,https://jobs.jobvite.com/mini-circuits/job/o9R8zfwr,"Melville, New York",Melville,NY,United States,Not specified,,,,Core Space,2026-09-12,2026-09-12,https://jobs.jobvite.com/mini-circuits/jobs/positions,known_careers_url,4,success
cced1bd3bb9a,2026-09-12,c67c1581a301,Mini Circuits Brooklyn,https://www.minicircuits.com/,https://jobs.jobvite.com/mini-circuits/jobs/positions,Engineering Manager,https://jobs.jobvite.com/mini-circuits/job/o856zfwC,"Melville, New York",Melville,NY,United States,Not specified,,,,Core Space,2026-09-12,2026-09-12,https://jobs.jobvite.com/mini-circuits/jobs/positions,known_careers_url,4,success
a156d077534b,2026-09-12,c67c1581a301,Mini Circuits Brooklyn,https://www.minicircuits.com/,https://jobs.jobvite.com/mini-circuits/jobs/positions,Principal Design Engineer,https://jobs.jobvite.com/mini-circuits/job/oML0zfwQ,"Carlsbad, California",Carlsbad,CA,United States,Not specified,,,,Core Space,2026-09-12,2026-09-12,https://jobs.jobvite.com/mini-circuits/jobs/positions,known_careers_url,4,success
ad4046e78f2f,2026-09-12,c67c1581a301,Mini Circuits Brooklyn,https://www.minicircuits.com/,https://jobs.jobvite.com/mini-circuits/jobs/positions,RF Test Engineer - MMIC,https://jobs.jobvite.com/mini-circuits/job/oaxwAfwx,"Carlsbad, California",Carlsbad,CA,United States,Not specified,,,,Core Space,2026-09-12,2026-09-12,https://jobs.jobvite.com/mini-circuits/jobs/positions,known_careers_url,4,success
fd3d8fef8262,2026-09-12,c67c1581a301,Mini Circuits Brooklyn,https://www.minicircuits.com/,https://jobs.jobvite.com/mini-circuits/jobs/positions,Sr. Packaging Engineer,https://jobs.jobvite.com/mini-circuits/job/oSaLAfw7,"Brooklyn, NY, United States",Brooklyn,NY,United States,Not specified,,,,Core Space,2026-09-12,2026-09-12,https://jobs.jobvite.com/mini-circuits/jobs/positions,known_careers_url,4,success
1202adb45746,2026-09-12,c67c1581a301,Mini Circuits Brooklyn,https://www.minicircuits.com/,https://jobs.jobvite.com/mini-circuits/jobs/positions,Development Test Engineer I,https://jobs.jobvite.com/mini-circuits/job/osfJAfwK,"Brooklyn, New York",Brooklyn,NY,United States,Not specified,,,,Core Space,2026-09-12,2026-09-12,https://jobs.jobvite.com/mini-circuits/jobs/positions,known_careers_url,4,success
f58acd793692,2026-09-12,c67c1581a301,Mini Circuits Brooklyn,https://www.minicircuits.com/,https://jobs.jobvite.com/mini-circuits/jobs/positions,Development Test Engineer II,https://jobs.jobvite.com/mini-circuits/job/ofhVzfwK,"Brooklyn, New York",Brooklyn,NY,United States,Not specified,,,,Core Space,2026-09-12,2026-09-12,https://jobs.jobvite.com/mini-circuits/jobs/positions,known_careers_url,4,success
95fd8732f9fe,2026-09-12,c67c1581a301,Mini Circuits Brooklyn,https://www.minicircuits.com/,https://jobs.jobvite.com/mini-circuits/jobs/positions,PCB Designer II - MMIC,https://jobs.jobvite.com/mini-circuits/job/ovBkAfwK,"Melville, New York",Melville,NY,United States,Not specified,,,,Core Space,2026-09-12,2026-09-12,https://jobs.jobvite.com/mini-circuits/jobs/positions,known_careers_url,4,success
3a888e3d6aa2,2026-09-12,c67c1581a301,Mini Circuits Brooklyn,https://www.minicircuits.com/,https://jobs.jobvite.com/mini-circuits/jobs/positions,Senior Mechanical Design Engineer,https://jobs.jobvite.com/mini-circuits/job/ocdjAfw2,"Melville, New York",Melville,NY,United States,Not specified,,,,Core Space,2026-09-12,2026-09-12,https://jobs.jobvite.com/mini-circuits/jobs/positions,known_careers_url,4,success
e4379a06ee4a,2026-09-12,c67c1581a301,Mini Circuits Brooklyn,https://www.minicircuits.com/,https://jobs.jobvite.com/mini-circuits/jobs/positions,Manager - Global Supply Chain Systems,https://jobs.jobvite.com/mini-circuits/job/oydFAfwK,"Melville, New York",Melville,NY,United States,Not specified,,,,Core Space,2026-09-12,2026-09-12,https://jobs.jobvite.com/mini-circuits/jobs/positions,known_careers_url,4,success
37c7a9e0001d,2026-09-12,c67c1581a301,Mini Circuits Brooklyn,https://www.minicircuits.com/,https://jobs.jobvite.com/mini-circuits/jobs/positions,Technical Recruiter,https://jobs.jobvite.com/mini-circuits/job/oylEAfwR,"Melville, New York",Melville,NY,United States,Not specified,,,,Core Space,2026-09-12,2026-09-12,https://jobs.jobvite.com/mini-circuits/jobs/positions,known_careers_url,4,success
cb455cbd87fb,2026-09-12,c67c1581a301,Mini Circuits Brooklyn,https://www.minicircuits.com/,https://jobs.jobvite.com/mini-circuits/jobs/positions,Sr. Manager AI & Software Engineering,https://jobs.jobvite.com/mini-circuits/job/ofRFAfw5,"Melville, New York",Melville,NY,United States,Not specified,,,,Core Space,2026-09-12,2026-09-12,https://jobs.jobvite.com/mini-circuits/jobs/positions,known_careers_url,4,success
3b79409f6427,2026-09-12,c67c1581a301,Mini Circuits Brooklyn,https://www.minicircuits.com/,https://jobs.jobvite.com/mini-circuits/jobs/positions,Automation Systems Engineer II,https://jobs.jobvite.com/mini-circuits/job/oUNKyfwJ,"Brooklyn, New York",Brooklyn,NY,United States,Not specified,,,,Core Space,2026-09-12,2026-09-12,https://jobs.jobvite.com/mini-circuits/jobs/positions,known_careers_url,4,success
9d9a98d628aa,2026-09-12,c67c1581a301,Mini Circuits Brooklyn,https://www.minicircuits.com/,https://jobs.jobvite.com/mini-circuits/jobs/positions,Manufacturing Automation Technician,https://jobs.jobvite.com/mini-circuits/job/oFs4zfwu,"Brooklyn, New York",Brooklyn,NY,United States,Not specified,,,,Core Space,2026-09-12,2026-09-12,https://jobs.jobvite.com/mini-circuits/jobs/positions,known_careers_url,4,success
782fe4dfd6b3,2026-09-12,c67c1581a301,Mini Circuits Brooklyn,https://www.minicircuits.com/,https://jobs.jobvite.com/mini-circuits/jobs/positions,Operations Program Manager - Hi-Rel,https://jobs.jobvite.com/mini-circuits/job/oxyLAfwa,"Brooklyn, New York",Brooklyn,NY,United States,Not specified,,,,Core Space,2026-09-12,2026-09-12,https://jobs.jobvite.com/mini-circuits/jobs/positions,known_careers_url,4,success
c839efcea6da,2026-09-12,c67c1581a301,Mini Circuits Brooklyn,https://www.minicircuits.com/,https://jobs.jobvite.com/mini-circuits/jobs/positions,NA Operations Project Manager III,https://jobs.jobvite.com/mini-circuits/job/oMhWyfwh,"Brooklyn, NY, United States",Brooklyn,NY,United States,Not specified,,,,Core Space,2026-09-12,2026-09-12,https://jobs.jobvite.com/mini-circuits/jobs/positions,known_careers_url,4,success
1f5311b4790e,2026-09-12,c67c1581a301,Mini Circuits Brooklyn,https://www.minicircuits.com/,https://jobs.jobvite.com/mini-circuits/jobs/positions,SAP Finance (FICO) Solution Specialist,https://jobs.jobvite.com/mini-circuits/job/o4t2zfwS,"Melville, New York",Melville,NY,United States,Not specified,,,,Core Space,2026-09-12,2026-09-12,https://jobs.jobvite.com/mini-circuits/jobs/positions,known_careers_url,4,success
f2f0b0edb725,2026-09-12,c67c1581a301,Mini Circuits Brooklyn,https://www.minicircuits.com/,https://jobs.jobvite.com/mini-circuits/jobs/positions,SAP Master Data Solution Specialist,https://jobs.jobvite.com/mini-circuits/job/oK7LvfwR,"Melville, New York",Melville,NY,United States,Not specified,,,,Core Space,2026-09-12,2026-09-12,https://jobs.jobvite.com/mini-circuits/jobs/positions,known_careers_url,4,success
617178dc5c6b,2026-09-12,c67c1581a301,Mini Circuits Brooklyn,https://www.minicircuits.com/,https://jobs.jobvite.com/mini-circuits/jobs/positions,Quality Engineer,https://jobs.jobvite.com/mini-circuits/job/o3mxxfwd,"Hialeah, Florida",Hialeah,FL,United States,Not specified,,,,Core Space,2026-09-12,2026-09-12,https://jobs.jobvite.com/mini-circuits/jobs/positions,known_careers_url,4,success
5f3686a35033,2026-09-12,c67c1581a301,Mini Circuits Brooklyn,https://www.minicircuits.com/,https://jobs.jobvite.com/mini-circuits/jobs/positions,Regulatory Compliance & Sustainability Program Manager,https://jobs.jobvite.com/mini-circuits/job/ol5rAfwb,"Melville, New York",Melville,NY,United States,Not specified,,,,Core Space,2026-09-12,2026-09-12,https://jobs.jobvite.com/mini-circuits/jobs/positions,known_careers_url,4,success
77284f85f386,2026-09-12,c67c1581a301,Mini Circuits Brooklyn,https://www.minicircuits.com/,https://jobs.jobvite.com/mini-circuits/jobs/positions,Senior Reliability Technician,https://jobs.jobvite.com/mini-circuits/job/oRrrAfw3,"Brooklyn, New York",Brooklyn,NY,United States,Not specified,,,,Core Space,2026-09-12,2026-09-12,https://jobs.jobvite.com/mini-circuits/jobs/positions,known_careers_url,4,success
803b97524767,2026-09-12,c67c1581a301,Mini Circuits Brooklyn,https://www.minicircuits.com/,https://jobs.jobvite.com/mini-circuits/jobs/positions,Regional Sales Manager - NA Central,https://jobs.jobvite.com/mini-circuits/job/oj4bAfwS,"Brooklyn, NY, United States",Brooklyn,NY,United States,Not specified,,,,Core Space,2026-09-12,2026-09-12,https://jobs.jobvite.com/mini-circuits/jobs/positions,known_careers_url,4,success
dd051daf762f,2026-09-12,c67c1581a301,Mini Circuits Brooklyn,https://www.minicircuits.com/,https://jobs.jobvite.com/mini-circuits/jobs/positions,Sales Operations Director,https://jobs.jobvite.com/mini-circuits/job/oYvNzfwz,"Melville, New York",Melville,NY,United States,Not specified,,,,Core Space,2026-09-12,2026-09-12,https://jobs.jobvite.com/mini-circuits/jobs/positions,known_careers_url,4,success
4add009a0d64,2026-09-12,c67c1581a301,Mini Circuits Brooklyn,https://www.minicircuits.com/,https://jobs.jobvite.com/mini-circuits/jobs/positions,Level 2 Switch Assembly Operator,https://jobs.jobvite.com/mini-circuits/job/oAHkAfwV,"Brooklyn, New York",Brooklyn,NY,United States,Not specified,,,,Core Space,2026-09-12,2026-09-12,https://jobs.jobvite.com/mini-circuits/jobs/positions,known_careers_url,4,success
b3a44c25ad82,2026-09-12,c67c1581a301,Mini Circuits Brooklyn,https://www.minicircuits.com/,https://jobs.jobvite.com/mini-circuits,SAP ERP Manager,https://jobs.jobvite.com/mini-circuits/jobs/positions,"Brooklyn, NY, United States",Brooklyn,NY,United States,Not specified,,,,Core Space,2026-09-12,2026-09-12,https://jobs.jobvite.com/mini-circuits,ats_detected,4,success_after_fallback
44347acd0007,2026-09-12,c67c1581a301,Mini Circuits Brooklyn,https://www.minicircuits.com/,https://jobs.jobvite.com/mini-circuits/job/ofAMzfwU,Manufacturing Global Process Owner (GPO) Production,https://jobs.jobvite.com/mini-circuits/job/ofAMzfwU,"Hialeah, Florida, United States; Melville, New York, United States",Hialeah,FL,United States,Not specified,,,Information Technology,Core Space,2026-09-12,2026-09-12,https://jobs.jobvite.com/mini-circuits/job/ofAMzfwU,ats_detected,3,success_after_fallback
e873bf37be8f,2026-09-12,6a2f5abb3318,North Atlantic Industries,https://www.naii.com/,https://www.naii.com/Opportunities,Pcb Designer Iii Hybrid,https://recruiting.paylocity.com/recruiting/jobs/Apply/4438140/North-Atlantic-Industries-Inc/PCB-Designer-III-Hybrid,"Bohemia, NY",Bohemia,NY,United States,Hybrid,,,,Space & Defense,2026-09-12,2026-09-12,https://www.naii.com/Opportunities,linked_page,4,success_after_fallback
3e66b7d91653,2026-09-12,6a2f5abb3318,North Atlantic Industries,https://www.naii.com/,https://www.naii.com/Opportunities,Intern Process Engineer,https://recruiting.paylocity.com/recruiting/jobs/Apply/4435511/North-Atlantic-Industries-Inc/Intern---Process-Engineer,"Rapid City, South Dakota",Rapid City,SD,United States,Not specified,,,,Space & Defense,2026-09-12,2026-09-12,https://www.naii.com/Opportunities,linked_page,4,success_after_fallback
45efdd2e7f6e,2026-09-12,6a2f5abb3318,North Atlantic Industries,https://www.naii.com/,https://www.naii.com/Opportunities,Electronics Applications Engineer Ii Hybrid,https://recruiting.paylocity.com/recruiting/jobs/Apply/4450709/North-Atlantic-Industries-Inc/Electronics-Applications-Engineer-II-Hybrid,"Bohemia, NY",Bohemia,NY,United States,Hybrid,,,,Space & Defense,2026-09-12,2026-09-12,https://www.naii.com/Opportunities,linked_page,4,success_after_fallback
1034c7d5c0b5,2026-09-12,6a2f5abb3318,North Atlantic Industries,https://www.naii.com/,https://www.naii.com/Opportunities,Intern Software Engineer Fall,https://recruiting.paylocity.com/recruiting/jobs/Apply/4450421/North-Atlantic-Industries-Inc/Intern-Software-Engineer-Fall-2026,"Bohemia, NY",Bohemia,NY,United States,Not specified,,,,Space & Defense,2026-09-12,2026-09-12,https://www.naii.com/Opportunities,linked_page,4,success_after_fallback
e30d7f6b496a,2026-09-12,6a2f5abb3318,North Atlantic Industries,https://www.naii.com/,https://www.naii.com/Opportunities,Intern Full Stack Software Engineer Fall,https://recruiting.paylocity.com/recruiting/jobs/Apply/4450017/North-Atlantic-Industries-Inc/Intern-Full-Stack-Software-Engineer-Fall-2026,"Bohemia, NY",Bohemia,NY,United States,Not specified,,,,Space & Defense,2026-09-12,2026-09-12,https://www.naii.com/Opportunities,linked_page,4,success_after_fallback
9b4fc5c16628,2026-09-12,6a2f5abb3318,North Atlantic Industries,https://www.naii.com/,https://www.naii.com/Opportunities,Electronics Technician Ii,https://recruiting.paylocity.com/recruiting/jobs/Apply/4479256/North-Atlantic-Industries-Inc/Electronics-Technician-II,"Bohemia, NY",Bohemia,NY,United States,Not specified,,,,Space & Defense,2026-09-12,2026-09-12,https://www.naii.com/Opportunities,linked_page,4,success_after_fallback
bbace41f8358,2026-09-12,6a2f5abb3318,North Atlantic Industries,https://www.naii.com/,https://www.naii.com/Opportunities,Sustaining Engineer,https://recruiting.paylocity.com/recruiting/jobs/Apply/4438613/North-Atlantic-Industries-Inc/Sustaining-Engineer,"Bohemia, NY",Bohemia,NY,United States,Not specified,,,,Space & Defense,2026-09-12,2026-09-12,https://www.naii.com/Opportunities,linked_page,4,success_after_fallback
5a4a9777ff8d,2026-09-12,6a2f5abb3318,North Atlantic Industries,https://www.naii.com/,https://www.naii.com/Opportunities,Mechanical Engineer Ii Electronics Packaging Thermal Design,https://recruiting.paylocity.com/recruiting/jobs/Apply/4438131/North-Atlantic-Industries-Inc/Mechanical-Engineer-II---Electronics-Packaging-Thermal-Design,"Bohemia, NY",Bohemia,NY,United States,Not specified,,,,Space & Defense,2026-09-12,2026-09-12,https://www.naii.com/Opportunities,linked_page,4,success_after_fallback
8d12cdb46525,2026-09-12,6a2f5abb3318,North Atlantic Industries,https://www.naii.com/,https://www.naii.com/Opportunities,Manufacturing Engineer I,https://recruiting.paylocity.com/recruiting/jobs/Apply/4450727/North-Atlantic-Industries-Inc/Manufacturing-Engineer-I,"Bohemia, NY",Bohemia,NY,United States,Not specified,,,,Space & Defense,2026-09-12,2026-09-12,https://www.naii.com/Opportunities,linked_page,4,success_after_fallback
16f55f2a2b81,2026-09-12,6a2f5abb3318,North Atlantic Industries,https://www.naii.com/,https://www.naii.com/Opportunities,Intern Electrical Engineer Test Systems,https://recruiting.paylocity.com/recruiting/jobs/Apply/4450195/North-Atlantic-Industries-Inc/Intern-Electrical-Engineer-Test-Systems,"Bohemia, NY",Bohemia,NY,United States,Not specified,,,,Space & Defense,2026-09-12,2026-09-12,https://www.naii.com/Opportunities,linked_page,4,success_after_fallback
1d50b7362d2c,2026-09-12,6a2f5abb3318,North Atlantic Industries,https://www.naii.com/,https://www.naii.com/Opportunities,Intern It Helpdesk Tech Fall,https://recruiting.paylocity.com/recruiting/jobs/Apply/4399410/North-Atlantic-Industries-Inc/Intern-IT-Helpdesk-Tech-Fall-2026,"Bohemia, NY",Bohemia,NY,United States,Not specified,,,,Space & Defense,2026-09-12,2026-09-12,https://www.naii.com/Opportunities,linked_page,4,success_after_fallback
3ad5459ef57e,2026-09-12,6a2f5abb3318,North Atlantic Industries,https://www.naii.com/,https://www.naii.com/Opportunities,Electronics Power Technician Ii,https://recruiting.paylocity.com/recruiting/jobs/Apply/4458207/North-Atlantic-Industries-Inc/Electronics-Power-Technician-II,"Bohemia, NY",Bohemia,NY,United States,Not specified,,,,Space & Defense,2026-09-12,2026-09-12,https://www.naii.com/Opportunities,linked_page,4,success_after_fallback
06bb9876fe36,2026-09-12,6a2f5abb3318,North Atlantic Industries,https://www.naii.com/,https://www.naii.com/Opportunities,Electronics Technician I,https://recruiting.paylocity.com/recruiting/jobs/Apply/4438944/North-Atlantic-Industries-Inc/Electronics-Technician-I,"Bohemia, NY",Bohemia,NY,United States,Not specified,,,,Space & Defense,2026-09-12,2026-09-12,https://www.naii.com/Opportunities,linked_page,4,success_after_fallback
92f6025efe59,2026-09-12,6a2f5abb3318,North Atlantic Industries,https://www.naii.com/,https://www.naii.com/Opportunities,Quality Assurance Engineer I,https://recruiting.paylocity.com/recruiting/jobs/Apply/4450692/North-Atlantic-Industries-Inc/Quality-Assurance-Engineer-I,"Bohemia, NY",Bohemia,NY,United States,Not specified,,,,Space & Defense,2026-09-12,2026-09-12,https://www.naii.com/Opportunities,linked_page,4,success_after_fallback
b2c5bb0b2c7b,2026-09-12,6a2f5abb3318,North Atlantic Industries,https://www.naii.com/,https://www.naii.com/Opportunities,Npi Smt Process Engineer,https://recruiting.paylocity.com/recruiting/jobs/Apply/4438125/North-Atlantic-Industries-Inc/NPI-SMT-Process-Engineer,"Bohemia, NY",Bohemia,NY,United States,Not specified,,,,Space & Defense,2026-09-12,2026-09-12,https://www.naii.com/Opportunities,linked_page,4,success_after_fallback
5c2443eaa829,2026-09-12,0197a4411659,RCM Engineering,https://rcmengineeringgroup.com/,https://jobs.rcmhealthcare.com/,Medical Assistant/MA,https://jobs.rcmhealthcare.com/job/334218-medical-assistant-ma-los-angeles-california,"West Sayville, NY, United States",West Sayville,NY,United States,Not specified,,,,Aerospace,2026-09-12,2026-09-12,https://jobs.rcmhealthcare.com/,linked_page,4,success_after_fallback
1fecddd6591b,2026-09-12,0197a4411659,RCM Engineering,https://rcmengineeringgroup.com/,https://jobs.rcmhealthcare.com/,Medical Assistant/MA,https://jobs.rcmhealthcare.com/job/334216-medical-assistant-ma-los-angeles-california,"West Sayville, NY, United States",West Sayville,NY,United States,Not specified,,,,Aerospace,2026-09-12,2026-09-12,https://jobs.rcmhealthcare.com/,linked_page,4,success_after_fallback
92b0a6d0d040,2026-09-12,0939c3d7e29f,Saab Group,https://www.saab.com/,https://www.saab.com/career/job-opportunities,Contract Quality Manager ﻿,https://www.saab.com/career/job-opportunities/contract-quality-manager,"East Syracuse, NY, United States",East Syracuse,NY,United States,Not specified,,,,Space & Defense,2026-09-12,2026-09-12,https://www.saab.com/career/job-opportunities,known_careers_url,3,success
826793eb5cfa,2026-09-12,0939c3d7e29f,Saab Group,https://www.saab.com/,https://www.saab.com/career/job-opportunities,Contract Manager - Gripen FMV ﻿,https://www.saab.com/career/job-opportunities/contract-manager---gripen-fmv,"East Syracuse, NY, United States",East Syracuse,NY,United States,Not specified,,,,Space & Defense,2026-09-12,2026-09-12,https://www.saab.com/career/job-opportunities,known_careers_url,3,success
7ab559569942,2026-09-12,0939c3d7e29f,Saab Group,https://www.saab.com/,https://saabgroup.wd116.myworkdayjobs.com/Saab_careers/job/Lund---Skyddsgatan-5-7/Komponentingenjr-med-fokus-p-kvalitet-och-leverantrssamverkan_REQ_44358/apply,KomponentingenjÃ¶r med fokus pÃ¥ kvalitet och leverantÃ¶rssamverkan,https://saabgroup.wd116.myworkdayjobs.com/Saab_careers/job/Lund---Skyddsgatan-5-7/Komponentingenjr-med-fokus-p-kvalitet-och-leverantrssamverkan_REQ_44358/apply,"East Syracuse, NY, United States",East Syracuse,NY,United States,Not specified,,,,Space & Defense,2026-09-12,2026-09-12,https://saabgroup.wd116.myworkdayjobs.com/Saab_careers/job/Lund---Skyddsgatan-5-7/Komponentingenjr-med-fokus-p-kvalitet-och-leverantrssamverkan_REQ_44358/apply,ats_detected,3,success_after_fallback
33ce05a3c361,2026-09-12,0939c3d7e29f,Saab Group,https://www.saab.com/,https://www.saab.com/career/job-opportunities/technician,Technician Req,https://saabgroup.wd116.myworkdayjobs.com/Saab_careers/job/Adelaide---21-Third-Avenue/Technician_REQ_39139-1/apply,"East Syracuse, NY, United States",East Syracuse,NY,United States,Not specified,,,,Space & Defense,2026-09-12,2026-09-12,https://www.saab.com/career/job-opportunities/technician,linked_page,4,success_after_fallback
de7482eb276a,2026-09-12,fdb04d86542a,SRI International,https://www.sri.com/,https://careers-sri.icims.com/jobs/search?ss=1&hashed=-625949242,Title Postdoctoral Fellow - Applied & Computational Scientists,https://careers-sri.icims.com/jobs/6506/postdoctoral-fellow---applied-%26-computational-scientists/job,"Manhattan, NY, United States",Manhattan,NY,United States,Not specified,,,,Core Space,2026-09-12,2026-09-12,https://careers-sri.icims.com/jobs/search?ss=1&hashed=-625949242,ats_detected,5,success_after_fallback
102c7b6f9f5f,2026-09-12,fdb04d86542a,SRI International,https://www.sri.com/,https://careers-sri.icims.com/jobs/search?ss=1&hashed=-625949242,Title Research Engineer I / II - Embedded Development Engineer,https://careers-sri.icims.com/jobs/6505/research-engineer-i---ii---embedded-development-engineer/job,"Manhattan, NY, United States",Manhattan,NY,United States,Remote,,,,Core Space,2026-09-12,2026-09-12,https://careers-sri.icims.com/jobs/search?ss=1&hashed=-625949242,ats_detected,5,success_after_fallback
cd1ca9b4a907,2026-09-12,fdb04d86542a,SRI International,https://www.sri.com/,https://careers-sri.icims.com/jobs/search?ss=1&hashed=-625949242,Title Semiconductor Equipment Technicians - experienced - second shift,https://careers-sri.icims.com/jobs/6467/semiconductor-equipment-technicians---experienced---second-shift/job,"Manhattan, NY, United States",Manhattan,NY,United States,Not specified,,,,Core Space,2026-09-12,2026-09-12,https://careers-sri.icims.com/jobs/search?ss=1&hashed=-625949242,ats_detected,5,success_after_fallback
65c4b06b9d52,2026-09-12,fdb04d86542a,SRI International,https://www.sri.com/,https://careers-sri.icims.com/jobs/search?ss=1&hashed=-625949242,Title Bioscience Research Associate I/II,https://careers-sri.icims.com/jobs/6466/bioscience-research-associate-i-ii/job,"Manhattan, NY, United States",Manhattan,NY,United States,Not specified,,,,Core Space,2026-09-12,2026-09-12,https://careers-sri.icims.com/jobs/search?ss=1&hashed=-625949242,ats_detected,5,success_after_fallback
dc33c273dc33,2026-09-12,fdb04d86542a,SRI International,https://www.sri.com/,https://careers-sri.icims.com/jobs/search?ss=1&hashed=-625949242,"Title Wafer Fab Operations Technicians (Machine Operations, Production Technicians)",https://careers-sri.icims.com/jobs/6465/wafer-fab-operations-technicians-%28machine-operations%2c-production-technicians%29/job,"Manhattan, NY, United States",Manhattan,NY,United States,On-site,,,,Core Space,2026-09-12,2026-09-12,https://careers-sri.icims.com/jobs/search?ss=1&hashed=-625949242,ats_detected,5,success_after_fallback
eb1fccc6f78a,2026-09-12,fdb04d86542a,SRI International,https://www.sri.com/,https://careers-sri.icims.com/jobs/search?ss=1&hashed=-625949242,Title Chemical Safety Engineer (Semiconductor),https://careers-sri.icims.com/jobs/6464/chemical-safety-engineer-%28semiconductor%29/job,"Manhattan, NY, United States",Manhattan,NY,United States,Not specified,,,,Core Space,2026-09-12,2026-09-12,https://careers-sri.icims.com/jobs/search?ss=1&hashed=-625949242,ats_detected,5,success_after_fallback
c0b92987ee7c,2026-09-12,fdb04d86542a,SRI International,https://www.sri.com/,https://careers-sri.icims.com/jobs/search?ss=1&hashed=-625949242,"Title Project Manager, Early Career, 60% travel",https://careers-sri.icims.com/jobs/6463/project-manager%2c-early-career%2c-60%25-travel/job,"Manhattan, NY, United States",Manhattan,NY,United States,Not specified,,,,Core Space,2026-09-12,2026-09-12,https://careers-sri.icims.com/jobs/search?ss=1&hashed=-625949242,ats_detected,5,success_after_fallback
4cb5be06c45c,2026-09-12,fdb04d86542a,SRI International,https://www.sri.com/,https://careers-sri.icims.com/jobs/search?ss=1&hashed=-625949242,"Title Bioscience Research Associate, Sleep Lab Part-Time",https://careers-sri.icims.com/jobs/6462/bioscience-research-associate%2c-sleep-lab-part-time/job,"Manhattan, NY, United States",Manhattan,NY,United States,Not specified,,,,Core Space,2026-09-12,2026-09-12,https://careers-sri.icims.com/jobs/search?ss=1&hashed=-625949242,ats_detected,5,success_after_fallback
c5874c81402c,2026-09-12,fdb04d86542a,SRI International,https://www.sri.com/,https://careers-sri.icims.com/jobs/search?ss=1&hashed=-625949242,Title Robotics Mechanical Engineer,https://careers-sri.icims.com/jobs/6461/robotics-mechanical-engineer/job,"Manhattan, NY, United States",Manhattan,NY,United States,Not specified,,,,Core Space,2026-09-12,2026-09-12,https://careers-sri.icims.com/jobs/search?ss=1&hashed=-625949242,ats_detected,5,success_after_fallback
31cfda380bd1,2026-09-12,fdb04d86542a,SRI International,https://www.sri.com/,https://careers-sri.icims.com/jobs/search?ss=1&hashed=-625949242,Title Research Engineer – Semiconductor Materials,https://careers-sri.icims.com/jobs/6460/research-engineer-%e2%80%93-semiconductor-materials/job,"Manhattan, NY, United States",Manhattan,NY,United States,Not specified,,,,Core Space,2026-09-12,2026-09-12,https://careers-sri.icims.com/jobs/search?ss=1&hashed=-625949242,ats_detected,5,success_after_fallback
0b2f87b7a4da,2026-09-12,fdb04d86542a,SRI International,https://www.sri.com/,https://careers-sri.icims.com/jobs/search?ss=1&hashed=-625949242,Title Sr Research Engineer - RF & Systems Engineer,https://careers-sri.icims.com/jobs/6458/sr-research-engineer---rf-%26-systems-engineer/job,"Manhattan, NY, United States",Manhattan,NY,United States,Remote,,,,Core Space,2026-09-12,2026-09-12,https://careers-sri.icims.com/jobs/search?ss=1&hashed=-625949242,ats_detected,5,success_after_fallback
af0dace94594,2026-09-12,fdb04d86542a,SRI International,https://www.sri.com/,https://careers-sri.icims.com/jobs/search?ss=1&hashed=-625949242,"Title Research Engineer II/III - FPGA, real-time and HPC code development (C programming)",https://careers-sri.icims.com/jobs/6457/research-engineer-ii-iii---fpga%2c-real-time-and-hpc-code-development-%28c-programming%29/job,"Manhattan, NY, United States",Manhattan,NY,United States,Remote,,,,Core Space,2026-09-12,2026-09-12,https://careers-sri.icims.com/jobs/search?ss=1&hashed=-625949242,ats_detected,5,success_after_fallback
5807c791eaa5,2026-09-12,fdb04d86542a,SRI International,https://www.sri.com/,https://careers-sri.icims.com/jobs/search?ss=1&hashed=-625949242,Title Sales and Operations Coordinator,https://careers-sri.icims.com/jobs/6455/sales-and-operations-coordinator/job,"Manhattan, NY, United States",Manhattan,NY,United States,Remote,,,,Core Space,2026-09-12,2026-09-12,https://careers-sri.icims.com/jobs/search?ss=1&hashed=-625949242,ats_detected,5,success_after_fallback
0087209107d7,2026-09-12,fdb04d86542a,SRI International,https://www.sri.com/,https://careers-sri.icims.com/jobs/search?ss=1&hashed=-625949242,Title Marketing Specialist - Full Time-Temporary,https://careers-sri.icims.com/jobs/6450/marketing-specialist---full-time-temporary/job,"Manhattan, NY, United States",Manhattan,NY,United States,Remote,,,,Core Space,2026-09-12,2026-09-12,https://careers-sri.icims.com/jobs/search?ss=1&hashed=-625949242,ats_detected,5,success_after_fallback
c44ad4764b51,2026-09-12,fdb04d86542a,SRI International,https://www.sri.com/,https://careers-sri.icims.com/jobs/search?ss=1&hashed=-625949242,Title Principal Image Sensor Development Engineer,https://careers-sri.icims.com/jobs/6448/principal-image-sensor-development-engineer/job,"Manhattan, NY, United States",Manhattan,NY,United States,Not specified,,,,Core Space,2026-09-12,2026-09-12,https://careers-sri.icims.com/jobs/search?ss=1&hashed=-625949242,ats_detected,5,success_after_fallback
28df1f4c1bd9,2026-09-12,fdb04d86542a,SRI International,https://www.sri.com/,https://careers-sri.icims.com/jobs/search?ss=1&hashed=-625949242,Title IC Layout Engineer III,https://careers-sri.icims.com/jobs/6445/ic-layout-engineer-iii/job,"Manhattan, NY, United States",Manhattan,NY,United States,Not specified,,,,Core Space,2026-09-12,2026-09-12,https://careers-sri.icims.com/jobs/search?ss=1&hashed=-625949242,ats_detected,5,success_after_fallback
83cd75cf6b13,2026-09-12,fdb04d86542a,SRI International,https://www.sri.com/,https://careers-sri.icims.com/jobs/search?ss=1&hashed=-625949242,Title Associate Contracts Officer,https://careers-sri.icims.com/jobs/6443/associate-contracts-officer/job,"Manhattan, NY, United States",Manhattan,NY,United States,Remote,,,,Core Space,2026-09-12,2026-09-12,https://careers-sri.icims.com/jobs/search?ss=1&hashed=-625949242,ats_detected,5,success_after_fallback
6f88f052d223,2026-09-12,fdb04d86542a,SRI International,https://www.sri.com/,https://careers-sri.icims.com/jobs/search?ss=1&hashed=-625949242,Title Analog IC Design Engineer,https://careers-sri.icims.com/jobs/6441/analog-ic-design-engineer/job,"Manhattan, NY, United States",Manhattan,NY,United States,Not specified,,,,Core Space,2026-09-12,2026-09-12,https://careers-sri.icims.com/jobs/search?ss=1&hashed=-625949242,ats_detected,5,success_after_fallback
4d7d959e3ed1,2026-09-12,fdb04d86542a,SRI International,https://www.sri.com/,https://careers-sri.icims.com/jobs/search?ss=1&hashed=-625949242,"Title Research Scientist, electron beam lithography",https://careers-sri.icims.com/jobs/6440/research-scientist%2c-electron-beam-lithography/job,"Manhattan, NY, United States",Manhattan,NY,United States,On-site,,,,Core Space,2026-09-12,2026-09-12,https://careers-sri.icims.com/jobs/search?ss=1&hashed=-625949242,ats_detected,5,success_after_fallback
64b737edd5d0,2026-09-12,fdb04d86542a,SRI International,https://www.sri.com/,https://careers-sri.icims.com/jobs/search?ss=1&hashed=-625949242,Title Test Engineers I,https://careers-sri.icims.com/jobs/6439/test-engineers-i/job,"Manhattan, NY, United States",Manhattan,NY,United States,Not specified,,,,Core Space,2026-09-12,2026-09-12,https://careers-sri.icims.com/jobs/search?ss=1&hashed=-625949242,ats_detected,5,success_after_fallback
6d3d0ab8b735,2026-09-12,fdb04d86542a,SRI International,https://www.sri.com/,https://careers-sri.icims.com/jobs/search?ss=1&hashed=-625949242,Title Sr. Photonics Research Engineer,https://careers-sri.icims.com/jobs/6436/sr.-photonics-research-engineer/job,"Manhattan, NY, United States",Manhattan,NY,United States,On-site,,,,Core Space,2026-09-12,2026-09-12,https://careers-sri.icims.com/jobs/search?ss=1&hashed=-625949242,ats_detected,5,success_after_fallback
fd4e35a63d72,2026-09-12,fdb04d86542a,SRI International,https://www.sri.com/,https://careers-sri.icims.com/jobs/search?ss=1&hashed=-625949242,Title Materials Research Scientist/Engineer,https://careers-sri.icims.com/jobs/6428/materials-research-scientist-engineer/job,"Manhattan, NY, United States",Manhattan,NY,United States,Not specified,,,,Core Space,2026-09-12,2026-09-12,https://careers-sri.icims.com/jobs/search?ss=1&hashed=-625949242,ats_detected,5,success_after_fallback
6a229b52cf25,2026-09-12,fdb04d86542a,SRI International,https://www.sri.com/,https://careers-sri.icims.com/jobs/search?ss=1&hashed=-625949242,Title Robotics Software Engineer - II/III,https://careers-sri.icims.com/jobs/6427/robotics-software-engineer---ii-iii/job,"Manhattan, NY, United States",Manhattan,NY,United States,On-site,,,,Core Space,2026-09-12,2026-09-12,https://careers-sri.icims.com/jobs/search?ss=1&hashed=-625949242,ats_detected,5,success_after_fallback
95b1d44347a2,2026-09-12,fdb04d86542a,SRI International,https://www.sri.com/,https://careers-sri.icims.com/jobs/search?ss=1&hashed=-625949242,Title Sr Research Engineer-RF,https://careers-sri.icims.com/jobs/6407/sr-research-engineer-rf/job,"Manhattan, NY, United States",Manhattan,NY,United States,Remote,,,,Core Space,2026-09-12,2026-09-12,https://careers-sri.icims.com/jobs/search?ss=1&hashed=-625949242,ats_detected,5,success_after_fallback
8135fc124960,2026-09-12,fdb04d86542a,SRI International,https://www.sri.com/,https://careers-sri.icims.com/jobs/search?ss=1&hashed=-625949242,Title Sr Research Engineer-Project Principal Investigator - RF,https://careers-sri.icims.com/jobs/6406/sr-research-engineer-project-principal-investigator---rf/job,"Manhattan, NY, United States",Manhattan,NY,United States,Remote,,,,Core Space,2026-09-12,2026-09-12,https://careers-sri.icims.com/jobs/search?ss=1&hashed=-625949242,ats_detected,5,success_after_fallback
fc661e612cd6,2026-09-12,fdb04d86542a,SRI International,https://www.sri.com/,https://careers-sri.icims.com/jobs/search?ss=1&hashed=-625949242,Title Research Engineer II/III - RF Hardware,https://careers-sri.icims.com/jobs/6405/research-engineer-ii-iii---rf-hardware/job,"Manhattan, NY, United States",Manhattan,NY,United States,Remote,,,,Core Space,2026-09-12,2026-09-12,https://careers-sri.icims.com/jobs/search?ss=1&hashed=-625949242,ats_detected,5,success_after_fallback
f5c85183bee4,2026-09-12,fdb04d86542a,SRI International,https://www.sri.com/,https://careers-sri.icims.com/jobs/search?ss=1&hashed=-625949242,Title IC Design Engineer III,https://careers-sri.icims.com/jobs/6403/ic-design-engineer-iii/job,"Manhattan, NY, United States",Manhattan,NY,United States,Not specified,,,,Core Space,2026-09-12,2026-09-12,https://careers-sri.icims.com/jobs/search?ss=1&hashed=-625949242,ats_detected,5,success_after_fallback
4a918651f386,2026-09-12,fdb04d86542a,SRI International,https://www.sri.com/,https://careers-sri.icims.com/jobs/search?ss=1&hashed=-625949242,Title Wafer Fab Process Engineer,https://careers-sri.icims.com/jobs/6395/wafer-fab-process-engineer/job,"Manhattan, NY, United States",Manhattan,NY,United States,Not specified,,,,Core Space,2026-09-12,2026-09-12,https://careers-sri.icims.com/jobs/search?ss=1&hashed=-625949242,ats_detected,5,success_after_fallback
914b84c5d97a,2026-09-12,fdb04d86542a,SRI International,https://www.sri.com/,https://careers-sri.icims.com/jobs/search?ss=1&hashed=-625949242,Title Mechanical Engineer,https://careers-sri.icims.com/jobs/6384/mechanical-engineer/job,"Manhattan, NY, United States",Manhattan,NY,United States,Not specified,,,,Core Space,2026-09-12,2026-09-12,https://careers-sri.icims.com/jobs/search?ss=1&hashed=-625949242,ats_detected,5,success_after_fallback
d06c2cd1b5a3,2026-09-12,fdb04d86542a,SRI International,https://www.sri.com/,https://careers-sri.icims.com/jobs/search?ss=1&hashed=-625949242,Title Sr Mechanical Engineer,https://careers-sri.icims.com/jobs/6383/sr-mechanical-engineer/job,"Manhattan, NY, United States",Manhattan,NY,United States,Not specified,,,,Core Space,2026-09-12,2026-09-12,https://careers-sri.icims.com/jobs/search?ss=1&hashed=-625949242,ats_detected,5,success_after_fallback
57bb35df9988,2026-09-12,fdb04d86542a,SRI International,https://www.sri.com/,https://careers-sri.icims.com/jobs/search?ss=1&hashed=-625949242,Title Sr Research Engineer-Project Principal Investigator,https://careers-sri.icims.com/jobs/6377/sr-research-engineer-project-principal-investigator/job,"Manhattan, NY, United States",Manhattan,NY,United States,Remote,,,,Core Space,2026-09-12,2026-09-12,https://careers-sri.icims.com/jobs/search?ss=1&hashed=-625949242,ats_detected,5,success_after_fallback
0bec5a533ca5,2026-09-12,fdb04d86542a,SRI International,https://www.sri.com/,https://careers-sri.icims.com/jobs/search?ss=1&hashed=-625949242,Title IC Design Engineer IV,https://careers-sri.icims.com/jobs/6367/ic-design-engineer-iv/job,"Manhattan, NY, United States",Manhattan,NY,United States,Not specified,,,,Core Space,2026-09-12,2026-09-12,https://careers-sri.icims.com/jobs/search?ss=1&hashed=-625949242,ats_detected,5,success_after_fallback
9b94ba03fc5f,2026-09-12,fdb04d86542a,SRI International,https://www.sri.com/,https://careers-sri.icims.com/jobs/search?ss=1&hashed=-625949242,Title Electronics Design Engineer,https://careers-sri.icims.com/jobs/6365/electronics-design-engineer/job,"Manhattan, NY, United States",Manhattan,NY,United States,Not specified,,,,Core Space,2026-09-12,2026-09-12,https://careers-sri.icims.com/jobs/search?ss=1&hashed=-625949242,ats_detected,5,success_after_fallback
14e6108fd230,2026-09-12,fdb04d86542a,SRI International,https://www.sri.com/,https://careers-sri.icims.com/jobs/search?ss=1&hashed=-625949242,"Title Test Engineer - Analog, ATE",https://careers-sri.icims.com/jobs/6325/test-engineer---analog%2c-ate/job,"Manhattan, NY, United States",Manhattan,NY,United States,Not specified,,,,Core Space,2026-09-12,2026-09-12,https://careers-sri.icims.com/jobs/search?ss=1&hashed=-625949242,ats_detected,5,success_after_fallback
5211adaa3359,2026-09-12,fdb04d86542a,SRI International,https://www.sri.com/,https://careers-sri.icims.com/jobs/search?ss=1&hashed=-625949242,Title Photonics Research Engineer III,https://careers-sri.icims.com/jobs/6320/photonics-research-engineer-iii/job,"Manhattan, NY, United States",Manhattan,NY,United States,On-site,,,,Core Space,2026-09-12,2026-09-12,https://careers-sri.icims.com/jobs/search?ss=1&hashed=-625949242,ats_detected,5,success_after_fallback
fc84266c0fdd,2026-09-12,fdb04d86542a,SRI International,https://www.sri.com/,https://careers-sri.icims.com/jobs/search?ss=1&hashed=-625949242,Title Manufacturing Technicians,https://careers-sri.icims.com/jobs/6254/manufacturing-technicians/job,"Manhattan, NY, United States",Manhattan,NY,United States,Not specified,,,,Core Space,2026-09-12,2026-09-12,https://careers-sri.icims.com/jobs/search?ss=1&hashed=-625949242,ats_detected,5,success_after_fallback
f1135e0d4e1c,2026-09-12,e04ea6a314c3,Vishay Americas,https://www.vishay.com/,https://jobs.vishay.com/career-areas,Innovation Engineer,https://jobs.vishay.com/jobs/innovation-engineer,"San Jose, CA, United States of America",San Jose,CA,United States,Not specified,,,,Core Space,2026-09-12,2026-09-12,https://jobs.vishay.com/career-areas,linked_page,3,success_after_fallback
15d4e21d880d,2026-09-12,e04ea6a314c3,Vishay Americas,https://www.vishay.com/,https://jobs.vishay.com/career-areas,Associate Process Engineer,https://jobs.vishay.com/jobs/associate-process-engineer,"Marshall, MN, United States of America",Marshall,MN,United States,Not specified,,,,Core Space,2026-09-12,2026-09-12,https://jobs.vishay.com/career-areas,linked_page,3,success_after_fallback
b03e61f09608,2026-09-12,e04ea6a314c3,Vishay Americas,https://www.vishay.com/,https://jobs.vishay.com/jobs/hr-coordinator,Hr Coordinator Jr,https://vishay.wd3.myworkdayjobs.com/VishayCareers/job/Beer-Sheva-IL/HR-Coordinator_JR-19407/apply,"Niagara Falls, NY, United States",Niagara Falls,NY,United States,Not specified,,,,Core Space,2026-09-12,2026-09-12,https://jobs.vishay.com/jobs/hr-coordinator,linked_page,4,success_after_fallback
3e1382b76cac,2026-09-12,e04ea6a314c3,Vishay Americas,https://www.vishay.com/,https://vishay.wd3.myworkdayjobs.com/VishayCareers/job/Itzehoe-DE/XMLNAME--Junior--Controller--m-w-d-_JR-19172-1/apply,(Junior) Controller (m/w/d),https://vishay.wd3.myworkdayjobs.com/VishayCareers/job/Itzehoe-DE/XMLNAME--Junior--Controller--m-w-d-_JR-19172-1/apply,"Itzehoe, DE, Germany",Itzehoe,DE,Germany,Not specified,,,,Core Space,2026-09-12,2026-09-12,https://vishay.wd3.myworkdayjobs.com/VishayCareers/job/Itzehoe-DE/XMLNAME--Junior--Controller--m-w-d-_JR-19172-1/apply,ats_detected,3,success_after_fallback
b8c3f0a204e8,2026-09-12,e04ea6a314c3,Vishay Americas,https://www.vishay.com/,https://jobs.vishay.com/jobs/senior-hr-specialist-m-w-d,Xmlname Senior Hr Specialist M W D Jr,https://vishay.wd3.myworkdayjobs.com/VishayCareers/job/Selb-DE/XMLNAME--Senior--HR-Specialist--m-w-d-_JR-17989-1/apply,"Niagara Falls, NY, United States",Niagara Falls,NY,United States,Not specified,,,,Core Space,2026-09-12,2026-09-12,https://jobs.vishay.com/jobs/senior-hr-specialist-m-w-d,linked_page,4,success_after_fallback
886abad21824,2026-09-12,1c2b4e10bf58,Wallaroo AI,https://wallaroo.ai/,https://www.jobvite.com/,TA Leader,https://www.jobvite.com/solutions/role/talent-acquisition-leader,"Manhattan, NY, United States",Manhattan,NY,United States,Not specified,,,,Core Space,2026-09-12,2026-09-12,https://www.jobvite.com/,ats_detected,4,success_after_fallback
fcec0899c79f,2026-09-12,1c2b4e10bf58,Wallaroo AI,https://wallaroo.ai/,https://www.jobvite.com/,HR Leader,https://www.jobvite.com/solutions/role/hr-leader,"Manhattan, NY, United States",Manhattan,NY,United States,Not specified,,,,Core Space,2026-09-12,2026-09-12,https://www.jobvite.com/,ats_detected,4,success_after_fallback
bc3248fdbd4f,2026-09-12,1c2b4e10bf58,Wallaroo AI,https://wallaroo.ai/,https://www.jobvite.com/,IT Manager,https://www.jobvite.com/solutions/role/it,"Manhattan, NY, United States",Manhattan,NY,United States,Not specified,,,,Core Space,2026-09-12,2026-09-12,https://www.jobvite.com/,ats_detected,4,success_after_fallback
