job_id,snapshot_date,company_id,company_name,company_website,careers_url,job_title,job_url,location,city,state,country,remote,salary_min,salary_max,department,category,date_found,last_seen_at,source_url,discovery_method,job_confidence_score,status
f9019c6c5365,2026-09-15,a3c0ab6694be,Bluefors Inc.,https://bluefors.com/,https://careers.bluefors.com/jobs,Account Manager,https://careers.bluefors.com/jobs/8382598-account-manager,"Syracuse, NY, United States",Syracuse,NY,United States,Not specified,,,,Core Space,2026-09-15,2026-09-15,https://careers.bluefors.com/jobs,linked_page,4,success_after_fallback
66a590da9a83,2026-09-15,a3c0ab6694be,Bluefors Inc.,https://bluefors.com/,https://careers.bluefors.com/jobs,Spare Parts Coordinator,https://careers.bluefors.com/jobs/8382134-spare-parts-coordinator,"Syracuse, NY, United States",Syracuse,NY,United States,Not specified,,,,Core Space,2026-09-15,2026-09-15,https://careers.bluefors.com/jobs,linked_page,4,success_after_fallback
cb87fe77bb36,2026-09-15,a3c0ab6694be,Bluefors Inc.,https://bluefors.com/,https://careers.bluefors.com/jobs,Business Development Specialist,https://careers.bluefors.com/jobs/8325654-business-development-specialist,"Syracuse, NY, United States",Syracuse,NY,United States,Not specified,,,,Core Space,2026-09-15,2026-09-15,https://careers.bluefors.com/jobs,linked_page,4,success_after_fallback
5b544f66d3fc,2026-09-15,a3c0ab6694be,Bluefors Inc.,https://bluefors.com/,https://careers.bluefors.com/jobs,Maintenance Technician,https://careers.bluefors.com/jobs/8287991-maintenance-technician,"Syracuse, NY, United States",Syracuse,NY,United States,Not specified,,,,Core Space,2026-09-15,2026-09-15,https://careers.bluefors.com/jobs,linked_page,4,success_after_fallback
ede31c521720,2026-09-15,a3c0ab6694be,Bluefors Inc.,https://bluefors.com/,https://careers.bluefors.com/jobs,Engineering Technician – R&D,https://careers.bluefors.com/jobs/8280448-engineering-technician-r-d,"Syracuse, NY, United States",Syracuse,NY,United States,Not specified,,,,Core Space,2026-09-15,2026-09-15,https://careers.bluefors.com/jobs,linked_page,4,success_after_fallback
215ba270929b,2026-09-15,a3c0ab6694be,Bluefors Inc.,https://bluefors.com/,https://careers.bluefors.com/jobs,Mechanical Engineer,https://careers.bluefors.com/jobs/8280256-mechanical-engineer,"Syracuse, NY, United States",Syracuse,NY,United States,Not specified,,,,Core Space,2026-09-15,2026-09-15,https://careers.bluefors.com/jobs,linked_page,4,success_after_fallback
105164451c73,2026-09-15,a3c0ab6694be,Bluefors Inc.,https://bluefors.com/,https://careers.bluefors.com/jobs,Account Associate,https://careers.bluefors.com/jobs/8269204-account-associate,"Syracuse, NY, United States",Syracuse,NY,United States,Not specified,,,,Core Space,2026-09-15,2026-09-15,https://careers.bluefors.com/jobs,linked_page,4,success_after_fallback
2d6a54da39ee,2026-09-15,a3c0ab6694be,Bluefors Inc.,https://bluefors.com/,https://careers.bluefors.com/jobs,Packaging & Crating Technician I,https://careers.bluefors.com/jobs/8269063-packaging-crating-technician-i,"Syracuse, NY, United States",Syracuse,NY,United States,Not specified,,,,Core Space,2026-09-15,2026-09-15,https://careers.bluefors.com/jobs,linked_page,4,success_after_fallback
b135afe961df,2026-09-15,a3c0ab6694be,Bluefors Inc.,https://bluefors.com/,https://careers.bluefors.com/jobs,Manufacturing Associate (Second Shift),https://careers.bluefors.com/jobs/8250373-manufacturing-associate-second-shift,"Syracuse, NY, United States",Syracuse,NY,United States,Not specified,,,,Core Space,2026-09-15,2026-09-15,https://careers.bluefors.com/jobs,linked_page,4,success_after_fallback
64cb776284e0,2026-09-15,a3c0ab6694be,Bluefors Inc.,https://bluefors.com/,https://careers.bluefors.com/jobs,Operations and Supply Chain,https://careers.bluefors.com/jobs/8241888-strategic-buyer,"Syracuse, NY, United States",Syracuse,NY,United States,Not specified,,,,Core Space,2026-09-15,2026-09-15,https://careers.bluefors.com/jobs,linked_page,4,success_after_fallback
8acad2b94319,2026-09-15,a3c0ab6694be,Bluefors Inc.,https://bluefors.com/,https://careers.bluefors.com/jobs,Shipping Coordinator,https://careers.bluefors.com/jobs/8237875-shipping-coordinator,"Syracuse, NY, United States",Syracuse,NY,United States,Not specified,,,,Core Space,2026-09-15,2026-09-15,https://careers.bluefors.com/jobs,linked_page,4,success_after_fallback
30f6f44e3b72,2026-09-15,a3c0ab6694be,Bluefors Inc.,https://bluefors.com/,https://careers.bluefors.com/jobs,Technical Sales Manager,https://careers.bluefors.com/jobs/8231513-technical-sales-manager,"Syracuse, NY, United States",Syracuse,NY,United States,Not specified,,,,Core Space,2026-09-15,2026-09-15,https://careers.bluefors.com/jobs,linked_page,4,success_after_fallback
57a0dbfdc8e4,2026-09-15,a3c0ab6694be,Bluefors Inc.,https://bluefors.com/,https://careers.bluefors.com/jobs,Accounting Associate,https://careers.bluefors.com/jobs/8224975-accounting-associate,"Syracuse, NY, United States",Syracuse,NY,United States,Not specified,,,,Core Space,2026-09-15,2026-09-15,https://careers.bluefors.com/jobs,linked_page,4,success_after_fallback
54ff67f5275f,2026-09-15,a3c0ab6694be,Bluefors Inc.,https://bluefors.com/,https://careers.bluefors.com/jobs,Manufacturing Associate: BTA Assembler,https://careers.bluefors.com/jobs/8190303-manufacturing-associate-bta-assembler,"Syracuse, NY, United States",Syracuse,NY,United States,Not specified,,,,Core Space,2026-09-15,2026-09-15,https://careers.bluefors.com/jobs,linked_page,4,success_after_fallback
5bc16c4b4fe7,2026-09-15,a3c0ab6694be,Bluefors Inc.,https://bluefors.com/,https://careers.bluefors.com/jobs,Manufacturing Associate: Compressor Assembly,https://careers.bluefors.com/jobs/8190267-manufacturing-associate-compressor-assembly,"Syracuse, NY, United States",Syracuse,NY,United States,Not specified,,,,Core Space,2026-09-15,2026-09-15,https://careers.bluefors.com/jobs,linked_page,4,success_after_fallback
3c8f7f752242,2026-09-15,a3c0ab6694be,Bluefors Inc.,https://bluefors.com/,https://careers.bluefors.com/jobs,R&D and Engineering,https://careers.bluefors.com/jobs/8190250-toolmaker,"Syracuse, NY, United States",Syracuse,NY,United States,Not specified,,,,Core Space,2026-09-15,2026-09-15,https://careers.bluefors.com/jobs,linked_page,4,success_after_fallback
4fc21f16dc33,2026-09-15,a3c0ab6694be,Bluefors Inc.,https://bluefors.com/,https://careers.bluefors.com/jobs,Cryogenic R&D Engineer,https://careers.bluefors.com/jobs/8055772-cryogenic-r-d-engineer,"Syracuse, NY, United States",Syracuse,NY,United States,Not specified,,,,Core Space,2026-09-15,2026-09-15,https://careers.bluefors.com/jobs,linked_page,4,success_after_fallback
fd3748e6d18d,2026-09-15,49a10cfcff0c,AIP Publishing,https://publishing.aip.org/,https://job-boards.greenhouse.io/aippublishing,Sr Peer Review Specialist,https://job-boards.greenhouse.io/aippublishing/jobs/6166603004,"Remote - NY, NJ, CT, MD, VA, PA, MA, RI or Washington, DC",Remote - NY,NJ,United States,Remote,,,,Core Space,2026-09-15,2026-09-15,https://job-boards.greenhouse.io/aippublishing,known_careers_url,5,success
44b6c278841b,2026-09-15,49a10cfcff0c,AIP Publishing,https://publishing.aip.org/,https://job-boards.greenhouse.io/aippublishing,Cloud Infrastructure Engineer,https://job-boards.greenhouse.io/aippublishing/jobs/6144177004,"Remote - NY, NJ, CT, MD, VA, PA, MA, RI or Washington, DC",Remote - NY,NJ,United States,Remote,,,,Core Space,2026-09-15,2026-09-15,https://job-boards.greenhouse.io/aippublishing,known_careers_url,5,success
1a3ad1837653,2026-09-15,0c237be7f93d,Applied Visions,https://www.avi.com/,https://app.trinethire.com/companies/1321-the-applied-visions-companies-applied-visions-software-design-solutions/jobs,Electrical Engineer,https://app.trinethire.com/companies/1321-applied-visions-software-design-solutions/jobs/121839-electrical-engineer,"Clifton Park, NY, United States",Clifton Park,NY,United States,Not specified,,,,Aerospace,2026-09-15,2026-09-15,https://app.trinethire.com/companies/1321-the-applied-visions-companies-applied-visions-software-design-solutions/jobs,linked_page,4,success_after_fallback
cb371e86cd3d,2026-09-15,0c237be7f93d,Applied Visions,https://www.avi.com/,https://app.trinethire.com/companies/1321-the-applied-visions-companies-applied-visions-software-design-solutions/jobs,Director of Engineering,https://app.trinethire.com/companies/1321-applied-visions-software-design-solutions/jobs/118815-director-of-engineering,"Clifton Park, NY, United States",Clifton Park,NY,United States,Not specified,,,,Aerospace,2026-09-15,2026-09-15,https://app.trinethire.com/companies/1321-the-applied-visions-companies-applied-visions-software-design-solutions/jobs,linked_page,4,success_after_fallback
61417aaf893b,2026-09-15,0c237be7f93d,Applied Visions,https://www.avi.com/,https://app.trinethire.com/companies/1321-the-applied-visions-companies-applied-visions-software-design-solutions/jobs,Director of Product Management,https://app.trinethire.com/companies/1321-applied-visions-software-design-solutions/jobs/120485-director-of-product-management,"Clifton Park, NY, United States",Clifton Park,NY,United States,Not specified,,,,Aerospace,2026-09-15,2026-09-15,https://app.trinethire.com/companies/1321-the-applied-visions-companies-applied-visions-software-design-solutions/jobs,linked_page,4,success_after_fallback
0ac45e64ecd0,2026-09-15,0c237be7f93d,Applied Visions,https://www.avi.com/,https://app.trinethire.com/companies/1321-the-applied-visions-companies-applied-visions-software-design-solutions/jobs,Applied Visions Software Design Solutions,https://app.trinethire.com/companies/1321-applied-visions-software-design-solutions/jobs/120013-machinist-prototype-machining-3-month-contract,"Clifton Park, NY, United States",Clifton Park,NY,United States,Not specified,,,,Aerospace,2026-09-15,2026-09-15,https://app.trinethire.com/companies/1321-the-applied-visions-companies-applied-visions-software-design-solutions/jobs,linked_page,4,success_after_fallback
873a8c5d3c48,2026-09-15,405cf37b5e7d,Arkwin Industries,https://www.arkwin.com/,https://www.arkwin.com/job/senior-design-engineer-3,Senior Design Engineer,https://www.arkwin.com/job/senior-design-engineer-3,"Bethpage, NY",Bethpage,NY,United States,Not specified,,,,Space & Defense,2026-09-15,2026-09-15,https://www.arkwin.com/job/senior-design-engineer-3,linked_page,3,success_after_fallback
973ecca02f98,2026-09-15,405cf37b5e7d,Arkwin Industries,https://www.arkwin.com/,https://www.arkwin.com/job/quality-engineer-2,Quality Engineer,https://www.arkwin.com/job/quality-engineer-2,"Bethpage, NY",Bethpage,NY,United States,Not specified,,,,Space & Defense,2026-09-15,2026-09-15,https://www.arkwin.com/job/quality-engineer-2,linked_page,3,success_after_fallback
27443147dc30,2026-09-15,405cf37b5e7d,Arkwin Industries,https://www.arkwin.com/,https://www.arkwin.com/job/business-development-manager,Business Development Manager,https://www.arkwin.com/job/business-development-manager,"Bethpage, NY",Bethpage,NY,United States,Not specified,,,,Space & Defense,2026-09-15,2026-09-15,https://www.arkwin.com/job/business-development-manager,linked_page,3,success_after_fallback
f398e8e870ff,2026-09-15,405cf37b5e7d,Arkwin Industries,https://www.arkwin.com/,https://www.arkwin.com/job/business-unit-manager-4,Business Unit Manager,https://www.arkwin.com/job/business-unit-manager-4,"Bethpage, NY",Bethpage,NY,United States,Not specified,,,,Space & Defense,2026-09-15,2026-09-15,https://www.arkwin.com/job/business-unit-manager-4,linked_page,3,success_after_fallback
8dda5fe97d2c,2026-09-15,405cf37b5e7d,Arkwin Industries,https://www.arkwin.com/,https://www.arkwin.com/job/customer-account-manager-9,Customer Account Manager,https://www.arkwin.com/job/customer-account-manager-9,"Bethpage, NY",Bethpage,NY,United States,Not specified,,,,Space & Defense,2026-09-15,2026-09-15,https://www.arkwin.com/job/customer-account-manager-9,linked_page,3,success_after_fallback
b2b2914032be,2026-09-15,f7b8731a7e71,ASR International,https://www.asrintl.com/,https://asrinternationalcorp.applytojob.com/apply/jobs,Electronics Engineer Technician,https://asrinternationalcorp.applytojob.com/apply/jobs/details/CFSB99xiHD,"Missoula, MT",Missoula,MT,United States,Not specified,,,,Space & Defense,2026-09-15,2026-09-15,https://asrinternationalcorp.applytojob.com/apply/jobs,known_careers_url,4,success
83e5e7e90475,2026-09-15,f7b8731a7e71,ASR International,https://www.asrintl.com/,https://asrinternationalcorp.applytojob.com/apply/jobs,Mechanical Engineering Technician - Fabrication & Shop Support,https://asrinternationalcorp.applytojob.com/apply/jobs/details/hx94us72S5,"Missoula, MT",Missoula,MT,United States,Not specified,,,,Space & Defense,2026-09-15,2026-09-15,https://asrinternationalcorp.applytojob.com/apply/jobs,known_careers_url,4,success
7bdd4441d288,2026-09-15,f7b8731a7e71,ASR International,https://www.asrintl.com/,https://asrinternationalcorp.applytojob.com/apply/jobs,TPRB Construction Engineer – Dam Safety SME,https://asrinternationalcorp.applytojob.com/apply/jobs/details/vmXXU9eT1F,"Tierra Amarillia, NM",Tierra Amarillia,NM,United States,Not specified,,,,Space & Defense,2026-09-15,2026-09-15,https://asrinternationalcorp.applytojob.com/apply/jobs,known_careers_url,4,success
2d6f420a125c,2026-09-15,f7b8731a7e71,ASR International,https://www.asrintl.com/,https://asrinternationalcorp.applytojob.com/apply/jobs,Information Systems Analyst,https://asrinternationalcorp.applytojob.com/apply/jobs/details/DHQO7hotlQ,"Fort Worth, TX",Fort Worth,TX,United States,Not specified,,,,Space & Defense,2026-09-15,2026-09-15,https://asrinternationalcorp.applytojob.com/apply/jobs,known_careers_url,4,success
234058d2f490,2026-09-15,f7b8731a7e71,ASR International,https://www.asrintl.com/,https://asrinternationalcorp.applytojob.com/apply/jobs,Inventory Specialist,https://asrinternationalcorp.applytojob.com/apply/jobs/details/SE42q9itOE,"Minden, NV",Minden,NV,United States,Not specified,,,,Space & Defense,2026-09-15,2026-09-15,https://asrinternationalcorp.applytojob.com/apply/jobs,known_careers_url,4,success
d9d06315290c,2026-09-15,f7b8731a7e71,ASR International,https://www.asrintl.com/,https://asrinternationalcorp.applytojob.com/apply/jobs,Configuration Manager,https://asrinternationalcorp.applytojob.com/apply/jobs/details/8P5k3ffLoW,"MacDill AFB, FL",MacDill AFB,FL,United States,Not specified,,,,Space & Defense,2026-09-15,2026-09-15,https://asrinternationalcorp.applytojob.com/apply/jobs,known_careers_url,4,success
1607117b0a47,2026-09-15,f7b8731a7e71,ASR International,https://www.asrintl.com/,https://asrinternationalcorp.applytojob.com/apply/jobs,IT Asset Manager,https://asrinternationalcorp.applytojob.com/apply/jobs/details/VzwN3Vnbws,"MacDill AFB, FL",MacDill AFB,FL,United States,Not specified,,,,Space & Defense,2026-09-15,2026-09-15,https://asrinternationalcorp.applytojob.com/apply/jobs,known_careers_url,4,success
04099190582d,2026-09-15,f7b8731a7e71,ASR International,https://www.asrintl.com/,https://asrinternationalcorp.applytojob.com/apply/jobs,Senior Configuration Manager,https://asrinternationalcorp.applytojob.com/apply/jobs/details/R8fgQykTyg,"MacDill AFB, FL",MacDill AFB,FL,United States,Not specified,,,,Space & Defense,2026-09-15,2026-09-15,https://asrinternationalcorp.applytojob.com/apply/jobs,known_careers_url,4,success
42dea78c8362,2026-09-15,f7b8731a7e71,ASR International,https://www.asrintl.com/,https://asrinternationalcorp.applytojob.com/apply/jobs,Civil Engineer - Federal Project Puget Sound Area WA,https://asrinternationalcorp.applytojob.com/apply/jobs/details/4EwkxN1ubg,"Silverdale, WA",Silverdale,WA,United States,Not specified,,,,Space & Defense,2026-09-15,2026-09-15,https://asrinternationalcorp.applytojob.com/apply/jobs,known_careers_url,4,success
cf99b49e5351,2026-09-15,f7b8731a7e71,ASR International,https://www.asrintl.com/,https://asrinternationalcorp.applytojob.com/apply/jobs,Electrical Engineer - Federal Project Puget Sound WA,https://asrinternationalcorp.applytojob.com/apply/jobs/details/ZLuDtwfZhZ,"Silverdale, WA",Silverdale,WA,United States,Not specified,,,,Space & Defense,2026-09-15,2026-09-15,https://asrinternationalcorp.applytojob.com/apply/jobs,known_careers_url,4,success
2ae38099ec20,2026-09-15,f7b8731a7e71,ASR International,https://www.asrintl.com/,https://asrinternationalcorp.applytojob.com/apply/jobs,"Fire Protection Engineer - Federal Project, Puget Sound WA",https://asrinternationalcorp.applytojob.com/apply/jobs/details/AbPsOo11Oe,"Silverdale, WA",Silverdale,WA,United States,Not specified,,,,Space & Defense,2026-09-15,2026-09-15,https://asrinternationalcorp.applytojob.com/apply/jobs,known_careers_url,4,success
0d995961de96,2026-09-15,f7b8731a7e71,ASR International,https://www.asrintl.com/,https://asrinternationalcorp.applytojob.com/apply/jobs,"Geotechnical Engineer - Federal Project, Puget Sound Area WA",https://asrinternationalcorp.applytojob.com/apply/jobs/details/iyeZrOpeMV,"Silverdale, WA",Silverdale,WA,United States,Not specified,,,,Space & Defense,2026-09-15,2026-09-15,https://asrinternationalcorp.applytojob.com/apply/jobs,known_careers_url,4,success
e7579b5a575e,2026-09-15,f7b8731a7e71,ASR International,https://www.asrintl.com/,https://asrinternationalcorp.applytojob.com/apply/jobs,Interior Designer,https://asrinternationalcorp.applytojob.com/apply/jobs/details/U8rduUxF8h,"Silverdale, WA",Silverdale,WA,United States,Not specified,,,,Space & Defense,2026-09-15,2026-09-15,https://asrinternationalcorp.applytojob.com/apply/jobs,known_careers_url,4,success
3d39b6753765,2026-09-15,f7b8731a7e71,ASR International,https://www.asrintl.com/,https://asrinternationalcorp.applytojob.com/apply/jobs,Mechanical Engineer,https://asrinternationalcorp.applytojob.com/apply/jobs/details/uzScG4So4o,"Silverdale, WA",Silverdale,WA,United States,Not specified,,,,Space & Defense,2026-09-15,2026-09-15,https://asrinternationalcorp.applytojob.com/apply/jobs,known_careers_url,4,success
16f02b522c48,2026-09-15,f7b8731a7e71,ASR International,https://www.asrintl.com/,https://asrinternationalcorp.applytojob.com/apply/jobs,Program / Data Analyst,https://asrinternationalcorp.applytojob.com/apply/jobs/details/kJ6JG8cPbt,"Silverdale, WA",Silverdale,WA,United States,Not specified,,,,Space & Defense,2026-09-15,2026-09-15,https://asrinternationalcorp.applytojob.com/apply/jobs,known_careers_url,4,success
025d5c4b4032,2026-09-15,f7b8731a7e71,ASR International,https://www.asrintl.com/,https://asrinternationalcorp.applytojob.com/apply/jobs,Structural Engineer,https://asrinternationalcorp.applytojob.com/apply/jobs/details/Sg497yjGBO,"Silverdale, WA",Silverdale,WA,United States,Not specified,,,,Space & Defense,2026-09-15,2026-09-15,https://asrinternationalcorp.applytojob.com/apply/jobs,known_careers_url,4,success
1af5e2dd5580,2026-09-15,f7b8731a7e71,ASR International,https://www.asrintl.com/,https://asrinternationalcorp.applytojob.com/apply/jobs,Warehouse Associate,https://asrinternationalcorp.applytojob.com/apply/jobs/details/Sz0qmFohHe,"Minden, NV",Minden,NV,United States,Not specified,,,,Space & Defense,2026-09-15,2026-09-15,https://asrinternationalcorp.applytojob.com/apply/jobs,known_careers_url,4,success
478cb95642ea,2026-09-15,f7b8731a7e71,ASR International,https://www.asrintl.com/,https://asrinternationalcorp.applytojob.com/apply/jobs,Human Resources Specialist,https://asrinternationalcorp.applytojob.com/apply/jobs/details/pGDEb7m4z4,"Hauppauge, NY",Hauppauge,NY,United States,Not specified,,,,Space & Defense,2026-09-15,2026-09-15,https://asrinternationalcorp.applytojob.com/apply/jobs,known_careers_url,4,success
918dc8cfd88d,2026-09-15,f7b8731a7e71,ASR International,https://www.asrintl.com/,https://asrinternationalcorp.applytojob.com/apply/jobs,Recruiter (Government Contracting),https://asrinternationalcorp.applytojob.com/apply/jobs/details/nnRyvfnb08,"Hauppauge, NY",Hauppauge,NY,United States,Not specified,,,,Space & Defense,2026-09-15,2026-09-15,https://asrinternationalcorp.applytojob.com/apply/jobs,known_careers_url,4,success
c92c38fcccb8,2026-09-15,f7b8731a7e71,ASR International,https://www.asrintl.com/,https://asrinternationalcorp.applytojob.com/apply/jobs,"ADMINSTRATIVE ASSISTANT - ASR Corporate Office, Hauppauge, New York",https://asrinternationalcorp.applytojob.com/apply/jobs/details/oSYUcKaGm7,"Haupppauge, NY",Haupppauge,NY,United States,Not specified,,,,Space & Defense,2026-09-15,2026-09-15,https://asrinternationalcorp.applytojob.com/apply/jobs,known_careers_url,4,success
b3dd33f23140,2026-09-15,f7b8731a7e71,ASR International,https://www.asrintl.com/,https://asrinternationalcorp.applytojob.com/apply/jobs,Warehouse Operations Support,https://asrinternationalcorp.applytojob.com/apply/jobs/details/r9UREC7YrW,"Port Hueneme, CA",Port Hueneme,CA,United States,Not specified,,,,Space & Defense,2026-09-15,2026-09-15,https://asrinternationalcorp.applytojob.com/apply/jobs,known_careers_url,4,success
49504576d24b,2026-09-15,f7b8731a7e71,ASR International,https://www.asrintl.com/,https://asrinternationalcorp.applytojob.com/apply/jobs,Systems Administrator,https://asrinternationalcorp.applytojob.com/apply/jobs/details/wskJdxMVm3,"Philadelphia, PA",Philadelphia,PA,United States,Not specified,,,,Space & Defense,2026-09-15,2026-09-15,https://asrinternationalcorp.applytojob.com/apply/jobs,known_careers_url,4,success
a6b87e15bfc2,2026-09-15,f7b8731a7e71,ASR International,https://www.asrintl.com/,https://asrinternationalcorp.applytojob.com/apply/jobs,Engineering Technical/Proposal Writer - Entry Level,https://asrinternationalcorp.applytojob.com/apply/jobs/details/XBSGZgZv0y,"Hauppauge, NY",Hauppauge,NY,United States,Not specified,,,,Space & Defense,2026-09-15,2026-09-15,https://asrinternationalcorp.applytojob.com/apply/jobs,known_careers_url,4,success
2ff1f9a5aef7,2026-09-15,f7b8731a7e71,ASR International,https://www.asrintl.com/,https://asrinternationalcorp.applytojob.com/apply/jobs,Jr. IT Specialist,https://asrinternationalcorp.applytojob.com/apply/jobs/details/04COKdK6VU,"Hauppauge, NY",Hauppauge,NY,United States,Not specified,,,,Space & Defense,2026-09-15,2026-09-15,https://asrinternationalcorp.applytojob.com/apply/jobs,known_careers_url,4,success
35405d1364a6,2026-09-15,f7b8731a7e71,ASR International,https://www.asrintl.com/,https://asrinternationalcorp.applytojob.com/apply/jobs,Jr. Contract Analyst/Admin,https://asrinternationalcorp.applytojob.com/apply/jobs/details/xgnxrAysaC,"Hauppauge, NY",Hauppauge,NY,United States,Not specified,,,,Space & Defense,2026-09-15,2026-09-15,https://asrinternationalcorp.applytojob.com/apply/jobs,known_careers_url,4,success
c5a1b86385bc,2026-09-15,f7b8731a7e71,ASR International,https://www.asrintl.com/,https://asrinternationalcorp.applytojob.com/apply/jobs,Construction Management Support/Field Engineer,https://asrinternationalcorp.applytojob.com/apply/jobs/details/GnwewXo9mw,"Bremerton, WA",Bremerton,WA,United States,Not specified,,,,Space & Defense,2026-09-15,2026-09-15,https://asrinternationalcorp.applytojob.com/apply/jobs,known_careers_url,4,success
061c23000c12,2026-09-15,f7b8731a7e71,ASR International,https://www.asrintl.com/,https://asrinternationalcorp.applytojob.com/apply/jobs,Project Field Engineer,https://asrinternationalcorp.applytojob.com/apply/jobs/details/ykZ3eXeJqr,"Bremerton, WA",Bremerton,WA,United States,Not specified,,,,Space & Defense,2026-09-15,2026-09-15,https://asrinternationalcorp.applytojob.com/apply/jobs,known_careers_url,4,success
e0ea4168ace7,2026-09-15,f7b8731a7e71,ASR International,https://www.asrintl.com/,https://asrinternationalcorp.applytojob.com/apply/jobs,Construction Inspector/Engineering Technician,https://asrinternationalcorp.applytojob.com/apply/jobs/details/ZszfKDngfY,"Pensacola, FL",Pensacola,FL,United States,Not specified,,,,Space & Defense,2026-09-15,2026-09-15,https://asrinternationalcorp.applytojob.com/apply/jobs,known_careers_url,4,success
e9ed9835b461,2026-09-15,f7b8731a7e71,ASR International,https://www.asrintl.com/,https://asrinternationalcorp.applytojob.com/apply/jobs,Pricing/Cost Analyst - Labor (ENTRY Level),https://asrinternationalcorp.applytojob.com/apply/jobs/details/zR8MbQsjSp,"Hauppauge, NY",Hauppauge,NY,United States,Not specified,,,,Space & Defense,2026-09-15,2026-09-15,https://asrinternationalcorp.applytojob.com/apply/jobs,known_careers_url,4,success
5759892d4a1e,2026-09-15,b00ce903c871,Boeing,https://www.boeing.com/resources/boeingdotcom/government-operations/state_cards/Card_NY.pdf,https://jobs.boeing.com/cybersecurity-careers,Cybersecurity - Information System Security Manager (ISSM),https://jobs.boeing.com/job/fairfax/cybersecurity-information-system-security-manager-issm/185/100137880288,"Fairfax, Virginia, United States",Fairfax,VA,United States,Not specified,,,,Aerospace,2026-09-15,2026-09-15,https://jobs.boeing.com/cybersecurity-careers,linked_page,4,success_after_fallback
6299af27a7e3,2026-09-15,b00ce903c871,Boeing,https://www.boeing.com/resources/boeingdotcom/government-operations/state_cards/Card_NY.pdf,https://jobs.boeing.com/cybersecurity-careers,Cybersecurity - Information System Security Manager (ISSM),https://jobs.boeing.com/job/herndon/cybersecurity-information-system-security-manager-issm/185/100123342864,"Herndon, Virginia, United States",Herndon,VA,United States,Not specified,,,,Aerospace,2026-09-15,2026-09-15,https://jobs.boeing.com/cybersecurity-careers,linked_page,4,success_after_fallback
2df6ee6d5226,2026-09-15,b00ce903c871,Boeing,https://www.boeing.com/resources/boeingdotcom/government-operations/state_cards/Card_NY.pdf,https://jobs.boeing.com/cybersecurity-careers,Cybersecurity – Information System Security Manager (ISSM),https://jobs.boeing.com/job/seal-beach/cybersecurity-information-system-security-manager-issm/185/100457139776,"Seal Beach, California, United States",Seal Beach,CA,United States,Not specified,,,,Aerospace,2026-09-15,2026-09-15,https://jobs.boeing.com/cybersecurity-careers,linked_page,4,success_after_fallback
1896eb4035f7,2026-09-15,b00ce903c871,Boeing,https://www.boeing.com/resources/boeingdotcom/government-operations/state_cards/Card_NY.pdf,https://jobs.boeing.com/cybersecurity-careers,Mid-Level Application Security Analyst,https://jobs.boeing.com/job/wichita/mid-level-application-security-analyst/185/100194672768,"Wichita, Kansas, United States",Wichita,KS,United States,Not specified,,,,Aerospace,2026-09-15,2026-09-15,https://jobs.boeing.com/cybersecurity-careers,linked_page,4,success_after_fallback
0ae620d55d00,2026-09-15,b00ce903c871,Boeing,https://www.boeing.com/resources/boeingdotcom/government-operations/state_cards/Card_NY.pdf,https://jobs.boeing.com/data-science-and-analytics-careers,Associate Engineering Data Scientist,https://jobs.boeing.com/job/hazelwood/associate-engineering-data-scientist/185/100634972128,"Hazelwood, Missouri, United States",Hazelwood,MO,United States,Not specified,,,,Aerospace,2026-09-15,2026-09-15,https://jobs.boeing.com/data-science-and-analytics-careers,linked_page,4,success_after_fallback
4682319f3ea6,2026-09-15,b00ce903c871,Boeing,https://www.boeing.com/resources/boeingdotcom/government-operations/state_cards/Card_NY.pdf,https://jobs.boeing.com/data-science-and-analytics-careers,Cost Estimating Manager – Millennium Space Systems,https://jobs.boeing.com/job/el-segundo/cost-estimating-manager-millennium-space-systems/185/100399986064,"El Segundo, California, United States; and other locations",El Segundo,CA,United States,Not specified,,,,Aerospace,2026-09-15,2026-09-15,https://jobs.boeing.com/data-science-and-analytics-careers,linked_page,4,success_after_fallback
7060f819be89,2026-09-15,b00ce903c871,Boeing,https://www.boeing.com/resources/boeingdotcom/government-operations/state_cards/Card_NY.pdf,https://jobs.boeing.com/data-science-and-analytics-careers,Data Platform & Analytics Manager – Millennium Space Systems,https://jobs.boeing.com/job/el-segundo/data-platform-and-analytics-manager-millennium-space-systems/185/100149251536,"El Segundo, California, United States; and other locations",El Segundo,CA,United States,Not specified,,,,Aerospace,2026-09-15,2026-09-15,https://jobs.boeing.com/data-science-and-analytics-careers,linked_page,4,success_after_fallback
7a00670d2cb5,2026-09-15,b00ce903c871,Boeing,https://www.boeing.com/resources/boeingdotcom/government-operations/state_cards/Card_NY.pdf,https://jobs.boeing.com/data-science-and-analytics-careers,Production Engineering Graduate,https://jobs.boeing.com/job/wellcamp/production-engineering-graduate/185/100605057792,"Wellcamp, Australia",Wellcamp,,Australia,Not specified,,,,Aerospace,2026-09-15,2026-09-15,https://jobs.boeing.com/data-science-and-analytics-careers,linked_page,4,success_after_fallback
96a1bd9ffbc7,2026-09-15,b00ce903c871,Boeing,https://www.boeing.com/resources/boeingdotcom/government-operations/state_cards/Card_NY.pdf,https://jobs.boeing.com/information-technology-careers,IT Manager - Business Systems Applications,https://jobs.boeing.com/job/wichita/it-manager-business-systems-applications/185/100654065888,"Wichita, Kansas, United States",Wichita,KS,United States,Not specified,,,,Aerospace,2026-09-15,2026-09-15,https://jobs.boeing.com/information-technology-careers,linked_page,4,success_after_fallback
d94aaf483609,2026-09-15,b00ce903c871,Boeing,https://www.boeing.com/resources/boeingdotcom/government-operations/state_cards/Card_NY.pdf,https://jobs.boeing.com/information-technology-careers,Lead Programmer Analyst,https://jobs.boeing.com/job/hazelwood/lead-programmer-analyst/185/100634972160,"Hazelwood, Missouri, United States",Hazelwood,MO,United States,Not specified,,,,Aerospace,2026-09-15,2026-09-15,https://jobs.boeing.com/information-technology-careers,linked_page,4,success_after_fallback
b023363af523,2026-09-15,b00ce903c871,Boeing,https://www.boeing.com/resources/boeingdotcom/government-operations/state_cards/Card_NY.pdf,https://jobs.boeing.com/information-technology-careers,Senior Network Engineer – Millennium Space Systems,https://jobs.boeing.com/job/el-segundo/senior-network-engineer-millennium-space-systems/185/100629634336,"El Segundo, California, United States; and other locations",El Segundo,CA,United States,Not specified,,,,Aerospace,2026-09-15,2026-09-15,https://jobs.boeing.com/information-technology-careers,linked_page,4,success_after_fallback
0c61085d21cc,2026-09-15,b00ce903c871,Boeing,https://www.boeing.com/resources/boeingdotcom/government-operations/state_cards/Card_NY.pdf,https://jobs.boeing.com/information-technology-careers,Spirit Defense - Senior Information Assurance Specialist,https://jobs.boeing.com/job/wichita/spirit-defense-senior-information-assurance-specialist/185/94703514592,"Wichita, Kansas, United States",Wichita,KS,United States,Not specified,,,,Aerospace,2026-09-15,2026-09-15,https://jobs.boeing.com/information-technology-careers,linked_page,4,success_after_fallback
545aa77f566b,2026-09-15,b00ce903c871,Boeing,https://www.boeing.com/resources/boeingdotcom/government-operations/state_cards/Card_NY.pdf,https://jobs.boeing.com/electronic-and-electrical-engineering-careers,Senior/Expert Electromagnetic Compatibility Engineer/Scientist,https://jobs.boeing.com/job/el-segundo/senior-expert-electromagnetic-compatibility-engineer-scientist/185/93767201824,"El Segundo, California, United States; and other locations",El Segundo,CA,United States,Not specified,,,,Aerospace,2026-09-15,2026-09-15,https://jobs.boeing.com/electronic-and-electrical-engineering-careers,linked_page,4,success_after_fallback
0bff2a945cf1,2026-09-15,b00ce903c871,Boeing,https://www.boeing.com/resources/boeingdotcom/government-operations/state_cards/Card_NY.pdf,https://jobs.boeing.com/electronic-and-electrical-engineering-careers,Entry-level Digital Electronics Circuit & Unit Hardware Design Engineer,https://jobs.boeing.com/job/el-segundo/entry-level-digital-electronics-circuit-and-unit-hardware-design-engineer/185/100634963920,"El Segundo, California, United States; and other locations",El Segundo,CA,United States,Not specified,,,,Aerospace,2026-09-15,2026-09-15,https://jobs.boeing.com/electronic-and-electrical-engineering-careers,linked_page,4,success_after_fallback
ffecc8b08d76,2026-09-15,b00ce903c871,Boeing,https://www.boeing.com/resources/boeingdotcom/government-operations/state_cards/Card_NY.pdf,https://jobs.boeing.com/electronic-and-electrical-engineering-careers,Lead Electro-Optical/Infrared Signature Analyst Engineer,https://jobs.boeing.com/job/berkeley/lead-electro-optical-infrared-signature-analyst-engineer/185/97848011136,"Berkeley, Missouri, United States",Berkeley,MO,United States,Not specified,,,,Aerospace,2026-09-15,2026-09-15,https://jobs.boeing.com/electronic-and-electrical-engineering-careers,linked_page,4,success_after_fallback
0d258ce0ea35,2026-09-15,b00ce903c871,Boeing,https://www.boeing.com/resources/boeingdotcom/government-operations/state_cards/Card_NY.pdf,https://jobs.boeing.com/electronic-and-electrical-engineering-careers,Low Observable (LO) Design and Integration Engineer (Mid-Level or Senior),https://jobs.boeing.com/job/berkeley/low-observable-lo-design-and-integration-engineer-mid-level-or-senior/185/97104541904,"Berkeley, Missouri, United States",Berkeley,MO,United States,Not specified,,,,Aerospace,2026-09-15,2026-09-15,https://jobs.boeing.com/electronic-and-electrical-engineering-careers,linked_page,4,success_after_fallback
6ae37bc106fd,2026-09-15,b00ce903c871,Boeing,https://www.boeing.com/resources/boeingdotcom/government-operations/state_cards/Card_NY.pdf,https://jobs.boeing.com/flight-engineering-careers,Entry Level Command and Data Handling Network Engineer (Autonomous Navigation Systems),https://jobs.boeing.com/job/el-segundo/entry-level-command-and-data-handling-network-engineer-autonomous-navigation-systems/185/100501047968,"El Segundo, California, United States; and other locations",El Segundo,CA,United States,Not specified,,,,Aerospace,2026-09-15,2026-09-15,https://jobs.boeing.com/flight-engineering-careers,linked_page,4,success_after_fallback
c29b21c88b76,2026-09-15,b00ce903c871,Boeing,https://www.boeing.com/resources/boeingdotcom/government-operations/state_cards/Card_NY.pdf,https://jobs.boeing.com/flight-engineering-careers,Global Engagement Specialist,https://jobs.boeing.com/job/seoul/global-engagement-specialist/185/95377314512,"Seoul, South Korea",Seoul,,South Korea,Not specified,,,,Aerospace,2026-09-15,2026-09-15,https://jobs.boeing.com/flight-engineering-careers,linked_page,4,success_after_fallback
2c5509059ed3,2026-09-15,b00ce903c871,Boeing,https://www.boeing.com/resources/boeingdotcom/government-operations/state_cards/Card_NY.pdf,https://jobs.boeing.com/flight-engineering-careers,Experienced Weights and Mass Properties Engineer,https://jobs.boeing.com/job/hazelwood/experienced-weights-and-mass-properties-engineer/185/98715664480,"Hazelwood, Missouri, United States; and other locations",Hazelwood,MO,United States,Not specified,,,,Aerospace,2026-09-15,2026-09-15,https://jobs.boeing.com/flight-engineering-careers,linked_page,4,success_after_fallback
599cb0a2f42a,2026-09-15,b00ce903c871,Boeing,https://www.boeing.com/resources/boeingdotcom/government-operations/state_cards/Card_NY.pdf,https://jobs.boeing.com/flight-engineering-careers,Guidance Navigation & Control Engineer (Experienced or Senior),https://jobs.boeing.com/job/hazelwood/guidance-navigation-and-control-engineer-experienced-or-senior/185/97918147248,"Hazelwood, Missouri, United States; and other locations",Hazelwood,MO,United States,Not specified,,,,Aerospace,2026-09-15,2026-09-15,https://jobs.boeing.com/flight-engineering-careers,linked_page,4,success_after_fallback
5f40cc9981d5,2026-09-15,b00ce903c871,Boeing,https://www.boeing.com/resources/boeingdotcom/government-operations/state_cards/Card_NY.pdf,https://jobs.boeing.com/industrial-engineering-careers,MQ-25 Experienced Industrial Engineer,https://jobs.boeing.com/job/mascoutah/mq-25-experienced-industrial-engineer/185/100639943136,"Mascoutah, Illinois, United States",Mascoutah,IL,United States,Not specified,,,,Aerospace,2026-09-15,2026-09-15,https://jobs.boeing.com/industrial-engineering-careers,linked_page,4,success_after_fallback
c2ca50aa7981,2026-09-15,b00ce903c871,Boeing,https://www.boeing.com/resources/boeingdotcom/government-operations/state_cards/Card_NY.pdf,https://jobs.boeing.com/industrial-engineering-careers,Spirit Defense - Associate Industrial Engineer,https://jobs.boeing.com/job/wichita/spirit-defense-associate-industrial-engineer/185/100635332048,"Wichita, Kansas, United States",Wichita,KS,United States,Not specified,,,,Aerospace,2026-09-15,2026-09-15,https://jobs.boeing.com/industrial-engineering-careers,linked_page,4,success_after_fallback
d58ac0ca5851,2026-09-15,b00ce903c871,Boeing,https://www.boeing.com/resources/boeingdotcom/government-operations/state_cards/Card_NY.pdf,https://jobs.boeing.com/industrial-engineering-careers,777x Industrial Engineer (Experienced or Senior),https://jobs.boeing.com/job/berkeley/777x-industrial-engineer-experienced-or-senior/185/95022093360,"Berkeley, Missouri, United States",Berkeley,MO,United States,Not specified,,,,Aerospace,2026-09-15,2026-09-15,https://jobs.boeing.com/industrial-engineering-careers,linked_page,4,success_after_fallback
95f819ee19c0,2026-09-15,b00ce903c871,Boeing,https://www.boeing.com/resources/boeingdotcom/government-operations/state_cards/Card_NY.pdf,https://jobs.boeing.com/industrial-engineering-careers,Spirit Defense - Associate Industrial Engineer,https://jobs.boeing.com/job/wichita/spirit-defense-associate-industrial-engineer/185/95087216160,"Wichita, Kansas, United States",Wichita,KS,United States,Not specified,,,,Aerospace,2026-09-15,2026-09-15,https://jobs.boeing.com/industrial-engineering-careers,linked_page,4,success_after_fallback
d821424e594b,2026-09-15,b00ce903c871,Boeing,https://www.boeing.com/resources/boeingdotcom/government-operations/state_cards/Card_NY.pdf,https://jobs.boeing.com/test-engineering-careers,"Laser/Optics/Mechanical Lab Technician (Associate, Mid-Level or Senior)",https://jobs.boeing.com/job/kirtland-kirtland-air-force-base-auxiliary-field/laser-optics-mechanical-lab-technician-associate-mid-level-or-senior/185/97145689536,"Bohemia, NY, United States",Bohemia,NY,United States,Not specified,,,,Aerospace,2026-09-15,2026-09-15,https://jobs.boeing.com/test-engineering-careers,linked_page,4,success_after_fallback
e11eab69d65c,2026-09-15,b00ce903c871,Boeing,https://www.boeing.com/resources/boeingdotcom/government-operations/state_cards/Card_NY.pdf,https://jobs.boeing.com/test-engineering-careers,Experienced Test & Evaluation Engineer (Test Instrumentation),https://jobs.boeing.com/job/ridley-park/experienced-test-and-evaluation-engineer-test-instrumentation/185/100629634304,"Ridley Park, Pennsylvania, United States",Ridley Park,PA,United States,Not specified,,,,Aerospace,2026-09-15,2026-09-15,https://jobs.boeing.com/test-engineering-careers,linked_page,4,success_after_fallback
92fa39889e17,2026-09-15,b00ce903c871,Boeing,https://www.boeing.com/resources/boeingdotcom/government-operations/state_cards/Card_NY.pdf,https://jobs.boeing.com/test-engineering-careers,Structures Test & Evaluation Instrumentation Engineer (Experienced or Senior),https://jobs.boeing.com/job/berkeley/structures-test-and-evaluation-instrumentation-engineer-experienced-or-senior/185/97528237376,"Berkeley, Missouri, United States",Berkeley,MO,United States,Not specified,,,,Aerospace,2026-09-15,2026-09-15,https://jobs.boeing.com/test-engineering-careers,linked_page,4,success_after_fallback
68529675c128,2026-09-15,b00ce903c871,Boeing,https://www.boeing.com/resources/boeingdotcom/government-operations/state_cards/Card_NY.pdf,https://jobs.boeing.com/test-engineering-careers,Test & Evaluation Engineer (Associate or Experienced) (2nd Shift),https://jobs.boeing.com/job/smithfield/test-and-evaluation-engineer-associate-or-experienced-2nd-shift/185/95906236720,"Smithfield, Pennsylvania, United States; and other locations",Smithfield,PA,United States,Not specified,,,,Aerospace,2026-09-15,2026-09-15,https://jobs.boeing.com/test-engineering-careers,linked_page,4,success_after_fallback
968f00799f05,2026-09-15,2cdfe8725858,Bren-Tronics,https://www.bren-tronics.com/,https://jobs.enersys.com/search?q=&q2=&alertId=&locationsearch=&title=&date=&location=commack,Planning Specialist,https://jobs.enersys.com/job/Commack-Planning-Specialist-NY-11725/1396086333,"Commack, NY, United States",Commack,NY,United States,Not specified,,,,Aerospace,2026-09-15,2026-09-15,https://jobs.enersys.com/search?q=&q2=&alertId=&locationsearch=&title=&date=&location=commack,known_careers_url,4,success
08cd4b9badfa,2026-09-15,2cdfe8725858,Bren-Tronics,https://www.bren-tronics.com/,https://jobs.enersys.com/search?q=&q2=&alertId=&locationsearch=&title=&date=&location=commack,Test Technician III,https://jobs.enersys.com/job/Commack-Test-Technician-III-NY-11725/1394556633,"Commack, NY, United States",Commack,NY,United States,Not specified,,,,Aerospace,2026-09-15,2026-09-15,https://jobs.enersys.com/search?q=&q2=&alertId=&locationsearch=&title=&date=&location=commack,known_careers_url,4,success
1e3224182459,2026-09-15,2cdfe8725858,Bren-Tronics,https://www.bren-tronics.com/,https://jobs.enersys.com/search?q=&q2=&alertId=&locationsearch=&title=&date=&location=commack,Helpdesk Technician,https://jobs.enersys.com/job/Commack-Helpdesk-Technician-NY-11725/1414827333,"Commack, NY, United States",Commack,NY,United States,Not specified,,,,Aerospace,2026-09-15,2026-09-15,https://jobs.enersys.com/search?q=&q2=&alertId=&locationsearch=&title=&date=&location=commack,known_careers_url,4,success
e55e06af8ac9,2026-09-15,2cdfe8725858,Bren-Tronics,https://www.bren-tronics.com/,https://jobs.enersys.com/search?q=&q2=&alertId=&locationsearch=&title=&date=&location=commack,Mechanical Engineer,https://jobs.enersys.com/job/Commack-Mechanical-Engineer-NY-11725/1393814433,"Commack, NY, United States",Commack,NY,United States,Not specified,,,,Aerospace,2026-09-15,2026-09-15,https://jobs.enersys.com/search?q=&q2=&alertId=&locationsearch=&title=&date=&location=commack,known_careers_url,4,success
3121343f583c,2026-09-15,2cdfe8725858,Bren-Tronics,https://www.bren-tronics.com/,https://jobs.enersys.com/search?q=&q2=&alertId=&locationsearch=&title=&date=&location=commack,Lead Electrical Engineer I,https://jobs.enersys.com/job/Commack-Lead-Electrical-Engineer-I-NY-11725/1422342233,"Commack, NY, United States",Commack,NY,United States,Not specified,,,,Aerospace,2026-09-15,2026-09-15,https://jobs.enersys.com/search?q=&q2=&alertId=&locationsearch=&title=&date=&location=commack,known_careers_url,4,success
4f672e01b0b7,2026-09-15,2cdfe8725858,Bren-Tronics,https://www.bren-tronics.com/,https://jobs.enersys.com/search?q=&q2=&alertId=&locationsearch=&title=&date=&location=commack,Engineering Clerical Assistant,https://jobs.enersys.com/job/Commack-Engineering-Clerical-Assistant-NY-11725/1432669233,"Commack, NY, United States",Commack,NY,United States,Not specified,,,,Aerospace,2026-09-15,2026-09-15,https://jobs.enersys.com/search?q=&q2=&alertId=&locationsearch=&title=&date=&location=commack,known_careers_url,4,success
7fd68aab3611,2026-09-15,2cdfe8725858,Bren-Tronics,https://www.bren-tronics.com/,https://jobs.enersys.com/search?q=&q2=&alertId=&locationsearch=&title=&date=&location=commack,Senior Manufacturing Engineer,https://jobs.enersys.com/job/Commack-Senior-Manufacturing-Engineer-NY-11725/1410435333,"Commack, NY, United States",Commack,NY,United States,Not specified,,,,Aerospace,2026-09-15,2026-09-15,https://jobs.enersys.com/search?q=&q2=&alertId=&locationsearch=&title=&date=&location=commack,known_careers_url,4,success
6bbc9453e327,2026-09-15,2cdfe8725858,Bren-Tronics,https://www.bren-tronics.com/,https://jobs.enersys.com/search?q=&q2=&alertId=&locationsearch=&title=&date=&location=commack,Manufacturing Engineer,https://jobs.enersys.com/job/Commack-Manufacturing-Engineer-NY-11725/1380552333,"Commack, NY, United States",Commack,NY,United States,Not specified,,,,Aerospace,2026-09-15,2026-09-15,https://jobs.enersys.com/search?q=&q2=&alertId=&locationsearch=&title=&date=&location=commack,known_careers_url,4,success
befe9653a0f7,2026-09-15,2cdfe8725858,Bren-Tronics,https://www.bren-tronics.com/,https://jobs.enersys.com/search?q=&q2=&alertId=&locationsearch=&title=&date=&location=commack,Production Manager,https://jobs.enersys.com/job/Commack-Production-Manager-NY-11725/1368745033,"Commack, NY, United States",Commack,NY,United States,Not specified,,,,Aerospace,2026-09-15,2026-09-15,https://jobs.enersys.com/search?q=&q2=&alertId=&locationsearch=&title=&date=&location=commack,known_careers_url,4,success
869b65d5f22a,2026-09-15,2cdfe8725858,Bren-Tronics,https://www.bren-tronics.com/,https://jobs.enersys.com/search?q=&q2=&alertId=&locationsearch=&title=&date=&location=commack,Senior Mechanical Engineer,https://jobs.enersys.com/job/Commack-Senior-Mechanical-Engineer-NY-11725/1279712201,"Commack, NY, United States",Commack,NY,United States,Not specified,,,,Aerospace,2026-09-15,2026-09-15,https://jobs.enersys.com/search?q=&q2=&alertId=&locationsearch=&title=&date=&location=commack,known_careers_url,4,success
5480da740e51,2026-09-15,2cdfe8725858,Bren-Tronics,https://www.bren-tronics.com/,https://jobs.enersys.com/search?q=&q2=&alertId=&locationsearch=&title=&date=&location=commack,Senior Electrical Engineer,https://jobs.enersys.com/job/Commack-Senior-Electrical-Engineer-NY-11725/1279809301,"Commack, NY, United States",Commack,NY,United States,Not specified,,,,Aerospace,2026-09-15,2026-09-15,https://jobs.enersys.com/search?q=&q2=&alertId=&locationsearch=&title=&date=&location=commack,known_careers_url,4,success
fcd2dfb19a6c,2026-09-15,2cdfe8725858,Bren-Tronics,https://www.bren-tronics.com/,https://jobs.enersys.com/search?createNewAlert=false&q=&locationsearch=&optionsFacetsDD_department=,Sales Manager Defence Land EMEA (Remote position),https://jobs.enersys.com/job/Abingdon-Sales-Manager-Defence-Land-EMEA-%28Remote-position%29-ENG-OX14-3ED/1426856433,"Commack, NY, United States",Commack,NY,United States,Remote,,,,Aerospace,2026-09-15,2026-09-15,https://jobs.enersys.com/search?createNewAlert=false&q=&locationsearch=&optionsFacetsDD_department=,linked_page,4,success_after_fallback
6961245df0c4,2026-09-15,2cdfe8725858,Bren-Tronics,https://www.bren-tronics.com/,https://jobs.enersys.com/search?createNewAlert=false&q=&locationsearch=&optionsFacetsDD_department=,Plant 2 HSL Operator All Shifts,https://jobs.enersys.com/job/Springfield-Plant-2-HSL-Operator-All-Shifts-MO-65802/1427155333,"Commack, NY, United States",Commack,NY,United States,Not specified,,,,Aerospace,2026-09-15,2026-09-15,https://jobs.enersys.com/search?createNewAlert=false&q=&locationsearch=&optionsFacetsDD_department=,linked_page,4,success_after_fallback
b9df5a7c29cb,2026-09-15,2cdfe8725858,Bren-Tronics,https://www.bren-tronics.com/,https://jobs.enersys.com/search?createNewAlert=false&q=&locationsearch=&optionsFacetsDD_department=,Software Test Manager II,https://jobs.enersys.com/job/Burnaby-Software-Test-Manager-II-Brit-V5J-5M4/1386624833,"Commack, NY, United States",Commack,NY,United States,Not specified,,,,Aerospace,2026-09-15,2026-09-15,https://jobs.enersys.com/search?createNewAlert=false&q=&locationsearch=&optionsFacetsDD_department=,linked_page,4,success_after_fallback
400aafaa0ab9,2026-09-15,2cdfe8725858,Bren-Tronics,https://www.bren-tronics.com/,https://jobs.enersys.com/search?createNewAlert=false&q=&locationsearch=&optionsFacetsDD_department=,"Plant 1 Maintenance Team Lead, D Shift",https://jobs.enersys.com/job/Springfield-Plant-1-Maintenance-Team-Lead%2C-D-Shift-MO-65803/1437187933,"Commack, NY, United States",Commack,NY,United States,Not specified,,,,Aerospace,2026-09-15,2026-09-15,https://jobs.enersys.com/search?createNewAlert=false&q=&locationsearch=&optionsFacetsDD_department=,linked_page,4,success_after_fallback
d916a319372c,2026-09-15,2cdfe8725858,Bren-Tronics,https://www.bren-tronics.com/,https://jobs.enersys.com/search?createNewAlert=false&q=&locationsearch=&optionsFacetsDD_department=,Manufacturing Technician,https://jobs.enersys.com/job/Abingdon-Manufacturing-Technician-ENG-OX14-3ED/1437075633,"Commack, NY, United States",Commack,NY,United States,Not specified,,,,Aerospace,2026-09-15,2026-09-15,https://jobs.enersys.com/search?createNewAlert=false&q=&locationsearch=&optionsFacetsDD_department=,linked_page,4,success_after_fallback
29b402c12aa6,2026-09-15,2cdfe8725858,Bren-Tronics,https://www.bren-tronics.com/,https://jobs.enersys.com/search?createNewAlert=false&q=&locationsearch=&optionsFacetsDD_department=,Maintenance Manager,https://jobs.enersys.com/job/Sumter-Maintenance-Manager-SC-29154/1437237033,"Commack, NY, United States",Commack,NY,United States,Not specified,,,,Aerospace,2026-09-15,2026-09-15,https://jobs.enersys.com/search?createNewAlert=false&q=&locationsearch=&optionsFacetsDD_department=,linked_page,4,success_after_fallback
0ddd36d36fdb,2026-09-15,2cdfe8725858,Bren-Tronics,https://www.bren-tronics.com/,https://jobs.enersys.com/search?createNewAlert=false&q=&locationsearch=&optionsFacetsDD_department=,"Vice President, Operations - NIS Global",https://jobs.enersys.com/job/Reading-Vice-President%2C-Operations-NIS-Global-PA-19605/1437259533,"Commack, NY, United States",Commack,NY,United States,Not specified,,,,Aerospace,2026-09-15,2026-09-15,https://jobs.enersys.com/search?createNewAlert=false&q=&locationsearch=&optionsFacetsDD_department=,linked_page,4,success_after_fallback
10c53e199768,2026-09-15,2cdfe8725858,Bren-Tronics,https://www.bren-tronics.com/,https://jobs.enersys.com/search?createNewAlert=false&q=&locationsearch=&optionsFacetsDD_department=,Network Administrator,https://jobs.enersys.com/job/Springfield-Network-Administrator-MO-65802/1437265033,"Commack, NY, United States",Commack,NY,United States,Not specified,,,,Aerospace,2026-09-15,2026-09-15,https://jobs.enersys.com/search?createNewAlert=false&q=&locationsearch=&optionsFacetsDD_department=,linked_page,4,success_after_fallback
c0aeac277ebd,2026-09-15,2cdfe8725858,Bren-Tronics,https://www.bren-tronics.com/,https://jobs.enersys.com/search?createNewAlert=false&q=&locationsearch=&optionsFacetsDD_department=,Senior Manufacturing Technician,https://jobs.enersys.com/job/Abingdon-Senior-Manufacturing-Technician-ENG-OX14-3ED/1376429933,"Commack, NY, United States",Commack,NY,United States,Not specified,,,,Aerospace,2026-09-15,2026-09-15,https://jobs.enersys.com/search?createNewAlert=false&q=&locationsearch=&optionsFacetsDD_department=,linked_page,4,success_after_fallback
502bda0969e3,2026-09-15,2cdfe8725858,Bren-Tronics,https://www.bren-tronics.com/,https://jobs.enersys.com/search?createNewAlert=false&q=&locationsearch=&optionsFacetsDD_department=,Facilities Engineering Manager,https://jobs.enersys.com/job/Largo-Facilities-Engineering-Manager-FL-33777/1436851933,"Commack, NY, United States",Commack,NY,United States,Not specified,,,,Aerospace,2026-09-15,2026-09-15,https://jobs.enersys.com/search?createNewAlert=false&q=&locationsearch=&optionsFacetsDD_department=,linked_page,4,success_after_fallback
a3655de922c0,2026-09-15,2cdfe8725858,Bren-Tronics,https://www.bren-tronics.com/,https://jobs.enersys.com/search?createNewAlert=false&q=&locationsearch=&optionsFacetsDD_department=,People Operations Advisor,https://jobs.enersys.com/job/Newport-People-Operations-Advisor-Wale-NP19-4XJ/1395337333,"Commack, NY, United States",Commack,NY,United States,Not specified,,,,Aerospace,2026-09-15,2026-09-15,https://jobs.enersys.com/search?createNewAlert=false&q=&locationsearch=&optionsFacetsDD_department=,linked_page,4,success_after_fallback
47f4b3c14ee7,2026-09-15,2cdfe8725858,Bren-Tronics,https://www.bren-tronics.com/,https://jobs.enersys.com/search?createNewAlert=false&q=&locationsearch=&optionsFacetsDD_department=,Mechanical Engineer,https://jobs.enersys.com/job/Warrensburg-Mechanical-Engineer-MO-64093-9301/1406216533,"Commack, NY, United States",Commack,NY,United States,Not specified,,,,Aerospace,2026-09-15,2026-09-15,https://jobs.enersys.com/search?createNewAlert=false&q=&locationsearch=&optionsFacetsDD_department=,linked_page,4,success_after_fallback
2756c9bc9f3d,2026-09-15,2cdfe8725858,Bren-Tronics,https://www.bren-tronics.com/,https://jobs.enersys.com/search?createNewAlert=false&q=&locationsearch=&optionsFacetsDD_department=,Senior Technical Service Specialist,https://jobs.enersys.com/job/Anytown-Senior-Technical-Service-Specialist-MO-64120/1416416233,"Commack, NY, United States",Commack,NY,United States,Not specified,,,,Aerospace,2026-09-15,2026-09-15,https://jobs.enersys.com/search?createNewAlert=false&q=&locationsearch=&optionsFacetsDD_department=,linked_page,4,success_after_fallback
ab1c814f5825,2026-09-15,2cdfe8725858,Bren-Tronics,https://www.bren-tronics.com/,https://jobs.enersys.com/search?createNewAlert=false&q=&locationsearch=&optionsFacetsDD_department=,3rd Shift Shipping & Receiving Operator,https://jobs.enersys.com/job/Sumter-3rd-Shift-Shipping-&-Receiving-Operator-SC-29154/1436462833,"Commack, NY, United States",Commack,NY,United States,Not specified,,,,Aerospace,2026-09-15,2026-09-15,https://jobs.enersys.com/search?createNewAlert=false&q=&locationsearch=&optionsFacetsDD_department=,linked_page,4,success_after_fallback
da70b7b40d0d,2026-09-15,2cdfe8725858,Bren-Tronics,https://www.bren-tronics.com/,https://jobs.enersys.com/search?createNewAlert=false&q=&locationsearch=&optionsFacetsDD_department=,Payroll Systems Analyst (UKG Pro WFM),https://jobs.enersys.com/job/Reading-Payroll-Systems-Analyst-%28UKG-Pro-WFM%29-PA-19605/1426749133,"Commack, NY, United States",Commack,NY,United States,Not specified,,,,Aerospace,2026-09-15,2026-09-15,https://jobs.enersys.com/search?createNewAlert=false&q=&locationsearch=&optionsFacetsDD_department=,linked_page,4,success_after_fallback
2f892e6f7e60,2026-09-15,2cdfe8725858,Bren-Tronics,https://www.bren-tronics.com/,https://jobs.enersys.com/search?createNewAlert=false&q=&locationsearch=&optionsFacetsDD_department=,Power Electronics Engineer,https://jobs.enersys.com/job/Arras-Cedex-Power-Electronics-Engineer-62033/1385580333,"Commack, NY, United States",Commack,NY,United States,Not specified,,,,Aerospace,2026-09-15,2026-09-15,https://jobs.enersys.com/search?createNewAlert=false&q=&locationsearch=&optionsFacetsDD_department=,linked_page,4,success_after_fallback
760fbaf6b606,2026-09-15,2cdfe8725858,Bren-Tronics,https://www.bren-tronics.com/,https://jobs.enersys.com/search?createNewAlert=false&q=&locationsearch=&optionsFacetsDD_department=,Production Operator,https://jobs.enersys.com/job/Richmond-Production-Operator-KY-40475/1426348833,"Commack, NY, United States",Commack,NY,United States,Not specified,,,,Aerospace,2026-09-15,2026-09-15,https://jobs.enersys.com/search?createNewAlert=false&q=&locationsearch=&optionsFacetsDD_department=,linked_page,4,success_after_fallback
ca1761cda5f6,2026-09-15,2cdfe8725858,Bren-Tronics,https://www.bren-tronics.com/,https://jobs.enersys.com/search?createNewAlert=false&q=&locationsearch=&optionsFacetsDD_department=,Business Financial Analyst,https://jobs.enersys.com/job/Reading-Business-Financial-Analyst-PA-19605/1426244433,"Commack, NY, United States",Commack,NY,United States,Not specified,,,,Aerospace,2026-09-15,2026-09-15,https://jobs.enersys.com/search?createNewAlert=false&q=&locationsearch=&optionsFacetsDD_department=,linked_page,4,success_after_fallback
6bd32f18f89c,2026-09-15,2cdfe8725858,Bren-Tronics,https://www.bren-tronics.com/,https://jobs.enersys.com/search?createNewAlert=false&q=&locationsearch=&optionsFacetsDD_department=,Strategic Sourcing Manager Indirect CapEx,https://jobs.enersys.com/job/Reading-Strategic-Sourcing-Manager-Indirect-CapEx-PA-19605/1394535633,"Commack, NY, United States",Commack,NY,United States,Not specified,,,,Aerospace,2026-09-15,2026-09-15,https://jobs.enersys.com/search?createNewAlert=false&q=&locationsearch=&optionsFacetsDD_department=,linked_page,4,success_after_fallback
b7ab9f9e7dc8,2026-09-15,3602e1c8dcbc,C3AI,https://c3.ai/,https://job-boards.greenhouse.io/c3ascend,"Data Science - Intern (Summer 2027) Redwood City, CA",https://job-boards.greenhouse.io/c3ascend/jobs/8738917002,"Redwood City, CA",Redwood City,CA,United States,Not specified,,,,Space & Defense,2026-09-15,2026-09-15,https://job-boards.greenhouse.io/c3ascend,known_careers_url,5,success
baf50405c337,2026-09-15,3602e1c8dcbc,C3AI,https://c3.ai/,https://job-boards.greenhouse.io/c3ascend,"Software Engineer - Intern (Summer 2027) Redwood City, CA",https://job-boards.greenhouse.io/c3ascend/jobs/8739036002,"Redwood City, CA",Redwood City,CA,United States,Not specified,,,,Space & Defense,2026-09-15,2026-09-15,https://job-boards.greenhouse.io/c3ascend,known_careers_url,5,success
d67dbcf18a90,2026-09-15,234e92c8de3f,Calspan Business Park,https://calspan.com/,https://careers-calspan.icims.com/jobs/search,"Job Title Senior Engineer, Engine Test Structures",https://careers-calspan.icims.com/jobs/2648/senior-engineer%2c-engine-test-structures/job,"Buffalo, NY, United States",Buffalo,NY,United States,Not specified,,,,Aerospace,2026-09-15,2026-09-15,https://careers-calspan.icims.com/jobs/search,known_careers_url,5,success
935d93411aa9,2026-09-15,234e92c8de3f,Calspan Business Park,https://calspan.com/,https://careers-calspan.icims.com/jobs/search,Job Title High Speed AV/Photograph Technician,https://careers-calspan.icims.com/jobs/2649/high-speed-av-photograph-technician/job,"Buffalo, NY, United States",Buffalo,NY,United States,Not specified,,,,Aerospace,2026-09-15,2026-09-15,https://careers-calspan.icims.com/jobs/search,known_careers_url,5,success
748b1d93c203,2026-09-15,234e92c8de3f,Calspan Business Park,https://calspan.com/,https://careers-calspan.icims.com/jobs/search,Job Title Instrumentation Technician,https://careers-calspan.icims.com/jobs/2634/instrumentation-technician/job,"Buffalo, NY, United States",Buffalo,NY,United States,Not specified,,,,Aerospace,2026-09-15,2026-09-15,https://careers-calspan.icims.com/jobs/search,known_careers_url,5,success
8cdf91017e92,2026-09-15,234e92c8de3f,Calspan Business Park,https://calspan.com/,https://careers-calspan.icims.com/jobs/search,Job Title Principal Systems Software Engineer - Jet Engine Test Cells,https://careers-calspan.icims.com/jobs/2500/principal-systems-software-engineer---jet-engine-test-cells/job,"Buffalo, NY, United States",Buffalo,NY,United States,Not specified,,,,Aerospace,2026-09-15,2026-09-15,https://careers-calspan.icims.com/jobs/search,known_careers_url,5,success
3dcf9dea581e,2026-09-15,234e92c8de3f,Calspan Business Park,https://calspan.com/,https://careers-calspan.icims.com/jobs/search,Job Title Measurement Technician,https://careers-calspan.icims.com/jobs/2645/measurement-technician/job,"Buffalo, NY, United States",Buffalo,NY,United States,Not specified,,,,Aerospace,2026-09-15,2026-09-15,https://careers-calspan.icims.com/jobs/search,known_careers_url,5,success
b55142fd4f16,2026-09-15,234e92c8de3f,Calspan Business Park,https://calspan.com/,https://careers-calspan.icims.com/jobs/search,"Job Title Program Manager, Automotive Testing",https://careers-calspan.icims.com/jobs/2642/program-manager%2c-automotive-testing/job,"Buffalo, NY, United States",Buffalo,NY,United States,Not specified,,,,Aerospace,2026-09-15,2026-09-15,https://careers-calspan.icims.com/jobs/search,known_careers_url,5,success
5ed410882db2,2026-09-15,234e92c8de3f,Calspan Business Park,https://calspan.com/,https://careers-calspan.icims.com/jobs/search,Job Title Mechanical Engineer,https://careers-calspan.icims.com/jobs/2639/mechanical-engineer/job,"Buffalo, NY, United States",Buffalo,NY,United States,Not specified,,,,Aerospace,2026-09-15,2026-09-15,https://careers-calspan.icims.com/jobs/search,known_careers_url,5,success
783458b4282d,2026-09-15,234e92c8de3f,Calspan Business Park,https://calspan.com/,https://careers-calspan.icims.com/jobs/search,Job Title Automotive Service Manager,https://careers-calspan.icims.com/jobs/2640/automotive-service-manager/job,"Buffalo, NY, United States",Buffalo,NY,United States,On-site,,,,Aerospace,2026-09-15,2026-09-15,https://careers-calspan.icims.com/jobs/search,known_careers_url,5,success
d304ffdc4400,2026-09-15,234e92c8de3f,Calspan Business Park,https://calspan.com/,https://careers-calspan.icims.com/jobs/search,Job Title Field Service Technician,https://careers-calspan.icims.com/jobs/2641/field-service-technician/job,"Buffalo, NY, United States",Buffalo,NY,United States,Not specified,,,,Aerospace,2026-09-15,2026-09-15,https://careers-calspan.icims.com/jobs/search,known_careers_url,5,success
ad6536f31d73,2026-09-15,234e92c8de3f,Calspan Business Park,https://calspan.com/,https://careers-calspan.icims.com/jobs/search,"Job Title Director, Finance Systems & Business Processes",https://careers-calspan.icims.com/jobs/2632/director%2c-finance-systems-%26-business-processes/job,"Buffalo, NY, United States",Buffalo,NY,United States,Not specified,,,,Aerospace,2026-09-15,2026-09-15,https://careers-calspan.icims.com/jobs/search,known_careers_url,5,success
051b998a1f20,2026-09-15,234e92c8de3f,Calspan Business Park,https://calspan.com/,https://careers-calspan.icims.com/jobs/search,Job Title Facilities Technician,https://careers-calspan.icims.com/jobs/2637/facilities-technician/job,"Buffalo, NY, United States",Buffalo,NY,United States,Not specified,,,,Aerospace,2026-09-15,2026-09-15,https://careers-calspan.icims.com/jobs/search,known_careers_url,5,success
133abdb9a697,2026-09-15,234e92c8de3f,Calspan Business Park,https://calspan.com/,https://careers-calspan.icims.com/jobs/search,Job Title Senior Project Manager,https://careers-calspan.icims.com/jobs/2635/senior-project-manager/job,"Buffalo, NY, United States",Buffalo,NY,United States,Not specified,,,,Aerospace,2026-09-15,2026-09-15,https://careers-calspan.icims.com/jobs/search,known_careers_url,5,success
9661bf1f5929,2026-09-15,234e92c8de3f,Calspan Business Park,https://calspan.com/,https://careers-calspan.icims.com/jobs/search,Job Title Test Technician - TIRE,https://careers-calspan.icims.com/jobs/2604/test-technician---tire/job,"Buffalo, NY, United States",Buffalo,NY,United States,Not specified,,,,Aerospace,2026-09-15,2026-09-15,https://careers-calspan.icims.com/jobs/search,known_careers_url,5,success
0b0a1ff549c7,2026-09-15,234e92c8de3f,Calspan Business Park,https://calspan.com/,https://careers-calspan.icims.com/jobs/search,"Job Title Supervisor, Testing Operations",https://careers-calspan.icims.com/jobs/2606/supervisor%2c-testing-operations/job,"Buffalo, NY, United States",Buffalo,NY,United States,Not specified,,,,Aerospace,2026-09-15,2026-09-15,https://careers-calspan.icims.com/jobs/search,known_careers_url,5,success
00eef30a6ede,2026-09-15,234e92c8de3f,Calspan Business Park,https://calspan.com/,https://careers-calspan.icims.com/jobs/search,Job Title Technician,https://careers-calspan.icims.com/jobs/2631/technician/job,"Buffalo, NY, United States",Buffalo,NY,United States,Not specified,,,,Aerospace,2026-09-15,2026-09-15,https://careers-calspan.icims.com/jobs/search,known_careers_url,5,success
08b20a05908d,2026-09-15,234e92c8de3f,Calspan Business Park,https://calspan.com/,https://careers-calspan.icims.com/jobs/search,Job Title Engineering Technician,https://careers-calspan.icims.com/jobs/2630/engineering-technician/job,"Buffalo, NY, United States",Buffalo,NY,United States,Not specified,,,,Aerospace,2026-09-15,2026-09-15,https://careers-calspan.icims.com/jobs/search,known_careers_url,5,success
cac6c8059e0d,2026-09-15,234e92c8de3f,Calspan Business Park,https://calspan.com/,https://careers-calspan.icims.com/jobs/2648/senior-engineer%2C-engine-test-structures/job,Senior Engineer%2C Engine Test Structures,https://careers-calspan.icims.com/jobs/2648/senior-engineer%2C-engine-test-structures/job,"Buffalo, NY, United States",Buffalo,NY,United States,Not specified,,,,Aerospace,2026-09-15,2026-09-15,https://careers-calspan.icims.com/jobs/2648/senior-engineer%2C-engine-test-structures/job,ats_detected,5,success_after_fallback
bc20d8626255,2026-09-15,234e92c8de3f,Calspan Business Park,https://calspan.com/,https://careers-calspan.icims.com/jobs/2648/senior-engineer%2C-engine-test-structures/job,Senior Engineer%2C Engine Test Structures,https://careers-calspan.icims.com/jobs/2648/senior-engineer%2c-engine-test-structures/referral,"Buffalo, NY, United States",Buffalo,NY,United States,Not specified,,,,Aerospace,2026-09-15,2026-09-15,https://careers-calspan.icims.com/jobs/2648/senior-engineer%2C-engine-test-structures/job,ats_detected,5,success_after_fallback
b6db0573e49b,2026-09-15,234e92c8de3f,Calspan Business Park,https://calspan.com/,https://careers-calspan.icims.com/jobs/2649/high-speed-av-photograph-technician/job,High Speed Av Photograph Technician,https://careers-calspan.icims.com/jobs/2649/high-speed-av-photograph-technician/referral,"Buffalo, NY, United States",Buffalo,NY,United States,Not specified,,,,Aerospace,2026-09-15,2026-09-15,https://careers-calspan.icims.com/jobs/2649/high-speed-av-photograph-technician/job,ats_detected,5,success_after_fallback
6f75253c7836,2026-09-15,234e92c8de3f,Calspan Business Park,https://calspan.com/,https://careers-calspan.icims.com/jobs/2583/aircraft-mechanic/job,Aircraft Mechanic,https://careers-calspan.icims.com/jobs/2583/aircraft-mechanic/job,"Niagara Falls, NY, US",Niagara Falls,NY,United States,Not specified,,,Engineering,Aerospace,2026-09-15,2026-09-15,https://careers-calspan.icims.com/jobs/2583/aircraft-mechanic/job,ats_detected,4,success_after_fallback
5a9d7f3c6274,2026-09-15,234e92c8de3f,Calspan Business Park,https://calspan.com/,https://careers-calspan.icims.com/jobs/2634/instrumentation-technician/job,Instrumentation Technician,https://careers-calspan.icims.com/jobs/2634/instrumentation-technician/referral,"Buffalo, NY, United States",Buffalo,NY,United States,Not specified,,,,Aerospace,2026-09-15,2026-09-15,https://careers-calspan.icims.com/jobs/2634/instrumentation-technician/job,ats_detected,5,success_after_fallback
46bce008ddac,2026-09-15,234e92c8de3f,Calspan Business Park,https://calspan.com/,https://careers-calspan.icims.com/jobs/2500/principal-systems-software-engineer---jet-engine-test-cells/job,Principal Systems Software Engineer Jet Engine Test Cells,https://careers-calspan.icims.com/jobs/2500/principal-systems-software-engineer---jet-engine-test-cells/referral,"Buffalo, NY, United States",Buffalo,NY,United States,Not specified,,,,Aerospace,2026-09-15,2026-09-15,https://careers-calspan.icims.com/jobs/2500/principal-systems-software-engineer---jet-engine-test-cells/job,ats_detected,5,success_after_fallback
2e25484034f5,2026-09-15,234e92c8de3f,Calspan Business Park,https://calspan.com/,https://careers-calspan.icims.com/jobs/2644/senior-cnc-machinist/job,Senior CNC Machinist,https://careers-calspan.icims.com/jobs/2644/senior-cnc-machinist/job,"Buffalo, NY, US",Buffalo,NY,United States,Not specified,,,Machine Shop,Aerospace,2026-09-15,2026-09-15,https://careers-calspan.icims.com/jobs/2644/senior-cnc-machinist/job,ats_detected,4,success_after_fallback
1289ceec9bd2,2026-09-15,234e92c8de3f,Calspan Business Park,https://calspan.com/,https://careers-calspan.icims.com/jobs/2645/measurement-technician/job,Measurement Technician,https://careers-calspan.icims.com/jobs/2645/measurement-technician/referral,"Buffalo, NY, United States",Buffalo,NY,United States,Not specified,,,,Aerospace,2026-09-15,2026-09-15,https://careers-calspan.icims.com/jobs/2645/measurement-technician/job,ats_detected,5,success_after_fallback
e5863877bf47,2026-09-15,234e92c8de3f,Calspan Business Park,https://calspan.com/,https://careers-calspan.icims.com/jobs/2643/warehouse-materials-handler/job,Warehouse Materials Handler,https://careers-calspan.icims.com/jobs/2643/warehouse-materials-handler/job,"St. Paul, MN, US",St. Paul,MN,United States,Not specified,,,Operations,Aerospace,2026-09-15,2026-09-15,https://careers-calspan.icims.com/jobs/2643/warehouse-materials-handler/job,ats_detected,4,success_after_fallback
74934588b269,2026-09-15,babc8fbe4ec9,Crover,https://www.crover.tech/,https://www.smartrecruiters.com/?utm_source=referral&utm_medium=careerwebsitepage&utm_campaign=careerwebsite&utm_content=none&km_partner=none&km_adgroup=none&utm_term=none&km_matchtype=none,Hiring Managers,https://www.smartrecruiters.com/role/talent-acquisition,"Geneva, NY, United States",Geneva,NY,United States,Not specified,,,,Core Space,2026-09-15,2026-09-15,https://www.smartrecruiters.com/?utm_source=referral&utm_medium=careerwebsitepage&utm_campaign=careerwebsite&utm_content=none&km_partner=none&km_adgroup=none&utm_term=none&km_matchtype=none,ats_detected,4,success_after_fallback
b11bae175a23,2026-09-15,babc8fbe4ec9,Crover,https://www.crover.tech/,https://www.smartrecruiters.com/?utm_source=referral&utm_medium=careerwebsitepage&utm_campaign=careerwebsite&utm_content=none&km_partner=none&km_adgroup=none&utm_term=none&km_matchtype=none,Hiring Managers,https://www.smartrecruiters.com/role/hiring-manager,"Geneva, NY, United States",Geneva,NY,United States,Not specified,,,,Core Space,2026-09-15,2026-09-15,https://www.smartrecruiters.com/?utm_source=referral&utm_medium=careerwebsitepage&utm_campaign=careerwebsite&utm_content=none&km_partner=none&km_adgroup=none&utm_term=none&km_matchtype=none,ats_detected,4,success_after_fallback
8e4c7afd2511,2026-09-15,babc8fbe4ec9,Crover,https://www.crover.tech/,https://www.smartrecruiters.com/?utm_source=referral&utm_medium=careerwebsitepage&utm_campaign=careerwebsite&utm_content=none&km_partner=none&km_adgroup=none&utm_term=none&km_matchtype=none,Hiring Managers,https://www.smartrecruiters.com/role/hr,"Geneva, NY, United States",Geneva,NY,United States,Not specified,,,,Core Space,2026-09-15,2026-09-15,https://www.smartrecruiters.com/?utm_source=referral&utm_medium=careerwebsitepage&utm_campaign=careerwebsite&utm_content=none&km_partner=none&km_adgroup=none&utm_term=none&km_matchtype=none,ats_detected,4,success_after_fallback
e942ee7fb593,2026-09-15,babc8fbe4ec9,Crover,https://www.crover.tech/,https://www.smartrecruiters.com/?utm_source=referral&utm_medium=careerwebsitepage&utm_campaign=careerwebsite&utm_content=none&km_partner=none&km_adgroup=none&utm_term=none&km_matchtype=none,Hiring Managers,https://www.smartrecruiters.com/role/it,"Geneva, NY, United States",Geneva,NY,United States,Not specified,,,,Core Space,2026-09-15,2026-09-15,https://www.smartrecruiters.com/?utm_source=referral&utm_medium=careerwebsitepage&utm_campaign=careerwebsite&utm_content=none&km_partner=none&km_adgroup=none&utm_term=none&km_matchtype=none,ats_detected,4,success_after_fallback
675011ceb6de,2026-09-15,babc8fbe4ec9,Crover,https://www.crover.tech/,https://www.smartrecruiters.com/?utm_source=referral&utm_medium=careerwebsitepage&utm_campaign=careerwebsite&utm_content=none&km_partner=none&km_adgroup=none&utm_term=none&km_matchtype=none,Hiring Managers,https://www.smartrecruiters.com/role/finance,"Geneva, NY, United States",Geneva,NY,United States,Not specified,,,,Core Space,2026-09-15,2026-09-15,https://www.smartrecruiters.com/?utm_source=referral&utm_medium=careerwebsitepage&utm_campaign=careerwebsite&utm_content=none&km_partner=none&km_adgroup=none&utm_term=none&km_matchtype=none,ats_detected,4,success_after_fallback
26fba834db5e,2026-09-15,bad1b820268a,Dawn Aerospace,https://www.dawnaerospace.com/,https://job-boards.anz.greenhouse.io/dawnaerospace,"AIT Test Technician New Delft, South Holland, Netherlands",https://job-boards.anz.greenhouse.io/dawnaerospace/jobs/4006849201,"Delft, South Holland, Netherlands",Delft,South Holland,Netherlands,Not specified,,,,Core Space,2026-09-15,2026-09-15,https://job-boards.anz.greenhouse.io/dawnaerospace,ats_detected,5,success_after_fallback
efa7f673bce0,2026-09-15,bad1b820268a,Dawn Aerospace,https://www.dawnaerospace.com/,https://job-boards.anz.greenhouse.io/dawnaerospace,"AIT Test Technician New Delft, South Holland, Netherlands",https://job-boards.anz.greenhouse.io/dawnaerospace/jobs/4006850201,"Delft, South Holland, Netherlands",Delft,South Holland,Netherlands,Not specified,,,,Core Space,2026-09-15,2026-09-15,https://job-boards.anz.greenhouse.io/dawnaerospace,ats_detected,5,success_after_fallback
ac6ea0be4010,2026-09-15,bad1b820268a,Dawn Aerospace,https://www.dawnaerospace.com/,https://job-boards.anz.greenhouse.io/dawnaerospace,"Electrical Systems Engineer Delft, South Holland, Netherlands",https://job-boards.anz.greenhouse.io/dawnaerospace/jobs/4006270201,"Delft, South Holland, Netherlands",Delft,South Holland,Netherlands,Not specified,,,,Core Space,2026-09-15,2026-09-15,https://job-boards.anz.greenhouse.io/dawnaerospace,ats_detected,5,success_after_fallback
aeee1a6d6219,2026-09-15,bad1b820268a,Dawn Aerospace,https://www.dawnaerospace.com/,https://job-boards.anz.greenhouse.io/dawnaerospace,"PhD Research Opportunities (University of Canterbury & Dawn Aerospace) Christchurch, Canterbury, New Zealand",https://job-boards.anz.greenhouse.io/dawnaerospace/jobs/4005543201,"Manhattan, NY, United States",Manhattan,NY,United States,Not specified,,,,Core Space,2026-09-15,2026-09-15,https://job-boards.anz.greenhouse.io/dawnaerospace,ats_detected,5,success_after_fallback
c94117e1163d,2026-09-15,bad1b820268a,Dawn Aerospace,https://www.dawnaerospace.com/,https://job-boards.anz.greenhouse.io/dawnaerospace,"Satellite Communications Engineer Delft, South Holland, Netherlands",https://job-boards.anz.greenhouse.io/dawnaerospace/jobs/4001647201,"Delft, South Holland, Netherlands",Delft,South Holland,Netherlands,Not specified,,,,Core Space,2026-09-15,2026-09-15,https://job-boards.anz.greenhouse.io/dawnaerospace,ats_detected,5,success_after_fallback
096dbf50f162,2026-09-15,bad1b820268a,Dawn Aerospace,https://www.dawnaerospace.com/,https://job-boards.anz.greenhouse.io/dawnaerospace,"Satellite RF Hardware & Operations Engineer Delft, South Holland, Netherlands",https://job-boards.anz.greenhouse.io/dawnaerospace/jobs/4000878201,"Delft, South Holland, Netherlands",Delft,South Holland,Netherlands,Not specified,,,,Core Space,2026-09-15,2026-09-15,https://job-boards.anz.greenhouse.io/dawnaerospace,ats_detected,5,success_after_fallback
fdfe9913dc4d,2026-09-15,bad1b820268a,Dawn Aerospace,https://www.dawnaerospace.com/,https://job-boards.anz.greenhouse.io/dawnaerospace,"Mission Manager (US Remote) - Aurora Spaceplane California, United States",https://job-boards.anz.greenhouse.io/dawnaerospace/jobs/4006758201,"California, United States",California,,United States,Remote,,,,Core Space,2026-09-15,2026-09-15,https://job-boards.anz.greenhouse.io/dawnaerospace,ats_detected,5,success_after_fallback
0e09daa01916,2026-09-15,bad1b820268a,Dawn Aerospace,https://www.dawnaerospace.com/,https://job-boards.anz.greenhouse.io/dawnaerospace,"Senior Production Engineer Christchurch, Canterbury, New Zealand",https://job-boards.anz.greenhouse.io/dawnaerospace/jobs/4005932201,"Manhattan, NY, United States",Manhattan,NY,United States,Not specified,,,,Core Space,2026-09-15,2026-09-15,https://job-boards.anz.greenhouse.io/dawnaerospace,ats_detected,5,success_after_fallback
303801cd2f81,2026-09-15,bad1b820268a,Dawn Aerospace,https://www.dawnaerospace.com/,https://job-boards.anz.greenhouse.io/dawnaerospace,"Avionics Technician - Spaceplane Christchurch, Canterbury, New Zealand",https://job-boards.anz.greenhouse.io/dawnaerospace/jobs/4005859201,"Manhattan, NY, United States",Manhattan,NY,United States,Not specified,,,,Core Space,2026-09-15,2026-09-15,https://job-boards.anz.greenhouse.io/dawnaerospace,ats_detected,5,success_after_fallback
a59f939d5150,2026-09-15,bad1b820268a,Dawn Aerospace,https://www.dawnaerospace.com/,https://job-boards.anz.greenhouse.io/dawnaerospace,"Aircraft Maintenance Technician Christchurch, Canterbury, New Zealand",https://job-boards.anz.greenhouse.io/dawnaerospace/jobs/4005539201,"Manhattan, NY, United States",Manhattan,NY,United States,Not specified,,,,Core Space,2026-09-15,2026-09-15,https://job-boards.anz.greenhouse.io/dawnaerospace,ats_detected,5,success_after_fallback
6ac4ed7744dc,2026-09-15,bad1b820268a,Dawn Aerospace,https://www.dawnaerospace.com/,https://job-boards.anz.greenhouse.io/dawnaerospace,"Senior Systems Engineer - Spaceplane Christchurch, Canterbury, New Zealand",https://job-boards.anz.greenhouse.io/dawnaerospace/jobs/4005444201,"Manhattan, NY, United States",Manhattan,NY,United States,Not specified,,,,Core Space,2026-09-15,2026-09-15,https://job-boards.anz.greenhouse.io/dawnaerospace,ats_detected,5,success_after_fallback
caa5c227ee77,2026-09-15,bad1b820268a,Dawn Aerospace,https://www.dawnaerospace.com/,https://job-boards.anz.greenhouse.io/dawnaerospace,"Facilities & Workplace Coordinator (Part-Time) Christchurch, Canterbury, New Zealand",https://job-boards.anz.greenhouse.io/dawnaerospace/jobs/4005420201,"Manhattan, NY, United States",Manhattan,NY,United States,Not specified,,,,Core Space,2026-09-15,2026-09-15,https://job-boards.anz.greenhouse.io/dawnaerospace,ats_detected,5,success_after_fallback
e5290242cf95,2026-09-15,bad1b820268a,Dawn Aerospace,https://www.dawnaerospace.com/,https://job-boards.anz.greenhouse.io/dawnaerospace,"Governance, Risk & Compliance (GRC) Manager Christchurch, Canterbury, New Zealand",https://job-boards.anz.greenhouse.io/dawnaerospace/jobs/4006031201,"Manhattan, NY, United States",Manhattan,NY,United States,Not specified,,,,Core Space,2026-09-15,2026-09-15,https://job-boards.anz.greenhouse.io/dawnaerospace,ats_detected,5,success_after_fallback
1db33c6f93cb,2026-09-15,bad1b820268a,Dawn Aerospace,https://www.dawnaerospace.com/,https://job-boards.anz.greenhouse.io/dawnaerospace,Head of Defence Sales – Germany Germany,https://job-boards.anz.greenhouse.io/dawnaerospace/jobs/4004923201,"Manhattan, NY, United States",Manhattan,NY,United States,Not specified,,,,Core Space,2026-09-15,2026-09-15,https://job-boards.anz.greenhouse.io/dawnaerospace,ats_detected,5,success_after_fallback
2c974b67f5ad,2026-09-15,ba37ca62f760,echo3D,https://www.echo3d.co/,https://www.echo3d.com/about/careers,Enterprise Sales Executive B2B,https://wellfound.com/jobs/3529921-enterprise-sales-executive-b2b,"Manhattan, NY, United States",Manhattan,NY,United States,Remote,,,,Core Space,2026-09-15,2026-09-15,https://www.echo3d.com/about/careers,known_careers_url,4,success
bb9a4a219de8,2026-09-15,ba37ca62f760,echo3D,https://www.echo3d.co/,https://www.echo3d.com/about/careers,Software Engineer,https://wellfound.com/jobs/1749640-software-engineer,"Manhattan, NY, United States",Manhattan,NY,United States,Remote,,,,Core Space,2026-09-15,2026-09-15,https://www.echo3d.com/about/careers,known_careers_url,4,success
030ea85014aa,2026-09-15,ba37ca62f760,echo3D,https://www.echo3d.co/,https://wellfound.com/jobs/3529921-enterprise-sales-executive-b2b,2 Ai Powered Private Jet Platform Is Looking For A Partnerships Manager,https://wellfound.com/jobs/2216057-2-ai-powered-private-jet-platform-is-looking-for-a-partnerships-manager,"Manhattan, NY, United States",Manhattan,NY,United States,Not specified,,,,Core Space,2026-09-15,2026-09-15,https://wellfound.com/jobs/3529921-enterprise-sales-executive-b2b,linked_page,4,success_after_fallback
806d24003973,2026-09-15,ba37ca62f760,echo3D,https://www.echo3d.co/,https://wellfound.com/jobs/3529921-enterprise-sales-executive-b2b,Sales Development Representative $53k – $75k,https://wellfound.com/jobs/2843629-business-development-representative-bdr,"Manhattan, NY, United States",Manhattan,NY,United States,Not specified,,,,Core Space,2026-09-15,2026-09-15,https://wellfound.com/jobs/3529921-enterprise-sales-executive-b2b,linked_page,4,success_after_fallback
7ae0cf7ab393,2026-09-15,ba37ca62f760,echo3D,https://www.echo3d.co/,https://wellfound.com/jobs/3529921-enterprise-sales-executive-b2b,Technical Product Support Specialist $79k – $79k,https://wellfound.com/jobs/3050219-2-technical-product-support-specialist,"Manhattan, NY, United States",Manhattan,NY,United States,Not specified,,,,Core Space,2026-09-15,2026-09-15,https://wellfound.com/jobs/3529921-enterprise-sales-executive-b2b,linked_page,4,success_after_fallback
392507830aa7,2026-09-15,ba37ca62f760,echo3D,https://www.echo3d.co/,https://wellfound.com/jobs/3529921-enterprise-sales-executive-b2b,Sales Development Representative (SDR) $80k – $100k,https://wellfound.com/jobs/3203228-sales-development-representative-sdr,"Manhattan, NY, United States",Manhattan,NY,United States,Not specified,,,,Core Space,2026-09-15,2026-09-15,https://wellfound.com/jobs/3529921-enterprise-sales-executive-b2b,linked_page,4,success_after_fallback
574a4bf3c2af,2026-09-15,ba37ca62f760,echo3D,https://www.echo3d.co/,https://wellfound.com/jobs,"Member of Technical Staff, AI Engineer",https://wellfound.com/jobs/4215110-member-of-technical-staff-ai-engineer,"Manhattan, NY, United States",Manhattan,NY,United States,Not specified,,,,Core Space,2026-09-15,2026-09-15,https://wellfound.com/jobs,linked_page,4,success_after_fallback
7927af04487b,2026-09-15,ba37ca62f760,echo3D,https://www.echo3d.co/,https://wellfound.com/jobs,Senior Machine Learning Engineer,https://wellfound.com/jobs/4718611-senior-machine-learning-engineer,"Manhattan, NY, United States",Manhattan,NY,United States,Remote,,,,Core Space,2026-09-15,2026-09-15,https://wellfound.com/jobs,linked_page,4,success_after_fallback
a2a24a455b17,2026-09-15,ba37ca62f760,echo3D,https://www.echo3d.co/,https://wellfound.com/jobs,Contract WordPress Developer (Website Builds & Maintenance),https://wellfound.com/jobs/4717683-contract-wordpress-developer-website-builds-maintenance,"Manhattan, NY, United States",Manhattan,NY,United States,Remote,,,,Core Space,2026-09-15,2026-09-15,https://wellfound.com/jobs,linked_page,4,success_after_fallback
c8d2b1cb94e6,2026-09-15,ba37ca62f760,echo3D,https://www.echo3d.co/,https://wellfound.com/jobs,Founding Engineer,https://wellfound.com/jobs/4717488-founding-engineer,"Manhattan, NY, United States",Manhattan,NY,United States,Not specified,,,,Core Space,2026-09-15,2026-09-15,https://wellfound.com/jobs,linked_page,4,success_after_fallback
763821437a26,2026-09-15,ba37ca62f760,echo3D,https://www.echo3d.co/,https://wellfound.com/jobs,Product Manager (AI Agents),https://wellfound.com/jobs/4716675-product-manager-ai-agents,"Manhattan, NY, United States",Manhattan,NY,United States,Not specified,,,,Core Space,2026-09-15,2026-09-15,https://wellfound.com/jobs,linked_page,4,success_after_fallback
304949d045ae,2026-09-15,ba37ca62f760,echo3D,https://www.echo3d.co/,https://wellfound.com/jobs,Senior Product Manager,https://wellfound.com/jobs/4716569-senior-product-manager,"Manhattan, NY, United States",Manhattan,NY,United States,On-site,,,,Core Space,2026-09-15,2026-09-15,https://wellfound.com/jobs,linked_page,4,success_after_fallback
6f432df09b96,2026-09-15,ba37ca62f760,echo3D,https://www.echo3d.co/,https://wellfound.com/jobs,Technical Product Manager,https://wellfound.com/jobs/4716527-technical-product-manager,"Manhattan, NY, United States",Manhattan,NY,United States,Remote,,,,Core Space,2026-09-15,2026-09-15,https://wellfound.com/jobs,linked_page,4,success_after_fallback
3711edb7cc4b,2026-09-15,ba37ca62f760,echo3D,https://www.echo3d.co/,https://wellfound.com/jobs,Sr. Product Manager/Staff Product Manager - Core Experience (Remote),https://wellfound.com/jobs/4302193-sr-product-manager-staff-product-manager-core-experience-remote,"Manhattan, NY, United States",Manhattan,NY,United States,Remote,,,,Core Space,2026-09-15,2026-09-15,https://wellfound.com/jobs,linked_page,4,success_after_fallback
3f8f9f872fd2,2026-09-15,ba37ca62f760,echo3D,https://www.echo3d.co/,https://wellfound.com/jobs,Principal Product Manager,https://wellfound.com/jobs/4704152-principal-product-manager,"Manhattan, NY, United States",Manhattan,NY,United States,Remote,,,,Core Space,2026-09-15,2026-09-15,https://wellfound.com/jobs,linked_page,4,success_after_fallback
3d3ea099ddfd,2026-09-15,ba37ca62f760,echo3D,https://www.echo3d.co/,https://wellfound.com/jobs,Motion Interactive Web Designer Remote Global 3 500 5 000 Mo Usd,https://wellfound.com/jobs/4716448-motion-interactive-web-designer-remote-global-3-500-5-000-mo-usd,"Manhattan, NY, United States",Manhattan,NY,United States,Remote,,,,Core Space,2026-09-15,2026-09-15,https://wellfound.com/jobs,linked_page,4,success_after_fallback
5cd851abf808,2026-09-15,ba37ca62f760,echo3D,https://www.echo3d.co/,https://wellfound.com/jobs,eLearning Designer,https://wellfound.com/jobs/4704111-elearning-designer,"Manhattan, NY, United States",Manhattan,NY,United States,Remote,,,,Core Space,2026-09-15,2026-09-15,https://wellfound.com/jobs,linked_page,4,success_after_fallback
1118963ced57,2026-09-15,ba37ca62f760,echo3D,https://www.echo3d.co/,https://wellfound.com/jobs,Senior Interior Designer,https://wellfound.com/jobs/4704026-senior-interior-designer,"Manhattan, NY, United States",Manhattan,NY,United States,On-site,,,,Core Space,2026-09-15,2026-09-15,https://wellfound.com/jobs,linked_page,4,success_after_fallback
f0a2072c7b69,2026-09-15,ba37ca62f760,echo3D,https://www.echo3d.co/,https://wellfound.com/jobs,Founding Designer,https://wellfound.com/jobs/4704015-founding-designer-clone,"Manhattan, NY, United States",Manhattan,NY,United States,On-site,,,,Core Space,2026-09-15,2026-09-15,https://wellfound.com/jobs,linked_page,4,success_after_fallback
759e9d45f001,2026-09-15,ba37ca62f760,echo3D,https://www.echo3d.co/,https://wellfound.com/jobs,"Senior AI learning designer, rapid content",https://wellfound.com/jobs/4698043-senior-ai-learning-designer-rapid-content,"Manhattan, NY, United States",Manhattan,NY,United States,Not specified,,,,Core Space,2026-09-15,2026-09-15,https://wellfound.com/jobs,linked_page,4,success_after_fallback
09d25e34832e,2026-09-15,ba37ca62f760,echo3D,https://www.echo3d.co/,https://wellfound.com/jobs,Data Engineer for Social Good,https://wellfound.com/jobs/3876240-data-engineer-for-social-good,"Manhattan, NY, United States",Manhattan,NY,United States,Remote,,,,Core Space,2026-09-15,2026-09-15,https://wellfound.com/jobs,linked_page,4,success_after_fallback
38dd09d6d4e4,2026-09-15,ba37ca62f760,echo3D,https://www.echo3d.co/,https://wellfound.com/jobs,"Data Engineer (Staff, Principal, Lead)",https://wellfound.com/jobs/3994821-2-data-engineer-staff-principal-lead,"Manhattan, NY, United States",Manhattan,NY,United States,On-site,,,,Core Space,2026-09-15,2026-09-15,https://wellfound.com/jobs,linked_page,4,success_after_fallback
1721cea4b36a,2026-09-15,ba37ca62f760,echo3D,https://www.echo3d.co/,https://wellfound.com/jobs,"Senior Data Engineer — GCP, BigQuery, dbt and Secure Data Systems",https://wellfound.com/jobs/4688282-senior-data-engineer-gcp-bigquery-dbt-and-secure-data-systems,"Manhattan, NY, United States",Manhattan,NY,United States,Remote,,,,Core Space,2026-09-15,2026-09-15,https://wellfound.com/jobs,linked_page,4,success_after_fallback
d85f096ddd60,2026-09-15,ba37ca62f760,echo3D,https://www.echo3d.co/,https://wellfound.com/jobs,Data Engineer III,https://wellfound.com/jobs/4677967-data-engineer-iii,"Manhattan, NY, United States",Manhattan,NY,United States,Not specified,,,,Core Space,2026-09-15,2026-09-15,https://wellfound.com/jobs,linked_page,4,success_after_fallback
8c9009a238a6,2026-09-15,ba37ca62f760,echo3D,https://www.echo3d.co/,https://wellfound.com/jobs,Web Scraping Specialist,https://wellfound.com/jobs/2912889-web-scraping-specialist,"Manhattan, NY, United States",Manhattan,NY,United States,Remote,,,,Core Space,2026-09-15,2026-09-15,https://wellfound.com/jobs,linked_page,4,success_after_fallback
770dd8504d63,2026-09-15,ba37ca62f760,echo3D,https://www.echo3d.co/,https://wellfound.com/jobs,Sales & Marketing Associate,https://wellfound.com/jobs/4716500-sales-marketing-associate,"Manhattan, NY, United States",Manhattan,NY,United States,On-site,,,,Core Space,2026-09-15,2026-09-15,https://wellfound.com/jobs,linked_page,4,success_after_fallback
4e099f367494,2026-09-15,ba37ca62f760,echo3D,https://www.echo3d.co/,https://wellfound.com/jobs,REAL ESTATE SALES AGENT — TRAINING & MENTORSHIP PROVIDED,https://wellfound.com/jobs/4710045-real-estate-sales-agent-training-mentorship-provided,"Manhattan, NY, United States",Manhattan,NY,United States,Remote,,,,Core Space,2026-09-15,2026-09-15,https://wellfound.com/jobs,linked_page,4,success_after_fallback
2fc8030b0623,2026-09-15,ba37ca62f760,echo3D,https://www.echo3d.co/,https://wellfound.com/jobs,Full Cycle Sales Executive (Private Equity & Venture Capital),https://wellfound.com/jobs/4710010-full-cycle-sales-executive-private-equity-venture-capital,"Remote only • Austin, Texas",Remote only • Austin,TX,United States,Remote,,,,Core Space,2026-09-15,2026-09-15,https://wellfound.com/jobs,linked_page,4,success_after_fallback
74df380a142b,2026-09-15,ba37ca62f760,echo3D,https://www.echo3d.co/,https://wellfound.com/jobs,Growth & Marketing Engineer,https://wellfound.com/jobs/4696213-growth-marketing-engineer,"Manhattan, NY, United States",Manhattan,NY,United States,Remote,,,,Core Space,2026-09-15,2026-09-15,https://wellfound.com/jobs,linked_page,4,success_after_fallback
49605a633298,2026-09-15,ba37ca62f760,echo3D,https://www.echo3d.co/,https://wellfound.com/jobs,Founding GTM Lead (Demand + Operations),https://wellfound.com/jobs/4692086-founding-gtm-lead-demand-operations,"Manhattan, NY, United States",Manhattan,NY,United States,Remote,,,,Core Space,2026-09-15,2026-09-15,https://wellfound.com/jobs,linked_page,4,success_after_fallback
b2f1d4e06a70,2026-09-15,ba37ca62f760,echo3D,https://www.echo3d.co/,https://wellfound.com/jobs,Founder Operations & Customer Intelligence Lead,https://wellfound.com/jobs/4717776-founder-operations-customer-intelligence-lead,"Manhattan, NY, United States",Manhattan,NY,United States,Remote,,,,Core Space,2026-09-15,2026-09-15,https://wellfound.com/jobs,linked_page,4,success_after_fallback
15521d470b79,2026-09-15,ba37ca62f760,echo3D,https://www.echo3d.co/,https://wellfound.com/jobs,Permit Operations Lead (Midwest Remote),https://wellfound.com/jobs/4716671-permit-operations-lead-midwest-remote,"Manhattan, NY, United States",Manhattan,NY,United States,Remote,,,,Core Space,2026-09-15,2026-09-15,https://wellfound.com/jobs,linked_page,4,success_after_fallback
844f5d0a784d,2026-09-15,ba37ca62f760,echo3D,https://www.echo3d.co/,https://wellfound.com/jobs,FP&A Manager,https://wellfound.com/jobs/4716668-fp-a-manager,"Manhattan, NY, United States",Manhattan,NY,United States,Remote,,,,Core Space,2026-09-15,2026-09-15,https://wellfound.com/jobs,linked_page,4,success_after_fallback
a74b648504e6,2026-09-15,ba37ca62f760,echo3D,https://www.echo3d.co/,https://wellfound.com/jobs,Senior Events Manager,https://wellfound.com/jobs/4716663-senior-events-manager,"Manhattan, NY, United States",Manhattan,NY,United States,Remote,,,,Core Space,2026-09-15,2026-09-15,https://wellfound.com/jobs,linked_page,4,success_after_fallback
040c28b75cd5,2026-09-15,ba37ca62f760,echo3D,https://www.echo3d.co/,https://wellfound.com/jobs,"Events Manager, Offsites & Experiences",https://wellfound.com/jobs/4716650-events-manager-offsites-experiences,"Manhattan, NY, United States",Manhattan,NY,United States,Remote,,,,Core Space,2026-09-15,2026-09-15,https://wellfound.com/jobs,linked_page,4,success_after_fallback
b35dc9ead7d9,2026-09-15,ba37ca62f760,echo3D,https://www.echo3d.co/,https://wellfound.com/jobs,"Talent Lead at AIOS- Remote, $100-200k inc equity",https://wellfound.com/jobs/4718657-talent-lead-at-aios-remote-100-200k-inc-equity,"Manhattan, NY, United States",Manhattan,NY,United States,Remote,,,,Core Space,2026-09-15,2026-09-15,https://wellfound.com/jobs,linked_page,4,success_after_fallback
782821b03e5e,2026-09-15,ba37ca62f760,echo3D,https://www.echo3d.co/,https://wellfound.com/jobs,Sr. Recruiter,https://wellfound.com/jobs/4714828-sr-recruiter,"Manhattan, NY, United States",Manhattan,NY,United States,Not specified,,,,Core Space,2026-09-15,2026-09-15,https://wellfound.com/jobs,linked_page,4,success_after_fallback
0c465495cdce,2026-09-15,ba37ca62f760,echo3D,https://www.echo3d.co/,https://wellfound.com/jobs,Senior Recruitment Coordinator,https://wellfound.com/jobs/4697986-senior-recruitment-coordinator,"Manhattan, NY, United States",Manhattan,NY,United States,Not specified,,,,Core Space,2026-09-15,2026-09-15,https://wellfound.com/jobs,linked_page,4,success_after_fallback
84f2a416657f,2026-09-15,ba37ca62f760,echo3D,https://www.echo3d.co/,https://wellfound.com/jobs,Technical Recruiter,https://wellfound.com/jobs/4694680-email-marketing-specialist-us-eu-markets-clone,"Manhattan, NY, United States",Manhattan,NY,United States,Remote,,,,Core Space,2026-09-15,2026-09-15,https://wellfound.com/jobs,linked_page,4,success_after_fallback
52b245701f39,2026-09-15,ba37ca62f760,echo3D,https://www.echo3d.co/,https://wellfound.com/jobs,Director of Finance (Remote),https://wellfound.com/jobs/4716625-director-of-finance-remote,"Manhattan, NY, United States",Manhattan,NY,United States,Remote,,,,Core Space,2026-09-15,2026-09-15,https://wellfound.com/jobs,linked_page,4,success_after_fallback
aee00c8d3961,2026-09-15,ba37ca62f760,echo3D,https://www.echo3d.co/,https://wellfound.com/jobs,Revenue Accounting Manager,https://wellfound.com/jobs/4710015-revenue-accounting-manager,"Manhattan, NY, United States",Manhattan,NY,United States,Not specified,,,,Core Space,2026-09-15,2026-09-15,https://wellfound.com/jobs,linked_page,4,success_after_fallback
55b8534505c5,2026-09-15,ba37ca62f760,echo3D,https://www.echo3d.co/,https://wellfound.com/jobs,"Senior Specialist, Billing",https://wellfound.com/jobs/4704110-senior-specialist-billing,"Manhattan, NY, United States",Manhattan,NY,United States,Remote,,,,Core Space,2026-09-15,2026-09-15,https://wellfound.com/jobs,linked_page,4,success_after_fallback
4ffe8f08ee16,2026-09-15,ba37ca62f760,echo3D,https://www.echo3d.co/,https://wellfound.com/jobs,Remote Software Engineer Jobs,https://wellfound.com/role/r/software-engineer,"Manhattan, NY, United States",Manhattan,NY,United States,Remote,,,,Core Space,2026-09-15,2026-09-15,https://wellfound.com/jobs,linked_page,3,success_after_fallback
a36be93e0048,2026-09-15,ba37ca62f760,echo3D,https://www.echo3d.co/,https://wellfound.com/jobs,Remote Product Manager Jobs,https://wellfound.com/role/r/product-manager,"Manhattan, NY, United States",Manhattan,NY,United States,Remote,,,,Core Space,2026-09-15,2026-09-15,https://wellfound.com/jobs,linked_page,3,success_after_fallback
864abf04a02f,2026-09-15,ba37ca62f760,echo3D,https://www.echo3d.co/,https://wellfound.com/jobs,Remote Data Analyst Jobs,https://wellfound.com/role/r/data-analyst,"Manhattan, NY, United States",Manhattan,NY,United States,Remote,,,,Core Space,2026-09-15,2026-09-15,https://wellfound.com/jobs,linked_page,3,success_after_fallback
c51db9a7fc56,2026-09-15,ba37ca62f760,echo3D,https://www.echo3d.co/,https://wellfound.com/jobs,Remote Product Designer Jobs,https://wellfound.com/role/r/product-designer,"Manhattan, NY, United States",Manhattan,NY,United States,Remote,,,,Core Space,2026-09-15,2026-09-15,https://wellfound.com/jobs,linked_page,3,success_after_fallback
21aa410252f9,2026-09-15,ba37ca62f760,echo3D,https://www.echo3d.co/,https://wellfound.com/jobs,Remote Graphic Designer Jobs,https://wellfound.com/role/r/graphic-designer,"Manhattan, NY, United States",Manhattan,NY,United States,Remote,,,,Core Space,2026-09-15,2026-09-15,https://wellfound.com/jobs,linked_page,3,success_after_fallback
2fcff47c1465,2026-09-15,ba37ca62f760,echo3D,https://www.echo3d.co/,https://wellfound.com/jobs,Remote UI/UX Designer Jobs,https://wellfound.com/role/r/ui-ux-designer,"Manhattan, NY, United States",Manhattan,NY,United States,Remote,,,,Core Space,2026-09-15,2026-09-15,https://wellfound.com/jobs,linked_page,3,success_after_fallback
5c3a89bd8bc7,2026-09-15,ba37ca62f760,echo3D,https://www.echo3d.co/,https://wellfound.com/jobs,Remote Operations Manager Jobs,https://wellfound.com/role/r/operations-manager,"Manhattan, NY, United States",Manhattan,NY,United States,Remote,,,,Core Space,2026-09-15,2026-09-15,https://wellfound.com/jobs,linked_page,3,success_after_fallback
c33e6e97fc39,2026-09-15,ba37ca62f760,echo3D,https://www.echo3d.co/,https://wellfound.com/jobs,Remote Account Manager Jobs,https://wellfound.com/role/r/account-manager,"Manhattan, NY, United States",Manhattan,NY,United States,Remote,,,,Core Space,2026-09-15,2026-09-15,https://wellfound.com/jobs,linked_page,3,success_after_fallback
5217fcd690d9,2026-09-15,ba37ca62f760,echo3D,https://www.echo3d.co/,https://wellfound.com/jobs,Remote Sales Manager Jobs,https://wellfound.com/role/r/sales-manager,"Manhattan, NY, United States",Manhattan,NY,United States,Remote,,,,Core Space,2026-09-15,2026-09-15,https://wellfound.com/jobs,linked_page,3,success_after_fallback
0b7eb8bfe674,2026-09-15,ba37ca62f760,echo3D,https://www.echo3d.co/,https://wellfound.com/jobs,Remote Financial Analyst Jobs,https://wellfound.com/role/r/financial-analyst,"Manhattan, NY, United States",Manhattan,NY,United States,Remote,,,,Core Space,2026-09-15,2026-09-15,https://wellfound.com/jobs,linked_page,3,success_after_fallback
e9149de421e0,2026-09-15,ba37ca62f760,echo3D,https://www.echo3d.co/,https://wellfound.com/jobs,Remote HR Manager Jobs,https://wellfound.com/role/r/hr-manager,"Manhattan, NY, United States",Manhattan,NY,United States,Remote,,,,Core Space,2026-09-15,2026-09-15,https://wellfound.com/jobs,linked_page,3,success_after_fallback
fd08b401b85c,2026-09-15,ba37ca62f760,echo3D,https://www.echo3d.co/,https://wellfound.com/browse/tech-jobs,Smart contract Developer,https://wellfound.com/role/smart-contract-developer,"Manhattan, NY, United States",Manhattan,NY,United States,Not specified,,,,Core Space,2026-09-15,2026-09-15,https://wellfound.com/browse/tech-jobs,linked_page,3,success_after_fallback
e0d5fc14ea4a,2026-09-15,ba37ca62f760,echo3D,https://www.echo3d.co/,https://wellfound.com/browse/remote-tech-jobs,Smart contract Developer,https://wellfound.com/role/r/smart-contract-developer,"Manhattan, NY, United States",Manhattan,NY,United States,Not specified,,,,Core Space,2026-09-15,2026-09-15,https://wellfound.com/browse/remote-tech-jobs,linked_page,3,success_after_fallback
6f8ce2b1166e,2026-09-15,ba37ca62f760,echo3D,https://www.echo3d.co/,https://wellfound.com/jobs/2216057-2-ai-powered-private-jet-platform-is-looking-for-a-partnerships-manager,Manager - Business Development (North America) - full time $90k – $105k,https://wellfound.com/jobs/2282687-manager-business-development-north-america-full-time,"Manhattan, NY, United States",Manhattan,NY,United States,Not specified,,,,Core Space,2026-09-15,2026-09-15,https://wellfound.com/jobs/2216057-2-ai-powered-private-jet-platform-is-looking-for-a-partnerships-manager,linked_page,4,success_after_fallback
ff098704153a,2026-09-15,ba37ca62f760,echo3D,https://www.echo3d.co/,https://wellfound.com/jobs/2216057-2-ai-powered-private-jet-platform-is-looking-for-a-partnerships-manager,Business Development Representative / GTM Specialist $24k – $36k,https://wellfound.com/jobs/2523572-business-development-associate,"Manhattan, NY, United States",Manhattan,NY,United States,Not specified,,,,Core Space,2026-09-15,2026-09-15,https://wellfound.com/jobs/2216057-2-ai-powered-private-jet-platform-is-looking-for-a-partnerships-manager,linked_page,4,success_after_fallback
fdc2f6a92359,2026-09-15,ba37ca62f760,echo3D,https://www.echo3d.co/,https://wellfound.com/jobs/2216057-2-ai-powered-private-jet-platform-is-looking-for-a-partnerships-manager,Co Founder Head Of Operations Join A Game Changing Social Beauty Startup,https://wellfound.com/jobs/2933247-co-founder-head-of-operations-join-a-game-changing-social-beauty-startup,"Manhattan, NY, United States",Manhattan,NY,United States,Not specified,,,,Core Space,2026-09-15,2026-09-15,https://wellfound.com/jobs/2216057-2-ai-powered-private-jet-platform-is-looking-for-a-partnerships-manager,linked_page,4,success_after_fallback
2ae35c6e7a7f,2026-09-15,ba37ca62f760,echo3D,https://www.echo3d.co/,https://wellfound.com/jobs/2216057-2-ai-powered-private-jet-platform-is-looking-for-a-partnerships-manager,Us Business Development And Operations Support Specialist Retail Robotic Solutions,https://wellfound.com/jobs/3130978-us-business-development-and-operations-support-specialist-retail-robotic-solutions,"Manhattan, NY, United States",Manhattan,NY,United States,Not specified,,,,Core Space,2026-09-15,2026-09-15,https://wellfound.com/jobs/2216057-2-ai-powered-private-jet-platform-is-looking-for-a-partnerships-manager,linked_page,4,success_after_fallback
594ee8ebb9f5,2026-09-15,ba37ca62f760,echo3D,https://www.echo3d.co/,https://wellfound.com/jobs/2742334-account-executive,Account Executive,https://wellfound.com/jobs/2742334-account-executive,"New York, New York, United States",New York,NY,United States,Not specified,140000,180000,"Enterprise Software, B2B, Software, Finance Technology, Wealth Management, and Fin Tech",Core Space,2026-09-15,2026-09-15,https://wellfound.com/jobs/2742334-account-executive,linked_page,3,success_after_fallback
cb8f69105c36,2026-09-15,ba37ca62f760,echo3D,https://www.echo3d.co/,https://wellfound.com/jobs/2843629-business-development-representative-bdr,Ottehr Urgent Care EHR Sales AE $220k – $300k • 0.0% – 0.5%,https://wellfound.com/jobs/3190120-ottehr-urgent-care-ehr-sales-ae,"Manhattan, NY, United States",Manhattan,NY,United States,Not specified,,,,Core Space,2026-09-15,2026-09-15,https://wellfound.com/jobs/2843629-business-development-representative-bdr,linked_page,4,success_after_fallback
776b97a1932c,2026-09-15,ba37ca62f760,echo3D,https://www.echo3d.co/,https://wellfound.com/jobs/2843629-business-development-representative-bdr,AI Partnerships & Sales Associate $25k – $40k • No equity,https://wellfound.com/jobs/4129437-ai-partnerships-sales-associate,"Manhattan, NY, United States",Manhattan,NY,United States,Not specified,,,,Core Space,2026-09-15,2026-09-15,https://wellfound.com/jobs/2843629-business-development-representative-bdr,linked_page,4,success_after_fallback
20681e30a0ec,2026-09-15,ba37ca62f760,echo3D,https://www.echo3d.co/,https://wellfound.com/jobs/3050219-2-technical-product-support-specialist,Remote Customer Support Specialist (Contract) $55k – $60k • No equity,https://wellfound.com/jobs/492242-remote-customer-support-specialist,"Manhattan, NY, United States",Manhattan,NY,United States,Remote,,,,Core Space,2026-09-15,2026-09-15,https://wellfound.com/jobs/3050219-2-technical-product-support-specialist,linked_page,4,success_after_fallback
8533e87ca635,2026-09-15,ba37ca62f760,echo3D,https://www.echo3d.co/,https://wellfound.com/jobs/3050219-2-technical-product-support-specialist,Scientific Implementation Associate $80k – $80k • 0.005% – 0.025%,https://wellfound.com/jobs/3126751-scientific-implementation-associate,"Manhattan, NY, United States",Manhattan,NY,United States,Not specified,,,,Core Space,2026-09-15,2026-09-15,https://wellfound.com/jobs/3050219-2-technical-product-support-specialist,linked_page,4,success_after_fallback
93df433add06,2026-09-15,b0d788b8ea7e,ENSCO Avionics,https://www.ensco.com/aerospace/avionics-engineering-certification,https://job-boards.greenhouse.io/ensco,"Assistant Controller Vienna, Virginia, United States",https://job-boards.greenhouse.io/ensco/jobs/5389049008,"Vienna, Virginia, United States",Vienna,VA,United States,Not specified,,,,Aerospace,2026-09-15,2026-09-15,https://job-boards.greenhouse.io/ensco,known_careers_url,5,success
18bbfc625340,2026-09-15,b0d788b8ea7e,ENSCO Avionics,https://www.ensco.com/aerospace/avionics-engineering-certification,https://job-boards.greenhouse.io/ensco,"Avionics Software Engineer III Endicott, New York, United States",https://job-boards.greenhouse.io/ensco/jobs/5160122008,"Endicott, New York, United States",Endicott,NY,United States,Not specified,,,,Aerospace,2026-09-15,2026-09-15,https://job-boards.greenhouse.io/ensco,known_careers_url,5,success
85bbff793bfc,2026-09-15,b0d788b8ea7e,ENSCO Avionics,https://www.ensco.com/aerospace/avionics-engineering-certification,https://job-boards.greenhouse.io/ensco,"Configuration Management Specialist El Segundo, California, United States",https://job-boards.greenhouse.io/ensco/jobs/5361928008,"El Segundo, California, United States",El Segundo,CA,United States,Not specified,,,,Aerospace,2026-09-15,2026-09-15,https://job-boards.greenhouse.io/ensco,known_careers_url,5,success
78d0b807ba6a,2026-09-15,b0d788b8ea7e,ENSCO Avionics,https://www.ensco.com/aerospace/avionics-engineering-certification,https://job-boards.greenhouse.io/ensco,"Electrical Engineer / Board Designer Endicott, New York, United States",https://job-boards.greenhouse.io/ensco/jobs/5349135008,"Endicott, New York, United States",Endicott,NY,United States,Not specified,,,,Aerospace,2026-09-15,2026-09-15,https://job-boards.greenhouse.io/ensco,known_careers_url,5,success
08b2d8483858,2026-09-15,b0d788b8ea7e,ENSCO Avionics,https://www.ensco.com/aerospace/avionics-engineering-certification,https://job-boards.greenhouse.io/ensco,"Embedded Software Engineer Endicott, New York, United States",https://job-boards.greenhouse.io/ensco/jobs/5349198008,"Endicott, New York, United States",Endicott,NY,United States,Not specified,,,,Aerospace,2026-09-15,2026-09-15,https://job-boards.greenhouse.io/ensco,known_careers_url,5,success
0cb6758b522a,2026-09-15,b0d788b8ea7e,ENSCO Avionics,https://www.ensco.com/aerospace/avionics-engineering-certification,https://job-boards.greenhouse.io/ensco,"Environmental Health & Safety (EHS) Specialist Pueblo, Colorado, United States",https://job-boards.greenhouse.io/ensco/jobs/5380647008,"Pueblo, Colorado, United States",Pueblo,CO,United States,Not specified,,,,Aerospace,2026-09-15,2026-09-15,https://job-boards.greenhouse.io/ensco,known_careers_url,5,success
44cec47aec75,2026-09-15,b0d788b8ea7e,ENSCO Avionics,https://www.ensco.com/aerospace/avionics-engineering-certification,https://job-boards.greenhouse.io/ensco,"Field Service Engineer Chambersburg, Pennsylvania, United States",https://job-boards.greenhouse.io/ensco/jobs/5268029008,"Chambersburg, Pennsylvania, United States",Chambersburg,PA,United States,Not specified,,,,Aerospace,2026-09-15,2026-09-15,https://job-boards.greenhouse.io/ensco,known_careers_url,5,success
0a8d11a57921,2026-09-15,b0d788b8ea7e,ENSCO Avionics,https://www.ensco.com/aerospace/avionics-engineering-certification,https://job-boards.greenhouse.io/ensco,"FPGA Designer Endicott, New York, United States",https://job-boards.greenhouse.io/ensco/jobs/5349060008,"Endicott, New York, United States",Endicott,NY,United States,Not specified,,,,Aerospace,2026-09-15,2026-09-15,https://job-boards.greenhouse.io/ensco,known_careers_url,5,success
0bfd9bfa83b1,2026-09-15,b0d788b8ea7e,ENSCO Avionics,https://www.ensco.com/aerospace/avionics-engineering-certification,https://job-boards.greenhouse.io/ensco,Information Security Intern,https://job-boards.greenhouse.io/ensco/jobs/5421861008,"Endicott, NY, United States",Endicott,NY,United States,Not specified,,,,Aerospace,2026-09-15,2026-09-15,https://job-boards.greenhouse.io/ensco,known_careers_url,5,success
c0b48621c24a,2026-09-15,b0d788b8ea7e,ENSCO Avionics,https://www.ensco.com/aerospace/avionics-engineering-certification,https://job-boards.greenhouse.io/ensco,"Junior Scientific Data Analyst Melbourne, Florida, United States",https://job-boards.greenhouse.io/ensco/jobs/5354767008,"Melbourne, Florida, United States",Melbourne,FL,United States,Not specified,,,,Aerospace,2026-09-15,2026-09-15,https://job-boards.greenhouse.io/ensco,known_careers_url,5,success
9efbb6b72098,2026-09-15,b0d788b8ea7e,ENSCO Avionics,https://www.ensco.com/aerospace/avionics-engineering-certification,https://job-boards.greenhouse.io/ensco,"Junior Technician Chambersburg, Pennsylvania, United States",https://job-boards.greenhouse.io/ensco/jobs/5238947008,"Chambersburg, Pennsylvania, United States",Chambersburg,PA,United States,Not specified,,,,Aerospace,2026-09-15,2026-09-15,https://job-boards.greenhouse.io/ensco,known_careers_url,5,success
4c926dfe0b51,2026-09-15,b0d788b8ea7e,ENSCO Avionics,https://www.ensco.com/aerospace/avionics-engineering-certification,https://job-boards.greenhouse.io/ensco,"Junior Technician Chambersburg, Pennsylvania, United States",https://job-boards.greenhouse.io/ensco/jobs/5384815008,"Chambersburg, Pennsylvania, United States",Chambersburg,PA,United States,Not specified,,,,Aerospace,2026-09-15,2026-09-15,https://job-boards.greenhouse.io/ensco,known_careers_url,5,success
58f245b6716a,2026-09-15,b0d788b8ea7e,ENSCO Avionics,https://www.ensco.com/aerospace/avionics-engineering-certification,https://job-boards.greenhouse.io/ensco,"Mechanical Engineer Endicott, New York, United States",https://job-boards.greenhouse.io/ensco/jobs/5350248008,"Endicott, New York, United States",Endicott,NY,United States,Not specified,,,,Aerospace,2026-09-15,2026-09-15,https://job-boards.greenhouse.io/ensco,known_careers_url,5,success
715baa73919d,2026-09-15,b0d788b8ea7e,ENSCO Avionics,https://www.ensco.com/aerospace/avionics-engineering-certification,https://job-boards.greenhouse.io/ensco,"Operations Planner Colorado Springs, Colorado, United States",https://job-boards.greenhouse.io/ensco/jobs/5397506008,"Colorado Springs, Colorado, United States",Colorado Springs,CO,United States,Not specified,,,,Aerospace,2026-09-15,2026-09-15,https://job-boards.greenhouse.io/ensco,known_careers_url,5,success
0bbc97ba3dfd,2026-09-15,b0d788b8ea7e,ENSCO Avionics,https://www.ensco.com/aerospace/avionics-engineering-certification,https://job-boards.greenhouse.io/ensco,"Program Security Specialist Albuquerque, New Mexico, United States",https://job-boards.greenhouse.io/ensco/jobs/5398570008,"Albuquerque, New Mexico, United States",Albuquerque,NM,United States,Not specified,,,,Aerospace,2026-09-15,2026-09-15,https://job-boards.greenhouse.io/ensco,known_careers_url,5,success
9cd0aa1996e7,2026-09-15,b0d788b8ea7e,ENSCO Avionics,https://www.ensco.com/aerospace/avionics-engineering-certification,https://job-boards.greenhouse.io/ensco,"Project Manager tags.new Hauppauge, New York, United States",https://job-boards.greenhouse.io/ensco/jobs/5415468008,"Hauppauge, New York, United States",Hauppauge,NY,United States,Not specified,,,,Aerospace,2026-09-15,2026-09-15,https://job-boards.greenhouse.io/ensco,known_careers_url,5,success
3656344df8eb,2026-09-15,b0d788b8ea7e,ENSCO Avionics,https://www.ensco.com/aerospace/avionics-engineering-certification,https://job-boards.greenhouse.io/ensco,"Scientific Data Analyst Melbourne, Florida, United States",https://job-boards.greenhouse.io/ensco/jobs/5279479008,"Melbourne, Florida, United States",Melbourne,FL,United States,Not specified,,,,Aerospace,2026-09-15,2026-09-15,https://job-boards.greenhouse.io/ensco,known_careers_url,5,success
eb601de58818,2026-09-15,b0d788b8ea7e,ENSCO Avionics,https://www.ensco.com/aerospace/avionics-engineering-certification,https://job-boards.greenhouse.io/ensco,"Senior Billing Specialist tags.new Vienna, Virginia, United States",https://job-boards.greenhouse.io/ensco/jobs/5416741008,"Vienna, Virginia, United States",Vienna,VA,United States,Not specified,,,,Aerospace,2026-09-15,2026-09-15,https://job-boards.greenhouse.io/ensco,known_careers_url,5,success
dc8e98c1ce75,2026-09-15,b0d788b8ea7e,ENSCO Avionics,https://www.ensco.com/aerospace/avionics-engineering-certification,https://job-boards.greenhouse.io/ensco,"Senior Cybersecurity Engineer tags.new El Segundo, California, United States",https://job-boards.greenhouse.io/ensco/jobs/5416660008,"El Segundo, California, United States",El Segundo,CA,United States,Not specified,,,,Aerospace,2026-09-15,2026-09-15,https://job-boards.greenhouse.io/ensco,known_careers_url,5,success
fbf9a39f69a3,2026-09-15,b0d788b8ea7e,ENSCO Avionics,https://www.ensco.com/aerospace/avionics-engineering-certification,https://job-boards.greenhouse.io/ensco,"Senior Operations Planner Colorado Springs, Colorado, United States",https://job-boards.greenhouse.io/ensco/jobs/5398007008,"Colorado Springs, Colorado, United States",Colorado Springs,CO,United States,Not specified,,,,Aerospace,2026-09-15,2026-09-15,https://job-boards.greenhouse.io/ensco,known_careers_url,5,success
bd440d6f284c,2026-09-15,b0d788b8ea7e,ENSCO Avionics,https://www.ensco.com/aerospace/avionics-engineering-certification,https://job-boards.greenhouse.io/ensco,"Senior Project Analyst Albuquerque, New Mexico, United States",https://job-boards.greenhouse.io/ensco/jobs/5397554008,"Albuquerque, New Mexico, United States",Albuquerque,NM,United States,Not specified,,,,Aerospace,2026-09-15,2026-09-15,https://job-boards.greenhouse.io/ensco,known_careers_url,5,success
6ad05658c5e8,2026-09-15,b0d788b8ea7e,ENSCO Avionics,https://www.ensco.com/aerospace/avionics-engineering-certification,https://job-boards.greenhouse.io/ensco,"Senior Project Manager Pueblo, Colorado, United States",https://job-boards.greenhouse.io/ensco/jobs/5384887008,"Pueblo, Colorado, United States",Pueblo,CO,United States,Not specified,,,,Aerospace,2026-09-15,2026-09-15,https://job-boards.greenhouse.io/ensco,known_careers_url,5,success
79489fd14a82,2026-09-15,b0d788b8ea7e,ENSCO Avionics,https://www.ensco.com/aerospace/avionics-engineering-certification,https://job-boards.greenhouse.io/ensco,"Senior Software Architect tags.new El Segundo, California, United States",https://job-boards.greenhouse.io/ensco/jobs/5416603008,"El Segundo, California, United States",El Segundo,CA,United States,Not specified,,,,Aerospace,2026-09-15,2026-09-15,https://job-boards.greenhouse.io/ensco,known_careers_url,5,success
4e41a2ff7770,2026-09-15,b0d788b8ea7e,ENSCO Avionics,https://www.ensco.com/aerospace/avionics-engineering-certification,https://job-boards.greenhouse.io/ensco,"Senior Software Systems Engineer Endicott, New York, United States",https://job-boards.greenhouse.io/ensco/jobs/5219423008,"Endicott, New York, United States",Endicott,NY,United States,Not specified,,,,Aerospace,2026-09-15,2026-09-15,https://job-boards.greenhouse.io/ensco,known_careers_url,5,success
e36cb3cede9d,2026-09-15,b0d788b8ea7e,ENSCO Avionics,https://www.ensco.com/aerospace/avionics-engineering-certification,https://job-boards.greenhouse.io/ensco,"Senior Staff Engineer Colorado Springs, Colorado, United States",https://job-boards.greenhouse.io/ensco/jobs/5398017008,"Colorado Springs, Colorado, United States",Colorado Springs,CO,United States,Not specified,,,,Aerospace,2026-09-15,2026-09-15,https://job-boards.greenhouse.io/ensco,known_careers_url,5,success
03f83cbdbc3e,2026-09-15,b0d788b8ea7e,ENSCO Avionics,https://www.ensco.com/aerospace/avionics-engineering-certification,https://job-boards.greenhouse.io/ensco,"Senior Staff Engineer Colorado Springs, Colorado, United States",https://job-boards.greenhouse.io/ensco/jobs/5407754008,"Colorado Springs, Colorado, United States",Colorado Springs,CO,United States,Not specified,,,,Aerospace,2026-09-15,2026-09-15,https://job-boards.greenhouse.io/ensco,known_careers_url,5,success
59c84a5b209a,2026-09-15,b0d788b8ea7e,ENSCO Avionics,https://www.ensco.com/aerospace/avionics-engineering-certification,https://job-boards.greenhouse.io/ensco,"Senior Sustainment Systems Engineer Colorado Springs, Colorado, United States",https://job-boards.greenhouse.io/ensco/jobs/5231434008,"Colorado Springs, Colorado, United States",Colorado Springs,CO,United States,Not specified,,,,Aerospace,2026-09-15,2026-09-15,https://job-boards.greenhouse.io/ensco,known_careers_url,5,success
3f3a6ed2554e,2026-09-15,b0d788b8ea7e,ENSCO Avionics,https://www.ensco.com/aerospace/avionics-engineering-certification,https://job-boards.greenhouse.io/ensco,"Senior Systems Engineer tags.new El Segundo, California, United States",https://job-boards.greenhouse.io/ensco/jobs/5416573008,"El Segundo, California, United States",El Segundo,CA,United States,Not specified,,,,Aerospace,2026-09-15,2026-09-15,https://job-boards.greenhouse.io/ensco,known_careers_url,5,success
0f8fccae2edd,2026-09-15,b0d788b8ea7e,ENSCO Avionics,https://www.ensco.com/aerospace/avionics-engineering-certification,https://job-boards.greenhouse.io/ensco,"Senior Technologist, Multi-Domain Joint Operations & Technology Transition tags.new Arlington, Virginia, United States",https://job-boards.greenhouse.io/ensco/jobs/5418680008,"Arlington, Virginia, United States",Arlington,VA,United States,Not specified,,,,Aerospace,2026-09-15,2026-09-15,https://job-boards.greenhouse.io/ensco,known_careers_url,5,success
5e21881dd2f0,2026-09-15,b0d788b8ea7e,ENSCO Avionics,https://www.ensco.com/aerospace/avionics-engineering-certification,https://job-boards.greenhouse.io/ensco,"Software Delivery Lead Colorado Springs, Colorado, United States; El Segundo, California, United States",https://job-boards.greenhouse.io/ensco/jobs/5361886008,"Colorado Springs, Colorado, United States; El Segundo, California, United States",Colorado Springs,CO,United States,Not specified,,,,Aerospace,2026-09-15,2026-09-15,https://job-boards.greenhouse.io/ensco,known_careers_url,5,success
4240676814b9,2026-09-15,b0d788b8ea7e,ENSCO Avionics,https://www.ensco.com/aerospace/avionics-engineering-certification,https://job-boards.greenhouse.io/ensco,"Software Developer Colorado Springs, Colorado, United States",https://job-boards.greenhouse.io/ensco/jobs/5287243008,"Colorado Springs, Colorado, United States",Colorado Springs,CO,United States,Not specified,,,,Aerospace,2026-09-15,2026-09-15,https://job-boards.greenhouse.io/ensco,known_careers_url,5,success
2b0fe1affc44,2026-09-15,b0d788b8ea7e,ENSCO Avionics,https://www.ensco.com/aerospace/avionics-engineering-certification,https://job-boards.greenhouse.io/ensco,"Software Developer Melbourne, Florida, United States",https://job-boards.greenhouse.io/ensco/jobs/5384918008,"Melbourne, Florida, United States",Melbourne,FL,United States,Not specified,,,,Aerospace,2026-09-15,2026-09-15,https://job-boards.greenhouse.io/ensco,known_careers_url,5,success
49d8eb860e09,2026-09-15,b0d788b8ea7e,ENSCO Avionics,https://www.ensco.com/aerospace/avionics-engineering-certification,https://job-boards.greenhouse.io/ensco,"Software Verification Engineer Endicott, New York, United States",https://job-boards.greenhouse.io/ensco/jobs/5078558008,"Endicott, New York, United States",Endicott,NY,United States,Not specified,,,,Aerospace,2026-09-15,2026-09-15,https://job-boards.greenhouse.io/ensco,known_careers_url,5,success
093154c2f256,2026-09-15,b0d788b8ea7e,ENSCO Avionics,https://www.ensco.com/aerospace/avionics-engineering-certification,https://job-boards.greenhouse.io/ensco,"Strategic MBSE Requirements & ICD Lead El Segundo, California, United States",https://job-boards.greenhouse.io/ensco/jobs/5362002008,"El Segundo, California, United States",El Segundo,CA,United States,Not specified,,,,Aerospace,2026-09-15,2026-09-15,https://job-boards.greenhouse.io/ensco,known_careers_url,5,success
9fb03e5525ff,2026-09-15,b0d788b8ea7e,ENSCO Avionics,https://www.ensco.com/aerospace/avionics-engineering-certification,https://job-boards.greenhouse.io/ensco,"Sustainment Test & Evaluation Engineer Colorado Springs, Colorado, United States",https://job-boards.greenhouse.io/ensco/jobs/5264672008,"Colorado Springs, Colorado, United States",Colorado Springs,CO,United States,Not specified,,,,Aerospace,2026-09-15,2026-09-15,https://job-boards.greenhouse.io/ensco,known_careers_url,5,success
b4856c49793d,2026-09-15,b0d788b8ea7e,ENSCO Avionics,https://www.ensco.com/aerospace/avionics-engineering-certification,https://job-boards.greenhouse.io/ensco,"Systems Engineer - Mission Integration & Capability Delivery Albuquerque, New Mexico, United States",https://job-boards.greenhouse.io/ensco/jobs/5397561008,"Albuquerque, New Mexico, United States",Albuquerque,NM,United States,Not specified,,,,Aerospace,2026-09-15,2026-09-15,https://job-boards.greenhouse.io/ensco,known_careers_url,5,success
8a6fd9881e5e,2026-09-15,b0d788b8ea7e,ENSCO Avionics,https://www.ensco.com/aerospace/avionics-engineering-certification,https://job-boards.greenhouse.io/ensco,"Systems Integration and Test Engineer tags.new El Segundo, California, United States",https://job-boards.greenhouse.io/ensco/jobs/5416619008,"El Segundo, California, United States",El Segundo,CA,United States,Not specified,,,,Aerospace,2026-09-15,2026-09-15,https://job-boards.greenhouse.io/ensco,known_careers_url,5,success
f8050b49cc1e,2026-09-15,b0d788b8ea7e,ENSCO Avionics,https://www.ensco.com/aerospace/avionics-engineering-certification,https://job-boards.greenhouse.io/ensco,"Technical Director Albuquerque, New Mexico, United States",https://job-boards.greenhouse.io/ensco/jobs/5398092008,"Albuquerque, New Mexico, United States",Albuquerque,NM,United States,Not specified,,,,Aerospace,2026-09-15,2026-09-15,https://job-boards.greenhouse.io/ensco,known_careers_url,5,success
10176d1dcf90,2026-09-15,b0d788b8ea7e,ENSCO Avionics,https://www.ensco.com/aerospace/avionics-engineering-certification,https://job-boards.greenhouse.io/ensco,"Test Equipment Engineer Endicott, New York, United States",https://job-boards.greenhouse.io/ensco/jobs/5285597008,"Endicott, New York, United States",Endicott,NY,United States,Not specified,,,,Aerospace,2026-09-15,2026-09-15,https://job-boards.greenhouse.io/ensco,known_careers_url,5,success
594a89e31c81,2026-09-15,5e6b2d8a10cd,Flexim Americas,https://www.flexim.com/us,https://joinhandshake.com/students/whos-hiring,"NIKE, Inc. N7 Undergraduate Internship at Nike, Inc.",https://app.joinhandshake.com/public/jobs/11429087,"Brentwood, NY, United States",Brentwood,NY,United States,Not specified,,,,Aerospace,2026-09-15,2026-09-15,https://joinhandshake.com/students/whos-hiring,linked_page,4,success_after_fallback
a5b1b29bc092,2026-09-15,5e6b2d8a10cd,Flexim Americas,https://www.flexim.com/us,https://joinhandshake.com/students/whos-hiring,"Internship, Tax (January 2028) at Wiss & Company",https://app.joinhandshake.com/public/jobs/11429082,"Brentwood, NY, United States",Brentwood,NY,United States,Not specified,,,,Aerospace,2026-09-15,2026-09-15,https://joinhandshake.com/students/whos-hiring,linked_page,4,success_after_fallback
80c65d2c4ce3,2026-09-15,5e6b2d8a10cd,Flexim Americas,https://www.flexim.com/us,https://joinhandshake.com/students/whos-hiring,Marketing & Communications Intern - I0029 at Felsburg Holt & Ullevig,https://app.joinhandshake.com/public/jobs/11429003,"Brentwood, NY, United States",Brentwood,NY,United States,Not specified,,,,Aerospace,2026-09-15,2026-09-15,https://joinhandshake.com/students/whos-hiring,linked_page,4,success_after_fallback
5a706cb0e0ac,2026-09-15,5e6b2d8a10cd,Flexim Americas,https://www.flexim.com/us,https://joinhandshake.com/students/whos-hiring,Civil Engineering Intern (Aviation) - Summer 2027 at RS&H,https://app.joinhandshake.com/public/jobs/11429002,"Brentwood, NY, United States",Brentwood,NY,United States,Not specified,,,,Aerospace,2026-09-15,2026-09-15,https://joinhandshake.com/students/whos-hiring,linked_page,4,success_after_fallback
19ce8137a391,2026-09-15,5e6b2d8a10cd,Flexim Americas,https://www.flexim.com/us,https://joinhandshake.com/students/whos-hiring,"Student Engineering Intern (Civil, Geotechnical, or Geomatics/Survey) at RESPEC",https://app.joinhandshake.com/public/jobs/11429076,"Brentwood, NY, United States",Brentwood,NY,United States,Not specified,,,,Aerospace,2026-09-15,2026-09-15,https://joinhandshake.com/students/whos-hiring,linked_page,4,success_after_fallback
1a7c431d5f6d,2026-09-15,5e6b2d8a10cd,Flexim Americas,https://www.flexim.com/us,https://joinhandshake.com/students/whos-hiring,Social Media Coordinator at Overdryve,https://app.joinhandshake.com/public/jobs/11429126,"Brentwood, NY, United States",Brentwood,NY,United States,Remote,,,,Aerospace,2026-09-15,2026-09-15,https://joinhandshake.com/students/whos-hiring,linked_page,4,success_after_fallback
3ce70fce64de,2026-09-15,5e6b2d8a10cd,Flexim Americas,https://www.flexim.com/us,https://joinhandshake.com/students/whos-hiring,Tower Technician (WISP) at Midco,https://app.joinhandshake.com/public/jobs/11429114,"Brentwood, NY, United States",Brentwood,NY,United States,Not specified,,,,Aerospace,2026-09-15,2026-09-15,https://joinhandshake.com/students/whos-hiring,linked_page,4,success_after_fallback
bd48fc543a63,2026-09-15,9c006685bfd8,General Dynamics,https://www.gdit.com/,https://www.gdit.com/careers/areas-of-expertise,Corporate Operations,https://www.gdit.com/careers/featured-career-paths/corporate-operations,"Rensselaer, NY, United States",Rensselaer,NY,United States,Not specified,,,,Core Space,2026-09-15,2026-09-15,https://www.gdit.com/careers/areas-of-expertise,linked_page,3,success_after_fallback
8cc96cd7ca2c,2026-09-15,22f272cffdda,GI Aerospace,https://www.giaerospace.com/,https://www.gicorp.com/careers/opportunities,Procurement and Sales Coordinator,https://www.gicorp.com/careers/engineering/311-procurement-sales-coordinator,"Kochi, Kerala, India",Kochi,Kerala,India,Not specified,,,,Aerospace,2026-09-15,2026-09-15,https://www.gicorp.com/careers/opportunities,known_careers_url,4,success
73d48c20870d,2026-09-15,22f272cffdda,GI Aerospace,https://www.giaerospace.com/,https://www.gicorp.com/careers/opportunities,Procurement and Sales Coordinator,https://www.gicorp.com/careers/engineering/312-procurement-sales-coordinator,"Dubai, United Arab Emirates",Dubai,,United Arab Emirates,Not specified,,,,Aerospace,2026-09-15,2026-09-15,https://www.gicorp.com/careers/opportunities,known_careers_url,4,success
6980f4a1dae3,2026-09-15,22f272cffdda,GI Aerospace,https://www.giaerospace.com/,https://www.gicorp.com/careers/opportunities,CNC Swiss Lathe Operator - Air Conditioned Facility,https://www.gicorp.com/careers/corp/740-cnc-lathe-machinist,"Houston, TX, United States",Houston,TX,United States,Not specified,,,,Aerospace,2026-09-15,2026-09-15,https://www.gicorp.com/careers/opportunities,known_careers_url,4,success
16834486b237,2026-09-15,22f272cffdda,GI Aerospace,https://www.giaerospace.com/,https://www.gicorp.com/careers/opportunities,Warehouse Associate / Packer,https://www.gicorp.com/careers/pacificsystems/902-warehouse-associate,"Houston, TX, United States",Houston,TX,United States,Not specified,,,,Aerospace,2026-09-15,2026-09-15,https://www.gicorp.com/careers/opportunities,known_careers_url,4,success
e1334ec3197a,2026-09-15,22f272cffdda,GI Aerospace,https://www.giaerospace.com/,https://www.gicorp.com/careers/opportunities,DoD Contractor - Military Packaging Associate,https://www.gicorp.com/careers/pacificsystems/901-packaging-administrator,"Houston, TX, United States",Houston,TX,United States,Not specified,,,,Aerospace,2026-09-15,2026-09-15,https://www.gicorp.com/careers/opportunities,known_careers_url,4,success
cf76937925a1,2026-09-15,22f272cffdda,GI Aerospace,https://www.giaerospace.com/,https://www.gicorp.com/careers/opportunities,Full-Stack Developer - Python & Javascript,https://www.gicorp.com/careers/corp/731-full-stack-developer,"Kochi, Kerala, India",Kochi,Kerala,India,Not specified,,,,Aerospace,2026-09-15,2026-09-15,https://www.gicorp.com/careers/opportunities,known_careers_url,4,success
6c8504dad2fd,2026-09-15,22f272cffdda,GI Aerospace,https://www.giaerospace.com/,https://www.gicorp.com/careers/opportunities,Python Developer - Django,https://www.gicorp.com/careers/corp/732-python-developer-django,"Kochi, Kerala, India",Kochi,Kerala,India,Not specified,,,,Aerospace,2026-09-15,2026-09-15,https://www.gicorp.com/careers/opportunities,known_careers_url,4,success
1e0fd893ba57,2026-09-15,22f272cffdda,GI Aerospace,https://www.giaerospace.com/,https://www.gicorp.com/careers/opportunities,UI / UX Designer,https://www.gicorp.com/careers/consulting/706-ui-ux-designer,"Kochi, Kerala, India",Kochi,Kerala,India,Not specified,,,,Aerospace,2026-09-15,2026-09-15,https://www.gicorp.com/careers/opportunities,known_careers_url,4,success
40ffeb81575d,2026-09-15,22f272cffdda,GI Aerospace,https://www.giaerospace.com/,https://www.gicorp.com/careers/opportunities,Creative Designer - Web and Print,https://www.gicorp.com/careers/corp/734-creative-designer,"Kochi, Kerala, India",Kochi,Kerala,India,Not specified,,,,Aerospace,2026-09-15,2026-09-15,https://www.gicorp.com/careers/opportunities,known_careers_url,4,success
1255dd6cfdd8,2026-09-15,22f272cffdda,GI Aerospace,https://www.giaerospace.com/,https://www.gicorp.com/careers/opportunities,Windows System Administrator,https://www.gicorp.com/careers/corp/738-windows-system-administrator,"Kochi, Kerala, India",Kochi,Kerala,India,Not specified,,,,Aerospace,2026-09-15,2026-09-15,https://www.gicorp.com/careers/opportunities,known_careers_url,4,success
fff41ec9a9cb,2026-09-15,22f272cffdda,GI Aerospace,https://www.giaerospace.com/,https://www.gicorp.com/careers/opportunities,EU Operations & Sales Manager,https://www.gicorp.com/careers/europe/501-eu-operations-sales-manager,"Rotterdam, Netherlands",Rotterdam,,Netherlands,Not specified,,,,Aerospace,2026-09-15,2026-09-15,https://www.gicorp.com/careers/opportunities,known_careers_url,4,success
0c572d500ee6,2026-09-15,22f272cffdda,GI Aerospace,https://www.giaerospace.com/,https://www.gicorp.com/careers/opportunities,Aircraft Assembly Tools - Sales,https://www.gicorp.com/careers/wescon/405-aircraft-assembly-tools-sales,"Houston, TX, United States",Houston,TX,United States,Not specified,,,,Aerospace,2026-09-15,2026-09-15,https://www.gicorp.com/careers/opportunities,known_careers_url,4,success
3f5004c79f36,2026-09-15,22f272cffdda,GI Aerospace,https://www.giaerospace.com/,https://www.gicorp.com/careers/opportunities,Sales Engineer - Electrical,https://www.gicorp.com/careers/engineering/315-sales-engineer-elecrical,"Kochi, Kerala, India",Kochi,Kerala,India,Not specified,,,,Aerospace,2026-09-15,2026-09-15,https://www.gicorp.com/careers/opportunities,known_careers_url,4,success
c9b04257d48a,2026-09-15,22f272cffdda,GI Aerospace,https://www.giaerospace.com/,https://www.gicorp.com/careers/opportunities,Power Transformers (132kV and above) Testing & Commissioning Engineer,https://www.gicorp.com/careers/engineering/307-Transformer-Testing-Commissioning-Engineer,"Dubai, United Arab Emirates",Dubai,,United Arab Emirates,Not specified,,,,Aerospace,2026-09-15,2026-09-15,https://www.gicorp.com/careers/opportunities,known_careers_url,4,success
9dd297bf7d6b,2026-09-15,22f272cffdda,GI Aerospace,https://www.giaerospace.com/,https://www.gicorp.com/careers/opportunities,Aviation Tools Sales Manager - Europe,https://www.gicorp.com/careers/wescon/403-aviation-tools-sales-manager-europe,"United Kingdom, European Union",,,United Kingdom,Not specified,,,,Aerospace,2026-09-15,2026-09-15,https://www.gicorp.com/careers/opportunities,known_careers_url,4,success
348a3cd2baa2,2026-09-15,22f272cffdda,GI Aerospace,https://www.giaerospace.com/,https://www.gicorp.com/careers/opportunities,Aviation Tools Sales Manager - United States,https://www.gicorp.com/careers/wescon/401-aviation-tools-sales-manager-united-states,"Houston, TX, United States",Houston,TX,United States,Not specified,,,,Aerospace,2026-09-15,2026-09-15,https://www.gicorp.com/careers/opportunities,known_careers_url,4,success
44617c16a82a,2026-09-15,22f272cffdda,GI Aerospace,https://www.giaerospace.com/,https://www.gicorp.com/careers/corp/742-cnc-swiss-lathe-programmer,CNC Swiss Lathe Programmer - Air Conditioned Facility,https://www.gicorp.com/careers/corp/742-cnc-swiss-lathe-programmer,"Austin, TX, United States, Austin, TX, United States, US",Austin,TX,United States,Not specified,,,,Aerospace,2026-09-15,2026-09-15,https://www.gicorp.com/careers/corp/742-cnc-swiss-lathe-programmer,linked_page,3,success_after_fallback
7b7751014110,2026-09-15,22f272cffdda,GI Aerospace,https://www.giaerospace.com/,https://www.gicorp.com/careers/corp/742-cnc-swiss-lathe-programmer,"Read, interpret, and work from complex blueprints and engineering drawings.",https://www.gicorp.com/careers/corp/apply,"Queens, NY, United States",Queens,NY,United States,Not specified,,,,Aerospace,2026-09-15,2026-09-15,https://www.gicorp.com/careers/corp/742-cnc-swiss-lathe-programmer,linked_page,3,success_after_fallback
9548940e9a5e,2026-09-15,22f272cffdda,GI Aerospace,https://www.giaerospace.com/,https://www.gicorp.com/careers/corp/741-cnc-swiss-lathe-programmer,CNC Mill Programmer - Air Conditioned Facility,https://www.gicorp.com/careers/corp/741-cnc-swiss-lathe-programmer,"Houston, TX, United States, Houston, TX, United States, US",Houston,TX,United States,Not specified,,,,Aerospace,2026-09-15,2026-09-15,https://www.gicorp.com/careers/corp/741-cnc-swiss-lathe-programmer,linked_page,3,success_after_fallback
557fb95a533a,2026-09-15,22f272cffdda,GI Aerospace,https://www.giaerospace.com/,https://www.gicorp.com/careers/corp/743-cnc-mill-programmer,CNC Mill Programmer - Air Conditioned Facility,https://www.gicorp.com/careers/corp/743-cnc-mill-programmer,"Houston, TX, United States, Houston, TX, United States, US",Houston,TX,United States,Not specified,,,,Aerospace,2026-09-15,2026-09-15,https://www.gicorp.com/careers/corp/743-cnc-mill-programmer,linked_page,3,success_after_fallback
35021aeedbd6,2026-09-15,22f272cffdda,GI Aerospace,https://www.giaerospace.com/,https://www.gicorp.com/careers/pacificsystems/902-warehouse-associate,Warehouse Associate / Packer,https://www.gicorp.com/careers/pacificsystems/apply,"Queens, NY, United States",Queens,NY,United States,Not specified,,,,Aerospace,2026-09-15,2026-09-15,https://www.gicorp.com/careers/pacificsystems/902-warehouse-associate,linked_page,3,success_after_fallback
fe90635addae,2026-09-15,9aece7086b18,Huntington Ingalls Industries,https://hii.com/,https://careers.huntingtoningalls.com/search?q=&locationsearch=Pascagoula%2C+MS&sortColumn=referencedate&sortDirection=desc&searchby=location&d=10,2027 COLLEGE SUMMER INTERN- HUMAN RESOURCES,https://careers.huntingtoningalls.com/job/Pascagoula-2027-COLLEGE-SUMMER-INTERN-HUMAN-RESOURCES-Miss/1430053000,"Syracuse, NY, United States",Syracuse,NY,United States,Not specified,,,,Space & Defense,2026-09-15,2026-09-15,https://careers.huntingtoningalls.com/search?q=&locationsearch=Pascagoula%2C+MS&sortColumn=referencedate&sortDirection=desc&searchby=location&d=10,known_careers_url,4,success
0f700587b18a,2026-09-15,9aece7086b18,Huntington Ingalls Industries,https://hii.com/,https://careers.huntingtoningalls.com/search?q=&locationsearch=Pascagoula%2C+MS&sortColumn=referencedate&sortDirection=desc&searchby=location&d=10,2027 COLLEGE SUMMER INTERN-COMPUTER ENGINEERING,https://careers.huntingtoningalls.com/job/Pascagoula-2027-COLLEGE-SUMMER-INTERN-COMPUTER-ENGINEERING-Miss/1430053700,"Syracuse, NY, United States",Syracuse,NY,United States,Not specified,,,,Space & Defense,2026-09-15,2026-09-15,https://careers.huntingtoningalls.com/search?q=&locationsearch=Pascagoula%2C+MS&sortColumn=referencedate&sortDirection=desc&searchby=location&d=10,known_careers_url,4,success
8fd84b206144,2026-09-15,9aece7086b18,Huntington Ingalls Industries,https://hii.com/,https://careers.huntingtoningalls.com/search?q=&locationsearch=Pascagoula%2C+MS&sortColumn=referencedate&sortDirection=desc&searchby=location&d=10,2027 COLLEGE SUMMER INTERN- MECHANICAL ENGINEERING,https://careers.huntingtoningalls.com/job/Pascagoula-2027-COLLEGE-SUMMER-INTERN-MECHANICAL-ENGINEERING-Miss/1430054800,"Syracuse, NY, United States",Syracuse,NY,United States,Not specified,,,,Space & Defense,2026-09-15,2026-09-15,https://careers.huntingtoningalls.com/search?q=&locationsearch=Pascagoula%2C+MS&sortColumn=referencedate&sortDirection=desc&searchby=location&d=10,known_careers_url,4,success
b2c49931690c,2026-09-15,9aece7086b18,Huntington Ingalls Industries,https://hii.com/,https://careers.huntingtoningalls.com/search?q=&locationsearch=Pascagoula%2C+MS&sortColumn=referencedate&sortDirection=desc&searchby=location&d=10,2027 COLLEGE SUMMER INTERN ENG - STRUCTURAL & AEROSPACE ENGINEERING,https://careers.huntingtoningalls.com/job/Pascagoula-2027-COLLEGE-SUMMER-INTERN-ENG-STRUCTURAL-&-AEROSPACE-ENGINEERING-Miss/1430053500,"Syracuse, NY, United States",Syracuse,NY,United States,Not specified,,,,Space & Defense,2026-09-15,2026-09-15,https://careers.huntingtoningalls.com/search?q=&locationsearch=Pascagoula%2C+MS&sortColumn=referencedate&sortDirection=desc&searchby=location&d=10,known_careers_url,4,success
0f2937845175,2026-09-15,9aece7086b18,Huntington Ingalls Industries,https://hii.com/,https://careers.huntingtoningalls.com/search?q=&locationsearch=Pascagoula%2C+MS&sortColumn=referencedate&sortDirection=desc&searchby=location&d=10,2027 COLLEGE SUMMER INTERN-NAVAL ARCHITECTURE ENGINEERING,https://careers.huntingtoningalls.com/job/Pascagoula-2027-COLLEGE-SUMMER-INTERN-NAVAL-ARCHITECTURE-ENGINEERING-Miss/1430055600,"Syracuse, NY, United States",Syracuse,NY,United States,Not specified,,,,Space & Defense,2026-09-15,2026-09-15,https://careers.huntingtoningalls.com/search?q=&locationsearch=Pascagoula%2C+MS&sortColumn=referencedate&sortDirection=desc&searchby=location&d=10,known_careers_url,4,success
1219f33334f2,2026-09-15,9aece7086b18,Huntington Ingalls Industries,https://hii.com/,https://careers.huntingtoningalls.com/search?q=&locationsearch=Pascagoula%2C+MS&sortColumn=referencedate&sortDirection=desc&searchby=location&d=10,2027 SUMMER COLLEGE INTERN - CONTRACTS & PRICING,https://careers.huntingtoningalls.com/job/Pascagoula-2027-SUMMER-COLLEGE-INTERN-CONTRACTS-&-PRICING-Miss/1430056700,"Syracuse, NY, United States",Syracuse,NY,United States,Not specified,,,,Space & Defense,2026-09-15,2026-09-15,https://careers.huntingtoningalls.com/search?q=&locationsearch=Pascagoula%2C+MS&sortColumn=referencedate&sortDirection=desc&searchby=location&d=10,known_careers_url,4,success
a10147a1481b,2026-09-15,9aece7086b18,Huntington Ingalls Industries,https://hii.com/,https://careers.huntingtoningalls.com/search?q=&locationsearch=Pascagoula%2C+MS&sortColumn=referencedate&sortDirection=desc&searchby=location&d=10,2027 SUMMER COLLEGE INTERN - BUSINESS,https://careers.huntingtoningalls.com/job/Pascagoula-2027-SUMMER-COLLEGE-INTERN-BUSINESS-Miss/1430057000,"Syracuse, NY, United States",Syracuse,NY,United States,Not specified,,,,Space & Defense,2026-09-15,2026-09-15,https://careers.huntingtoningalls.com/search?q=&locationsearch=Pascagoula%2C+MS&sortColumn=referencedate&sortDirection=desc&searchby=location&d=10,known_careers_url,4,success
f2b66374356f,2026-09-15,9aece7086b18,Huntington Ingalls Industries,https://hii.com/,https://careers.huntingtoningalls.com/search?q=&locationsearch=Pascagoula%2C+MS&sortColumn=referencedate&sortDirection=desc&searchby=location&d=10,2027 COLLEGE SUMMER INTERN - COMMUNICATIONS,https://careers.huntingtoningalls.com/job/Pascagoula-2027-COLLEGE-SUMMER-INTERN-COMMUNICATIONS-Miss/1430056000,"Syracuse, NY, United States",Syracuse,NY,United States,Not specified,,,,Space & Defense,2026-09-15,2026-09-15,https://careers.huntingtoningalls.com/search?q=&locationsearch=Pascagoula%2C+MS&sortColumn=referencedate&sortDirection=desc&searchby=location&d=10,known_careers_url,4,success
d0bbbfdd63c0,2026-09-15,9aece7086b18,Huntington Ingalls Industries,https://hii.com/,https://careers.huntingtoningalls.com/search?q=&locationsearch=Pascagoula%2C+MS&sortColumn=referencedate&sortDirection=desc&searchby=location&d=10,2027 COLLEGE SUMMER INTERN - INFRASTRUCTURE & SUSTAINABILITY,https://careers.huntingtoningalls.com/job/Pascagoula-2027-COLLEGE-SUMMER-INTERN-INFRASTRUCTURE-&-SUSTAINABILITY-Miss/1430056400,"Syracuse, NY, United States",Syracuse,NY,United States,Not specified,,,,Space & Defense,2026-09-15,2026-09-15,https://careers.huntingtoningalls.com/search?q=&locationsearch=Pascagoula%2C+MS&sortColumn=referencedate&sortDirection=desc&searchby=location&d=10,known_careers_url,4,success
2fb5b38a91e4,2026-09-15,9aece7086b18,Huntington Ingalls Industries,https://hii.com/,https://careers.huntingtoningalls.com/search?q=&locationsearch=Pascagoula%2C+MS&sortColumn=referencedate&sortDirection=desc&searchby=location&d=10,2027 SUMMER COLLEGE INTERN - SUPPLY CHAIN MANAGEMENT,https://careers.huntingtoningalls.com/job/Pascagoula-2027-SUMMER-COLLEGE-INTERN-SUPPLY-CHAIN-MANAGEMENT-Miss/1430057300,"Syracuse, NY, United States",Syracuse,NY,United States,Not specified,,,,Space & Defense,2026-09-15,2026-09-15,https://careers.huntingtoningalls.com/search?q=&locationsearch=Pascagoula%2C+MS&sortColumn=referencedate&sortDirection=desc&searchby=location&d=10,known_careers_url,4,success
2d9d7dbf87d1,2026-09-15,9aece7086b18,Huntington Ingalls Industries,https://hii.com/,https://careers.huntingtoningalls.com/search?q=&locationsearch=Pascagoula%2C+MS&sortColumn=referencedate&sortDirection=desc&searchby=location&d=10,2027 COLLEGE SUMMER INTERN- ELECTRICAL ENGINEERING,https://careers.huntingtoningalls.com/job/Pascagoula-2027-COLLEGE-SUMMER-INTERN-ELECTRICAL-ENGINEERING-Miss/1430055000,"Syracuse, NY, United States",Syracuse,NY,United States,Not specified,,,,Space & Defense,2026-09-15,2026-09-15,https://careers.huntingtoningalls.com/search?q=&locationsearch=Pascagoula%2C+MS&sortColumn=referencedate&sortDirection=desc&searchby=location&d=10,known_careers_url,4,success
6c405bc1f343,2026-09-15,9aece7086b18,Huntington Ingalls Industries,https://hii.com/,https://careers.huntingtoningalls.com/search?q=&locationsearch=Pascagoula%2C+MS&sortColumn=referencedate&sortDirection=desc&searchby=location&d=10,COST ESTIMATING ANALYST 4,https://careers.huntingtoningalls.com/job/Pascagoula-COST-ESTIMATING-ANALYST-4-Miss/1430035600,"Syracuse, NY, United States",Syracuse,NY,United States,Not specified,,,,Space & Defense,2026-09-15,2026-09-15,https://careers.huntingtoningalls.com/search?q=&locationsearch=Pascagoula%2C+MS&sortColumn=referencedate&sortDirection=desc&searchby=location&d=10,known_careers_url,4,success
d9eeb9662533,2026-09-15,9aece7086b18,Huntington Ingalls Industries,https://hii.com/,https://careers.huntingtoningalls.com/search?q=&locationsearch=Pascagoula%2C+MS&sortColumn=referencedate&sortDirection=desc&searchby=location&d=10,FINANCIAL ANALYST 2,https://careers.huntingtoningalls.com/job/Pascagoula-FINANCIAL-ANALYST-2-Miss/1428624300,"Syracuse, NY, United States",Syracuse,NY,United States,Not specified,,,,Space & Defense,2026-09-15,2026-09-15,https://careers.huntingtoningalls.com/search?q=&locationsearch=Pascagoula%2C+MS&sortColumn=referencedate&sortDirection=desc&searchby=location&d=10,known_careers_url,4,success
df7aedddbfd3,2026-09-15,9aece7086b18,Huntington Ingalls Industries,https://hii.com/,https://careers.huntingtoningalls.com/search?q=&locationsearch=Pascagoula%2C+MS&sortColumn=referencedate&sortDirection=desc&searchby=location&d=10,SUBCONTRACTS ADMINISTRATOR 1,https://careers.huntingtoningalls.com/job/Pascagoula-SUBCONTRACTS-ADMINISTRATOR-1-Miss/1428536300,"Syracuse, NY, United States",Syracuse,NY,United States,Not specified,,,,Space & Defense,2026-09-15,2026-09-15,https://careers.huntingtoningalls.com/search?q=&locationsearch=Pascagoula%2C+MS&sortColumn=referencedate&sortDirection=desc&searchby=location&d=10,known_careers_url,4,success
c2bdc13562a4,2026-09-15,9aece7086b18,Huntington Ingalls Industries,https://hii.com/,https://careers.huntingtoningalls.com/search?q=&locationsearch=Pascagoula%2C+MS&sortColumn=referencedate&sortDirection=desc&searchby=location&d=10,QUALITY ELECTRICAL INSPECTOR 2,https://careers.huntingtoningalls.com/job/Pascagoula-QUALITY-ELECTRICAL-INSPECTOR-2-Miss/1427896700,"Syracuse, NY, United States",Syracuse,NY,United States,Not specified,,,,Space & Defense,2026-09-15,2026-09-15,https://careers.huntingtoningalls.com/search?q=&locationsearch=Pascagoula%2C+MS&sortColumn=referencedate&sortDirection=desc&searchby=location&d=10,known_careers_url,4,success
45b54bbd86f8,2026-09-15,9aece7086b18,Huntington Ingalls Industries,https://hii.com/,https://careers.huntingtoningalls.com/search?q=&locationsearch=Pascagoula%2C+MS&sortColumn=referencedate&sortDirection=desc&searchby=location&d=10,CALIBRATION TECHNICIAN 2,https://careers.huntingtoningalls.com/job/Pascagoula-CALIBRATION-TECHNICIAN-2-Miss/1427406200,"Syracuse, NY, United States",Syracuse,NY,United States,Not specified,,,,Space & Defense,2026-09-15,2026-09-15,https://careers.huntingtoningalls.com/search?q=&locationsearch=Pascagoula%2C+MS&sortColumn=referencedate&sortDirection=desc&searchby=location&d=10,known_careers_url,4,success
0f51fa501e12,2026-09-15,9aece7086b18,Huntington Ingalls Industries,https://hii.com/,https://careers.huntingtoningalls.com/search?q=&locationsearch=Pascagoula%2C+MS&sortColumn=referencedate&sortDirection=desc&searchby=location&d=10,MECHANICAL FACILITIES ENGINEER 4,https://careers.huntingtoningalls.com/job/Pascagoula-MECHANICAL-FACILITIES-ENGINEER-4-Miss/1425298300,"Syracuse, NY, United States",Syracuse,NY,United States,Not specified,,,,Space & Defense,2026-09-15,2026-09-15,https://careers.huntingtoningalls.com/search?q=&locationsearch=Pascagoula%2C+MS&sortColumn=referencedate&sortDirection=desc&searchby=location&d=10,known_careers_url,4,success
e24bb2eda123,2026-09-15,9aece7086b18,Huntington Ingalls Industries,https://hii.com/,https://careers.huntingtoningalls.com/search?q=&locationsearch=Pascagoula%2C+MS&sortColumn=referencedate&sortDirection=desc&searchby=location&d=10,FINANCIAL ANALYST 2,https://careers.huntingtoningalls.com/job/Pascagoula-FINANCIAL-ANALYST-2-Miss/1423578500,"Syracuse, NY, United States",Syracuse,NY,United States,Not specified,,,,Space & Defense,2026-09-15,2026-09-15,https://careers.huntingtoningalls.com/search?q=&locationsearch=Pascagoula%2C+MS&sortColumn=referencedate&sortDirection=desc&searchby=location&d=10,known_careers_url,4,success
f927ea9ed269,2026-09-15,9aece7086b18,Huntington Ingalls Industries,https://hii.com/,https://careers.huntingtoningalls.com/search?q=&locationsearch=Pascagoula%2C+MS&sortColumn=referencedate&sortDirection=desc&searchby=location&d=10,SUPPLIER QUALITY ANALYST 2,https://careers.huntingtoningalls.com/job/Pascagoula-SUPPLIER-QUALITY-ANALYST-2-Miss/1408303400,"Syracuse, NY, United States",Syracuse,NY,United States,Not specified,,,,Space & Defense,2026-09-15,2026-09-15,https://careers.huntingtoningalls.com/search?q=&locationsearch=Pascagoula%2C+MS&sortColumn=referencedate&sortDirection=desc&searchby=location&d=10,known_careers_url,4,success
b5dcd6cddfa5,2026-09-15,64d9022f568a,ITT Enidine,https://www.enidine.com/en-US/Home,https://careersenus-itt-inc.icims.com/jobs/search?ss=1&searchRelation=keyword_all,Title QA Engineer III,https://careersenus-itt-inc.icims.com/jobs/17678/qa-engineer-iii/job,"Orchard Park, NY, United States",Orchard Park,NY,United States,Not specified,,,,Space & Defense,2026-09-15,2026-09-15,https://careersenus-itt-inc.icims.com/jobs/search?ss=1&searchRelation=keyword_all,ats_detected,5,success_after_fallback
db521d96ef44,2026-09-15,64d9022f568a,ITT Enidine,https://www.enidine.com/en-US/Home,https://careersenus-itt-inc.icims.com/jobs/search?ss=1&searchRelation=keyword_all,Title Test Engineer,https://careersenus-itt-inc.icims.com/jobs/17677/test-engineer/job,"Orchard Park, NY, United States",Orchard Park,NY,United States,Not specified,,,,Space & Defense,2026-09-15,2026-09-15,https://careersenus-itt-inc.icims.com/jobs/search?ss=1&searchRelation=keyword_all,ats_detected,5,success_after_fallback
6720c847a72b,2026-09-15,64d9022f568a,ITT Enidine,https://www.enidine.com/en-US/Home,https://careersenus-itt-inc.icims.com/jobs/search?ss=1&searchRelation=keyword_all,Title Manufacturing Engineer,https://careersenus-itt-inc.icims.com/jobs/17675/manufacturing-engineer/job,"Orchard Park, NY, United States",Orchard Park,NY,United States,Not specified,,,,Space & Defense,2026-09-15,2026-09-15,https://careersenus-itt-inc.icims.com/jobs/search?ss=1&searchRelation=keyword_all,ats_detected,5,success_after_fallback
46eb7280a727,2026-09-15,64d9022f568a,ITT Enidine,https://www.enidine.com/en-US/Home,https://careersenus-itt-inc.icims.com/jobs/search?ss=1&searchRelation=keyword_all,"Title Manager, Production",https://careersenus-itt-inc.icims.com/jobs/17670/manager%2c-production/job,"Orchard Park, NY, United States",Orchard Park,NY,United States,Not specified,,,,Space & Defense,2026-09-15,2026-09-15,https://careersenus-itt-inc.icims.com/jobs/search?ss=1&searchRelation=keyword_all,ats_detected,5,success_after_fallback
781ab4f6cf86,2026-09-15,64d9022f568a,ITT Enidine,https://www.enidine.com/en-US/Home,https://careersenus-itt-inc.icims.com/jobs/search?ss=1&searchRelation=keyword_all,Title Product Specialist,https://careersenus-itt-inc.icims.com/jobs/17666/product-specialist/job,"Orchard Park, NY, United States",Orchard Park,NY,United States,Not specified,,,,Space & Defense,2026-09-15,2026-09-15,https://careersenus-itt-inc.icims.com/jobs/search?ss=1&searchRelation=keyword_all,ats_detected,5,success_after_fallback
7650c53adb3a,2026-09-15,64d9022f568a,ITT Enidine,https://www.enidine.com/en-US/Home,https://careersenus-itt-inc.icims.com/jobs/search?ss=1&searchRelation=keyword_all,Title Application Engineering Co-op (Spring/Summer 2027),https://careersenus-itt-inc.icims.com/jobs/17660/application-engineering-co-op-%28spring-summer-2027%29/job,"Orchard Park, NY, United States",Orchard Park,NY,United States,Not specified,,,,Space & Defense,2026-09-15,2026-09-15,https://careersenus-itt-inc.icims.com/jobs/search?ss=1&searchRelation=keyword_all,ats_detected,5,success_after_fallback
219d01c9239c,2026-09-15,64d9022f568a,ITT Enidine,https://www.enidine.com/en-US/Home,https://careersenus-itt-inc.icims.com/jobs/search?ss=1&searchRelation=keyword_all,Title Assembly Operator (Contingent Worker),https://careersenus-itt-inc.icims.com/jobs/17601/assembly-operator-%28contingent-worker%29/job,"Orchard Park, NY, United States",Orchard Park,NY,United States,Not specified,,,,Space & Defense,2026-09-15,2026-09-15,https://careersenus-itt-inc.icims.com/jobs/search?ss=1&searchRelation=keyword_all,ats_detected,5,success_after_fallback
cf6d02580819,2026-09-15,64d9022f568a,ITT Enidine,https://www.enidine.com/en-US/Home,https://careersenus-itt-inc.icims.com/jobs/search?ss=1&searchRelation=keyword_all,Title Supply Chain Intern (Summer 2027),https://careersenus-itt-inc.icims.com/jobs/17592/supply-chain-intern-%28summer-2027%29/job,"Orchard Park, NY, United States",Orchard Park,NY,United States,Not specified,,,,Space & Defense,2026-09-15,2026-09-15,https://careersenus-itt-inc.icims.com/jobs/search?ss=1&searchRelation=keyword_all,ats_detected,5,success_after_fallback
8b8508aa4b4a,2026-09-15,64d9022f568a,ITT Enidine,https://www.enidine.com/en-US/Home,https://careersenus-itt-inc.icims.com/jobs/search?ss=1&searchRelation=keyword_all,Title Office Support Specialist,https://careersenus-itt-inc.icims.com/jobs/17589/office-support-specialist/job,"Orchard Park, NY, United States",Orchard Park,NY,United States,Not specified,,,,Space & Defense,2026-09-15,2026-09-15,https://careersenus-itt-inc.icims.com/jobs/search?ss=1&searchRelation=keyword_all,ats_detected,5,success_after_fallback
fd1b982c5c17,2026-09-15,64d9022f568a,ITT Enidine,https://www.enidine.com/en-US/Home,https://careersenus-itt-inc.icims.com/jobs/search?ss=1&searchRelation=keyword_all,Title Design Engineering Intern (Summer 2027),https://careersenus-itt-inc.icims.com/jobs/17585/design-engineering-intern-%28summer-2027%29/job,"Orchard Park, NY, United States",Orchard Park,NY,United States,Not specified,,,,Space & Defense,2026-09-15,2026-09-15,https://careersenus-itt-inc.icims.com/jobs/search?ss=1&searchRelation=keyword_all,ats_detected,5,success_after_fallback
cba94d18fded,2026-09-15,64d9022f568a,ITT Enidine,https://www.enidine.com/en-US/Home,https://careersenus-itt-inc.icims.com/jobs/search?ss=1&searchRelation=keyword_all,"Title Manager, Manufacturing Engineering",https://careersenus-itt-inc.icims.com/jobs/17578/manager%2c-manufacturing-engineering/job,"Orchard Park, NY, United States",Orchard Park,NY,United States,Not specified,,,,Space & Defense,2026-09-15,2026-09-15,https://careersenus-itt-inc.icims.com/jobs/search?ss=1&searchRelation=keyword_all,ats_detected,5,success_after_fallback
3dc1aff515c5,2026-09-15,64d9022f568a,ITT Enidine,https://www.enidine.com/en-US/Home,https://careersenus-itt-inc.icims.com/jobs/search?ss=1&searchRelation=keyword_all,Title Assembly Operator,https://careersenus-itt-inc.icims.com/jobs/17577/assembly-operator/job,"Orchard Park, NY, United States",Orchard Park,NY,United States,Not specified,,,,Space & Defense,2026-09-15,2026-09-15,https://careersenus-itt-inc.icims.com/jobs/search?ss=1&searchRelation=keyword_all,ats_detected,5,success_after_fallback
f6ed0b0a6647,2026-09-15,64d9022f568a,ITT Enidine,https://www.enidine.com/en-US/Home,https://careersenus-itt-inc.icims.com/jobs/search?ss=1&searchRelation=keyword_all,Title Assembly Operator,https://careersenus-itt-inc.icims.com/jobs/17566/assembly-operator/job,"Orchard Park, NY, United States",Orchard Park,NY,United States,Not specified,,,,Space & Defense,2026-09-15,2026-09-15,https://careersenus-itt-inc.icims.com/jobs/search?ss=1&searchRelation=keyword_all,ats_detected,5,success_after_fallback
b62bc17b3976,2026-09-15,64d9022f568a,ITT Enidine,https://www.enidine.com/en-US/Home,https://careersenus-itt-inc.icims.com/jobs/search?ss=1&searchRelation=keyword_all,Title Assembly Operator II,https://careersenus-itt-inc.icims.com/jobs/17553/assembly-operator-ii/job,"Orchard Park, NY, United States",Orchard Park,NY,United States,Not specified,,,,Space & Defense,2026-09-15,2026-09-15,https://careersenus-itt-inc.icims.com/jobs/search?ss=1&searchRelation=keyword_all,ats_detected,5,success_after_fallback
97daa41e7415,2026-09-15,64d9022f568a,ITT Enidine,https://www.enidine.com/en-US/Home,https://careersenus-itt-inc.icims.com/jobs/search?ss=1&searchRelation=keyword_all,Title Repair & Overhaul Service Technician I,https://careersenus-itt-inc.icims.com/jobs/17542/repair-%26-overhaul-service-technician-i/job,"Orchard Park, NY, United States",Orchard Park,NY,United States,Not specified,,,,Space & Defense,2026-09-15,2026-09-15,https://careersenus-itt-inc.icims.com/jobs/search?ss=1&searchRelation=keyword_all,ats_detected,5,success_after_fallback
97dc9e199d09,2026-09-15,64d9022f568a,ITT Enidine,https://www.enidine.com/en-US/Home,https://careersenus-itt-inc.icims.com/jobs/search?ss=1&searchRelation=keyword_all,Title Repair & Overhaul Service Technician I (ECS),https://careersenus-itt-inc.icims.com/jobs/17541/repair-%26-overhaul-service-technician-i-%28ecs%29/job,"Orchard Park, NY, United States",Orchard Park,NY,United States,Not specified,,,,Space & Defense,2026-09-15,2026-09-15,https://careersenus-itt-inc.icims.com/jobs/search?ss=1&searchRelation=keyword_all,ats_detected,5,success_after_fallback
503ad20a1a32,2026-09-15,64d9022f568a,ITT Enidine,https://www.enidine.com/en-US/Home,https://careersenus-itt-inc.icims.com/jobs/search?ss=1&searchRelation=keyword_all,Title Repair & Overhaul Service Technician I,https://careersenus-itt-inc.icims.com/jobs/17540/repair-%26-overhaul-service-technician-i/job,"Orchard Park, NY, United States",Orchard Park,NY,United States,Not specified,,,,Space & Defense,2026-09-15,2026-09-15,https://careersenus-itt-inc.icims.com/jobs/search?ss=1&searchRelation=keyword_all,ats_detected,5,success_after_fallback
55fd684b44e7,2026-09-15,64d9022f568a,ITT Enidine,https://www.enidine.com/en-US/Home,https://careersenus-itt-inc.icims.com/jobs/search?ss=1&searchRelation=keyword_all,Title Repair & Overhaul Service Technician I (ECS),https://careersenus-itt-inc.icims.com/jobs/17539/repair-%26-overhaul-service-technician-i-%28ecs%29/job,"Orchard Park, NY, United States",Orchard Park,NY,United States,Not specified,,,,Space & Defense,2026-09-15,2026-09-15,https://careersenus-itt-inc.icims.com/jobs/search?ss=1&searchRelation=keyword_all,ats_detected,5,success_after_fallback
a3b2c41b605b,2026-09-15,64d9022f568a,ITT Enidine,https://www.enidine.com/en-US/Home,https://careersenus-itt-inc.icims.com/jobs/search?ss=1&searchRelation=keyword_all,Title Continuous Improvement Engineer,https://careersenus-itt-inc.icims.com/jobs/17533/continuous-improvement-engineer/job,"Orchard Park, NY, United States",Orchard Park,NY,United States,Not specified,,,,Space & Defense,2026-09-15,2026-09-15,https://careersenus-itt-inc.icims.com/jobs/search?ss=1&searchRelation=keyword_all,ats_detected,5,success_after_fallback
149a5e5d4215,2026-09-15,64d9022f568a,ITT Enidine,https://www.enidine.com/en-US/Home,https://careersenus-itt-inc.icims.com/jobs/search?ss=1&searchRelation=keyword_all,Title Product Design Engineer,https://careersenus-itt-inc.icims.com/jobs/17529/product-design-engineer/job,"Orchard Park, NY, United States",Orchard Park,NY,United States,Not specified,,,,Space & Defense,2026-09-15,2026-09-15,https://careersenus-itt-inc.icims.com/jobs/search?ss=1&searchRelation=keyword_all,ats_detected,5,success_after_fallback
3996a2cf0efe,2026-09-15,64d9022f568a,ITT Enidine,https://www.enidine.com/en-US/Home,https://careersenus-itt-inc.icims.com/jobs/search?ss=1&searchRelation=keyword_all,Title Quality Engineering Intern (Summer 2027),https://careersenus-itt-inc.icims.com/jobs/17495/quality-engineering-intern-%28summer-2027%29/job,"Orchard Park, NY, United States",Orchard Park,NY,United States,Not specified,,,,Space & Defense,2026-09-15,2026-09-15,https://careersenus-itt-inc.icims.com/jobs/search?ss=1&searchRelation=keyword_all,ats_detected,5,success_after_fallback
db3bcf8f3cbe,2026-09-15,64d9022f568a,ITT Enidine,https://www.enidine.com/en-US/Home,https://careersenus-itt-inc.icims.com/jobs/search?ss=1&searchRelation=keyword_all,Title Strategic Account Manager,https://careersenus-itt-inc.icims.com/jobs/17482/strategic-account-manager/job,"Orchard Park, NY, United States",Orchard Park,NY,United States,Not specified,,,,Space & Defense,2026-09-15,2026-09-15,https://careersenus-itt-inc.icims.com/jobs/search?ss=1&searchRelation=keyword_all,ats_detected,5,success_after_fallback
1ff847b82618,2026-09-15,64d9022f568a,ITT Enidine,https://www.enidine.com/en-US/Home,https://careersenus-itt-inc.icims.com/jobs/search?ss=1&searchRelation=keyword_all,Title Temp- Marketing Communications Analyst,https://careersenus-itt-inc.icims.com/jobs/17481/temp--marketing-communications-analyst/job,"Orchard Park, NY, United States",Orchard Park,NY,United States,Not specified,,,,Space & Defense,2026-09-15,2026-09-15,https://careersenus-itt-inc.icims.com/jobs/search?ss=1&searchRelation=keyword_all,ats_detected,5,success_after_fallback
76c54b348a70,2026-09-15,64d9022f568a,ITT Enidine,https://www.enidine.com/en-US/Home,https://careersenus-itt-inc.icims.com/jobs/search?ss=1&searchRelation=keyword_all,Title Product Management Co-op (Spring/Summer 2027),https://careersenus-itt-inc.icims.com/jobs/17451/product-management-co-op-%28spring-summer-2027%29/job,"Orchard Park, NY, United States",Orchard Park,NY,United States,Not specified,,,,Space & Defense,2026-09-15,2026-09-15,https://careersenus-itt-inc.icims.com/jobs/search?ss=1&searchRelation=keyword_all,ats_detected,5,success_after_fallback
f751a18860ad,2026-09-15,64d9022f568a,ITT Enidine,https://www.enidine.com/en-US/Home,https://careersenus-itt-inc.icims.com/jobs/search?ss=1&searchRelation=keyword_all,Title iProd Design Center Engineering Co-op (Spring/Summer 2027),https://careersenus-itt-inc.icims.com/jobs/17447/iprod-design-center-engineering-co-op-%28spring-summer-2027%29/job,"Orchard Park, NY, United States",Orchard Park,NY,United States,Not specified,,,,Space & Defense,2026-09-15,2026-09-15,https://careersenus-itt-inc.icims.com/jobs/search?ss=1&searchRelation=keyword_all,ats_detected,5,success_after_fallback
fece39a81312,2026-09-15,64d9022f568a,ITT Enidine,https://www.enidine.com/en-US/Home,https://careersenus-itt-inc.icims.com/jobs/search?ss=1&searchRelation=keyword_all,Title iProd Design Center Engineering Co-op (Spring/Summer 2027),https://careersenus-itt-inc.icims.com/jobs/17446/iprod-design-center-engineering-co-op-%28spring-summer-2027%29/job,"Orchard Park, NY, United States",Orchard Park,NY,United States,Not specified,,,,Space & Defense,2026-09-15,2026-09-15,https://careersenus-itt-inc.icims.com/jobs/search?ss=1&searchRelation=keyword_all,ats_detected,5,success_after_fallback
a3750caf4a45,2026-09-15,64d9022f568a,ITT Enidine,https://www.enidine.com/en-US/Home,https://careersenus-itt-inc.icims.com/jobs/search?ss=1&searchRelation=keyword_all,Title Warehousing Specialist,https://careersenus-itt-inc.icims.com/jobs/17424/warehousing-specialist/job,"Orchard Park, NY, United States",Orchard Park,NY,United States,Not specified,,,,Space & Defense,2026-09-15,2026-09-15,https://careersenus-itt-inc.icims.com/jobs/search?ss=1&searchRelation=keyword_all,ats_detected,5,success_after_fallback
ee5582f5829b,2026-09-15,64d9022f568a,ITT Enidine,https://www.enidine.com/en-US/Home,https://careersenus-itt-inc.icims.com/jobs/search?ss=1&searchRelation=keyword_all,"Title Manager, Strategic Accounts",https://careersenus-itt-inc.icims.com/jobs/17423/manager%2c-strategic-accounts/job,"Orchard Park, NY, United States",Orchard Park,NY,United States,Not specified,,,,Space & Defense,2026-09-15,2026-09-15,https://careersenus-itt-inc.icims.com/jobs/search?ss=1&searchRelation=keyword_all,ats_detected,5,success_after_fallback
05558de3919c,2026-09-15,64d9022f568a,ITT Enidine,https://www.enidine.com/en-US/Home,https://careersenus-itt-inc.icims.com/jobs/search?ss=1&searchRelation=keyword_all,Title Test Engineer,https://careersenus-itt-inc.icims.com/jobs/17381/test-engineer/job,"Orchard Park, NY, United States",Orchard Park,NY,United States,Not specified,,,,Space & Defense,2026-09-15,2026-09-15,https://careersenus-itt-inc.icims.com/jobs/search?ss=1&searchRelation=keyword_all,ats_detected,5,success_after_fallback
53b57a2f4c4d,2026-09-15,64d9022f568a,ITT Enidine,https://www.enidine.com/en-US/Home,https://careersenus-itt-inc.icims.com/jobs/search?ss=1&searchRelation=keyword_all,Title Service Technician,https://careersenus-itt-inc.icims.com/jobs/17373/service-technician/job,"Orchard Park, NY, United States",Orchard Park,NY,United States,Not specified,,,,Space & Defense,2026-09-15,2026-09-15,https://careersenus-itt-inc.icims.com/jobs/search?ss=1&searchRelation=keyword_all,ats_detected,5,success_after_fallback
d792a797892c,2026-09-15,64d9022f568a,ITT Enidine,https://www.enidine.com/en-US/Home,https://careersenus-itt-inc.icims.com/jobs/search?ss=1&searchRelation=keyword_all,Title Treasury Operations Manager,https://careersenus-itt-inc.icims.com/jobs/17360/treasury-operations-manager/job,"Orchard Park, NY, United States",Orchard Park,NY,United States,Not specified,,,,Space & Defense,2026-09-15,2026-09-15,https://careersenus-itt-inc.icims.com/jobs/search?ss=1&searchRelation=keyword_all,ats_detected,5,success_after_fallback
3cb6aecaf9f4,2026-09-15,64d9022f568a,ITT Enidine,https://www.enidine.com/en-US/Home,https://careersenus-itt-inc.icims.com/jobs/search?ss=1&searchRelation=keyword_all,Title Calibration/Test Technician,https://careersenus-itt-inc.icims.com/jobs/17355/calibration-test-technician/job,"Orchard Park, NY, United States",Orchard Park,NY,United States,Not specified,,,,Space & Defense,2026-09-15,2026-09-15,https://careersenus-itt-inc.icims.com/jobs/search?ss=1&searchRelation=keyword_all,ats_detected,5,success_after_fallback
080e0443530c,2026-09-15,64d9022f568a,ITT Enidine,https://www.enidine.com/en-US/Home,https://careersenus-itt-inc.icims.com/jobs/search?ss=1&searchRelation=keyword_all,Title Inside Sales Representative,https://careersenus-itt-inc.icims.com/jobs/17348/inside-sales-representative/job,"Orchard Park, NY, United States",Orchard Park,NY,United States,Not specified,,,,Space & Defense,2026-09-15,2026-09-15,https://careersenus-itt-inc.icims.com/jobs/search?ss=1&searchRelation=keyword_all,ats_detected,5,success_after_fallback
98d131eeb602,2026-09-15,64d9022f568a,ITT Enidine,https://www.enidine.com/en-US/Home,https://careersenus-itt-inc.icims.com/jobs/search?ss=1&searchRelation=keyword_all,Title Senior Human Resources Manager,https://careersenus-itt-inc.icims.com/jobs/17344/senior-human-resources-manager/job,"Orchard Park, NY, United States",Orchard Park,NY,United States,Not specified,,,,Space & Defense,2026-09-15,2026-09-15,https://careersenus-itt-inc.icims.com/jobs/search?ss=1&searchRelation=keyword_all,ats_detected,5,success_after_fallback
6668c5dabc75,2026-09-15,64d9022f568a,ITT Enidine,https://www.enidine.com/en-US/Home,https://careersenus-itt-inc.icims.com/jobs/search?ss=1&searchRelation=keyword_all,Title Senior Product Design Engineer,https://careersenus-itt-inc.icims.com/jobs/17335/senior-product-design-engineer/job,"Orchard Park, NY, United States",Orchard Park,NY,United States,Not specified,,,,Space & Defense,2026-09-15,2026-09-15,https://careersenus-itt-inc.icims.com/jobs/search?ss=1&searchRelation=keyword_all,ats_detected,5,success_after_fallback
cf7ef49b8ba2,2026-09-15,64d9022f568a,ITT Enidine,https://www.enidine.com/en-US/Home,https://careersenus-itt-inc.icims.com/jobs/search?ss=1&searchRelation=keyword_all,Title Assembly Operator,https://careersenus-itt-inc.icims.com/jobs/17331/assembly-operator/job,"Orchard Park, NY, United States",Orchard Park,NY,United States,Not specified,,,,Space & Defense,2026-09-15,2026-09-15,https://careersenus-itt-inc.icims.com/jobs/search?ss=1&searchRelation=keyword_all,ats_detected,5,success_after_fallback
306b03c9a2df,2026-09-15,64d9022f568a,ITT Enidine,https://www.enidine.com/en-US/Home,https://careersenus-itt-inc.icims.com/jobs/search?ss=1&searchRelation=keyword_all,Title Maintenance Technician II,https://careersenus-itt-inc.icims.com/jobs/17286/maintenance-technician-ii/job,"Orchard Park, NY, United States",Orchard Park,NY,United States,Not specified,,,,Space & Defense,2026-09-15,2026-09-15,https://careersenus-itt-inc.icims.com/jobs/search?ss=1&searchRelation=keyword_all,ats_detected,5,success_after_fallback
d8a0e084f566,2026-09-15,64d9022f568a,ITT Enidine,https://www.enidine.com/en-US/Home,https://careersenus-itt-inc.icims.com/jobs/search?ss=1&searchRelation=keyword_all,Title R & D Test Technician,https://careersenus-itt-inc.icims.com/jobs/17271/r-%26-d-test-technician/job,"Orchard Park, NY, United States",Orchard Park,NY,United States,Not specified,,,,Space & Defense,2026-09-15,2026-09-15,https://careersenus-itt-inc.icims.com/jobs/search?ss=1&searchRelation=keyword_all,ats_detected,5,success_after_fallback
f3178d2fac08,2026-09-15,64d9022f568a,ITT Enidine,https://www.enidine.com/en-US/Home,https://careersger-itt-inc.icims.com/jobs/search?ss=1&searchRelation=keyword_all,Titel Technical Business Development Manager Connectors for Defense & Aerospace – Eastern Europe,https://careersger-itt-inc.icims.com/jobs/17258/technical-business-development-manager-connectors-for-defense-%26-aerospace-%e2%80%93-eastern-europe/job,"Orchard Park, NY, United States",Orchard Park,NY,United States,Remote,,,,Space & Defense,2026-09-15,2026-09-15,https://careersger-itt-inc.icims.com/jobs/search?ss=1&searchRelation=keyword_all,ats_detected,5,success_after_fallback
9f6ea6672698,2026-09-15,64d9022f568a,ITT Enidine,https://www.enidine.com/en-US/Home,https://careersger-itt-inc.icims.com/jobs/search?ss=1&searchRelation=keyword_all,Titel Technical Business Development Manager Connectors for Defense & Aerospace - DACH,https://careersger-itt-inc.icims.com/jobs/17257/technical-business-development-manager-connectors-for-defense-%26-aerospace---dach/job,"Orchard Park, NY, United States",Orchard Park,NY,United States,Remote,,,,Space & Defense,2026-09-15,2026-09-15,https://careersger-itt-inc.icims.com/jobs/search?ss=1&searchRelation=keyword_all,ats_detected,5,success_after_fallback
1d4ca1a899ef,2026-09-15,64d9022f568a,ITT Enidine,https://www.enidine.com/en-US/Home,https://careersger-itt-inc.icims.com/jobs/search?ss=1&searchRelation=keyword_all,Titel Manager Production Hygienic,https://careersger-itt-inc.icims.com/jobs/17151/manager-production-hygienic/job,"Orchard Park, NY, United States",Orchard Park,NY,United States,Not specified,,,,Space & Defense,2026-09-15,2026-09-15,https://careersger-itt-inc.icims.com/jobs/search?ss=1&searchRelation=keyword_all,ats_detected,5,success_after_fallback
cc379f610e49,2026-09-15,64d9022f568a,ITT Enidine,https://www.enidine.com/en-US/Home,https://careersger-itt-inc.icims.com/jobs/search?ss=1&searchRelation=keyword_all,Titel Facilities Technician,https://careersger-itt-inc.icims.com/jobs/16722/facilities-technician/job,"Orchard Park, NY, United States",Orchard Park,NY,United States,Not specified,,,,Space & Defense,2026-09-15,2026-09-15,https://careersger-itt-inc.icims.com/jobs/search?ss=1&searchRelation=keyword_all,ats_detected,5,success_after_fallback
94fe2296fb92,2026-09-15,64d9022f568a,ITT Enidine,https://www.enidine.com/en-US/Home,https://careersger-itt-inc.icims.com/jobs/search?ss=1&searchRelation=keyword_all,Titel Product Manager Automotive After Market & Racing,https://careersger-itt-inc.icims.com/jobs/15454/product-manager-automotive-after-market-%26-racing/job,"Orchard Park, NY, United States",Orchard Park,NY,United States,Not specified,,,,Space & Defense,2026-09-15,2026-09-15,https://careersger-itt-inc.icims.com/jobs/search?ss=1&searchRelation=keyword_all,ats_detected,5,success_after_fallback
f1da2aa2f97c,2026-09-15,64d9022f568a,ITT Enidine,https://www.enidine.com/en-US/Home,https://careersmex-itt-inc.icims.com/jobs/search?ss=1&searchRelation=keyword_all,Cargo Inside Sales Representative,https://careersmex-itt-inc.icims.com/jobs/17536/inside-sales-representative/job,"Orchard Park, NY, United States",Orchard Park,NY,United States,Not specified,,,,Space & Defense,2026-09-15,2026-09-15,https://careersmex-itt-inc.icims.com/jobs/search?ss=1&searchRelation=keyword_all,ats_detected,5,success_after_fallback
2da7587fad9d,2026-09-15,64d9022f568a,ITT Enidine,https://www.enidine.com/en-US/Home,https://careersmex-itt-inc.icims.com/jobs/search?ss=1&searchRelation=keyword_all,Cargo Equipment Operator I,https://careersmex-itt-inc.icims.com/jobs/17400/equipment-operator-i/job,"Orchard Park, NY, United States",Orchard Park,NY,United States,Not specified,,,,Space & Defense,2026-09-15,2026-09-15,https://careersmex-itt-inc.icims.com/jobs/search?ss=1&searchRelation=keyword_all,ats_detected,5,success_after_fallback
425fe23d2c07,2026-09-15,64d9022f568a,ITT Enidine,https://www.enidine.com/en-US/Home,https://careersmex-itt-inc.icims.com/jobs/search?ss=1&searchRelation=keyword_all,Cargo Designer,https://careersmex-itt-inc.icims.com/jobs/17380/designer/job,"Orchard Park, NY, United States",Orchard Park,NY,United States,Not specified,,,,Space & Defense,2026-09-15,2026-09-15,https://careersmex-itt-inc.icims.com/jobs/search?ss=1&searchRelation=keyword_all,ats_detected,5,success_after_fallback
b98c7d1c9b39,2026-09-15,64d9022f568a,ITT Enidine,https://www.enidine.com/en-US/Home,https://careersmex-itt-inc.icims.com/jobs/search?ss=1&searchRelation=keyword_all,Cargo Planning Manager - SAP Implementation Project,https://careersmex-itt-inc.icims.com/jobs/17364/planning-manager---sap-implementation-project/job,"Orchard Park, NY, United States",Orchard Park,NY,United States,Not specified,,,,Space & Defense,2026-09-15,2026-09-15,https://careersmex-itt-inc.icims.com/jobs/search?ss=1&searchRelation=keyword_all,ats_detected,5,success_after_fallback
281e213f90a9,2026-09-15,64d9022f568a,ITT Enidine,https://www.enidine.com/en-US/Home,https://careersmex-itt-inc.icims.com/jobs/search?ss=1&searchRelation=keyword_all,Cargo Assembly Operator,https://careersmex-itt-inc.icims.com/jobs/17331/assembly-operator/job,"Orchard Park, NY, United States",Orchard Park,NY,United States,Not specified,,,,Space & Defense,2026-09-15,2026-09-15,https://careersmex-itt-inc.icims.com/jobs/search?ss=1&searchRelation=keyword_all,ats_detected,5,success_after_fallback
741095c17fd4,2026-09-15,64d9022f568a,ITT Enidine,https://www.enidine.com/en-US/Home,https://careersmex-itt-inc.icims.com/jobs/search?ss=1&searchRelation=keyword_all,"Cargo Sourcing, Supply Chain and Logistics Analyst",https://careersmex-itt-inc.icims.com/jobs/17330/sourcing%2c-supply-chain-and-logistics-analyst/job,"Orchard Park, NY, United States",Orchard Park,NY,United States,Not specified,,,,Space & Defense,2026-09-15,2026-09-15,https://careersmex-itt-inc.icims.com/jobs/search?ss=1&searchRelation=keyword_all,ats_detected,5,success_after_fallback
b9d2a71458b9,2026-09-15,64d9022f568a,ITT Enidine,https://www.enidine.com/en-US/Home,https://careersmex-itt-inc.icims.com/jobs/search?ss=1&searchRelation=keyword_all,Cargo Customer Service Analyst,https://careersmex-itt-inc.icims.com/jobs/17113/customer-service-analyst/job,"Orchard Park, NY, United States",Orchard Park,NY,United States,Not specified,,,,Space & Defense,2026-09-15,2026-09-15,https://careersmex-itt-inc.icims.com/jobs/search?ss=1&searchRelation=keyword_all,ats_detected,5,success_after_fallback
05955e9486cc,2026-09-15,64d9022f568a,ITT Enidine,https://www.enidine.com/en-US/Home,https://careersmex-itt-inc.icims.com/jobs/search?ss=1&searchRelation=keyword_all,Cargo Manufacturing Engineer,https://careersmex-itt-inc.icims.com/jobs/16633/manufacturing-engineer/job,"Orchard Park, NY, United States",Orchard Park,NY,United States,Not specified,,,,Space & Defense,2026-09-15,2026-09-15,https://careersmex-itt-inc.icims.com/jobs/search?ss=1&searchRelation=keyword_all,ats_detected,5,success_after_fallback
ae040a7e06bf,2026-09-15,64d9022f568a,ITT Enidine,https://www.enidine.com/en-US/Home,https://careersen-itt-inc.icims.com/jobs/search?ss=1&searchRelation=keyword_all,Title Junior Application Engineer (Entry Level),https://careersen-itt-inc.icims.com/jobs/17604/junior-application-engineer-%28entry-level%29/job,"Orchard Park, NY, United States",Orchard Park,NY,United States,Not specified,,,,Space & Defense,2026-09-15,2026-09-15,https://careersen-itt-inc.icims.com/jobs/search?ss=1&searchRelation=keyword_all,ats_detected,5,success_after_fallback
cf0b71559db3,2026-09-15,64d9022f568a,ITT Enidine,https://www.enidine.com/en-US/Home,https://careersen-itt-inc.icims.com/jobs/search?ss=1&searchRelation=keyword_all,Title Inside Sales Representative,https://careersen-itt-inc.icims.com/jobs/17536/inside-sales-representative/job,"Orchard Park, NY, United States",Orchard Park,NY,United States,Not specified,,,,Space & Defense,2026-09-15,2026-09-15,https://careersen-itt-inc.icims.com/jobs/search?ss=1&searchRelation=keyword_all,ats_detected,5,success_after_fallback
68cc802baf5f,2026-09-15,64d9022f568a,ITT Enidine,https://www.enidine.com/en-US/Home,https://careersen-itt-inc.icims.com/jobs/search?ss=1&searchRelation=keyword_all,Title HR Operations Specialist,https://careersen-itt-inc.icims.com/jobs/17531/hr-operations-specialist/job,"Orchard Park, NY, United States",Orchard Park,NY,United States,Not specified,,,,Space & Defense,2026-09-15,2026-09-15,https://careersen-itt-inc.icims.com/jobs/search?ss=1&searchRelation=keyword_all,ats_detected,5,success_after_fallback
95066864036e,2026-09-15,64d9022f568a,ITT Enidine,https://www.enidine.com/en-US/Home,https://careersen-itt-inc.icims.com/jobs/search?ss=1&searchRelation=keyword_all,Title HR Leader - Transformation & Strategic Projects,https://careersen-itt-inc.icims.com/jobs/17459/hr-leader---transformation-%26-strategic-projects/job,"Orchard Park, NY, United States",Orchard Park,NY,United States,Not specified,,,,Space & Defense,2026-09-15,2026-09-15,https://careersen-itt-inc.icims.com/jobs/search?ss=1&searchRelation=keyword_all,ats_detected,5,success_after_fallback
8d7ea2d61c73,2026-09-15,64d9022f568a,ITT Enidine,https://www.enidine.com/en-US/Home,https://careersen-itt-inc.icims.com/jobs/search?ss=1&searchRelation=keyword_all,Title Credit Analyst,https://careersen-itt-inc.icims.com/jobs/17444/credit-analyst/job,"Orchard Park, NY, United States",Orchard Park,NY,United States,Not specified,,,,Space & Defense,2026-09-15,2026-09-15,https://careersen-itt-inc.icims.com/jobs/search?ss=1&searchRelation=keyword_all,ats_detected,5,success_after_fallback
d11b2c907757,2026-09-15,64d9022f568a,ITT Enidine,https://www.enidine.com/en-US/Home,https://careersen-itt-inc.icims.com/jobs/search?ss=1&searchRelation=keyword_all,Title Designer,https://careersen-itt-inc.icims.com/jobs/17380/designer/job,"Orchard Park, NY, United States",Orchard Park,NY,United States,Not specified,,,,Space & Defense,2026-09-15,2026-09-15,https://careersen-itt-inc.icims.com/jobs/search?ss=1&searchRelation=keyword_all,ats_detected,5,success_after_fallback
72a6568f7f40,2026-09-15,64d9022f568a,ITT Enidine,https://www.enidine.com/en-US/Home,https://careersen-itt-inc.icims.com/jobs/search?ss=1&searchRelation=keyword_all,Title Planning Manager - SAP Implementation Project,https://careersen-itt-inc.icims.com/jobs/17364/planning-manager---sap-implementation-project/job,"Orchard Park, NY, United States",Orchard Park,NY,United States,Not specified,,,,Space & Defense,2026-09-15,2026-09-15,https://careersen-itt-inc.icims.com/jobs/search?ss=1&searchRelation=keyword_all,ats_detected,5,success_after_fallback
5160d1d1e933,2026-09-15,64d9022f568a,ITT Enidine,https://www.enidine.com/en-US/Home,https://careersen-itt-inc.icims.com/jobs/search?ss=1&searchRelation=keyword_all,Title Sales Representative,https://careersen-itt-inc.icims.com/jobs/17347/sales-representative/job,"Orchard Park, NY, United States",Orchard Park,NY,United States,Not specified,,,,Space & Defense,2026-09-15,2026-09-15,https://careersen-itt-inc.icims.com/jobs/search?ss=1&searchRelation=keyword_all,ats_detected,5,success_after_fallback
356153abca2d,2026-09-15,64d9022f568a,ITT Enidine,https://www.enidine.com/en-US/Home,https://careersen-itt-inc.icims.com/jobs/search?ss=1&searchRelation=keyword_all,Title Assembly Operator,https://careersen-itt-inc.icims.com/jobs/17331/assembly-operator/job,"Orchard Park, NY, United States",Orchard Park,NY,United States,Not specified,,,,Space & Defense,2026-09-15,2026-09-15,https://careersen-itt-inc.icims.com/jobs/search?ss=1&searchRelation=keyword_all,ats_detected,5,success_after_fallback
5383c4a8a4ca,2026-09-15,64d9022f568a,ITT Enidine,https://www.enidine.com/en-US/Home,https://careersen-itt-inc.icims.com/jobs/search?ss=1&searchRelation=keyword_all,"Title Sourcing, Supply Chain and Logistics Analyst",https://careersen-itt-inc.icims.com/jobs/17330/sourcing%2c-supply-chain-and-logistics-analyst/job,"Orchard Park, NY, United States",Orchard Park,NY,United States,Not specified,,,,Space & Defense,2026-09-15,2026-09-15,https://careersen-itt-inc.icims.com/jobs/search?ss=1&searchRelation=keyword_all,ats_detected,5,success_after_fallback
2603ec2fb53d,2026-09-15,64d9022f568a,ITT Enidine,https://www.enidine.com/en-US/Home,https://careersen-itt-inc.icims.com/jobs/search?ss=1&searchRelation=keyword_all,Title Lead Analytics Engineer,https://careersen-itt-inc.icims.com/jobs/17299/lead-analytics-engineer/job,"Orchard Park, NY, United States",Orchard Park,NY,United States,Not specified,,,,Space & Defense,2026-09-15,2026-09-15,https://careersen-itt-inc.icims.com/jobs/search?ss=1&searchRelation=keyword_all,ats_detected,5,success_after_fallback
1f063b3551ed,2026-09-15,64d9022f568a,ITT Enidine,https://www.enidine.com/en-US/Home,https://careersen-itt-inc.icims.com/jobs/search?ss=1&searchRelation=keyword_all,Title Junior Analytics Engineer,https://careersen-itt-inc.icims.com/jobs/17291/junior-analytics-engineer/job,"Orchard Park, NY, United States",Orchard Park,NY,United States,Not specified,,,,Space & Defense,2026-09-15,2026-09-15,https://careersen-itt-inc.icims.com/jobs/search?ss=1&searchRelation=keyword_all,ats_detected,5,success_after_fallback
a47a09000921,2026-09-15,64d9022f568a,ITT Enidine,https://www.enidine.com/en-US/Home,https://careersen-itt-inc.icims.com/jobs/search?ss=1&searchRelation=keyword_all,Title Finance Shared Services Manager - Projects & Operations,https://careersen-itt-inc.icims.com/jobs/17284/finance-shared-services-manager---projects-%26-operations/job,"Orchard Park, NY, United States",Orchard Park,NY,United States,Not specified,,,,Space & Defense,2026-09-15,2026-09-15,https://careersen-itt-inc.icims.com/jobs/search?ss=1&searchRelation=keyword_all,ats_detected,5,success_after_fallback
0c8e0c119fe4,2026-09-15,64d9022f568a,ITT Enidine,https://www.enidine.com/en-US/Home,https://careersen-itt-inc.icims.com/jobs/search?ss=1&searchRelation=keyword_all,Title Technical Business Development Manager Connectors for Defense & Aerospace – Eastern Europe,https://careersen-itt-inc.icims.com/jobs/17258/technical-business-development-manager-connectors-for-defense-%26-aerospace-%e2%80%93-eastern-europe/job,"Orchard Park, NY, United States",Orchard Park,NY,United States,Remote,,,,Space & Defense,2026-09-15,2026-09-15,https://careersen-itt-inc.icims.com/jobs/search?ss=1&searchRelation=keyword_all,ats_detected,5,success_after_fallback
dc5541523c3d,2026-09-15,64d9022f568a,ITT Enidine,https://www.enidine.com/en-US/Home,https://careersen-itt-inc.icims.com/jobs/search?ss=1&searchRelation=keyword_all,Title Technical Business Development Manager Connectors for Defense & Aerospace - DACH,https://careersen-itt-inc.icims.com/jobs/17257/technical-business-development-manager-connectors-for-defense-%26-aerospace---dach/job,"Orchard Park, NY, United States",Orchard Park,NY,United States,Remote,,,,Space & Defense,2026-09-15,2026-09-15,https://careersen-itt-inc.icims.com/jobs/search?ss=1&searchRelation=keyword_all,ats_detected,5,success_after_fallback
66a52bce4bc4,2026-09-15,64d9022f568a,ITT Enidine,https://www.enidine.com/en-US/Home,https://careersen-itt-inc.icims.com/jobs/search?ss=1&searchRelation=keyword_all,Title Application Engineer,https://careersen-itt-inc.icims.com/jobs/17214/application-engineer/job,"Orchard Park, NY, United States",Orchard Park,NY,United States,Not specified,,,,Space & Defense,2026-09-15,2026-09-15,https://careersen-itt-inc.icims.com/jobs/search?ss=1&searchRelation=keyword_all,ats_detected,5,success_after_fallback
c404b86641f4,2026-09-15,64d9022f568a,ITT Enidine,https://www.enidine.com/en-US/Home,https://careersen-itt-inc.icims.com/jobs/search?ss=1&searchRelation=keyword_all,Title AI & Manufacturing Innovation Engineer,https://careersen-itt-inc.icims.com/jobs/17121/ai-%26-manufacturing-innovation-engineer/job,"Orchard Park, NY, United States",Orchard Park,NY,United States,Not specified,,,,Space & Defense,2026-09-15,2026-09-15,https://careersen-itt-inc.icims.com/jobs/search?ss=1&searchRelation=keyword_all,ats_detected,5,success_after_fallback
ab029f496844,2026-09-15,64d9022f568a,ITT Enidine,https://www.enidine.com/en-US/Home,https://careersen-itt-inc.icims.com/jobs/search?ss=1&searchRelation=keyword_all,Title Sales Manager,https://careersen-itt-inc.icims.com/jobs/17114/sales-manager/job,"Orchard Park, NY, United States",Orchard Park,NY,United States,Not specified,,,,Space & Defense,2026-09-15,2026-09-15,https://careersen-itt-inc.icims.com/jobs/search?ss=1&searchRelation=keyword_all,ats_detected,5,success_after_fallback
7c10f59eecd9,2026-09-15,64d9022f568a,ITT Enidine,https://www.enidine.com/en-US/Home,https://careersen-itt-inc.icims.com/jobs/search?ss=1&searchRelation=keyword_all,Title Customer Service Analyst,https://careersen-itt-inc.icims.com/jobs/17113/customer-service-analyst/job,"Orchard Park, NY, United States",Orchard Park,NY,United States,Not specified,,,,Space & Defense,2026-09-15,2026-09-15,https://careersen-itt-inc.icims.com/jobs/search?ss=1&searchRelation=keyword_all,ats_detected,5,success_after_fallback
41163fde7d23,2026-09-15,64d9022f568a,ITT Enidine,https://www.enidine.com/en-US/Home,https://careersen-itt-inc.icims.com/jobs/search?ss=1&searchRelation=keyword_all,Title Talent Insights Analyst,https://careersen-itt-inc.icims.com/jobs/17072/talent-insights-analyst/job,"Orchard Park, NY, United States",Orchard Park,NY,United States,Not specified,,,,Space & Defense,2026-09-15,2026-09-15,https://careersen-itt-inc.icims.com/jobs/search?ss=1&searchRelation=keyword_all,ats_detected,5,success_after_fallback
91aa73b5e290,2026-09-15,64d9022f568a,ITT Enidine,https://www.enidine.com/en-US/Home,https://careersen-itt-inc.icims.com/jobs/search?ss=1&searchRelation=keyword_all,Title Global Quality Engineer Lead,https://careersen-itt-inc.icims.com/jobs/16805/global-quality-engineer-lead/job,"Orchard Park, NY, United States",Orchard Park,NY,United States,Not specified,,,,Space & Defense,2026-09-15,2026-09-15,https://careersen-itt-inc.icims.com/jobs/search?ss=1&searchRelation=keyword_all,ats_detected,5,success_after_fallback
54f01b8dbe30,2026-09-15,64d9022f568a,ITT Enidine,https://www.enidine.com/en-US/Home,https://careersen-itt-inc.icims.com/jobs/search?ss=1&searchRelation=keyword_all,Title Application Engineer Railway,https://careersen-itt-inc.icims.com/jobs/16767/application-engineer-railway/job,"Orchard Park, NY, United States",Orchard Park,NY,United States,Not specified,,,,Space & Defense,2026-09-15,2026-09-15,https://careersen-itt-inc.icims.com/jobs/search?ss=1&searchRelation=keyword_all,ats_detected,5,success_after_fallback
a2343af66dc4,2026-09-15,64d9022f568a,ITT Enidine,https://www.enidine.com/en-US/Home,https://careersen-itt-inc.icims.com/jobs/search?ss=1&searchRelation=keyword_all,Title Senior AI/ML Engineer,https://careersen-itt-inc.icims.com/jobs/16717/senior-ai-ml-engineer/job,"Orchard Park, NY, United States",Orchard Park,NY,United States,Not specified,,,,Space & Defense,2026-09-15,2026-09-15,https://careersen-itt-inc.icims.com/jobs/search?ss=1&searchRelation=keyword_all,ats_detected,5,success_after_fallback
b607cc8f9a30,2026-09-15,64d9022f568a,ITT Enidine,https://www.enidine.com/en-US/Home,https://careersen-itt-inc.icims.com/jobs/search?ss=1&searchRelation=keyword_all,Title IT Business Analyst (Application Configuration Specialist),https://careersen-itt-inc.icims.com/jobs/16713/it-business-analyst-%28application-configuration-specialist%29/job,"Orchard Park, NY, United States",Orchard Park,NY,United States,Not specified,,,,Space & Defense,2026-09-15,2026-09-15,https://careersen-itt-inc.icims.com/jobs/search?ss=1&searchRelation=keyword_all,ats_detected,5,success_after_fallback
e2fe533dc463,2026-09-15,64d9022f568a,ITT Enidine,https://www.enidine.com/en-US/Home,https://careersen-itt-inc.icims.com/jobs/search?ss=1&searchRelation=keyword_all,Title Application Engineer (P2),https://careersen-itt-inc.icims.com/jobs/16638/application-engineer-%28p2%29/job,"Orchard Park, NY, United States",Orchard Park,NY,United States,Not specified,,,,Space & Defense,2026-09-15,2026-09-15,https://careersen-itt-inc.icims.com/jobs/search?ss=1&searchRelation=keyword_all,ats_detected,5,success_after_fallback
8d4e1490154e,2026-09-15,64d9022f568a,ITT Enidine,https://www.enidine.com/en-US/Home,https://careersen-itt-inc.icims.com/jobs/search?ss=1&searchRelation=keyword_all,Title Manufacturing Engineer,https://careersen-itt-inc.icims.com/jobs/16633/manufacturing-engineer/job,"Orchard Park, NY, United States",Orchard Park,NY,United States,Not specified,,,,Space & Defense,2026-09-15,2026-09-15,https://careersen-itt-inc.icims.com/jobs/search?ss=1&searchRelation=keyword_all,ats_detected,5,success_after_fallback
b2d0be131c26,2026-09-15,64d9022f568a,ITT Enidine,https://www.enidine.com/en-US/Home,https://careersen-itt-inc.icims.com/jobs/search?ss=1&searchRelation=keyword_all,Title Global Purchasing & Sourcing Lead,https://careersen-itt-inc.icims.com/jobs/16615/global-purchasing-%26-sourcing-lead/job,"Orchard Park, NY, United States",Orchard Park,NY,United States,Not specified,,,,Space & Defense,2026-09-15,2026-09-15,https://careersen-itt-inc.icims.com/jobs/search?ss=1&searchRelation=keyword_all,ats_detected,5,success_after_fallback
8c401a107db2,2026-09-15,64d9022f568a,ITT Enidine,https://www.enidine.com/en-US/Home,https://careersen-itt-inc.icims.com/jobs/search?ss=1&searchRelation=keyword_all,Title Test Engineer,https://careersen-itt-inc.icims.com/jobs/16378/test-engineer/job,"Orchard Park, NY, United States",Orchard Park,NY,United States,Not specified,,,,Space & Defense,2026-09-15,2026-09-15,https://careersen-itt-inc.icims.com/jobs/search?ss=1&searchRelation=keyword_all,ats_detected,5,success_after_fallback
ad288983df18,2026-09-15,64d9022f568a,ITT Enidine,https://www.enidine.com/en-US/Home,https://careersen-itt-inc.icims.com/jobs/search?ss=1&searchRelation=keyword_all,Title Product Manager Automotive After Market & Racing,https://careersen-itt-inc.icims.com/jobs/15454/product-manager-automotive-after-market-%26-racing/job,"Orchard Park, NY, United States",Orchard Park,NY,United States,Not specified,,,,Space & Defense,2026-09-15,2026-09-15,https://careersen-itt-inc.icims.com/jobs/search?ss=1&searchRelation=keyword_all,ats_detected,5,success_after_fallback
6b1b979a6787,2026-09-15,64d9022f568a,ITT Enidine,https://www.enidine.com/en-US/Home,https://careersen-itt-inc.icims.com/jobs/search?ss=1&searchRelation=keyword_all,Title Application Engineer,https://careersen-itt-inc.icims.com/jobs/15377/application-engineer/job,"Orchard Park, NY, United States",Orchard Park,NY,United States,Not specified,,,,Space & Defense,2026-09-15,2026-09-15,https://careersen-itt-inc.icims.com/jobs/search?ss=1&searchRelation=keyword_all,ats_detected,5,success_after_fallback
3ccf63a35027,2026-09-15,64d9022f568a,ITT Enidine,https://www.enidine.com/en-US/Home,https://careersen-itt-inc.icims.com/jobs/search?ss=1&searchRelation=keyword_all,Title Product Design Engineer,https://careersen-itt-inc.icims.com/jobs/15366/product-design-engineer/job,"Orchard Park, NY, United States",Orchard Park,NY,United States,Not specified,,,,Space & Defense,2026-09-15,2026-09-15,https://careersen-itt-inc.icims.com/jobs/search?ss=1&searchRelation=keyword_all,ats_detected,5,success_after_fallback
94bb4ec31afa,2026-09-15,64d9022f568a,ITT Enidine,https://www.enidine.com/en-US/Home,https://careersen-itt-inc.icims.com/jobs/search?ss=1&searchRelation=keyword_all,Title Application Engineering Lead,https://careersen-itt-inc.icims.com/jobs/15348/application-engineering-lead/job,"Orchard Park, NY, United States",Orchard Park,NY,United States,Not specified,,,,Space & Defense,2026-09-15,2026-09-15,https://careersen-itt-inc.icims.com/jobs/search?ss=1&searchRelation=keyword_all,ats_detected,5,success_after_fallback
1cb9f55eda14,2026-09-15,64d9022f568a,ITT Enidine,https://www.enidine.com/en-US/Home,https://careersenus-itt-inc.icims.com/jobs/17679/psm-a-hourly-191b---4/job,PSM A-HOURLY 191B - 4,https://careersenus-itt-inc.icims.com/jobs/17679/psm-a-hourly-191b---4/job,"Seneca Falls, NY, US",Seneca Falls,NY,United States,Not specified,,,Operations,Space & Defense,2026-09-15,2026-09-15,https://careersenus-itt-inc.icims.com/jobs/17679/psm-a-hourly-191b---4/job,ats_detected,4,success_after_fallback
e1f6024ad84c,2026-09-15,64d9022f568a,ITT Enidine,https://www.enidine.com/en-US/Home,https://careersenus-itt-inc.icims.com/jobs/17678/qa-engineer-iii/job,Qa Engineer Iii,https://careersenus-itt-inc.icims.com/jobs/17678/qa-engineer-iii/referral,"Orchard Park, NY, United States",Orchard Park,NY,United States,Not specified,,,,Space & Defense,2026-09-15,2026-09-15,https://careersenus-itt-inc.icims.com/jobs/17678/qa-engineer-iii/job,ats_detected,5,success_after_fallback
876d698d1e86,2026-09-15,64d9022f568a,ITT Enidine,https://www.enidine.com/en-US/Home,https://careersenus-itt-inc.icims.com/jobs/17677/test-engineer/job,Test Engineer,https://careersenus-itt-inc.icims.com/jobs/17677/test-engineer/referral,"Orchard Park, NY, United States",Orchard Park,NY,United States,Not specified,,,,Space & Defense,2026-09-15,2026-09-15,https://careersenus-itt-inc.icims.com/jobs/17677/test-engineer/job,ats_detected,5,success_after_fallback
914f1b125135,2026-09-15,64d9022f568a,ITT Enidine,https://www.enidine.com/en-US/Home,https://careersenus-itt-inc.icims.com/jobs/17675/manufacturing-engineer/job,Manufacturing Engineer,https://careersenus-itt-inc.icims.com/jobs/17675/manufacturing-engineer/referral,"Orchard Park, NY, United States",Orchard Park,NY,United States,Not specified,,,,Space & Defense,2026-09-15,2026-09-15,https://careersenus-itt-inc.icims.com/jobs/17675/manufacturing-engineer/job,ats_detected,5,success_after_fallback
982f7feeff58,2026-09-15,49a39e5c497b,L3Harris,https://www.l3harris.com/,https://careers.l3harris.com/en,L3Harris Engineering Hiring Event Greater Boston Ma,https://careers.l3harris.com/en/job/wilmington/l3harris-engineering-hiring-event-greater-boston-ma/4832/98348330736,"Greece, NY, United States",Greece,NY,United States,Not specified,,,,Space & Defense,2026-09-15,2026-09-15,https://careers.l3harris.com/en,known_careers_url,4,success
cfb445e721d4,2026-09-15,49a39e5c497b,L3Harris,https://www.l3harris.com/,https://careers.l3harris.com/en,L3Harris Engineering And Technician Career Fair Camden Ar,https://careers.l3harris.com/en/job/camden/l3harris-engineering-and-technician-career-fair-camden-ar/4832/99420660864,"Greece, NY, United States",Greece,NY,United States,Not specified,,,,Space & Defense,2026-09-15,2026-09-15,https://careers.l3harris.com/en,known_careers_url,4,success
55a4783e4f9a,2026-09-15,49a39e5c497b,L3Harris,https://www.l3harris.com/,https://careers.l3harris.com/en,Senior Manager Operations Management,https://careers.l3harris.com/en/job/camden/senior-manager-operations-management/4832/100667927152,"Camden, Arkansas",Camden,AR,United States,Not specified,,,,Space & Defense,2026-09-15,2026-09-15,https://careers.l3harris.com/en,known_careers_url,4,success
d8ae57d7b77c,2026-09-15,49a39e5c497b,L3Harris,https://www.l3harris.com/,https://careers.l3harris.com/en,Programme Engineering Lead,https://careers.l3harris.com/en/job/barrow-in-furness/programme-engineering-lead/4832/100667927120,"Greece, NY, United States",Greece,NY,United States,Not specified,,,,Space & Defense,2026-09-15,2026-09-15,https://careers.l3harris.com/en,known_careers_url,4,success
ae4e08c080a2,2026-09-15,49a39e5c497b,L3Harris,https://www.l3harris.com/,https://careers.l3harris.com/en,Manufacturing Engineer Ai And T Structures Electrical,https://careers.l3harris.com/en/job/rochester/manufacturing-engineer-ai-and-t-structures-electrical/4832/100633340800,"Rochester, New York",Rochester,NY,United States,Not specified,,,,Space & Defense,2026-09-15,2026-09-15,https://careers.l3harris.com/en,known_careers_url,4,success
7e9d1bfdff3f,2026-09-15,49a39e5c497b,L3Harris,https://www.l3harris.com/,https://careers.l3harris.com/en,Specialist Mechanical Engineer Mechanisms,https://careers.l3harris.com/en/job/carlsbad/specialist-mechanical-engineer-mechanisms/4832/100498293920,"Carlsbad, California",Carlsbad,CA,United States,Not specified,,,,Space & Defense,2026-09-15,2026-09-15,https://careers.l3harris.com/en,known_careers_url,4,success
4eca83f6d26b,2026-09-15,49a39e5c497b,L3Harris,https://www.l3harris.com/,https://careers.l3harris.com/en/search-jobs,Lead Contracts,https://careers.l3harris.com/en/job/bristol/lead-contracts/4832/100511531184,"Bristol, PA",Bristol,PA,United States,Not specified,,,,Space & Defense,2026-09-15,2026-09-15,https://careers.l3harris.com/en/search-jobs,linked_page,4,success_after_fallback
7790a4a3197e,2026-09-15,49a39e5c497b,L3Harris,https://www.l3harris.com/,https://careers.l3harris.com/en/search-jobs,Specialist Systems Engineer Ils Engineer,https://careers.l3harris.com/en/job/salt-lake-city/specialist-systems-engineer-ils-engineer/4832/100492585840,"Salt Lake City, UT",Salt Lake City,UT,United States,Not specified,,,,Space & Defense,2026-09-15,2026-09-15,https://careers.l3harris.com/en/search-jobs,linked_page,4,success_after_fallback
be655f5581d6,2026-09-15,49a39e5c497b,L3Harris,https://www.l3harris.com/,https://careers.l3harris.com/en/search-jobs,Sr Specialist Systems Engineer,https://careers.l3harris.com/en/job/clifton/sr-specialist-systems-engineer/4832/100492585792,"Clifton, NJ",Clifton,NJ,United States,Not specified,,,,Space & Defense,2026-09-15,2026-09-15,https://careers.l3harris.com/en/search-jobs,linked_page,4,success_after_fallback
cfe305595bbe,2026-09-15,49a39e5c497b,L3Harris,https://www.l3harris.com/,https://careers.l3harris.com/en/search-jobs,Lead Material Program Manager,https://careers.l3harris.com/en/job/mason/lead-material-program-manager/4832/100492585856,"Mason, OH",Mason,OH,United States,Not specified,,,,Space & Defense,2026-09-15,2026-09-15,https://careers.l3harris.com/en/search-jobs,linked_page,4,success_after_fallback
c7c9fac5cbfc,2026-09-15,49a39e5c497b,L3Harris,https://www.l3harris.com/,https://careers.l3harris.com/en/search-jobs,Senior Specialist Systems Engineer,https://careers.l3harris.com/en/job/carlsbad/senior-specialist-systems-engineer/4832/100492585776,"Carlsbad, CA",Carlsbad,CA,United States,Not specified,,,,Space & Defense,2026-09-15,2026-09-15,https://careers.l3harris.com/en/search-jobs,linked_page,4,success_after_fallback
ea11a3804b65,2026-09-15,49a39e5c497b,L3Harris,https://www.l3harris.com/,https://careers.l3harris.com/en/search-jobs,Lead Fpga Electrical Design Engineer,https://careers.l3harris.com/en/job/carlsbad/lead-fpga-electrical-design-engineer/4832/100492585648,"Carlsbad, CA",Carlsbad,CA,United States,Not specified,,,,Space & Defense,2026-09-15,2026-09-15,https://careers.l3harris.com/en/search-jobs,linked_page,4,success_after_fallback
f18008d1db73,2026-09-15,49a39e5c497b,L3Harris,https://www.l3harris.com/,https://careers.l3harris.com/en/search-jobs,"Specialist, Finance Finance Remote",https://careers.l3harris.com/en/job/united-states/specialist-finance/4832/100498293872,Remote,,,,Remote,,,,Space & Defense,2026-09-15,2026-09-15,https://careers.l3harris.com/en/search-jobs,linked_page,4,success_after_fallback
8169b9d54612,2026-09-15,49a39e5c497b,L3Harris,https://www.l3harris.com/,https://careers.l3harris.com/en/search-jobs,Senior Specialist Program Finance,https://careers.l3harris.com/en/job/huntsville/senior-specialist-program-finance/4832/100463820576,"Huntsville, AL",Huntsville,AL,United States,Not specified,,,,Space & Defense,2026-09-15,2026-09-15,https://careers.l3harris.com/en/search-jobs,linked_page,4,success_after_fallback
000e0115e2a8,2026-09-15,49a39e5c497b,L3Harris,https://www.l3harris.com/,https://careers.l3harris.com/en/search-jobs,Associate Software Engineer,https://careers.l3harris.com/en/job/salt-lake-city/associate-software-engineer/4832/100449805936,"Salt Lake City, UT",Salt Lake City,UT,United States,Not specified,,,,Space & Defense,2026-09-15,2026-09-15,https://careers.l3harris.com/en/search-jobs,linked_page,4,success_after_fallback
00c4ecca921b,2026-09-15,49a39e5c497b,L3Harris,https://www.l3harris.com/,https://careers.l3harris.com/en/search-jobs,Specialist Technical Support Engineering Transmission Control Tc,https://careers.l3harris.com/en/job/fort-george-g-meade/specialist-technical-support-engineering-transmission-control-tc/4832/100449805904,"Fort George G Meade, MD",Fort George G Meade,MD,United States,Not specified,,,,Space & Defense,2026-09-15,2026-09-15,https://careers.l3harris.com/en/search-jobs,linked_page,4,success_after_fallback
254dae1e5785,2026-09-15,49a39e5c497b,L3Harris,https://www.l3harris.com/,https://careers.l3harris.com/en/search-jobs,Specialist Subcontracts,https://careers.l3harris.com/en/job/palm-bay/specialist-subcontracts/4832/100449805824,"Palm Bay, Brevard, FL",Palm Bay,FL,United States,Not specified,,,,Space & Defense,2026-09-15,2026-09-15,https://careers.l3harris.com/en/search-jobs,linked_page,4,success_after_fallback
c8508256c94a,2026-09-15,49a39e5c497b,L3Harris,https://www.l3harris.com/,https://careers.l3harris.com/en/job/wilmington/l3harris-engineering-hiring-event-greater-boston-ma/4832/98348330736,L3Harris Engineering Hiring Event Greater Boston Ma,https://careers.l3harris.com/en/job/wilmington/l3harris-engineering-hiring-event-greater-boston-ma/4832/search-jobs,"Greece, NY, United States",Greece,NY,United States,Not specified,,,,Space & Defense,2026-09-15,2026-09-15,https://careers.l3harris.com/en/job/wilmington/l3harris-engineering-hiring-event-greater-boston-ma/4832/98348330736,linked_page,4,success_after_fallback
5d665e386d9d,2026-09-15,49a39e5c497b,L3Harris,https://www.l3harris.com/,https://careers.l3harris.com/en/job/wilmington/l3harris-engineering-hiring-event-greater-boston-ma/4832/98348330736,Sr Specialist Iptl Mechanical Engineer Space Systems Sign On Bonus 20K Max,https://careers.l3harris.com/en/job/wilmington/sr-specialist-iptl-mechanical-engineer-space-systems-sign-on-bonus-20k-max/4832/100393551840,"Wilmington, Massachusetts",Wilmington,MA,United States,Not specified,,,,Space & Defense,2026-09-15,2026-09-15,https://careers.l3harris.com/en/job/wilmington/l3harris-engineering-hiring-event-greater-boston-ma/4832/98348330736,linked_page,4,success_after_fallback
98d7cc66f368,2026-09-15,49a39e5c497b,L3Harris,https://www.l3harris.com/,https://careers.l3harris.com/en/job/wilmington/l3harris-engineering-hiring-event-greater-boston-ma/4832/98348330736,Specialist Embedded Software Engineer Aerospace Flight Sign On Bonus 15K Max,https://careers.l3harris.com/en/job/wilmington/specialist-embedded-software-engineer-aerospace-flight-sign-on-bonus-15k-max/4832/100102043968,"Wilmington, Massachusetts",Wilmington,MA,United States,Not specified,,,,Space & Defense,2026-09-15,2026-09-15,https://careers.l3harris.com/en/job/wilmington/l3harris-engineering-hiring-event-greater-boston-ma/4832/98348330736,linked_page,4,success_after_fallback
1faed6a45683,2026-09-15,49a39e5c497b,L3Harris,https://www.l3harris.com/,https://careers.l3harris.com/en/job/wilmington/l3harris-engineering-hiring-event-greater-boston-ma/4832/98348330736,Senior Embedded Software Engineer Space Systems Sign On Bonus 30K Max,https://careers.l3harris.com/en/job/wilmington/senior-embedded-software-engineer-space-systems-sign-on-bonus-30k-max/4832/100087751632,"Wilmington, Massachusetts",Wilmington,MA,United States,Not specified,,,,Space & Defense,2026-09-15,2026-09-15,https://careers.l3harris.com/en/job/wilmington/l3harris-engineering-hiring-event-greater-boston-ma/4832/98348330736,linked_page,4,success_after_fallback
801743bbc81a,2026-09-15,49a39e5c497b,L3Harris,https://www.l3harris.com/,https://careers.l3harris.com/en/job/wilmington/l3harris-engineering-hiring-event-greater-boston-ma/4832/98348330736,Lead Mechanical Engineer Ny,https://careers.l3harris.com/en/job/rochester/lead-mechanical-engineer-ny/4832/98191352000,"Rochester, New York, Wilmington, Massachusetts",Rochester,NY,United States,Not specified,,,,Space & Defense,2026-09-15,2026-09-15,https://careers.l3harris.com/en/job/wilmington/l3harris-engineering-hiring-event-greater-boston-ma/4832/98348330736,linked_page,4,success_after_fallback
e0b7355ebcda,2026-09-15,49a39e5c497b,L3Harris,https://www.l3harris.com/,"https://careers.l3harris.com/en/search-jobs?acm=8686208,8679712,62721&alrpm=ALL&ascf=[%7B%22key%22:%22ALL%22,%22value%22:%22%22%7D]",Sr Associate Social Media,https://careers.l3harris.com/en/job/melbourne/sr-associate-social-media/4832/100436629312,"Melbourne, FL",Melbourne,FL,United States,Not specified,,,,Space & Defense,2026-09-15,2026-09-15,"https://careers.l3harris.com/en/search-jobs?acm=8686208,8679712,62721&alrpm=ALL&ascf=[%7B%22key%22:%22ALL%22,%22value%22:%22%22%7D]",linked_page,4,success_after_fallback
9929af904b4d,2026-09-15,49a39e5c497b,L3Harris,https://www.l3harris.com/,"https://careers.l3harris.com/en/search-jobs?acm=8686208,8679712,62721&alrpm=ALL&ascf=[%7B%22key%22:%22ALL%22,%22value%22:%22%22%7D]",Associate Procurement,https://careers.l3harris.com/en/job/huntsville/associate-procurement/4832/100102044736,"Huntsville, AL",Huntsville,AL,United States,Not specified,,,,Space & Defense,2026-09-15,2026-09-15,"https://careers.l3harris.com/en/search-jobs?acm=8686208,8679712,62721&alrpm=ALL&ascf=[%7B%22key%22:%22ALL%22,%22value%22:%22%22%7D]",linked_page,4,success_after_fallback
4438bac965f4,2026-09-15,49a39e5c497b,L3Harris,https://www.l3harris.com/,"https://careers.l3harris.com/en/search-jobs?acm=8686208,8679712,62721&alrpm=ALL&ascf=[%7B%22key%22:%22ALL%22,%22value%22:%22%22%7D]",Associate Procurement,https://careers.l3harris.com/en/job/west-palm-beach/associate-procurement/4832/100102044688,"West Palm Beach, FL",West Palm Beach,FL,United States,Not specified,,,,Space & Defense,2026-09-15,2026-09-15,"https://careers.l3harris.com/en/search-jobs?acm=8686208,8679712,62721&alrpm=ALL&ascf=[%7B%22key%22:%22ALL%22,%22value%22:%22%22%7D]",linked_page,4,success_after_fallback
e3cf8bdd7717,2026-09-15,49a39e5c497b,L3Harris,https://www.l3harris.com/,"https://careers.l3harris.com/en/search-jobs?acm=8686208,8679712,62721&alrpm=ALL&ascf=[%7B%22key%22:%22ALL%22,%22value%22:%22%22%7D]",Associate Procurement,https://careers.l3harris.com/en/job/canoga-park/associate-procurement/4832/100102044656,"Canoga Park, CA",Canoga Park,CA,United States,Not specified,,,,Space & Defense,2026-09-15,2026-09-15,"https://careers.l3harris.com/en/search-jobs?acm=8686208,8679712,62721&alrpm=ALL&ascf=[%7B%22key%22:%22ALL%22,%22value%22:%22%22%7D]",linked_page,4,success_after_fallback
b08a50791926,2026-09-15,49a39e5c497b,L3Harris,https://www.l3harris.com/,"https://careers.l3harris.com/en/search-jobs?acm=8686208,8679712,62721&alrpm=ALL&ascf=[%7B%22key%22:%22ALL%22,%22value%22:%22%22%7D]",Associate Procurement,https://careers.l3harris.com/en/job/camden/associate-procurement/4832/100102044608,"Camden, AR",Camden,AR,United States,Not specified,,,,Space & Defense,2026-09-15,2026-09-15,"https://careers.l3harris.com/en/search-jobs?acm=8686208,8679712,62721&alrpm=ALL&ascf=[%7B%22key%22:%22ALL%22,%22value%22:%22%22%7D]",linked_page,4,success_after_fallback
8531f9a9d4c5,2026-09-15,49a39e5c497b,L3Harris,https://www.l3harris.com/,"https://careers.l3harris.com/en/search-jobs?acm=8686208,8679712,62721&alrpm=ALL&ascf=[%7B%22key%22:%22ALL%22,%22value%22:%22%22%7D]",Associate Procurement,https://careers.l3harris.com/en/job/huntsville/associate-procurement/4832/100102044768,"Huntsville, AL",Huntsville,AL,United States,Not specified,,,,Space & Defense,2026-09-15,2026-09-15,"https://careers.l3harris.com/en/search-jobs?acm=8686208,8679712,62721&alrpm=ALL&ascf=[%7B%22key%22:%22ALL%22,%22value%22:%22%22%7D]",linked_page,4,success_after_fallback
753a3f351936,2026-09-15,49a39e5c497b,L3Harris,https://www.l3harris.com/,"https://careers.l3harris.com/en/search-jobs?acm=8686208,8679712,62721&alrpm=ALL&ascf=[%7B%22key%22:%22ALL%22,%22value%22:%22%22%7D]",Business Analyst Operations Npi Waterdown Can,https://careers.l3harris.com/en/job/waterdown/business-analyst-operations-npi-waterdown-can/4832/100436629232,"Greece, NY, United States",Greece,NY,United States,Not specified,,,,Space & Defense,2026-09-15,2026-09-15,"https://careers.l3harris.com/en/search-jobs?acm=8686208,8679712,62721&alrpm=ALL&ascf=[%7B%22key%22:%22ALL%22,%22value%22:%22%22%7D]",linked_page,4,success_after_fallback
6df1548b3ea9,2026-09-15,49a39e5c497b,L3Harris,https://www.l3harris.com/,"https://careers.l3harris.com/en/search-jobs?acm=8686208,8679712,62721&alrpm=ALL&ascf=[%7B%22key%22:%22ALL%22,%22value%22:%22%22%7D]",Engineering Leadership Development Program Mechanical Engineer Various Locations,https://careers.l3harris.com/en/job/melbourne/engineering-leadership-development-program-mechanical-engineer-various-locations/4832/100148576176,"Melbourne, FL",Melbourne,FL,United States,Not specified,,,,Space & Defense,2026-09-15,2026-09-15,"https://careers.l3harris.com/en/search-jobs?acm=8686208,8679712,62721&alrpm=ALL&ascf=[%7B%22key%22:%22ALL%22,%22value%22:%22%22%7D]",linked_page,4,success_after_fallback
e6a4aad5316b,2026-09-15,49a39e5c497b,L3Harris,https://www.l3harris.com/,"https://careers.l3harris.com/en/search-jobs?acm=8686208,8679712,62721&alrpm=ALL&ascf=[%7B%22key%22:%22ALL%22,%22value%22:%22%22%7D]",Engineering Leadership Development Program Mechanical Engineer Various Locations,https://careers.l3harris.com/en/job/melbourne/engineering-leadership-development-program-mechanical-engineer-various-locations/4832/100148576208,"Melbourne, FL",Melbourne,FL,United States,Not specified,,,,Space & Defense,2026-09-15,2026-09-15,"https://careers.l3harris.com/en/search-jobs?acm=8686208,8679712,62721&alrpm=ALL&ascf=[%7B%22key%22:%22ALL%22,%22value%22:%22%22%7D]",linked_page,4,success_after_fallback
fd2c49c90e46,2026-09-15,49a39e5c497b,L3Harris,https://www.l3harris.com/,"https://careers.l3harris.com/en/search-jobs?acm=8686208,8679712,62721&alrpm=ALL&ascf=[%7B%22key%22:%22ALL%22,%22value%22:%22%22%7D]",Engineering Leadership Development Program Electrical Engineer Various Locations,https://careers.l3harris.com/en/job/melbourne/engineering-leadership-development-program-electrical-engineer-various-locations/4832/100148576240,"Melbourne, FL",Melbourne,FL,United States,Not specified,,,,Space & Defense,2026-09-15,2026-09-15,"https://careers.l3harris.com/en/search-jobs?acm=8686208,8679712,62721&alrpm=ALL&ascf=[%7B%22key%22:%22ALL%22,%22value%22:%22%22%7D]",linked_page,4,success_after_fallback
3c0c9386a75b,2026-09-15,49a39e5c497b,L3Harris,https://www.l3harris.com/,"https://careers.l3harris.com/en/search-jobs?acm=8686208,8679712,62721&alrpm=ALL&ascf=[%7B%22key%22:%22ALL%22,%22value%22:%22%22%7D]",Engineering Leadership Development Program Electrical Engineer Various Locations,https://careers.l3harris.com/en/job/melbourne/engineering-leadership-development-program-electrical-engineer-various-locations/4832/100148576272,"Melbourne, FL",Melbourne,FL,United States,Not specified,,,,Space & Defense,2026-09-15,2026-09-15,"https://careers.l3harris.com/en/search-jobs?acm=8686208,8679712,62721&alrpm=ALL&ascf=[%7B%22key%22:%22ALL%22,%22value%22:%22%22%7D]",linked_page,4,success_after_fallback
1305a9f6bebe,2026-09-15,49a39e5c497b,L3Harris,https://www.l3harris.com/,"https://careers.l3harris.com/en/search-jobs?acm=8686208,8679712,62721&alrpm=ALL&ascf=[%7B%22key%22:%22ALL%22,%22value%22:%22%22%7D]",Engineering Leadership Development Program Software Engineer Various Locations,https://careers.l3harris.com/en/job/melbourne/engineering-leadership-development-program-software-engineer-various-locations/4832/100148576352,"Melbourne, FL",Melbourne,FL,United States,Not specified,,,,Space & Defense,2026-09-15,2026-09-15,"https://careers.l3harris.com/en/search-jobs?acm=8686208,8679712,62721&alrpm=ALL&ascf=[%7B%22key%22:%22ALL%22,%22value%22:%22%22%7D]",linked_page,4,success_after_fallback
0f7fe7fa7f35,2026-09-15,49a39e5c497b,L3Harris,https://www.l3harris.com/,"https://careers.l3harris.com/en/search-jobs?acm=8686208,8679712,62721&alrpm=ALL&ascf=[%7B%22key%22:%22ALL%22,%22value%22:%22%22%7D]",Engineering Leadership Development Program Software Engineer Various Locations,https://careers.l3harris.com/en/job/melbourne/engineering-leadership-development-program-software-engineer-various-locations/4832/100148576384,"Melbourne, FL",Melbourne,FL,United States,Not specified,,,,Space & Defense,2026-09-15,2026-09-15,"https://careers.l3harris.com/en/search-jobs?acm=8686208,8679712,62721&alrpm=ALL&ascf=[%7B%22key%22:%22ALL%22,%22value%22:%22%22%7D]",linked_page,4,success_after_fallback
a813e4dc68df,2026-09-15,49a39e5c497b,L3Harris,https://www.l3harris.com/,"https://careers.l3harris.com/en/search-jobs?acm=8686208,8679712,62721&alrpm=ALL&ascf=[%7B%22key%22:%22ALL%22,%22value%22:%22%22%7D]",Engineering Leadership Development Program Systems Engineer Various Location,https://careers.l3harris.com/en/job/melbourne/engineering-leadership-development-program-systems-engineer-various-location/4832/100148576432,"Melbourne, FL",Melbourne,FL,United States,Not specified,,,,Space & Defense,2026-09-15,2026-09-15,"https://careers.l3harris.com/en/search-jobs?acm=8686208,8679712,62721&alrpm=ALL&ascf=[%7B%22key%22:%22ALL%22,%22value%22:%22%22%7D]",linked_page,4,success_after_fallback
5e8203725042,2026-09-15,49a39e5c497b,L3Harris,https://www.l3harris.com/,https://careers.l3harris.com/en/job/camden/l3harris-engineering-and-technician-career-fair-camden-ar/4832/99420660864,L3Harris Engineering And Technician Career Fair Camden Ar,https://careers.l3harris.com/en/job/camden/l3harris-engineering-and-technician-career-fair-camden-ar/4832/search-jobs,"Greece, NY, United States",Greece,NY,United States,Not specified,,,,Space & Defense,2026-09-15,2026-09-15,https://careers.l3harris.com/en/job/camden/l3harris-engineering-and-technician-career-fair-camden-ar/4832/99420660864,linked_page,4,success_after_fallback
1db6039b5b9a,2026-09-15,49a39e5c497b,L3Harris,https://www.l3harris.com/,https://careers.l3harris.com/en/job/camden/l3harris-engineering-and-technician-career-fair-camden-ar/4832/99420660864,Lead Manufacturing Engineer,https://careers.l3harris.com/en/job/camden/lead-manufacturing-engineer/4832/100324281312,"Camden, Arkansas",Camden,AR,United States,Not specified,,,,Space & Defense,2026-09-15,2026-09-15,https://careers.l3harris.com/en/job/camden/l3harris-engineering-and-technician-career-fair-camden-ar/4832/99420660864,linked_page,4,success_after_fallback
2b683a5380bb,2026-09-15,49a39e5c497b,L3Harris,https://www.l3harris.com/,https://careers.l3harris.com/en/job/camden/l3harris-engineering-and-technician-career-fair-camden-ar/4832/99420660864,Sr Manufacturing Engineer Cnc Programmer,https://careers.l3harris.com/en/job/camden/sr-manufacturing-engineer-cnc-programmer/4832/100324281232,"Camden, Arkansas",Camden,AR,United States,Not specified,,,,Space & Defense,2026-09-15,2026-09-15,https://careers.l3harris.com/en/job/camden/l3harris-engineering-and-technician-career-fair-camden-ar/4832/99420660864,linked_page,4,success_after_fallback
1244d720acac,2026-09-15,49a39e5c497b,L3Harris,https://www.l3harris.com/,https://careers.l3harris.com/en/job/camden/l3harris-engineering-and-technician-career-fair-camden-ar/4832/99420660864,Specialist Manufacturing Engineering,https://careers.l3harris.com/en/job/camden/specialist-manufacturing-engineering/4832/100311607424,"Camden, Arkansas",Camden,AR,United States,Not specified,,,,Space & Defense,2026-09-15,2026-09-15,https://careers.l3harris.com/en/job/camden/l3harris-engineering-and-technician-career-fair-camden-ar/4832/99420660864,linked_page,4,success_after_fallback
c581f089be86,2026-09-15,49a39e5c497b,L3Harris,https://www.l3harris.com/,"https://careers.l3harris.com/en/search-jobs?acm=61370,8684512,8684496,8684688,8684208,8687808,8696112,8684256,8690160,8684528&alrpm=ALL&ascf=[%7B%22key%22:%22ALL%22,%22value%22:%22%22%7D]",Lead Systems Engineer,https://careers.l3harris.com/en/job/melbourne/lead-systems-engineer/4832/100498293776,"Melbourne, FL",Melbourne,FL,United States,Not specified,,,,Space & Defense,2026-09-15,2026-09-15,"https://careers.l3harris.com/en/search-jobs?acm=61370,8684512,8684496,8684688,8684208,8687808,8696112,8684256,8690160,8684528&alrpm=ALL&ascf=[%7B%22key%22:%22ALL%22,%22value%22:%22%22%7D]",linked_page,4,success_after_fallback
decfe41dd7fb,2026-09-15,49a39e5c497b,L3Harris,https://www.l3harris.com/,"https://careers.l3harris.com/en/search-jobs?acm=61370,8684512,8684496,8684688,8684208,8687808,8696112,8684256,8690160,8684528&alrpm=ALL&ascf=[%7B%22key%22:%22ALL%22,%22value%22:%22%22%7D]",Senior Specialist Systems Engineer,https://careers.l3harris.com/en/job/nashville/senior-specialist-systems-engineer/4832/100449805184,"Nashville, TN",Nashville,TN,United States,Not specified,,,,Space & Defense,2026-09-15,2026-09-15,"https://careers.l3harris.com/en/search-jobs?acm=61370,8684512,8684496,8684688,8684208,8687808,8696112,8684256,8690160,8684528&alrpm=ALL&ascf=[%7B%22key%22:%22ALL%22,%22value%22:%22%22%7D]",linked_page,4,success_after_fallback
094871841be4,2026-09-15,49a39e5c497b,L3Harris,https://www.l3harris.com/,"https://careers.l3harris.com/en/search-jobs?acm=61370,8684512,8684496,8684688,8684208,8687808,8696112,8684256,8690160,8684528&alrpm=ALL&ascf=[%7B%22key%22:%22ALL%22,%22value%22:%22%22%7D]",Lead Information Security Systems Engineer Secret Clearance,https://careers.l3harris.com/en/job/palm-bay/lead-information-security-systems-engineer-secret-clearance/4832/100449805920,"Palm Bay, Brevard, FL",Palm Bay,FL,United States,Not specified,,,,Space & Defense,2026-09-15,2026-09-15,"https://careers.l3harris.com/en/search-jobs?acm=61370,8684512,8684496,8684688,8684208,8687808,8696112,8684256,8690160,8684528&alrpm=ALL&ascf=[%7B%22key%22:%22ALL%22,%22value%22:%22%22%7D]",linked_page,4,success_after_fallback
4832de48ea9a,2026-09-15,49a39e5c497b,L3Harris,https://www.l3harris.com/,"https://careers.l3harris.com/en/search-jobs?acm=61370,8684512,8684496,8684688,8684208,8687808,8696112,8684256,8690160,8684528&alrpm=ALL&ascf=[%7B%22key%22:%22ALL%22,%22value%22:%22%22%7D]",Intern Software Engineer,https://careers.l3harris.com/en/job/clifton/intern-software-engineer/4832/100436629424,"Clifton, NJ",Clifton,NJ,United States,Not specified,,,,Space & Defense,2026-09-15,2026-09-15,"https://careers.l3harris.com/en/search-jobs?acm=61370,8684512,8684496,8684688,8684208,8687808,8696112,8684256,8690160,8684528&alrpm=ALL&ascf=[%7B%22key%22:%22ALL%22,%22value%22:%22%22%7D]",linked_page,4,success_after_fallback
96aa1f3d4b81,2026-09-15,49a39e5c497b,L3Harris,https://www.l3harris.com/,"https://careers.l3harris.com/en/search-jobs?acm=61370,8684512,8684496,8684688,8684208,8687808,8696112,8684256,8690160,8684528&alrpm=ALL&ascf=[%7B%22key%22:%22ALL%22,%22value%22:%22%22%7D]",Intern Software Engineer,https://careers.l3harris.com/en/job/clifton/intern-software-engineer/4832/100436629392,"Clifton, NJ",Clifton,NJ,United States,Not specified,,,,Space & Defense,2026-09-15,2026-09-15,"https://careers.l3harris.com/en/search-jobs?acm=61370,8684512,8684496,8684688,8684208,8687808,8696112,8684256,8690160,8684528&alrpm=ALL&ascf=[%7B%22key%22:%22ALL%22,%22value%22:%22%22%7D]",linked_page,4,success_after_fallback
7f37b59a2cc2,2026-09-15,49a39e5c497b,L3Harris,https://www.l3harris.com/,"https://careers.l3harris.com/en/search-jobs?acm=61370,8684512,8684496,8684688,8684208,8687808,8696112,8684256,8690160,8684528&alrpm=ALL&ascf=[%7B%22key%22:%22ALL%22,%22value%22:%22%22%7D]","Software Engineer (Maritime Autonomy) Engineering Portchester, England",https://careers.l3harris.com/en/job/portchester/software-engineer-maritime-autonomy/4832/100427349456,"Greece, NY, United States",Greece,NY,United States,Not specified,,,,Space & Defense,2026-09-15,2026-09-15,"https://careers.l3harris.com/en/search-jobs?acm=61370,8684512,8684496,8684688,8684208,8687808,8696112,8684256,8690160,8684528&alrpm=ALL&ascf=[%7B%22key%22:%22ALL%22,%22value%22:%22%22%7D]",linked_page,4,success_after_fallback
4c2a09c31aaf,2026-09-15,49a39e5c497b,L3Harris,https://www.l3harris.com/,"https://careers.l3harris.com/en/search-jobs?acm=61370,8684512,8684496,8684688,8684208,8687808,8696112,8684256,8690160,8684528&alrpm=ALL&ascf=[%7B%22key%22:%22ALL%22,%22value%22:%22%22%7D]","Lead, Software Eng Engineering Multiple Locations",https://careers.l3harris.com/en/job/melbourne/lead-software-eng/4832/100621318400,"Greece, NY, United States",Greece,NY,United States,Not specified,,,,Space & Defense,2026-09-15,2026-09-15,"https://careers.l3harris.com/en/search-jobs?acm=61370,8684512,8684496,8684688,8684208,8687808,8696112,8684256,8690160,8684528&alrpm=ALL&ascf=[%7B%22key%22:%22ALL%22,%22value%22:%22%22%7D]",linked_page,4,success_after_fallback
8ae91d6e8835,2026-09-15,49a39e5c497b,L3Harris,https://www.l3harris.com/,"https://careers.l3harris.com/en/search-jobs?acm=61370,8684512,8684496,8684688,8684208,8687808,8696112,8684256,8690160,8684528&alrpm=ALL&ascf=[%7B%22key%22:%22ALL%22,%22value%22:%22%22%7D]","Specialist, Software Eng Engineering Multiple Locations",https://careers.l3harris.com/en/job/melbourne/specialist-software-eng/4832/100621318368,"Greece, NY, United States",Greece,NY,United States,Not specified,,,,Space & Defense,2026-09-15,2026-09-15,"https://careers.l3harris.com/en/search-jobs?acm=61370,8684512,8684496,8684688,8684208,8687808,8696112,8684256,8690160,8684528&alrpm=ALL&ascf=[%7B%22key%22:%22ALL%22,%22value%22:%22%22%7D]",linked_page,4,success_after_fallback
c948c38272e7,2026-09-15,b5d41f3f3457,Lockheed Martin,https://www.lockheedmartin.com/,https://www.lockheedmartin.com/en-us/careers/candidates/students-early-careers.html,Meet our Interns,https://www.lockheedmartin.com/en-us/careers/life-at-lm/2023/early-career-lessons-learned.html,"Ballston Spa, NY, United States",Ballston Spa,NY,United States,Not specified,,,,Space & Defense,2026-09-15,2026-09-15,https://www.lockheedmartin.com/en-us/careers/candidates/students-early-careers.html,linked_page,4,success_after_fallback
7b97bd4a2063,2026-09-15,6f56721ec5b5,Lourdes Industries,https://lourdesinc.com/,https://lourdesinc.com/careers,Facilities Maintenance & EHS Supervisor -Aerospace,https://lourdesinc.com/careers/05a92983f176e193/facilities-maintenance-ehs-supervisor-aerospace,"📍 Hauppauge, NY",📍 Hauppauge,NY,United States,Not specified,,,,Space & Defense,2026-09-15,2026-09-15,https://lourdesinc.com/careers,known_careers_url,3,success
ac6ac155e05e,2026-09-15,6f56721ec5b5,Lourdes Industries,https://lourdesinc.com/,https://lourdesinc.com/careers,Mechanical Assembler - III--Aerospace,https://lourdesinc.com/careers/9dcd85a1be748d78/mechanical-assembler-iii-aerospace,"📍 Hauppauge, NY",📍 Hauppauge,NY,United States,Not specified,,,,Space & Defense,2026-09-15,2026-09-15,https://lourdesinc.com/careers,known_careers_url,3,success
84ea80db8807,2026-09-15,ee835297a5f7,Magellan Aerospace,https://magellan.aero/,https://careers.magellan.aero/search?createNewAlert=false&q=&locationsearch=&optionsFacetsDD_department=,Electronic Technician,https://careers.magellan.aero/job/Bohemia-Electronic-Technician-NY-11716/605259817,"Bohemia, NY, United States",Bohemia,NY,United States,Not specified,,,,Core Space,2026-09-15,2026-09-15,https://careers.magellan.aero/search?createNewAlert=false&q=&locationsearch=&optionsFacetsDD_department=,linked_page,4,success_after_fallback
312539ff9355,2026-09-15,ee835297a5f7,Magellan Aerospace,https://magellan.aero/,https://careers.magellan.aero/search?createNewAlert=false&q=&locationsearch=&optionsFacetsDD_department=,Shipping Administrator,https://careers.magellan.aero/job/Kitchener-Shipping-Administrator-ON-N2C-1J1/606105117,"Bohemia, NY, United States",Bohemia,NY,United States,Not specified,,,,Core Space,2026-09-15,2026-09-15,https://careers.magellan.aero/search?createNewAlert=false&q=&locationsearch=&optionsFacetsDD_department=,linked_page,4,success_after_fallback
b4a011bf386e,2026-09-15,ee835297a5f7,Magellan Aerospace,https://magellan.aero/,https://careers.magellan.aero/search?createNewAlert=false&q=&locationsearch=&optionsFacetsDD_department=,NDT Technician II,https://careers.magellan.aero/job/MIDDLETOWN-NDT-Technician-II-OH-45042/602415317,"Bohemia, NY, United States",Bohemia,NY,United States,Not specified,,,,Core Space,2026-09-15,2026-09-15,https://careers.magellan.aero/search?createNewAlert=false&q=&locationsearch=&optionsFacetsDD_department=,linked_page,4,success_after_fallback
26560e713cdb,2026-09-15,ee835297a5f7,Magellan Aerospace,https://magellan.aero/,https://careers.magellan.aero/search?createNewAlert=false&q=&locationsearch=&optionsFacetsDD_department=,Operations Manager,https://careers.magellan.aero/job/West-Babylon-Operations-Manager-NY-11704/601941517,"Bohemia, NY, United States",Bohemia,NY,United States,Not specified,,,,Core Space,2026-09-15,2026-09-15,https://careers.magellan.aero/search?createNewAlert=false&q=&locationsearch=&optionsFacetsDD_department=,linked_page,4,success_after_fallback
163cd3129e21,2026-09-15,ee835297a5f7,Magellan Aerospace,https://magellan.aero/,https://careers.magellan.aero/search?createNewAlert=false&q=&locationsearch=&optionsFacetsDD_department=,Special Process Operator,https://careers.magellan.aero/job/Winnipeg-Special-Process-Operator-MB-R3H-0S5/601713317,"Bohemia, NY, United States",Bohemia,NY,United States,Not specified,,,,Core Space,2026-09-15,2026-09-15,https://careers.magellan.aero/search?createNewAlert=false&q=&locationsearch=&optionsFacetsDD_department=,linked_page,4,success_after_fallback
883509704e31,2026-09-15,ee835297a5f7,Magellan Aerospace,https://magellan.aero/,https://careers.magellan.aero/search?createNewAlert=false&q=&locationsearch=&optionsFacetsDD_department=,Special Process/ Quality Systems Internal Audit Lead,https://careers.magellan.aero/job/West-Babylon-Special-Process-Quality-Systems-Internal-Audit-Lead-NY-11704/603218317,"Bohemia, NY, United States",Bohemia,NY,United States,Not specified,,,,Core Space,2026-09-15,2026-09-15,https://careers.magellan.aero/search?createNewAlert=false&q=&locationsearch=&optionsFacetsDD_department=,linked_page,4,success_after_fallback
409a7653938a,2026-09-15,ee835297a5f7,Magellan Aerospace,https://magellan.aero/,https://careers.magellan.aero/search?createNewAlert=false&q=&locationsearch=&optionsFacetsDD_department=,Finance Manager,https://careers.magellan.aero/job/Glendale-Finance-Manager-AZ-85031/603495217,"Bohemia, NY, United States",Bohemia,NY,United States,Not specified,,,,Core Space,2026-09-15,2026-09-15,https://careers.magellan.aero/search?createNewAlert=false&q=&locationsearch=&optionsFacetsDD_department=,linked_page,4,success_after_fallback
46960db9f79f,2026-09-15,ee835297a5f7,Magellan Aerospace,https://magellan.aero/,https://careers.magellan.aero/search?createNewAlert=false&q=&locationsearch=&optionsFacetsDD_department=,N/C Milling Operator,https://careers.magellan.aero/job/Bohemia-NC-Milling-Operator-NY-11716/599087817,"Bohemia, NY, United States",Bohemia,NY,United States,Not specified,,,,Core Space,2026-09-15,2026-09-15,https://careers.magellan.aero/search?createNewAlert=false&q=&locationsearch=&optionsFacetsDD_department=,linked_page,4,success_after_fallback
ec717ebe2e87,2026-09-15,c67c1581a301,Mini Circuits Brooklyn,https://www.minicircuits.com/,https://jobs.jobvite.com/mini-circuits/jobs/positions,Engineering Pipeline,https://jobs.jobvite.com/mini-circuits/jobs/pipeline,"Brooklyn, NY, United States",Brooklyn,NY,United States,Not specified,,,,Core Space,2026-09-15,2026-09-15,https://jobs.jobvite.com/mini-circuits/jobs/positions,known_careers_url,4,success
5d0e4380818b,2026-09-15,c67c1581a301,Mini Circuits Brooklyn,https://www.minicircuits.com/,https://jobs.jobvite.com/mini-circuits/jobs/positions,NA Operations Project Manager III Full-Time 2 Locations,https://jobs.jobvite.com/mini-circuits/job/oMhWyfwh,"Brooklyn, NY, United States",Brooklyn,NY,United States,Not specified,,,,Core Space,2026-09-15,2026-09-15,https://jobs.jobvite.com/mini-circuits/jobs/positions,known_careers_url,4,success
c9b5f59dfc83,2026-09-15,c67c1581a301,Mini Circuits Brooklyn,https://www.minicircuits.com/,https://jobs.jobvite.com/mini-circuits/jobs/positions,"SAP ERP Manager Full-Time Melville, New York",https://jobs.jobvite.com/mini-circuits/job/ogUJzfwc,"Melville, New York",Melville,NY,United States,Not specified,,,,Core Space,2026-09-15,2026-09-15,https://jobs.jobvite.com/mini-circuits/jobs/positions,known_careers_url,4,success
fc8d6ba2fce1,2026-09-15,c67c1581a301,Mini Circuits Brooklyn,https://www.minicircuits.com/,https://jobs.jobvite.com/mini-circuits/jobs/positions,"RF Technician I Full-Time Deer Park, New York",https://jobs.jobvite.com/mini-circuits/job/oq5vAfwk,"Deer Park, New York",Deer Park,NY,United States,Not specified,,,,Core Space,2026-09-15,2026-09-15,https://jobs.jobvite.com/mini-circuits/jobs/positions,known_careers_url,4,success
a6039338ed48,2026-09-15,c67c1581a301,Mini Circuits Brooklyn,https://www.minicircuits.com/,https://jobs.jobvite.com/mini-circuits/jobs/positions,"Sr. Engineering Project Manager-Core BU Full-Time Melville, New York",https://jobs.jobvite.com/mini-circuits/job/o9R8zfwr,"Melville, New York",Melville,NY,United States,Not specified,,,,Core Space,2026-09-15,2026-09-15,https://jobs.jobvite.com/mini-circuits/jobs/positions,known_careers_url,4,success
6e74b6f1efe0,2026-09-15,c67c1581a301,Mini Circuits Brooklyn,https://www.minicircuits.com/,https://jobs.jobvite.com/mini-circuits/jobs/positions,Field Applications Engineer - West Coast,https://jobs.jobvite.com/mini-circuits/job/o9l3zfwQ,"Remote, California",Remote,CA,United States,Remote,,,,Core Space,2026-09-15,2026-09-15,https://jobs.jobvite.com/mini-circuits/jobs/positions,known_careers_url,4,success
913280d599b2,2026-09-15,c67c1581a301,Mini Circuits Brooklyn,https://www.minicircuits.com/,https://jobs.jobvite.com/mini-circuits/jobs/positions,Field Applications Engineer NA Central,https://jobs.jobvite.com/mini-circuits/job/oaGmAfww,"Remote, New York",Remote,NY,United States,Remote,,,,Core Space,2026-09-15,2026-09-15,https://jobs.jobvite.com/mini-circuits/jobs/positions,known_careers_url,4,success
945cc4e177ae,2026-09-15,c67c1581a301,Mini Circuits Brooklyn,https://www.minicircuits.com/,https://jobs.jobvite.com/mini-circuits/jobs/positions,Engineering Micro-Assembler,https://jobs.jobvite.com/mini-circuits/job/o1zHAfwB,"Deer Park, New York",Deer Park,NY,United States,Not specified,,,,Core Space,2026-09-15,2026-09-15,https://jobs.jobvite.com/mini-circuits/jobs/positions,known_careers_url,4,success
e45ae7610441,2026-09-15,c67c1581a301,Mini Circuits Brooklyn,https://www.minicircuits.com/,https://jobs.jobvite.com/mini-circuits/jobs/positions,RF Technician II/Team Lead,https://jobs.jobvite.com/mini-circuits/job/o8bKAfwn,"Deer Park, New York",Deer Park,NY,United States,Not specified,,,,Core Space,2026-09-15,2026-09-15,https://jobs.jobvite.com/mini-circuits/jobs/positions,known_careers_url,4,success
3cab2ab376c8,2026-09-15,c67c1581a301,Mini Circuits Brooklyn,https://www.minicircuits.com/,https://jobs.jobvite.com/mini-circuits/jobs/positions,Senior Manager Environmental Health & Safety,https://jobs.jobvite.com/mini-circuits/job/od4qAfw1,"Brooklyn, NY, United States",Brooklyn,NY,United States,Not specified,,,,Core Space,2026-09-15,2026-09-15,https://jobs.jobvite.com/mini-circuits/jobs/positions,known_careers_url,4,success
16605ec4c643,2026-09-15,c67c1581a301,Mini Circuits Brooklyn,https://www.minicircuits.com/,https://jobs.jobvite.com/mini-circuits/jobs/positions,Product Engineer I/II,https://jobs.jobvite.com/mini-circuits/job/o2FJAfwK,"Hialeah, Florida",Hialeah,FL,United States,Not specified,,,,Core Space,2026-09-15,2026-09-15,https://jobs.jobvite.com/mini-circuits/jobs/positions,known_careers_url,4,success
7934ee5e1fe7,2026-09-15,c67c1581a301,Mini Circuits Brooklyn,https://www.minicircuits.com/,https://jobs.jobvite.com/mini-circuits/jobs/positions,Product Engineer Manager,https://jobs.jobvite.com/mini-circuits/job/omwuzfwF,"Hialeah, Florida",Hialeah,FL,United States,Not specified,,,,Core Space,2026-09-15,2026-09-15,https://jobs.jobvite.com/mini-circuits/jobs/positions,known_careers_url,4,success
cad7ef9c7bf2,2026-09-15,c67c1581a301,Mini Circuits Brooklyn,https://www.minicircuits.com/,https://jobs.jobvite.com/mini-circuits/jobs/positions,RF Design Engineer I,https://jobs.jobvite.com/mini-circuits/job/oaJjAfww,"Hialeah, Florida",Hialeah,FL,United States,Not specified,,,,Core Space,2026-09-15,2026-09-15,https://jobs.jobvite.com/mini-circuits/jobs/positions,known_careers_url,4,success
fd6473f727d6,2026-09-15,c67c1581a301,Mini Circuits Brooklyn,https://www.minicircuits.com/,https://jobs.jobvite.com/mini-circuits/jobs/positions,Senior Manager of Design Engineering,https://jobs.jobvite.com/mini-circuits/job/ocTgvfwA,"Hialeah, Florida",Hialeah,FL,United States,Not specified,,,,Core Space,2026-09-15,2026-09-15,https://jobs.jobvite.com/mini-circuits/jobs/positions,known_careers_url,4,success
cced1bd3bb9a,2026-09-15,c67c1581a301,Mini Circuits Brooklyn,https://www.minicircuits.com/,https://jobs.jobvite.com/mini-circuits/jobs/positions,Engineering Manager,https://jobs.jobvite.com/mini-circuits/job/o856zfwC,"Melville, New York",Melville,NY,United States,Not specified,,,,Core Space,2026-09-15,2026-09-15,https://jobs.jobvite.com/mini-circuits/jobs/positions,known_careers_url,4,success
a156d077534b,2026-09-15,c67c1581a301,Mini Circuits Brooklyn,https://www.minicircuits.com/,https://jobs.jobvite.com/mini-circuits/jobs/positions,Principal Design Engineer,https://jobs.jobvite.com/mini-circuits/job/oML0zfwQ,"Carlsbad, California",Carlsbad,CA,United States,Not specified,,,,Core Space,2026-09-15,2026-09-15,https://jobs.jobvite.com/mini-circuits/jobs/positions,known_careers_url,4,success
ad4046e78f2f,2026-09-15,c67c1581a301,Mini Circuits Brooklyn,https://www.minicircuits.com/,https://jobs.jobvite.com/mini-circuits/jobs/positions,RF Test Engineer - MMIC,https://jobs.jobvite.com/mini-circuits/job/oaxwAfwx,"Carlsbad, California",Carlsbad,CA,United States,Not specified,,,,Core Space,2026-09-15,2026-09-15,https://jobs.jobvite.com/mini-circuits/jobs/positions,known_careers_url,4,success
fd3d8fef8262,2026-09-15,c67c1581a301,Mini Circuits Brooklyn,https://www.minicircuits.com/,https://jobs.jobvite.com/mini-circuits/jobs/positions,Sr. Packaging Engineer,https://jobs.jobvite.com/mini-circuits/job/oSaLAfw7,"Brooklyn, NY, United States",Brooklyn,NY,United States,Not specified,,,,Core Space,2026-09-15,2026-09-15,https://jobs.jobvite.com/mini-circuits/jobs/positions,known_careers_url,4,success
1202adb45746,2026-09-15,c67c1581a301,Mini Circuits Brooklyn,https://www.minicircuits.com/,https://jobs.jobvite.com/mini-circuits/jobs/positions,Development Test Engineer I,https://jobs.jobvite.com/mini-circuits/job/osfJAfwK,"Brooklyn, New York",Brooklyn,NY,United States,Not specified,,,,Core Space,2026-09-15,2026-09-15,https://jobs.jobvite.com/mini-circuits/jobs/positions,known_careers_url,4,success
f58acd793692,2026-09-15,c67c1581a301,Mini Circuits Brooklyn,https://www.minicircuits.com/,https://jobs.jobvite.com/mini-circuits/jobs/positions,Development Test Engineer II,https://jobs.jobvite.com/mini-circuits/job/ofhVzfwK,"Brooklyn, New York",Brooklyn,NY,United States,Not specified,,,,Core Space,2026-09-15,2026-09-15,https://jobs.jobvite.com/mini-circuits/jobs/positions,known_careers_url,4,success
95fd8732f9fe,2026-09-15,c67c1581a301,Mini Circuits Brooklyn,https://www.minicircuits.com/,https://jobs.jobvite.com/mini-circuits/jobs/positions,PCB Designer II - MMIC,https://jobs.jobvite.com/mini-circuits/job/ovBkAfwK,"Melville, New York",Melville,NY,United States,Not specified,,,,Core Space,2026-09-15,2026-09-15,https://jobs.jobvite.com/mini-circuits/jobs/positions,known_careers_url,4,success
3a888e3d6aa2,2026-09-15,c67c1581a301,Mini Circuits Brooklyn,https://www.minicircuits.com/,https://jobs.jobvite.com/mini-circuits/jobs/positions,Senior Mechanical Design Engineer,https://jobs.jobvite.com/mini-circuits/job/ocdjAfw2,"Melville, New York",Melville,NY,United States,Not specified,,,,Core Space,2026-09-15,2026-09-15,https://jobs.jobvite.com/mini-circuits/jobs/positions,known_careers_url,4,success
e4379a06ee4a,2026-09-15,c67c1581a301,Mini Circuits Brooklyn,https://www.minicircuits.com/,https://jobs.jobvite.com/mini-circuits/jobs/positions,Manager - Global Supply Chain Systems,https://jobs.jobvite.com/mini-circuits/job/oydFAfwK,"Melville, New York",Melville,NY,United States,Not specified,,,,Core Space,2026-09-15,2026-09-15,https://jobs.jobvite.com/mini-circuits/jobs/positions,known_careers_url,4,success
37c7a9e0001d,2026-09-15,c67c1581a301,Mini Circuits Brooklyn,https://www.minicircuits.com/,https://jobs.jobvite.com/mini-circuits/jobs/positions,Technical Recruiter,https://jobs.jobvite.com/mini-circuits/job/oylEAfwR,"Melville, New York",Melville,NY,United States,Not specified,,,,Core Space,2026-09-15,2026-09-15,https://jobs.jobvite.com/mini-circuits/jobs/positions,known_careers_url,4,success
cb455cbd87fb,2026-09-15,c67c1581a301,Mini Circuits Brooklyn,https://www.minicircuits.com/,https://jobs.jobvite.com/mini-circuits/jobs/positions,Sr. Manager AI & Software Engineering,https://jobs.jobvite.com/mini-circuits/job/ofRFAfw5,"Melville, New York",Melville,NY,United States,Not specified,,,,Core Space,2026-09-15,2026-09-15,https://jobs.jobvite.com/mini-circuits/jobs/positions,known_careers_url,4,success
3b79409f6427,2026-09-15,c67c1581a301,Mini Circuits Brooklyn,https://www.minicircuits.com/,https://jobs.jobvite.com/mini-circuits/jobs/positions,Automation Systems Engineer II,https://jobs.jobvite.com/mini-circuits/job/oUNKyfwJ,"Brooklyn, NY, United States",Brooklyn,NY,United States,Not specified,,,,Core Space,2026-09-15,2026-09-15,https://jobs.jobvite.com/mini-circuits/jobs/positions,known_careers_url,4,success
9d9a98d628aa,2026-09-15,c67c1581a301,Mini Circuits Brooklyn,https://www.minicircuits.com/,https://jobs.jobvite.com/mini-circuits/jobs/positions,Manufacturing Automation Technician,https://jobs.jobvite.com/mini-circuits/job/oFs4zfwu,"Brooklyn, New York",Brooklyn,NY,United States,Not specified,,,,Core Space,2026-09-15,2026-09-15,https://jobs.jobvite.com/mini-circuits/jobs/positions,known_careers_url,4,success
782fe4dfd6b3,2026-09-15,c67c1581a301,Mini Circuits Brooklyn,https://www.minicircuits.com/,https://jobs.jobvite.com/mini-circuits/jobs/positions,Operations Program Manager - Hi-Rel,https://jobs.jobvite.com/mini-circuits/job/oxyLAfwa,"Brooklyn, New York",Brooklyn,NY,United States,Not specified,,,,Core Space,2026-09-15,2026-09-15,https://jobs.jobvite.com/mini-circuits/jobs/positions,known_careers_url,4,success
1f5311b4790e,2026-09-15,c67c1581a301,Mini Circuits Brooklyn,https://www.minicircuits.com/,https://jobs.jobvite.com/mini-circuits/jobs/positions,SAP Finance (FICO) Solution Specialist,https://jobs.jobvite.com/mini-circuits/job/o4t2zfwS,"Melville, New York",Melville,NY,United States,Not specified,,,,Core Space,2026-09-15,2026-09-15,https://jobs.jobvite.com/mini-circuits/jobs/positions,known_careers_url,4,success
f2f0b0edb725,2026-09-15,c67c1581a301,Mini Circuits Brooklyn,https://www.minicircuits.com/,https://jobs.jobvite.com/mini-circuits/jobs/positions,SAP Master Data Solution Specialist,https://jobs.jobvite.com/mini-circuits/job/oK7LvfwR,"Melville, New York",Melville,NY,United States,Not specified,,,,Core Space,2026-09-15,2026-09-15,https://jobs.jobvite.com/mini-circuits/jobs/positions,known_careers_url,4,success
44cdc2499058,2026-09-15,c67c1581a301,Mini Circuits Brooklyn,https://www.minicircuits.com/,https://jobs.jobvite.com/mini-circuits/jobs/positions,SAP Sales and Distribution (SD) Solution Specialist,https://jobs.jobvite.com/mini-circuits/job/otlKAfwS,"Melville, New York",Melville,NY,United States,Not specified,,,,Core Space,2026-09-15,2026-09-15,https://jobs.jobvite.com/mini-circuits/jobs/positions,known_careers_url,4,success
617178dc5c6b,2026-09-15,c67c1581a301,Mini Circuits Brooklyn,https://www.minicircuits.com/,https://jobs.jobvite.com/mini-circuits/jobs/positions,Quality Engineer,https://jobs.jobvite.com/mini-circuits/job/o3mxxfwd,"Hialeah, Florida",Hialeah,FL,United States,Not specified,,,,Core Space,2026-09-15,2026-09-15,https://jobs.jobvite.com/mini-circuits/jobs/positions,known_careers_url,4,success
5f3686a35033,2026-09-15,c67c1581a301,Mini Circuits Brooklyn,https://www.minicircuits.com/,https://jobs.jobvite.com/mini-circuits/jobs/positions,Regulatory Compliance & Sustainability Program Manager,https://jobs.jobvite.com/mini-circuits/job/ol5rAfwb,"Melville, New York",Melville,NY,United States,Not specified,,,,Core Space,2026-09-15,2026-09-15,https://jobs.jobvite.com/mini-circuits/jobs/positions,known_careers_url,4,success
77284f85f386,2026-09-15,c67c1581a301,Mini Circuits Brooklyn,https://www.minicircuits.com/,https://jobs.jobvite.com/mini-circuits/jobs/positions,Senior Reliability Technician,https://jobs.jobvite.com/mini-circuits/job/oRrrAfw3,"Brooklyn, New York",Brooklyn,NY,United States,Not specified,,,,Core Space,2026-09-15,2026-09-15,https://jobs.jobvite.com/mini-circuits/jobs/positions,known_careers_url,4,success
803b97524767,2026-09-15,c67c1581a301,Mini Circuits Brooklyn,https://www.minicircuits.com/,https://jobs.jobvite.com/mini-circuits/jobs/positions,Regional Sales Manager - NA Central,https://jobs.jobvite.com/mini-circuits/job/oj4bAfwS,"Brooklyn, NY, United States",Brooklyn,NY,United States,Not specified,,,,Core Space,2026-09-15,2026-09-15,https://jobs.jobvite.com/mini-circuits/jobs/positions,known_careers_url,4,success
dd051daf762f,2026-09-15,c67c1581a301,Mini Circuits Brooklyn,https://www.minicircuits.com/,https://jobs.jobvite.com/mini-circuits/jobs/positions,Sales Operations Director,https://jobs.jobvite.com/mini-circuits/job/oYvNzfwz,"Melville, New York",Melville,NY,United States,Not specified,,,,Core Space,2026-09-15,2026-09-15,https://jobs.jobvite.com/mini-circuits/jobs/positions,known_careers_url,4,success
4add009a0d64,2026-09-15,c67c1581a301,Mini Circuits Brooklyn,https://www.minicircuits.com/,https://jobs.jobvite.com/mini-circuits/jobs/positions,Level 2 Switch Assembly Operator,https://jobs.jobvite.com/mini-circuits/job/oAHkAfwV,"Brooklyn, New York",Brooklyn,NY,United States,Not specified,,,,Core Space,2026-09-15,2026-09-15,https://jobs.jobvite.com/mini-circuits/jobs/positions,known_careers_url,4,success
31d88e7b08fa,2026-09-15,c67c1581a301,Mini Circuits Brooklyn,https://www.minicircuits.com/,https://jobs.jobvite.com/mini-circuits,NA Operations Project Manager III,https://jobs.jobvite.com/mini-circuits/jobs/positions,"Brooklyn, NY, United States",Brooklyn,NY,United States,Not specified,,,,Core Space,2026-09-15,2026-09-15,https://jobs.jobvite.com/mini-circuits,ats_detected,4,success_after_fallback
0207cf69ad6b,2026-09-15,6a2f5abb3318,North Atlantic Industries,https://www.naii.com/,https://www.naii.com/Opportunities,Electrical Engineer Sustaining,https://recruiting.paylocity.com/recruiting/jobs/Apply/4504096/North-Atlantic-Industries-Inc/Electrical-Engineer-Sustaining,"Bohemia, NY",Bohemia,NY,United States,Not specified,,,,Space & Defense,2026-09-15,2026-09-15,https://www.naii.com/Opportunities,linked_page,4,success_after_fallback
e8e642db6621,2026-09-15,6a2f5abb3318,North Atlantic Industries,https://www.naii.com/,https://www.naii.com/Opportunities,Intern Quality Engineer Summer,https://recruiting.paylocity.com/recruiting/jobs/Apply/4501218/North-Atlantic-Industries-Inc/Intern---Quality-Engineer-Summer-2027,"Bohemia, NY",Bohemia,NY,United States,Not specified,,,,Space & Defense,2026-09-15,2026-09-15,https://www.naii.com/Opportunities,linked_page,4,success_after_fallback
b6a05b4913d3,2026-09-15,6a2f5abb3318,North Atlantic Industries,https://www.naii.com/,https://www.naii.com/Opportunities,Intern Software Engineer Summer,https://recruiting.paylocity.com/recruiting/jobs/Apply/4501273/North-Atlantic-Industries-Inc/Intern---Software-Engineer-Summer-2027,"Bohemia, NY",Bohemia,NY,United States,Not specified,,,,Space & Defense,2026-09-15,2026-09-15,https://www.naii.com/Opportunities,linked_page,4,success_after_fallback
4480a229021f,2026-09-15,6a2f5abb3318,North Atlantic Industries,https://www.naii.com/,https://www.naii.com/Opportunities,Intern Test Engineer Summer,https://recruiting.paylocity.com/recruiting/jobs/Apply/4501298/North-Atlantic-Industries-Inc/Intern---Test-Engineer-Summer-2027,"Bohemia, NY",Bohemia,NY,United States,Not specified,,,,Space & Defense,2026-09-15,2026-09-15,https://www.naii.com/Opportunities,linked_page,4,success_after_fallback
eb900bc7440b,2026-09-15,6a2f5abb3318,North Atlantic Industries,https://www.naii.com/,https://www.naii.com/Opportunities,Intern Electrical Design Engineer Summer,https://recruiting.paylocity.com/recruiting/jobs/Apply/4501330/North-Atlantic-Industries-Inc/Intern---Electrical-Design-Engineer-Summer-2027,"Bohemia, NY",Bohemia,NY,United States,Not specified,,,,Space & Defense,2026-09-15,2026-09-15,https://www.naii.com/Opportunities,linked_page,4,success_after_fallback
77d2cdb3c175,2026-09-15,6a2f5abb3318,North Atlantic Industries,https://www.naii.com/,https://www.naii.com/Opportunities,Intern Mechanical Engineer Summer,https://recruiting.paylocity.com/recruiting/jobs/Apply/4501357/North-Atlantic-Industries-Inc/Intern---Mechanical-Engineer-Summer-2027,"Bohemia, NY",Bohemia,NY,United States,Not specified,,,,Space & Defense,2026-09-15,2026-09-15,https://www.naii.com/Opportunities,linked_page,4,success_after_fallback
d4841176ca11,2026-09-15,6a2f5abb3318,North Atlantic Industries,https://www.naii.com/,https://www.naii.com/Opportunities,Intern Electrical Engineer Power Summer,https://recruiting.paylocity.com/recruiting/jobs/Apply/4501161/North-Atlantic-Industries-Inc/Intern---Electrical-Engineer-Power-Summer-2027,"Bohemia, NY",Bohemia,NY,United States,Not specified,,,,Space & Defense,2026-09-15,2026-09-15,https://www.naii.com/Opportunities,linked_page,4,success_after_fallback
6a57a7d2b3cd,2026-09-15,6a2f5abb3318,North Atlantic Industries,https://www.naii.com/,https://www.naii.com/Opportunities,Intern Manufacturing Engineer Summer,https://recruiting.paylocity.com/recruiting/jobs/Apply/4501124/North-Atlantic-Industries-Inc/Intern---Manufacturing-Engineer-Summer-2027,"Bohemia, NY",Bohemia,NY,United States,Not specified,,,,Space & Defense,2026-09-15,2026-09-15,https://www.naii.com/Opportunities,linked_page,4,success_after_fallback
40a9bbf7978f,2026-09-15,6a2f5abb3318,North Atlantic Industries,https://www.naii.com/,https://www.naii.com/Opportunities,Intern Full Stack Software Engineer Summer,https://recruiting.paylocity.com/recruiting/jobs/Apply/4501054/North-Atlantic-Industries-Inc/Intern---Full-Stack-Software-Engineer-Summer-2027,"Bohemia, NY",Bohemia,NY,United States,Not specified,,,,Space & Defense,2026-09-15,2026-09-15,https://www.naii.com/Opportunities,linked_page,4,success_after_fallback
14a55e91f06e,2026-09-15,6a2f5abb3318,North Atlantic Industries,https://www.naii.com/,https://www.naii.com/Opportunities,Intern Test Automation Engineer Summer,https://recruiting.paylocity.com/recruiting/jobs/Apply/4501024/North-Atlantic-Industries-Inc/Intern---Test-Automation-Engineer-Summer-2027,"Bohemia, NY",Bohemia,NY,United States,Not specified,,,,Space & Defense,2026-09-15,2026-09-15,https://www.naii.com/Opportunities,linked_page,4,success_after_fallback
124c612d24af,2026-09-15,6a2f5abb3318,North Atlantic Industries,https://www.naii.com/,https://www.naii.com/Opportunities,Intern Software Engineer Fall,https://recruiting.paylocity.com/recruiting/jobs/Apply/4450421/North-Atlantic-Industries-Inc/Intern---Software-Engineer-Fall-2026,"Bohemia, NY",Bohemia,NY,United States,Not specified,,,,Space & Defense,2026-09-15,2026-09-15,https://www.naii.com/Opportunities,linked_page,4,success_after_fallback
54ad688d63fc,2026-09-15,6a2f5abb3318,North Atlantic Industries,https://www.naii.com/,https://www.naii.com/Opportunities,Intern Full Stack Software Engineer Fall,https://recruiting.paylocity.com/recruiting/jobs/Apply/4450017/North-Atlantic-Industries-Inc/Intern---Full-Stack-Software-Engineer-Fall-2026,"Bohemia, NY",Bohemia,NY,United States,Not specified,,,,Space & Defense,2026-09-15,2026-09-15,https://www.naii.com/Opportunities,linked_page,4,success_after_fallback
3e66b7d91653,2026-09-15,6a2f5abb3318,North Atlantic Industries,https://www.naii.com/,https://www.naii.com/Opportunities,Intern Process Engineer,https://recruiting.paylocity.com/recruiting/jobs/Apply/4435511/North-Atlantic-Industries-Inc/Intern---Process-Engineer,"Rapid City, South Dakota",Rapid City,SD,United States,Not specified,,,,Space & Defense,2026-09-15,2026-09-15,https://www.naii.com/Opportunities,linked_page,4,success_after_fallback
e873bf37be8f,2026-09-15,6a2f5abb3318,North Atlantic Industries,https://www.naii.com/,https://www.naii.com/Opportunities,Pcb Designer Iii Hybrid,https://recruiting.paylocity.com/recruiting/jobs/Apply/4438140/North-Atlantic-Industries-Inc/PCB-Designer-III-Hybrid,"Bohemia, NY",Bohemia,NY,United States,Hybrid,,,,Space & Defense,2026-09-15,2026-09-15,https://www.naii.com/Opportunities,linked_page,4,success_after_fallback
45efdd2e7f6e,2026-09-15,6a2f5abb3318,North Atlantic Industries,https://www.naii.com/,https://www.naii.com/Opportunities,Electronics Applications Engineer Ii Hybrid,https://recruiting.paylocity.com/recruiting/jobs/Apply/4450709/North-Atlantic-Industries-Inc/Electronics-Applications-Engineer-II-Hybrid,"Bohemia, NY",Bohemia,NY,United States,Hybrid,,,,Space & Defense,2026-09-15,2026-09-15,https://www.naii.com/Opportunities,linked_page,4,success_after_fallback
9b4fc5c16628,2026-09-15,6a2f5abb3318,North Atlantic Industries,https://www.naii.com/,https://www.naii.com/Opportunities,Electronics Technician Ii,https://recruiting.paylocity.com/recruiting/jobs/Apply/4479256/North-Atlantic-Industries-Inc/Electronics-Technician-II,"Bohemia, NY",Bohemia,NY,United States,Not specified,,,,Space & Defense,2026-09-15,2026-09-15,https://www.naii.com/Opportunities,linked_page,4,success_after_fallback
5a4a9777ff8d,2026-09-15,6a2f5abb3318,North Atlantic Industries,https://www.naii.com/,https://www.naii.com/Opportunities,Mechanical Engineer Ii Electronics Packaging Thermal Design,https://recruiting.paylocity.com/recruiting/jobs/Apply/4438131/North-Atlantic-Industries-Inc/Mechanical-Engineer-II---Electronics-Packaging-Thermal-Design,"Bohemia, NY",Bohemia,NY,United States,Not specified,,,,Space & Defense,2026-09-15,2026-09-15,https://www.naii.com/Opportunities,linked_page,4,success_after_fallback
8d12cdb46525,2026-09-15,6a2f5abb3318,North Atlantic Industries,https://www.naii.com/,https://www.naii.com/Opportunities,Manufacturing Engineer I,https://recruiting.paylocity.com/recruiting/jobs/Apply/4450727/North-Atlantic-Industries-Inc/Manufacturing-Engineer-I,"Bohemia, NY",Bohemia,NY,United States,Not specified,,,,Space & Defense,2026-09-15,2026-09-15,https://www.naii.com/Opportunities,linked_page,4,success_after_fallback
81f6f90a85f7,2026-09-15,6a2f5abb3318,North Atlantic Industries,https://www.naii.com/,https://www.naii.com/Opportunities,Intern Electrical Engineer Test Systems Fall,https://recruiting.paylocity.com/recruiting/jobs/Apply/4450195/North-Atlantic-Industries-Inc/Intern---Electrical-Engineer-Test-Systems-Fall-2026,"Bohemia, NY",Bohemia,NY,United States,Not specified,,,,Space & Defense,2026-09-15,2026-09-15,https://www.naii.com/Opportunities,linked_page,4,success_after_fallback
1d50b7362d2c,2026-09-15,6a2f5abb3318,North Atlantic Industries,https://www.naii.com/,https://www.naii.com/Opportunities,Intern It Helpdesk Tech Fall,https://recruiting.paylocity.com/recruiting/jobs/Apply/4399410/North-Atlantic-Industries-Inc/Intern-IT-Helpdesk-Tech-Fall-2026,"Bohemia, NY",Bohemia,NY,United States,Not specified,,,,Space & Defense,2026-09-15,2026-09-15,https://www.naii.com/Opportunities,linked_page,4,success_after_fallback
3ad5459ef57e,2026-09-15,6a2f5abb3318,North Atlantic Industries,https://www.naii.com/,https://www.naii.com/Opportunities,Electronics Power Technician Ii,https://recruiting.paylocity.com/recruiting/jobs/Apply/4458207/North-Atlantic-Industries-Inc/Electronics-Power-Technician-II,"Bohemia, NY",Bohemia,NY,United States,Not specified,,,,Space & Defense,2026-09-15,2026-09-15,https://www.naii.com/Opportunities,linked_page,4,success_after_fallback
06bb9876fe36,2026-09-15,6a2f5abb3318,North Atlantic Industries,https://www.naii.com/,https://www.naii.com/Opportunities,Electronics Technician I,https://recruiting.paylocity.com/recruiting/jobs/Apply/4438944/North-Atlantic-Industries-Inc/Electronics-Technician-I,"Bohemia, NY",Bohemia,NY,United States,Not specified,,,,Space & Defense,2026-09-15,2026-09-15,https://www.naii.com/Opportunities,linked_page,4,success_after_fallback
92f6025efe59,2026-09-15,6a2f5abb3318,North Atlantic Industries,https://www.naii.com/,https://www.naii.com/Opportunities,Quality Assurance Engineer I,https://recruiting.paylocity.com/recruiting/jobs/Apply/4450692/North-Atlantic-Industries-Inc/Quality-Assurance-Engineer-I,"Bohemia, NY",Bohemia,NY,United States,Not specified,,,,Space & Defense,2026-09-15,2026-09-15,https://www.naii.com/Opportunities,linked_page,4,success_after_fallback
b2c5bb0b2c7b,2026-09-15,6a2f5abb3318,North Atlantic Industries,https://www.naii.com/,https://www.naii.com/Opportunities,Npi Smt Process Engineer,https://recruiting.paylocity.com/recruiting/jobs/Apply/4438125/North-Atlantic-Industries-Inc/NPI-SMT-Process-Engineer,"Bohemia, NY",Bohemia,NY,United States,Not specified,,,,Space & Defense,2026-09-15,2026-09-15,https://www.naii.com/Opportunities,linked_page,4,success_after_fallback
918263acd8ef,2026-09-15,0197a4411659,RCM Engineering,https://rcmengineeringgroup.com/,https://jobs.rcmhealthcare.com/,Technician North Charleston South Carolina,https://jobs.rcmhealthcare.com/job/334416-technician-north-charleston-south-carolina,"West Sayville, NY, United States",West Sayville,NY,United States,Not specified,,,,Aerospace,2026-09-15,2026-09-15,https://jobs.rcmhealthcare.com/,linked_page,4,success_after_fallback
d87205912532,2026-09-15,0197a4411659,RCM Engineering,https://rcmengineeringgroup.com/,https://jobs.rcmhealthcare.com/,Technician Greensboro North Carolina,https://jobs.rcmhealthcare.com/job/334414-technician-greensboro-north-carolina,"West Sayville, NY, United States",West Sayville,NY,United States,Not specified,,,,Aerospace,2026-09-15,2026-09-15,https://jobs.rcmhealthcare.com/,linked_page,4,success_after_fallback
6c8cfc689426,2026-09-15,0197a4411659,RCM Engineering,https://rcmengineeringgroup.com/,https://jobs.rcmhealthcare.com/,Technician Charleston South Carolina,https://jobs.rcmhealthcare.com/job/334412-technician-charleston-south-carolina,"West Sayville, NY, United States",West Sayville,NY,United States,Not specified,,,,Aerospace,2026-09-15,2026-09-15,https://jobs.rcmhealthcare.com/,linked_page,4,success_after_fallback
92b0a6d0d040,2026-09-15,0939c3d7e29f,Saab Group,https://www.saab.com/,https://www.saab.com/career/job-opportunities,Contract Quality Manager ﻿,https://www.saab.com/career/job-opportunities/contract-quality-manager,"East Syracuse, NY, United States",East Syracuse,NY,United States,Not specified,,,,Space & Defense,2026-09-15,2026-09-15,https://www.saab.com/career/job-opportunities,known_careers_url,3,success
826793eb5cfa,2026-09-15,0939c3d7e29f,Saab Group,https://www.saab.com/,https://www.saab.com/career/job-opportunities,Contract Manager - Gripen FMV ﻿,https://www.saab.com/career/job-opportunities/contract-manager---gripen-fmv,"East Syracuse, NY, United States",East Syracuse,NY,United States,Not specified,,,,Space & Defense,2026-09-15,2026-09-15,https://www.saab.com/career/job-opportunities,known_careers_url,3,success
7ab559569942,2026-09-15,0939c3d7e29f,Saab Group,https://www.saab.com/,https://saabgroup.wd116.myworkdayjobs.com/Saab_careers/job/Lund---Skyddsgatan-5-7/Komponentingenjr-med-fokus-p-kvalitet-och-leverantrssamverkan_REQ_44358/apply,KomponentingenjÃ¶r med fokus pÃ¥ kvalitet och leverantÃ¶rssamverkan,https://saabgroup.wd116.myworkdayjobs.com/Saab_careers/job/Lund---Skyddsgatan-5-7/Komponentingenjr-med-fokus-p-kvalitet-och-leverantrssamverkan_REQ_44358/apply,"East Syracuse, NY, United States",East Syracuse,NY,United States,Not specified,,,,Space & Defense,2026-09-15,2026-09-15,https://saabgroup.wd116.myworkdayjobs.com/Saab_careers/job/Lund---Skyddsgatan-5-7/Komponentingenjr-med-fokus-p-kvalitet-och-leverantrssamverkan_REQ_44358/apply,ats_detected,3,success_after_fallback
76bf8670aa3a,2026-09-15,0939c3d7e29f,Saab Group,https://www.saab.com/,https://saabgroup.wd116.myworkdayjobs.com/Saab_careers/job/Karlskrona---Styrmansgatan-1/Kantpressare_REQ_41922/apply,Kantpressare,https://saabgroup.wd116.myworkdayjobs.com/Saab_careers/job/Karlskrona---Styrmansgatan-1/Kantpressare_REQ_41922/apply,"East Syracuse, NY, United States",East Syracuse,NY,United States,Not specified,,,,Space & Defense,2026-09-15,2026-09-15,https://saabgroup.wd116.myworkdayjobs.com/Saab_careers/job/Karlskrona---Styrmansgatan-1/Kantpressare_REQ_41922/apply,ats_detected,3,success_after_fallback
aed4cf66b766,2026-09-15,0939c3d7e29f,Saab Group,https://www.saab.com/,https://www.saab.com/career/job-opportunities/huvudplanerare-till-pu-avionics,Huvudplanerare Till Pu Avionics Req,https://saabgroup.wd116.myworkdayjobs.com/Saab_careers/job/Huskvarna---Jnkping/Huvudplanerare-till-PU-Avionics_REQ_45124-1/apply,"East Syracuse, NY, United States",East Syracuse,NY,United States,Not specified,,,,Space & Defense,2026-09-15,2026-09-15,https://www.saab.com/career/job-opportunities/huvudplanerare-till-pu-avionics,linked_page,4,success_after_fallback
de7482eb276a,2026-09-15,fdb04d86542a,SRI International,https://www.sri.com/,https://careers-sri.icims.com/jobs/search?ss=1&hashed=-625949242,Title Postdoctoral Fellow - Applied & Computational Scientists,https://careers-sri.icims.com/jobs/6506/postdoctoral-fellow---applied-%26-computational-scientists/job,"Manhattan, NY, United States",Manhattan,NY,United States,Not specified,,,,Core Space,2026-09-15,2026-09-15,https://careers-sri.icims.com/jobs/search?ss=1&hashed=-625949242,ats_detected,5,success_after_fallback
102c7b6f9f5f,2026-09-15,fdb04d86542a,SRI International,https://www.sri.com/,https://careers-sri.icims.com/jobs/search?ss=1&hashed=-625949242,Title Research Engineer I / II - Embedded Development Engineer,https://careers-sri.icims.com/jobs/6505/research-engineer-i---ii---embedded-development-engineer/job,"Manhattan, NY, United States",Manhattan,NY,United States,Remote,,,,Core Space,2026-09-15,2026-09-15,https://careers-sri.icims.com/jobs/search?ss=1&hashed=-625949242,ats_detected,5,success_after_fallback
cd1ca9b4a907,2026-09-15,fdb04d86542a,SRI International,https://www.sri.com/,https://careers-sri.icims.com/jobs/search?ss=1&hashed=-625949242,Title Semiconductor Equipment Technicians - experienced - second shift,https://careers-sri.icims.com/jobs/6467/semiconductor-equipment-technicians---experienced---second-shift/job,"Manhattan, NY, United States",Manhattan,NY,United States,Not specified,,,,Core Space,2026-09-15,2026-09-15,https://careers-sri.icims.com/jobs/search?ss=1&hashed=-625949242,ats_detected,5,success_after_fallback
65c4b06b9d52,2026-09-15,fdb04d86542a,SRI International,https://www.sri.com/,https://careers-sri.icims.com/jobs/search?ss=1&hashed=-625949242,Title Bioscience Research Associate I/II,https://careers-sri.icims.com/jobs/6466/bioscience-research-associate-i-ii/job,"Manhattan, NY, United States",Manhattan,NY,United States,Not specified,,,,Core Space,2026-09-15,2026-09-15,https://careers-sri.icims.com/jobs/search?ss=1&hashed=-625949242,ats_detected,5,success_after_fallback
dc33c273dc33,2026-09-15,fdb04d86542a,SRI International,https://www.sri.com/,https://careers-sri.icims.com/jobs/search?ss=1&hashed=-625949242,"Title Wafer Fab Operations Technicians (Machine Operations, Production Technicians)",https://careers-sri.icims.com/jobs/6465/wafer-fab-operations-technicians-%28machine-operations%2c-production-technicians%29/job,"Manhattan, NY, United States",Manhattan,NY,United States,On-site,,,,Core Space,2026-09-15,2026-09-15,https://careers-sri.icims.com/jobs/search?ss=1&hashed=-625949242,ats_detected,5,success_after_fallback
eb1fccc6f78a,2026-09-15,fdb04d86542a,SRI International,https://www.sri.com/,https://careers-sri.icims.com/jobs/search?ss=1&hashed=-625949242,Title Chemical Safety Engineer (Semiconductor),https://careers-sri.icims.com/jobs/6464/chemical-safety-engineer-%28semiconductor%29/job,"Manhattan, NY, United States",Manhattan,NY,United States,Not specified,,,,Core Space,2026-09-15,2026-09-15,https://careers-sri.icims.com/jobs/search?ss=1&hashed=-625949242,ats_detected,5,success_after_fallback
c0b92987ee7c,2026-09-15,fdb04d86542a,SRI International,https://www.sri.com/,https://careers-sri.icims.com/jobs/search?ss=1&hashed=-625949242,"Title Project Manager, Early Career, 60% travel",https://careers-sri.icims.com/jobs/6463/project-manager%2c-early-career%2c-60%25-travel/job,"Manhattan, NY, United States",Manhattan,NY,United States,Not specified,,,,Core Space,2026-09-15,2026-09-15,https://careers-sri.icims.com/jobs/search?ss=1&hashed=-625949242,ats_detected,5,success_after_fallback
4cb5be06c45c,2026-09-15,fdb04d86542a,SRI International,https://www.sri.com/,https://careers-sri.icims.com/jobs/search?ss=1&hashed=-625949242,"Title Bioscience Research Associate, Sleep Lab Part-Time",https://careers-sri.icims.com/jobs/6462/bioscience-research-associate%2c-sleep-lab-part-time/job,"Manhattan, NY, United States",Manhattan,NY,United States,Not specified,,,,Core Space,2026-09-15,2026-09-15,https://careers-sri.icims.com/jobs/search?ss=1&hashed=-625949242,ats_detected,5,success_after_fallback
c5874c81402c,2026-09-15,fdb04d86542a,SRI International,https://www.sri.com/,https://careers-sri.icims.com/jobs/search?ss=1&hashed=-625949242,Title Robotics Mechanical Engineer,https://careers-sri.icims.com/jobs/6461/robotics-mechanical-engineer/job,"Manhattan, NY, United States",Manhattan,NY,United States,Not specified,,,,Core Space,2026-09-15,2026-09-15,https://careers-sri.icims.com/jobs/search?ss=1&hashed=-625949242,ats_detected,5,success_after_fallback
31cfda380bd1,2026-09-15,fdb04d86542a,SRI International,https://www.sri.com/,https://careers-sri.icims.com/jobs/search?ss=1&hashed=-625949242,Title Research Engineer – Semiconductor Materials,https://careers-sri.icims.com/jobs/6460/research-engineer-%e2%80%93-semiconductor-materials/job,"Manhattan, NY, United States",Manhattan,NY,United States,Not specified,,,,Core Space,2026-09-15,2026-09-15,https://careers-sri.icims.com/jobs/search?ss=1&hashed=-625949242,ats_detected,5,success_after_fallback
0b2f87b7a4da,2026-09-15,fdb04d86542a,SRI International,https://www.sri.com/,https://careers-sri.icims.com/jobs/search?ss=1&hashed=-625949242,Title Sr Research Engineer - RF & Systems Engineer,https://careers-sri.icims.com/jobs/6458/sr-research-engineer---rf-%26-systems-engineer/job,"Manhattan, NY, United States",Manhattan,NY,United States,Remote,,,,Core Space,2026-09-15,2026-09-15,https://careers-sri.icims.com/jobs/search?ss=1&hashed=-625949242,ats_detected,5,success_after_fallback
af0dace94594,2026-09-15,fdb04d86542a,SRI International,https://www.sri.com/,https://careers-sri.icims.com/jobs/search?ss=1&hashed=-625949242,"Title Research Engineer II/III - FPGA, real-time and HPC code development (C programming)",https://careers-sri.icims.com/jobs/6457/research-engineer-ii-iii---fpga%2c-real-time-and-hpc-code-development-%28c-programming%29/job,"Manhattan, NY, United States",Manhattan,NY,United States,Remote,,,,Core Space,2026-09-15,2026-09-15,https://careers-sri.icims.com/jobs/search?ss=1&hashed=-625949242,ats_detected,5,success_after_fallback
5807c791eaa5,2026-09-15,fdb04d86542a,SRI International,https://www.sri.com/,https://careers-sri.icims.com/jobs/search?ss=1&hashed=-625949242,Title Sales and Operations Coordinator,https://careers-sri.icims.com/jobs/6455/sales-and-operations-coordinator/job,"Manhattan, NY, United States",Manhattan,NY,United States,Remote,,,,Core Space,2026-09-15,2026-09-15,https://careers-sri.icims.com/jobs/search?ss=1&hashed=-625949242,ats_detected,5,success_after_fallback
0087209107d7,2026-09-15,fdb04d86542a,SRI International,https://www.sri.com/,https://careers-sri.icims.com/jobs/search?ss=1&hashed=-625949242,Title Marketing Specialist - Full Time-Temporary,https://careers-sri.icims.com/jobs/6450/marketing-specialist---full-time-temporary/job,"Manhattan, NY, United States",Manhattan,NY,United States,Remote,,,,Core Space,2026-09-15,2026-09-15,https://careers-sri.icims.com/jobs/search?ss=1&hashed=-625949242,ats_detected,5,success_after_fallback
c44ad4764b51,2026-09-15,fdb04d86542a,SRI International,https://www.sri.com/,https://careers-sri.icims.com/jobs/search?ss=1&hashed=-625949242,Title Principal Image Sensor Development Engineer,https://careers-sri.icims.com/jobs/6448/principal-image-sensor-development-engineer/job,"Manhattan, NY, United States",Manhattan,NY,United States,Not specified,,,,Core Space,2026-09-15,2026-09-15,https://careers-sri.icims.com/jobs/search?ss=1&hashed=-625949242,ats_detected,5,success_after_fallback
28df1f4c1bd9,2026-09-15,fdb04d86542a,SRI International,https://www.sri.com/,https://careers-sri.icims.com/jobs/search?ss=1&hashed=-625949242,Title IC Layout Engineer III,https://careers-sri.icims.com/jobs/6445/ic-layout-engineer-iii/job,"Manhattan, NY, United States",Manhattan,NY,United States,Not specified,,,,Core Space,2026-09-15,2026-09-15,https://careers-sri.icims.com/jobs/search?ss=1&hashed=-625949242,ats_detected,5,success_after_fallback
83cd75cf6b13,2026-09-15,fdb04d86542a,SRI International,https://www.sri.com/,https://careers-sri.icims.com/jobs/search?ss=1&hashed=-625949242,Title Associate Contracts Officer,https://careers-sri.icims.com/jobs/6443/associate-contracts-officer/job,"Manhattan, NY, United States",Manhattan,NY,United States,Remote,,,,Core Space,2026-09-15,2026-09-15,https://careers-sri.icims.com/jobs/search?ss=1&hashed=-625949242,ats_detected,5,success_after_fallback
6f88f052d223,2026-09-15,fdb04d86542a,SRI International,https://www.sri.com/,https://careers-sri.icims.com/jobs/search?ss=1&hashed=-625949242,Title Analog IC Design Engineer,https://careers-sri.icims.com/jobs/6441/analog-ic-design-engineer/job,"Manhattan, NY, United States",Manhattan,NY,United States,Not specified,,,,Core Space,2026-09-15,2026-09-15,https://careers-sri.icims.com/jobs/search?ss=1&hashed=-625949242,ats_detected,5,success_after_fallback
4d7d959e3ed1,2026-09-15,fdb04d86542a,SRI International,https://www.sri.com/,https://careers-sri.icims.com/jobs/search?ss=1&hashed=-625949242,"Title Research Scientist, electron beam lithography",https://careers-sri.icims.com/jobs/6440/research-scientist%2c-electron-beam-lithography/job,"Manhattan, NY, United States",Manhattan,NY,United States,On-site,,,,Core Space,2026-09-15,2026-09-15,https://careers-sri.icims.com/jobs/search?ss=1&hashed=-625949242,ats_detected,5,success_after_fallback
64b737edd5d0,2026-09-15,fdb04d86542a,SRI International,https://www.sri.com/,https://careers-sri.icims.com/jobs/search?ss=1&hashed=-625949242,Title Test Engineers I,https://careers-sri.icims.com/jobs/6439/test-engineers-i/job,"Manhattan, NY, United States",Manhattan,NY,United States,Not specified,,,,Core Space,2026-09-15,2026-09-15,https://careers-sri.icims.com/jobs/search?ss=1&hashed=-625949242,ats_detected,5,success_after_fallback
6d3d0ab8b735,2026-09-15,fdb04d86542a,SRI International,https://www.sri.com/,https://careers-sri.icims.com/jobs/search?ss=1&hashed=-625949242,Title Sr. Photonics Research Engineer,https://careers-sri.icims.com/jobs/6436/sr.-photonics-research-engineer/job,"Manhattan, NY, United States",Manhattan,NY,United States,On-site,,,,Core Space,2026-09-15,2026-09-15,https://careers-sri.icims.com/jobs/search?ss=1&hashed=-625949242,ats_detected,5,success_after_fallback
fd4e35a63d72,2026-09-15,fdb04d86542a,SRI International,https://www.sri.com/,https://careers-sri.icims.com/jobs/search?ss=1&hashed=-625949242,Title Materials Research Scientist/Engineer,https://careers-sri.icims.com/jobs/6428/materials-research-scientist-engineer/job,"Manhattan, NY, United States",Manhattan,NY,United States,Not specified,,,,Core Space,2026-09-15,2026-09-15,https://careers-sri.icims.com/jobs/search?ss=1&hashed=-625949242,ats_detected,5,success_after_fallback
6a229b52cf25,2026-09-15,fdb04d86542a,SRI International,https://www.sri.com/,https://careers-sri.icims.com/jobs/search?ss=1&hashed=-625949242,Title Robotics Software Engineer - II/III,https://careers-sri.icims.com/jobs/6427/robotics-software-engineer---ii-iii/job,"Manhattan, NY, United States",Manhattan,NY,United States,On-site,,,,Core Space,2026-09-15,2026-09-15,https://careers-sri.icims.com/jobs/search?ss=1&hashed=-625949242,ats_detected,5,success_after_fallback
95b1d44347a2,2026-09-15,fdb04d86542a,SRI International,https://www.sri.com/,https://careers-sri.icims.com/jobs/search?ss=1&hashed=-625949242,Title Sr Research Engineer-RF,https://careers-sri.icims.com/jobs/6407/sr-research-engineer-rf/job,"Manhattan, NY, United States",Manhattan,NY,United States,Remote,,,,Core Space,2026-09-15,2026-09-15,https://careers-sri.icims.com/jobs/search?ss=1&hashed=-625949242,ats_detected,5,success_after_fallback
8135fc124960,2026-09-15,fdb04d86542a,SRI International,https://www.sri.com/,https://careers-sri.icims.com/jobs/search?ss=1&hashed=-625949242,Title Sr Research Engineer-Project Principal Investigator - RF,https://careers-sri.icims.com/jobs/6406/sr-research-engineer-project-principal-investigator---rf/job,"Manhattan, NY, United States",Manhattan,NY,United States,Remote,,,,Core Space,2026-09-15,2026-09-15,https://careers-sri.icims.com/jobs/search?ss=1&hashed=-625949242,ats_detected,5,success_after_fallback
fc661e612cd6,2026-09-15,fdb04d86542a,SRI International,https://www.sri.com/,https://careers-sri.icims.com/jobs/search?ss=1&hashed=-625949242,Title Research Engineer II/III - RF Hardware,https://careers-sri.icims.com/jobs/6405/research-engineer-ii-iii---rf-hardware/job,"Manhattan, NY, United States",Manhattan,NY,United States,Remote,,,,Core Space,2026-09-15,2026-09-15,https://careers-sri.icims.com/jobs/search?ss=1&hashed=-625949242,ats_detected,5,success_after_fallback
f5c85183bee4,2026-09-15,fdb04d86542a,SRI International,https://www.sri.com/,https://careers-sri.icims.com/jobs/search?ss=1&hashed=-625949242,Title IC Design Engineer III,https://careers-sri.icims.com/jobs/6403/ic-design-engineer-iii/job,"Manhattan, NY, United States",Manhattan,NY,United States,Not specified,,,,Core Space,2026-09-15,2026-09-15,https://careers-sri.icims.com/jobs/search?ss=1&hashed=-625949242,ats_detected,5,success_after_fallback
4a918651f386,2026-09-15,fdb04d86542a,SRI International,https://www.sri.com/,https://careers-sri.icims.com/jobs/search?ss=1&hashed=-625949242,Title Wafer Fab Process Engineer,https://careers-sri.icims.com/jobs/6395/wafer-fab-process-engineer/job,"Manhattan, NY, United States",Manhattan,NY,United States,Not specified,,,,Core Space,2026-09-15,2026-09-15,https://careers-sri.icims.com/jobs/search?ss=1&hashed=-625949242,ats_detected,5,success_after_fallback
914b84c5d97a,2026-09-15,fdb04d86542a,SRI International,https://www.sri.com/,https://careers-sri.icims.com/jobs/search?ss=1&hashed=-625949242,Title Mechanical Engineer,https://careers-sri.icims.com/jobs/6384/mechanical-engineer/job,"Manhattan, NY, United States",Manhattan,NY,United States,Not specified,,,,Core Space,2026-09-15,2026-09-15,https://careers-sri.icims.com/jobs/search?ss=1&hashed=-625949242,ats_detected,5,success_after_fallback
d06c2cd1b5a3,2026-09-15,fdb04d86542a,SRI International,https://www.sri.com/,https://careers-sri.icims.com/jobs/search?ss=1&hashed=-625949242,Title Sr Mechanical Engineer,https://careers-sri.icims.com/jobs/6383/sr-mechanical-engineer/job,"Manhattan, NY, United States",Manhattan,NY,United States,Not specified,,,,Core Space,2026-09-15,2026-09-15,https://careers-sri.icims.com/jobs/search?ss=1&hashed=-625949242,ats_detected,5,success_after_fallback
57bb35df9988,2026-09-15,fdb04d86542a,SRI International,https://www.sri.com/,https://careers-sri.icims.com/jobs/search?ss=1&hashed=-625949242,Title Sr Research Engineer-Project Principal Investigator,https://careers-sri.icims.com/jobs/6377/sr-research-engineer-project-principal-investigator/job,"Manhattan, NY, United States",Manhattan,NY,United States,Remote,,,,Core Space,2026-09-15,2026-09-15,https://careers-sri.icims.com/jobs/search?ss=1&hashed=-625949242,ats_detected,5,success_after_fallback
0bec5a533ca5,2026-09-15,fdb04d86542a,SRI International,https://www.sri.com/,https://careers-sri.icims.com/jobs/search?ss=1&hashed=-625949242,Title IC Design Engineer IV,https://careers-sri.icims.com/jobs/6367/ic-design-engineer-iv/job,"Manhattan, NY, United States",Manhattan,NY,United States,Not specified,,,,Core Space,2026-09-15,2026-09-15,https://careers-sri.icims.com/jobs/search?ss=1&hashed=-625949242,ats_detected,5,success_after_fallback
9b94ba03fc5f,2026-09-15,fdb04d86542a,SRI International,https://www.sri.com/,https://careers-sri.icims.com/jobs/search?ss=1&hashed=-625949242,Title Electronics Design Engineer,https://careers-sri.icims.com/jobs/6365/electronics-design-engineer/job,"Manhattan, NY, United States",Manhattan,NY,United States,Not specified,,,,Core Space,2026-09-15,2026-09-15,https://careers-sri.icims.com/jobs/search?ss=1&hashed=-625949242,ats_detected,5,success_after_fallback
14e6108fd230,2026-09-15,fdb04d86542a,SRI International,https://www.sri.com/,https://careers-sri.icims.com/jobs/search?ss=1&hashed=-625949242,"Title Test Engineer - Analog, ATE",https://careers-sri.icims.com/jobs/6325/test-engineer---analog%2c-ate/job,"Manhattan, NY, United States",Manhattan,NY,United States,Not specified,,,,Core Space,2026-09-15,2026-09-15,https://careers-sri.icims.com/jobs/search?ss=1&hashed=-625949242,ats_detected,5,success_after_fallback
5211adaa3359,2026-09-15,fdb04d86542a,SRI International,https://www.sri.com/,https://careers-sri.icims.com/jobs/search?ss=1&hashed=-625949242,Title Photonics Research Engineer III,https://careers-sri.icims.com/jobs/6320/photonics-research-engineer-iii/job,"Manhattan, NY, United States",Manhattan,NY,United States,On-site,,,,Core Space,2026-09-15,2026-09-15,https://careers-sri.icims.com/jobs/search?ss=1&hashed=-625949242,ats_detected,5,success_after_fallback
fc84266c0fdd,2026-09-15,fdb04d86542a,SRI International,https://www.sri.com/,https://careers-sri.icims.com/jobs/search?ss=1&hashed=-625949242,Title Manufacturing Technicians,https://careers-sri.icims.com/jobs/6254/manufacturing-technicians/job,"Manhattan, NY, United States",Manhattan,NY,United States,Not specified,,,,Core Space,2026-09-15,2026-09-15,https://careers-sri.icims.com/jobs/search?ss=1&hashed=-625949242,ats_detected,5,success_after_fallback
ae5ccc70e46a,2026-09-15,e04ea6a314c3,Vishay Americas,https://www.vishay.com/,https://jobs.vishay.com/career-areas,Engineer Ehs,https://jobs.vishay.com/jobs/engineer-ehs,"Mumbai, IN, India",Mumbai,IN,India,Not specified,,,,Core Space,2026-09-15,2026-09-15,https://jobs.vishay.com/career-areas,linked_page,3,success_after_fallback
b03e61f09608,2026-09-15,e04ea6a314c3,Vishay Americas,https://www.vishay.com/,https://jobs.vishay.com/jobs/hr-coordinator,Hr Coordinator Jr,https://vishay.wd3.myworkdayjobs.com/VishayCareers/job/Beer-Sheva-IL/HR-Coordinator_JR-19407/apply,"Niagara Falls, NY, United States",Niagara Falls,NY,United States,Not specified,,,,Core Space,2026-09-15,2026-09-15,https://jobs.vishay.com/jobs/hr-coordinator,linked_page,4,success_after_fallback
3e1382b76cac,2026-09-15,e04ea6a314c3,Vishay Americas,https://www.vishay.com/,https://vishay.wd3.myworkdayjobs.com/VishayCareers/job/Itzehoe-DE/XMLNAME--Junior--Controller--m-w-d-_JR-19172-1/apply,(Junior) Controller (m/w/d),https://vishay.wd3.myworkdayjobs.com/VishayCareers/job/Itzehoe-DE/XMLNAME--Junior--Controller--m-w-d-_JR-19172-1/apply,"Itzehoe, DE, Germany",Itzehoe,DE,Germany,Not specified,,,,Core Space,2026-09-15,2026-09-15,https://vishay.wd3.myworkdayjobs.com/VishayCareers/job/Itzehoe-DE/XMLNAME--Junior--Controller--m-w-d-_JR-19172-1/apply,ats_detected,3,success_after_fallback
b8c3f0a204e8,2026-09-15,e04ea6a314c3,Vishay Americas,https://www.vishay.com/,https://jobs.vishay.com/jobs/senior-hr-specialist-m-w-d,Xmlname Senior Hr Specialist M W D Jr,https://vishay.wd3.myworkdayjobs.com/VishayCareers/job/Selb-DE/XMLNAME--Senior--HR-Specialist--m-w-d-_JR-17989-1/apply,"Niagara Falls, NY, United States",Niagara Falls,NY,United States,Not specified,,,,Core Space,2026-09-15,2026-09-15,https://jobs.vishay.com/jobs/senior-hr-specialist-m-w-d,linked_page,4,success_after_fallback
886abad21824,2026-09-15,1c2b4e10bf58,Wallaroo AI,https://wallaroo.ai/,https://www.jobvite.com/,TA Leader,https://www.jobvite.com/solutions/role/talent-acquisition-leader,"Manhattan, NY, United States",Manhattan,NY,United States,Not specified,,,,Core Space,2026-09-15,2026-09-15,https://www.jobvite.com/,ats_detected,4,success_after_fallback
fcec0899c79f,2026-09-15,1c2b4e10bf58,Wallaroo AI,https://wallaroo.ai/,https://www.jobvite.com/,HR Leader,https://www.jobvite.com/solutions/role/hr-leader,"Manhattan, NY, United States",Manhattan,NY,United States,Not specified,,,,Core Space,2026-09-15,2026-09-15,https://www.jobvite.com/,ats_detected,4,success_after_fallback
bc3248fdbd4f,2026-09-15,1c2b4e10bf58,Wallaroo AI,https://wallaroo.ai/,https://www.jobvite.com/,IT Manager,https://www.jobvite.com/solutions/role/it,"Manhattan, NY, United States",Manhattan,NY,United States,Not specified,,,,Core Space,2026-09-15,2026-09-15,https://www.jobvite.com/,ats_detected,4,success_after_fallback
