job_id,snapshot_date,company_id,company_name,company_website,careers_url,job_title,job_url,location,city,state,country,remote,salary_min,salary_max,department,category,date_found,last_seen_at,source_url,discovery_method,job_confidence_score,status
50c8386ed100,2026-09-29,a3c0ab6694be,Bluefors Inc.,https://bluefors.com/,https://careers.bluefors.com/jobs,"Junior Mechanical Design Engineer, Configuration & Layout Engineering",https://careers.bluefors.com/jobs/8454866-junior-mechanical-design-engineer-configuration-layout-engineering,Hybrid,,,,Hybrid,,,,Core Space,2026-09-29,2026-09-29,https://careers.bluefors.com/jobs,linked_page,4,success_after_fallback
4bf173e1acb2,2026-09-29,a3c0ab6694be,Bluefors Inc.,https://bluefors.com/,https://careers.bluefors.com/jobs,Junior Site Planning Engineer,https://careers.bluefors.com/jobs/8452555-junior-site-planning-engineer,Hybrid,,,,Hybrid,,,,Core Space,2026-09-29,2026-09-29,https://careers.bluefors.com/jobs,linked_page,4,success_after_fallback
b090ff870451,2026-09-29,a3c0ab6694be,Bluefors Inc.,https://bluefors.com/,https://careers.bluefors.com/jobs,Digital Marketing Manager,https://careers.bluefors.com/jobs/8402037-digital-marketing-manager,Hybrid,,,,Hybrid,,,,Core Space,2026-09-29,2026-09-29,https://careers.bluefors.com/jobs,linked_page,4,success_after_fallback
5924fffcda4f,2026-09-29,a3c0ab6694be,Bluefors Inc.,https://bluefors.com/,https://careers.bluefors.com/jobs,Manufacturing Associate-Clean/Test,https://careers.bluefors.com/jobs/8398705-manufacturing-associate-clean-test,"Syracuse, NY, United States",Syracuse,NY,United States,Not specified,,,,Core Space,2026-09-29,2026-09-29,https://careers.bluefors.com/jobs,linked_page,4,success_after_fallback
a6c01aa06a20,2026-09-29,a3c0ab6694be,Bluefors Inc.,https://bluefors.com/,https://careers.bluefors.com/jobs,Channel Sales Manager,https://careers.bluefors.com/jobs/8388769-channel-sales-manager,Hybrid,,,,Hybrid,,,,Core Space,2026-09-29,2026-09-29,https://careers.bluefors.com/jobs,linked_page,4,success_after_fallback
f4e96724309f,2026-09-29,a3c0ab6694be,Bluefors Inc.,https://bluefors.com/,https://careers.bluefors.com/jobs,"R&D Manager, Cooling team",https://careers.bluefors.com/jobs/8385475-r-d-manager-cooling-team,Hybrid,,,,Hybrid,,,,Core Space,2026-09-29,2026-09-29,https://careers.bluefors.com/jobs,linked_page,4,success_after_fallback
f9019c6c5365,2026-09-29,a3c0ab6694be,Bluefors Inc.,https://bluefors.com/,https://careers.bluefors.com/jobs,Account Manager,https://careers.bluefors.com/jobs/8382598-account-manager,"Syracuse, NY, United States",Syracuse,NY,United States,Not specified,,,,Core Space,2026-09-29,2026-09-29,https://careers.bluefors.com/jobs,linked_page,4,success_after_fallback
66a590da9a83,2026-09-29,a3c0ab6694be,Bluefors Inc.,https://bluefors.com/,https://careers.bluefors.com/jobs,Spare Parts Coordinator,https://careers.bluefors.com/jobs/8382134-spare-parts-coordinator,"Syracuse, NY, United States",Syracuse,NY,United States,Not specified,,,,Core Space,2026-09-29,2026-09-29,https://careers.bluefors.com/jobs,linked_page,4,success_after_fallback
cb87fe77bb36,2026-09-29,a3c0ab6694be,Bluefors Inc.,https://bluefors.com/,https://careers.bluefors.com/jobs,Business Development Specialist,https://careers.bluefors.com/jobs/8325654-business-development-specialist,"Syracuse, NY, United States",Syracuse,NY,United States,Not specified,,,,Core Space,2026-09-29,2026-09-29,https://careers.bluefors.com/jobs,linked_page,4,success_after_fallback
5b544f66d3fc,2026-09-29,a3c0ab6694be,Bluefors Inc.,https://bluefors.com/,https://careers.bluefors.com/jobs,Maintenance Technician,https://careers.bluefors.com/jobs/8287991-maintenance-technician,"Syracuse, NY, United States",Syracuse,NY,United States,Not specified,,,,Core Space,2026-09-29,2026-09-29,https://careers.bluefors.com/jobs,linked_page,4,success_after_fallback
ede31c521720,2026-09-29,a3c0ab6694be,Bluefors Inc.,https://bluefors.com/,https://careers.bluefors.com/jobs,Engineering Technician – R&D,https://careers.bluefors.com/jobs/8280448-engineering-technician-r-d,"Syracuse, NY, United States",Syracuse,NY,United States,Not specified,,,,Core Space,2026-09-29,2026-09-29,https://careers.bluefors.com/jobs,linked_page,4,success_after_fallback
215ba270929b,2026-09-29,a3c0ab6694be,Bluefors Inc.,https://bluefors.com/,https://careers.bluefors.com/jobs,Mechanical Engineer,https://careers.bluefors.com/jobs/8280256-mechanical-engineer,"Syracuse, NY, United States",Syracuse,NY,United States,Not specified,,,,Core Space,2026-09-29,2026-09-29,https://careers.bluefors.com/jobs,linked_page,4,success_after_fallback
105164451c73,2026-09-29,a3c0ab6694be,Bluefors Inc.,https://bluefors.com/,https://careers.bluefors.com/jobs,Account Associate,https://careers.bluefors.com/jobs/8269204-account-associate,"Syracuse, NY, United States",Syracuse,NY,United States,Not specified,,,,Core Space,2026-09-29,2026-09-29,https://careers.bluefors.com/jobs,linked_page,4,success_after_fallback
2d6a54da39ee,2026-09-29,a3c0ab6694be,Bluefors Inc.,https://bluefors.com/,https://careers.bluefors.com/jobs,Packaging & Crating Technician I,https://careers.bluefors.com/jobs/8269063-packaging-crating-technician-i,"Syracuse, NY, United States",Syracuse,NY,United States,Not specified,,,,Core Space,2026-09-29,2026-09-29,https://careers.bluefors.com/jobs,linked_page,4,success_after_fallback
b135afe961df,2026-09-29,a3c0ab6694be,Bluefors Inc.,https://bluefors.com/,https://careers.bluefors.com/jobs,Manufacturing Associate (Second Shift),https://careers.bluefors.com/jobs/8250373-manufacturing-associate-second-shift,"Syracuse, NY, United States",Syracuse,NY,United States,Not specified,,,,Core Space,2026-09-29,2026-09-29,https://careers.bluefors.com/jobs,linked_page,4,success_after_fallback
64cb776284e0,2026-09-29,a3c0ab6694be,Bluefors Inc.,https://bluefors.com/,https://careers.bluefors.com/jobs,Operations and Supply Chain,https://careers.bluefors.com/jobs/8241888-strategic-buyer,"Syracuse, NY, United States",Syracuse,NY,United States,Not specified,,,,Core Space,2026-09-29,2026-09-29,https://careers.bluefors.com/jobs,linked_page,4,success_after_fallback
8acad2b94319,2026-09-29,a3c0ab6694be,Bluefors Inc.,https://bluefors.com/,https://careers.bluefors.com/jobs,Shipping Coordinator,https://careers.bluefors.com/jobs/8237875-shipping-coordinator,"Syracuse, NY, United States",Syracuse,NY,United States,Not specified,,,,Core Space,2026-09-29,2026-09-29,https://careers.bluefors.com/jobs,linked_page,4,success_after_fallback
30f6f44e3b72,2026-09-29,a3c0ab6694be,Bluefors Inc.,https://bluefors.com/,https://careers.bluefors.com/jobs,Technical Sales Manager,https://careers.bluefors.com/jobs/8231513-technical-sales-manager,"Syracuse, NY, United States",Syracuse,NY,United States,Not specified,,,,Core Space,2026-09-29,2026-09-29,https://careers.bluefors.com/jobs,linked_page,4,success_after_fallback
fd3748e6d18d,2026-09-29,49a10cfcff0c,AIP Publishing,https://publishing.aip.org/,https://job-boards.greenhouse.io/aippublishing,Sr Peer Review Specialist,https://job-boards.greenhouse.io/aippublishing/jobs/6166603004,"Remote - NY, NJ, CT, MD, VA, PA, MA, RI or Washington, DC",Remote - NY,NJ,United States,Remote,,,,Core Space,2026-09-29,2026-09-29,https://job-boards.greenhouse.io/aippublishing,known_careers_url,5,success
44b6c278841b,2026-09-29,49a10cfcff0c,AIP Publishing,https://publishing.aip.org/,https://job-boards.greenhouse.io/aippublishing,Cloud Infrastructure Engineer,https://job-boards.greenhouse.io/aippublishing/jobs/6144177004,"Remote - NY, NJ, CT, MD, VA, PA, MA, RI or Washington, DC",Remote - NY,NJ,United States,Remote,,,,Core Space,2026-09-29,2026-09-29,https://job-boards.greenhouse.io/aippublishing,known_careers_url,5,success
1788b2d6edfe,2026-09-29,0c237be7f93d,Applied Visions,https://www.avi.com/,https://app.trinethire.com/companies/1321-the-applied-visions-companies-applied-visions-software-design-solutions/jobs,Software Engineer - Internship,https://app.trinethire.com/companies/1321-applied-visions-software-design-solutions/jobs/30071-software-engineer-internship,"Clifton Park, NY, United States",Clifton Park,NY,United States,Not specified,,,,Aerospace,2026-09-29,2026-09-29,https://app.trinethire.com/companies/1321-the-applied-visions-companies-applied-visions-software-design-solutions/jobs,linked_page,4,success_after_fallback
1a3ad1837653,2026-09-29,0c237be7f93d,Applied Visions,https://www.avi.com/,https://app.trinethire.com/companies/1321-the-applied-visions-companies-applied-visions-software-design-solutions/jobs,Electrical Engineer,https://app.trinethire.com/companies/1321-applied-visions-software-design-solutions/jobs/121839-electrical-engineer,"Clifton Park, NY, United States",Clifton Park,NY,United States,Not specified,,,,Aerospace,2026-09-29,2026-09-29,https://app.trinethire.com/companies/1321-the-applied-visions-companies-applied-visions-software-design-solutions/jobs,linked_page,4,success_after_fallback
cb371e86cd3d,2026-09-29,0c237be7f93d,Applied Visions,https://www.avi.com/,https://app.trinethire.com/companies/1321-the-applied-visions-companies-applied-visions-software-design-solutions/jobs,Director of Engineering,https://app.trinethire.com/companies/1321-applied-visions-software-design-solutions/jobs/118815-director-of-engineering,"Clifton Park, NY, United States",Clifton Park,NY,United States,Not specified,,,,Aerospace,2026-09-29,2026-09-29,https://app.trinethire.com/companies/1321-the-applied-visions-companies-applied-visions-software-design-solutions/jobs,linked_page,4,success_after_fallback
61417aaf893b,2026-09-29,0c237be7f93d,Applied Visions,https://www.avi.com/,https://app.trinethire.com/companies/1321-the-applied-visions-companies-applied-visions-software-design-solutions/jobs,Director of Product Management,https://app.trinethire.com/companies/1321-applied-visions-software-design-solutions/jobs/120485-director-of-product-management,"Clifton Park, NY, United States",Clifton Park,NY,United States,Not specified,,,,Aerospace,2026-09-29,2026-09-29,https://app.trinethire.com/companies/1321-the-applied-visions-companies-applied-visions-software-design-solutions/jobs,linked_page,4,success_after_fallback
0ac45e64ecd0,2026-09-29,0c237be7f93d,Applied Visions,https://www.avi.com/,https://app.trinethire.com/companies/1321-the-applied-visions-companies-applied-visions-software-design-solutions/jobs,Applied Visions Software Design Solutions,https://app.trinethire.com/companies/1321-applied-visions-software-design-solutions/jobs/120013-machinist-prototype-machining-3-month-contract,"Clifton Park, NY, United States",Clifton Park,NY,United States,Not specified,,,,Aerospace,2026-09-29,2026-09-29,https://app.trinethire.com/companies/1321-the-applied-visions-companies-applied-visions-software-design-solutions/jobs,linked_page,4,success_after_fallback
873a8c5d3c48,2026-09-29,405cf37b5e7d,Arkwin Industries,https://www.arkwin.com/,https://www.arkwin.com/job/senior-design-engineer-3,Senior Design Engineer,https://www.arkwin.com/job/senior-design-engineer-3,"Bethpage, NY",Bethpage,NY,United States,Not specified,,,,Space & Defense,2026-09-29,2026-09-29,https://www.arkwin.com/job/senior-design-engineer-3,linked_page,3,success_after_fallback
973ecca02f98,2026-09-29,405cf37b5e7d,Arkwin Industries,https://www.arkwin.com/,https://www.arkwin.com/job/quality-engineer-2,Quality Engineer,https://www.arkwin.com/job/quality-engineer-2,"Bethpage, NY",Bethpage,NY,United States,Not specified,,,,Space & Defense,2026-09-29,2026-09-29,https://www.arkwin.com/job/quality-engineer-2,linked_page,3,success_after_fallback
27443147dc30,2026-09-29,405cf37b5e7d,Arkwin Industries,https://www.arkwin.com/,https://www.arkwin.com/job/business-development-manager,Business Development Manager,https://www.arkwin.com/job/business-development-manager,"Bethpage, NY",Bethpage,NY,United States,Not specified,,,,Space & Defense,2026-09-29,2026-09-29,https://www.arkwin.com/job/business-development-manager,linked_page,3,success_after_fallback
f398e8e870ff,2026-09-29,405cf37b5e7d,Arkwin Industries,https://www.arkwin.com/,https://www.arkwin.com/job/business-unit-manager-4,Business Unit Manager,https://www.arkwin.com/job/business-unit-manager-4,"Bethpage, NY",Bethpage,NY,United States,Not specified,,,,Space & Defense,2026-09-29,2026-09-29,https://www.arkwin.com/job/business-unit-manager-4,linked_page,3,success_after_fallback
8dda5fe97d2c,2026-09-29,405cf37b5e7d,Arkwin Industries,https://www.arkwin.com/,https://www.arkwin.com/job/customer-account-manager-9,Customer Account Manager,https://www.arkwin.com/job/customer-account-manager-9,"Bethpage, NY",Bethpage,NY,United States,Not specified,,,,Space & Defense,2026-09-29,2026-09-29,https://www.arkwin.com/job/customer-account-manager-9,linked_page,3,success_after_fallback
e56babfda0d0,2026-09-29,f7b8731a7e71,ASR International,https://www.asrintl.com/,https://asrinternationalcorp.applytojob.com/apply/jobs,Logistics Equipment Management Specialist,https://asrinternationalcorp.applytojob.com/apply/jobs/details/dyqPvT6CNU,"Portsmouth, VA",Portsmouth,VA,United States,Not specified,,,,Space & Defense,2026-09-29,2026-09-29,https://asrinternationalcorp.applytojob.com/apply/jobs,known_careers_url,4,success
3493da0b51af,2026-09-29,f7b8731a7e71,ASR International,https://www.asrintl.com/,https://asrinternationalcorp.applytojob.com/apply/jobs,Senior Project Lead,https://asrinternationalcorp.applytojob.com/apply/jobs/details/KJn2M0fMhM,"Marine Corps Logistics Base Albany, GA",Marine Corps Logistics Base Albany,GA,United States,Not specified,,,,Space & Defense,2026-09-29,2026-09-29,https://asrinternationalcorp.applytojob.com/apply/jobs,known_careers_url,4,success
f5e432204fce,2026-09-29,f7b8731a7e71,ASR International,https://www.asrintl.com/,https://asrinternationalcorp.applytojob.com/apply/jobs,Senior Supply Technician - Deployed Support/Site Lead,https://asrinternationalcorp.applytojob.com/apply/jobs/details/so9rujsBbB,"Camp Pendleton, CA",Camp Pendleton,CA,United States,Not specified,,,,Space & Defense,2026-09-29,2026-09-29,https://asrinternationalcorp.applytojob.com/apply/jobs,known_careers_url,4,success
ee8ed44474d6,2026-09-29,f7b8731a7e71,ASR International,https://www.asrintl.com/,https://asrinternationalcorp.applytojob.com/apply/jobs,Senior Supply Technician - Site Lead,https://asrinternationalcorp.applytojob.com/apply/jobs/details/xkR9wm6jy9,"Okinawa, Japan",Okinawa,,Japan,Not specified,,,,Space & Defense,2026-09-29,2026-09-29,https://asrinternationalcorp.applytojob.com/apply/jobs,known_careers_url,4,success
40211c815c76,2026-09-29,f7b8731a7e71,ASR International,https://www.asrintl.com/,https://asrinternationalcorp.applytojob.com/apply/jobs,Senior Supply Technician - Site Lead,https://asrinternationalcorp.applytojob.com/apply/jobs/details/ntRSulBqw8,"Marine Corps Logistics Base Albany, GA",Marine Corps Logistics Base Albany,GA,United States,Not specified,,,,Space & Defense,2026-09-29,2026-09-29,https://asrinternationalcorp.applytojob.com/apply/jobs,known_careers_url,4,success
8dd4741588f0,2026-09-29,f7b8731a7e71,ASR International,https://www.asrintl.com/,https://asrinternationalcorp.applytojob.com/apply/jobs,Senior Supply Technician - Site Lead,https://asrinternationalcorp.applytojob.com/apply/jobs/details/sBasefcfL3,"Camp Lejeune, NC",Camp Lejeune,NC,United States,Not specified,,,,Space & Defense,2026-09-29,2026-09-29,https://asrinternationalcorp.applytojob.com/apply/jobs,known_careers_url,4,success
e677131f1ecc,2026-09-29,f7b8731a7e71,ASR International,https://www.asrintl.com/,https://asrinternationalcorp.applytojob.com/apply/jobs,Warehouse Specialist,https://asrinternationalcorp.applytojob.com/apply/jobs/details/kdxjRcRUEN,"Alameda, CA",Alameda,CA,United States,Not specified,,,,Space & Defense,2026-09-29,2026-09-29,https://asrinternationalcorp.applytojob.com/apply/jobs,known_careers_url,4,success
35e75b133d2a,2026-09-29,f7b8731a7e71,ASR International,https://www.asrintl.com/,https://asrinternationalcorp.applytojob.com/apply/jobs,Warehouse Specialist,https://asrinternationalcorp.applytojob.com/apply/jobs/details/KFylIvX9TO,"Portsmouth, VA",Portsmouth,VA,United States,Not specified,,,,Space & Defense,2026-09-29,2026-09-29,https://asrinternationalcorp.applytojob.com/apply/jobs,known_careers_url,4,success
81ca54dcc0f9,2026-09-29,f7b8731a7e71,ASR International,https://www.asrintl.com/,https://asrinternationalcorp.applytojob.com/apply/jobs,Laboratory Technician,https://asrinternationalcorp.applytojob.com/apply/jobs/details/9Hb0LslEp2,"Sugar Land, TX",Sugar Land,TX,United States,Not specified,,,,Space & Defense,2026-09-29,2026-09-29,https://asrinternationalcorp.applytojob.com/apply/jobs,known_careers_url,4,success
66bda98a66c6,2026-09-29,f7b8731a7e71,ASR International,https://www.asrintl.com/,https://asrinternationalcorp.applytojob.com/apply/jobs,USCG Logistics Asset Management PM,https://asrinternationalcorp.applytojob.com/apply/jobs/details/p0glF8AG50,"Portsmouth, VA",Portsmouth,VA,United States,Not specified,,,,Space & Defense,2026-09-29,2026-09-29,https://asrinternationalcorp.applytojob.com/apply/jobs,known_careers_url,4,success
7bdd4441d288,2026-09-29,f7b8731a7e71,ASR International,https://www.asrintl.com/,https://asrinternationalcorp.applytojob.com/apply/jobs,TPRB Construction Engineer – Dam Safety SME,https://asrinternationalcorp.applytojob.com/apply/jobs/details/vmXXU9eT1F,"Tierra Amarillia, NM",Tierra Amarillia,NM,United States,Not specified,,,,Space & Defense,2026-09-29,2026-09-29,https://asrinternationalcorp.applytojob.com/apply/jobs,known_careers_url,4,success
2d6f420a125c,2026-09-29,f7b8731a7e71,ASR International,https://www.asrintl.com/,https://asrinternationalcorp.applytojob.com/apply/jobs,Information Systems Analyst,https://asrinternationalcorp.applytojob.com/apply/jobs/details/DHQO7hotlQ,"Fort Worth, TX",Fort Worth,TX,United States,Not specified,,,,Space & Defense,2026-09-29,2026-09-29,https://asrinternationalcorp.applytojob.com/apply/jobs,known_careers_url,4,success
234058d2f490,2026-09-29,f7b8731a7e71,ASR International,https://www.asrintl.com/,https://asrinternationalcorp.applytojob.com/apply/jobs,Inventory Specialist,https://asrinternationalcorp.applytojob.com/apply/jobs/details/SE42q9itOE,"Minden, NV",Minden,NV,United States,Not specified,,,,Space & Defense,2026-09-29,2026-09-29,https://asrinternationalcorp.applytojob.com/apply/jobs,known_careers_url,4,success
42dea78c8362,2026-09-29,f7b8731a7e71,ASR International,https://www.asrintl.com/,https://asrinternationalcorp.applytojob.com/apply/jobs,Civil Engineer - Federal Project Puget Sound Area WA,https://asrinternationalcorp.applytojob.com/apply/jobs/details/4EwkxN1ubg,"Silverdale, WA",Silverdale,WA,United States,Not specified,,,,Space & Defense,2026-09-29,2026-09-29,https://asrinternationalcorp.applytojob.com/apply/jobs,known_careers_url,4,success
cf99b49e5351,2026-09-29,f7b8731a7e71,ASR International,https://www.asrintl.com/,https://asrinternationalcorp.applytojob.com/apply/jobs,Electrical Engineer - Federal Project Puget Sound WA,https://asrinternationalcorp.applytojob.com/apply/jobs/details/ZLuDtwfZhZ,"Silverdale, WA",Silverdale,WA,United States,Not specified,,,,Space & Defense,2026-09-29,2026-09-29,https://asrinternationalcorp.applytojob.com/apply/jobs,known_careers_url,4,success
2ae38099ec20,2026-09-29,f7b8731a7e71,ASR International,https://www.asrintl.com/,https://asrinternationalcorp.applytojob.com/apply/jobs,"Fire Protection Engineer - Federal Project, Puget Sound WA",https://asrinternationalcorp.applytojob.com/apply/jobs/details/AbPsOo11Oe,"Silverdale, WA",Silverdale,WA,United States,Not specified,,,,Space & Defense,2026-09-29,2026-09-29,https://asrinternationalcorp.applytojob.com/apply/jobs,known_careers_url,4,success
0d995961de96,2026-09-29,f7b8731a7e71,ASR International,https://www.asrintl.com/,https://asrinternationalcorp.applytojob.com/apply/jobs,"Geotechnical Engineer - Federal Project, Puget Sound Area WA",https://asrinternationalcorp.applytojob.com/apply/jobs/details/iyeZrOpeMV,"Silverdale, WA",Silverdale,WA,United States,Not specified,,,,Space & Defense,2026-09-29,2026-09-29,https://asrinternationalcorp.applytojob.com/apply/jobs,known_careers_url,4,success
e7579b5a575e,2026-09-29,f7b8731a7e71,ASR International,https://www.asrintl.com/,https://asrinternationalcorp.applytojob.com/apply/jobs,Interior Designer,https://asrinternationalcorp.applytojob.com/apply/jobs/details/U8rduUxF8h,"Silverdale, WA",Silverdale,WA,United States,Not specified,,,,Space & Defense,2026-09-29,2026-09-29,https://asrinternationalcorp.applytojob.com/apply/jobs,known_careers_url,4,success
3d39b6753765,2026-09-29,f7b8731a7e71,ASR International,https://www.asrintl.com/,https://asrinternationalcorp.applytojob.com/apply/jobs,Mechanical Engineer,https://asrinternationalcorp.applytojob.com/apply/jobs/details/uzScG4So4o,"Silverdale, WA",Silverdale,WA,United States,Not specified,,,,Space & Defense,2026-09-29,2026-09-29,https://asrinternationalcorp.applytojob.com/apply/jobs,known_careers_url,4,success
16f02b522c48,2026-09-29,f7b8731a7e71,ASR International,https://www.asrintl.com/,https://asrinternationalcorp.applytojob.com/apply/jobs,Program / Data Analyst,https://asrinternationalcorp.applytojob.com/apply/jobs/details/kJ6JG8cPbt,"Silverdale, WA",Silverdale,WA,United States,Not specified,,,,Space & Defense,2026-09-29,2026-09-29,https://asrinternationalcorp.applytojob.com/apply/jobs,known_careers_url,4,success
025d5c4b4032,2026-09-29,f7b8731a7e71,ASR International,https://www.asrintl.com/,https://asrinternationalcorp.applytojob.com/apply/jobs,Structural Engineer,https://asrinternationalcorp.applytojob.com/apply/jobs/details/Sg497yjGBO,"Silverdale, WA",Silverdale,WA,United States,Not specified,,,,Space & Defense,2026-09-29,2026-09-29,https://asrinternationalcorp.applytojob.com/apply/jobs,known_careers_url,4,success
1af5e2dd5580,2026-09-29,f7b8731a7e71,ASR International,https://www.asrintl.com/,https://asrinternationalcorp.applytojob.com/apply/jobs,Warehouse Associate,https://asrinternationalcorp.applytojob.com/apply/jobs/details/Sz0qmFohHe,"Minden, NV",Minden,NV,United States,Not specified,,,,Space & Defense,2026-09-29,2026-09-29,https://asrinternationalcorp.applytojob.com/apply/jobs,known_careers_url,4,success
478cb95642ea,2026-09-29,f7b8731a7e71,ASR International,https://www.asrintl.com/,https://asrinternationalcorp.applytojob.com/apply/jobs,Human Resources Specialist,https://asrinternationalcorp.applytojob.com/apply/jobs/details/pGDEb7m4z4,"Hauppauge, NY",Hauppauge,NY,United States,Not specified,,,,Space & Defense,2026-09-29,2026-09-29,https://asrinternationalcorp.applytojob.com/apply/jobs,known_careers_url,4,success
405bd4c10310,2026-09-29,f7b8731a7e71,ASR International,https://www.asrintl.com/,https://asrinternationalcorp.applytojob.com/apply/jobs,Corporate Benefits and Insurance Manager,https://asrinternationalcorp.applytojob.com/apply/jobs/details/NRNvvkf9zF,"Hauppauge, NY",Hauppauge,NY,United States,Not specified,,,,Space & Defense,2026-09-29,2026-09-29,https://asrinternationalcorp.applytojob.com/apply/jobs,known_careers_url,4,success
918dc8cfd88d,2026-09-29,f7b8731a7e71,ASR International,https://www.asrintl.com/,https://asrinternationalcorp.applytojob.com/apply/jobs,Recruiter (Government Contracting),https://asrinternationalcorp.applytojob.com/apply/jobs/details/nnRyvfnb08,"Hauppauge, NY",Hauppauge,NY,United States,Not specified,,,,Space & Defense,2026-09-29,2026-09-29,https://asrinternationalcorp.applytojob.com/apply/jobs,known_careers_url,4,success
c92c38fcccb8,2026-09-29,f7b8731a7e71,ASR International,https://www.asrintl.com/,https://asrinternationalcorp.applytojob.com/apply/jobs,"ADMINSTRATIVE ASSISTANT - ASR Corporate Office, Hauppauge, New York",https://asrinternationalcorp.applytojob.com/apply/jobs/details/oSYUcKaGm7,"Haupppauge, NY",Haupppauge,NY,United States,Not specified,,,,Space & Defense,2026-09-29,2026-09-29,https://asrinternationalcorp.applytojob.com/apply/jobs,known_careers_url,4,success
a6b87e15bfc2,2026-09-29,f7b8731a7e71,ASR International,https://www.asrintl.com/,https://asrinternationalcorp.applytojob.com/apply/jobs,Engineering Technical/Proposal Writer - Entry Level,https://asrinternationalcorp.applytojob.com/apply/jobs/details/XBSGZgZv0y,"Hauppauge, NY",Hauppauge,NY,United States,Not specified,,,,Space & Defense,2026-09-29,2026-09-29,https://asrinternationalcorp.applytojob.com/apply/jobs,known_careers_url,4,success
2ff1f9a5aef7,2026-09-29,f7b8731a7e71,ASR International,https://www.asrintl.com/,https://asrinternationalcorp.applytojob.com/apply/jobs,Jr. IT Specialist,https://asrinternationalcorp.applytojob.com/apply/jobs/details/04COKdK6VU,"Hauppauge, NY",Hauppauge,NY,United States,Not specified,,,,Space & Defense,2026-09-29,2026-09-29,https://asrinternationalcorp.applytojob.com/apply/jobs,known_careers_url,4,success
35405d1364a6,2026-09-29,f7b8731a7e71,ASR International,https://www.asrintl.com/,https://asrinternationalcorp.applytojob.com/apply/jobs,Jr. Contract Analyst/Admin,https://asrinternationalcorp.applytojob.com/apply/jobs/details/xgnxrAysaC,"Hauppauge, NY",Hauppauge,NY,United States,Not specified,,,,Space & Defense,2026-09-29,2026-09-29,https://asrinternationalcorp.applytojob.com/apply/jobs,known_careers_url,4,success
c5a1b86385bc,2026-09-29,f7b8731a7e71,ASR International,https://www.asrintl.com/,https://asrinternationalcorp.applytojob.com/apply/jobs,Construction Management Support/Field Engineer,https://asrinternationalcorp.applytojob.com/apply/jobs/details/GnwewXo9mw,"Bremerton, WA",Bremerton,WA,United States,Not specified,,,,Space & Defense,2026-09-29,2026-09-29,https://asrinternationalcorp.applytojob.com/apply/jobs,known_careers_url,4,success
061c23000c12,2026-09-29,f7b8731a7e71,ASR International,https://www.asrintl.com/,https://asrinternationalcorp.applytojob.com/apply/jobs,Project Field Engineer,https://asrinternationalcorp.applytojob.com/apply/jobs/details/ykZ3eXeJqr,"Bremerton, WA",Bremerton,WA,United States,Not specified,,,,Space & Defense,2026-09-29,2026-09-29,https://asrinternationalcorp.applytojob.com/apply/jobs,known_careers_url,4,success
e0ea4168ace7,2026-09-29,f7b8731a7e71,ASR International,https://www.asrintl.com/,https://asrinternationalcorp.applytojob.com/apply/jobs,Construction Inspector/Engineering Technician,https://asrinternationalcorp.applytojob.com/apply/jobs/details/ZszfKDngfY,"Pensacola, FL",Pensacola,FL,United States,Not specified,,,,Space & Defense,2026-09-29,2026-09-29,https://asrinternationalcorp.applytojob.com/apply/jobs,known_careers_url,4,success
e9ed9835b461,2026-09-29,f7b8731a7e71,ASR International,https://www.asrintl.com/,https://asrinternationalcorp.applytojob.com/apply/jobs,Pricing/Cost Analyst - Labor (ENTRY Level),https://asrinternationalcorp.applytojob.com/apply/jobs/details/zR8MbQsjSp,"Hauppauge, NY",Hauppauge,NY,United States,Not specified,,,,Space & Defense,2026-09-29,2026-09-29,https://asrinternationalcorp.applytojob.com/apply/jobs,known_careers_url,4,success
796fb8457e37,2026-09-29,b00ce903c871,Boeing,https://www.boeing.com/resources/boeingdotcom/government-operations/state_cards/Card_NY.pdf,https://jobs.boeing.com/,Spirit Defense - Mid-Level Integrated Business Team Leader,https://jobs.boeing.com/job/wichita/spirit-defense-mid-level-integrated-business-team-leader/185/101091999904,"Wichita, Kansas, United States",Wichita,KS,United States,Not specified,,,,Aerospace,2026-09-29,2026-09-29,https://jobs.boeing.com/,known_careers_url,4,success
5e4c893804e5,2026-09-29,b00ce903c871,Boeing,https://www.boeing.com/resources/boeingdotcom/government-operations/state_cards/Card_NY.pdf,https://jobs.boeing.com/,Flight Training Support Administrator Apprentice,https://jobs.boeing.com/job/crawley/flight-training-support-administrator-apprentice/185/101312466720,"Crawley, United Kingdom",Crawley,,United Kingdom,Not specified,,,,Aerospace,2026-09-29,2026-09-29,https://jobs.boeing.com/,known_careers_url,4,success
4c8d909bdae9,2026-09-29,b00ce903c871,Boeing,https://www.boeing.com/resources/boeingdotcom/government-operations/state_cards/Card_NY.pdf,https://jobs.boeing.com/manufacturing-careers,MRO Mechanical Supervisor,https://jobs.boeing.com/job/middle-wallop/mro-mechanical-supervisor/185/100661646080,"Middle Wallop, United Kingdom",Middle Wallop,,United Kingdom,Not specified,,,,Aerospace,2026-09-29,2026-09-29,https://jobs.boeing.com/manufacturing-careers,linked_page,4,success_after_fallback
6ebd9063aee6,2026-09-29,b00ce903c871,Boeing,https://www.boeing.com/resources/boeingdotcom/government-operations/state_cards/Card_NY.pdf,https://jobs.boeing.com/manufacturing-careers,Power Plant Operator A,https://jobs.boeing.com/job/seattle/power-plant-operator-a/185/97145687136,"Seattle, Washington, United States; and other locations",Seattle,WA,United States,Not specified,,,,Aerospace,2026-09-29,2026-09-29,https://jobs.boeing.com/manufacturing-careers,linked_page,4,success_after_fallback
1ac5554b4fc4,2026-09-29,b00ce903c871,Boeing,https://www.boeing.com/resources/boeingdotcom/government-operations/state_cards/Card_NY.pdf,https://jobs.boeing.com/manufacturing-careers,Tooling Front Line Leader,https://jobs.boeing.com/job/wichita/tooling-front-line-leader/185/101293564752,"Wichita, Kansas, United States",Wichita,KS,United States,Not specified,,,,Aerospace,2026-09-29,2026-09-29,https://jobs.boeing.com/manufacturing-careers,linked_page,4,success_after_fallback
01f6073b4202,2026-09-29,b00ce903c871,Boeing,https://www.boeing.com/resources/boeingdotcom/government-operations/state_cards/Card_NY.pdf,https://jobs.boeing.com/cybersecurity-careers,Cyber Security Analyst,https://jobs.boeing.com/job/bristol/cyber-security-analyst/185/97829409840,"Bristol, United Kingdom",Bristol,,United Kingdom,Not specified,,,,Aerospace,2026-09-29,2026-09-29,https://jobs.boeing.com/cybersecurity-careers,linked_page,4,success_after_fallback
3b72bbbf47a3,2026-09-29,b00ce903c871,Boeing,https://www.boeing.com/resources/boeingdotcom/government-operations/state_cards/Card_NY.pdf,https://jobs.boeing.com/cybersecurity-careers,Cybersecurity Analyst - Product Security,https://jobs.boeing.com/job/aurora/cybersecurity-analyst-product-security/185/93778184640,"Aurora, Colorado, United States; and other locations",Aurora,CO,United States,Not specified,,,,Aerospace,2026-09-29,2026-09-29,https://jobs.boeing.com/cybersecurity-careers,linked_page,4,success_after_fallback
086904fe474e,2026-09-29,b00ce903c871,Boeing,https://www.boeing.com/resources/boeingdotcom/government-operations/state_cards/Card_NY.pdf,https://jobs.boeing.com/cybersecurity-careers,Cybersecurity - Senior Information System Security Manager (ISSM) **Sign on Bonus Potential**,https://jobs.boeing.com/job/berkeley/cybersecurity-senior-information-system-security-manager-issm-sign-on-bonus-potential/185/100724534400,"Berkeley, Missouri, United States",Berkeley,MO,United States,Not specified,,,,Aerospace,2026-09-29,2026-09-29,https://jobs.boeing.com/cybersecurity-careers,linked_page,4,success_after_fallback
29205414c562,2026-09-29,b00ce903c871,Boeing,https://www.boeing.com/resources/boeingdotcom/government-operations/state_cards/Card_NY.pdf,https://jobs.boeing.com/data-science-and-analytics-careers,Proposal Management Specialist,https://jobs.boeing.com/job/seattle/proposal-management-specialist/185/101293337776,"Seattle, Washington, United States; and other locations",Seattle,WA,United States,Not specified,,,,Aerospace,2026-09-29,2026-09-29,https://jobs.boeing.com/data-science-and-analytics-careers,linked_page,4,success_after_fallback
f9b727c8cd75,2026-09-29,b00ce903c871,Boeing,https://www.boeing.com/resources/boeingdotcom/government-operations/state_cards/Card_NY.pdf,https://jobs.boeing.com/data-science-and-analytics-careers,Experienced Simulation Software Engineer - Training Systems,https://jobs.boeing.com/job/hazelwood/experienced-simulation-software-engineer-training-systems/185/99081307904,"Hazelwood, Missouri, United States; and other locations",Hazelwood,MO,United States,Not specified,,,,Aerospace,2026-09-29,2026-09-29,https://jobs.boeing.com/data-science-and-analytics-careers,linked_page,4,success_after_fallback
eae930161719,2026-09-29,b00ce903c871,Boeing,https://www.boeing.com/resources/boeingdotcom/government-operations/state_cards/Card_NY.pdf,https://jobs.boeing.com/data-science-and-analytics-careers,Greenfield Full Stack Developer (Builder) - Experience or Senior Level,https://jobs.boeing.com/job/seattle/greenfield-full-stack-developer-builder-experience-or-senior-level/185/99997575280,"Seattle, Washington, United States; and other locations",Seattle,WA,United States,Not specified,,,,Aerospace,2026-09-29,2026-09-29,https://jobs.boeing.com/data-science-and-analytics-careers,linked_page,4,success_after_fallback
2a2891f13e6c,2026-09-29,b00ce903c871,Boeing,https://www.boeing.com/resources/boeingdotcom/government-operations/state_cards/Card_NY.pdf,https://jobs.boeing.com/data-science-and-analytics-careers,Associate Software Engineer,https://jobs.boeing.com/job/huntsville/associate-software-engineer/185/101094019424,"Huntsville, Alabama, United States",Huntsville,AL,United States,Not specified,,,,Aerospace,2026-09-29,2026-09-29,https://jobs.boeing.com/data-science-and-analytics-careers,linked_page,4,success_after_fallback
032f53520790,2026-09-29,b00ce903c871,Boeing,https://www.boeing.com/resources/boeingdotcom/government-operations/state_cards/Card_NY.pdf,https://jobs.boeing.com/information-technology-careers,Systems Integration Specialist - Millennium Space Systems,https://jobs.boeing.com/job/el-segundo/systems-integration-specialist-millennium-space-systems/185/101293357584,"El Segundo, California, United States; and other locations",El Segundo,CA,United States,Not specified,,,,Aerospace,2026-09-29,2026-09-29,https://jobs.boeing.com/information-technology-careers,linked_page,4,success_after_fallback
d87b875630ae,2026-09-29,b00ce903c871,Boeing,https://www.boeing.com/resources/boeingdotcom/government-operations/state_cards/Card_NY.pdf,https://jobs.boeing.com/information-technology-careers,Technology Governance & Optimization Senior Manager,https://jobs.boeing.com/job/north-charleston/technology-governance-and-optimization-senior-manager/185/99769303312,"North Charleston, South Carolina, United States; and other locations",North Charleston,SC,United States,Not specified,,,,Aerospace,2026-09-29,2026-09-29,https://jobs.boeing.com/information-technology-careers,linked_page,4,success_after_fallback
edae53d0c5b7,2026-09-29,b00ce903c871,Boeing,https://www.boeing.com/resources/boeingdotcom/government-operations/state_cards/Card_NY.pdf,https://jobs.boeing.com/information-technology-careers,DevOps Developer (Experienced or Senior),https://jobs.boeing.com/job/seal-beach/devops-developer-experienced-or-senior/185/101280479584,"Seal Beach, California, United States",Seal Beach,CA,United States,Not specified,,,,Aerospace,2026-09-29,2026-09-29,https://jobs.boeing.com/information-technology-careers,linked_page,4,success_after_fallback
0c61085d21cc,2026-09-29,b00ce903c871,Boeing,https://www.boeing.com/resources/boeingdotcom/government-operations/state_cards/Card_NY.pdf,https://jobs.boeing.com/information-technology-careers,Spirit Defense - Senior Information Assurance Specialist,https://jobs.boeing.com/job/wichita/spirit-defense-senior-information-assurance-specialist/185/94703514592,"Wichita, Kansas, United States",Wichita,KS,United States,Not specified,,,,Aerospace,2026-09-29,2026-09-29,https://jobs.boeing.com/information-technology-careers,linked_page,4,success_after_fallback
efaf74ab472d,2026-09-29,b00ce903c871,Boeing,https://www.boeing.com/resources/boeingdotcom/government-operations/state_cards/Card_NY.pdf,https://jobs.boeing.com/electronic-and-electrical-engineering-careers,RF Electrophysics Engineer (Experienced),https://jobs.boeing.com/job/el-segundo/rf-electrophysics-engineer-experienced/185/100354280512,"El Segundo, California, United States; and other locations",El Segundo,CA,United States,Not specified,,,,Aerospace,2026-09-29,2026-09-29,https://jobs.boeing.com/electronic-and-electrical-engineering-careers,linked_page,4,success_after_fallback
ca4a063897e9,2026-09-29,b00ce903c871,Boeing,https://www.boeing.com/resources/boeingdotcom/government-operations/state_cards/Card_NY.pdf,https://jobs.boeing.com/electronic-and-electrical-engineering-careers,Mid-Career Connectivity and Network System Design Engineer,https://jobs.boeing.com/job/sao-jose-dos-campos/mid-career-connectivity-and-network-system-design-engineer/185/101285955120,"São José dos Campos, Brazil",São José dos Campos,,Brazil,Not specified,,,,Aerospace,2026-09-29,2026-09-29,https://jobs.boeing.com/electronic-and-electrical-engineering-careers,linked_page,4,success_after_fallback
af115f01e62d,2026-09-29,b00ce903c871,Boeing,https://www.boeing.com/resources/boeingdotcom/government-operations/state_cards/Card_NY.pdf,https://jobs.boeing.com/electronic-and-electrical-engineering-careers,Associate Electrical Design and Analysis Engineer,https://jobs.boeing.com/job/layton/associate-electrical-design-and-analysis-engineer/185/101285950800,"Layton, Utah, United States",Layton,UT,United States,Not specified,,,,Aerospace,2026-09-29,2026-09-29,https://jobs.boeing.com/electronic-and-electrical-engineering-careers,linked_page,4,success_after_fallback
0d258ce0ea35,2026-09-29,b00ce903c871,Boeing,https://www.boeing.com/resources/boeingdotcom/government-operations/state_cards/Card_NY.pdf,https://jobs.boeing.com/electronic-and-electrical-engineering-careers,Low Observable (LO) Design and Integration Engineer (Mid-Level or Senior),https://jobs.boeing.com/job/berkeley/low-observable-lo-design-and-integration-engineer-mid-level-or-senior/185/97104541904,"Berkeley, Missouri, United States",Berkeley,MO,United States,Not specified,,,,Aerospace,2026-09-29,2026-09-29,https://jobs.boeing.com/electronic-and-electrical-engineering-careers,linked_page,4,success_after_fallback
72cb3194d1e7,2026-09-29,b00ce903c871,Boeing,https://www.boeing.com/resources/boeingdotcom/government-operations/state_cards/Card_NY.pdf,https://jobs.boeing.com/flight-engineering-careers,Associate Loads and Dynamics Engineer,https://jobs.boeing.com/job/berkeley/associate-loads-and-dynamics-engineer/185/99506003104,"Berkeley, Missouri, United States; and other locations",Berkeley,MO,United States,Not specified,,,,Aerospace,2026-09-29,2026-09-29,https://jobs.boeing.com/flight-engineering-careers,linked_page,4,success_after_fallback
8c761342ee70,2026-09-29,b00ce903c871,Boeing,https://www.boeing.com/resources/boeingdotcom/government-operations/state_cards/Card_NY.pdf,https://jobs.boeing.com/flight-engineering-careers,Experienced Aerodynamics Engineer (Flight Operations),https://jobs.boeing.com/job/rzeszow/experienced-aerodynamics-engineer-flight-operations/185/101307420640,"Rzeszów, Poland",Rzeszów,,Poland,Not specified,,,,Aerospace,2026-09-29,2026-09-29,https://jobs.boeing.com/flight-engineering-careers,linked_page,4,success_after_fallback
d347e6741bcc,2026-09-29,b00ce903c871,Boeing,https://www.boeing.com/resources/boeingdotcom/government-operations/state_cards/Card_NY.pdf,https://jobs.boeing.com/flight-engineering-careers,Guidance Navigation & Control Engineers (Senior or Principal),https://jobs.boeing.com/job/seal-beach/guidance-navigation-and-control-engineers-senior-or-principal/185/100494798160,"Seal Beach, California, United States; and other locations",Seal Beach,CA,United States,Not specified,,,,Aerospace,2026-09-29,2026-09-29,https://jobs.boeing.com/flight-engineering-careers,linked_page,4,success_after_fallback
bbb4eae29fea,2026-09-29,b00ce903c871,Boeing,https://www.boeing.com/resources/boeingdotcom/government-operations/state_cards/Card_NY.pdf,https://jobs.boeing.com/flight-engineering-careers,"Entry-Level Guidance, Navigation, and Control (GNC) Engineer",https://jobs.boeing.com/job/hill-air-force-base/entry-level-guidance-navigation-and-control-gnc-engineer/185/101280474336,"Hill Air Force Base, Utah, United States; and other locations",Hill Air Force Base,UT,United States,Not specified,,,,Aerospace,2026-09-29,2026-09-29,https://jobs.boeing.com/flight-engineering-careers,linked_page,4,success_after_fallback
8d5689863c4f,2026-09-29,b00ce903c871,Boeing,https://www.boeing.com/resources/boeingdotcom/government-operations/state_cards/Card_NY.pdf,https://jobs.boeing.com/industrial-engineering-careers,Associate Industrial Engineer,https://jobs.boeing.com/job/wichita/associate-industrial-engineer/185/101275682160,"Wichita, Kansas, United States",Wichita,KS,United States,Not specified,,,,Aerospace,2026-09-29,2026-09-29,https://jobs.boeing.com/industrial-engineering-careers,linked_page,4,success_after_fallback
aeb455ce2766,2026-09-29,b00ce903c871,Boeing,https://www.boeing.com/resources/boeingdotcom/government-operations/state_cards/Card_NY.pdf,https://jobs.boeing.com/industrial-engineering-careers,Methods Process Analyst (Entry-Level or Associate),https://jobs.boeing.com/job/seattle/methods-process-analyst-entry-level-or-associate/185/101149308080,"Seattle, Washington, United States",Seattle,WA,United States,Not specified,,,,Aerospace,2026-09-29,2026-09-29,https://jobs.boeing.com/industrial-engineering-careers,linked_page,4,success_after_fallback
81950822f245,2026-09-29,b00ce903c871,Boeing,https://www.boeing.com/resources/boeingdotcom/government-operations/state_cards/Card_NY.pdf,https://jobs.boeing.com/industrial-engineering-careers,Methods Process Analyst,https://jobs.boeing.com/job/tukwila/methods-process-analyst/185/99769306368,"Tukwila, Washington, United States",Tukwila,WA,United States,Not specified,,,,Aerospace,2026-09-29,2026-09-29,https://jobs.boeing.com/industrial-engineering-careers,linked_page,4,success_after_fallback
e50d66d10429,2026-09-29,b00ce903c871,Boeing,https://www.boeing.com/resources/boeingdotcom/government-operations/state_cards/Card_NY.pdf,https://jobs.boeing.com/industrial-engineering-careers,Manufacturing Planner (Associate or Mid-Level),https://jobs.boeing.com/job/wichita/manufacturing-planner-associate-or-mid-level/185/101129970912,"Wichita, Kansas, United States",Wichita,KS,United States,Not specified,,,,Aerospace,2026-09-29,2026-09-29,https://jobs.boeing.com/industrial-engineering-careers,linked_page,4,success_after_fallback
0c3f2182a1b1,2026-09-29,b00ce903c871,Boeing,https://www.boeing.com/resources/boeingdotcom/government-operations/state_cards/Card_NY.pdf,https://jobs.boeing.com/test-engineering-careers,"Lead, Senior or Expert Test & Evaluation Engineer - PAC-3",https://jobs.boeing.com/job/huntsville/lead-senior-or-expert-test-and-evaluation-engineer-pac-3/185/94781340656,"Huntsville, Alabama, United States",Huntsville,AL,United States,Not specified,,,,Aerospace,2026-09-29,2026-09-29,https://jobs.boeing.com/test-engineering-careers,linked_page,4,success_after_fallback
0c49e775699e,2026-09-29,b00ce903c871,Boeing,https://www.boeing.com/resources/boeingdotcom/government-operations/state_cards/Card_NY.pdf,https://jobs.boeing.com/test-engineering-careers,Flight Test Engineer - Test Conductor (Associate or Experienced),https://jobs.boeing.com/job/berkeley/flight-test-engineer-test-conductor-associate-or-experienced/185/99859400496,"Berkeley, Missouri, United States",Berkeley,MO,United States,Not specified,,,,Aerospace,2026-09-29,2026-09-29,https://jobs.boeing.com/test-engineering-careers,linked_page,4,success_after_fallback
44061191ff53,2026-09-29,b00ce903c871,Boeing,https://www.boeing.com/resources/boeingdotcom/government-operations/state_cards/Card_NY.pdf,https://jobs.boeing.com/test-engineering-careers,Test & Evaluation Engineer (Associate),https://jobs.boeing.com/job/los-angeles/test-and-evaluation-engineer-associate/185/101280474080,"Los Angeles, California, United States",Los Angeles,CA,United States,Not specified,,,,Aerospace,2026-09-29,2026-09-29,https://jobs.boeing.com/test-engineering-careers,linked_page,4,success_after_fallback
7fd68aab3611,2026-09-29,2cdfe8725858,Bren-Tronics,https://www.bren-tronics.com/,https://jobs.enersys.com/search?q=&q2=&alertId=&locationsearch=&title=&date=&location=commack,Senior Manufacturing Engineer,https://jobs.enersys.com/job/Commack-Senior-Manufacturing-Engineer-NY-11725/1410435333,"Commack, NY, United States",Commack,NY,United States,Not specified,,,,Aerospace,2026-09-29,2026-09-29,https://jobs.enersys.com/search?q=&q2=&alertId=&locationsearch=&title=&date=&location=commack,known_careers_url,4,success
6bbc9453e327,2026-09-29,2cdfe8725858,Bren-Tronics,https://www.bren-tronics.com/,https://jobs.enersys.com/search?q=&q2=&alertId=&locationsearch=&title=&date=&location=commack,Manufacturing Engineer,https://jobs.enersys.com/job/Commack-Manufacturing-Engineer-NY-11725/1380552333,"Commack, NY, United States",Commack,NY,United States,Not specified,,,,Aerospace,2026-09-29,2026-09-29,https://jobs.enersys.com/search?q=&q2=&alertId=&locationsearch=&title=&date=&location=commack,known_careers_url,4,success
ba27c0a8c42e,2026-09-29,2cdfe8725858,Bren-Tronics,https://www.bren-tronics.com/,https://jobs.enersys.com/search?q=&q2=&alertId=&locationsearch=&title=&date=&location=commack,Test Technician,https://jobs.enersys.com/job/Commack-Test-Technician-NY-11725/1440149733,"Commack, NY, United States",Commack,NY,United States,Not specified,,,,Aerospace,2026-09-29,2026-09-29,https://jobs.enersys.com/search?q=&q2=&alertId=&locationsearch=&title=&date=&location=commack,known_careers_url,4,success
d811f5c45aa3,2026-09-29,2cdfe8725858,Bren-Tronics,https://www.bren-tronics.com/,https://jobs.enersys.com/search?q=&q2=&alertId=&locationsearch=&title=&date=&location=commack,Test Technician,https://jobs.enersys.com/job/Commack-Test-Technician-NY-11725/1440150433,"Commack, NY, United States",Commack,NY,United States,Not specified,,,,Aerospace,2026-09-29,2026-09-29,https://jobs.enersys.com/search?q=&q2=&alertId=&locationsearch=&title=&date=&location=commack,known_careers_url,4,success
869b65d5f22a,2026-09-29,2cdfe8725858,Bren-Tronics,https://www.bren-tronics.com/,https://jobs.enersys.com/search?q=&q2=&alertId=&locationsearch=&title=&date=&location=commack,Senior Mechanical Engineer,https://jobs.enersys.com/job/Commack-Senior-Mechanical-Engineer-NY-11725/1279712201,"Commack, NY, United States",Commack,NY,United States,Not specified,,,,Aerospace,2026-09-29,2026-09-29,https://jobs.enersys.com/search?q=&q2=&alertId=&locationsearch=&title=&date=&location=commack,known_careers_url,4,success
5480da740e51,2026-09-29,2cdfe8725858,Bren-Tronics,https://www.bren-tronics.com/,https://jobs.enersys.com/search?q=&q2=&alertId=&locationsearch=&title=&date=&location=commack,Senior Electrical Engineer,https://jobs.enersys.com/job/Commack-Senior-Electrical-Engineer-NY-11725/1279809301,"Commack, NY, United States",Commack,NY,United States,Not specified,,,,Aerospace,2026-09-29,2026-09-29,https://jobs.enersys.com/search?q=&q2=&alertId=&locationsearch=&title=&date=&location=commack,known_careers_url,4,success
befe9653a0f7,2026-09-29,2cdfe8725858,Bren-Tronics,https://www.bren-tronics.com/,https://jobs.enersys.com/search?q=&q2=&alertId=&locationsearch=&title=&date=&location=commack,Production Manager,https://jobs.enersys.com/job/Commack-Production-Manager-NY-11725/1368745033,"Commack, NY, United States",Commack,NY,United States,Not specified,,,,Aerospace,2026-09-29,2026-09-29,https://jobs.enersys.com/search?q=&q2=&alertId=&locationsearch=&title=&date=&location=commack,known_careers_url,4,success
08cd4b9badfa,2026-09-29,2cdfe8725858,Bren-Tronics,https://www.bren-tronics.com/,https://jobs.enersys.com/search?q=&q2=&alertId=&locationsearch=&title=&date=&location=commack,Test Technician III,https://jobs.enersys.com/job/Commack-Test-Technician-III-NY-11725/1394556633,"Commack, NY, United States",Commack,NY,United States,Not specified,,,,Aerospace,2026-09-29,2026-09-29,https://jobs.enersys.com/search?q=&q2=&alertId=&locationsearch=&title=&date=&location=commack,known_careers_url,4,success
1e3224182459,2026-09-29,2cdfe8725858,Bren-Tronics,https://www.bren-tronics.com/,https://jobs.enersys.com/search?q=&q2=&alertId=&locationsearch=&title=&date=&location=commack,Helpdesk Technician,https://jobs.enersys.com/job/Commack-Helpdesk-Technician-NY-11725/1414827333,"Commack, NY, United States",Commack,NY,United States,Not specified,,,,Aerospace,2026-09-29,2026-09-29,https://jobs.enersys.com/search?q=&q2=&alertId=&locationsearch=&title=&date=&location=commack,known_careers_url,4,success
e55e06af8ac9,2026-09-29,2cdfe8725858,Bren-Tronics,https://www.bren-tronics.com/,https://jobs.enersys.com/search?q=&q2=&alertId=&locationsearch=&title=&date=&location=commack,Mechanical Engineer,https://jobs.enersys.com/job/Commack-Mechanical-Engineer-NY-11725/1393814433,"Commack, NY, United States",Commack,NY,United States,Not specified,,,,Aerospace,2026-09-29,2026-09-29,https://jobs.enersys.com/search?q=&q2=&alertId=&locationsearch=&title=&date=&location=commack,known_careers_url,4,success
3121343f583c,2026-09-29,2cdfe8725858,Bren-Tronics,https://www.bren-tronics.com/,https://jobs.enersys.com/search?q=&q2=&alertId=&locationsearch=&title=&date=&location=commack,Lead Electrical Engineer I,https://jobs.enersys.com/job/Commack-Lead-Electrical-Engineer-I-NY-11725/1422342233,"Commack, NY, United States",Commack,NY,United States,Not specified,,,,Aerospace,2026-09-29,2026-09-29,https://jobs.enersys.com/search?q=&q2=&alertId=&locationsearch=&title=&date=&location=commack,known_careers_url,4,success
f915709e92a5,2026-09-29,2cdfe8725858,Bren-Tronics,https://www.bren-tronics.com/,https://jobs.enersys.com/search?q=&q2=&alertId=&locationsearch=&title=&date=&location=commack,Engineering Coordinator,https://jobs.enersys.com/job/Commack-Engineering-Coordinator-NY-11725/1432669233,"Commack, NY, United States",Commack,NY,United States,Not specified,,,,Aerospace,2026-09-29,2026-09-29,https://jobs.enersys.com/search?q=&q2=&alertId=&locationsearch=&title=&date=&location=commack,known_careers_url,4,success
8ddf5ccf96d4,2026-09-29,2cdfe8725858,Bren-Tronics,https://www.bren-tronics.com/,https://jobs.enersys.com/search?createNewAlert=false&q=&locationsearch=&optionsFacetsDD_department=,"MOVAC - EHS Technician, 1st Shift, 6am-2:30pm, M-F",https://jobs.enersys.com/job/Springfield-MOVAC-EHS-Technician%2C-1st-Shift%2C-6am-230pm%2C-M-F-MO-65803/1432102733,"Commack, NY, United States",Commack,NY,United States,Not specified,,,,Aerospace,2026-09-29,2026-09-29,https://jobs.enersys.com/search?createNewAlert=false&q=&locationsearch=&optionsFacetsDD_department=,linked_page,4,success_after_fallback
ce0bb50b4378,2026-09-29,2cdfe8725858,Bren-Tronics,https://www.bren-tronics.com/,https://jobs.enersys.com/search?createNewAlert=false&q=&locationsearch=&optionsFacetsDD_department=,Field Service Technician II,https://jobs.enersys.com/job/Nashua-Field-Service-Technician-II-NH-03063/1372214233,"Commack, NY, United States",Commack,NY,United States,Not specified,,,,Aerospace,2026-09-29,2026-09-29,https://jobs.enersys.com/search?createNewAlert=false&q=&locationsearch=&optionsFacetsDD_department=,linked_page,4,success_after_fallback
c3886f4f4d70,2026-09-29,2cdfe8725858,Bren-Tronics,https://www.bren-tronics.com/,https://jobs.enersys.com/search?createNewAlert=false&q=&locationsearch=&optionsFacetsDD_department=,Mechanical Design Engineer,https://jobs.enersys.com/job/Hostomice-Mechanical-Design-Engineer-267-24/1431879733,"Commack, NY, United States",Commack,NY,United States,Not specified,,,,Aerospace,2026-09-29,2026-09-29,https://jobs.enersys.com/search?createNewAlert=false&q=&locationsearch=&optionsFacetsDD_department=,linked_page,4,success_after_fallback
28fc00e90476,2026-09-29,2cdfe8725858,Bren-Tronics,https://www.bren-tronics.com/,https://jobs.enersys.com/search?createNewAlert=false&q=&locationsearch=&optionsFacetsDD_department=,Lead IoT Software Engineer,https://jobs.enersys.com/job/Montevarchi-Lead-IoT-Software-Engineer-52025/1431812133,"Commack, NY, United States",Commack,NY,United States,Not specified,,,,Aerospace,2026-09-29,2026-09-29,https://jobs.enersys.com/search?createNewAlert=false&q=&locationsearch=&optionsFacetsDD_department=,linked_page,4,success_after_fallback
90549c7c4b53,2026-09-29,2cdfe8725858,Bren-Tronics,https://www.bren-tronics.com/,https://jobs.enersys.com/search?createNewAlert=false&q=&locationsearch=&optionsFacetsDD_department=,1st shift - Maintenance Technician,https://jobs.enersys.com/job/Sumter-1st-shift-Maintenance-Technician-SC-29154/1432063733,"Commack, NY, United States",Commack,NY,United States,Not specified,,,,Aerospace,2026-09-29,2026-09-29,https://jobs.enersys.com/search?createNewAlert=false&q=&locationsearch=&optionsFacetsDD_department=,linked_page,4,success_after_fallback
1d4e02b0e8be,2026-09-29,2cdfe8725858,Bren-Tronics,https://www.bren-tronics.com/,https://jobs.enersys.com/search?createNewAlert=false&q=&locationsearch=&optionsFacetsDD_department=,"Plant 1 Production Operator II, 12-Hr Shifts, Days and Nights Available",https://jobs.enersys.com/job/Springfield-Plant-1-Production-Operator-II%2C-12-Hr-Shifts%2C-Days-and-Nights-Available-MO-65803/1421512533,"Commack, NY, United States",Commack,NY,United States,Not specified,,,,Aerospace,2026-09-29,2026-09-29,https://jobs.enersys.com/search?createNewAlert=false&q=&locationsearch=&optionsFacetsDD_department=,linked_page,4,success_after_fallback
b27a89bf0d5e,2026-09-29,2cdfe8725858,Bren-Tronics,https://www.bren-tronics.com/,https://jobs.enersys.com/search?createNewAlert=false&q=&locationsearch=&optionsFacetsDD_department=,"Senior Manager, Cost Accounting Americas",https://jobs.enersys.com/job/Reading-Senior-Manager%2C-Cost-Accounting-Americas-PA-19605/1411372033,"Commack, NY, United States",Commack,NY,United States,Not specified,,,,Aerospace,2026-09-29,2026-09-29,https://jobs.enersys.com/search?createNewAlert=false&q=&locationsearch=&optionsFacetsDD_department=,linked_page,4,success_after_fallback
2fbea9aa5cd7,2026-09-29,2cdfe8725858,Bren-Tronics,https://www.bren-tronics.com/,https://jobs.enersys.com/search?createNewAlert=false&q=&locationsearch=&optionsFacetsDD_department=,"Plant 1 Production Operator I, 12-Hr Shifts, Days and Nights Available",https://jobs.enersys.com/job/Springfield-Plant-1-Production-Operator-I%2C-12-Hr-Shifts%2C-Days-and-Nights-Available-MO-65803/1421512133,"Commack, NY, United States",Commack,NY,United States,Not specified,,,,Aerospace,2026-09-29,2026-09-29,https://jobs.enersys.com/search?createNewAlert=false&q=&locationsearch=&optionsFacetsDD_department=,linked_page,4,success_after_fallback
ae7045b4fd0f,2026-09-29,2cdfe8725858,Bren-Tronics,https://www.bren-tronics.com/,https://jobs.enersys.com/search?createNewAlert=false&q=&locationsearch=&optionsFacetsDD_department=,3rd Shift Maintenance Operator,https://jobs.enersys.com/job/Sumter-3rd-Shift-Maintenance-Operator-SC-29154/1441947033,"Commack, NY, United States",Commack,NY,United States,Not specified,,,,Aerospace,2026-09-29,2026-09-29,https://jobs.enersys.com/search?createNewAlert=false&q=&locationsearch=&optionsFacetsDD_department=,linked_page,4,success_after_fallback
40bfcd8c19ef,2026-09-29,2cdfe8725858,Bren-Tronics,https://www.bren-tronics.com/,https://jobs.enersys.com/search?createNewAlert=false&q=&locationsearch=&optionsFacetsDD_department=,Quality Engineer,https://jobs.enersys.com/job/Pinellas-Park-Quality-Engineer-FL-33781/1442067533,"Commack, NY, United States",Commack,NY,United States,Not specified,,,,Aerospace,2026-09-29,2026-09-29,https://jobs.enersys.com/search?createNewAlert=false&q=&locationsearch=&optionsFacetsDD_department=,linked_page,4,success_after_fallback
e0d93901d452,2026-09-29,2cdfe8725858,Bren-Tronics,https://www.bren-tronics.com/,https://jobs.enersys.com/search?createNewAlert=false&q=&locationsearch=&optionsFacetsDD_department=,Network Administrator II,https://jobs.enersys.com/job/Reading-Network-Administrator-II-PA-19605/1442077433,"Commack, NY, United States",Commack,NY,United States,Not specified,,,,Aerospace,2026-09-29,2026-09-29,https://jobs.enersys.com/search?createNewAlert=false&q=&locationsearch=&optionsFacetsDD_department=,linked_page,4,success_after_fallback
11da7c4d3b0b,2026-09-29,2cdfe8725858,Bren-Tronics,https://www.bren-tronics.com/,https://jobs.enersys.com/search?createNewAlert=false&q=&locationsearch=&optionsFacetsDD_department=,National UPS Support Manager,https://jobs.enersys.com/job/Anytown-National-UPS-Support-Manager-OH-43127/1442060033,"Commack, NY, United States",Commack,NY,United States,Not specified,,,,Aerospace,2026-09-29,2026-09-29,https://jobs.enersys.com/search?createNewAlert=false&q=&locationsearch=&optionsFacetsDD_department=,linked_page,4,success_after_fallback
e5f7b4651669,2026-09-29,2cdfe8725858,Bren-Tronics,https://www.bren-tronics.com/,https://jobs.enersys.com/search?createNewAlert=false&q=&locationsearch=&optionsFacetsDD_department=,Cybersecurity Technician,https://jobs.enersys.com/job/Reading-Cybersecurity-Technician-PA-19605/1442081133,"Commack, NY, United States",Commack,NY,United States,Not specified,,,,Aerospace,2026-09-29,2026-09-29,https://jobs.enersys.com/search?createNewAlert=false&q=&locationsearch=&optionsFacetsDD_department=,linked_page,4,success_after_fallback
623c6a1f38e2,2026-09-29,2cdfe8725858,Bren-Tronics,https://www.bren-tronics.com/,https://jobs.enersys.com/search?createNewAlert=false&q=&locationsearch=&optionsFacetsDD_department=,Senior Finance AI & Automation Developer,https://jobs.enersys.com/job/Anytown-Senior-Finance-AI-&-Automation-Developer-PA-19605/1410895633,"Commack, NY, United States",Commack,NY,United States,Not specified,,,,Aerospace,2026-09-29,2026-09-29,https://jobs.enersys.com/search?createNewAlert=false&q=&locationsearch=&optionsFacetsDD_department=,linked_page,4,success_after_fallback
1d9a00cb01f2,2026-09-29,2cdfe8725858,Bren-Tronics,https://www.bren-tronics.com/,https://jobs.enersys.com/search?createNewAlert=false&q=&locationsearch=&optionsFacetsDD_department=,Power Electronics Lead,https://jobs.enersys.com/job/Arras-Cedex-Power-Electronics-Lead-62033/1389973933,"Commack, NY, United States",Commack,NY,United States,Not specified,,,,Aerospace,2026-09-29,2026-09-29,https://jobs.enersys.com/search?createNewAlert=false&q=&locationsearch=&optionsFacetsDD_department=,linked_page,4,success_after_fallback
fdea85eee9ca,2026-09-29,2cdfe8725858,Bren-Tronics,https://www.bren-tronics.com/,https://jobs.enersys.com/search?createNewAlert=false&q=&locationsearch=&optionsFacetsDD_department=,Product Development Engineering Manager,https://jobs.enersys.com/job/Pinellas-Park-Product-Development-Engineering-Manager-FL-33781/1420795533,"Commack, NY, United States",Commack,NY,United States,Not specified,,,,Aerospace,2026-09-29,2026-09-29,https://jobs.enersys.com/search?createNewAlert=false&q=&locationsearch=&optionsFacetsDD_department=,linked_page,4,success_after_fallback
299108e7f156,2026-09-29,2cdfe8725858,Bren-Tronics,https://www.bren-tronics.com/,https://jobs.enersys.com/search?createNewAlert=false&q=&locationsearch=&optionsFacetsDD_department=,Test Technician,https://jobs.enersys.com/job/Longmont-Test-Technician-CO-80503/1431537633,"Commack, NY, United States",Commack,NY,United States,Not specified,,,,Aerospace,2026-09-29,2026-09-29,https://jobs.enersys.com/search?createNewAlert=false&q=&locationsearch=&optionsFacetsDD_department=,linked_page,4,success_after_fallback
b7ab9f9e7dc8,2026-09-29,3602e1c8dcbc,C3AI,https://c3.ai/,https://job-boards.greenhouse.io/c3ascend,"Data Science - Intern (Summer 2027) Redwood City, CA",https://job-boards.greenhouse.io/c3ascend/jobs/8738917002,"Redwood City, CA",Redwood City,CA,United States,Not specified,,,,Space & Defense,2026-09-29,2026-09-29,https://job-boards.greenhouse.io/c3ascend,known_careers_url,5,success
baf50405c337,2026-09-29,3602e1c8dcbc,C3AI,https://c3.ai/,https://job-boards.greenhouse.io/c3ascend,"Software Engineer - Intern (Summer 2027) Redwood City, CA",https://job-boards.greenhouse.io/c3ascend/jobs/8739036002,"Redwood City, CA",Redwood City,CA,United States,Not specified,,,,Space & Defense,2026-09-29,2026-09-29,https://job-boards.greenhouse.io/c3ascend,known_careers_url,5,success
794191ec09c4,2026-09-29,d3ecafe64223,Calspan Air Services,https://www.calspanairservices.com/,https://careers2-calspan.icims.com/jobs/search?hashed=-435589691,Title Line Technician,https://careers2-calspan.icims.com/jobs/2650/line-technician/job,"Niagara Falls, NY, United States",Niagara Falls,NY,United States,Not specified,,,,Aerospace,2026-09-29,2026-09-29,https://careers2-calspan.icims.com/jobs/search?hashed=-435589691,known_careers_url,5,success
b8831c47bfcb,2026-09-29,d3ecafe64223,Calspan Air Services,https://www.calspanairservices.com/,https://careers2-calspan.icims.com/jobs/2650/line-technician/job,Line Technician,https://careers2-calspan.icims.com/jobs/2650/line-technician/referral,"Niagara Falls, NY, United States",Niagara Falls,NY,United States,Not specified,,,,Aerospace,2026-09-29,2026-09-29,https://careers2-calspan.icims.com/jobs/2650/line-technician/job,ats_detected,5,success_after_fallback
11ca4dd0ce4f,2026-09-29,234e92c8de3f,Calspan Business Park,https://calspan.com/,https://careers-calspan.icims.com/jobs/search,Job Title Director of Property Management,https://careers-calspan.icims.com/jobs/2651/director-of-property-management/job,"Buffalo, NY, United States",Buffalo,NY,United States,Not specified,,,,Aerospace,2026-09-29,2026-09-29,https://careers-calspan.icims.com/jobs/search,known_careers_url,5,success
de000ee60f42,2026-09-29,234e92c8de3f,Calspan Business Park,https://calspan.com/,https://careers-calspan.icims.com/jobs/search,Job Title Controls Designer,https://careers-calspan.icims.com/jobs/2628/controls-designer/job,"Buffalo, NY, United States",Buffalo,NY,United States,Not specified,,,,Aerospace,2026-09-29,2026-09-29,https://careers-calspan.icims.com/jobs/search,known_careers_url,5,success
ea36b298b45a,2026-09-29,234e92c8de3f,Calspan Business Park,https://calspan.com/,https://careers-calspan.icims.com/jobs/search,Job Title Senior Software Engineer,https://careers-calspan.icims.com/jobs/2570/senior-software-engineer/job,"Buffalo, NY, United States",Buffalo,NY,United States,Not specified,,,,Aerospace,2026-09-29,2026-09-29,https://careers-calspan.icims.com/jobs/search,known_careers_url,5,success
4166865d17d9,2026-09-29,234e92c8de3f,Calspan Business Park,https://calspan.com/,https://careers-calspan.icims.com/jobs/search,Job Title Lead Controls and Instrumentation Engineer,https://careers-calspan.icims.com/jobs/2613/lead-controls-and-instrumentation-engineer/job,"Buffalo, NY, United States",Buffalo,NY,United States,Not specified,,,,Aerospace,2026-09-29,2026-09-29,https://careers-calspan.icims.com/jobs/search,known_careers_url,5,success
51ea7a1ed7b8,2026-09-29,234e92c8de3f,Calspan Business Park,https://calspan.com/,https://careers-calspan.icims.com/jobs/search,"Job Title Associate Principal Engineer, Aero/Acoustics",https://careers-calspan.icims.com/jobs/2566/associate-principal-engineer%2c-aero-acoustics/job,"Buffalo, NY, United States",Buffalo,NY,United States,On-site,,,,Aerospace,2026-09-29,2026-09-29,https://careers-calspan.icims.com/jobs/search,known_careers_url,5,success
d67dbcf18a90,2026-09-29,234e92c8de3f,Calspan Business Park,https://calspan.com/,https://careers-calspan.icims.com/jobs/search,"Job Title Senior Engineer, Engine Test Structures",https://careers-calspan.icims.com/jobs/2648/senior-engineer%2c-engine-test-structures/job,"Buffalo, NY, United States",Buffalo,NY,United States,Not specified,,,,Aerospace,2026-09-29,2026-09-29,https://careers-calspan.icims.com/jobs/search,known_careers_url,5,success
6a86e7e083b8,2026-09-29,234e92c8de3f,Calspan Business Park,https://calspan.com/,https://careers-calspan.icims.com/jobs/search,Job Title AV - Photograph Technician,https://careers-calspan.icims.com/jobs/2649/av---photograph-technician/job,"Buffalo, NY, United States",Buffalo,NY,United States,Not specified,,,,Aerospace,2026-09-29,2026-09-29,https://careers-calspan.icims.com/jobs/search,known_careers_url,5,success
748b1d93c203,2026-09-29,234e92c8de3f,Calspan Business Park,https://calspan.com/,https://careers-calspan.icims.com/jobs/search,Job Title Instrumentation Technician,https://careers-calspan.icims.com/jobs/2634/instrumentation-technician/job,"Buffalo, NY, United States",Buffalo,NY,United States,Not specified,,,,Aerospace,2026-09-29,2026-09-29,https://careers-calspan.icims.com/jobs/search,known_careers_url,5,success
8cdf91017e92,2026-09-29,234e92c8de3f,Calspan Business Park,https://calspan.com/,https://careers-calspan.icims.com/jobs/search,Job Title Principal Systems Software Engineer - Jet Engine Test Cells,https://careers-calspan.icims.com/jobs/2500/principal-systems-software-engineer---jet-engine-test-cells/job,"Buffalo, NY, United States",Buffalo,NY,United States,Not specified,,,,Aerospace,2026-09-29,2026-09-29,https://careers-calspan.icims.com/jobs/search,known_careers_url,5,success
3dcf9dea581e,2026-09-29,234e92c8de3f,Calspan Business Park,https://calspan.com/,https://careers-calspan.icims.com/jobs/search,Job Title Measurement Technician,https://careers-calspan.icims.com/jobs/2645/measurement-technician/job,"Buffalo, NY, United States",Buffalo,NY,United States,Not specified,,,,Aerospace,2026-09-29,2026-09-29,https://careers-calspan.icims.com/jobs/search,known_careers_url,5,success
b55142fd4f16,2026-09-29,234e92c8de3f,Calspan Business Park,https://calspan.com/,https://careers-calspan.icims.com/jobs/search,"Job Title Program Manager, Automotive Testing",https://careers-calspan.icims.com/jobs/2642/program-manager%2c-automotive-testing/job,"Buffalo, NY, United States",Buffalo,NY,United States,Not specified,,,,Aerospace,2026-09-29,2026-09-29,https://careers-calspan.icims.com/jobs/search,known_careers_url,5,success
5ed410882db2,2026-09-29,234e92c8de3f,Calspan Business Park,https://calspan.com/,https://careers-calspan.icims.com/jobs/search,Job Title Mechanical Engineer,https://careers-calspan.icims.com/jobs/2639/mechanical-engineer/job,"Buffalo, NY, United States",Buffalo,NY,United States,Not specified,,,,Aerospace,2026-09-29,2026-09-29,https://careers-calspan.icims.com/jobs/search,known_careers_url,5,success
783458b4282d,2026-09-29,234e92c8de3f,Calspan Business Park,https://calspan.com/,https://careers-calspan.icims.com/jobs/search,Job Title Automotive Service Manager,https://careers-calspan.icims.com/jobs/2640/automotive-service-manager/job,"Buffalo, NY, United States",Buffalo,NY,United States,On-site,,,,Aerospace,2026-09-29,2026-09-29,https://careers-calspan.icims.com/jobs/search,known_careers_url,5,success
d304ffdc4400,2026-09-29,234e92c8de3f,Calspan Business Park,https://calspan.com/,https://careers-calspan.icims.com/jobs/search,Job Title Field Service Technician,https://careers-calspan.icims.com/jobs/2641/field-service-technician/job,"Buffalo, NY, United States",Buffalo,NY,United States,Not specified,,,,Aerospace,2026-09-29,2026-09-29,https://careers-calspan.icims.com/jobs/search,known_careers_url,5,success
ad6536f31d73,2026-09-29,234e92c8de3f,Calspan Business Park,https://calspan.com/,https://careers-calspan.icims.com/jobs/search,"Job Title Director, Finance Systems & Business Processes",https://careers-calspan.icims.com/jobs/2632/director%2c-finance-systems-%26-business-processes/job,"Buffalo, NY, United States",Buffalo,NY,United States,Not specified,,,,Aerospace,2026-09-29,2026-09-29,https://careers-calspan.icims.com/jobs/search,known_careers_url,5,success
31d415834823,2026-09-29,234e92c8de3f,Calspan Business Park,https://calspan.com/,https://careers-calspan.icims.com/jobs/2652/sr.-aircraft-mechanic/job,Sr. Aircraft Mechanic,https://careers-calspan.icims.com/jobs/2652/sr.-aircraft-mechanic/job,"Buffalo, NY, US",Buffalo,NY,United States,Not specified,,,Engineering,Aerospace,2026-09-29,2026-09-29,https://careers-calspan.icims.com/jobs/2652/sr.-aircraft-mechanic/job,ats_detected,4,success_after_fallback
cf961b8f376b,2026-09-29,234e92c8de3f,Calspan Business Park,https://calspan.com/,https://careers-calspan.icims.com/jobs/2651/director-of-property-management/job,Director Of Property Management,https://careers-calspan.icims.com/jobs/2651/director-of-property-management/referral,"Buffalo, NY, United States",Buffalo,NY,United States,Not specified,,,,Aerospace,2026-09-29,2026-09-29,https://careers-calspan.icims.com/jobs/2651/director-of-property-management/job,ats_detected,5,success_after_fallback
bd2284f97a8b,2026-09-29,234e92c8de3f,Calspan Business Park,https://calspan.com/,https://careers-calspan.icims.com/jobs/2655/machine-mechanic/job,Machine Mechanic,https://careers-calspan.icims.com/jobs/2655/machine-mechanic/job,"Buffalo, NY, US",Buffalo,NY,United States,Not specified,,,Operations,Aerospace,2026-09-29,2026-09-29,https://careers-calspan.icims.com/jobs/2655/machine-mechanic/job,ats_detected,4,success_after_fallback
ddffad5df972,2026-09-29,234e92c8de3f,Calspan Business Park,https://calspan.com/,https://careers-calspan.icims.com/jobs/2654/sr.-electrician/job,Sr. Electrician,https://careers-calspan.icims.com/jobs/2654/sr.-electrician/job,"Buffalo, NY, US",Buffalo,NY,United States,Not specified,,,Operations,Aerospace,2026-09-29,2026-09-29,https://careers-calspan.icims.com/jobs/2654/sr.-electrician/job,ats_detected,4,success_after_fallback
418f4d6a134f,2026-09-29,234e92c8de3f,Calspan Business Park,https://calspan.com/,https://careers-calspan.icims.com/jobs/2628/controls-designer/job,Controls Designer,https://careers-calspan.icims.com/jobs/2628/controls-designer/referral,"Buffalo, NY, United States",Buffalo,NY,United States,Not specified,,,,Aerospace,2026-09-29,2026-09-29,https://careers-calspan.icims.com/jobs/2628/controls-designer/job,ats_detected,5,success_after_fallback
de55a348b216,2026-09-29,234e92c8de3f,Calspan Business Park,https://calspan.com/,https://careers-calspan.icims.com/jobs/2570/senior-software-engineer/job,Senior Software Engineer,https://careers-calspan.icims.com/jobs/2570/senior-software-engineer/referral,"Buffalo, NY, United States",Buffalo,NY,United States,Not specified,,,,Aerospace,2026-09-29,2026-09-29,https://careers-calspan.icims.com/jobs/2570/senior-software-engineer/job,ats_detected,5,success_after_fallback
0ffb672e5580,2026-09-29,234e92c8de3f,Calspan Business Park,https://calspan.com/,https://careers-calspan.icims.com/jobs/2613/lead-controls-and-instrumentation-engineer/job,Lead Controls And Instrumentation Engineer,https://careers-calspan.icims.com/jobs/2613/lead-controls-and-instrumentation-engineer/referral,"Buffalo, NY, United States",Buffalo,NY,United States,Not specified,,,,Aerospace,2026-09-29,2026-09-29,https://careers-calspan.icims.com/jobs/2613/lead-controls-and-instrumentation-engineer/job,ats_detected,5,success_after_fallback
8b55a756cd51,2026-09-29,234e92c8de3f,Calspan Business Park,https://calspan.com/,https://careers-calspan.icims.com/jobs/2566/associate-principal-engineer%2C-aero-acoustics/job,Associate Principal Engineer%2C Aero Acoustics,https://careers-calspan.icims.com/jobs/2566/associate-principal-engineer%2C-aero-acoustics/job,"Buffalo, NY, United States",Buffalo,NY,United States,Not specified,,,,Aerospace,2026-09-29,2026-09-29,https://careers-calspan.icims.com/jobs/2566/associate-principal-engineer%2C-aero-acoustics/job,ats_detected,5,success_after_fallback
9c69eae3fe24,2026-09-29,234e92c8de3f,Calspan Business Park,https://calspan.com/,https://careers-calspan.icims.com/jobs/2566/associate-principal-engineer%2C-aero-acoustics/job,Associate Principal Engineer%2C Aero Acoustics,https://careers-calspan.icims.com/jobs/2566/associate-principal-engineer%2c-aero-acoustics/referral,"Buffalo, NY, United States",Buffalo,NY,United States,Not specified,,,,Aerospace,2026-09-29,2026-09-29,https://careers-calspan.icims.com/jobs/2566/associate-principal-engineer%2C-aero-acoustics/job,ats_detected,5,success_after_fallback
74934588b269,2026-09-29,babc8fbe4ec9,Crover,https://www.crover.tech/,https://www.smartrecruiters.com/?utm_source=referral&utm_medium=careerwebsitepage&utm_campaign=careerwebsite&utm_content=none&km_partner=none&km_adgroup=none&utm_term=none&km_matchtype=none,Hiring Managers,https://www.smartrecruiters.com/role/talent-acquisition,"Geneva, NY, United States",Geneva,NY,United States,Not specified,,,,Core Space,2026-09-29,2026-09-29,https://www.smartrecruiters.com/?utm_source=referral&utm_medium=careerwebsitepage&utm_campaign=careerwebsite&utm_content=none&km_partner=none&km_adgroup=none&utm_term=none&km_matchtype=none,ats_detected,4,success_after_fallback
b11bae175a23,2026-09-29,babc8fbe4ec9,Crover,https://www.crover.tech/,https://www.smartrecruiters.com/?utm_source=referral&utm_medium=careerwebsitepage&utm_campaign=careerwebsite&utm_content=none&km_partner=none&km_adgroup=none&utm_term=none&km_matchtype=none,Hiring Managers,https://www.smartrecruiters.com/role/hiring-manager,"Geneva, NY, United States",Geneva,NY,United States,Not specified,,,,Core Space,2026-09-29,2026-09-29,https://www.smartrecruiters.com/?utm_source=referral&utm_medium=careerwebsitepage&utm_campaign=careerwebsite&utm_content=none&km_partner=none&km_adgroup=none&utm_term=none&km_matchtype=none,ats_detected,4,success_after_fallback
8e4c7afd2511,2026-09-29,babc8fbe4ec9,Crover,https://www.crover.tech/,https://www.smartrecruiters.com/?utm_source=referral&utm_medium=careerwebsitepage&utm_campaign=careerwebsite&utm_content=none&km_partner=none&km_adgroup=none&utm_term=none&km_matchtype=none,Hiring Managers,https://www.smartrecruiters.com/role/hr,"Geneva, NY, United States",Geneva,NY,United States,Not specified,,,,Core Space,2026-09-29,2026-09-29,https://www.smartrecruiters.com/?utm_source=referral&utm_medium=careerwebsitepage&utm_campaign=careerwebsite&utm_content=none&km_partner=none&km_adgroup=none&utm_term=none&km_matchtype=none,ats_detected,4,success_after_fallback
e942ee7fb593,2026-09-29,babc8fbe4ec9,Crover,https://www.crover.tech/,https://www.smartrecruiters.com/?utm_source=referral&utm_medium=careerwebsitepage&utm_campaign=careerwebsite&utm_content=none&km_partner=none&km_adgroup=none&utm_term=none&km_matchtype=none,Hiring Managers,https://www.smartrecruiters.com/role/it,"Geneva, NY, United States",Geneva,NY,United States,Not specified,,,,Core Space,2026-09-29,2026-09-29,https://www.smartrecruiters.com/?utm_source=referral&utm_medium=careerwebsitepage&utm_campaign=careerwebsite&utm_content=none&km_partner=none&km_adgroup=none&utm_term=none&km_matchtype=none,ats_detected,4,success_after_fallback
675011ceb6de,2026-09-29,babc8fbe4ec9,Crover,https://www.crover.tech/,https://www.smartrecruiters.com/?utm_source=referral&utm_medium=careerwebsitepage&utm_campaign=careerwebsite&utm_content=none&km_partner=none&km_adgroup=none&utm_term=none&km_matchtype=none,Hiring Managers,https://www.smartrecruiters.com/role/finance,"Geneva, NY, United States",Geneva,NY,United States,Not specified,,,,Core Space,2026-09-29,2026-09-29,https://www.smartrecruiters.com/?utm_source=referral&utm_medium=careerwebsitepage&utm_campaign=careerwebsite&utm_content=none&km_partner=none&km_adgroup=none&utm_term=none&km_matchtype=none,ats_detected,4,success_after_fallback
b34a59fd21bb,2026-09-29,bad1b820268a,Dawn Aerospace,https://www.dawnaerospace.com/,https://job-boards.anz.greenhouse.io/dawnaerospace,"AIT Test Technician Delft, South Holland, Netherlands",https://job-boards.anz.greenhouse.io/dawnaerospace/jobs/4006849201,"Delft, South Holland, Netherlands",Delft,South Holland,Netherlands,Not specified,,,,Core Space,2026-09-29,2026-09-29,https://job-boards.anz.greenhouse.io/dawnaerospace,ats_detected,5,success_after_fallback
ac6ea0be4010,2026-09-29,bad1b820268a,Dawn Aerospace,https://www.dawnaerospace.com/,https://job-boards.anz.greenhouse.io/dawnaerospace,"Electrical Systems Engineer Delft, South Holland, Netherlands",https://job-boards.anz.greenhouse.io/dawnaerospace/jobs/4006270201,"Delft, South Holland, Netherlands",Delft,South Holland,Netherlands,Not specified,,,,Core Space,2026-09-29,2026-09-29,https://job-boards.anz.greenhouse.io/dawnaerospace,ats_detected,5,success_after_fallback
aeee1a6d6219,2026-09-29,bad1b820268a,Dawn Aerospace,https://www.dawnaerospace.com/,https://job-boards.anz.greenhouse.io/dawnaerospace,"PhD Research Opportunities (University of Canterbury & Dawn Aerospace) Christchurch, Canterbury, New Zealand",https://job-boards.anz.greenhouse.io/dawnaerospace/jobs/4005543201,"Manhattan, NY, United States",Manhattan,NY,United States,Not specified,,,,Core Space,2026-09-29,2026-09-29,https://job-boards.anz.greenhouse.io/dawnaerospace,ats_detected,5,success_after_fallback
c94117e1163d,2026-09-29,bad1b820268a,Dawn Aerospace,https://www.dawnaerospace.com/,https://job-boards.anz.greenhouse.io/dawnaerospace,"Satellite Communications Engineer Delft, South Holland, Netherlands",https://job-boards.anz.greenhouse.io/dawnaerospace/jobs/4001647201,"Delft, South Holland, Netherlands",Delft,South Holland,Netherlands,Not specified,,,,Core Space,2026-09-29,2026-09-29,https://job-boards.anz.greenhouse.io/dawnaerospace,ats_detected,5,success_after_fallback
096dbf50f162,2026-09-29,bad1b820268a,Dawn Aerospace,https://www.dawnaerospace.com/,https://job-boards.anz.greenhouse.io/dawnaerospace,"Satellite RF Hardware & Operations Engineer Delft, South Holland, Netherlands",https://job-boards.anz.greenhouse.io/dawnaerospace/jobs/4000878201,"Delft, South Holland, Netherlands",Delft,South Holland,Netherlands,Not specified,,,,Core Space,2026-09-29,2026-09-29,https://job-boards.anz.greenhouse.io/dawnaerospace,ats_detected,5,success_after_fallback
5f318738b232,2026-09-29,bad1b820268a,Dawn Aerospace,https://www.dawnaerospace.com/,https://job-boards.anz.greenhouse.io/dawnaerospace,"Supply Chain Coordinator Christchurch, Canterbury, New Zealand",https://job-boards.anz.greenhouse.io/dawnaerospace/jobs/4007038201,"Manhattan, NY, United States",Manhattan,NY,United States,Not specified,,,,Core Space,2026-09-29,2026-09-29,https://job-boards.anz.greenhouse.io/dawnaerospace,ats_detected,5,success_after_fallback
0e09daa01916,2026-09-29,bad1b820268a,Dawn Aerospace,https://www.dawnaerospace.com/,https://job-boards.anz.greenhouse.io/dawnaerospace,"Senior Production Engineer Christchurch, Canterbury, New Zealand",https://job-boards.anz.greenhouse.io/dawnaerospace/jobs/4005932201,"Manhattan, NY, United States",Manhattan,NY,United States,Not specified,,,,Core Space,2026-09-29,2026-09-29,https://job-boards.anz.greenhouse.io/dawnaerospace,ats_detected,5,success_after_fallback
6fa88e767ff7,2026-09-29,bad1b820268a,Dawn Aerospace,https://www.dawnaerospace.com/,https://job-boards.anz.greenhouse.io/dawnaerospace,"Composites Design Engineer (Space Launch New Zealand) New Christchurch, Canterbury, New Zealand",https://job-boards.anz.greenhouse.io/dawnaerospace/jobs/4007212201,"Manhattan, NY, United States",Manhattan,NY,United States,Not specified,,,,Core Space,2026-09-29,2026-09-29,https://job-boards.anz.greenhouse.io/dawnaerospace,ats_detected,5,success_after_fallback
ab461f404f05,2026-09-29,bad1b820268a,Dawn Aerospace,https://www.dawnaerospace.com/,https://job-boards.anz.greenhouse.io/dawnaerospace,"Structural Analyst (Space Launch New Zealand) New Christchurch, Canterbury, New Zealand",https://job-boards.anz.greenhouse.io/dawnaerospace/jobs/4007214201,"Manhattan, NY, United States",Manhattan,NY,United States,Not specified,,,,Core Space,2026-09-29,2026-09-29,https://job-boards.anz.greenhouse.io/dawnaerospace,ats_detected,5,success_after_fallback
303801cd2f81,2026-09-29,bad1b820268a,Dawn Aerospace,https://www.dawnaerospace.com/,https://job-boards.anz.greenhouse.io/dawnaerospace,"Avionics Technician - Spaceplane Christchurch, Canterbury, New Zealand",https://job-boards.anz.greenhouse.io/dawnaerospace/jobs/4005859201,"Manhattan, NY, United States",Manhattan,NY,United States,Not specified,,,,Core Space,2026-09-29,2026-09-29,https://job-boards.anz.greenhouse.io/dawnaerospace,ats_detected,5,success_after_fallback
a59f939d5150,2026-09-29,bad1b820268a,Dawn Aerospace,https://www.dawnaerospace.com/,https://job-boards.anz.greenhouse.io/dawnaerospace,"Aircraft Maintenance Technician Christchurch, Canterbury, New Zealand",https://job-boards.anz.greenhouse.io/dawnaerospace/jobs/4005539201,"Manhattan, NY, United States",Manhattan,NY,United States,Not specified,,,,Core Space,2026-09-29,2026-09-29,https://job-boards.anz.greenhouse.io/dawnaerospace,ats_detected,5,success_after_fallback
1db33c6f93cb,2026-09-29,bad1b820268a,Dawn Aerospace,https://www.dawnaerospace.com/,https://job-boards.anz.greenhouse.io/dawnaerospace,Head of Defence Sales – Germany Germany,https://job-boards.anz.greenhouse.io/dawnaerospace/jobs/4004923201,"Manhattan, NY, United States",Manhattan,NY,United States,Not specified,,,,Core Space,2026-09-29,2026-09-29,https://job-boards.anz.greenhouse.io/dawnaerospace,ats_detected,5,success_after_fallback
2c974b67f5ad,2026-09-29,ba37ca62f760,echo3D,https://www.echo3d.co/,https://www.echo3d.com/about/careers,Enterprise Sales Executive B2B,https://wellfound.com/jobs/3529921-enterprise-sales-executive-b2b,"Manhattan, NY, United States",Manhattan,NY,United States,Remote,,,,Core Space,2026-09-29,2026-09-29,https://www.echo3d.com/about/careers,known_careers_url,4,success
bb9a4a219de8,2026-09-29,ba37ca62f760,echo3D,https://www.echo3d.co/,https://www.echo3d.com/about/careers,Software Engineer,https://wellfound.com/jobs/1749640-software-engineer,"Manhattan, NY, United States",Manhattan,NY,United States,Remote,,,,Core Space,2026-09-29,2026-09-29,https://www.echo3d.com/about/careers,known_careers_url,4,success
abbac81e6f18,2026-09-29,ba37ca62f760,echo3D,https://www.echo3d.co/,https://wellfound.com/jobs/3529921-enterprise-sales-executive-b2b,Technical Implementation Associate $45k – $85k • 0.0% – 0.5%,https://wellfound.com/jobs/56885-technical-implementation-associate,"Manhattan, NY, United States",Manhattan,NY,United States,Not specified,,,,Core Space,2026-09-29,2026-09-29,https://wellfound.com/jobs/3529921-enterprise-sales-executive-b2b,linked_page,4,success_after_fallback
81cb464539f3,2026-09-29,ba37ca62f760,echo3D,https://www.echo3d.co/,https://wellfound.com/jobs/3529921-enterprise-sales-executive-b2b,Customer Success Manager $130k – $165k,https://wellfound.com/jobs/3084580-customer-success-manager,"Manhattan, NY, United States",Manhattan,NY,United States,Not specified,,,,Core Space,2026-09-29,2026-09-29,https://wellfound.com/jobs/3529921-enterprise-sales-executive-b2b,linked_page,4,success_after_fallback
43736532a6ff,2026-09-29,ba37ca62f760,echo3D,https://www.echo3d.co/,https://wellfound.com/jobs,Graphic Designer & Visual Brand Designer,https://wellfound.com/jobs/4781517-graphic-designer-visual-brand-designer,"Manhattan, NY, United States",Manhattan,NY,United States,Remote,,,,Core Space,2026-09-29,2026-09-29,https://wellfound.com/jobs,linked_page,4,success_after_fallback
5717ba538fc0,2026-09-29,ba37ca62f760,echo3D,https://www.echo3d.co/,https://wellfound.com/jobs,Forward Deployed Engineer,https://wellfound.com/jobs/4781491-forward-deployed-engineer,"Manhattan, NY, United States",Manhattan,NY,United States,Not specified,,,,Core Space,2026-09-29,2026-09-29,https://wellfound.com/jobs,linked_page,4,success_after_fallback
8a0add898fbe,2026-09-29,ba37ca62f760,echo3D,https://www.echo3d.co/,https://wellfound.com/jobs,Founding Mobile Developer,https://wellfound.com/jobs/4779420-founding-mobile-developer,"Manhattan, NY, United States",Manhattan,NY,United States,Remote,,,,Core Space,2026-09-29,2026-09-29,https://wellfound.com/jobs,linked_page,4,success_after_fallback
f378e215f796,2026-09-29,ba37ca62f760,echo3D,https://www.echo3d.co/,https://wellfound.com/jobs,Senior Software Engineer,https://wellfound.com/jobs/4779344-senior-software-engineer,"Manhattan, NY, United States",Manhattan,NY,United States,Not specified,,,,Core Space,2026-09-29,2026-09-29,https://wellfound.com/jobs,linked_page,4,success_after_fallback
0322d108ab7f,2026-09-29,ba37ca62f760,echo3D,https://www.echo3d.co/,https://wellfound.com/jobs,Software Engineer (Frontend),https://wellfound.com/jobs/4779316-software-engineer-frontend,"Manhattan, NY, United States",Manhattan,NY,United States,Not specified,,,,Core Space,2026-09-29,2026-09-29,https://wellfound.com/jobs,linked_page,4,success_after_fallback
31194524617d,2026-09-29,ba37ca62f760,echo3D,https://www.echo3d.co/,https://wellfound.com/jobs,"Staff Software Engineer, Machine Learning",https://wellfound.com/jobs/4779271-staff-software-engineer-machine-learning,"Manhattan, NY, United States",Manhattan,NY,United States,On-site,,,,Core Space,2026-09-29,2026-09-29,https://wellfound.com/jobs,linked_page,4,success_after_fallback
57a2efe5e285,2026-09-29,ba37ca62f760,echo3D,https://www.echo3d.co/,https://wellfound.com/jobs,Principal Product Manager - API & Integrations,https://wellfound.com/jobs/4781424-principal-product-manager-api-integrations,"Manhattan, NY, United States",Manhattan,NY,United States,Not specified,,,,Core Space,2026-09-29,2026-09-29,https://wellfound.com/jobs,linked_page,4,success_after_fallback
b2dc4985b578,2026-09-29,ba37ca62f760,echo3D,https://www.echo3d.co/,https://wellfound.com/jobs,Data Platform Manager - (Europe),https://wellfound.com/jobs/4780382-data-platform-manager,"Manhattan, NY, United States",Manhattan,NY,United States,Remote,,,,Core Space,2026-09-29,2026-09-29,https://wellfound.com/jobs,linked_page,4,success_after_fallback
ff574dcf9273,2026-09-29,ba37ca62f760,echo3D,https://www.echo3d.co/,https://wellfound.com/jobs,Founding Product Manager,https://wellfound.com/jobs/4780377-founding-product-manager,"Manhattan, NY, United States",Manhattan,NY,United States,On-site,,,,Core Space,2026-09-29,2026-09-29,https://wellfound.com/jobs,linked_page,4,success_after_fallback
3f321c09ec72,2026-09-29,ba37ca62f760,echo3D,https://www.echo3d.co/,https://wellfound.com/jobs,Product Manager - Agent Platform,https://wellfound.com/jobs/4779625-product-manager-agent-platform,"Manhattan, NY, United States",Manhattan,NY,United States,Not specified,,,,Core Space,2026-09-29,2026-09-29,https://wellfound.com/jobs,linked_page,4,success_after_fallback
25536f1d4ba5,2026-09-29,ba37ca62f760,echo3D,https://www.echo3d.co/,https://wellfound.com/jobs,Product Manager (AI Agents),https://wellfound.com/jobs/4779365-product-manager-ai-agents,"Manhattan, NY, United States",Manhattan,NY,United States,Not specified,,,,Core Space,2026-09-29,2026-09-29,https://wellfound.com/jobs,linked_page,4,success_after_fallback
04862339de5e,2026-09-29,ba37ca62f760,echo3D,https://www.echo3d.co/,https://wellfound.com/jobs,"Senior AI learning designer, rapid content",https://wellfound.com/jobs/4751460-senior-ai-learning-designer-rapid-content,"Manhattan, NY, United States",Manhattan,NY,United States,Not specified,,,,Core Space,2026-09-29,2026-09-29,https://wellfound.com/jobs,linked_page,4,success_after_fallback
5cd851abf808,2026-09-29,ba37ca62f760,echo3D,https://www.echo3d.co/,https://wellfound.com/jobs,eLearning Designer,https://wellfound.com/jobs/4704111-elearning-designer,"Manhattan, NY, United States",Manhattan,NY,United States,Remote,,,,Core Space,2026-09-29,2026-09-29,https://wellfound.com/jobs,linked_page,4,success_after_fallback
1118963ced57,2026-09-29,ba37ca62f760,echo3D,https://www.echo3d.co/,https://wellfound.com/jobs,Senior Interior Designer,https://wellfound.com/jobs/4704026-senior-interior-designer,"Manhattan, NY, United States",Manhattan,NY,United States,On-site,,,,Core Space,2026-09-29,2026-09-29,https://wellfound.com/jobs,linked_page,4,success_after_fallback
f0a2072c7b69,2026-09-29,ba37ca62f760,echo3D,https://www.echo3d.co/,https://wellfound.com/jobs,Founding Designer,https://wellfound.com/jobs/4704015-founding-designer-clone,"Manhattan, NY, United States",Manhattan,NY,United States,On-site,,,,Core Space,2026-09-29,2026-09-29,https://wellfound.com/jobs,linked_page,4,success_after_fallback
24f0a670683f,2026-09-29,ba37ca62f760,echo3D,https://www.echo3d.co/,https://wellfound.com/jobs,Data Engineer,https://wellfound.com/jobs/4779401-data-engineer,"Manhattan, NY, United States",Manhattan,NY,United States,Not specified,,,,Core Space,2026-09-29,2026-09-29,https://wellfound.com/jobs,linked_page,4,success_after_fallback
56cebc06d217,2026-09-29,ba37ca62f760,echo3D,https://www.echo3d.co/,https://wellfound.com/jobs,Senior Data Platform Engineer (Graph Serving),https://wellfound.com/jobs/3994798-senior-data-platform-engineer-graph-serving,"Manhattan, NY, United States",Manhattan,NY,United States,Remote,,,,Core Space,2026-09-29,2026-09-29,https://wellfound.com/jobs,linked_page,4,success_after_fallback
187afcf2056d,2026-09-29,ba37ca62f760,echo3D,https://www.echo3d.co/,https://wellfound.com/jobs,Analytics Engineer,https://wellfound.com/jobs/4399841-principal-software-engineer-clone,"Manhattan, NY, United States",Manhattan,NY,United States,Remote,,,,Core Space,2026-09-29,2026-09-29,https://wellfound.com/jobs,linked_page,4,success_after_fallback
dd6e5e5992a1,2026-09-29,ba37ca62f760,echo3D,https://www.echo3d.co/,https://wellfound.com/jobs,Data Engineer - Founding Team,https://wellfound.com/jobs/4766905-ai-engineer-founding-team-clone,"Manhattan, NY, United States",Manhattan,NY,United States,On-site,,,,Core Space,2026-09-29,2026-09-29,https://wellfound.com/jobs,linked_page,4,success_after_fallback
38dd09d6d4e4,2026-09-29,ba37ca62f760,echo3D,https://www.echo3d.co/,https://wellfound.com/jobs,"Data Engineer (Staff, Principal, Lead)",https://wellfound.com/jobs/3994821-2-data-engineer-staff-principal-lead,"Manhattan, NY, United States",Manhattan,NY,United States,On-site,,,,Core Space,2026-09-29,2026-09-29,https://wellfound.com/jobs,linked_page,4,success_after_fallback
112f05b62b37,2026-09-29,ba37ca62f760,echo3D,https://www.echo3d.co/,https://wellfound.com/jobs,Territory Partner (Field Sales),https://wellfound.com/jobs/4566064-territory-partner-field-sales,"Manhattan, NY, United States",Manhattan,NY,United States,Remote,,,,Core Space,2026-09-29,2026-09-29,https://wellfound.com/jobs,linked_page,4,success_after_fallback
bebeeb447cd1,2026-09-29,ba37ca62f760,echo3D,https://www.echo3d.co/,https://wellfound.com/jobs,Senior Marketing Manager,https://wellfound.com/jobs/4766721-senior-marketing-manager,"Manhattan, NY, United States",Manhattan,NY,United States,On-site,,,,Core Space,2026-09-29,2026-09-29,https://wellfound.com/jobs,linked_page,4,success_after_fallback
31f7bfa9141f,2026-09-29,ba37ca62f760,echo3D,https://www.echo3d.co/,https://wellfound.com/jobs,Marketing Director,https://wellfound.com/jobs/4756944-marketing-director,"Manhattan, NY, United States",Manhattan,NY,United States,Remote,,,,Core Space,2026-09-29,2026-09-29,https://wellfound.com/jobs,linked_page,4,success_after_fallback
a25fa2126be8,2026-09-29,ba37ca62f760,echo3D,https://www.echo3d.co/,https://wellfound.com/jobs,Event & Marketing Coordinator,https://wellfound.com/jobs/4751275-event-marketing-coordinator,"Manhattan, NY, United States",Manhattan,NY,United States,On-site,,,,Core Space,2026-09-29,2026-09-29,https://wellfound.com/jobs,linked_page,4,success_after_fallback
cc881ae96064,2026-09-29,ba37ca62f760,echo3D,https://www.echo3d.co/,https://wellfound.com/jobs,Founding Growth Engineer,https://wellfound.com/jobs/4739737-founding-electrical-engineer-clone,"Manhattan, NY, United States",Manhattan,NY,United States,On-site,,,,Core Space,2026-09-29,2026-09-29,https://wellfound.com/jobs,linked_page,4,success_after_fallback
357c0f864eef,2026-09-29,ba37ca62f760,echo3D,https://www.echo3d.co/,https://wellfound.com/jobs,Member Growth Operations Associate Manager,https://wellfound.com/jobs/4779358-member-growth-operations-associate-manager,"Manhattan, NY, United States",Manhattan,NY,United States,Remote,,,,Core Space,2026-09-29,2026-09-29,https://wellfound.com/jobs,linked_page,4,success_after_fallback
6bc66a192057,2026-09-29,ba37ca62f760,echo3D,https://www.echo3d.co/,https://wellfound.com/jobs,Manager - Family Intake and Enrollment,https://wellfound.com/jobs/4779352-manager-family-intake-and-enrollment,"Manhattan, NY, United States",Manhattan,NY,United States,Remote,,,,Core Space,2026-09-29,2026-09-29,https://wellfound.com/jobs,linked_page,4,success_after_fallback
9eee1205c1c1,2026-09-29,ba37ca62f760,echo3D,https://www.echo3d.co/,https://wellfound.com/jobs,"Director, Supply Chain",https://wellfound.com/jobs/4779285-director-supply-chain,"Manhattan, NY, United States",Manhattan,NY,United States,Not specified,,,,Core Space,2026-09-29,2026-09-29,https://wellfound.com/jobs,linked_page,4,success_after_fallback
37fba9852b15,2026-09-29,ba37ca62f760,echo3D,https://www.echo3d.co/,https://wellfound.com/jobs,Operations Manager (Part-Time),https://wellfound.com/jobs/4779207-operations-manager-part-time,"Manhattan, NY, United States",Manhattan,NY,United States,Remote,,,,Core Space,2026-09-29,2026-09-29,https://wellfound.com/jobs,linked_page,4,success_after_fallback
a5ca23ab9ff9,2026-09-29,ba37ca62f760,echo3D,https://www.echo3d.co/,https://wellfound.com/jobs,Operations Supervisor,https://wellfound.com/jobs/4769264-operations-supervisor-clone,"Manhattan, NY, United States",Manhattan,NY,United States,Remote,,,,Core Space,2026-09-29,2026-09-29,https://wellfound.com/jobs,linked_page,4,success_after_fallback
f63bd9c76cf9,2026-09-29,ba37ca62f760,echo3D,https://www.echo3d.co/,https://wellfound.com/jobs,Talent Acquisition Manager,https://wellfound.com/jobs/4779416-talent-acquisition-manager,"Manhattan, NY, United States",Manhattan,NY,United States,Not specified,,,,Core Space,2026-09-29,2026-09-29,https://wellfound.com/jobs,linked_page,4,success_after_fallback
28da5e479123,2026-09-29,ba37ca62f760,echo3D,https://www.echo3d.co/,https://wellfound.com/jobs,Senior Risk Management Consultant,https://wellfound.com/jobs/4779175-senior-risk-management-consultant,"Manhattan, NY, United States",Manhattan,NY,United States,Remote,,,,Core Space,2026-09-29,2026-09-29,https://wellfound.com/jobs,linked_page,4,success_after_fallback
afaa8a618607,2026-09-29,ba37ca62f760,echo3D,https://www.echo3d.co/,https://wellfound.com/jobs,Technical Recruiter,https://wellfound.com/jobs/4756824-technical-recruiter,"Manhattan, NY, United States",Manhattan,NY,United States,Not specified,,,,Core Space,2026-09-29,2026-09-29,https://wellfound.com/jobs,linked_page,4,success_after_fallback
a493bb868303,2026-09-29,ba37ca62f760,echo3D,https://www.echo3d.co/,https://wellfound.com/jobs,Senior Recruiter – AI Research & Engineering,https://wellfound.com/jobs/4748884-senior-recruiter-ai-research-engineering,"Manhattan, NY, United States",Manhattan,NY,United States,Not specified,,,,Core Space,2026-09-29,2026-09-29,https://wellfound.com/jobs,linked_page,4,success_after_fallback
b319deec89c0,2026-09-29,ba37ca62f760,echo3D,https://www.echo3d.co/,https://wellfound.com/jobs,Tax Manager (Full Time W2) 100% REMOTE,https://wellfound.com/jobs/4382998-tax-manager-full-time-w2-100-remote,"Manhattan, NY, United States",Manhattan,NY,United States,Remote,,,,Core Space,2026-09-29,2026-09-29,https://wellfound.com/jobs,linked_page,4,success_after_fallback
e1a29239832e,2026-09-29,ba37ca62f760,echo3D,https://www.echo3d.co/,https://wellfound.com/jobs,Tax Manager (Fully Remote),https://wellfound.com/jobs/4772605-tax-manager-fully-remote,"Manhattan, NY, United States",Manhattan,NY,United States,Remote,,,,Core Space,2026-09-29,2026-09-29,https://wellfound.com/jobs,linked_page,4,success_after_fallback
bb4294c21453,2026-09-29,ba37ca62f760,echo3D,https://www.echo3d.co/,https://wellfound.com/jobs,Strategic Finance Manager,https://wellfound.com/jobs/4766934-strategic-finance-manager,"Manhattan, NY, United States",Manhattan,NY,United States,Remote,,,,Core Space,2026-09-29,2026-09-29,https://wellfound.com/jobs,linked_page,4,success_after_fallback
4ffe8f08ee16,2026-09-29,ba37ca62f760,echo3D,https://www.echo3d.co/,https://wellfound.com/jobs,Remote Software Engineer Jobs,https://wellfound.com/role/r/software-engineer,"Manhattan, NY, United States",Manhattan,NY,United States,Remote,,,,Core Space,2026-09-29,2026-09-29,https://wellfound.com/jobs,linked_page,3,success_after_fallback
a36be93e0048,2026-09-29,ba37ca62f760,echo3D,https://www.echo3d.co/,https://wellfound.com/jobs,Remote Product Manager Jobs,https://wellfound.com/role/r/product-manager,"Manhattan, NY, United States",Manhattan,NY,United States,Remote,,,,Core Space,2026-09-29,2026-09-29,https://wellfound.com/jobs,linked_page,3,success_after_fallback
864abf04a02f,2026-09-29,ba37ca62f760,echo3D,https://www.echo3d.co/,https://wellfound.com/jobs,Remote Data Analyst Jobs,https://wellfound.com/role/r/data-analyst,"Manhattan, NY, United States",Manhattan,NY,United States,Remote,,,,Core Space,2026-09-29,2026-09-29,https://wellfound.com/jobs,linked_page,3,success_after_fallback
c51db9a7fc56,2026-09-29,ba37ca62f760,echo3D,https://www.echo3d.co/,https://wellfound.com/jobs,Remote Product Designer Jobs,https://wellfound.com/role/r/product-designer,"Manhattan, NY, United States",Manhattan,NY,United States,Remote,,,,Core Space,2026-09-29,2026-09-29,https://wellfound.com/jobs,linked_page,3,success_after_fallback
21aa410252f9,2026-09-29,ba37ca62f760,echo3D,https://www.echo3d.co/,https://wellfound.com/jobs,Remote Graphic Designer Jobs,https://wellfound.com/role/r/graphic-designer,"Manhattan, NY, United States",Manhattan,NY,United States,Remote,,,,Core Space,2026-09-29,2026-09-29,https://wellfound.com/jobs,linked_page,3,success_after_fallback
2fcff47c1465,2026-09-29,ba37ca62f760,echo3D,https://www.echo3d.co/,https://wellfound.com/jobs,Remote UI/UX Designer Jobs,https://wellfound.com/role/r/ui-ux-designer,"Manhattan, NY, United States",Manhattan,NY,United States,Remote,,,,Core Space,2026-09-29,2026-09-29,https://wellfound.com/jobs,linked_page,3,success_after_fallback
5c3a89bd8bc7,2026-09-29,ba37ca62f760,echo3D,https://www.echo3d.co/,https://wellfound.com/jobs,Remote Operations Manager Jobs,https://wellfound.com/role/r/operations-manager,"Manhattan, NY, United States",Manhattan,NY,United States,Remote,,,,Core Space,2026-09-29,2026-09-29,https://wellfound.com/jobs,linked_page,3,success_after_fallback
c33e6e97fc39,2026-09-29,ba37ca62f760,echo3D,https://www.echo3d.co/,https://wellfound.com/jobs,Remote Account Manager Jobs,https://wellfound.com/role/r/account-manager,"Manhattan, NY, United States",Manhattan,NY,United States,Remote,,,,Core Space,2026-09-29,2026-09-29,https://wellfound.com/jobs,linked_page,3,success_after_fallback
5217fcd690d9,2026-09-29,ba37ca62f760,echo3D,https://www.echo3d.co/,https://wellfound.com/jobs,Remote Sales Manager Jobs,https://wellfound.com/role/r/sales-manager,"Manhattan, NY, United States",Manhattan,NY,United States,Remote,,,,Core Space,2026-09-29,2026-09-29,https://wellfound.com/jobs,linked_page,3,success_after_fallback
0b7eb8bfe674,2026-09-29,ba37ca62f760,echo3D,https://www.echo3d.co/,https://wellfound.com/jobs,Remote Financial Analyst Jobs,https://wellfound.com/role/r/financial-analyst,"Manhattan, NY, United States",Manhattan,NY,United States,Remote,,,,Core Space,2026-09-29,2026-09-29,https://wellfound.com/jobs,linked_page,3,success_after_fallback
e9149de421e0,2026-09-29,ba37ca62f760,echo3D,https://www.echo3d.co/,https://wellfound.com/jobs,Remote HR Manager Jobs,https://wellfound.com/role/r/hr-manager,"Manhattan, NY, United States",Manhattan,NY,United States,Remote,,,,Core Space,2026-09-29,2026-09-29,https://wellfound.com/jobs,linked_page,3,success_after_fallback
fd08b401b85c,2026-09-29,ba37ca62f760,echo3D,https://www.echo3d.co/,https://wellfound.com/browse/tech-jobs,Smart contract Developer,https://wellfound.com/role/smart-contract-developer,"Manhattan, NY, United States",Manhattan,NY,United States,Not specified,,,,Core Space,2026-09-29,2026-09-29,https://wellfound.com/browse/tech-jobs,linked_page,3,success_after_fallback
e0d5fc14ea4a,2026-09-29,ba37ca62f760,echo3D,https://www.echo3d.co/,https://wellfound.com/browse/remote-tech-jobs,Smart contract Developer,https://wellfound.com/role/r/smart-contract-developer,"Manhattan, NY, United States",Manhattan,NY,United States,Not specified,,,,Core Space,2026-09-29,2026-09-29,https://wellfound.com/browse/remote-tech-jobs,linked_page,3,success_after_fallback
20681e30a0ec,2026-09-29,ba37ca62f760,echo3D,https://www.echo3d.co/,https://wellfound.com/jobs/56885-technical-implementation-associate,Remote Customer Support Specialist (Contract) $55k – $60k • No equity,https://wellfound.com/jobs/492242-remote-customer-support-specialist,"Manhattan, NY, United States",Manhattan,NY,United States,Remote,,,,Core Space,2026-09-29,2026-09-29,https://wellfound.com/jobs/56885-technical-implementation-associate,linked_page,4,success_after_fallback
29115ce56dea,2026-09-29,ba37ca62f760,echo3D,https://www.echo3d.co/,https://wellfound.com/jobs/56885-technical-implementation-associate,Strategic Partnerships & Business Development Lead $170k – $210k,https://wellfound.com/jobs/3337799-strategic-partnerships-business-development-lead,"Manhattan, NY, United States",Manhattan,NY,United States,Not specified,,,,Core Space,2026-09-29,2026-09-29,https://wellfound.com/jobs/56885-technical-implementation-associate,linked_page,4,success_after_fallback
86a5dbddf2ce,2026-09-29,ba37ca62f760,echo3D,https://www.echo3d.co/,https://wellfound.com/jobs/56885-technical-implementation-associate,E-Commerce Head of Operations (COO track) $24k – $80k • 0.0% – 12.0%,https://wellfound.com/jobs/3387222-e-commerce-head-of-operations-coo-track,"Manhattan, NY, United States",Manhattan,NY,United States,Not specified,,,,Core Space,2026-09-29,2026-09-29,https://wellfound.com/jobs/56885-technical-implementation-associate,linked_page,4,success_after_fallback
2330d103268b,2026-09-29,ba37ca62f760,echo3D,https://www.echo3d.co/,https://wellfound.com/jobs/56885-technical-implementation-associate,Founding Strategy & Operations Lead $125k – $175k,https://wellfound.com/jobs/3392245-founding-strategy-operations-lead,"Manhattan, NY, United States",Manhattan,NY,United States,Not specified,,,,Core Space,2026-09-29,2026-09-29,https://wellfound.com/jobs/56885-technical-implementation-associate,linked_page,4,success_after_fallback
f4520d6a9733,2026-09-29,ba37ca62f760,echo3D,https://www.echo3d.co/,https://wellfound.com/jobs/2710305-enterprise-business-development,Enterprise Business Development,https://wellfound.com/jobs/2710305-enterprise-business-development,"New York, New York, United States",New York,NY,United States,Remote,70000,150000,"Enterprise Software, Business Services, Marketplaces, Recruiting, Freelancers, and Higher Education",Core Space,2026-09-29,2026-09-29,https://wellfound.com/jobs/2710305-enterprise-business-development,linked_page,3,success_after_fallback
594ee8ebb9f5,2026-09-29,ba37ca62f760,echo3D,https://www.echo3d.co/,https://wellfound.com/jobs/2742334-account-executive,Account Executive,https://wellfound.com/jobs/2742334-account-executive,"New York, New York, United States",New York,NY,United States,Not specified,140000,180000,"Enterprise Software, B2B, Software, Finance Technology, Wealth Management, and Fin Tech",Core Space,2026-09-29,2026-09-29,https://wellfound.com/jobs/2742334-account-executive,linked_page,3,success_after_fallback
2c62ac8a598b,2026-09-29,ba37ca62f760,echo3D,https://www.echo3d.co/,https://wellfound.com/jobs/2979082-enterprise-account-executive,Enterprise Account Executive,https://wellfound.com/jobs/2979082-enterprise-account-executive,"New York, New York, United States",New York,NY,United States,Not specified,150000,175000,"Security, Enterprise Security, and Cyber Security",Core Space,2026-09-29,2026-09-29,https://wellfound.com/jobs/2979082-enterprise-account-executive,linked_page,3,success_after_fallback
160d696112ba,2026-09-29,4f4f5481be54,Edwards Vacuum,https://www.edwardsvacuum.com/en-us,https://www.atlascopcogroup.com/en/careers/reasons-to-join-atlas-copco-group,Internship in business control,https://www.atlascopcogroup.com/en/careers/student-opportunities/internship-in-business-control,"Sanborn, NY, United States",Sanborn,NY,United States,Not specified,,,,Core Space,2026-09-29,2026-09-29,https://www.atlascopcogroup.com/en/careers/reasons-to-join-atlas-copco-group,linked_page,3,success_after_fallback
89ebc4a0505a,2026-09-29,4f4f5481be54,Edwards Vacuum,https://www.edwardsvacuum.com/en-us,https://www.atlascopcogroup.com/en/careers/reasons-to-join-atlas-copco-group,Morgan’s internship story,https://www.atlascopcogroup.com/en/careers/student-opportunities/internship-in-business-control/morgan-bernebring,"Sanborn, NY, United States",Sanborn,NY,United States,Not specified,,,,Core Space,2026-09-29,2026-09-29,https://www.atlascopcogroup.com/en/careers/reasons-to-join-atlas-copco-group,linked_page,3,success_after_fallback
93df433add06,2026-09-29,b0d788b8ea7e,ENSCO Avionics,https://www.ensco.com/aerospace/avionics-engineering-certification,https://job-boards.greenhouse.io/ensco,"Assistant Controller Vienna, Virginia, United States",https://job-boards.greenhouse.io/ensco/jobs/5389049008,"Vienna, Virginia, United States",Vienna,VA,United States,Not specified,,,,Aerospace,2026-09-29,2026-09-29,https://job-boards.greenhouse.io/ensco,known_careers_url,5,success
18bbfc625340,2026-09-29,b0d788b8ea7e,ENSCO Avionics,https://www.ensco.com/aerospace/avionics-engineering-certification,https://job-boards.greenhouse.io/ensco,"Avionics Software Engineer III Endicott, New York, United States",https://job-boards.greenhouse.io/ensco/jobs/5160122008,"Endicott, New York, United States",Endicott,NY,United States,Not specified,,,,Aerospace,2026-09-29,2026-09-29,https://job-boards.greenhouse.io/ensco,known_careers_url,5,success
89fe8d60b183,2026-09-29,b0d788b8ea7e,ENSCO Avionics,https://www.ensco.com/aerospace/avionics-engineering-certification,https://job-boards.greenhouse.io/ensco,"Business Development Director for the Intelligence Community Chantilly, Virginia, United States",https://job-boards.greenhouse.io/ensco/jobs/5424584008,"Chantilly, Virginia, United States",Chantilly,VA,United States,Not specified,,,,Aerospace,2026-09-29,2026-09-29,https://job-boards.greenhouse.io/ensco,known_careers_url,5,success
2018683061fa,2026-09-29,b0d788b8ea7e,ENSCO Avionics,https://www.ensco.com/aerospace/avionics-engineering-certification,https://job-boards.greenhouse.io/ensco,"DCO-S Technician Colorado Springs, Colorado, United States",https://job-boards.greenhouse.io/ensco/jobs/5421143008,"Colorado Springs, Colorado, United States",Colorado Springs,CO,United States,Not specified,,,,Aerospace,2026-09-29,2026-09-29,https://job-boards.greenhouse.io/ensco,known_careers_url,5,success
78d0b807ba6a,2026-09-29,b0d788b8ea7e,ENSCO Avionics,https://www.ensco.com/aerospace/avionics-engineering-certification,https://job-boards.greenhouse.io/ensco,"Electrical Engineer / Board Designer Endicott, New York, United States",https://job-boards.greenhouse.io/ensco/jobs/5349135008,"Endicott, New York, United States",Endicott,NY,United States,Not specified,,,,Aerospace,2026-09-29,2026-09-29,https://job-boards.greenhouse.io/ensco,known_careers_url,5,success
08b2d8483858,2026-09-29,b0d788b8ea7e,ENSCO Avionics,https://www.ensco.com/aerospace/avionics-engineering-certification,https://job-boards.greenhouse.io/ensco,"Embedded Software Engineer Endicott, New York, United States",https://job-boards.greenhouse.io/ensco/jobs/5349198008,"Endicott, New York, United States",Endicott,NY,United States,Not specified,,,,Aerospace,2026-09-29,2026-09-29,https://job-boards.greenhouse.io/ensco,known_careers_url,5,success
44cec47aec75,2026-09-29,b0d788b8ea7e,ENSCO Avionics,https://www.ensco.com/aerospace/avionics-engineering-certification,https://job-boards.greenhouse.io/ensco,"Field Service Engineer Chambersburg, Pennsylvania, United States",https://job-boards.greenhouse.io/ensco/jobs/5268029008,"Chambersburg, Pennsylvania, United States",Chambersburg,PA,United States,Not specified,,,,Aerospace,2026-09-29,2026-09-29,https://job-boards.greenhouse.io/ensco,known_careers_url,5,success
0a8d11a57921,2026-09-29,b0d788b8ea7e,ENSCO Avionics,https://www.ensco.com/aerospace/avionics-engineering-certification,https://job-boards.greenhouse.io/ensco,"FPGA Designer Endicott, New York, United States",https://job-boards.greenhouse.io/ensco/jobs/5349060008,"Endicott, New York, United States",Endicott,NY,United States,Not specified,,,,Aerospace,2026-09-29,2026-09-29,https://job-boards.greenhouse.io/ensco,known_careers_url,5,success
9efbb6b72098,2026-09-29,b0d788b8ea7e,ENSCO Avionics,https://www.ensco.com/aerospace/avionics-engineering-certification,https://job-boards.greenhouse.io/ensco,"Junior Technician Chambersburg, Pennsylvania, United States",https://job-boards.greenhouse.io/ensco/jobs/5238947008,"Chambersburg, Pennsylvania, United States",Chambersburg,PA,United States,Not specified,,,,Aerospace,2026-09-29,2026-09-29,https://job-boards.greenhouse.io/ensco,known_careers_url,5,success
58f245b6716a,2026-09-29,b0d788b8ea7e,ENSCO Avionics,https://www.ensco.com/aerospace/avionics-engineering-certification,https://job-boards.greenhouse.io/ensco,"Mechanical Engineer Endicott, New York, United States",https://job-boards.greenhouse.io/ensco/jobs/5350248008,"Endicott, New York, United States",Endicott,NY,United States,Not specified,,,,Aerospace,2026-09-29,2026-09-29,https://job-boards.greenhouse.io/ensco,known_careers_url,5,success
715baa73919d,2026-09-29,b0d788b8ea7e,ENSCO Avionics,https://www.ensco.com/aerospace/avionics-engineering-certification,https://job-boards.greenhouse.io/ensco,"Operations Planner Colorado Springs, Colorado, United States",https://job-boards.greenhouse.io/ensco/jobs/5397506008,"Colorado Springs, Colorado, United States",Colorado Springs,CO,United States,Not specified,,,,Aerospace,2026-09-29,2026-09-29,https://job-boards.greenhouse.io/ensco,known_careers_url,5,success
0bbc97ba3dfd,2026-09-29,b0d788b8ea7e,ENSCO Avionics,https://www.ensco.com/aerospace/avionics-engineering-certification,https://job-boards.greenhouse.io/ensco,"Program Security Specialist Albuquerque, New Mexico, United States",https://job-boards.greenhouse.io/ensco/jobs/5398570008,"Albuquerque, New Mexico, United States",Albuquerque,NM,United States,Not specified,,,,Aerospace,2026-09-29,2026-09-29,https://job-boards.greenhouse.io/ensco,known_careers_url,5,success
4f9c817b4bb6,2026-09-29,b0d788b8ea7e,ENSCO Avionics,https://www.ensco.com/aerospace/avionics-engineering-certification,https://job-boards.greenhouse.io/ensco,"Project Manager Hauppauge, New York, United States",https://job-boards.greenhouse.io/ensco/jobs/5415468008,"Hauppauge, New York, United States",Hauppauge,NY,United States,Not specified,,,,Aerospace,2026-09-29,2026-09-29,https://job-boards.greenhouse.io/ensco,known_careers_url,5,success
bb1cf2beebf1,2026-09-29,b0d788b8ea7e,ENSCO Avionics,https://www.ensco.com/aerospace/avionics-engineering-certification,https://job-boards.greenhouse.io/ensco,"Senior Billing Specialist Vienna, Virginia, United States",https://job-boards.greenhouse.io/ensco/jobs/5416741008,"Vienna, Virginia, United States",Vienna,VA,United States,Not specified,,,,Aerospace,2026-09-29,2026-09-29,https://job-boards.greenhouse.io/ensco,known_careers_url,5,success
6ad05658c5e8,2026-09-29,b0d788b8ea7e,ENSCO Avionics,https://www.ensco.com/aerospace/avionics-engineering-certification,https://job-boards.greenhouse.io/ensco,"Senior Project Manager Pueblo, Colorado, United States",https://job-boards.greenhouse.io/ensco/jobs/5384887008,"Pueblo, Colorado, United States",Pueblo,CO,United States,Not specified,,,,Aerospace,2026-09-29,2026-09-29,https://job-boards.greenhouse.io/ensco,known_careers_url,5,success
4e41a2ff7770,2026-09-29,b0d788b8ea7e,ENSCO Avionics,https://www.ensco.com/aerospace/avionics-engineering-certification,https://job-boards.greenhouse.io/ensco,"Senior Software Systems Engineer Endicott, New York, United States",https://job-boards.greenhouse.io/ensco/jobs/5219423008,"Endicott, New York, United States",Endicott,NY,United States,Not specified,,,,Aerospace,2026-09-29,2026-09-29,https://job-boards.greenhouse.io/ensco,known_careers_url,5,success
e36cb3cede9d,2026-09-29,b0d788b8ea7e,ENSCO Avionics,https://www.ensco.com/aerospace/avionics-engineering-certification,https://job-boards.greenhouse.io/ensco,"Senior Staff Engineer Colorado Springs, Colorado, United States",https://job-boards.greenhouse.io/ensco/jobs/5398017008,"Colorado Springs, Colorado, United States",Colorado Springs,CO,United States,Not specified,,,,Aerospace,2026-09-29,2026-09-29,https://job-boards.greenhouse.io/ensco,known_careers_url,5,success
b34a7bf52a92,2026-09-29,b0d788b8ea7e,ENSCO Avionics,https://www.ensco.com/aerospace/avionics-engineering-certification,https://job-boards.greenhouse.io/ensco,"Senior Staff Solutions Architect Albuquerque, New Mexico, United States",https://job-boards.greenhouse.io/ensco/jobs/5428599008,"Albuquerque, New Mexico, United States",Albuquerque,NM,United States,Not specified,,,,Aerospace,2026-09-29,2026-09-29,https://job-boards.greenhouse.io/ensco,known_careers_url,5,success
59c84a5b209a,2026-09-29,b0d788b8ea7e,ENSCO Avionics,https://www.ensco.com/aerospace/avionics-engineering-certification,https://job-boards.greenhouse.io/ensco,"Senior Sustainment Systems Engineer Colorado Springs, Colorado, United States",https://job-boards.greenhouse.io/ensco/jobs/5231434008,"Colorado Springs, Colorado, United States",Colorado Springs,CO,United States,Not specified,,,,Aerospace,2026-09-29,2026-09-29,https://job-boards.greenhouse.io/ensco,known_careers_url,5,success
5e21881dd2f0,2026-09-29,b0d788b8ea7e,ENSCO Avionics,https://www.ensco.com/aerospace/avionics-engineering-certification,https://job-boards.greenhouse.io/ensco,"Software Delivery Lead Colorado Springs, Colorado, United States; El Segundo, California, United States",https://job-boards.greenhouse.io/ensco/jobs/5361886008,"Colorado Springs, Colorado, United States; El Segundo, California, United States",Colorado Springs,CO,United States,Not specified,,,,Aerospace,2026-09-29,2026-09-29,https://job-boards.greenhouse.io/ensco,known_careers_url,5,success
093154c2f256,2026-09-29,b0d788b8ea7e,ENSCO Avionics,https://www.ensco.com/aerospace/avionics-engineering-certification,https://job-boards.greenhouse.io/ensco,"Strategic MBSE Requirements & ICD Lead El Segundo, California, United States",https://job-boards.greenhouse.io/ensco/jobs/5362002008,"El Segundo, California, United States",El Segundo,CA,United States,Not specified,,,,Aerospace,2026-09-29,2026-09-29,https://job-boards.greenhouse.io/ensco,known_careers_url,5,success
9fb03e5525ff,2026-09-29,b0d788b8ea7e,ENSCO Avionics,https://www.ensco.com/aerospace/avionics-engineering-certification,https://job-boards.greenhouse.io/ensco,"Sustainment Test & Evaluation Engineer Colorado Springs, Colorado, United States",https://job-boards.greenhouse.io/ensco/jobs/5264672008,"Colorado Springs, Colorado, United States",Colorado Springs,CO,United States,Not specified,,,,Aerospace,2026-09-29,2026-09-29,https://job-boards.greenhouse.io/ensco,known_careers_url,5,success
b4856c49793d,2026-09-29,b0d788b8ea7e,ENSCO Avionics,https://www.ensco.com/aerospace/avionics-engineering-certification,https://job-boards.greenhouse.io/ensco,"Systems Engineer - Mission Integration & Capability Delivery Albuquerque, New Mexico, United States",https://job-boards.greenhouse.io/ensco/jobs/5397561008,"Albuquerque, New Mexico, United States",Albuquerque,NM,United States,Not specified,,,,Aerospace,2026-09-29,2026-09-29,https://job-boards.greenhouse.io/ensco,known_careers_url,5,success
f8050b49cc1e,2026-09-29,b0d788b8ea7e,ENSCO Avionics,https://www.ensco.com/aerospace/avionics-engineering-certification,https://job-boards.greenhouse.io/ensco,"Technical Director Albuquerque, New Mexico, United States",https://job-boards.greenhouse.io/ensco/jobs/5398092008,"Albuquerque, New Mexico, United States",Albuquerque,NM,United States,Not specified,,,,Aerospace,2026-09-29,2026-09-29,https://job-boards.greenhouse.io/ensco,known_careers_url,5,success
10176d1dcf90,2026-09-29,b0d788b8ea7e,ENSCO Avionics,https://www.ensco.com/aerospace/avionics-engineering-certification,https://job-boards.greenhouse.io/ensco,"Test Equipment Engineer Endicott, New York, United States",https://job-boards.greenhouse.io/ensco/jobs/5285597008,"Endicott, New York, United States",Endicott,NY,United States,Not specified,,,,Aerospace,2026-09-29,2026-09-29,https://job-boards.greenhouse.io/ensco,known_careers_url,5,success
51d96310884c,2026-09-29,b0d788b8ea7e,ENSCO Avionics,https://www.ensco.com/aerospace/avionics-engineering-certification,https://job-boards.greenhouse.io/ensco,"Travel Technician Chambersburg, Pennsylvania, United States",https://job-boards.greenhouse.io/ensco/jobs/5426063008,"Chambersburg, Pennsylvania, United States",Chambersburg,PA,United States,Not specified,,,,Aerospace,2026-09-29,2026-09-29,https://job-boards.greenhouse.io/ensco,known_careers_url,5,success
26df85f81c5f,2026-09-29,5e6b2d8a10cd,Flexim Americas,https://www.flexim.com/us,https://joinhandshake.com/early-talent-awards/2026/emerson,Graduate Sales Engineer,https://app.joinhandshake.com/public/jobs/11444423,"Austin, Texas, US",Austin,TX,United States,Not specified,,,,Aerospace,2026-09-29,2026-09-29,https://joinhandshake.com/early-talent-awards/2026/emerson,linked_page,4,success_after_fallback
bba5b18dbd87,2026-09-29,5e6b2d8a10cd,Flexim Americas,https://www.flexim.com/us,https://joinhandshake.com/early-talent-awards/2026/emerson,Sales Development Engineer Intern,https://app.joinhandshake.com/public/jobs/11444363,"Austin, Texas, US",Austin,TX,United States,Not specified,,,,Aerospace,2026-09-29,2026-09-29,https://joinhandshake.com/early-talent-awards/2026/emerson,linked_page,4,success_after_fallback
b48e7994eb3f,2026-09-29,5e6b2d8a10cd,Flexim Americas,https://www.flexim.com/us,https://joinhandshake.com/students/whos-hiring,Campus Internship at Life.Church,https://app.joinhandshake.com/public/jobs/11015276,"Brentwood, NY, United States",Brentwood,NY,United States,Not specified,,,,Aerospace,2026-09-29,2026-09-29,https://joinhandshake.com/students/whos-hiring,linked_page,4,success_after_fallback
d1a564c29b93,2026-09-29,5e6b2d8a10cd,Flexim Americas,https://www.flexim.com/us,https://joinhandshake.com/students/whos-hiring,Environmental Services Intern at PEA Group,https://app.joinhandshake.com/public/jobs/11511416,"Brentwood, NY, United States",Brentwood,NY,United States,Not specified,,,,Aerospace,2026-09-29,2026-09-29,https://joinhandshake.com/students/whos-hiring,linked_page,4,success_after_fallback
f933ede3c5ba,2026-09-29,5e6b2d8a10cd,Flexim Americas,https://www.flexim.com/us,https://joinhandshake.com/students/whos-hiring,2027 Deutsche Bank Off-Cycle Internship Programme - Investment Banking & Capital Markets - Singapore,https://app.joinhandshake.com/public/jobs/11511409,"Brentwood, NY, United States",Brentwood,NY,United States,Not specified,,,,Aerospace,2026-09-29,2026-09-29,https://joinhandshake.com/students/whos-hiring,linked_page,4,success_after_fallback
e7b9fa98d7fc,2026-09-29,5e6b2d8a10cd,Flexim Americas,https://www.flexim.com/us,https://joinhandshake.com/students/whos-hiring,"Social Media Intern, Content Creator at Uno Wallet",https://app.joinhandshake.com/public/jobs/11511396,"Brentwood, NY, United States",Brentwood,NY,United States,Not specified,,,,Aerospace,2026-09-29,2026-09-29,https://joinhandshake.com/students/whos-hiring,linked_page,4,success_after_fallback
bb08639ca9e7,2026-09-29,5e6b2d8a10cd,Flexim Americas,https://www.flexim.com/us,https://joinhandshake.com/students/whos-hiring,Wealth Management Intern at CI Corient Private Wealth,https://app.joinhandshake.com/public/jobs/11511366,"Brentwood, NY, United States",Brentwood,NY,United States,Not specified,,,,Aerospace,2026-09-29,2026-09-29,https://joinhandshake.com/students/whos-hiring,linked_page,4,success_after_fallback
078e01c4dd7a,2026-09-29,5e6b2d8a10cd,Flexim Americas,https://www.flexim.com/us,https://joinhandshake.com/students/whos-hiring,Architectural Technician Intern (Summer 2027) at Iconica,https://app.joinhandshake.com/public/jobs/11511334,"Brentwood, NY, United States",Brentwood,NY,United States,Not specified,,,,Aerospace,2026-09-29,2026-09-29,https://joinhandshake.com/students/whos-hiring,linked_page,4,success_after_fallback
ecc5c1758d53,2026-09-29,5e6b2d8a10cd,Flexim Americas,https://www.flexim.com/us,https://joinhandshake.com/students/whos-hiring,Security Officer Part Time Dispatch Operator at Allied Universal,https://app.joinhandshake.com/public/jobs/11511504,"Brentwood, NY, United States",Brentwood,NY,United States,Not specified,,,,Aerospace,2026-09-29,2026-09-29,https://joinhandshake.com/students/whos-hiring,linked_page,4,success_after_fallback
6c01423267c2,2026-09-29,5e6b2d8a10cd,Flexim Americas,https://www.flexim.com/us,https://joinhandshake.com/students/whos-hiring,Robotics & Digital Fabrication Technician at Made on Mars,https://app.joinhandshake.com/public/jobs/11511491,"Brentwood, NY, United States",Brentwood,NY,United States,Not specified,,,,Aerospace,2026-09-29,2026-09-29,https://joinhandshake.com/students/whos-hiring,linked_page,4,success_after_fallback
bd48fc543a63,2026-09-29,9c006685bfd8,General Dynamics,https://www.gdit.com/,https://www.gdit.com/careers/areas-of-expertise,Corporate Operations,https://www.gdit.com/careers/featured-career-paths/corporate-operations,"Rensselaer, NY, United States",Rensselaer,NY,United States,Not specified,,,,Core Space,2026-09-29,2026-09-29,https://www.gdit.com/careers/areas-of-expertise,linked_page,3,success_after_fallback
8cc96cd7ca2c,2026-09-29,22f272cffdda,GI Aerospace,https://www.giaerospace.com/,https://www.gicorp.com/careers/opportunities,Procurement and Sales Coordinator,https://www.gicorp.com/careers/engineering/311-procurement-sales-coordinator,"Kochi, Kerala, India",Kochi,Kerala,India,Not specified,,,,Aerospace,2026-09-29,2026-09-29,https://www.gicorp.com/careers/opportunities,known_careers_url,4,success
73d48c20870d,2026-09-29,22f272cffdda,GI Aerospace,https://www.giaerospace.com/,https://www.gicorp.com/careers/opportunities,Procurement and Sales Coordinator,https://www.gicorp.com/careers/engineering/312-procurement-sales-coordinator,"Dubai, United Arab Emirates",Dubai,,United Arab Emirates,Not specified,,,,Aerospace,2026-09-29,2026-09-29,https://www.gicorp.com/careers/opportunities,known_careers_url,4,success
6980f4a1dae3,2026-09-29,22f272cffdda,GI Aerospace,https://www.giaerospace.com/,https://www.gicorp.com/careers/opportunities,CNC Swiss Lathe Operator - Air Conditioned Facility,https://www.gicorp.com/careers/corp/740-cnc-lathe-machinist,"Houston, TX, United States",Houston,TX,United States,Not specified,,,,Aerospace,2026-09-29,2026-09-29,https://www.gicorp.com/careers/opportunities,known_careers_url,4,success
16834486b237,2026-09-29,22f272cffdda,GI Aerospace,https://www.giaerospace.com/,https://www.gicorp.com/careers/opportunities,Warehouse Associate / Packer,https://www.gicorp.com/careers/pacificsystems/902-warehouse-associate,"Houston, TX, United States",Houston,TX,United States,Not specified,,,,Aerospace,2026-09-29,2026-09-29,https://www.gicorp.com/careers/opportunities,known_careers_url,4,success
e1334ec3197a,2026-09-29,22f272cffdda,GI Aerospace,https://www.giaerospace.com/,https://www.gicorp.com/careers/opportunities,DoD Contractor - Military Packaging Associate,https://www.gicorp.com/careers/pacificsystems/901-packaging-administrator,"Houston, TX, United States",Houston,TX,United States,Not specified,,,,Aerospace,2026-09-29,2026-09-29,https://www.gicorp.com/careers/opportunities,known_careers_url,4,success
cf76937925a1,2026-09-29,22f272cffdda,GI Aerospace,https://www.giaerospace.com/,https://www.gicorp.com/careers/opportunities,Full-Stack Developer - Python & Javascript,https://www.gicorp.com/careers/corp/731-full-stack-developer,"Kochi, Kerala, India",Kochi,Kerala,India,Not specified,,,,Aerospace,2026-09-29,2026-09-29,https://www.gicorp.com/careers/opportunities,known_careers_url,4,success
6c8504dad2fd,2026-09-29,22f272cffdda,GI Aerospace,https://www.giaerospace.com/,https://www.gicorp.com/careers/opportunities,Python Developer - Django,https://www.gicorp.com/careers/corp/732-python-developer-django,"Kochi, Kerala, India",Kochi,Kerala,India,Not specified,,,,Aerospace,2026-09-29,2026-09-29,https://www.gicorp.com/careers/opportunities,known_careers_url,4,success
1e0fd893ba57,2026-09-29,22f272cffdda,GI Aerospace,https://www.giaerospace.com/,https://www.gicorp.com/careers/opportunities,UI / UX Designer,https://www.gicorp.com/careers/consulting/706-ui-ux-designer,"Kochi, Kerala, India",Kochi,Kerala,India,Not specified,,,,Aerospace,2026-09-29,2026-09-29,https://www.gicorp.com/careers/opportunities,known_careers_url,4,success
40ffeb81575d,2026-09-29,22f272cffdda,GI Aerospace,https://www.giaerospace.com/,https://www.gicorp.com/careers/opportunities,Creative Designer - Web and Print,https://www.gicorp.com/careers/corp/734-creative-designer,"Kochi, Kerala, India",Kochi,Kerala,India,Not specified,,,,Aerospace,2026-09-29,2026-09-29,https://www.gicorp.com/careers/opportunities,known_careers_url,4,success
1255dd6cfdd8,2026-09-29,22f272cffdda,GI Aerospace,https://www.giaerospace.com/,https://www.gicorp.com/careers/opportunities,Windows System Administrator,https://www.gicorp.com/careers/corp/738-windows-system-administrator,"Kochi, Kerala, India",Kochi,Kerala,India,Not specified,,,,Aerospace,2026-09-29,2026-09-29,https://www.gicorp.com/careers/opportunities,known_careers_url,4,success
fff41ec9a9cb,2026-09-29,22f272cffdda,GI Aerospace,https://www.giaerospace.com/,https://www.gicorp.com/careers/opportunities,EU Operations & Sales Manager,https://www.gicorp.com/careers/europe/501-eu-operations-sales-manager,"Rotterdam, Netherlands",Rotterdam,,Netherlands,Not specified,,,,Aerospace,2026-09-29,2026-09-29,https://www.gicorp.com/careers/opportunities,known_careers_url,4,success
0c572d500ee6,2026-09-29,22f272cffdda,GI Aerospace,https://www.giaerospace.com/,https://www.gicorp.com/careers/opportunities,Aircraft Assembly Tools - Sales,https://www.gicorp.com/careers/wescon/405-aircraft-assembly-tools-sales,"Houston, TX, United States",Houston,TX,United States,Not specified,,,,Aerospace,2026-09-29,2026-09-29,https://www.gicorp.com/careers/opportunities,known_careers_url,4,success
3f5004c79f36,2026-09-29,22f272cffdda,GI Aerospace,https://www.giaerospace.com/,https://www.gicorp.com/careers/opportunities,Sales Engineer - Electrical,https://www.gicorp.com/careers/engineering/315-sales-engineer-elecrical,"Kochi, Kerala, India",Kochi,Kerala,India,Not specified,,,,Aerospace,2026-09-29,2026-09-29,https://www.gicorp.com/careers/opportunities,known_careers_url,4,success
c9b04257d48a,2026-09-29,22f272cffdda,GI Aerospace,https://www.giaerospace.com/,https://www.gicorp.com/careers/opportunities,Power Transformers (132kV and above) Testing & Commissioning Engineer,https://www.gicorp.com/careers/engineering/307-Transformer-Testing-Commissioning-Engineer,"Dubai, United Arab Emirates",Dubai,,United Arab Emirates,Not specified,,,,Aerospace,2026-09-29,2026-09-29,https://www.gicorp.com/careers/opportunities,known_careers_url,4,success
9dd297bf7d6b,2026-09-29,22f272cffdda,GI Aerospace,https://www.giaerospace.com/,https://www.gicorp.com/careers/opportunities,Aviation Tools Sales Manager - Europe,https://www.gicorp.com/careers/wescon/403-aviation-tools-sales-manager-europe,"United Kingdom, European Union",,,United Kingdom,Not specified,,,,Aerospace,2026-09-29,2026-09-29,https://www.gicorp.com/careers/opportunities,known_careers_url,4,success
348a3cd2baa2,2026-09-29,22f272cffdda,GI Aerospace,https://www.giaerospace.com/,https://www.gicorp.com/careers/opportunities,Aviation Tools Sales Manager - United States,https://www.gicorp.com/careers/wescon/401-aviation-tools-sales-manager-united-states,"Houston, TX, United States",Houston,TX,United States,Not specified,,,,Aerospace,2026-09-29,2026-09-29,https://www.gicorp.com/careers/opportunities,known_careers_url,4,success
44617c16a82a,2026-09-29,22f272cffdda,GI Aerospace,https://www.giaerospace.com/,https://www.gicorp.com/careers/corp/742-cnc-swiss-lathe-programmer,CNC Swiss Lathe Programmer - Air Conditioned Facility,https://www.gicorp.com/careers/corp/742-cnc-swiss-lathe-programmer,"Austin, TX, United States, Austin, TX, United States, US",Austin,TX,United States,Not specified,,,,Aerospace,2026-09-29,2026-09-29,https://www.gicorp.com/careers/corp/742-cnc-swiss-lathe-programmer,linked_page,3,success_after_fallback
7b7751014110,2026-09-29,22f272cffdda,GI Aerospace,https://www.giaerospace.com/,https://www.gicorp.com/careers/corp/742-cnc-swiss-lathe-programmer,"Read, interpret, and work from complex blueprints and engineering drawings.",https://www.gicorp.com/careers/corp/apply,"Queens, NY, United States",Queens,NY,United States,Not specified,,,,Aerospace,2026-09-29,2026-09-29,https://www.gicorp.com/careers/corp/742-cnc-swiss-lathe-programmer,linked_page,3,success_after_fallback
9548940e9a5e,2026-09-29,22f272cffdda,GI Aerospace,https://www.giaerospace.com/,https://www.gicorp.com/careers/corp/741-cnc-swiss-lathe-programmer,CNC Mill Programmer - Air Conditioned Facility,https://www.gicorp.com/careers/corp/741-cnc-swiss-lathe-programmer,"Houston, TX, United States, Houston, TX, United States, US",Houston,TX,United States,Not specified,,,,Aerospace,2026-09-29,2026-09-29,https://www.gicorp.com/careers/corp/741-cnc-swiss-lathe-programmer,linked_page,3,success_after_fallback
557fb95a533a,2026-09-29,22f272cffdda,GI Aerospace,https://www.giaerospace.com/,https://www.gicorp.com/careers/corp/743-cnc-mill-programmer,CNC Mill Programmer - Air Conditioned Facility,https://www.gicorp.com/careers/corp/743-cnc-mill-programmer,"Houston, TX, United States, Houston, TX, United States, US",Houston,TX,United States,Not specified,,,,Aerospace,2026-09-29,2026-09-29,https://www.gicorp.com/careers/corp/743-cnc-mill-programmer,linked_page,3,success_after_fallback
35021aeedbd6,2026-09-29,22f272cffdda,GI Aerospace,https://www.giaerospace.com/,https://www.gicorp.com/careers/pacificsystems/902-warehouse-associate,Warehouse Associate / Packer,https://www.gicorp.com/careers/pacificsystems/apply,"Queens, NY, United States",Queens,NY,United States,Not specified,,,,Aerospace,2026-09-29,2026-09-29,https://www.gicorp.com/careers/pacificsystems/902-warehouse-associate,linked_page,3,success_after_fallback
f3af0d4e6eec,2026-09-29,9aece7086b18,Huntington Ingalls Industries,https://hii.com/,https://careers.huntingtoningalls.com/search?q=&locationsearch=Pascagoula%2C+MS&sortColumn=referencedate&sortDirection=desc&searchby=location&d=10,BUSINESS PROCESS ANALYST 2,https://careers.huntingtoningalls.com/job/Pascagoula-BUSINESS-PROCESS-ANALYST-2-Miss/1434283300,"Syracuse, NY, United States",Syracuse,NY,United States,Not specified,,,,Space & Defense,2026-09-29,2026-09-29,https://careers.huntingtoningalls.com/search?q=&locationsearch=Pascagoula%2C+MS&sortColumn=referencedate&sortDirection=desc&searchby=location&d=10,known_careers_url,4,success
7a2ccb0ea23b,2026-09-29,9aece7086b18,Huntington Ingalls Industries,https://hii.com/,https://careers.huntingtoningalls.com/search?q=&locationsearch=Pascagoula%2C+MS&sortColumn=referencedate&sortDirection=desc&searchby=location&d=10,DESIGNER 3,https://careers.huntingtoningalls.com/job/Pascagoula-DESIGNER-3-Miss/1424350100,"Syracuse, NY, United States",Syracuse,NY,United States,Not specified,,,,Space & Defense,2026-09-29,2026-09-29,https://careers.huntingtoningalls.com/search?q=&locationsearch=Pascagoula%2C+MS&sortColumn=referencedate&sortDirection=desc&searchby=location&d=10,known_careers_url,4,success
90b9f5aefac9,2026-09-29,9aece7086b18,Huntington Ingalls Industries,https://hii.com/,https://careers.huntingtoningalls.com/search?q=&locationsearch=Pascagoula%2C+MS&sortColumn=referencedate&sortDirection=desc&searchby=location&d=10,DATA CENTER SERVICES LEAD,https://careers.huntingtoningalls.com/job/Pascagoula-DATA-CENTER-SERVICES-LEAD-Miss/1420005000,"Syracuse, NY, United States",Syracuse,NY,United States,Not specified,,,,Space & Defense,2026-09-29,2026-09-29,https://careers.huntingtoningalls.com/search?q=&locationsearch=Pascagoula%2C+MS&sortColumn=referencedate&sortDirection=desc&searchby=location&d=10,known_careers_url,4,success
a4f80670cb5e,2026-09-29,9aece7086b18,Huntington Ingalls Industries,https://hii.com/,https://careers.huntingtoningalls.com/search?q=&locationsearch=Pascagoula%2C+MS&sortColumn=referencedate&sortDirection=desc&searchby=location&d=10,MGR DESIGN ENGINEERING 2,https://careers.huntingtoningalls.com/job/Pascagoula-MGR-DESIGN-ENGINEERING-2-Miss/1433789900,"Syracuse, NY, United States",Syracuse,NY,United States,Not specified,,,,Space & Defense,2026-09-29,2026-09-29,https://careers.huntingtoningalls.com/search?q=&locationsearch=Pascagoula%2C+MS&sortColumn=referencedate&sortDirection=desc&searchby=location&d=10,known_careers_url,4,success
fa1d302392f0,2026-09-29,9aece7086b18,Huntington Ingalls Industries,https://hii.com/,https://careers.huntingtoningalls.com/search?q=&locationsearch=Pascagoula%2C+MS&sortColumn=referencedate&sortDirection=desc&searchby=location&d=10,ENGINEER FACILITIES 3,https://careers.huntingtoningalls.com/job/Pascagoula-ENGINEER-FACILITIES-3-Miss/1433835100,"Syracuse, NY, United States",Syracuse,NY,United States,Not specified,,,,Space & Defense,2026-09-29,2026-09-29,https://careers.huntingtoningalls.com/search?q=&locationsearch=Pascagoula%2C+MS&sortColumn=referencedate&sortDirection=desc&searchby=location&d=10,known_careers_url,4,success
1b59f9ab6470,2026-09-29,9aece7086b18,Huntington Ingalls Industries,https://hii.com/,https://careers.huntingtoningalls.com/search?q=&locationsearch=Pascagoula%2C+MS&sortColumn=referencedate&sortDirection=desc&searchby=location&d=10,ENGINEER INDUSTRIAL 1,https://careers.huntingtoningalls.com/job/Pascagoula-ENGINEER-INDUSTRIAL-1-Miss/1433569900,"Syracuse, NY, United States",Syracuse,NY,United States,Not specified,,,,Space & Defense,2026-09-29,2026-09-29,https://careers.huntingtoningalls.com/search?q=&locationsearch=Pascagoula%2C+MS&sortColumn=referencedate&sortDirection=desc&searchby=location&d=10,known_careers_url,4,success
6a3d030b8f23,2026-09-29,9aece7086b18,Huntington Ingalls Industries,https://hii.com/,https://careers.huntingtoningalls.com/search?q=&locationsearch=Pascagoula%2C+MS&sortColumn=referencedate&sortDirection=desc&searchby=location&d=10,IT INTEGRATION ANALYST 4,https://careers.huntingtoningalls.com/job/Pascagoula-IT-INTEGRATION-ANALYST-4-Miss/1432603900,"Syracuse, NY, United States",Syracuse,NY,United States,Not specified,,,,Space & Defense,2026-09-29,2026-09-29,https://careers.huntingtoningalls.com/search?q=&locationsearch=Pascagoula%2C+MS&sortColumn=referencedate&sortDirection=desc&searchby=location&d=10,known_careers_url,4,success
7c486c14da32,2026-09-29,9aece7086b18,Huntington Ingalls Industries,https://hii.com/,https://careers.huntingtoningalls.com/search?q=&locationsearch=Pascagoula%2C+MS&sortColumn=referencedate&sortDirection=desc&searchby=location&d=10,ENGINEER 1- 2026 FALL GRADS,https://careers.huntingtoningalls.com/job/Pascagoula-ENGINEER-1-2026-FALL-GRADS-Miss/1431580900,"Syracuse, NY, United States",Syracuse,NY,United States,Not specified,,,,Space & Defense,2026-09-29,2026-09-29,https://careers.huntingtoningalls.com/search?q=&locationsearch=Pascagoula%2C+MS&sortColumn=referencedate&sortDirection=desc&searchby=location&d=10,known_careers_url,4,success
dd2dd79ea060,2026-09-29,9aece7086b18,Huntington Ingalls Industries,https://hii.com/,https://careers.huntingtoningalls.com/search?q=&locationsearch=Pascagoula%2C+MS&sortColumn=referencedate&sortDirection=desc&searchby=location&d=10,FACILITIES ENGINEER ELECTRICAL 1,https://careers.huntingtoningalls.com/job/Pascagoula-FACILITIES-ENGINEER-ELECTRICAL-1-Miss/1431166100,"Syracuse, NY, United States",Syracuse,NY,United States,Not specified,,,,Space & Defense,2026-09-29,2026-09-29,https://careers.huntingtoningalls.com/search?q=&locationsearch=Pascagoula%2C+MS&sortColumn=referencedate&sortDirection=desc&searchby=location&d=10,known_careers_url,4,success
b2c49931690c,2026-09-29,9aece7086b18,Huntington Ingalls Industries,https://hii.com/,https://careers.huntingtoningalls.com/search?q=&locationsearch=Pascagoula%2C+MS&sortColumn=referencedate&sortDirection=desc&searchby=location&d=10,2027 COLLEGE SUMMER INTERN ENG - STRUCTURAL & AEROSPACE ENGINEERING,https://careers.huntingtoningalls.com/job/Pascagoula-2027-COLLEGE-SUMMER-INTERN-ENG-STRUCTURAL-&-AEROSPACE-ENGINEERING-Miss/1430053500,"Syracuse, NY, United States",Syracuse,NY,United States,Not specified,,,,Space & Defense,2026-09-29,2026-09-29,https://careers.huntingtoningalls.com/search?q=&locationsearch=Pascagoula%2C+MS&sortColumn=referencedate&sortDirection=desc&searchby=location&d=10,known_careers_url,4,success
fe90635addae,2026-09-29,9aece7086b18,Huntington Ingalls Industries,https://hii.com/,https://careers.huntingtoningalls.com/search?q=&locationsearch=Pascagoula%2C+MS&sortColumn=referencedate&sortDirection=desc&searchby=location&d=10,2027 COLLEGE SUMMER INTERN- HUMAN RESOURCES,https://careers.huntingtoningalls.com/job/Pascagoula-2027-COLLEGE-SUMMER-INTERN-HUMAN-RESOURCES-Miss/1430053000,"Syracuse, NY, United States",Syracuse,NY,United States,Not specified,,,,Space & Defense,2026-09-29,2026-09-29,https://careers.huntingtoningalls.com/search?q=&locationsearch=Pascagoula%2C+MS&sortColumn=referencedate&sortDirection=desc&searchby=location&d=10,known_careers_url,4,success
0f700587b18a,2026-09-29,9aece7086b18,Huntington Ingalls Industries,https://hii.com/,https://careers.huntingtoningalls.com/search?q=&locationsearch=Pascagoula%2C+MS&sortColumn=referencedate&sortDirection=desc&searchby=location&d=10,2027 COLLEGE SUMMER INTERN-COMPUTER ENGINEERING,https://careers.huntingtoningalls.com/job/Pascagoula-2027-COLLEGE-SUMMER-INTERN-COMPUTER-ENGINEERING-Miss/1430053700,"Syracuse, NY, United States",Syracuse,NY,United States,Not specified,,,,Space & Defense,2026-09-29,2026-09-29,https://careers.huntingtoningalls.com/search?q=&locationsearch=Pascagoula%2C+MS&sortColumn=referencedate&sortDirection=desc&searchby=location&d=10,known_careers_url,4,success
2fb5b38a91e4,2026-09-29,9aece7086b18,Huntington Ingalls Industries,https://hii.com/,https://careers.huntingtoningalls.com/search?q=&locationsearch=Pascagoula%2C+MS&sortColumn=referencedate&sortDirection=desc&searchby=location&d=10,2027 SUMMER COLLEGE INTERN - SUPPLY CHAIN MANAGEMENT,https://careers.huntingtoningalls.com/job/Pascagoula-2027-SUMMER-COLLEGE-INTERN-SUPPLY-CHAIN-MANAGEMENT-Miss/1430057300,"Syracuse, NY, United States",Syracuse,NY,United States,Not specified,,,,Space & Defense,2026-09-29,2026-09-29,https://careers.huntingtoningalls.com/search?q=&locationsearch=Pascagoula%2C+MS&sortColumn=referencedate&sortDirection=desc&searchby=location&d=10,known_careers_url,4,success
f2b66374356f,2026-09-29,9aece7086b18,Huntington Ingalls Industries,https://hii.com/,https://careers.huntingtoningalls.com/search?q=&locationsearch=Pascagoula%2C+MS&sortColumn=referencedate&sortDirection=desc&searchby=location&d=10,2027 COLLEGE SUMMER INTERN - COMMUNICATIONS,https://careers.huntingtoningalls.com/job/Pascagoula-2027-COLLEGE-SUMMER-INTERN-COMMUNICATIONS-Miss/1430056000,"Syracuse, NY, United States",Syracuse,NY,United States,Not specified,,,,Space & Defense,2026-09-29,2026-09-29,https://careers.huntingtoningalls.com/search?q=&locationsearch=Pascagoula%2C+MS&sortColumn=referencedate&sortDirection=desc&searchby=location&d=10,known_careers_url,4,success
0f2937845175,2026-09-29,9aece7086b18,Huntington Ingalls Industries,https://hii.com/,https://careers.huntingtoningalls.com/search?q=&locationsearch=Pascagoula%2C+MS&sortColumn=referencedate&sortDirection=desc&searchby=location&d=10,2027 COLLEGE SUMMER INTERN-NAVAL ARCHITECTURE ENGINEERING,https://careers.huntingtoningalls.com/job/Pascagoula-2027-COLLEGE-SUMMER-INTERN-NAVAL-ARCHITECTURE-ENGINEERING-Miss/1430055600,"Syracuse, NY, United States",Syracuse,NY,United States,Not specified,,,,Space & Defense,2026-09-29,2026-09-29,https://careers.huntingtoningalls.com/search?q=&locationsearch=Pascagoula%2C+MS&sortColumn=referencedate&sortDirection=desc&searchby=location&d=10,known_careers_url,4,success
d0bbbfdd63c0,2026-09-29,9aece7086b18,Huntington Ingalls Industries,https://hii.com/,https://careers.huntingtoningalls.com/search?q=&locationsearch=Pascagoula%2C+MS&sortColumn=referencedate&sortDirection=desc&searchby=location&d=10,2027 COLLEGE SUMMER INTERN - INFRASTRUCTURE & SUSTAINABILITY,https://careers.huntingtoningalls.com/job/Pascagoula-2027-COLLEGE-SUMMER-INTERN-INFRASTRUCTURE-&-SUSTAINABILITY-Miss/1430056400,"Syracuse, NY, United States",Syracuse,NY,United States,Not specified,,,,Space & Defense,2026-09-29,2026-09-29,https://careers.huntingtoningalls.com/search?q=&locationsearch=Pascagoula%2C+MS&sortColumn=referencedate&sortDirection=desc&searchby=location&d=10,known_careers_url,4,success
1219f33334f2,2026-09-29,9aece7086b18,Huntington Ingalls Industries,https://hii.com/,https://careers.huntingtoningalls.com/search?q=&locationsearch=Pascagoula%2C+MS&sortColumn=referencedate&sortDirection=desc&searchby=location&d=10,2027 SUMMER COLLEGE INTERN - CONTRACTS & PRICING,https://careers.huntingtoningalls.com/job/Pascagoula-2027-SUMMER-COLLEGE-INTERN-CONTRACTS-&-PRICING-Miss/1430056700,"Syracuse, NY, United States",Syracuse,NY,United States,Not specified,,,,Space & Defense,2026-09-29,2026-09-29,https://careers.huntingtoningalls.com/search?q=&locationsearch=Pascagoula%2C+MS&sortColumn=referencedate&sortDirection=desc&searchby=location&d=10,known_careers_url,4,success
a496a8624254,2026-09-29,9aece7086b18,Huntington Ingalls Industries,https://hii.com/,https://careers.huntingtoningalls.com/search?q=&locationsearch=Pascagoula%2C+MS&sortColumn=referencedate&sortDirection=desc&searchby=location&d=10,2027 COLLEGE SUMMER INTERN- INFORMATION TECHNOLOGY,https://careers.huntingtoningalls.com/job/Pascagoula-2027-COLLEGE-SUMMER-INTERN-INFORMATION-TECHNOLOGY-Miss/1430171400,"Syracuse, NY, United States",Syracuse,NY,United States,Not specified,,,,Space & Defense,2026-09-29,2026-09-29,https://careers.huntingtoningalls.com/search?q=&locationsearch=Pascagoula%2C+MS&sortColumn=referencedate&sortDirection=desc&searchby=location&d=10,known_careers_url,4,success
69be6b65c0b8,2026-09-29,9aece7086b18,Huntington Ingalls Industries,https://hii.com/,https://careers.huntingtoningalls.com/search?q=&locationsearch=Pascagoula%2C+MS&sortColumn=referencedate&sortDirection=desc&searchby=location&d=10,2027 COLLEGE SUMMER INTERN- WELDING ENGINEERING,https://careers.huntingtoningalls.com/job/Pascagoula-2027-COLLEGE-SUMMER-INTERN-WELDING-ENGINEERING-Miss/1430170800,"Syracuse, NY, United States",Syracuse,NY,United States,Not specified,,,,Space & Defense,2026-09-29,2026-09-29,https://careers.huntingtoningalls.com/search?q=&locationsearch=Pascagoula%2C+MS&sortColumn=referencedate&sortDirection=desc&searchby=location&d=10,known_careers_url,4,success
8fd84b206144,2026-09-29,9aece7086b18,Huntington Ingalls Industries,https://hii.com/,https://careers.huntingtoningalls.com/search?q=&locationsearch=Pascagoula%2C+MS&sortColumn=referencedate&sortDirection=desc&searchby=location&d=10,2027 COLLEGE SUMMER INTERN- MECHANICAL ENGINEERING,https://careers.huntingtoningalls.com/job/Pascagoula-2027-COLLEGE-SUMMER-INTERN-MECHANICAL-ENGINEERING-Miss/1430054800,"Syracuse, NY, United States",Syracuse,NY,United States,Not specified,,,,Space & Defense,2026-09-29,2026-09-29,https://careers.huntingtoningalls.com/search?q=&locationsearch=Pascagoula%2C+MS&sortColumn=referencedate&sortDirection=desc&searchby=location&d=10,known_careers_url,4,success
2d9d7dbf87d1,2026-09-29,9aece7086b18,Huntington Ingalls Industries,https://hii.com/,https://careers.huntingtoningalls.com/search?q=&locationsearch=Pascagoula%2C+MS&sortColumn=referencedate&sortDirection=desc&searchby=location&d=10,2027 COLLEGE SUMMER INTERN- ELECTRICAL ENGINEERING,https://careers.huntingtoningalls.com/job/Pascagoula-2027-COLLEGE-SUMMER-INTERN-ELECTRICAL-ENGINEERING-Miss/1430055000,"Syracuse, NY, United States",Syracuse,NY,United States,Not specified,,,,Space & Defense,2026-09-29,2026-09-29,https://careers.huntingtoningalls.com/search?q=&locationsearch=Pascagoula%2C+MS&sortColumn=referencedate&sortDirection=desc&searchby=location&d=10,known_careers_url,4,success
a10147a1481b,2026-09-29,9aece7086b18,Huntington Ingalls Industries,https://hii.com/,https://careers.huntingtoningalls.com/search?q=&locationsearch=Pascagoula%2C+MS&sortColumn=referencedate&sortDirection=desc&searchby=location&d=10,2027 SUMMER COLLEGE INTERN - BUSINESS,https://careers.huntingtoningalls.com/job/Pascagoula-2027-SUMMER-COLLEGE-INTERN-BUSINESS-Miss/1430057000,"Syracuse, NY, United States",Syracuse,NY,United States,Not specified,,,,Space & Defense,2026-09-29,2026-09-29,https://careers.huntingtoningalls.com/search?q=&locationsearch=Pascagoula%2C+MS&sortColumn=referencedate&sortDirection=desc&searchby=location&d=10,known_careers_url,4,success
8b3365b54703,2026-09-29,64d9022f568a,ITT Enidine,https://www.enidine.com/en-US/Home,https://careersenus-itt-inc.icims.com/jobs/search?ss=1&searchRelation=keyword_all,"Title Director, Marketing and Product Management",https://careersenus-itt-inc.icims.com/jobs/17795/director%2c-marketing-and-product-management/job,"Orchard Park, NY, United States",Orchard Park,NY,United States,Not specified,,,,Space & Defense,2026-09-29,2026-09-29,https://careersenus-itt-inc.icims.com/jobs/search?ss=1&searchRelation=keyword_all,ats_detected,5,success_after_fallback
d8e973725391,2026-09-29,64d9022f568a,ITT Enidine,https://www.enidine.com/en-US/Home,https://careersenus-itt-inc.icims.com/jobs/search?ss=1&searchRelation=keyword_all,Title IT Sr. Business Systems Analyst,https://careersenus-itt-inc.icims.com/jobs/17781/it-sr.-business-systems-analyst/job,"Orchard Park, NY, United States",Orchard Park,NY,United States,Not specified,,,,Space & Defense,2026-09-29,2026-09-29,https://careersenus-itt-inc.icims.com/jobs/search?ss=1&searchRelation=keyword_all,ats_detected,5,success_after_fallback
3df174413423,2026-09-29,64d9022f568a,ITT Enidine,https://www.enidine.com/en-US/Home,https://careersenus-itt-inc.icims.com/jobs/search?ss=1&searchRelation=keyword_all,Title Warehousing Specialist,https://careersenus-itt-inc.icims.com/jobs/17764/warehousing-specialist/job,"Orchard Park, NY, United States",Orchard Park,NY,United States,Not specified,,,,Space & Defense,2026-09-29,2026-09-29,https://careersenus-itt-inc.icims.com/jobs/search?ss=1&searchRelation=keyword_all,ats_detected,5,success_after_fallback
63f01d41bcf5,2026-09-29,64d9022f568a,ITT Enidine,https://www.enidine.com/en-US/Home,https://careersenus-itt-inc.icims.com/jobs/search?ss=1&searchRelation=keyword_all,Title Sales Representative,https://careersenus-itt-inc.icims.com/jobs/17751/sales-representative/job,"Orchard Park, NY, United States",Orchard Park,NY,United States,Remote,,,,Space & Defense,2026-09-29,2026-09-29,https://careersenus-itt-inc.icims.com/jobs/search?ss=1&searchRelation=keyword_all,ats_detected,5,success_after_fallback
ce1864d013be,2026-09-29,64d9022f568a,ITT Enidine,https://www.enidine.com/en-US/Home,https://careersenus-itt-inc.icims.com/jobs/search?ss=1&searchRelation=keyword_all,"Title Regional Sales Manager, North America (USA)",https://careersenus-itt-inc.icims.com/jobs/17738/regional-sales-manager%2c-north-america-%28usa%29/job,"Orchard Park, NY, United States",Orchard Park,NY,United States,Remote,,,,Space & Defense,2026-09-29,2026-09-29,https://careersenus-itt-inc.icims.com/jobs/search?ss=1&searchRelation=keyword_all,ats_detected,5,success_after_fallback
ed807a636308,2026-09-29,64d9022f568a,ITT Enidine,https://www.enidine.com/en-US/Home,https://careersenus-itt-inc.icims.com/jobs/search?ss=1&searchRelation=keyword_all,Title Warehousing Specialist,https://careersenus-itt-inc.icims.com/jobs/17725/warehousing-specialist/job,"Orchard Park, NY, United States",Orchard Park,NY,United States,Not specified,,,,Space & Defense,2026-09-29,2026-09-29,https://careersenus-itt-inc.icims.com/jobs/search?ss=1&searchRelation=keyword_all,ats_detected,5,success_after_fallback
5911610dfb3b,2026-09-29,64d9022f568a,ITT Enidine,https://www.enidine.com/en-US/Home,https://careersenus-itt-inc.icims.com/jobs/search?ss=1&searchRelation=keyword_all,Title Field Service Engineer,https://careersenus-itt-inc.icims.com/jobs/17724/field-service-engineer/job,"Orchard Park, NY, United States",Orchard Park,NY,United States,Not specified,,,,Space & Defense,2026-09-29,2026-09-29,https://careersenus-itt-inc.icims.com/jobs/search?ss=1&searchRelation=keyword_all,ats_detected,5,success_after_fallback
b1261b433fcf,2026-09-29,64d9022f568a,ITT Enidine,https://www.enidine.com/en-US/Home,https://careersenus-itt-inc.icims.com/jobs/search?ss=1&searchRelation=keyword_all,Title 2027 Supply Chain Summer Intern,https://careersenus-itt-inc.icims.com/jobs/17722/2027-supply-chain-summer-intern/job,"Westminster, SC",Westminster,SC,United States,Not specified,,,,Space & Defense,2026-09-29,2026-09-29,https://careersenus-itt-inc.icims.com/jobs/search?ss=1&searchRelation=keyword_all,ats_detected,5,success_after_fallback
cb7d7c1e5427,2026-09-29,64d9022f568a,ITT Enidine,https://www.enidine.com/en-US/Home,https://careersenus-itt-inc.icims.com/jobs/search?ss=1&searchRelation=keyword_all,Title 2027 Engineering Co-op,https://careersenus-itt-inc.icims.com/jobs/17721/2027-engineering-co-op/job,"Orchard Park, NY, United States",Orchard Park,NY,United States,Not specified,,,,Space & Defense,2026-09-29,2026-09-29,https://careersenus-itt-inc.icims.com/jobs/search?ss=1&searchRelation=keyword_all,ats_detected,5,success_after_fallback
e57276dfc5df,2026-09-29,64d9022f568a,ITT Enidine,https://www.enidine.com/en-US/Home,https://careersenus-itt-inc.icims.com/jobs/search?ss=1&searchRelation=keyword_all,Title Design Center Engineering Co-op (Spring/Summer 2027),https://careersenus-itt-inc.icims.com/jobs/17708/design-center-engineering-co-op-%28spring-summer-2027%29/job,"Orchard Park, NY, United States",Orchard Park,NY,United States,Not specified,,,,Space & Defense,2026-09-29,2026-09-29,https://careersenus-itt-inc.icims.com/jobs/search?ss=1&searchRelation=keyword_all,ats_detected,5,success_after_fallback
64fb76034b35,2026-09-29,64d9022f568a,ITT Enidine,https://www.enidine.com/en-US/Home,https://careersenus-itt-inc.icims.com/jobs/search?ss=1&searchRelation=keyword_all,Title IT Enterprise Infrastructure Services Analyst,https://careersenus-itt-inc.icims.com/jobs/17687/it-enterprise-infrastructure-services-analyst/job,"Orchard Park, NY, United States",Orchard Park,NY,United States,Remote,,,,Space & Defense,2026-09-29,2026-09-29,https://careersenus-itt-inc.icims.com/jobs/search?ss=1&searchRelation=keyword_all,ats_detected,5,success_after_fallback
48e044feb8e0,2026-09-29,64d9022f568a,ITT Enidine,https://www.enidine.com/en-US/Home,https://careersenus-itt-inc.icims.com/jobs/search?ss=1&searchRelation=keyword_all,Title Senior Product Manager,https://careersenus-itt-inc.icims.com/jobs/17682/senior-product-manager/job,"Orchard Park, NY, United States",Orchard Park,NY,United States,Not specified,,,,Space & Defense,2026-09-29,2026-09-29,https://careersenus-itt-inc.icims.com/jobs/search?ss=1&searchRelation=keyword_all,ats_detected,5,success_after_fallback
6720c847a72b,2026-09-29,64d9022f568a,ITT Enidine,https://www.enidine.com/en-US/Home,https://careersenus-itt-inc.icims.com/jobs/search?ss=1&searchRelation=keyword_all,Title Manufacturing Engineer,https://careersenus-itt-inc.icims.com/jobs/17675/manufacturing-engineer/job,"Orchard Park, NY, United States",Orchard Park,NY,United States,Not specified,,,,Space & Defense,2026-09-29,2026-09-29,https://careersenus-itt-inc.icims.com/jobs/search?ss=1&searchRelation=keyword_all,ats_detected,5,success_after_fallback
46eb7280a727,2026-09-29,64d9022f568a,ITT Enidine,https://www.enidine.com/en-US/Home,https://careersenus-itt-inc.icims.com/jobs/search?ss=1&searchRelation=keyword_all,"Title Manager, Production",https://careersenus-itt-inc.icims.com/jobs/17670/manager%2c-production/job,"Orchard Park, NY, United States",Orchard Park,NY,United States,Not specified,,,,Space & Defense,2026-09-29,2026-09-29,https://careersenus-itt-inc.icims.com/jobs/search?ss=1&searchRelation=keyword_all,ats_detected,5,success_after_fallback
781ab4f6cf86,2026-09-29,64d9022f568a,ITT Enidine,https://www.enidine.com/en-US/Home,https://careersenus-itt-inc.icims.com/jobs/search?ss=1&searchRelation=keyword_all,Title Product Specialist,https://careersenus-itt-inc.icims.com/jobs/17666/product-specialist/job,"Orchard Park, NY, United States",Orchard Park,NY,United States,Not specified,,,,Space & Defense,2026-09-29,2026-09-29,https://careersenus-itt-inc.icims.com/jobs/search?ss=1&searchRelation=keyword_all,ats_detected,5,success_after_fallback
5fc9d758105a,2026-09-29,64d9022f568a,ITT Enidine,https://www.enidine.com/en-US/Home,https://careersenus-itt-inc.icims.com/jobs/search?ss=1&searchRelation=keyword_all,Title Financial Planning Analyst,https://careersenus-itt-inc.icims.com/jobs/17662/financial-planning-analyst/job,"Orchard Park, NY, United States",Orchard Park,NY,United States,Not specified,,,,Space & Defense,2026-09-29,2026-09-29,https://careersenus-itt-inc.icims.com/jobs/search?ss=1&searchRelation=keyword_all,ats_detected,5,success_after_fallback
7650c53adb3a,2026-09-29,64d9022f568a,ITT Enidine,https://www.enidine.com/en-US/Home,https://careersenus-itt-inc.icims.com/jobs/search?ss=1&searchRelation=keyword_all,Title Application Engineering Co-op (Spring/Summer 2027),https://careersenus-itt-inc.icims.com/jobs/17660/application-engineering-co-op-%28spring-summer-2027%29/job,"Orchard Park, NY, United States",Orchard Park,NY,United States,Not specified,,,,Space & Defense,2026-09-29,2026-09-29,https://careersenus-itt-inc.icims.com/jobs/search?ss=1&searchRelation=keyword_all,ats_detected,5,success_after_fallback
bf87bb0404dd,2026-09-29,64d9022f568a,ITT Enidine,https://www.enidine.com/en-US/Home,https://careersenus-itt-inc.icims.com/jobs/search?ss=1&searchRelation=keyword_all,Title Strategy & Business Development Intern (Fall 2026/Spring-Summer 2027),https://careersenus-itt-inc.icims.com/jobs/17631/strategy-%26-business-development-intern-%28fall-2026-spring-summer-2027%29/job,"Orchard Park, NY, United States",Orchard Park,NY,United States,Not specified,,,,Space & Defense,2026-09-29,2026-09-29,https://careersenus-itt-inc.icims.com/jobs/search?ss=1&searchRelation=keyword_all,ats_detected,5,success_after_fallback
bad8f7ca7266,2026-09-29,64d9022f568a,ITT Enidine,https://www.enidine.com/en-US/Home,https://careersenus-itt-inc.icims.com/jobs/search?ss=1&searchRelation=keyword_all,"Title Manager, Customer Service",https://careersenus-itt-inc.icims.com/jobs/17630/manager%2c-customer-service/job,"Orchard Park, NY, United States",Orchard Park,NY,United States,Not specified,,,,Space & Defense,2026-09-29,2026-09-29,https://careersenus-itt-inc.icims.com/jobs/search?ss=1&searchRelation=keyword_all,ats_detected,5,success_after_fallback
470c0bce4517,2026-09-29,64d9022f568a,ITT Enidine,https://www.enidine.com/en-US/Home,https://careersenus-itt-inc.icims.com/jobs/search?ss=1&searchRelation=keyword_all,Title Product Design Engineer - High Speed,https://careersenus-itt-inc.icims.com/jobs/17629/product-design-engineer---high-speed/job,"Orchard Park, NY, United States",Orchard Park,NY,United States,Not specified,,,,Space & Defense,2026-09-29,2026-09-29,https://careersenus-itt-inc.icims.com/jobs/search?ss=1&searchRelation=keyword_all,ats_detected,5,success_after_fallback
a5cb1b20e5de,2026-09-29,64d9022f568a,ITT Enidine,https://www.enidine.com/en-US/Home,https://careersenus-itt-inc.icims.com/jobs/search?ss=1&searchRelation=keyword_all,Title Operations Scheduler,https://careersenus-itt-inc.icims.com/jobs/17613/operations-scheduler/job,"Orchard Park, NY, United States",Orchard Park,NY,United States,Not specified,,,,Space & Defense,2026-09-29,2026-09-29,https://careersenus-itt-inc.icims.com/jobs/search?ss=1&searchRelation=keyword_all,ats_detected,5,success_after_fallback
b4cba4bcc522,2026-09-29,64d9022f568a,ITT Enidine,https://www.enidine.com/en-US/Home,https://careersenus-itt-inc.icims.com/jobs/search?ss=1&searchRelation=keyword_all,Title Manufacturing Engineer - Sustainment Engineer II,https://careersenus-itt-inc.icims.com/jobs/17608/manufacturing-engineer---sustainment-engineer-ii/job,"Orchard Park, NY, United States",Orchard Park,NY,United States,Not specified,,,,Space & Defense,2026-09-29,2026-09-29,https://careersenus-itt-inc.icims.com/jobs/search?ss=1&searchRelation=keyword_all,ats_detected,5,success_after_fallback
219d01c9239c,2026-09-29,64d9022f568a,ITT Enidine,https://www.enidine.com/en-US/Home,https://careersenus-itt-inc.icims.com/jobs/search?ss=1&searchRelation=keyword_all,Title Assembly Operator (Contingent Worker),https://careersenus-itt-inc.icims.com/jobs/17601/assembly-operator-%28contingent-worker%29/job,"Orchard Park, NY, United States",Orchard Park,NY,United States,Not specified,,,,Space & Defense,2026-09-29,2026-09-29,https://careersenus-itt-inc.icims.com/jobs/search?ss=1&searchRelation=keyword_all,ats_detected,5,success_after_fallback
c6901dfb5164,2026-09-29,64d9022f568a,ITT Enidine,https://www.enidine.com/en-US/Home,https://careersenus-itt-inc.icims.com/jobs/search?ss=1&searchRelation=keyword_all,Title Summer Internship 2027 (Various Roles),https://careersenus-itt-inc.icims.com/jobs/17595/summer-internship-2027-%28various-roles%29/job,"Orchard Park, NY, United States",Orchard Park,NY,United States,Not specified,,,,Space & Defense,2026-09-29,2026-09-29,https://careersenus-itt-inc.icims.com/jobs/search?ss=1&searchRelation=keyword_all,ats_detected,5,success_after_fallback
2131a0f54a33,2026-09-29,64d9022f568a,ITT Enidine,https://www.enidine.com/en-US/Home,https://careersenus-itt-inc.icims.com/jobs/search?ss=1&searchRelation=keyword_all,Title Engineering Intern (Summer 2027),https://careersenus-itt-inc.icims.com/jobs/17592/engineering-intern-%28summer-2027%29/job,"Orchard Park, NY, United States",Orchard Park,NY,United States,Not specified,,,,Space & Defense,2026-09-29,2026-09-29,https://careersenus-itt-inc.icims.com/jobs/search?ss=1&searchRelation=keyword_all,ats_detected,5,success_after_fallback
dbecc53db211,2026-09-29,64d9022f568a,ITT Enidine,https://www.enidine.com/en-US/Home,https://careersenus-itt-inc.icims.com/jobs/search?ss=1&searchRelation=keyword_all,Title Summer Internship 2027 (Various Roles),https://careersenus-itt-inc.icims.com/jobs/17585/summer-internship-2027-%28various-roles%29/job,"Orchard Park, NY, United States",Orchard Park,NY,United States,Not specified,,,,Space & Defense,2026-09-29,2026-09-29,https://careersenus-itt-inc.icims.com/jobs/search?ss=1&searchRelation=keyword_all,ats_detected,5,success_after_fallback
cba94d18fded,2026-09-29,64d9022f568a,ITT Enidine,https://www.enidine.com/en-US/Home,https://careersenus-itt-inc.icims.com/jobs/search?ss=1&searchRelation=keyword_all,"Title Manager, Manufacturing Engineering",https://careersenus-itt-inc.icims.com/jobs/17578/manager%2c-manufacturing-engineering/job,"Orchard Park, NY, United States",Orchard Park,NY,United States,Not specified,,,,Space & Defense,2026-09-29,2026-09-29,https://careersenus-itt-inc.icims.com/jobs/search?ss=1&searchRelation=keyword_all,ats_detected,5,success_after_fallback
3dc1aff515c5,2026-09-29,64d9022f568a,ITT Enidine,https://www.enidine.com/en-US/Home,https://careersenus-itt-inc.icims.com/jobs/search?ss=1&searchRelation=keyword_all,Title Assembly Operator,https://careersenus-itt-inc.icims.com/jobs/17577/assembly-operator/job,"Orchard Park, NY, United States",Orchard Park,NY,United States,Not specified,,,,Space & Defense,2026-09-29,2026-09-29,https://careersenus-itt-inc.icims.com/jobs/search?ss=1&searchRelation=keyword_all,ats_detected,5,success_after_fallback
b62bc17b3976,2026-09-29,64d9022f568a,ITT Enidine,https://www.enidine.com/en-US/Home,https://careersenus-itt-inc.icims.com/jobs/search?ss=1&searchRelation=keyword_all,Title Assembly Operator II,https://careersenus-itt-inc.icims.com/jobs/17553/assembly-operator-ii/job,"Orchard Park, NY, United States",Orchard Park,NY,United States,Not specified,,,,Space & Defense,2026-09-29,2026-09-29,https://careersenus-itt-inc.icims.com/jobs/search?ss=1&searchRelation=keyword_all,ats_detected,5,success_after_fallback
97daa41e7415,2026-09-29,64d9022f568a,ITT Enidine,https://www.enidine.com/en-US/Home,https://careersenus-itt-inc.icims.com/jobs/search?ss=1&searchRelation=keyword_all,Title Repair & Overhaul Service Technician I,https://careersenus-itt-inc.icims.com/jobs/17542/repair-%26-overhaul-service-technician-i/job,"Orchard Park, NY, United States",Orchard Park,NY,United States,Not specified,,,,Space & Defense,2026-09-29,2026-09-29,https://careersenus-itt-inc.icims.com/jobs/search?ss=1&searchRelation=keyword_all,ats_detected,5,success_after_fallback
97dc9e199d09,2026-09-29,64d9022f568a,ITT Enidine,https://www.enidine.com/en-US/Home,https://careersenus-itt-inc.icims.com/jobs/search?ss=1&searchRelation=keyword_all,Title Repair & Overhaul Service Technician I (ECS),https://careersenus-itt-inc.icims.com/jobs/17541/repair-%26-overhaul-service-technician-i-%28ecs%29/job,"Orchard Park, NY, United States",Orchard Park,NY,United States,Not specified,,,,Space & Defense,2026-09-29,2026-09-29,https://careersenus-itt-inc.icims.com/jobs/search?ss=1&searchRelation=keyword_all,ats_detected,5,success_after_fallback
503ad20a1a32,2026-09-29,64d9022f568a,ITT Enidine,https://www.enidine.com/en-US/Home,https://careersenus-itt-inc.icims.com/jobs/search?ss=1&searchRelation=keyword_all,Title Repair & Overhaul Service Technician I,https://careersenus-itt-inc.icims.com/jobs/17540/repair-%26-overhaul-service-technician-i/job,"Orchard Park, NY, United States",Orchard Park,NY,United States,Not specified,,,,Space & Defense,2026-09-29,2026-09-29,https://careersenus-itt-inc.icims.com/jobs/search?ss=1&searchRelation=keyword_all,ats_detected,5,success_after_fallback
55fd684b44e7,2026-09-29,64d9022f568a,ITT Enidine,https://www.enidine.com/en-US/Home,https://careersenus-itt-inc.icims.com/jobs/search?ss=1&searchRelation=keyword_all,Title Repair & Overhaul Service Technician I (ECS),https://careersenus-itt-inc.icims.com/jobs/17539/repair-%26-overhaul-service-technician-i-%28ecs%29/job,"Orchard Park, NY, United States",Orchard Park,NY,United States,Not specified,,,,Space & Defense,2026-09-29,2026-09-29,https://careersenus-itt-inc.icims.com/jobs/search?ss=1&searchRelation=keyword_all,ats_detected,5,success_after_fallback
a3b2c41b605b,2026-09-29,64d9022f568a,ITT Enidine,https://www.enidine.com/en-US/Home,https://careersenus-itt-inc.icims.com/jobs/search?ss=1&searchRelation=keyword_all,Title Continuous Improvement Engineer,https://careersenus-itt-inc.icims.com/jobs/17533/continuous-improvement-engineer/job,"Orchard Park, NY, United States",Orchard Park,NY,United States,Not specified,,,,Space & Defense,2026-09-29,2026-09-29,https://careersenus-itt-inc.icims.com/jobs/search?ss=1&searchRelation=keyword_all,ats_detected,5,success_after_fallback
149a5e5d4215,2026-09-29,64d9022f568a,ITT Enidine,https://www.enidine.com/en-US/Home,https://careersenus-itt-inc.icims.com/jobs/search?ss=1&searchRelation=keyword_all,Title Product Design Engineer,https://careersenus-itt-inc.icims.com/jobs/17529/product-design-engineer/job,"Orchard Park, NY, United States",Orchard Park,NY,United States,Not specified,,,,Space & Defense,2026-09-29,2026-09-29,https://careersenus-itt-inc.icims.com/jobs/search?ss=1&searchRelation=keyword_all,ats_detected,5,success_after_fallback
3996a2cf0efe,2026-09-29,64d9022f568a,ITT Enidine,https://www.enidine.com/en-US/Home,https://careersenus-itt-inc.icims.com/jobs/search?ss=1&searchRelation=keyword_all,Title Quality Engineering Intern (Summer 2027),https://careersenus-itt-inc.icims.com/jobs/17495/quality-engineering-intern-%28summer-2027%29/job,"Orchard Park, NY, United States",Orchard Park,NY,United States,Not specified,,,,Space & Defense,2026-09-29,2026-09-29,https://careersenus-itt-inc.icims.com/jobs/search?ss=1&searchRelation=keyword_all,ats_detected,5,success_after_fallback
db3bcf8f3cbe,2026-09-29,64d9022f568a,ITT Enidine,https://www.enidine.com/en-US/Home,https://careersenus-itt-inc.icims.com/jobs/search?ss=1&searchRelation=keyword_all,Title Strategic Account Manager,https://careersenus-itt-inc.icims.com/jobs/17482/strategic-account-manager/job,"Orchard Park, NY, United States",Orchard Park,NY,United States,Not specified,,,,Space & Defense,2026-09-29,2026-09-29,https://careersenus-itt-inc.icims.com/jobs/search?ss=1&searchRelation=keyword_all,ats_detected,5,success_after_fallback
1ff847b82618,2026-09-29,64d9022f568a,ITT Enidine,https://www.enidine.com/en-US/Home,https://careersenus-itt-inc.icims.com/jobs/search?ss=1&searchRelation=keyword_all,Title Temp- Marketing Communications Analyst,https://careersenus-itt-inc.icims.com/jobs/17481/temp--marketing-communications-analyst/job,"Orchard Park, NY, United States",Orchard Park,NY,United States,Not specified,,,,Space & Defense,2026-09-29,2026-09-29,https://careersenus-itt-inc.icims.com/jobs/search?ss=1&searchRelation=keyword_all,ats_detected,5,success_after_fallback
76c54b348a70,2026-09-29,64d9022f568a,ITT Enidine,https://www.enidine.com/en-US/Home,https://careersenus-itt-inc.icims.com/jobs/search?ss=1&searchRelation=keyword_all,Title Product Management Co-op (Spring/Summer 2027),https://careersenus-itt-inc.icims.com/jobs/17451/product-management-co-op-%28spring-summer-2027%29/job,"Orchard Park, NY, United States",Orchard Park,NY,United States,Not specified,,,,Space & Defense,2026-09-29,2026-09-29,https://careersenus-itt-inc.icims.com/jobs/search?ss=1&searchRelation=keyword_all,ats_detected,5,success_after_fallback
6e9a9995bf73,2026-09-29,64d9022f568a,ITT Enidine,https://www.enidine.com/en-US/Home,https://careersger-itt-inc.icims.com/jobs/search?ss=1&searchRelation=keyword_all,Titel Assembly Operator,https://careersger-itt-inc.icims.com/jobs/17532/assembly-operator/job,"Orchard Park, NY, United States",Orchard Park,NY,United States,Not specified,,,,Space & Defense,2026-09-29,2026-09-29,https://careersger-itt-inc.icims.com/jobs/search?ss=1&searchRelation=keyword_all,ats_detected,5,success_after_fallback
f3178d2fac08,2026-09-29,64d9022f568a,ITT Enidine,https://www.enidine.com/en-US/Home,https://careersger-itt-inc.icims.com/jobs/search?ss=1&searchRelation=keyword_all,Titel Technical Business Development Manager Connectors for Defense & Aerospace – Eastern Europe,https://careersger-itt-inc.icims.com/jobs/17258/technical-business-development-manager-connectors-for-defense-%26-aerospace-%e2%80%93-eastern-europe/job,"Orchard Park, NY, United States",Orchard Park,NY,United States,Remote,,,,Space & Defense,2026-09-29,2026-09-29,https://careersger-itt-inc.icims.com/jobs/search?ss=1&searchRelation=keyword_all,ats_detected,5,success_after_fallback
9f6ea6672698,2026-09-29,64d9022f568a,ITT Enidine,https://www.enidine.com/en-US/Home,https://careersger-itt-inc.icims.com/jobs/search?ss=1&searchRelation=keyword_all,Titel Technical Business Development Manager Connectors for Defense & Aerospace - DACH,https://careersger-itt-inc.icims.com/jobs/17257/technical-business-development-manager-connectors-for-defense-%26-aerospace---dach/job,"Orchard Park, NY, United States",Orchard Park,NY,United States,Remote,,,,Space & Defense,2026-09-29,2026-09-29,https://careersger-itt-inc.icims.com/jobs/search?ss=1&searchRelation=keyword_all,ats_detected,5,success_after_fallback
cc379f610e49,2026-09-29,64d9022f568a,ITT Enidine,https://www.enidine.com/en-US/Home,https://careersger-itt-inc.icims.com/jobs/search?ss=1&searchRelation=keyword_all,Titel Facilities Technician,https://careersger-itt-inc.icims.com/jobs/16722/facilities-technician/job,"Orchard Park, NY, United States",Orchard Park,NY,United States,Not specified,,,,Space & Defense,2026-09-29,2026-09-29,https://careersger-itt-inc.icims.com/jobs/search?ss=1&searchRelation=keyword_all,ats_detected,5,success_after_fallback
94fe2296fb92,2026-09-29,64d9022f568a,ITT Enidine,https://www.enidine.com/en-US/Home,https://careersger-itt-inc.icims.com/jobs/search?ss=1&searchRelation=keyword_all,Titel Product Manager Automotive After Market & Racing,https://careersger-itt-inc.icims.com/jobs/15454/product-manager-automotive-after-market-%26-racing/job,"Orchard Park, NY, United States",Orchard Park,NY,United States,Not specified,,,,Space & Defense,2026-09-29,2026-09-29,https://careersger-itt-inc.icims.com/jobs/search?ss=1&searchRelation=keyword_all,ats_detected,5,success_after_fallback
a4dbfa33c93b,2026-09-29,64d9022f568a,ITT Enidine,https://www.enidine.com/en-US/Home,https://careersmex-itt-inc.icims.com/jobs/search?ss=1&searchRelation=keyword_all,Cargo Financial Planning Analyst,https://careersmex-itt-inc.icims.com/jobs/17662/financial-planning-analyst/job,"Orchard Park, NY, United States",Orchard Park,NY,United States,Not specified,,,,Space & Defense,2026-09-29,2026-09-29,https://careersmex-itt-inc.icims.com/jobs/search?ss=1&searchRelation=keyword_all,ats_detected,5,success_after_fallback
425fe23d2c07,2026-09-29,64d9022f568a,ITT Enidine,https://www.enidine.com/en-US/Home,https://careersmex-itt-inc.icims.com/jobs/search?ss=1&searchRelation=keyword_all,Cargo Designer,https://careersmex-itt-inc.icims.com/jobs/17380/designer/job,"Orchard Park, NY, United States",Orchard Park,NY,United States,Not specified,,,,Space & Defense,2026-09-29,2026-09-29,https://careersmex-itt-inc.icims.com/jobs/search?ss=1&searchRelation=keyword_all,ats_detected,5,success_after_fallback
281e213f90a9,2026-09-29,64d9022f568a,ITT Enidine,https://www.enidine.com/en-US/Home,https://careersmex-itt-inc.icims.com/jobs/search?ss=1&searchRelation=keyword_all,Cargo Assembly Operator,https://careersmex-itt-inc.icims.com/jobs/17331/assembly-operator/job,"Orchard Park, NY, United States",Orchard Park,NY,United States,Not specified,,,,Space & Defense,2026-09-29,2026-09-29,https://careersmex-itt-inc.icims.com/jobs/search?ss=1&searchRelation=keyword_all,ats_detected,5,success_after_fallback
741095c17fd4,2026-09-29,64d9022f568a,ITT Enidine,https://www.enidine.com/en-US/Home,https://careersmex-itt-inc.icims.com/jobs/search?ss=1&searchRelation=keyword_all,"Cargo Sourcing, Supply Chain and Logistics Analyst",https://careersmex-itt-inc.icims.com/jobs/17330/sourcing%2c-supply-chain-and-logistics-analyst/job,"Orchard Park, NY, United States",Orchard Park,NY,United States,Not specified,,,,Space & Defense,2026-09-29,2026-09-29,https://careersmex-itt-inc.icims.com/jobs/search?ss=1&searchRelation=keyword_all,ats_detected,5,success_after_fallback
dadae87cd5d0,2026-09-29,64d9022f568a,ITT Enidine,https://www.enidine.com/en-US/Home,https://careersmex-itt-inc.icims.com/jobs/search?ss=1&searchRelation=keyword_all,Cargo Service Engineer,https://careersmex-itt-inc.icims.com/jobs/16362/service-engineer/job,"Orchard Park, NY, United States",Orchard Park,NY,United States,Not specified,,,,Space & Defense,2026-09-29,2026-09-29,https://careersmex-itt-inc.icims.com/jobs/search?ss=1&searchRelation=keyword_all,ats_detected,5,success_after_fallback
75c596c6e85b,2026-09-29,64d9022f568a,ITT Enidine,https://www.enidine.com/en-US/Home,https://careersen-itt-inc.icims.com/jobs/search?ss=1&searchRelation=keyword_all,Title Service Technician,https://careersen-itt-inc.icims.com/jobs/17746/service-technician/job,"Orchard Park, NY, United States",Orchard Park,NY,United States,Not specified,,,,Space & Defense,2026-09-29,2026-09-29,https://careersen-itt-inc.icims.com/jobs/search?ss=1&searchRelation=keyword_all,ats_detected,5,success_after_fallback
a4c67cf94a39,2026-09-29,64d9022f568a,ITT Enidine,https://www.enidine.com/en-US/Home,https://careersen-itt-inc.icims.com/jobs/search?ss=1&searchRelation=keyword_all,Title Financial Planning Analyst,https://careersen-itt-inc.icims.com/jobs/17662/financial-planning-analyst/job,"Orchard Park, NY, United States",Orchard Park,NY,United States,Not specified,,,,Space & Defense,2026-09-29,2026-09-29,https://careersen-itt-inc.icims.com/jobs/search?ss=1&searchRelation=keyword_all,ats_detected,5,success_after_fallback
5323c5fb975a,2026-09-29,64d9022f568a,ITT Enidine,https://www.enidine.com/en-US/Home,https://careersen-itt-inc.icims.com/jobs/search?ss=1&searchRelation=keyword_all,Title HR Talent Manager (Maternity Cover),https://careersen-itt-inc.icims.com/jobs/17562/hr-talent-manager-%28maternity-cover%29/job,"Orchard Park, NY, United States",Orchard Park,NY,United States,Not specified,,,,Space & Defense,2026-09-29,2026-09-29,https://careersen-itt-inc.icims.com/jobs/search?ss=1&searchRelation=keyword_all,ats_detected,5,success_after_fallback
68cc802baf5f,2026-09-29,64d9022f568a,ITT Enidine,https://www.enidine.com/en-US/Home,https://careersen-itt-inc.icims.com/jobs/search?ss=1&searchRelation=keyword_all,Title HR Operations Specialist,https://careersen-itt-inc.icims.com/jobs/17531/hr-operations-specialist/job,"Orchard Park, NY, United States",Orchard Park,NY,United States,Not specified,,,,Space & Defense,2026-09-29,2026-09-29,https://careersen-itt-inc.icims.com/jobs/search?ss=1&searchRelation=keyword_all,ats_detected,5,success_after_fallback
95066864036e,2026-09-29,64d9022f568a,ITT Enidine,https://www.enidine.com/en-US/Home,https://careersen-itt-inc.icims.com/jobs/search?ss=1&searchRelation=keyword_all,Title HR Leader - Transformation & Strategic Projects,https://careersen-itt-inc.icims.com/jobs/17459/hr-leader---transformation-%26-strategic-projects/job,"Orchard Park, NY, United States",Orchard Park,NY,United States,Not specified,,,,Space & Defense,2026-09-29,2026-09-29,https://careersen-itt-inc.icims.com/jobs/search?ss=1&searchRelation=keyword_all,ats_detected,5,success_after_fallback
8d7ea2d61c73,2026-09-29,64d9022f568a,ITT Enidine,https://www.enidine.com/en-US/Home,https://careersen-itt-inc.icims.com/jobs/search?ss=1&searchRelation=keyword_all,Title Credit Analyst,https://careersen-itt-inc.icims.com/jobs/17444/credit-analyst/job,"Orchard Park, NY, United States",Orchard Park,NY,United States,Not specified,,,,Space & Defense,2026-09-29,2026-09-29,https://careersen-itt-inc.icims.com/jobs/search?ss=1&searchRelation=keyword_all,ats_detected,5,success_after_fallback
d11b2c907757,2026-09-29,64d9022f568a,ITT Enidine,https://www.enidine.com/en-US/Home,https://careersen-itt-inc.icims.com/jobs/search?ss=1&searchRelation=keyword_all,Title Designer,https://careersen-itt-inc.icims.com/jobs/17380/designer/job,"Orchard Park, NY, United States",Orchard Park,NY,United States,Not specified,,,,Space & Defense,2026-09-29,2026-09-29,https://careersen-itt-inc.icims.com/jobs/search?ss=1&searchRelation=keyword_all,ats_detected,5,success_after_fallback
356153abca2d,2026-09-29,64d9022f568a,ITT Enidine,https://www.enidine.com/en-US/Home,https://careersen-itt-inc.icims.com/jobs/search?ss=1&searchRelation=keyword_all,Title Assembly Operator,https://careersen-itt-inc.icims.com/jobs/17331/assembly-operator/job,"Orchard Park, NY, United States",Orchard Park,NY,United States,Not specified,,,,Space & Defense,2026-09-29,2026-09-29,https://careersen-itt-inc.icims.com/jobs/search?ss=1&searchRelation=keyword_all,ats_detected,5,success_after_fallback
2603ec2fb53d,2026-09-29,64d9022f568a,ITT Enidine,https://www.enidine.com/en-US/Home,https://careersen-itt-inc.icims.com/jobs/search?ss=1&searchRelation=keyword_all,Title Lead Analytics Engineer,https://careersen-itt-inc.icims.com/jobs/17299/lead-analytics-engineer/job,"Orchard Park, NY, United States",Orchard Park,NY,United States,Not specified,,,,Space & Defense,2026-09-29,2026-09-29,https://careersen-itt-inc.icims.com/jobs/search?ss=1&searchRelation=keyword_all,ats_detected,5,success_after_fallback
1f063b3551ed,2026-09-29,64d9022f568a,ITT Enidine,https://www.enidine.com/en-US/Home,https://careersen-itt-inc.icims.com/jobs/search?ss=1&searchRelation=keyword_all,Title Junior Analytics Engineer,https://careersen-itt-inc.icims.com/jobs/17291/junior-analytics-engineer/job,"Orchard Park, NY, United States",Orchard Park,NY,United States,Not specified,,,,Space & Defense,2026-09-29,2026-09-29,https://careersen-itt-inc.icims.com/jobs/search?ss=1&searchRelation=keyword_all,ats_detected,5,success_after_fallback
a47a09000921,2026-09-29,64d9022f568a,ITT Enidine,https://www.enidine.com/en-US/Home,https://careersen-itt-inc.icims.com/jobs/search?ss=1&searchRelation=keyword_all,Title Finance Shared Services Manager - Projects & Operations,https://careersen-itt-inc.icims.com/jobs/17284/finance-shared-services-manager---projects-%26-operations/job,"Orchard Park, NY, United States",Orchard Park,NY,United States,Not specified,,,,Space & Defense,2026-09-29,2026-09-29,https://careersen-itt-inc.icims.com/jobs/search?ss=1&searchRelation=keyword_all,ats_detected,5,success_after_fallback
0c8e0c119fe4,2026-09-29,64d9022f568a,ITT Enidine,https://www.enidine.com/en-US/Home,https://careersen-itt-inc.icims.com/jobs/search?ss=1&searchRelation=keyword_all,Title Technical Business Development Manager Connectors for Defense & Aerospace – Eastern Europe,https://careersen-itt-inc.icims.com/jobs/17258/technical-business-development-manager-connectors-for-defense-%26-aerospace-%e2%80%93-eastern-europe/job,"Orchard Park, NY, United States",Orchard Park,NY,United States,Remote,,,,Space & Defense,2026-09-29,2026-09-29,https://careersen-itt-inc.icims.com/jobs/search?ss=1&searchRelation=keyword_all,ats_detected,5,success_after_fallback
dc5541523c3d,2026-09-29,64d9022f568a,ITT Enidine,https://www.enidine.com/en-US/Home,https://careersen-itt-inc.icims.com/jobs/search?ss=1&searchRelation=keyword_all,Title Technical Business Development Manager Connectors for Defense & Aerospace - DACH,https://careersen-itt-inc.icims.com/jobs/17257/technical-business-development-manager-connectors-for-defense-%26-aerospace---dach/job,"Orchard Park, NY, United States",Orchard Park,NY,United States,Remote,,,,Space & Defense,2026-09-29,2026-09-29,https://careersen-itt-inc.icims.com/jobs/search?ss=1&searchRelation=keyword_all,ats_detected,5,success_after_fallback
66a52bce4bc4,2026-09-29,64d9022f568a,ITT Enidine,https://www.enidine.com/en-US/Home,https://careersen-itt-inc.icims.com/jobs/search?ss=1&searchRelation=keyword_all,Title Application Engineer,https://careersen-itt-inc.icims.com/jobs/17214/application-engineer/job,"Orchard Park, NY, United States",Orchard Park,NY,United States,Not specified,,,,Space & Defense,2026-09-29,2026-09-29,https://careersen-itt-inc.icims.com/jobs/search?ss=1&searchRelation=keyword_all,ats_detected,5,success_after_fallback
c404b86641f4,2026-09-29,64d9022f568a,ITT Enidine,https://www.enidine.com/en-US/Home,https://careersen-itt-inc.icims.com/jobs/search?ss=1&searchRelation=keyword_all,Title AI & Manufacturing Innovation Engineer,https://careersen-itt-inc.icims.com/jobs/17121/ai-%26-manufacturing-innovation-engineer/job,"Orchard Park, NY, United States",Orchard Park,NY,United States,Not specified,,,,Space & Defense,2026-09-29,2026-09-29,https://careersen-itt-inc.icims.com/jobs/search?ss=1&searchRelation=keyword_all,ats_detected,5,success_after_fallback
ab029f496844,2026-09-29,64d9022f568a,ITT Enidine,https://www.enidine.com/en-US/Home,https://careersen-itt-inc.icims.com/jobs/search?ss=1&searchRelation=keyword_all,Title Sales Manager,https://careersen-itt-inc.icims.com/jobs/17114/sales-manager/job,"Orchard Park, NY, United States",Orchard Park,NY,United States,Not specified,,,,Space & Defense,2026-09-29,2026-09-29,https://careersen-itt-inc.icims.com/jobs/search?ss=1&searchRelation=keyword_all,ats_detected,5,success_after_fallback
41163fde7d23,2026-09-29,64d9022f568a,ITT Enidine,https://www.enidine.com/en-US/Home,https://careersen-itt-inc.icims.com/jobs/search?ss=1&searchRelation=keyword_all,Title Talent Insights Analyst,https://careersen-itt-inc.icims.com/jobs/17072/talent-insights-analyst/job,"Orchard Park, NY, United States",Orchard Park,NY,United States,Not specified,,,,Space & Defense,2026-09-29,2026-09-29,https://careersen-itt-inc.icims.com/jobs/search?ss=1&searchRelation=keyword_all,ats_detected,5,success_after_fallback
91e3cb9f18d9,2026-09-29,64d9022f568a,ITT Enidine,https://www.enidine.com/en-US/Home,https://careersen-itt-inc.icims.com/jobs/search?ss=1&searchRelation=keyword_all,Title Global Quality Engineer,https://careersen-itt-inc.icims.com/jobs/16805/global-quality-engineer/job,"Orchard Park, NY, United States",Orchard Park,NY,United States,Not specified,,,,Space & Defense,2026-09-29,2026-09-29,https://careersen-itt-inc.icims.com/jobs/search?ss=1&searchRelation=keyword_all,ats_detected,5,success_after_fallback
54f01b8dbe30,2026-09-29,64d9022f568a,ITT Enidine,https://www.enidine.com/en-US/Home,https://careersen-itt-inc.icims.com/jobs/search?ss=1&searchRelation=keyword_all,Title Application Engineer Railway,https://careersen-itt-inc.icims.com/jobs/16767/application-engineer-railway/job,"Orchard Park, NY, United States",Orchard Park,NY,United States,Not specified,,,,Space & Defense,2026-09-29,2026-09-29,https://careersen-itt-inc.icims.com/jobs/search?ss=1&searchRelation=keyword_all,ats_detected,5,success_after_fallback
a2343af66dc4,2026-09-29,64d9022f568a,ITT Enidine,https://www.enidine.com/en-US/Home,https://careersen-itt-inc.icims.com/jobs/search?ss=1&searchRelation=keyword_all,Title Senior AI/ML Engineer,https://careersen-itt-inc.icims.com/jobs/16717/senior-ai-ml-engineer/job,"Orchard Park, NY, United States",Orchard Park,NY,United States,Not specified,,,,Space & Defense,2026-09-29,2026-09-29,https://careersen-itt-inc.icims.com/jobs/search?ss=1&searchRelation=keyword_all,ats_detected,5,success_after_fallback
b607cc8f9a30,2026-09-29,64d9022f568a,ITT Enidine,https://www.enidine.com/en-US/Home,https://careersen-itt-inc.icims.com/jobs/search?ss=1&searchRelation=keyword_all,Title IT Business Analyst (Application Configuration Specialist),https://careersen-itt-inc.icims.com/jobs/16713/it-business-analyst-%28application-configuration-specialist%29/job,"Orchard Park, NY, United States",Orchard Park,NY,United States,Not specified,,,,Space & Defense,2026-09-29,2026-09-29,https://careersen-itt-inc.icims.com/jobs/search?ss=1&searchRelation=keyword_all,ats_detected,5,success_after_fallback
e2fe533dc463,2026-09-29,64d9022f568a,ITT Enidine,https://www.enidine.com/en-US/Home,https://careersen-itt-inc.icims.com/jobs/search?ss=1&searchRelation=keyword_all,Title Application Engineer (P2),https://careersen-itt-inc.icims.com/jobs/16638/application-engineer-%28p2%29/job,"Orchard Park, NY, United States",Orchard Park,NY,United States,Not specified,,,,Space & Defense,2026-09-29,2026-09-29,https://careersen-itt-inc.icims.com/jobs/search?ss=1&searchRelation=keyword_all,ats_detected,5,success_after_fallback
b2d0be131c26,2026-09-29,64d9022f568a,ITT Enidine,https://www.enidine.com/en-US/Home,https://careersen-itt-inc.icims.com/jobs/search?ss=1&searchRelation=keyword_all,Title Global Purchasing & Sourcing Lead,https://careersen-itt-inc.icims.com/jobs/16615/global-purchasing-%26-sourcing-lead/job,"Orchard Park, NY, United States",Orchard Park,NY,United States,Not specified,,,,Space & Defense,2026-09-29,2026-09-29,https://careersen-itt-inc.icims.com/jobs/search?ss=1&searchRelation=keyword_all,ats_detected,5,success_after_fallback
8c401a107db2,2026-09-29,64d9022f568a,ITT Enidine,https://www.enidine.com/en-US/Home,https://careersen-itt-inc.icims.com/jobs/search?ss=1&searchRelation=keyword_all,Title Test Engineer,https://careersen-itt-inc.icims.com/jobs/16378/test-engineer/job,"Orchard Park, NY, United States",Orchard Park,NY,United States,Not specified,,,,Space & Defense,2026-09-29,2026-09-29,https://careersen-itt-inc.icims.com/jobs/search?ss=1&searchRelation=keyword_all,ats_detected,5,success_after_fallback
ad288983df18,2026-09-29,64d9022f568a,ITT Enidine,https://www.enidine.com/en-US/Home,https://careersen-itt-inc.icims.com/jobs/search?ss=1&searchRelation=keyword_all,Title Product Manager Automotive After Market & Racing,https://careersen-itt-inc.icims.com/jobs/15454/product-manager-automotive-after-market-%26-racing/job,"Orchard Park, NY, United States",Orchard Park,NY,United States,Not specified,,,,Space & Defense,2026-09-29,2026-09-29,https://careersen-itt-inc.icims.com/jobs/search?ss=1&searchRelation=keyword_all,ats_detected,5,success_after_fallback
6b1b979a6787,2026-09-29,64d9022f568a,ITT Enidine,https://www.enidine.com/en-US/Home,https://careersen-itt-inc.icims.com/jobs/search?ss=1&searchRelation=keyword_all,Title Application Engineer,https://careersen-itt-inc.icims.com/jobs/15377/application-engineer/job,"Orchard Park, NY, United States",Orchard Park,NY,United States,Not specified,,,,Space & Defense,2026-09-29,2026-09-29,https://careersen-itt-inc.icims.com/jobs/search?ss=1&searchRelation=keyword_all,ats_detected,5,success_after_fallback
94bb4ec31afa,2026-09-29,64d9022f568a,ITT Enidine,https://www.enidine.com/en-US/Home,https://careersen-itt-inc.icims.com/jobs/search?ss=1&searchRelation=keyword_all,Title Application Engineering Lead,https://careersen-itt-inc.icims.com/jobs/15348/application-engineering-lead/job,"Orchard Park, NY, United States",Orchard Park,NY,United States,Not specified,,,,Space & Defense,2026-09-29,2026-09-29,https://careersen-itt-inc.icims.com/jobs/search?ss=1&searchRelation=keyword_all,ats_detected,5,success_after_fallback
f2f190e9268a,2026-09-29,64d9022f568a,ITT Enidine,https://www.enidine.com/en-US/Home,https://careersenus-itt-inc.icims.com/jobs/17795/director%2C-marketing-and-product-management/job,Director%2C Marketing And Product Management,https://careersenus-itt-inc.icims.com/jobs/17795/director%2c-marketing-and-product-management/referral,"Orchard Park, NY, United States",Orchard Park,NY,United States,Not specified,,,,Space & Defense,2026-09-29,2026-09-29,https://careersenus-itt-inc.icims.com/jobs/17795/director%2C-marketing-and-product-management/job,ats_detected,5,success_after_fallback
e71961b4bd70,2026-09-29,64d9022f568a,ITT Enidine,https://www.enidine.com/en-US/Home,https://careersenus-itt-inc.icims.com/jobs/17781/it-sr.-business-systems-analyst/job,It Sr. Business Systems Analyst,https://careersenus-itt-inc.icims.com/jobs/17781/it-sr.-business-systems-analyst/referral,"Orchard Park, NY, United States",Orchard Park,NY,United States,Not specified,,,,Space & Defense,2026-09-29,2026-09-29,https://careersenus-itt-inc.icims.com/jobs/17781/it-sr.-business-systems-analyst/job,ats_detected,5,success_after_fallback
4033c110c222,2026-09-29,64d9022f568a,ITT Enidine,https://www.enidine.com/en-US/Home,https://careersenus-itt-inc.icims.com/jobs/17780/pump-mechanic/job,Pump Mechanic,https://careersenus-itt-inc.icims.com/jobs/17780/pump-mechanic/job,"Colfax, NC, US",Colfax,NC,United States,Not specified,,,Service,Space & Defense,2026-09-29,2026-09-29,https://careersenus-itt-inc.icims.com/jobs/17780/pump-mechanic/job,ats_detected,4,success_after_fallback
cfb445e721d4,2026-09-29,49a39e5c497b,L3Harris,https://www.l3harris.com/,https://careers.l3harris.com/en,L3Harris Engineering And Technician Career Fair Camden Ar,https://careers.l3harris.com/en/job/camden/l3harris-engineering-and-technician-career-fair-camden-ar/4832/99420660864,"Camden, AR",Camden,AR,United States,Not specified,,,,Space & Defense,2026-09-29,2026-09-29,https://careers.l3harris.com/en,known_careers_url,4,success
8fe169d92529,2026-09-29,49a39e5c497b,L3Harris,https://www.l3harris.com/,https://careers.l3harris.com/en,L3Harris Engineering Hiring Event For Cleared Talent Melbourne Fl,https://careers.l3harris.com/en/job/melbourne/l3harris-engineering-hiring-event-for-cleared-talent-melbourne-fl/4832/100774912368,"Melbourne, FL",Melbourne,FL,United States,Not specified,,,,Space & Defense,2026-09-29,2026-09-29,https://careers.l3harris.com/en,known_careers_url,4,success
9c10501a41ae,2026-09-29,49a39e5c497b,L3Harris,https://www.l3harris.com/,https://careers.l3harris.com/en,Manufacturing Technician C,https://careers.l3harris.com/en/job/loveland/manufacturing-technician-c/4832/101318759968,"Loveland, Colorado",Loveland,CO,United States,Not specified,,,,Space & Defense,2026-09-29,2026-09-29,https://careers.l3harris.com/en,known_careers_url,4,success
36e8b57a22ff,2026-09-29,49a39e5c497b,L3Harris,https://www.l3harris.com/,https://careers.l3harris.com/en,Manager Quality Engineering,https://careers.l3harris.com/en/job/camden/manager-quality-engineering/4832/101318759952,"Camden, Arkansas",Camden,AR,United States,Not specified,,,,Space & Defense,2026-09-29,2026-09-29,https://careers.l3harris.com/en,known_careers_url,4,success
b5ae8540760a,2026-09-29,49a39e5c497b,L3Harris,https://www.l3harris.com/,https://careers.l3harris.com/en,Associate Software Engineer,https://careers.l3harris.com/en/job/yorba-linda/associate-software-engineer/4832/101318759936,"Yorba Linda, California",Yorba Linda,CA,United States,Not specified,,,,Space & Defense,2026-09-29,2026-09-29,https://careers.l3harris.com/en,known_careers_url,4,success
229c4060194f,2026-09-29,49a39e5c497b,L3Harris,https://www.l3harris.com/,https://careers.l3harris.com/en,Principal Program Management Excellence Operations,https://careers.l3harris.com/en/job/palm-bay/principal-program-management-excellence-operations/4832/101318759920,"Greece, NY, United States",Greece,NY,United States,Not specified,,,,Space & Defense,2026-09-29,2026-09-29,https://careers.l3harris.com/en,known_careers_url,4,success
a2ff196fb8bb,2026-09-29,49a39e5c497b,L3Harris,https://www.l3harris.com/,https://careers.l3harris.com/en/search-jobs,Associate Network Control,https://careers.l3harris.com/en/job/melbourne/associate-network-control/4832/101318759904,"Melbourne, FL",Melbourne,FL,United States,Not specified,,,,Space & Defense,2026-09-29,2026-09-29,https://careers.l3harris.com/en/search-jobs,linked_page,4,success_after_fallback
bcb402388d1b,2026-09-29,49a39e5c497b,L3Harris,https://www.l3harris.com/,https://careers.l3harris.com/en/search-jobs,"Inventory Management Support D Manufacturing Huntsville, AL",https://careers.l3harris.com/en/job/huntsville/inventory-management-support-d/4832/101318759888,"Huntsville, AL",Huntsville,AL,United States,Not specified,,,,Space & Defense,2026-09-29,2026-09-29,https://careers.l3harris.com/en/search-jobs,linked_page,4,success_after_fallback
ec0a529ea791,2026-09-29,49a39e5c497b,L3Harris,https://www.l3harris.com/,https://careers.l3harris.com/en/search-jobs,Dow Skillbridge Sr Associate Systems Engineering Orbital Analyst,https://careers.l3harris.com/en/job/lompoc/dow-skillbridge-sr-associate-systems-engineering-orbital-analyst/4832/101318759872,"Lompoc, CA",Lompoc,CA,United States,Not specified,,,,Space & Defense,2026-09-29,2026-09-29,https://careers.l3harris.com/en/search-jobs,linked_page,4,success_after_fallback
3a3746ffdf79,2026-09-29,49a39e5c497b,L3Harris,https://www.l3harris.com/,https://careers.l3harris.com/en/search-jobs,Software Engineer Intern,https://careers.l3harris.com/en/job/rochester/software-engineer-intern/4832/101318759856,"Rochester, NY",Rochester,NY,United States,Not specified,,,,Space & Defense,2026-09-29,2026-09-29,https://careers.l3harris.com/en/search-jobs,linked_page,4,success_after_fallback
6b1b805c1ba6,2026-09-29,49a39e5c497b,L3Harris,https://www.l3harris.com/,https://careers.l3harris.com/en/search-jobs,"Manufacturing Technician Manufacturing Camden, AR",https://careers.l3harris.com/en/job/camden/manufacturing-technician/4832/101318759840,"Camden, AR",Camden,AR,United States,Not specified,,,,Space & Defense,2026-09-29,2026-09-29,https://careers.l3harris.com/en/search-jobs,linked_page,4,success_after_fallback
0688aecd2d75,2026-09-29,49a39e5c497b,L3Harris,https://www.l3harris.com/,https://careers.l3harris.com/en/search-jobs,Specialist Electrical Engineer,https://careers.l3harris.com/en/job/rochester/specialist-electrical-engineer/4832/101318759824,"Rochester, NY",Rochester,NY,United States,Not specified,,,,Space & Defense,2026-09-29,2026-09-29,https://careers.l3harris.com/en/search-jobs,linked_page,4,success_after_fallback
5fb54d10c079,2026-09-29,49a39e5c497b,L3Harris,https://www.l3harris.com/,https://careers.l3harris.com/en/search-jobs,Engineering Technician B,https://careers.l3harris.com/en/job/rochester/engineering-technician-b/4832/101318759808,"Rochester, NY",Rochester,NY,United States,Not specified,,,,Space & Defense,2026-09-29,2026-09-29,https://careers.l3harris.com/en/search-jobs,linked_page,4,success_after_fallback
90aa4d007ea1,2026-09-29,49a39e5c497b,L3Harris,https://www.l3harris.com/,https://careers.l3harris.com/en/search-jobs,Senior Manager Hrbp,https://careers.l3harris.com/en/job/huntsville/senior-manager-hrbp/4832/101318759792,"Huntsville, AL",Huntsville,AL,United States,Not specified,,,,Space & Defense,2026-09-29,2026-09-29,https://careers.l3harris.com/en/search-jobs,linked_page,4,success_after_fallback
e590891887a4,2026-09-29,49a39e5c497b,L3Harris,https://www.l3harris.com/,https://careers.l3harris.com/en/search-jobs,Director Operations Management,https://careers.l3harris.com/en/job/huntsville/director-operations-management/4832/101318759776,"Huntsville, AL",Huntsville,AL,United States,Not specified,,,,Space & Defense,2026-09-29,2026-09-29,https://careers.l3harris.com/en/search-jobs,linked_page,4,success_after_fallback
ce073cc43c05,2026-09-29,49a39e5c497b,L3Harris,https://www.l3harris.com/,https://careers.l3harris.com/en/search-jobs,Lead Quality Engineer,https://careers.l3harris.com/en/job/camden/lead-quality-engineer/4832/101318759760,"Camden, AR",Camden,AR,United States,Not specified,,,,Space & Defense,2026-09-29,2026-09-29,https://careers.l3harris.com/en/search-jobs,linked_page,4,success_after_fallback
fcdbb0aaf0bd,2026-09-29,49a39e5c497b,L3Harris,https://www.l3harris.com/,https://careers.l3harris.com/en/search-jobs,Specialist Inventory Program Finance Analyst,https://careers.l3harris.com/en/job/mason/specialist-inventory-program-finance-analyst/4832/101318759744,"Mason, OH",Mason,OH,United States,Not specified,,,,Space & Defense,2026-09-29,2026-09-29,https://careers.l3harris.com/en/search-jobs,linked_page,4,success_after_fallback
fbc10cc6f0f5,2026-09-29,49a39e5c497b,L3Harris,https://www.l3harris.com/,https://careers.l3harris.com/en/job/melbourne/l3harris-engineering-hiring-event-for-cleared-talent-melbourne-fl/4832/100774912368,"L3Harris Engineering Hiring Event (Melbourne, FL)",https://careers.l3harris.com/en/job/melbourne/l3harris-engineering-hiring-event-melbourne-fl/4832/100774912368,"Melbourne, FL, US; Palm Bay, Florida, United States",Melbourne,FL,United States,Not specified,,,,Space & Defense,2026-09-29,2026-09-29,https://careers.l3harris.com/en/job/melbourne/l3harris-engineering-hiring-event-for-cleared-talent-melbourne-fl/4832/100774912368,linked_page,4,success_after_fallback
dc31db86dc0c,2026-09-29,49a39e5c497b,L3Harris,https://www.l3harris.com/,https://careers.l3harris.com/en/job/melbourne/l3harris-engineering-hiring-event-for-cleared-talent-melbourne-fl/4832/100774912368,L3Harris Engineering Hiring Event For Cleared Talent Melbourne Fl,https://careers.l3harris.com/en/job/melbourne/l3harris-engineering-hiring-event-for-cleared-talent-melbourne-fl/4832/search-jobs,"Greece, NY, United States",Greece,NY,United States,Not specified,,,,Space & Defense,2026-09-29,2026-09-29,https://careers.l3harris.com/en/job/melbourne/l3harris-engineering-hiring-event-for-cleared-talent-melbourne-fl/4832/100774912368,linked_page,4,success_after_fallback
5f7b477bcec1,2026-09-29,49a39e5c497b,L3Harris,https://www.l3harris.com/,https://careers.l3harris.com/en/job/melbourne/l3harris-engineering-hiring-event-for-cleared-talent-melbourne-fl/4832/100774912368,Senior Specialist Ocean Engineer,https://careers.l3harris.com/en/job/palm-bay/senior-specialist-ocean-engineer/4832/101313772592,"Palm Bay, Florida",Palm Bay,FL,United States,Not specified,,,,Space & Defense,2026-09-29,2026-09-29,https://careers.l3harris.com/en/job/melbourne/l3harris-engineering-hiring-event-for-cleared-talent-melbourne-fl/4832/100774912368,linked_page,4,success_after_fallback
84f16b604162,2026-09-29,49a39e5c497b,L3Harris,https://www.l3harris.com/,https://careers.l3harris.com/en/job/melbourne/l3harris-engineering-hiring-event-for-cleared-talent-melbourne-fl/4832/100774912368,Sr Specialist Thermal Analyst Mechanical Engineer Space Systems,https://careers.l3harris.com/en/job/palm-bay/sr-specialist-thermal-analyst-mechanical-engineer-space-systems/4832/101313772512,"Palm Bay, Florida",Palm Bay,FL,United States,Not specified,,,,Space & Defense,2026-09-29,2026-09-29,https://careers.l3harris.com/en/job/melbourne/l3harris-engineering-hiring-event-for-cleared-talent-melbourne-fl/4832/100774912368,linked_page,4,success_after_fallback
d611db86f7f9,2026-09-29,49a39e5c497b,L3Harris,https://www.l3harris.com/,https://careers.l3harris.com/en/job/melbourne/l3harris-engineering-hiring-event-for-cleared-talent-melbourne-fl/4832/100774912368,Senior Associate Electrical Engineering Fpga,https://careers.l3harris.com/en/job/palm-bay/senior-associate-electrical-engineering-fpga/4832/101313772480,"Palm Bay, Florida, Melbourne, Florida",Palm Bay,FL,United States,Not specified,,,,Space & Defense,2026-09-29,2026-09-29,https://careers.l3harris.com/en/job/melbourne/l3harris-engineering-hiring-event-for-cleared-talent-melbourne-fl/4832/100774912368,linked_page,4,success_after_fallback
0645f41f520e,2026-09-29,49a39e5c497b,L3Harris,https://www.l3harris.com/,https://careers.l3harris.com/en/job/melbourne/l3harris-engineering-hiring-event-for-cleared-talent-melbourne-fl/4832/100774912368,Sr Specialist Electrical Engineer Fpga,https://careers.l3harris.com/en/job/palm-bay/sr-specialist-electrical-engineer-fpga-1/4832/101313772448,"Palm Bay, Florida",Palm Bay,FL,United States,Not specified,,,,Space & Defense,2026-09-29,2026-09-29,https://careers.l3harris.com/en/job/melbourne/l3harris-engineering-hiring-event-for-cleared-talent-melbourne-fl/4832/100774912368,linked_page,4,success_after_fallback
e9935bc9df34,2026-09-29,49a39e5c497b,L3Harris,https://www.l3harris.com/,"https://careers.l3harris.com/en/search-jobs?acm=8686208,8679712,62721&alrpm=ALL&ascf=[%7B%22key%22:%22ALL%22,%22value%22:%22%22%7D]",Associate Creative Services Photo And Video Melbourne Fl,https://careers.l3harris.com/en/job/melbourne/associate-creative-services-photo-and-video-melbourne-fl/4832/101313772496,"Melbourne, FL",Melbourne,FL,United States,Not specified,,,,Space & Defense,2026-09-29,2026-09-29,"https://careers.l3harris.com/en/search-jobs?acm=8686208,8679712,62721&alrpm=ALL&ascf=[%7B%22key%22:%22ALL%22,%22value%22:%22%22%7D]",linked_page,4,success_after_fallback
16175894bc3c,2026-09-29,49a39e5c497b,L3Harris,https://www.l3harris.com/,"https://careers.l3harris.com/en/search-jobs?acm=8686208,8679712,62721&alrpm=ALL&ascf=[%7B%22key%22:%22ALL%22,%22value%22:%22%22%7D]",Associate Quality Engineer,https://careers.l3harris.com/en/job/camden/associate-quality-engineer/4832/100774912288,"Camden, AR",Camden,AR,United States,Not specified,,,,Space & Defense,2026-09-29,2026-09-29,"https://careers.l3harris.com/en/search-jobs?acm=8686208,8679712,62721&alrpm=ALL&ascf=[%7B%22key%22:%22ALL%22,%22value%22:%22%22%7D]",linked_page,4,success_after_fallback
af85094a9ac7,2026-09-29,49a39e5c497b,L3Harris,https://www.l3harris.com/,"https://careers.l3harris.com/en/search-jobs?acm=8686208,8679712,62721&alrpm=ALL&ascf=[%7B%22key%22:%22ALL%22,%22value%22:%22%22%7D]",Analyst Program Scheduler,https://careers.l3harris.com/en/job/huntsville/analyst-program-scheduler/4832/101313772320,"Huntsville, AL",Huntsville,AL,United States,Not specified,,,,Space & Defense,2026-09-29,2026-09-29,"https://careers.l3harris.com/en/search-jobs?acm=8686208,8679712,62721&alrpm=ALL&ascf=[%7B%22key%22:%22ALL%22,%22value%22:%22%22%7D]",linked_page,4,success_after_fallback
f704487e27ff,2026-09-29,49a39e5c497b,L3Harris,https://www.l3harris.com/,"https://careers.l3harris.com/en/search-jobs?acm=8686208,8679712,62721&alrpm=ALL&ascf=[%7B%22key%22:%22ALL%22,%22value%22:%22%22%7D]",Associate Software Engineer,https://careers.l3harris.com/en/job/clifton/associate-software-engineer/4832/101313772288,"Greece, NY, United States",Greece,NY,United States,Not specified,,,,Space & Defense,2026-09-29,2026-09-29,"https://careers.l3harris.com/en/search-jobs?acm=8686208,8679712,62721&alrpm=ALL&ascf=[%7B%22key%22:%22ALL%22,%22value%22:%22%22%7D]",linked_page,4,success_after_fallback
56cf7db331c3,2026-09-29,49a39e5c497b,L3Harris,https://www.l3harris.com/,"https://careers.l3harris.com/en/search-jobs?acm=8686208,8679712,62721&alrpm=ALL&ascf=[%7B%22key%22:%22ALL%22,%22value%22:%22%22%7D]",Senior Associate Image Science Engineering Rochester Ny,https://careers.l3harris.com/en/job/rochester/senior-associate-image-science-engineering-rochester-ny/4832/98185751280,"Rochester, NY",Rochester,NY,United States,Not specified,,,,Space & Defense,2026-09-29,2026-09-29,"https://careers.l3harris.com/en/search-jobs?acm=8686208,8679712,62721&alrpm=ALL&ascf=[%7B%22key%22:%22ALL%22,%22value%22:%22%22%7D]",linked_page,4,success_after_fallback
a813e4dc68df,2026-09-29,49a39e5c497b,L3Harris,https://www.l3harris.com/,"https://careers.l3harris.com/en/search-jobs?acm=8686208,8679712,62721&alrpm=ALL&ascf=[%7B%22key%22:%22ALL%22,%22value%22:%22%22%7D]",Engineering Leadership Development Program Systems Engineer Various Location,https://careers.l3harris.com/en/job/melbourne/engineering-leadership-development-program-systems-engineer-various-location/4832/100148576432,"Melbourne, FL",Melbourne,FL,United States,Not specified,,,,Space & Defense,2026-09-29,2026-09-29,"https://careers.l3harris.com/en/search-jobs?acm=8686208,8679712,62721&alrpm=ALL&ascf=[%7B%22key%22:%22ALL%22,%22value%22:%22%22%7D]",linked_page,4,success_after_fallback
399d423f2fa1,2026-09-29,49a39e5c497b,L3Harris,https://www.l3harris.com/,"https://careers.l3harris.com/en/search-jobs?acm=8686208,8679712,62721&alrpm=ALL&ascf=[%7B%22key%22:%22ALL%22,%22value%22:%22%22%7D]",Associate Field Engineering,https://careers.l3harris.com/en/job/united-states/associate-field-engineering/4832/98807498208,Remote,,,,Remote,,,,Space & Defense,2026-09-29,2026-09-29,"https://careers.l3harris.com/en/search-jobs?acm=8686208,8679712,62721&alrpm=ALL&ascf=[%7B%22key%22:%22ALL%22,%22value%22:%22%22%7D]",linked_page,4,success_after_fallback
5cf618fe448b,2026-09-29,49a39e5c497b,L3Harris,https://www.l3harris.com/,"https://careers.l3harris.com/en/search-jobs?acm=8686208,8679712,62721&alrpm=ALL&ascf=[%7B%22key%22:%22ALL%22,%22value%22:%22%22%7D]",Senior Associate Systems Engineering,https://careers.l3harris.com/en/job/colorado-springs/senior-associate-systems-engineering/4832/93692588976,"Colorado Springs, CO",Colorado Springs,CO,United States,Not specified,,,,Space & Defense,2026-09-29,2026-09-29,"https://careers.l3harris.com/en/search-jobs?acm=8686208,8679712,62721&alrpm=ALL&ascf=[%7B%22key%22:%22ALL%22,%22value%22:%22%22%7D]",linked_page,4,success_after_fallback
c797cf53dfc9,2026-09-29,49a39e5c497b,L3Harris,https://www.l3harris.com/,"https://careers.l3harris.com/en/search-jobs?acm=8686208,8679712,62721&alrpm=ALL&ascf=[%7B%22key%22:%22ALL%22,%22value%22:%22%22%7D]",Associate Materials Process Engineer,https://careers.l3harris.com/en/job/huntsville/associate-materials-process-engineer/4832/101142725776,"Huntsville, AL",Huntsville,AL,United States,Not specified,,,,Space & Defense,2026-09-29,2026-09-29,"https://careers.l3harris.com/en/search-jobs?acm=8686208,8679712,62721&alrpm=ALL&ascf=[%7B%22key%22:%22ALL%22,%22value%22:%22%22%7D]",linked_page,4,success_after_fallback
f55238c916fa,2026-09-29,49a39e5c497b,L3Harris,https://www.l3harris.com/,"https://careers.l3harris.com/en/search-jobs?acm=8686208,8679712,62721&alrpm=ALL&ascf=[%7B%22key%22:%22ALL%22,%22value%22:%22%22%7D]",Associate Materials Process Engineer,https://careers.l3harris.com/en/job/canoga-park/associate-materials-process-engineer/4832/101142725744,"Canoga Park, CA",Canoga Park,CA,United States,Not specified,,,,Space & Defense,2026-09-29,2026-09-29,"https://careers.l3harris.com/en/search-jobs?acm=8686208,8679712,62721&alrpm=ALL&ascf=[%7B%22key%22:%22ALL%22,%22value%22:%22%22%7D]",linked_page,4,success_after_fallback
7f62a62219fc,2026-09-29,49a39e5c497b,L3Harris,https://www.l3harris.com/,"https://careers.l3harris.com/en/search-jobs?acm=8686208,8679712,62721&alrpm=ALL&ascf=[%7B%22key%22:%22ALL%22,%22value%22:%22%22%7D]",Senior Associate Software Engineer,https://careers.l3harris.com/en/job/richardson/senior-associate-software-engineer/4832/101083761536,"Richardson, TX",Richardson,TX,United States,Not specified,,,,Space & Defense,2026-09-29,2026-09-29,"https://careers.l3harris.com/en/search-jobs?acm=8686208,8679712,62721&alrpm=ALL&ascf=[%7B%22key%22:%22ALL%22,%22value%22:%22%22%7D]",linked_page,4,success_after_fallback
d44aa47b27f1,2026-09-29,49a39e5c497b,L3Harris,https://www.l3harris.com/,"https://careers.l3harris.com/en/search-jobs?acm=8686208,8679712,62721&alrpm=ALL&ascf=[%7B%22key%22:%22ALL%22,%22value%22:%22%22%7D]",Sr Associate Creative Services Project Manager Remote,https://careers.l3harris.com/en/job/united-states/sr-associate-creative-services-project-manager-remote/4832/99756757920,Remote,,,,Remote,,,,Space & Defense,2026-09-29,2026-09-29,"https://careers.l3harris.com/en/search-jobs?acm=8686208,8679712,62721&alrpm=ALL&ascf=[%7B%22key%22:%22ALL%22,%22value%22:%22%22%7D]",linked_page,4,success_after_fallback
b930790d5dfd,2026-09-29,49a39e5c497b,L3Harris,https://www.l3harris.com/,"https://careers.l3harris.com/en/search-jobs?acm=8686208,8679712,62721&alrpm=ALL&ascf=[%7B%22key%22:%22ALL%22,%22value%22:%22%22%7D]",Associate Manufacturing Engineer,https://careers.l3harris.com/en/job/camden/associate-manufacturing-engineer/4832/100345950800,"Camden, AR",Camden,AR,United States,Not specified,,,,Space & Defense,2026-09-29,2026-09-29,"https://careers.l3harris.com/en/search-jobs?acm=8686208,8679712,62721&alrpm=ALL&ascf=[%7B%22key%22:%22ALL%22,%22value%22:%22%22%7D]",linked_page,4,success_after_fallback
515f3d68f010,2026-09-29,49a39e5c497b,L3Harris,https://www.l3harris.com/,https://careers.l3harris.com/en/job/melbourne/l3harris-engineering-hiring-event-melbourne-fl/4832/100774912368,L3Harris Engineering Hiring Event Melbourne Fl,https://careers.l3harris.com/en/job/melbourne/l3harris-engineering-hiring-event-melbourne-fl/4832/search-jobs,"Greece, NY, United States",Greece,NY,United States,Not specified,,,,Space & Defense,2026-09-29,2026-09-29,https://careers.l3harris.com/en/job/melbourne/l3harris-engineering-hiring-event-melbourne-fl/4832/100774912368,linked_page,4,success_after_fallback
81712b0018bc,2026-09-29,49a39e5c497b,L3Harris,https://www.l3harris.com/,"https://careers.l3harris.com/en/search-jobs?acm=61370,8684512,8684496,8684688,8684208,8687808,8696112,8684256,8690160,8684528&alrpm=ALL&ascf=[%7B%22key%22:%22ALL%22,%22value%22:%22%22%7D]",Spec Electro Opto Mechanical Engineer,https://careers.l3harris.com/en/job/tulsa/spec-electro-opto-mechanical-engineer/4832/100081975504,"Tulsa, OK",Tulsa,OK,United States,Not specified,,,,Space & Defense,2026-09-29,2026-09-29,"https://careers.l3harris.com/en/search-jobs?acm=61370,8684512,8684496,8684688,8684208,8687808,8696112,8684256,8690160,8684528&alrpm=ALL&ascf=[%7B%22key%22:%22ALL%22,%22value%22:%22%22%7D]",linked_page,4,success_after_fallback
2608b2a4faca,2026-09-29,49a39e5c497b,L3Harris,https://www.l3harris.com/,"https://careers.l3harris.com/en/search-jobs?acm=61370,8684512,8684496,8684688,8684208,8687808,8696112,8684256,8690160,8684528&alrpm=ALL&ascf=[%7B%22key%22:%22ALL%22,%22value%22:%22%22%7D]","Expert RF Hardware Engineer - Military GPS & PNT Engineering Yorba Linda, CA",https://careers.l3harris.com/en/job/yorba-linda/expert-rf-hardware-engineer-military-gps-and-pnt/4832/101313772560,"Yorba Linda, CA",Yorba Linda,CA,United States,Not specified,,,,Space & Defense,2026-09-29,2026-09-29,"https://careers.l3harris.com/en/search-jobs?acm=61370,8684512,8684496,8684688,8684208,8687808,8696112,8684256,8690160,8684528&alrpm=ALL&ascf=[%7B%22key%22:%22ALL%22,%22value%22:%22%22%7D]",linked_page,4,success_after_fallback
d5de0d197502,2026-09-29,49a39e5c497b,L3Harris,https://www.l3harris.com/,"https://careers.l3harris.com/en/search-jobs?acm=61370,8684512,8684496,8684688,8684208,8687808,8696112,8684256,8690160,8684528&alrpm=ALL&ascf=[%7B%22key%22:%22ALL%22,%22value%22:%22%22%7D]",Lead Systems Engineer Space Systems,https://careers.l3harris.com/en/job/wilmington/lead-systems-engineer-space-systems/4832/101313772576,"Wilmington, MA",Wilmington,MA,United States,Not specified,,,,Space & Defense,2026-09-29,2026-09-29,"https://careers.l3harris.com/en/search-jobs?acm=61370,8684512,8684496,8684688,8684208,8687808,8696112,8684256,8690160,8684528&alrpm=ALL&ascf=[%7B%22key%22:%22ALL%22,%22value%22:%22%22%7D]",linked_page,4,success_after_fallback
84566224bb71,2026-09-29,49a39e5c497b,L3Harris,https://www.l3harris.com/,"https://careers.l3harris.com/en/search-jobs?acm=61370,8684512,8684496,8684688,8684208,8687808,8696112,8684256,8690160,8684528&alrpm=ALL&ascf=[%7B%22key%22:%22ALL%22,%22value%22:%22%22%7D]",Intern Mechanical Engineer,https://careers.l3harris.com/en/job/tempe/intern-mechanical-engineer/4832/101313772384,"Tempe, AZ",Tempe,AZ,United States,Not specified,,,,Space & Defense,2026-09-29,2026-09-29,"https://careers.l3harris.com/en/search-jobs?acm=61370,8684512,8684496,8684688,8684208,8687808,8696112,8684256,8690160,8684528&alrpm=ALL&ascf=[%7B%22key%22:%22ALL%22,%22value%22:%22%22%7D]",linked_page,4,success_after_fallback
ad44fb5787a8,2026-09-29,49a39e5c497b,L3Harris,https://www.l3harris.com/,"https://careers.l3harris.com/en/search-jobs?acm=61370,8684512,8684496,8684688,8684208,8687808,8696112,8684256,8690160,8684528&alrpm=ALL&ascf=[%7B%22key%22:%22ALL%22,%22value%22:%22%22%7D]",Specialist Integration And Test Engineering,https://careers.l3harris.com/en/job/rockwall/specialist-integration-and-test-engineering/4832/101313772368,"Rockwall, TX",Rockwall,TX,United States,Not specified,,,,Space & Defense,2026-09-29,2026-09-29,"https://careers.l3harris.com/en/search-jobs?acm=61370,8684512,8684496,8684688,8684208,8687808,8696112,8684256,8690160,8684528&alrpm=ALL&ascf=[%7B%22key%22:%22ALL%22,%22value%22:%22%22%7D]",linked_page,4,success_after_fallback
4dc263fa43fe,2026-09-29,49a39e5c497b,L3Harris,https://www.l3harris.com/,"https://careers.l3harris.com/en/search-jobs?acm=61370,8684512,8684496,8684688,8684208,8687808,8696112,8684256,8690160,8684528&alrpm=ALL&ascf=[%7B%22key%22:%22ALL%22,%22value%22:%22%22%7D]","Systems Engineering Test Co-Op (Waterdown, CAN) Engineering Waterdown, Ontario",https://careers.l3harris.com/en/job/waterdown/systems-engineering-test-co-op-waterdown-can/4832/101313772352,"Greece, NY, United States",Greece,NY,United States,Not specified,,,,Space & Defense,2026-09-29,2026-09-29,"https://careers.l3harris.com/en/search-jobs?acm=61370,8684512,8684496,8684688,8684208,8687808,8696112,8684256,8690160,8684528&alrpm=ALL&ascf=[%7B%22key%22:%22ALL%22,%22value%22:%22%22%7D]",linked_page,4,success_after_fallback
f8ca395f54ed,2026-09-29,49a39e5c497b,L3Harris,https://www.l3harris.com/,"https://careers.l3harris.com/en/search-jobs?acm=61370,8684512,8684496,8684688,8684208,8687808,8696112,8684256,8690160,8684528&alrpm=ALL&ascf=[%7B%22key%22:%22ALL%22,%22value%22:%22%22%7D]",Intern Software Engineer,https://careers.l3harris.com/en/job/clifton/intern-software-engineer/4832/101313772336,"Clifton, NJ",Clifton,NJ,United States,Not specified,,,,Space & Defense,2026-09-29,2026-09-29,"https://careers.l3harris.com/en/search-jobs?acm=61370,8684512,8684496,8684688,8684208,8687808,8696112,8684256,8690160,8684528&alrpm=ALL&ascf=[%7B%22key%22:%22ALL%22,%22value%22:%22%22%7D]",linked_page,4,success_after_fallback
c948c38272e7,2026-09-29,b5d41f3f3457,Lockheed Martin,https://www.lockheedmartin.com/,https://www.lockheedmartin.com/en-us/careers/candidates/students-early-careers.html,Meet our Interns,https://www.lockheedmartin.com/en-us/careers/life-at-lm/2023/early-career-lessons-learned.html,"Ballston Spa, NY, United States",Ballston Spa,NY,United States,Not specified,,,,Space & Defense,2026-09-29,2026-09-29,https://www.lockheedmartin.com/en-us/careers/candidates/students-early-careers.html,linked_page,4,success_after_fallback
7b55bfd73ff8,2026-09-29,6f56721ec5b5,Lourdes Industries,https://lourdesinc.com/,https://lourdesinc.com/careers,Facilities Manufacturing Maintenance & EHS Supervisor -Aerospace,https://lourdesinc.com/careers/05a92983f176e193/facilities-manufacturing-maintenance-ehs-supervisor-aerospace,"📍 Hauppauge, NY",📍 Hauppauge,NY,United States,Not specified,,,,Space & Defense,2026-09-29,2026-09-29,https://lourdesinc.com/careers,known_careers_url,3,success
ac6ac155e05e,2026-09-29,6f56721ec5b5,Lourdes Industries,https://lourdesinc.com/,https://lourdesinc.com/careers,Mechanical Assembler - III--Aerospace,https://lourdesinc.com/careers/9dcd85a1be748d78/mechanical-assembler-iii-aerospace,"📍 Hauppauge, NY",📍 Hauppauge,NY,United States,Not specified,,,,Space & Defense,2026-09-29,2026-09-29,https://lourdesinc.com/careers,known_careers_url,3,success
25205774476d,2026-09-29,6f56721ec5b5,Lourdes Industries,https://lourdesinc.com/,https://lourdesinc.com/careers,QC Inspector I - Aerospace,https://lourdesinc.com/careers/077b4117e76426e7/qc-inspector-i-aerospace,"📍 Hauppauge, NY",📍 Hauppauge,NY,United States,Not specified,,,,Space & Defense,2026-09-29,2026-09-29,https://lourdesinc.com/careers,known_careers_url,3,success
c35bc1808cc8,2026-09-29,6f56721ec5b5,Lourdes Industries,https://lourdesinc.com/,https://lourdesinc.com/careers,QC Inspector II - Aerospace,https://lourdesinc.com/careers/6e6290c6cd68bd03/qc-inspector-ii-aerospace,"📍 Hauppauge, NY",📍 Hauppauge,NY,United States,Not specified,,,,Space & Defense,2026-09-29,2026-09-29,https://lourdesinc.com/careers,known_careers_url,3,success
6a6aa6c05c4a,2026-09-29,ee835297a5f7,Magellan Aerospace,https://magellan.aero/,https://careers.magellan.aero/search?createNewAlert=false&q=&locationsearch=&optionsFacetsDD_department=,Sr Rocket Sys Engineering,https://careers.magellan.aero/job/Winnipeg-Sr-Rocket-Sys-Engineering-MB-R3H-0S5/605689517,"Bohemia, NY, United States",Bohemia,NY,United States,Not specified,,,,Core Space,2026-09-29,2026-09-29,https://careers.magellan.aero/search?createNewAlert=false&q=&locationsearch=&optionsFacetsDD_department=,linked_page,4,success_after_fallback
575c03f3f0f9,2026-09-29,ee835297a5f7,Magellan Aerospace,https://magellan.aero/,https://careers.magellan.aero/search?createNewAlert=false&q=&locationsearch=&optionsFacetsDD_department=,N/C & Conventional Grinder Operator (Aerospace),https://careers.magellan.aero/job/Corona-NC-&-Conventional-Grinder-Operator-%28Aerospace%29-NY-11368/606559717,"Bohemia, NY, United States",Bohemia,NY,United States,Not specified,,,,Core Space,2026-09-29,2026-09-29,https://careers.magellan.aero/search?createNewAlert=false&q=&locationsearch=&optionsFacetsDD_department=,linked_page,4,success_after_fallback
7e8934c30707,2026-09-29,ee835297a5f7,Magellan Aerospace,https://magellan.aero/,https://careers.magellan.aero/search?createNewAlert=false&q=&locationsearch=&optionsFacetsDD_department=,Maintenance Technician,https://careers.magellan.aero/job/Corona-Maintenance-Technician-NY-11368/606559617,"Bohemia, NY, United States",Bohemia,NY,United States,Not specified,,,,Core Space,2026-09-29,2026-09-29,https://careers.magellan.aero/search?createNewAlert=false&q=&locationsearch=&optionsFacetsDD_department=,linked_page,4,success_after_fallback
cb43e58c7653,2026-09-29,ee835297a5f7,Magellan Aerospace,https://magellan.aero/,https://careers.magellan.aero/search?createNewAlert=false&q=&locationsearch=&optionsFacetsDD_department=,CMM Operator (Night Shift),https://careers.magellan.aero/job/Bohemia-CMM-Operator-%28Night-Shift%29-NY-11716/606559817,"Bohemia, NY, United States",Bohemia,NY,United States,Not specified,,,,Core Space,2026-09-29,2026-09-29,https://careers.magellan.aero/search?createNewAlert=false&q=&locationsearch=&optionsFacetsDD_department=,linked_page,4,success_after_fallback
ca855d08fe2f,2026-09-29,ee835297a5f7,Magellan Aerospace,https://magellan.aero/,https://careers.magellan.aero/search?createNewAlert=false&q=&locationsearch=&optionsFacetsDD_department=,Tool Designer,https://careers.magellan.aero/job/Winnipeg-Tool-Designer-MB-R3H-0S5/606532617,"Bohemia, NY, United States",Bohemia,NY,United States,Not specified,,,,Core Space,2026-09-29,2026-09-29,https://careers.magellan.aero/search?createNewAlert=false&q=&locationsearch=&optionsFacetsDD_department=,linked_page,4,success_after_fallback
2357e3b51352,2026-09-29,ee835297a5f7,Magellan Aerospace,https://magellan.aero/,https://careers.magellan.aero/search?createNewAlert=false&q=&locationsearch=&optionsFacetsDD_department=,"Manager, Finance",https://careers.magellan.aero/job/Haverhill-Manager%2C-Finance-MA-01832/606540617,"Bohemia, NY, United States",Bohemia,NY,United States,Not specified,,,,Core Space,2026-09-29,2026-09-29,https://careers.magellan.aero/search?createNewAlert=false&q=&locationsearch=&optionsFacetsDD_department=,linked_page,4,success_after_fallback
715208dc7016,2026-09-29,ee835297a5f7,Magellan Aerospace,https://magellan.aero/,https://careers.magellan.aero/search?createNewAlert=false&q=&locationsearch=&optionsFacetsDD_department=,Human Resources Coordinator,https://careers.magellan.aero/job/Glendale-Human-Resources-Coordinator-AZ-85301/606552017,"Bohemia, NY, United States",Bohemia,NY,United States,Not specified,,,,Core Space,2026-09-29,2026-09-29,https://careers.magellan.aero/search?createNewAlert=false&q=&locationsearch=&optionsFacetsDD_department=,linked_page,4,success_after_fallback
f46bb794c505,2026-09-29,ee835297a5f7,Magellan Aerospace,https://magellan.aero/,https://careers.magellan.aero/search?createNewAlert=false&q=&locationsearch=&optionsFacetsDD_department=,Manufacturing Engineering Manager,https://careers.magellan.aero/job/Middletown-Manufacturing-Engineering-Manager-OH-45040/606522517,"Bohemia, NY, United States",Bohemia,NY,United States,Not specified,,,,Core Space,2026-09-29,2026-09-29,https://careers.magellan.aero/search?createNewAlert=false&q=&locationsearch=&optionsFacetsDD_department=,linked_page,4,success_after_fallback
0a0b06ed3038,2026-09-29,ee835297a5f7,Magellan Aerospace,https://magellan.aero/,https://careers.magellan.aero/search?createNewAlert=false&q=&locationsearch=&optionsFacetsDD_department=,Finance Manager,https://careers.magellan.aero/job/Kitchener-Finance-Manager-ON-N2C-1J1/606540517,"Bohemia, NY, United States",Bohemia,NY,United States,Not specified,,,,Core Space,2026-09-29,2026-09-29,https://careers.magellan.aero/search?createNewAlert=false&q=&locationsearch=&optionsFacetsDD_department=,linked_page,4,success_after_fallback
165c94ae8dba,2026-09-29,ee835297a5f7,Magellan Aerospace,https://magellan.aero/,https://careers.magellan.aero/search?createNewAlert=false&q=&locationsearch=&optionsFacetsDD_department=,Enviro Health & Safety Manager,https://careers.magellan.aero/job/Glendale-Enviro-Health-&-Safety-Manager-AZ-85301/604016217,"Bohemia, NY, United States",Bohemia,NY,United States,Not specified,,,,Core Space,2026-09-29,2026-09-29,https://careers.magellan.aero/search?createNewAlert=false&q=&locationsearch=&optionsFacetsDD_department=,linked_page,4,success_after_fallback
ec717ebe2e87,2026-09-29,c67c1581a301,Mini Circuits Brooklyn,https://www.minicircuits.com/,https://jobs.jobvite.com/mini-circuits/jobs/positions,Engineering Pipeline,https://jobs.jobvite.com/mini-circuits/jobs/pipeline,"Brooklyn, NY, United States",Brooklyn,NY,United States,Not specified,,,,Core Space,2026-09-29,2026-09-29,https://jobs.jobvite.com/mini-circuits/jobs/positions,known_careers_url,4,success
3e9f56e5a038,2026-09-29,c67c1581a301,Mini Circuits Brooklyn,https://www.minicircuits.com/,https://jobs.jobvite.com/mini-circuits/jobs/positions,"Product Marketing Engineer II - Core BU Full-Time Melville, New York",https://jobs.jobvite.com/mini-circuits/job/oXLQAfwS,"Melville, New York",Melville,NY,United States,Not specified,,,,Core Space,2026-09-29,2026-09-29,https://jobs.jobvite.com/mini-circuits/jobs/positions,known_careers_url,4,success
a6039338ed48,2026-09-29,c67c1581a301,Mini Circuits Brooklyn,https://www.minicircuits.com/,https://jobs.jobvite.com/mini-circuits/jobs/positions,"Sr. Engineering Project Manager-Core BU Full-Time Melville, New York",https://jobs.jobvite.com/mini-circuits/job/o9R8zfwr,"Melville, New York",Melville,NY,United States,Not specified,,,,Core Space,2026-09-29,2026-09-29,https://jobs.jobvite.com/mini-circuits/jobs/positions,known_careers_url,4,success
dfad92ce6373,2026-09-29,c67c1581a301,Mini Circuits Brooklyn,https://www.minicircuits.com/,https://jobs.jobvite.com/mini-circuits/jobs/positions,"Electrical Test Engineering Manager Full-Time Brooklyn, New York",https://jobs.jobvite.com/mini-circuits/job/oBMNAfwu,"Brooklyn, New York",Brooklyn,NY,United States,Not specified,,,,Core Space,2026-09-29,2026-09-29,https://jobs.jobvite.com/mini-circuits/jobs/positions,known_careers_url,4,success
a06425e7131c,2026-09-29,c67c1581a301,Mini Circuits Brooklyn,https://www.minicircuits.com/,https://jobs.jobvite.com/mini-circuits/jobs/positions,"ERP Project Manager III Full-Time Melville, New York",https://jobs.jobvite.com/mini-circuits/job/oQxPAfww,"Melville, New York",Melville,NY,United States,Not specified,,,,Core Space,2026-09-29,2026-09-29,https://jobs.jobvite.com/mini-circuits/jobs/positions,known_careers_url,4,success
6e74b6f1efe0,2026-09-29,c67c1581a301,Mini Circuits Brooklyn,https://www.minicircuits.com/,https://jobs.jobvite.com/mini-circuits/jobs/positions,Field Applications Engineer - West Coast,https://jobs.jobvite.com/mini-circuits/job/o9l3zfwQ,"Remote, California",Remote,CA,United States,Remote,,,,Core Space,2026-09-29,2026-09-29,https://jobs.jobvite.com/mini-circuits/jobs/positions,known_careers_url,4,success
913280d599b2,2026-09-29,c67c1581a301,Mini Circuits Brooklyn,https://www.minicircuits.com/,https://jobs.jobvite.com/mini-circuits/jobs/positions,Field Applications Engineer NA Central,https://jobs.jobvite.com/mini-circuits/job/oaGmAfww,"Remote, New York",Remote,NY,United States,Remote,,,,Core Space,2026-09-29,2026-09-29,https://jobs.jobvite.com/mini-circuits/jobs/positions,known_careers_url,4,success
945cc4e177ae,2026-09-29,c67c1581a301,Mini Circuits Brooklyn,https://www.minicircuits.com/,https://jobs.jobvite.com/mini-circuits/jobs/positions,Engineering Micro-Assembler,https://jobs.jobvite.com/mini-circuits/job/o1zHAfwB,"Deer Park, New York",Deer Park,NY,United States,Not specified,,,,Core Space,2026-09-29,2026-09-29,https://jobs.jobvite.com/mini-circuits/jobs/positions,known_careers_url,4,success
ce59b6ee18c5,2026-09-29,c67c1581a301,Mini Circuits Brooklyn,https://www.minicircuits.com/,https://jobs.jobvite.com/mini-circuits/jobs/positions,RF Technician I,https://jobs.jobvite.com/mini-circuits/job/oq5vAfwk,"Deer Park, New York",Deer Park,NY,United States,Not specified,,,,Core Space,2026-09-29,2026-09-29,https://jobs.jobvite.com/mini-circuits/jobs/positions,known_careers_url,4,success
e45ae7610441,2026-09-29,c67c1581a301,Mini Circuits Brooklyn,https://www.minicircuits.com/,https://jobs.jobvite.com/mini-circuits/jobs/positions,RF Technician II/Team Lead,https://jobs.jobvite.com/mini-circuits/job/o8bKAfwn,"Deer Park, New York",Deer Park,NY,United States,Not specified,,,,Core Space,2026-09-29,2026-09-29,https://jobs.jobvite.com/mini-circuits/jobs/positions,known_careers_url,4,success
60930f7e9c32,2026-09-29,c67c1581a301,Mini Circuits Brooklyn,https://www.minicircuits.com/,https://jobs.jobvite.com/mini-circuits/jobs/positions,EHS Specialist,https://jobs.jobvite.com/mini-circuits/job/oERNAfwC,"Deer Park, New York",Deer Park,NY,United States,Not specified,,,,Core Space,2026-09-29,2026-09-29,https://jobs.jobvite.com/mini-circuits/jobs/positions,known_careers_url,4,success
3cab2ab376c8,2026-09-29,c67c1581a301,Mini Circuits Brooklyn,https://www.minicircuits.com/,https://jobs.jobvite.com/mini-circuits/jobs/positions,Senior Manager Environmental Health & Safety,https://jobs.jobvite.com/mini-circuits/job/od4qAfw1,"Brooklyn, NY, United States",Brooklyn,NY,United States,Not specified,,,,Core Space,2026-09-29,2026-09-29,https://jobs.jobvite.com/mini-circuits/jobs/positions,known_careers_url,4,success
16605ec4c643,2026-09-29,c67c1581a301,Mini Circuits Brooklyn,https://www.minicircuits.com/,https://jobs.jobvite.com/mini-circuits/jobs/positions,Product Engineer I/II,https://jobs.jobvite.com/mini-circuits/job/o2FJAfwK,"Hialeah, Florida",Hialeah,FL,United States,Not specified,,,,Core Space,2026-09-29,2026-09-29,https://jobs.jobvite.com/mini-circuits/jobs/positions,known_careers_url,4,success
7934ee5e1fe7,2026-09-29,c67c1581a301,Mini Circuits Brooklyn,https://www.minicircuits.com/,https://jobs.jobvite.com/mini-circuits/jobs/positions,Product Engineer Manager,https://jobs.jobvite.com/mini-circuits/job/omwuzfwF,"Hialeah, Florida",Hialeah,FL,United States,Not specified,,,,Core Space,2026-09-29,2026-09-29,https://jobs.jobvite.com/mini-circuits/jobs/positions,known_careers_url,4,success
570244db8638,2026-09-29,c67c1581a301,Mini Circuits Brooklyn,https://www.minicircuits.com/,https://jobs.jobvite.com/mini-circuits/jobs/positions,RF Design Engineer I,https://jobs.jobvite.com/mini-circuits/job/oTpPAfwr,"Hialeah, Florida",Hialeah,FL,United States,Not specified,,,,Core Space,2026-09-29,2026-09-29,https://jobs.jobvite.com/mini-circuits/jobs/positions,known_careers_url,4,success
5c3c15bf9988,2026-09-29,c67c1581a301,Mini Circuits Brooklyn,https://www.minicircuits.com/,https://jobs.jobvite.com/mini-circuits/jobs/positions,RF Design Engineer I,https://jobs.jobvite.com/mini-circuits/job/oYpPAfww,"Hialeah, Florida",Hialeah,FL,United States,Not specified,,,,Core Space,2026-09-29,2026-09-29,https://jobs.jobvite.com/mini-circuits/jobs/positions,known_careers_url,4,success
b22e99fbfea9,2026-09-29,c67c1581a301,Mini Circuits Brooklyn,https://www.minicircuits.com/,https://jobs.jobvite.com/mini-circuits/jobs/positions,Senior Manager - Engineering Services,https://jobs.jobvite.com/mini-circuits/job/olPPAfwj,"Melville, New York",Melville,NY,United States,Not specified,,,,Core Space,2026-09-29,2026-09-29,https://jobs.jobvite.com/mini-circuits/jobs/positions,known_careers_url,4,success
fd6473f727d6,2026-09-29,c67c1581a301,Mini Circuits Brooklyn,https://www.minicircuits.com/,https://jobs.jobvite.com/mini-circuits/jobs/positions,Senior Manager of Design Engineering,https://jobs.jobvite.com/mini-circuits/job/ocTgvfwA,"Hialeah, Florida",Hialeah,FL,United States,Not specified,,,,Core Space,2026-09-29,2026-09-29,https://jobs.jobvite.com/mini-circuits/jobs/positions,known_careers_url,4,success
55a063bf344f,2026-09-29,c67c1581a301,Mini Circuits Brooklyn,https://www.minicircuits.com/,https://jobs.jobvite.com/mini-circuits/jobs/positions,Senior RF Design Engineer - Core BU,https://jobs.jobvite.com/mini-circuits/job/oiLQAfwd,"Melville, New York",Melville,NY,United States,Not specified,,,,Core Space,2026-09-29,2026-09-29,https://jobs.jobvite.com/mini-circuits/jobs/positions,known_careers_url,4,success
cced1bd3bb9a,2026-09-29,c67c1581a301,Mini Circuits Brooklyn,https://www.minicircuits.com/,https://jobs.jobvite.com/mini-circuits/jobs/positions,Engineering Manager,https://jobs.jobvite.com/mini-circuits/job/o856zfwC,"Melville, New York",Melville,NY,United States,Not specified,,,,Core Space,2026-09-29,2026-09-29,https://jobs.jobvite.com/mini-circuits/jobs/positions,known_careers_url,4,success
a156d077534b,2026-09-29,c67c1581a301,Mini Circuits Brooklyn,https://www.minicircuits.com/,https://jobs.jobvite.com/mini-circuits/jobs/positions,Principal Design Engineer,https://jobs.jobvite.com/mini-circuits/job/oML0zfwQ,"Carlsbad, California",Carlsbad,CA,United States,Not specified,,,,Core Space,2026-09-29,2026-09-29,https://jobs.jobvite.com/mini-circuits/jobs/positions,known_careers_url,4,success
ad4046e78f2f,2026-09-29,c67c1581a301,Mini Circuits Brooklyn,https://www.minicircuits.com/,https://jobs.jobvite.com/mini-circuits/jobs/positions,RF Test Engineer - MMIC,https://jobs.jobvite.com/mini-circuits/job/oaxwAfwx,"Carlsbad, California",Carlsbad,CA,United States,Not specified,,,,Core Space,2026-09-29,2026-09-29,https://jobs.jobvite.com/mini-circuits/jobs/positions,known_careers_url,4,success
fd3d8fef8262,2026-09-29,c67c1581a301,Mini Circuits Brooklyn,https://www.minicircuits.com/,https://jobs.jobvite.com/mini-circuits/jobs/positions,Sr. Packaging Engineer,https://jobs.jobvite.com/mini-circuits/job/oSaLAfw7,"Brooklyn, NY, United States",Brooklyn,NY,United States,Not specified,,,,Core Space,2026-09-29,2026-09-29,https://jobs.jobvite.com/mini-circuits/jobs/positions,known_careers_url,4,success
f58acd793692,2026-09-29,c67c1581a301,Mini Circuits Brooklyn,https://www.minicircuits.com/,https://jobs.jobvite.com/mini-circuits/jobs/positions,Development Test Engineer II,https://jobs.jobvite.com/mini-circuits/job/ofhVzfwK,"Brooklyn, New York",Brooklyn,NY,United States,Not specified,,,,Core Space,2026-09-29,2026-09-29,https://jobs.jobvite.com/mini-circuits/jobs/positions,known_careers_url,4,success
95fd8732f9fe,2026-09-29,c67c1581a301,Mini Circuits Brooklyn,https://www.minicircuits.com/,https://jobs.jobvite.com/mini-circuits/jobs/positions,PCB Designer II - MMIC,https://jobs.jobvite.com/mini-circuits/job/ovBkAfwK,"Melville, New York",Melville,NY,United States,Not specified,,,,Core Space,2026-09-29,2026-09-29,https://jobs.jobvite.com/mini-circuits/jobs/positions,known_careers_url,4,success
3a888e3d6aa2,2026-09-29,c67c1581a301,Mini Circuits Brooklyn,https://www.minicircuits.com/,https://jobs.jobvite.com/mini-circuits/jobs/positions,Senior Mechanical Design Engineer,https://jobs.jobvite.com/mini-circuits/job/ocdjAfw2,"Melville, New York",Melville,NY,United States,Not specified,,,,Core Space,2026-09-29,2026-09-29,https://jobs.jobvite.com/mini-circuits/jobs/positions,known_careers_url,4,success
66c744b92d17,2026-09-29,c67c1581a301,Mini Circuits Brooklyn,https://www.minicircuits.com/,https://jobs.jobvite.com/mini-circuits/jobs/positions,Manager - Business Unit Finance Partners (FP&A Manager),https://jobs.jobvite.com/mini-circuits/job/oFcRAfw2,"Melville, New York",Melville,NY,United States,Not specified,,,,Core Space,2026-09-29,2026-09-29,https://jobs.jobvite.com/mini-circuits/jobs/positions,known_careers_url,4,success
195ee6552a15,2026-09-29,c67c1581a301,Mini Circuits Brooklyn,https://www.minicircuits.com/,https://jobs.jobvite.com/mini-circuits/jobs/positions,Level 2 Switch Assembly Operator,https://jobs.jobvite.com/mini-circuits/job/oP3PAfw1,"Brooklyn, New York",Brooklyn,NY,United States,Not specified,,,,Core Space,2026-09-29,2026-09-29,https://jobs.jobvite.com/mini-circuits/jobs/positions,known_careers_url,4,success
e4379a06ee4a,2026-09-29,c67c1581a301,Mini Circuits Brooklyn,https://www.minicircuits.com/,https://jobs.jobvite.com/mini-circuits/jobs/positions,Manager - Global Supply Chain Systems,https://jobs.jobvite.com/mini-circuits/job/oydFAfwK,"Melville, New York",Melville,NY,United States,Not specified,,,,Core Space,2026-09-29,2026-09-29,https://jobs.jobvite.com/mini-circuits/jobs/positions,known_careers_url,4,success
37c7a9e0001d,2026-09-29,c67c1581a301,Mini Circuits Brooklyn,https://www.minicircuits.com/,https://jobs.jobvite.com/mini-circuits/jobs/positions,Technical Recruiter,https://jobs.jobvite.com/mini-circuits/job/oylEAfwR,"Melville, New York",Melville,NY,United States,Not specified,,,,Core Space,2026-09-29,2026-09-29,https://jobs.jobvite.com/mini-circuits/jobs/positions,known_careers_url,4,success
cb455cbd87fb,2026-09-29,c67c1581a301,Mini Circuits Brooklyn,https://www.minicircuits.com/,https://jobs.jobvite.com/mini-circuits/jobs/positions,Sr. Manager AI & Software Engineering,https://jobs.jobvite.com/mini-circuits/job/ofRFAfw5,"Melville, New York",Melville,NY,United States,Not specified,,,,Core Space,2026-09-29,2026-09-29,https://jobs.jobvite.com/mini-circuits/jobs/positions,known_careers_url,4,success
3b79409f6427,2026-09-29,c67c1581a301,Mini Circuits Brooklyn,https://www.minicircuits.com/,https://jobs.jobvite.com/mini-circuits/jobs/positions,Automation Systems Engineer II,https://jobs.jobvite.com/mini-circuits/job/oUNKyfwJ,"Brooklyn, New York",Brooklyn,NY,United States,Not specified,,,,Core Space,2026-09-29,2026-09-29,https://jobs.jobvite.com/mini-circuits/jobs/positions,known_careers_url,4,success
782fe4dfd6b3,2026-09-29,c67c1581a301,Mini Circuits Brooklyn,https://www.minicircuits.com/,https://jobs.jobvite.com/mini-circuits/jobs/positions,Operations Program Manager - Hi-Rel,https://jobs.jobvite.com/mini-circuits/job/oxyLAfwa,"Brooklyn, New York",Brooklyn,NY,United States,Not specified,,,,Core Space,2026-09-29,2026-09-29,https://jobs.jobvite.com/mini-circuits/jobs/positions,known_careers_url,4,success
31d5ecdb763f,2026-09-29,c67c1581a301,Mini Circuits Brooklyn,https://www.minicircuits.com/,https://jobs.jobvite.com/mini-circuits/jobs/positions,Maintenance & Calibration Technician,https://jobs.jobvite.com/mini-circuits/job/oh5PAfwv,"Hialeah, Florida",Hialeah,FL,United States,Not specified,,,,Core Space,2026-09-29,2026-09-29,https://jobs.jobvite.com/mini-circuits/jobs/positions,known_careers_url,4,success
c839efcea6da,2026-09-29,c67c1581a301,Mini Circuits Brooklyn,https://www.minicircuits.com/,https://jobs.jobvite.com/mini-circuits/jobs/positions,NA Operations Project Manager III,https://jobs.jobvite.com/mini-circuits/job/oMhWyfwh,"Brooklyn, NY, United States",Brooklyn,NY,United States,Not specified,,,,Core Space,2026-09-29,2026-09-29,https://jobs.jobvite.com/mini-circuits/jobs/positions,known_careers_url,4,success
62d3873f5a92,2026-09-29,c67c1581a301,Mini Circuits Brooklyn,https://www.minicircuits.com/,https://jobs.jobvite.com/mini-circuits/jobs/positions,SAP S/4HANA Supply Chain Functional Lead,https://jobs.jobvite.com/mini-circuits/job/ohpPAfwP,"Melville, New York",Melville,NY,United States,Not specified,,,,Core Space,2026-09-29,2026-09-29,https://jobs.jobvite.com/mini-circuits/jobs/positions,known_careers_url,4,success
d6ba4f131525,2026-09-29,c67c1581a301,Mini Circuits Brooklyn,https://www.minicircuits.com/,https://jobs.jobvite.com/mini-circuits/jobs/positions,SAP ERP Manager,https://jobs.jobvite.com/mini-circuits/job/ogUJzfwc,"Melville, New York",Melville,NY,United States,Not specified,,,,Core Space,2026-09-29,2026-09-29,https://jobs.jobvite.com/mini-circuits/jobs/positions,known_careers_url,4,success
1f5311b4790e,2026-09-29,c67c1581a301,Mini Circuits Brooklyn,https://www.minicircuits.com/,https://jobs.jobvite.com/mini-circuits/jobs/positions,SAP Finance (FICO) Solution Specialist,https://jobs.jobvite.com/mini-circuits/job/o4t2zfwS,"Melville, New York",Melville,NY,United States,Not specified,,,,Core Space,2026-09-29,2026-09-29,https://jobs.jobvite.com/mini-circuits/jobs/positions,known_careers_url,4,success
f2f0b0edb725,2026-09-29,c67c1581a301,Mini Circuits Brooklyn,https://www.minicircuits.com/,https://jobs.jobvite.com/mini-circuits/jobs/positions,SAP Master Data Solution Specialist,https://jobs.jobvite.com/mini-circuits/job/oK7LvfwR,"Melville, New York",Melville,NY,United States,Not specified,,,,Core Space,2026-09-29,2026-09-29,https://jobs.jobvite.com/mini-circuits/jobs/positions,known_careers_url,4,success
44cdc2499058,2026-09-29,c67c1581a301,Mini Circuits Brooklyn,https://www.minicircuits.com/,https://jobs.jobvite.com/mini-circuits/jobs/positions,SAP Sales and Distribution (SD) Solution Specialist,https://jobs.jobvite.com/mini-circuits/job/otlKAfwS,"Melville, New York",Melville,NY,United States,Not specified,,,,Core Space,2026-09-29,2026-09-29,https://jobs.jobvite.com/mini-circuits/jobs/positions,known_careers_url,4,success
5f3686a35033,2026-09-29,c67c1581a301,Mini Circuits Brooklyn,https://www.minicircuits.com/,https://jobs.jobvite.com/mini-circuits/jobs/positions,Regulatory Compliance & Sustainability Program Manager,https://jobs.jobvite.com/mini-circuits/job/ol5rAfwb,"Melville, New York",Melville,NY,United States,Not specified,,,,Core Space,2026-09-29,2026-09-29,https://jobs.jobvite.com/mini-circuits/jobs/positions,known_careers_url,4,success
77284f85f386,2026-09-29,c67c1581a301,Mini Circuits Brooklyn,https://www.minicircuits.com/,https://jobs.jobvite.com/mini-circuits/jobs/positions,Senior Reliability Technician,https://jobs.jobvite.com/mini-circuits/job/oRrrAfw3,"Brooklyn, New York",Brooklyn,NY,United States,Not specified,,,,Core Space,2026-09-29,2026-09-29,https://jobs.jobvite.com/mini-circuits/jobs/positions,known_careers_url,4,success
803b97524767,2026-09-29,c67c1581a301,Mini Circuits Brooklyn,https://www.minicircuits.com/,https://jobs.jobvite.com/mini-circuits/jobs/positions,Regional Sales Manager - NA Central,https://jobs.jobvite.com/mini-circuits/job/oj4bAfwS,"Brooklyn, NY, United States",Brooklyn,NY,United States,Not specified,,,,Core Space,2026-09-29,2026-09-29,https://jobs.jobvite.com/mini-circuits/jobs/positions,known_careers_url,4,success
dd051daf762f,2026-09-29,c67c1581a301,Mini Circuits Brooklyn,https://www.minicircuits.com/,https://jobs.jobvite.com/mini-circuits/jobs/positions,Sales Operations Director,https://jobs.jobvite.com/mini-circuits/job/oYvNzfwz,"Melville, New York",Melville,NY,United States,Not specified,,,,Core Space,2026-09-29,2026-09-29,https://jobs.jobvite.com/mini-circuits/jobs/positions,known_careers_url,4,success
4add009a0d64,2026-09-29,c67c1581a301,Mini Circuits Brooklyn,https://www.minicircuits.com/,https://jobs.jobvite.com/mini-circuits/jobs/positions,Level 2 Switch Assembly Operator,https://jobs.jobvite.com/mini-circuits/job/oAHkAfwV,"Brooklyn, New York",Brooklyn,NY,United States,Not specified,,,,Core Space,2026-09-29,2026-09-29,https://jobs.jobvite.com/mini-circuits/jobs/positions,known_careers_url,4,success
806b0deb3a6a,2026-09-29,c67c1581a301,Mini Circuits Brooklyn,https://www.minicircuits.com/,https://jobs.jobvite.com/mini-circuits,Product Marketing Engineer II - Core BU,https://jobs.jobvite.com/mini-circuits/jobs/positions,"Brooklyn, NY, United States",Brooklyn,NY,United States,Not specified,,,,Core Space,2026-09-29,2026-09-29,https://jobs.jobvite.com/mini-circuits,ats_detected,4,success_after_fallback
6ecdf79b52b8,2026-09-29,c67c1581a301,Mini Circuits Brooklyn,https://www.minicircuits.com/,https://jobs.jobvite.com/mini-circuits/job/oN6PAfw2,HR Generalist,https://jobs.jobvite.com/mini-circuits/job/oN6PAfw2,"Hialeah, Florida, United States",Hialeah,FL,United States,Not specified,,,Human Resources,Core Space,2026-09-29,2026-09-29,https://jobs.jobvite.com/mini-circuits/job/oN6PAfw2,ats_detected,3,success_after_fallback
4faa91010b72,2026-09-29,6a2f5abb3318,North Atlantic Industries,https://www.naii.com/,https://www.naii.com/Opportunities,Qualification Test Technician,https://recruiting.paylocity.com/recruiting/jobs/Apply/4534925/North-Atlantic-Industries-Inc/Qualification-Test-Technician,"Bohemia, NY",Bohemia,NY,United States,Not specified,,,,Space & Defense,2026-09-29,2026-09-29,https://www.naii.com/Opportunities,linked_page,4,success_after_fallback
9031e497a642,2026-09-29,6a2f5abb3318,North Atlantic Industries,https://www.naii.com/,https://www.naii.com/Opportunities,Pcb Designer Iii Remote Us,https://recruiting.paylocity.com/recruiting/jobs/Apply/4532746/North-Atlantic-Industries-Inc/PCB-Designer-III-Remote---US,"Bohemia, NY, United States",Bohemia,NY,United States,Remote,,,,Space & Defense,2026-09-29,2026-09-29,https://www.naii.com/Opportunities,linked_page,4,success_after_fallback
b694e78957f2,2026-09-29,6a2f5abb3318,North Atlantic Industries,https://www.naii.com/,https://www.naii.com/Opportunities,Test Engineer I Software,https://recruiting.paylocity.com/recruiting/jobs/Apply/4523859/North-Atlantic-Industries-Inc/Test-Engineer-I---Software,"Bohemia, NY",Bohemia,NY,United States,Not specified,,,"oriented individual who can also work independently, has a deep understanding of",Space & Defense,2026-09-29,2026-09-29,https://www.naii.com/Opportunities,linked_page,4,success_after_fallback
3e66b7d91653,2026-09-29,6a2f5abb3318,North Atlantic Industries,https://www.naii.com/,https://www.naii.com/Opportunities,Intern Process Engineer,https://recruiting.paylocity.com/recruiting/jobs/Apply/4435511/North-Atlantic-Industries-Inc/Intern---Process-Engineer,"Rapid City, South Dakota",Rapid City,SD,United States,Not specified,,,,Space & Defense,2026-09-29,2026-09-29,https://www.naii.com/Opportunities,linked_page,4,success_after_fallback
0207cf69ad6b,2026-09-29,6a2f5abb3318,North Atlantic Industries,https://www.naii.com/,https://www.naii.com/Opportunities,Electrical Engineer Sustaining,https://recruiting.paylocity.com/recruiting/jobs/Apply/4504096/North-Atlantic-Industries-Inc/Electrical-Engineer-Sustaining,"Bohemia, NY",Bohemia,NY,United States,Not specified,,,,Space & Defense,2026-09-29,2026-09-29,https://www.naii.com/Opportunities,linked_page,4,success_after_fallback
e8e642db6621,2026-09-29,6a2f5abb3318,North Atlantic Industries,https://www.naii.com/,https://www.naii.com/Opportunities,Intern Quality Engineer Summer,https://recruiting.paylocity.com/recruiting/jobs/Apply/4501218/North-Atlantic-Industries-Inc/Intern---Quality-Engineer-Summer-2027,"Bohemia, NY",Bohemia,NY,United States,Not specified,,,,Space & Defense,2026-09-29,2026-09-29,https://www.naii.com/Opportunities,linked_page,4,success_after_fallback
b6a05b4913d3,2026-09-29,6a2f5abb3318,North Atlantic Industries,https://www.naii.com/,https://www.naii.com/Opportunities,Intern Software Engineer Summer,https://recruiting.paylocity.com/recruiting/jobs/Apply/4501273/North-Atlantic-Industries-Inc/Intern---Software-Engineer-Summer-2027,"Bohemia, NY",Bohemia,NY,United States,Not specified,,,,Space & Defense,2026-09-29,2026-09-29,https://www.naii.com/Opportunities,linked_page,4,success_after_fallback
4480a229021f,2026-09-29,6a2f5abb3318,North Atlantic Industries,https://www.naii.com/,https://www.naii.com/Opportunities,Intern Test Engineer Summer,https://recruiting.paylocity.com/recruiting/jobs/Apply/4501298/North-Atlantic-Industries-Inc/Intern---Test-Engineer-Summer-2027,"Bohemia, NY",Bohemia,NY,United States,Not specified,,,,Space & Defense,2026-09-29,2026-09-29,https://www.naii.com/Opportunities,linked_page,4,success_after_fallback
eb900bc7440b,2026-09-29,6a2f5abb3318,North Atlantic Industries,https://www.naii.com/,https://www.naii.com/Opportunities,Intern Electrical Design Engineer Summer,https://recruiting.paylocity.com/recruiting/jobs/Apply/4501330/North-Atlantic-Industries-Inc/Intern---Electrical-Design-Engineer-Summer-2027,"Bohemia, NY",Bohemia,NY,United States,Not specified,,,,Space & Defense,2026-09-29,2026-09-29,https://www.naii.com/Opportunities,linked_page,4,success_after_fallback
77d2cdb3c175,2026-09-29,6a2f5abb3318,North Atlantic Industries,https://www.naii.com/,https://www.naii.com/Opportunities,Intern Mechanical Engineer Summer,https://recruiting.paylocity.com/recruiting/jobs/Apply/4501357/North-Atlantic-Industries-Inc/Intern---Mechanical-Engineer-Summer-2027,"Bohemia, NY",Bohemia,NY,United States,Not specified,,,,Space & Defense,2026-09-29,2026-09-29,https://www.naii.com/Opportunities,linked_page,4,success_after_fallback
d4841176ca11,2026-09-29,6a2f5abb3318,North Atlantic Industries,https://www.naii.com/,https://www.naii.com/Opportunities,Intern Electrical Engineer Power Summer,https://recruiting.paylocity.com/recruiting/jobs/Apply/4501161/North-Atlantic-Industries-Inc/Intern---Electrical-Engineer-Power-Summer-2027,"Bohemia, NY",Bohemia,NY,United States,Not specified,,,,Space & Defense,2026-09-29,2026-09-29,https://www.naii.com/Opportunities,linked_page,4,success_after_fallback
6a57a7d2b3cd,2026-09-29,6a2f5abb3318,North Atlantic Industries,https://www.naii.com/,https://www.naii.com/Opportunities,Intern Manufacturing Engineer Summer,https://recruiting.paylocity.com/recruiting/jobs/Apply/4501124/North-Atlantic-Industries-Inc/Intern---Manufacturing-Engineer-Summer-2027,"Bohemia, NY",Bohemia,NY,United States,Not specified,,,,Space & Defense,2026-09-29,2026-09-29,https://www.naii.com/Opportunities,linked_page,4,success_after_fallback
40a9bbf7978f,2026-09-29,6a2f5abb3318,North Atlantic Industries,https://www.naii.com/,https://www.naii.com/Opportunities,Intern Full Stack Software Engineer Summer,https://recruiting.paylocity.com/recruiting/jobs/Apply/4501054/North-Atlantic-Industries-Inc/Intern---Full-Stack-Software-Engineer-Summer-2027,"Bohemia, NY",Bohemia,NY,United States,Not specified,,,,Space & Defense,2026-09-29,2026-09-29,https://www.naii.com/Opportunities,linked_page,4,success_after_fallback
14a55e91f06e,2026-09-29,6a2f5abb3318,North Atlantic Industries,https://www.naii.com/,https://www.naii.com/Opportunities,Intern Test Automation Engineer Summer,https://recruiting.paylocity.com/recruiting/jobs/Apply/4501024/North-Atlantic-Industries-Inc/Intern---Test-Automation-Engineer-Summer-2027,"Bohemia, NY",Bohemia,NY,United States,Not specified,,,,Space & Defense,2026-09-29,2026-09-29,https://www.naii.com/Opportunities,linked_page,4,success_after_fallback
124c612d24af,2026-09-29,6a2f5abb3318,North Atlantic Industries,https://www.naii.com/,https://www.naii.com/Opportunities,Intern Software Engineer Fall,https://recruiting.paylocity.com/recruiting/jobs/Apply/4450421/North-Atlantic-Industries-Inc/Intern---Software-Engineer-Fall-2026,"Bohemia, NY",Bohemia,NY,United States,Not specified,,,,Space & Defense,2026-09-29,2026-09-29,https://www.naii.com/Opportunities,linked_page,4,success_after_fallback
54ad688d63fc,2026-09-29,6a2f5abb3318,North Atlantic Industries,https://www.naii.com/,https://www.naii.com/Opportunities,Intern Full Stack Software Engineer Fall,https://recruiting.paylocity.com/recruiting/jobs/Apply/4450017/North-Atlantic-Industries-Inc/Intern---Full-Stack-Software-Engineer-Fall-2026,"Bohemia, NY",Bohemia,NY,United States,Not specified,,,,Space & Defense,2026-09-29,2026-09-29,https://www.naii.com/Opportunities,linked_page,4,success_after_fallback
45efdd2e7f6e,2026-09-29,6a2f5abb3318,North Atlantic Industries,https://www.naii.com/,https://www.naii.com/Opportunities,Electronics Applications Engineer Ii Hybrid,https://recruiting.paylocity.com/recruiting/jobs/Apply/4450709/North-Atlantic-Industries-Inc/Electronics-Applications-Engineer-II-Hybrid,"Bohemia, NY",Bohemia,NY,United States,Hybrid,,,,Space & Defense,2026-09-29,2026-09-29,https://www.naii.com/Opportunities,linked_page,4,success_after_fallback
9b4fc5c16628,2026-09-29,6a2f5abb3318,North Atlantic Industries,https://www.naii.com/,https://www.naii.com/Opportunities,Electronics Technician Ii,https://recruiting.paylocity.com/recruiting/jobs/Apply/4479256/North-Atlantic-Industries-Inc/Electronics-Technician-II,"Bohemia, NY",Bohemia,NY,United States,Not specified,,,,Space & Defense,2026-09-29,2026-09-29,https://www.naii.com/Opportunities,linked_page,4,success_after_fallback
5a4a9777ff8d,2026-09-29,6a2f5abb3318,North Atlantic Industries,https://www.naii.com/,https://www.naii.com/Opportunities,Mechanical Engineer Ii Electronics Packaging Thermal Design,https://recruiting.paylocity.com/recruiting/jobs/Apply/4438131/North-Atlantic-Industries-Inc/Mechanical-Engineer-II---Electronics-Packaging-Thermal-Design,"Bohemia, NY",Bohemia,NY,United States,Not specified,,,,Space & Defense,2026-09-29,2026-09-29,https://www.naii.com/Opportunities,linked_page,4,success_after_fallback
8d12cdb46525,2026-09-29,6a2f5abb3318,North Atlantic Industries,https://www.naii.com/,https://www.naii.com/Opportunities,Manufacturing Engineer I,https://recruiting.paylocity.com/recruiting/jobs/Apply/4450727/North-Atlantic-Industries-Inc/Manufacturing-Engineer-I,"Bohemia, NY",Bohemia,NY,United States,Not specified,,,,Space & Defense,2026-09-29,2026-09-29,https://www.naii.com/Opportunities,linked_page,4,success_after_fallback
81f6f90a85f7,2026-09-29,6a2f5abb3318,North Atlantic Industries,https://www.naii.com/,https://www.naii.com/Opportunities,Intern Electrical Engineer Test Systems Fall,https://recruiting.paylocity.com/recruiting/jobs/Apply/4450195/North-Atlantic-Industries-Inc/Intern---Electrical-Engineer-Test-Systems-Fall-2026,"Bohemia, NY",Bohemia,NY,United States,Not specified,,,,Space & Defense,2026-09-29,2026-09-29,https://www.naii.com/Opportunities,linked_page,4,success_after_fallback
1d50b7362d2c,2026-09-29,6a2f5abb3318,North Atlantic Industries,https://www.naii.com/,https://www.naii.com/Opportunities,Intern It Helpdesk Tech Fall,https://recruiting.paylocity.com/recruiting/jobs/Apply/4399410/North-Atlantic-Industries-Inc/Intern-IT-Helpdesk-Tech-Fall-2026,"Bohemia, NY",Bohemia,NY,United States,Not specified,,,,Space & Defense,2026-09-29,2026-09-29,https://www.naii.com/Opportunities,linked_page,4,success_after_fallback
3ad5459ef57e,2026-09-29,6a2f5abb3318,North Atlantic Industries,https://www.naii.com/,https://www.naii.com/Opportunities,Electronics Power Technician Ii,https://recruiting.paylocity.com/recruiting/jobs/Apply/4458207/North-Atlantic-Industries-Inc/Electronics-Power-Technician-II,"Bohemia, NY",Bohemia,NY,United States,Not specified,,,,Space & Defense,2026-09-29,2026-09-29,https://www.naii.com/Opportunities,linked_page,4,success_after_fallback
06bb9876fe36,2026-09-29,6a2f5abb3318,North Atlantic Industries,https://www.naii.com/,https://www.naii.com/Opportunities,Electronics Technician I,https://recruiting.paylocity.com/recruiting/jobs/Apply/4438944/North-Atlantic-Industries-Inc/Electronics-Technician-I,"Bohemia, NY",Bohemia,NY,United States,Not specified,,,,Space & Defense,2026-09-29,2026-09-29,https://www.naii.com/Opportunities,linked_page,4,success_after_fallback
92f6025efe59,2026-09-29,6a2f5abb3318,North Atlantic Industries,https://www.naii.com/,https://www.naii.com/Opportunities,Quality Assurance Engineer I,https://recruiting.paylocity.com/recruiting/jobs/Apply/4450692/North-Atlantic-Industries-Inc/Quality-Assurance-Engineer-I,"Bohemia, NY",Bohemia,NY,United States,Not specified,,,,Space & Defense,2026-09-29,2026-09-29,https://www.naii.com/Opportunities,linked_page,4,success_after_fallback
b2c5bb0b2c7b,2026-09-29,6a2f5abb3318,North Atlantic Industries,https://www.naii.com/,https://www.naii.com/Opportunities,Npi Smt Process Engineer,https://recruiting.paylocity.com/recruiting/jobs/Apply/4438125/North-Atlantic-Industries-Inc/NPI-SMT-Process-Engineer,"Bohemia, NY",Bohemia,NY,United States,Not specified,,,,Space & Defense,2026-09-29,2026-09-29,https://www.naii.com/Opportunities,linked_page,4,success_after_fallback
13e374cb3d1c,2026-09-29,0197a4411659,RCM Engineering,https://rcmengineeringgroup.com/,https://jobs.rcmhealthcare.com/,Technician Washington District Of Columbia,https://jobs.rcmhealthcare.com/job/335484-technician-washington-district-of-columbia,"West Sayville, NY, United States",West Sayville,NY,United States,Not specified,,,,Aerospace,2026-09-29,2026-09-29,https://jobs.rcmhealthcare.com/,linked_page,4,success_after_fallback
6496ac4ba1a2,2026-09-29,0197a4411659,RCM Engineering,https://rcmengineeringgroup.com/,https://jobs.rcmhealthcare.com/,Technician Washington District Of Columbia,https://jobs.rcmhealthcare.com/job/335483-technician-washington-district-of-columbia,"West Sayville, NY, United States",West Sayville,NY,United States,Not specified,,,,Aerospace,2026-09-29,2026-09-29,https://jobs.rcmhealthcare.com/,linked_page,4,success_after_fallback
523ecfa5a17c,2026-09-29,0939c3d7e29f,Saab Group,https://www.saab.com/,https://www.saab.com/career/job-opportunities,Contract Quality Manager Saab Dynamics ﻿,https://www.saab.com/career/job-opportunities/contract-quality-manager-saab-dynamics,"East Syracuse, NY, United States",East Syracuse,NY,United States,Not specified,,,,Space & Defense,2026-09-29,2026-09-29,https://www.saab.com/career/job-opportunities,known_careers_url,3,success
a9e58e72a200,2026-09-29,0939c3d7e29f,Saab Group,https://www.saab.com/,https://saabgroup.wd116.myworkdayjobs.com/Saab_careers/job/Linkping---Gelbgjutaregatan-2/Leveranskoordinator_REQ_45243-1/apply,Leveranskoordinator,https://saabgroup.wd116.myworkdayjobs.com/Saab_careers/job/Linkping---Gelbgjutaregatan-2/Leveranskoordinator_REQ_45243-1/apply,"East Syracuse, NY, United States",East Syracuse,NY,United States,Not specified,,,,Space & Defense,2026-09-29,2026-09-29,https://saabgroup.wd116.myworkdayjobs.com/Saab_careers/job/Linkping---Gelbgjutaregatan-2/Leveranskoordinator_REQ_45243-1/apply,ats_detected,3,success_after_fallback
ae51cb43d307,2026-09-29,0939c3d7e29f,Saab Group,https://www.saab.com/,https://www.saab.com/career/job-opportunities/examensarbete-30hp-examensarbete-inom-systems-engineering--modellbaserad-utveckling-av-produktfamilj-med-stod-av-sysml-v2,Xmlname Examensarbete 30Hp Examensarbete Inom Systems Engineering Modellbaserad Utveckling Av Produktfamilj Med Std Av Sysml V2 Req,https://saabgroup.wd116.myworkdayjobs.com/Saab_careers/job/Karlskoga---Boforsvgen-1/XMLNAME--Examensarbete-30hp--Examensarbete-inom-Systems-Engineering---Modellbaserad-utveckling-av-produktfamilj-med-std-av-SysML-v2_REQ_45344/apply,"East Syracuse, NY, United States",East Syracuse,NY,United States,Not specified,,,,Space & Defense,2026-09-29,2026-09-29,https://www.saab.com/career/job-opportunities/examensarbete-30hp-examensarbete-inom-systems-engineering--modellbaserad-utveckling-av-produktfamilj-med-stod-av-sysml-v2,linked_page,4,success_after_fallback
52f1288a0d65,2026-09-29,0939c3d7e29f,Saab Group,https://www.saab.com/,https://www.saab.com/career/job-opportunities/combat-systems-engineer,Combat Systems Engineer Req,https://saabgroup.wd116.myworkdayjobs.com/Saab_careers/job/Adelaide---21-Third-Avenue/Combat-Systems-Engineer_REQ_45053/apply,"East Syracuse, NY, United States",East Syracuse,NY,United States,Not specified,,,,Space & Defense,2026-09-29,2026-09-29,https://www.saab.com/career/job-opportunities/combat-systems-engineer,linked_page,4,success_after_fallback
d15709bd507f,2026-09-29,fdb04d86542a,SRI International,https://www.sri.com/,https://careers-sri.icims.com/jobs/search?ss=1&hashed=-625949242,Title Sr Image Sensor Development Engineer,https://careers-sri.icims.com/jobs/6517/sr-image-sensor-development-engineer/job,"Manhattan, NY, United States",Manhattan,NY,United States,Not specified,,,,Core Space,2026-09-29,2026-09-29,https://careers-sri.icims.com/jobs/search?ss=1&hashed=-625949242,ats_detected,5,success_after_fallback
7c40e02cdf52,2026-09-29,fdb04d86542a,SRI International,https://www.sri.com/,https://careers-sri.icims.com/jobs/search?ss=1&hashed=-625949242,Title Mechanical Engineer I/II,https://careers-sri.icims.com/jobs/6516/mechanical-engineer-i-ii/job,"Manhattan, NY, United States",Manhattan,NY,United States,Not specified,,,,Core Space,2026-09-29,2026-09-29,https://careers-sri.icims.com/jobs/search?ss=1&hashed=-625949242,ats_detected,5,success_after_fallback
a6ef8de54a9f,2026-09-29,fdb04d86542a,SRI International,https://www.sri.com/,https://careers-sri.icims.com/jobs/search?ss=1&hashed=-625949242,Title University of Michigan Career Event-Intern Opportunities,https://careers-sri.icims.com/jobs/6514/university-of-michigan-career-event-intern-opportunities/job,"Manhattan, NY, United States",Manhattan,NY,United States,Not specified,,,,Core Space,2026-09-29,2026-09-29,https://careers-sri.icims.com/jobs/search?ss=1&hashed=-625949242,ats_detected,5,success_after_fallback
5a5ead3f5966,2026-09-29,fdb04d86542a,SRI International,https://www.sri.com/,https://careers-sri.icims.com/jobs/search?ss=1&hashed=-625949242,Title Mechanical Engineer,https://careers-sri.icims.com/jobs/6513/mechanical-engineer/job,"Manhattan, NY, United States",Manhattan,NY,United States,Not specified,,,,Core Space,2026-09-29,2026-09-29,https://careers-sri.icims.com/jobs/search?ss=1&hashed=-625949242,ats_detected,5,success_after_fallback
5ab516230871,2026-09-29,fdb04d86542a,SRI International,https://www.sri.com/,https://careers-sri.icims.com/jobs/search?ss=1&hashed=-625949242,Title Sr Mechanical Engineer,https://careers-sri.icims.com/jobs/6512/sr-mechanical-engineer/job,"Manhattan, NY, United States",Manhattan,NY,United States,Not specified,,,,Core Space,2026-09-29,2026-09-29,https://careers-sri.icims.com/jobs/search?ss=1&hashed=-625949242,ats_detected,5,success_after_fallback
a1e77fd4437a,2026-09-29,fdb04d86542a,SRI International,https://www.sri.com/,https://careers-sri.icims.com/jobs/search?ss=1&hashed=-625949242,Title Literacy Research Associate,https://careers-sri.icims.com/jobs/6510/literacy-research-associate/job,"Manhattan, NY, United States",Manhattan,NY,United States,Remote,,,,Core Space,2026-09-29,2026-09-29,https://careers-sri.icims.com/jobs/search?ss=1&hashed=-625949242,ats_detected,5,success_after_fallback
de7482eb276a,2026-09-29,fdb04d86542a,SRI International,https://www.sri.com/,https://careers-sri.icims.com/jobs/search?ss=1&hashed=-625949242,Title Postdoctoral Fellow - Applied & Computational Scientists,https://careers-sri.icims.com/jobs/6506/postdoctoral-fellow---applied-%26-computational-scientists/job,"Manhattan, NY, United States",Manhattan,NY,United States,Not specified,,,,Core Space,2026-09-29,2026-09-29,https://careers-sri.icims.com/jobs/search?ss=1&hashed=-625949242,ats_detected,5,success_after_fallback
102c7b6f9f5f,2026-09-29,fdb04d86542a,SRI International,https://www.sri.com/,https://careers-sri.icims.com/jobs/search?ss=1&hashed=-625949242,Title Research Engineer I / II - Embedded Development Engineer,https://careers-sri.icims.com/jobs/6505/research-engineer-i---ii---embedded-development-engineer/job,"Manhattan, NY, United States",Manhattan,NY,United States,Remote,,,,Core Space,2026-09-29,2026-09-29,https://careers-sri.icims.com/jobs/search?ss=1&hashed=-625949242,ats_detected,5,success_after_fallback
dc33c273dc33,2026-09-29,fdb04d86542a,SRI International,https://www.sri.com/,https://careers-sri.icims.com/jobs/search?ss=1&hashed=-625949242,"Title Wafer Fab Operations Technicians (Machine Operations, Production Technicians)",https://careers-sri.icims.com/jobs/6465/wafer-fab-operations-technicians-%28machine-operations%2c-production-technicians%29/job,"Manhattan, NY, United States",Manhattan,NY,United States,On-site,,,,Core Space,2026-09-29,2026-09-29,https://careers-sri.icims.com/jobs/search?ss=1&hashed=-625949242,ats_detected,5,success_after_fallback
eb1fccc6f78a,2026-09-29,fdb04d86542a,SRI International,https://www.sri.com/,https://careers-sri.icims.com/jobs/search?ss=1&hashed=-625949242,Title Chemical Safety Engineer (Semiconductor),https://careers-sri.icims.com/jobs/6464/chemical-safety-engineer-%28semiconductor%29/job,"Manhattan, NY, United States",Manhattan,NY,United States,Not specified,,,,Core Space,2026-09-29,2026-09-29,https://careers-sri.icims.com/jobs/search?ss=1&hashed=-625949242,ats_detected,5,success_after_fallback
c0b92987ee7c,2026-09-29,fdb04d86542a,SRI International,https://www.sri.com/,https://careers-sri.icims.com/jobs/search?ss=1&hashed=-625949242,"Title Project Manager, Early Career, 60% travel",https://careers-sri.icims.com/jobs/6463/project-manager%2c-early-career%2c-60%25-travel/job,"Manhattan, NY, United States",Manhattan,NY,United States,Not specified,,,,Core Space,2026-09-29,2026-09-29,https://careers-sri.icims.com/jobs/search?ss=1&hashed=-625949242,ats_detected,5,success_after_fallback
31cfda380bd1,2026-09-29,fdb04d86542a,SRI International,https://www.sri.com/,https://careers-sri.icims.com/jobs/search?ss=1&hashed=-625949242,Title Research Engineer – Semiconductor Materials,https://careers-sri.icims.com/jobs/6460/research-engineer-%e2%80%93-semiconductor-materials/job,"Manhattan, NY, United States",Manhattan,NY,United States,Not specified,,,,Core Space,2026-09-29,2026-09-29,https://careers-sri.icims.com/jobs/search?ss=1&hashed=-625949242,ats_detected,5,success_after_fallback
0b2f87b7a4da,2026-09-29,fdb04d86542a,SRI International,https://www.sri.com/,https://careers-sri.icims.com/jobs/search?ss=1&hashed=-625949242,Title Sr Research Engineer - RF & Systems Engineer,https://careers-sri.icims.com/jobs/6458/sr-research-engineer---rf-%26-systems-engineer/job,"Manhattan, NY, United States",Manhattan,NY,United States,Remote,,,,Core Space,2026-09-29,2026-09-29,https://careers-sri.icims.com/jobs/search?ss=1&hashed=-625949242,ats_detected,5,success_after_fallback
af0dace94594,2026-09-29,fdb04d86542a,SRI International,https://www.sri.com/,https://careers-sri.icims.com/jobs/search?ss=1&hashed=-625949242,"Title Research Engineer II/III - FPGA, real-time and HPC code development (C programming)",https://careers-sri.icims.com/jobs/6457/research-engineer-ii-iii---fpga%2c-real-time-and-hpc-code-development-%28c-programming%29/job,"Manhattan, NY, United States",Manhattan,NY,United States,Remote,,,,Core Space,2026-09-29,2026-09-29,https://careers-sri.icims.com/jobs/search?ss=1&hashed=-625949242,ats_detected,5,success_after_fallback
5807c791eaa5,2026-09-29,fdb04d86542a,SRI International,https://www.sri.com/,https://careers-sri.icims.com/jobs/search?ss=1&hashed=-625949242,Title Sales and Operations Coordinator,https://careers-sri.icims.com/jobs/6455/sales-and-operations-coordinator/job,"Manhattan, NY, United States",Manhattan,NY,United States,Remote,,,,Core Space,2026-09-29,2026-09-29,https://careers-sri.icims.com/jobs/search?ss=1&hashed=-625949242,ats_detected,5,success_after_fallback
28df1f4c1bd9,2026-09-29,fdb04d86542a,SRI International,https://www.sri.com/,https://careers-sri.icims.com/jobs/search?ss=1&hashed=-625949242,Title IC Layout Engineer III,https://careers-sri.icims.com/jobs/6445/ic-layout-engineer-iii/job,"Manhattan, NY, United States",Manhattan,NY,United States,Not specified,,,,Core Space,2026-09-29,2026-09-29,https://careers-sri.icims.com/jobs/search?ss=1&hashed=-625949242,ats_detected,5,success_after_fallback
83cd75cf6b13,2026-09-29,fdb04d86542a,SRI International,https://www.sri.com/,https://careers-sri.icims.com/jobs/search?ss=1&hashed=-625949242,Title Associate Contracts Officer,https://careers-sri.icims.com/jobs/6443/associate-contracts-officer/job,"Manhattan, NY, United States",Manhattan,NY,United States,Remote,,,,Core Space,2026-09-29,2026-09-29,https://careers-sri.icims.com/jobs/search?ss=1&hashed=-625949242,ats_detected,5,success_after_fallback
6f88f052d223,2026-09-29,fdb04d86542a,SRI International,https://www.sri.com/,https://careers-sri.icims.com/jobs/search?ss=1&hashed=-625949242,Title Analog IC Design Engineer,https://careers-sri.icims.com/jobs/6441/analog-ic-design-engineer/job,"Manhattan, NY, United States",Manhattan,NY,United States,Not specified,,,,Core Space,2026-09-29,2026-09-29,https://careers-sri.icims.com/jobs/search?ss=1&hashed=-625949242,ats_detected,5,success_after_fallback
4d7d959e3ed1,2026-09-29,fdb04d86542a,SRI International,https://www.sri.com/,https://careers-sri.icims.com/jobs/search?ss=1&hashed=-625949242,"Title Research Scientist, electron beam lithography",https://careers-sri.icims.com/jobs/6440/research-scientist%2c-electron-beam-lithography/job,"Manhattan, NY, United States",Manhattan,NY,United States,On-site,,,,Core Space,2026-09-29,2026-09-29,https://careers-sri.icims.com/jobs/search?ss=1&hashed=-625949242,ats_detected,5,success_after_fallback
64b737edd5d0,2026-09-29,fdb04d86542a,SRI International,https://www.sri.com/,https://careers-sri.icims.com/jobs/search?ss=1&hashed=-625949242,Title Test Engineers I,https://careers-sri.icims.com/jobs/6439/test-engineers-i/job,"Manhattan, NY, United States",Manhattan,NY,United States,Not specified,,,,Core Space,2026-09-29,2026-09-29,https://careers-sri.icims.com/jobs/search?ss=1&hashed=-625949242,ats_detected,5,success_after_fallback
6d3d0ab8b735,2026-09-29,fdb04d86542a,SRI International,https://www.sri.com/,https://careers-sri.icims.com/jobs/search?ss=1&hashed=-625949242,Title Sr. Photonics Research Engineer,https://careers-sri.icims.com/jobs/6436/sr.-photonics-research-engineer/job,"Manhattan, NY, United States",Manhattan,NY,United States,On-site,,,,Core Space,2026-09-29,2026-09-29,https://careers-sri.icims.com/jobs/search?ss=1&hashed=-625949242,ats_detected,5,success_after_fallback
fd4e35a63d72,2026-09-29,fdb04d86542a,SRI International,https://www.sri.com/,https://careers-sri.icims.com/jobs/search?ss=1&hashed=-625949242,Title Materials Research Scientist/Engineer,https://careers-sri.icims.com/jobs/6428/materials-research-scientist-engineer/job,"Manhattan, NY, United States",Manhattan,NY,United States,Not specified,,,,Core Space,2026-09-29,2026-09-29,https://careers-sri.icims.com/jobs/search?ss=1&hashed=-625949242,ats_detected,5,success_after_fallback
6a229b52cf25,2026-09-29,fdb04d86542a,SRI International,https://www.sri.com/,https://careers-sri.icims.com/jobs/search?ss=1&hashed=-625949242,Title Robotics Software Engineer - II/III,https://careers-sri.icims.com/jobs/6427/robotics-software-engineer---ii-iii/job,"Manhattan, NY, United States",Manhattan,NY,United States,On-site,,,,Core Space,2026-09-29,2026-09-29,https://careers-sri.icims.com/jobs/search?ss=1&hashed=-625949242,ats_detected,5,success_after_fallback
95b1d44347a2,2026-09-29,fdb04d86542a,SRI International,https://www.sri.com/,https://careers-sri.icims.com/jobs/search?ss=1&hashed=-625949242,Title Sr Research Engineer-RF,https://careers-sri.icims.com/jobs/6407/sr-research-engineer-rf/job,"Manhattan, NY, United States",Manhattan,NY,United States,Remote,,,,Core Space,2026-09-29,2026-09-29,https://careers-sri.icims.com/jobs/search?ss=1&hashed=-625949242,ats_detected,5,success_after_fallback
8135fc124960,2026-09-29,fdb04d86542a,SRI International,https://www.sri.com/,https://careers-sri.icims.com/jobs/search?ss=1&hashed=-625949242,Title Sr Research Engineer-Project Principal Investigator - RF,https://careers-sri.icims.com/jobs/6406/sr-research-engineer-project-principal-investigator---rf/job,"Manhattan, NY, United States",Manhattan,NY,United States,Remote,,,,Core Space,2026-09-29,2026-09-29,https://careers-sri.icims.com/jobs/search?ss=1&hashed=-625949242,ats_detected,5,success_after_fallback
fc661e612cd6,2026-09-29,fdb04d86542a,SRI International,https://www.sri.com/,https://careers-sri.icims.com/jobs/search?ss=1&hashed=-625949242,Title Research Engineer II/III - RF Hardware,https://careers-sri.icims.com/jobs/6405/research-engineer-ii-iii---rf-hardware/job,"Manhattan, NY, United States",Manhattan,NY,United States,Remote,,,,Core Space,2026-09-29,2026-09-29,https://careers-sri.icims.com/jobs/search?ss=1&hashed=-625949242,ats_detected,5,success_after_fallback
f5c85183bee4,2026-09-29,fdb04d86542a,SRI International,https://www.sri.com/,https://careers-sri.icims.com/jobs/search?ss=1&hashed=-625949242,Title IC Design Engineer III,https://careers-sri.icims.com/jobs/6403/ic-design-engineer-iii/job,"Manhattan, NY, United States",Manhattan,NY,United States,Not specified,,,,Core Space,2026-09-29,2026-09-29,https://careers-sri.icims.com/jobs/search?ss=1&hashed=-625949242,ats_detected,5,success_after_fallback
4a918651f386,2026-09-29,fdb04d86542a,SRI International,https://www.sri.com/,https://careers-sri.icims.com/jobs/search?ss=1&hashed=-625949242,Title Wafer Fab Process Engineer,https://careers-sri.icims.com/jobs/6395/wafer-fab-process-engineer/job,"Manhattan, NY, United States",Manhattan,NY,United States,Not specified,,,,Core Space,2026-09-29,2026-09-29,https://careers-sri.icims.com/jobs/search?ss=1&hashed=-625949242,ats_detected,5,success_after_fallback
57bb35df9988,2026-09-29,fdb04d86542a,SRI International,https://www.sri.com/,https://careers-sri.icims.com/jobs/search?ss=1&hashed=-625949242,Title Sr Research Engineer-Project Principal Investigator,https://careers-sri.icims.com/jobs/6377/sr-research-engineer-project-principal-investigator/job,"Manhattan, NY, United States",Manhattan,NY,United States,Remote,,,,Core Space,2026-09-29,2026-09-29,https://careers-sri.icims.com/jobs/search?ss=1&hashed=-625949242,ats_detected,5,success_after_fallback
0bec5a533ca5,2026-09-29,fdb04d86542a,SRI International,https://www.sri.com/,https://careers-sri.icims.com/jobs/search?ss=1&hashed=-625949242,Title IC Design Engineer IV,https://careers-sri.icims.com/jobs/6367/ic-design-engineer-iv/job,"Manhattan, NY, United States",Manhattan,NY,United States,Not specified,,,,Core Space,2026-09-29,2026-09-29,https://careers-sri.icims.com/jobs/search?ss=1&hashed=-625949242,ats_detected,5,success_after_fallback
9b94ba03fc5f,2026-09-29,fdb04d86542a,SRI International,https://www.sri.com/,https://careers-sri.icims.com/jobs/search?ss=1&hashed=-625949242,Title Electronics Design Engineer,https://careers-sri.icims.com/jobs/6365/electronics-design-engineer/job,"Manhattan, NY, United States",Manhattan,NY,United States,Not specified,,,,Core Space,2026-09-29,2026-09-29,https://careers-sri.icims.com/jobs/search?ss=1&hashed=-625949242,ats_detected,5,success_after_fallback
14e6108fd230,2026-09-29,fdb04d86542a,SRI International,https://www.sri.com/,https://careers-sri.icims.com/jobs/search?ss=1&hashed=-625949242,"Title Test Engineer - Analog, ATE",https://careers-sri.icims.com/jobs/6325/test-engineer---analog%2c-ate/job,"Manhattan, NY, United States",Manhattan,NY,United States,Not specified,,,,Core Space,2026-09-29,2026-09-29,https://careers-sri.icims.com/jobs/search?ss=1&hashed=-625949242,ats_detected,5,success_after_fallback
5211adaa3359,2026-09-29,fdb04d86542a,SRI International,https://www.sri.com/,https://careers-sri.icims.com/jobs/search?ss=1&hashed=-625949242,Title Photonics Research Engineer III,https://careers-sri.icims.com/jobs/6320/photonics-research-engineer-iii/job,"Manhattan, NY, United States",Manhattan,NY,United States,On-site,,,,Core Space,2026-09-29,2026-09-29,https://careers-sri.icims.com/jobs/search?ss=1&hashed=-625949242,ats_detected,5,success_after_fallback
fc84266c0fdd,2026-09-29,fdb04d86542a,SRI International,https://www.sri.com/,https://careers-sri.icims.com/jobs/search?ss=1&hashed=-625949242,Title Manufacturing Technicians,https://careers-sri.icims.com/jobs/6254/manufacturing-technicians/job,"Manhattan, NY, United States",Manhattan,NY,United States,Not specified,,,,Core Space,2026-09-29,2026-09-29,https://careers-sri.icims.com/jobs/search?ss=1&hashed=-625949242,ats_detected,5,success_after_fallback
adb0863b3191,2026-09-29,e04ea6a314c3,Vishay Americas,https://www.vishay.com/,https://jobs.vishay.com/career-areas,Equipment Maintenance Technician,https://jobs.vishay.com/jobs/equipment-maintenance-technician-3,"Warwick, RI, United States of America",Warwick,RI,United States,Not specified,,,,Core Space,2026-09-29,2026-09-29,https://jobs.vishay.com/career-areas,linked_page,3,success_after_fallback
70c96fc7cd0f,2026-09-29,e04ea6a314c3,Vishay Americas,https://www.vishay.com/,https://jobs.vishay.com/career-areas,Manufacturing Operator Screenprint 3Rd,https://jobs.vishay.com/jobs/manufacturing-operator-screenprint-3rd,"Niagara Falls, NY, United States of America",Niagara Falls,NY,United States,Not specified,,,,Core Space,2026-09-29,2026-09-29,https://jobs.vishay.com/career-areas,linked_page,3,success_after_fallback
07a36b9db589,2026-09-29,e04ea6a314c3,Vishay Americas,https://www.vishay.com/,https://jobs.vishay.com/career-areas,Weld Operator Temp,https://jobs.vishay.com/jobs/weld-operator-temp,"Bennington, VT, United States of America",Bennington,VT,United States,Not specified,,,,Core Space,2026-09-29,2026-09-29,https://jobs.vishay.com/career-areas,linked_page,3,success_after_fallback
b03e61f09608,2026-09-29,e04ea6a314c3,Vishay Americas,https://www.vishay.com/,https://jobs.vishay.com/jobs/hr-coordinator,Hr Coordinator Jr,https://vishay.wd3.myworkdayjobs.com/VishayCareers/job/Beer-Sheva-IL/HR-Coordinator_JR-19407/apply,"Niagara Falls, NY, United States",Niagara Falls,NY,United States,Not specified,,,,Core Space,2026-09-29,2026-09-29,https://jobs.vishay.com/jobs/hr-coordinator,linked_page,4,success_after_fallback
3e1382b76cac,2026-09-29,e04ea6a314c3,Vishay Americas,https://www.vishay.com/,https://vishay.wd3.myworkdayjobs.com/VishayCareers/job/Itzehoe-DE/XMLNAME--Junior--Controller--m-w-d-_JR-19172-1/apply,(Junior) Controller (m/w/d),https://vishay.wd3.myworkdayjobs.com/VishayCareers/job/Itzehoe-DE/XMLNAME--Junior--Controller--m-w-d-_JR-19172-1/apply,"Itzehoe, DE, Germany",Itzehoe,DE,Germany,Not specified,,,,Core Space,2026-09-29,2026-09-29,https://vishay.wd3.myworkdayjobs.com/VishayCareers/job/Itzehoe-DE/XMLNAME--Junior--Controller--m-w-d-_JR-19172-1/apply,ats_detected,3,success_after_fallback
1e50b649a780,2026-09-29,e04ea6a314c3,Vishay Americas,https://www.vishay.com/,https://vishay.wd3.myworkdayjobs.com/VishayCareers/job/Ave-De-Las-Torres-1950-Col-Torres-Del-Sur-CP-32970-Ciudad-Juarez-Chih/XMLNAME-236-Tecnico-de-mantenimiento--Tercer-turno-_JR-20508/apply,236 Tecnico de mantenimiento (Tercer turno),https://vishay.wd3.myworkdayjobs.com/VishayCareers/job/Ave-De-Las-Torres-1950-Col-Torres-Del-Sur-CP-32970-Ciudad-Juarez-Chih/XMLNAME-236-Tecnico-de-mantenimiento--Tercer-turno-_JR-20508/apply,"Niagara Falls, NY, United States",Niagara Falls,NY,United States,Not specified,,,,Core Space,2026-09-29,2026-09-29,https://vishay.wd3.myworkdayjobs.com/VishayCareers/job/Ave-De-Las-Torres-1950-Col-Torres-Del-Sur-CP-32970-Ciudad-Juarez-Chih/XMLNAME-236-Tecnico-de-mantenimiento--Tercer-turno-_JR-20508/apply,ats_detected,3,success_after_fallback
886abad21824,2026-09-29,1c2b4e10bf58,Wallaroo AI,https://wallaroo.ai/,https://www.jobvite.com/,TA Leader,https://www.jobvite.com/solutions/role/talent-acquisition-leader,"Manhattan, NY, United States",Manhattan,NY,United States,Not specified,,,,Core Space,2026-09-29,2026-09-29,https://www.jobvite.com/,ats_detected,4,success_after_fallback
fcec0899c79f,2026-09-29,1c2b4e10bf58,Wallaroo AI,https://wallaroo.ai/,https://www.jobvite.com/,HR Leader,https://www.jobvite.com/solutions/role/hr-leader,"Manhattan, NY, United States",Manhattan,NY,United States,Not specified,,,,Core Space,2026-09-29,2026-09-29,https://www.jobvite.com/,ats_detected,4,success_after_fallback
bc3248fdbd4f,2026-09-29,1c2b4e10bf58,Wallaroo AI,https://wallaroo.ai/,https://www.jobvite.com/,IT Manager,https://www.jobvite.com/solutions/role/it,"Manhattan, NY, United States",Manhattan,NY,United States,Not specified,,,,Core Space,2026-09-29,2026-09-29,https://www.jobvite.com/,ats_detected,4,success_after_fallback
