job_id,snapshot_date,company_id,company_name,company_website,careers_url,job_title,job_url,location,city,state,country,remote,salary_min,salary_max,department,category,date_found,last_seen_at,source_url,discovery_method,job_confidence_score,status
54ff67f5275f,2026-08-11,a3c0ab6694be,Bluefors Inc.,https://bluefors.com/,https://careers.bluefors.com/jobs,Manufacturing Associate: BTA Assembler,https://careers.bluefors.com/jobs/8190303-manufacturing-associate-bta-assembler,"Syracuse, NY, United States",Syracuse,NY,United States,Not specified,,,,Core Space,2026-08-11,2026-08-11,https://careers.bluefors.com/jobs,linked_page,4,success_after_fallback
5bc16c4b4fe7,2026-08-11,a3c0ab6694be,Bluefors Inc.,https://bluefors.com/,https://careers.bluefors.com/jobs,Manufacturing Associate: Compressor Assembly,https://careers.bluefors.com/jobs/8190267-manufacturing-associate-compressor-assembly,"Syracuse, NY, United States",Syracuse,NY,United States,Not specified,,,,Core Space,2026-08-11,2026-08-11,https://careers.bluefors.com/jobs,linked_page,4,success_after_fallback
3c8f7f752242,2026-08-11,a3c0ab6694be,Bluefors Inc.,https://bluefors.com/,https://careers.bluefors.com/jobs,R&D and Engineering,https://careers.bluefors.com/jobs/8190250-toolmaker,"Syracuse, NY, United States",Syracuse,NY,United States,Not specified,,,,Core Space,2026-08-11,2026-08-11,https://careers.bluefors.com/jobs,linked_page,4,success_after_fallback
ffc0f9c180a3,2026-08-11,a3c0ab6694be,Bluefors Inc.,https://bluefors.com/,https://careers.bluefors.com/jobs,"Installation Field Service Technician, East Coast",https://careers.bluefors.com/jobs/8126332-installation-field-service-technician-east-coast,"Syracuse, NY, United States",Syracuse,NY,United States,Not specified,,,,Core Space,2026-08-11,2026-08-11,https://careers.bluefors.com/jobs,linked_page,4,success_after_fallback
9e98d837473e,2026-08-11,a3c0ab6694be,Bluefors Inc.,https://bluefors.com/,https://careers.bluefors.com/jobs,"Installation Field Service Technician , West Coast",https://careers.bluefors.com/jobs/8126326-installation-field-service-technician-west-coast,"Syracuse, NY, United States",Syracuse,NY,United States,Not specified,,,,Core Space,2026-08-11,2026-08-11,https://careers.bluefors.com/jobs,linked_page,4,success_after_fallback
2e8c959e69eb,2026-08-11,a3c0ab6694be,Bluefors Inc.,https://bluefors.com/,https://careers.bluefors.com/jobs,Customer Program Manager,https://careers.bluefors.com/jobs/8114573-customer-program-manager,"Syracuse, NY, United States",Syracuse,NY,United States,Not specified,,,,Core Space,2026-08-11,2026-08-11,https://careers.bluefors.com/jobs,linked_page,4,success_after_fallback
bc981d860b12,2026-08-11,a3c0ab6694be,Bluefors Inc.,https://bluefors.com/,https://careers.bluefors.com/jobs,Legal Analyst,https://careers.bluefors.com/jobs/8110901-legal-analyst,"Syracuse, NY, United States",Syracuse,NY,United States,Not specified,,,,Core Space,2026-08-11,2026-08-11,https://careers.bluefors.com/jobs,linked_page,4,success_after_fallback
274cf5aedd27,2026-08-11,a3c0ab6694be,Bluefors Inc.,https://bluefors.com/,https://careers.bluefors.com/jobs,Technical Service Manager,https://careers.bluefors.com/jobs/8060586-technical-service-manager,"Syracuse, NY, United States",Syracuse,NY,United States,Not specified,,,,Core Space,2026-08-11,2026-08-11,https://careers.bluefors.com/jobs,linked_page,4,success_after_fallback
4fc21f16dc33,2026-08-11,a3c0ab6694be,Bluefors Inc.,https://bluefors.com/,https://careers.bluefors.com/jobs,Cryogenic R&D Engineer,https://careers.bluefors.com/jobs/8055772-cryogenic-r-d-engineer,"Syracuse, NY, United States",Syracuse,NY,United States,Not specified,,,,Core Space,2026-08-11,2026-08-11,https://careers.bluefors.com/jobs,linked_page,4,success_after_fallback
29fe6463991a,2026-08-11,a3c0ab6694be,Bluefors Inc.,https://bluefors.com/,https://careers.bluefors.com/jobs,Customer Service Representative-Sales,https://careers.bluefors.com/jobs/8055766-customer-service-representative-sales,"Syracuse, NY, United States",Syracuse,NY,United States,Not specified,,,,Core Space,2026-08-11,2026-08-11,https://careers.bluefors.com/jobs,linked_page,4,success_after_fallback
7b0634e138bf,2026-08-11,a3c0ab6694be,Bluefors Inc.,https://bluefors.com/,https://careers.bluefors.com/jobs,"Account Manager, Growth Accounts",https://careers.bluefors.com/jobs/8040781-account-manager-growth-accounts,"Syracuse, NY, United States",Syracuse,NY,United States,Remote,,,,Core Space,2026-08-11,2026-08-11,https://careers.bluefors.com/jobs,linked_page,4,success_after_fallback
4ca7ad892cd8,2026-08-11,a3c0ab6694be,Bluefors Inc.,https://bluefors.com/,https://careers.bluefors.com/jobs,Stockroom Associate,https://careers.bluefors.com/jobs/7987885-stockroom-associate,"Syracuse, NY, United States",Syracuse,NY,United States,Not specified,,,,Core Space,2026-08-11,2026-08-11,https://careers.bluefors.com/jobs,linked_page,4,success_after_fallback
9eba9e76a6f8,2026-08-11,a3c0ab6694be,Bluefors Inc.,https://bluefors.com/,https://careers.bluefors.com/jobs,Manufacturing Associate: Compressor Assembly,https://careers.bluefors.com/jobs/7987832-manufacturing-associate-compressor-assembly,"Syracuse, NY, United States",Syracuse,NY,United States,Not specified,,,,Core Space,2026-08-11,2026-08-11,https://careers.bluefors.com/jobs,linked_page,4,success_after_fallback
e5ea58cca7b6,2026-08-11,a3c0ab6694be,Bluefors Inc.,https://bluefors.com/,https://careers.bluefors.com/jobs,Service Engineer,https://careers.bluefors.com/jobs/7874628-service-engineer,"Syracuse, NY, United States",Syracuse,NY,United States,Not specified,,,,Core Space,2026-08-11,2026-08-11,https://careers.bluefors.com/jobs,linked_page,4,success_after_fallback
7fdda253c106,2026-08-11,a3c0ab6694be,Bluefors Inc.,https://bluefors.com/,https://careers.bluefors.com/jobs,Business Development Specialist,https://careers.bluefors.com/jobs/7752465-business-development-specialist,"Syracuse, NY, United States",Syracuse,NY,United States,Not specified,,,,Core Space,2026-08-11,2026-08-11,https://careers.bluefors.com/jobs,linked_page,4,success_after_fallback
f02437780332,2026-08-11,a3c0ab6694be,Bluefors Inc.,https://bluefors.com/,https://careers.bluefors.com/jobs,Resident Cryogenic Engineer,https://careers.bluefors.com/jobs/7707351-resident-cryogenic-engineer,"Syracuse, NY, United States",Syracuse,NY,United States,Not specified,,,,Core Space,2026-08-11,2026-08-11,https://careers.bluefors.com/jobs,linked_page,4,success_after_fallback
0fdb5452fafe,2026-08-11,a3c0ab6694be,Bluefors Inc.,https://bluefors.com/,https://careers.bluefors.com/jobs,Production Control Coordinator,https://careers.bluefors.com/jobs/7694531-production-control-coordinator,"Syracuse, NY, United States",Syracuse,NY,United States,Not specified,,,,Core Space,2026-08-11,2026-08-11,https://careers.bluefors.com/jobs,linked_page,4,success_after_fallback
da03c9b935ec,2026-08-11,a3c0ab6694be,Bluefors Inc.,https://bluefors.com/,https://careers.bluefors.com/jobs,Cryo Engineer,https://careers.bluefors.com/jobs/7677576-cryo-engineer,Hybrid,,,,Hybrid,,,,Core Space,2026-08-11,2026-08-11,https://careers.bluefors.com/jobs,linked_page,4,success_after_fallback
a414449d1e04,2026-08-11,a3c0ab6694be,Bluefors Inc.,https://bluefors.com/,https://careers.bluefors.com/jobs,Technical Sales Lead,https://careers.bluefors.com/jobs/7618377-technical-sales-lead,"Syracuse, NY, United States",Syracuse,NY,United States,Remote,,,,Core Space,2026-08-11,2026-08-11,https://careers.bluefors.com/jobs,linked_page,4,success_after_fallback
1a3ad1837653,2026-08-11,0c237be7f93d,Applied Visions,https://www.avi.com/,https://app.trinethire.com/companies/1321-the-applied-visions-companies-applied-visions-software-design-solutions/jobs,Electrical Engineer,https://app.trinethire.com/companies/1321-applied-visions-software-design-solutions/jobs/121839-electrical-engineer,"Clifton Park, NY, United States",Clifton Park,NY,United States,Not specified,,,,Aerospace,2026-08-11,2026-08-11,https://app.trinethire.com/companies/1321-the-applied-visions-companies-applied-visions-software-design-solutions/jobs,linked_page,4,success_after_fallback
cb371e86cd3d,2026-08-11,0c237be7f93d,Applied Visions,https://www.avi.com/,https://app.trinethire.com/companies/1321-the-applied-visions-companies-applied-visions-software-design-solutions/jobs,Director of Engineering,https://app.trinethire.com/companies/1321-applied-visions-software-design-solutions/jobs/118815-director-of-engineering,"Clifton Park, NY, United States",Clifton Park,NY,United States,Not specified,,,,Aerospace,2026-08-11,2026-08-11,https://app.trinethire.com/companies/1321-the-applied-visions-companies-applied-visions-software-design-solutions/jobs,linked_page,4,success_after_fallback
61417aaf893b,2026-08-11,0c237be7f93d,Applied Visions,https://www.avi.com/,https://app.trinethire.com/companies/1321-the-applied-visions-companies-applied-visions-software-design-solutions/jobs,Director of Product Management,https://app.trinethire.com/companies/1321-applied-visions-software-design-solutions/jobs/120485-director-of-product-management,"Clifton Park, NY, United States",Clifton Park,NY,United States,Not specified,,,,Aerospace,2026-08-11,2026-08-11,https://app.trinethire.com/companies/1321-the-applied-visions-companies-applied-visions-software-design-solutions/jobs,linked_page,4,success_after_fallback
0ac45e64ecd0,2026-08-11,0c237be7f93d,Applied Visions,https://www.avi.com/,https://app.trinethire.com/companies/1321-the-applied-visions-companies-applied-visions-software-design-solutions/jobs,Applied Visions Software Design Solutions,https://app.trinethire.com/companies/1321-applied-visions-software-design-solutions/jobs/120013-machinist-prototype-machining-3-month-contract,"Clifton Park, NY, United States",Clifton Park,NY,United States,Not specified,,,,Aerospace,2026-08-11,2026-08-11,https://app.trinethire.com/companies/1321-the-applied-visions-companies-applied-visions-software-design-solutions/jobs,linked_page,4,success_after_fallback
873a8c5d3c48,2026-08-11,405cf37b5e7d,Arkwin Industries,https://www.arkwin.com/,https://www.arkwin.com/job/senior-design-engineer-3,Senior Design Engineer,https://www.arkwin.com/job/senior-design-engineer-3,"Bethpage, NY",Bethpage,NY,United States,Not specified,,,,Space & Defense,2026-08-11,2026-08-11,https://www.arkwin.com/job/senior-design-engineer-3,linked_page,3,success_after_fallback
973ecca02f98,2026-08-11,405cf37b5e7d,Arkwin Industries,https://www.arkwin.com/,https://www.arkwin.com/job/quality-engineer-2,Quality Engineer,https://www.arkwin.com/job/quality-engineer-2,"Bethpage, NY",Bethpage,NY,United States,Not specified,,,,Space & Defense,2026-08-11,2026-08-11,https://www.arkwin.com/job/quality-engineer-2,linked_page,3,success_after_fallback
27443147dc30,2026-08-11,405cf37b5e7d,Arkwin Industries,https://www.arkwin.com/,https://www.arkwin.com/job/business-development-manager,Business Development Manager,https://www.arkwin.com/job/business-development-manager,"Bethpage, NY",Bethpage,NY,United States,Not specified,,,,Space & Defense,2026-08-11,2026-08-11,https://www.arkwin.com/job/business-development-manager,linked_page,3,success_after_fallback
f398e8e870ff,2026-08-11,405cf37b5e7d,Arkwin Industries,https://www.arkwin.com/,https://www.arkwin.com/job/business-unit-manager-4,Business Unit Manager,https://www.arkwin.com/job/business-unit-manager-4,"Bethpage, NY",Bethpage,NY,United States,Not specified,,,,Space & Defense,2026-08-11,2026-08-11,https://www.arkwin.com/job/business-unit-manager-4,linked_page,3,success_after_fallback
8dda5fe97d2c,2026-08-11,405cf37b5e7d,Arkwin Industries,https://www.arkwin.com/,https://www.arkwin.com/job/customer-account-manager-9,Customer Account Manager,https://www.arkwin.com/job/customer-account-manager-9,"Bethpage, NY",Bethpage,NY,United States,Not specified,,,,Space & Defense,2026-08-11,2026-08-11,https://www.arkwin.com/job/customer-account-manager-9,linked_page,3,success_after_fallback
121319b01f47,2026-08-11,f7b8731a7e71,ASR International,https://www.asrintl.com/,https://asrinternationalcorp.applytojob.com/apply/jobs,Electrical Engineer – Junior,https://asrinternationalcorp.applytojob.com/apply/jobs/details/aDllzO81dD,"Ft. Eustis, VA",Ft. Eustis,VA,United States,Not specified,,,,Space & Defense,2026-08-11,2026-08-11,https://asrinternationalcorp.applytojob.com/apply/jobs,known_careers_url,4,success
0f6918bc97ee,2026-08-11,f7b8731a7e71,ASR International,https://www.asrintl.com/,https://asrinternationalcorp.applytojob.com/apply/jobs,Mission Systems Engineer – Journeyman,https://asrinternationalcorp.applytojob.com/apply/jobs/details/c4WGmOl18t,"FT Eustis, VA",FT Eustis,VA,United States,Not specified,,,,Space & Defense,2026-08-11,2026-08-11,https://asrinternationalcorp.applytojob.com/apply/jobs,known_careers_url,4,success
7cd37766f751,2026-08-11,f7b8731a7e71,ASR International,https://www.asrintl.com/,https://asrinternationalcorp.applytojob.com/apply/jobs,Mission Systems Engineer – Junior,https://asrinternationalcorp.applytojob.com/apply/jobs/details/rKANd8gdHt,"Ft Eustis, VA",Ft Eustis,VA,United States,Not specified,,,,Space & Defense,2026-08-11,2026-08-11,https://asrinternationalcorp.applytojob.com/apply/jobs,known_careers_url,4,success
78ae81bbeb08,2026-08-11,f7b8731a7e71,ASR International,https://www.asrintl.com/,https://asrinternationalcorp.applytojob.com/apply/jobs,Mission Systems Engineer – Senior,https://asrinternationalcorp.applytojob.com/apply/jobs/details/TCsNE28jd7,"Ft Eustis, VA",Ft Eustis,VA,United States,Not specified,,,,Space & Defense,2026-08-11,2026-08-11,https://asrinternationalcorp.applytojob.com/apply/jobs,known_careers_url,4,success
1047fcdc3220,2026-08-11,f7b8731a7e71,ASR International,https://www.asrintl.com/,https://asrinternationalcorp.applytojob.com/apply/jobs,Software/Instrumentation Engineer – Journeyman,https://asrinternationalcorp.applytojob.com/apply/jobs/details/n3WhMold06,"Ft. Eustis, VA",Ft. Eustis,VA,United States,Not specified,,,,Space & Defense,2026-08-11,2026-08-11,https://asrinternationalcorp.applytojob.com/apply/jobs,known_careers_url,4,success
1efc710f1259,2026-08-11,f7b8731a7e71,ASR International,https://www.asrintl.com/,https://asrinternationalcorp.applytojob.com/apply/jobs,Software/Instrumentation Engineer – Junior,https://asrinternationalcorp.applytojob.com/apply/jobs/details/nknm2W31uu,"Ft Eustis, VA",Ft Eustis,VA,United States,Not specified,,,,Space & Defense,2026-08-11,2026-08-11,https://asrinternationalcorp.applytojob.com/apply/jobs,known_careers_url,4,success
b28cd5fe2d36,2026-08-11,f7b8731a7e71,ASR International,https://www.asrintl.com/,https://asrinternationalcorp.applytojob.com/apply/jobs,Software/Instrumentation Engineer – Senior,https://asrinternationalcorp.applytojob.com/apply/jobs/details/svW7hSQDRk,"Ft. Eustis, VA",Ft. Eustis,VA,United States,Not specified,,,,Space & Defense,2026-08-11,2026-08-11,https://asrinternationalcorp.applytojob.com/apply/jobs,known_careers_url,4,success
818087ebde73,2026-08-11,f7b8731a7e71,ASR International,https://www.asrintl.com/,https://asrinternationalcorp.applytojob.com/apply/jobs,Aerospace/Mechanical Engineer – Journeyman,https://asrinternationalcorp.applytojob.com/apply/jobs/details/yyuvydAEY1,"Ft. Eustis, VA",Ft. Eustis,VA,United States,Not specified,,,,Space & Defense,2026-08-11,2026-08-11,https://asrinternationalcorp.applytojob.com/apply/jobs,known_careers_url,4,success
642e8a10e2d8,2026-08-11,f7b8731a7e71,ASR International,https://www.asrintl.com/,https://asrinternationalcorp.applytojob.com/apply/jobs,Aerospace/Mechanical Engineer – Junior,https://asrinternationalcorp.applytojob.com/apply/jobs/details/UrrjCrNq7R,"Fort Eustis, VA",Fort Eustis,VA,United States,Not specified,,,,Space & Defense,2026-08-11,2026-08-11,https://asrinternationalcorp.applytojob.com/apply/jobs,known_careers_url,4,success
794e5fd2ee98,2026-08-11,f7b8731a7e71,ASR International,https://www.asrintl.com/,https://asrinternationalcorp.applytojob.com/apply/jobs,Aerospace/Mechanical Engineer – Senior,https://asrinternationalcorp.applytojob.com/apply/jobs/details/SIuDj4Vi9e,"Ft Eustis, VA",Ft Eustis,VA,United States,Not specified,,,,Space & Defense,2026-08-11,2026-08-11,https://asrinternationalcorp.applytojob.com/apply/jobs,known_careers_url,4,success
bb6af9664be0,2026-08-11,f7b8731a7e71,ASR International,https://www.asrintl.com/,https://asrinternationalcorp.applytojob.com/apply/jobs,Electrical Designer - Junior,https://asrinternationalcorp.applytojob.com/apply/jobs/details/qB5bNh92Dr,"Ft Eustis, VA",Ft Eustis,VA,United States,Not specified,,,,Space & Defense,2026-08-11,2026-08-11,https://asrinternationalcorp.applytojob.com/apply/jobs,known_careers_url,4,success
e9109639218f,2026-08-11,f7b8731a7e71,ASR International,https://www.asrintl.com/,https://asrinternationalcorp.applytojob.com/apply/jobs,Electrical Designer – Journeyman,https://asrinternationalcorp.applytojob.com/apply/jobs/details/lepUyRrPLf,"Ft Eustis, VA",Ft Eustis,VA,United States,Not specified,,,,Space & Defense,2026-08-11,2026-08-11,https://asrinternationalcorp.applytojob.com/apply/jobs,known_careers_url,4,success
f65fd95fd4c9,2026-08-11,f7b8731a7e71,ASR International,https://www.asrintl.com/,https://asrinternationalcorp.applytojob.com/apply/jobs,Electrical Designer – Senior,https://asrinternationalcorp.applytojob.com/apply/jobs/details/C7OvYF6zxZ,"Ft Eustis, VA",Ft Eustis,VA,United States,Not specified,,,,Space & Defense,2026-08-11,2026-08-11,https://asrinternationalcorp.applytojob.com/apply/jobs,known_careers_url,4,success
da2c0b099916,2026-08-11,f7b8731a7e71,ASR International,https://www.asrintl.com/,https://asrinternationalcorp.applytojob.com/apply/jobs,Electrical Engineer – Journeyman,https://asrinternationalcorp.applytojob.com/apply/jobs/details/axPdvRIt75,"Ft. Eustis, VA",Ft. Eustis,VA,United States,Not specified,,,,Space & Defense,2026-08-11,2026-08-11,https://asrinternationalcorp.applytojob.com/apply/jobs,known_careers_url,4,success
dcb7ff9815ca,2026-08-11,f7b8731a7e71,ASR International,https://www.asrintl.com/,https://asrinternationalcorp.applytojob.com/apply/jobs,Electrical Engineer – Senior,https://asrinternationalcorp.applytojob.com/apply/jobs/details/Cf3Kt3viKM,"Ft. Eustis, VA",Ft. Eustis,VA,United States,Not specified,,,,Space & Defense,2026-08-11,2026-08-11,https://asrinternationalcorp.applytojob.com/apply/jobs,known_careers_url,4,success
ebe6ac490fcc,2026-08-11,f7b8731a7e71,ASR International,https://www.asrintl.com/,https://asrinternationalcorp.applytojob.com/apply/jobs,Mechanical Designer - Junior,https://asrinternationalcorp.applytojob.com/apply/jobs/details/dzBEvbE5Y2,"Ft. Eustis, VA",Ft. Eustis,VA,United States,Not specified,,,,Space & Defense,2026-08-11,2026-08-11,https://asrinternationalcorp.applytojob.com/apply/jobs,known_careers_url,4,success
f591753ac2da,2026-08-11,f7b8731a7e71,ASR International,https://www.asrintl.com/,https://asrinternationalcorp.applytojob.com/apply/jobs,Mechanical Designer – Journeyman,https://asrinternationalcorp.applytojob.com/apply/jobs/details/QE5UebMfWm,"Ft. Eustis, VA",Ft. Eustis,VA,United States,Not specified,,,,Space & Defense,2026-08-11,2026-08-11,https://asrinternationalcorp.applytojob.com/apply/jobs,known_careers_url,4,success
9915d007e5a1,2026-08-11,f7b8731a7e71,ASR International,https://www.asrintl.com/,https://asrinternationalcorp.applytojob.com/apply/jobs,Mechanical Designer – Senior,https://asrinternationalcorp.applytojob.com/apply/jobs/details/VAAYzb2jz6,"Ft. Eustis, VA",Ft. Eustis,VA,United States,Not specified,,,,Space & Defense,2026-08-11,2026-08-11,https://asrinternationalcorp.applytojob.com/apply/jobs,known_careers_url,4,success
2a8047149c99,2026-08-11,f7b8731a7e71,ASR International,https://www.asrintl.com/,https://asrinternationalcorp.applytojob.com/apply/jobs,Contract Specialist,https://asrinternationalcorp.applytojob.com/apply/jobs/details/YSn0TWrPnJ,"Laughlin, TX",Laughlin,TX,United States,Not specified,,,,Space & Defense,2026-08-11,2026-08-11,https://asrinternationalcorp.applytojob.com/apply/jobs,known_careers_url,4,success
a290883f801e,2026-08-11,f7b8731a7e71,ASR International,https://www.asrintl.com/,https://asrinternationalcorp.applytojob.com/apply/jobs,Program Manager,https://asrinternationalcorp.applytojob.com/apply/jobs/details/HIXijGcJBv,"Laughlin, TX",Laughlin,TX,United States,Not specified,,,,Space & Defense,2026-08-11,2026-08-11,https://asrinternationalcorp.applytojob.com/apply/jobs,known_careers_url,4,success
1af5e2dd5580,2026-08-11,f7b8731a7e71,ASR International,https://www.asrintl.com/,https://asrinternationalcorp.applytojob.com/apply/jobs,Warehouse Associate,https://asrinternationalcorp.applytojob.com/apply/jobs/details/Sz0qmFohHe,"Minden, NV",Minden,NV,United States,Not specified,,,,Space & Defense,2026-08-11,2026-08-11,https://asrinternationalcorp.applytojob.com/apply/jobs,known_careers_url,4,success
478cb95642ea,2026-08-11,f7b8731a7e71,ASR International,https://www.asrintl.com/,https://asrinternationalcorp.applytojob.com/apply/jobs,Human Resources Specialist,https://asrinternationalcorp.applytojob.com/apply/jobs/details/pGDEb7m4z4,"Hauppauge, NY",Hauppauge,NY,United States,Not specified,,,,Space & Defense,2026-08-11,2026-08-11,https://asrinternationalcorp.applytojob.com/apply/jobs,known_careers_url,4,success
405bd4c10310,2026-08-11,f7b8731a7e71,ASR International,https://www.asrintl.com/,https://asrinternationalcorp.applytojob.com/apply/jobs,Corporate Benefits and Insurance Manager,https://asrinternationalcorp.applytojob.com/apply/jobs/details/NRNvvkf9zF,"Hauppauge, NY",Hauppauge,NY,United States,Not specified,,,,Space & Defense,2026-08-11,2026-08-11,https://asrinternationalcorp.applytojob.com/apply/jobs,known_careers_url,4,success
c8adf6db7e97,2026-08-11,f7b8731a7e71,ASR International,https://www.asrintl.com/,https://asrinternationalcorp.applytojob.com/apply/jobs,Supply Technician,https://asrinternationalcorp.applytojob.com/apply/jobs/details/STTysYlm5N,"Fort Leonard Wood, MO",Fort Leonard Wood,MO,United States,Not specified,,,,Space & Defense,2026-08-11,2026-08-11,https://asrinternationalcorp.applytojob.com/apply/jobs,known_careers_url,4,success
fe6f53b21370,2026-08-11,f7b8731a7e71,ASR International,https://www.asrintl.com/,https://asrinternationalcorp.applytojob.com/apply/jobs,Technical Instructor/Course Developer,https://asrinternationalcorp.applytojob.com/apply/jobs/details/VqhiVDUJjm,"Selfridge, MI",Selfridge,MI,United States,Not specified,,,,Space & Defense,2026-08-11,2026-08-11,https://asrinternationalcorp.applytojob.com/apply/jobs,known_careers_url,4,success
543ec18896e4,2026-08-11,f7b8731a7e71,ASR International,https://www.asrintl.com/,https://asrinternationalcorp.applytojob.com/apply/jobs,Warehouse Specialist,https://asrinternationalcorp.applytojob.com/apply/jobs/details/16x07zLWWW,"Selfridge, MI",Selfridge,MI,United States,Not specified,,,,Space & Defense,2026-08-11,2026-08-11,https://asrinternationalcorp.applytojob.com/apply/jobs,known_careers_url,4,success
15cd72b1877b,2026-08-11,f7b8731a7e71,ASR International,https://www.asrintl.com/,https://asrinternationalcorp.applytojob.com/apply/jobs,Warehouse Specialist,https://asrinternationalcorp.applytojob.com/apply/jobs/details/Vk28FnZwGp,"Fort Leonard Wood, MO",Fort Leonard Wood,MO,United States,Not specified,,,,Space & Defense,2026-08-11,2026-08-11,https://asrinternationalcorp.applytojob.com/apply/jobs,known_careers_url,4,success
bb0d9fc3ddcb,2026-08-11,f7b8731a7e71,ASR International,https://www.asrintl.com/,https://asrinternationalcorp.applytojob.com/apply/jobs,Electronics Technician Maintenance II,https://asrinternationalcorp.applytojob.com/apply/jobs/details/grQg8BNQ9O,"Selfridge, MI",Selfridge,MI,United States,Not specified,,,,Space & Defense,2026-08-11,2026-08-11,https://asrinternationalcorp.applytojob.com/apply/jobs,known_careers_url,4,success
7ae50f4e0fe0,2026-08-11,f7b8731a7e71,ASR International,https://www.asrintl.com/,https://asrinternationalcorp.applytojob.com/apply/jobs,Electronics Technician Maintenance II,https://asrinternationalcorp.applytojob.com/apply/jobs/details/xEwAcZdQEq,"Fort Irwin, CA",Fort Irwin,CA,United States,Not specified,,,,Space & Defense,2026-08-11,2026-08-11,https://asrinternationalcorp.applytojob.com/apply/jobs,known_careers_url,4,success
fd1aec0486d3,2026-08-11,f7b8731a7e71,ASR International,https://www.asrintl.com/,https://asrinternationalcorp.applytojob.com/apply/jobs,Electronics Technician Maintenance II,https://asrinternationalcorp.applytojob.com/apply/jobs/details/ftoyjEClaW,"Fort Polk, LA",Fort Polk,LA,United States,Not specified,,,,Space & Defense,2026-08-11,2026-08-11,https://asrinternationalcorp.applytojob.com/apply/jobs,known_careers_url,4,success
c22cbbf7ca77,2026-08-11,f7b8731a7e71,ASR International,https://www.asrintl.com/,https://asrinternationalcorp.applytojob.com/apply/jobs,Electronics Technician Maintenance II,https://asrinternationalcorp.applytojob.com/apply/jobs/details/RygFEPIjZ6,"Joint Base Lewis McChord, WA",Joint Base Lewis McChord,WA,United States,Not specified,,,,Space & Defense,2026-08-11,2026-08-11,https://asrinternationalcorp.applytojob.com/apply/jobs,known_careers_url,4,success
afdaf75f6494,2026-08-11,f7b8731a7e71,ASR International,https://www.asrintl.com/,https://asrinternationalcorp.applytojob.com/apply/jobs,Electronics Technician Maintenance III,https://asrinternationalcorp.applytojob.com/apply/jobs/details/aOFDgS8w68,"Fort Liberty, NC",Fort Liberty,NC,United States,Not specified,,,,Space & Defense,2026-08-11,2026-08-11,https://asrinternationalcorp.applytojob.com/apply/jobs,known_careers_url,4,success
114fc2a82963,2026-08-11,f7b8731a7e71,ASR International,https://www.asrintl.com/,https://asrinternationalcorp.applytojob.com/apply/jobs,Electronics Technician Maintenance III,https://asrinternationalcorp.applytojob.com/apply/jobs/details/tkckALDrOW,"Fort Carson, CO",Fort Carson,CO,United States,Not specified,,,,Space & Defense,2026-08-11,2026-08-11,https://asrinternationalcorp.applytojob.com/apply/jobs,known_careers_url,4,success
cbeebbc010d4,2026-08-11,f7b8731a7e71,ASR International,https://www.asrintl.com/,https://asrinternationalcorp.applytojob.com/apply/jobs,Electronics Technician Maintenance III,https://asrinternationalcorp.applytojob.com/apply/jobs/details/aucgOsQMp5,"Tyndall AFB, FL",Tyndall AFB,FL,United States,Not specified,,,,Space & Defense,2026-08-11,2026-08-11,https://asrinternationalcorp.applytojob.com/apply/jobs,known_careers_url,4,success
1b581f6a8e14,2026-08-11,f7b8731a7e71,ASR International,https://www.asrintl.com/,https://asrinternationalcorp.applytojob.com/apply/jobs,Electronics Technician Maintenance III,https://asrinternationalcorp.applytojob.com/apply/jobs/details/Aa3X1d2xt0,"Fort Belvoir, VA",Fort Belvoir,VA,United States,Not specified,,,,Space & Defense,2026-08-11,2026-08-11,https://asrinternationalcorp.applytojob.com/apply/jobs,known_careers_url,4,success
0682750694f3,2026-08-11,f7b8731a7e71,ASR International,https://www.asrintl.com/,https://asrinternationalcorp.applytojob.com/apply/jobs,Electronics Technician Maintenance III,https://asrinternationalcorp.applytojob.com/apply/jobs/details/7SJLdYr0U8,"Fort Leonard Wood, MO",Fort Leonard Wood,MO,United States,Not specified,,,,Space & Defense,2026-08-11,2026-08-11,https://asrinternationalcorp.applytojob.com/apply/jobs,known_careers_url,4,success
6cf69048e16c,2026-08-11,f7b8731a7e71,ASR International,https://www.asrintl.com/,https://asrinternationalcorp.applytojob.com/apply/jobs,Electronics Technician Maintenance III,https://asrinternationalcorp.applytojob.com/apply/jobs/details/dl5727MP1g,"Selfridge, MI",Selfridge,MI,United States,Not specified,,,,Space & Defense,2026-08-11,2026-08-11,https://asrinternationalcorp.applytojob.com/apply/jobs,known_careers_url,4,success
26c16ea94a97,2026-08-11,f7b8731a7e71,ASR International,https://www.asrintl.com/,https://asrinternationalcorp.applytojob.com/apply/jobs,Engineering Technician V,https://asrinternationalcorp.applytojob.com/apply/jobs/details/GHYuVnP1D0,"Fort Irwin, CA",Fort Irwin,CA,United States,Not specified,,,,Space & Defense,2026-08-11,2026-08-11,https://asrinternationalcorp.applytojob.com/apply/jobs,known_careers_url,4,success
7ba4f1404840,2026-08-11,f7b8731a7e71,ASR International,https://www.asrintl.com/,https://asrinternationalcorp.applytojob.com/apply/jobs,Engineering Technician V,https://asrinternationalcorp.applytojob.com/apply/jobs/details/o25vp6ScGY,"Tyndall AFB, FL",Tyndall AFB,FL,United States,Not specified,,,,Space & Defense,2026-08-11,2026-08-11,https://asrinternationalcorp.applytojob.com/apply/jobs,known_careers_url,4,success
70c78dee8d77,2026-08-11,f7b8731a7e71,ASR International,https://www.asrintl.com/,https://asrinternationalcorp.applytojob.com/apply/jobs,Engineering Technician V,https://asrinternationalcorp.applytojob.com/apply/jobs/details/BwQa0jfLzO,"Blue Grass Army Depot, KY",Blue Grass Army Depot,KY,United States,Not specified,,,,Space & Defense,2026-08-11,2026-08-11,https://asrinternationalcorp.applytojob.com/apply/jobs,known_careers_url,4,success
4d611d9582ef,2026-08-11,f7b8731a7e71,ASR International,https://www.asrintl.com/,https://asrinternationalcorp.applytojob.com/apply/jobs,Engineering Technician V,https://asrinternationalcorp.applytojob.com/apply/jobs/details/DZkZZxaITE,"Fort Hood, TX",Fort Hood,TX,United States,Not specified,,,,Space & Defense,2026-08-11,2026-08-11,https://asrinternationalcorp.applytojob.com/apply/jobs,known_careers_url,4,success
a32dd6afd23d,2026-08-11,f7b8731a7e71,ASR International,https://www.asrintl.com/,https://asrinternationalcorp.applytojob.com/apply/jobs,Engineering Technician V,https://asrinternationalcorp.applytojob.com/apply/jobs/details/Dm1je3kuW4,"Selfridge, MI",Selfridge,MI,United States,Not specified,,,,Space & Defense,2026-08-11,2026-08-11,https://asrinternationalcorp.applytojob.com/apply/jobs,known_careers_url,4,success
14f6be483896,2026-08-11,f7b8731a7e71,ASR International,https://www.asrintl.com/,https://asrinternationalcorp.applytojob.com/apply/jobs,Engineering Technician VI,https://asrinternationalcorp.applytojob.com/apply/jobs/details/AzBC67Q85x,"Blue Grass Army Depot, KY",Blue Grass Army Depot,KY,United States,Not specified,,,,Space & Defense,2026-08-11,2026-08-11,https://asrinternationalcorp.applytojob.com/apply/jobs,known_careers_url,4,success
4c63055c8585,2026-08-11,f7b8731a7e71,ASR International,https://www.asrintl.com/,https://asrinternationalcorp.applytojob.com/apply/jobs,Engineering Technician VI,https://asrinternationalcorp.applytojob.com/apply/jobs/details/4ba1Xu99wX,"Selfridge, MI",Selfridge,MI,United States,Not specified,,,,Space & Defense,2026-08-11,2026-08-11,https://asrinternationalcorp.applytojob.com/apply/jobs,known_careers_url,4,success
203788f024cd,2026-08-11,f7b8731a7e71,ASR International,https://www.asrintl.com/,https://asrinternationalcorp.applytojob.com/apply/jobs,Operations Supervisor,https://asrinternationalcorp.applytojob.com/apply/jobs/details/djhhxNrDxp,"Selfridge, MI",Selfridge,MI,United States,Not specified,,,,Space & Defense,2026-08-11,2026-08-11,https://asrinternationalcorp.applytojob.com/apply/jobs,known_careers_url,4,success
a1b24335a797,2026-08-11,f7b8731a7e71,ASR International,https://www.asrintl.com/,https://asrinternationalcorp.applytojob.com/apply/jobs,Product Support Integrator / Project Manager I,https://asrinternationalcorp.applytojob.com/apply/jobs/details/JQYWdRG1xF,"Selfridge, MI",Selfridge,MI,United States,Not specified,,,,Space & Defense,2026-08-11,2026-08-11,https://asrinternationalcorp.applytojob.com/apply/jobs,known_careers_url,4,success
331b2ef00235,2026-08-11,f7b8731a7e71,ASR International,https://www.asrintl.com/,https://asrinternationalcorp.applytojob.com/apply/jobs,Project Manager / Lead Product Support Integrator,https://asrinternationalcorp.applytojob.com/apply/jobs/details/p3kM9H87n9,"Selfridge, MI",Selfridge,MI,United States,Not specified,,,,Space & Defense,2026-08-11,2026-08-11,https://asrinternationalcorp.applytojob.com/apply/jobs,known_careers_url,4,success
7a23738b5ac7,2026-08-11,f7b8731a7e71,ASR International,https://www.asrintl.com/,https://asrinternationalcorp.applytojob.com/apply/jobs,Sr. Database Administrator,https://asrinternationalcorp.applytojob.com/apply/jobs/details/dnIGKpsYvm,"Selfridge, MI",Selfridge,MI,United States,Not specified,,,,Space & Defense,2026-08-11,2026-08-11,https://asrinternationalcorp.applytojob.com/apply/jobs,known_careers_url,4,success
918dc8cfd88d,2026-08-11,f7b8731a7e71,ASR International,https://www.asrintl.com/,https://asrinternationalcorp.applytojob.com/apply/jobs,Recruiter (Government Contracting),https://asrinternationalcorp.applytojob.com/apply/jobs/details/nnRyvfnb08,"Hauppauge, NY",Hauppauge,NY,United States,Not specified,,,,Space & Defense,2026-08-11,2026-08-11,https://asrinternationalcorp.applytojob.com/apply/jobs,known_careers_url,4,success
c92c38fcccb8,2026-08-11,f7b8731a7e71,ASR International,https://www.asrintl.com/,https://asrinternationalcorp.applytojob.com/apply/jobs,"ADMINSTRATIVE ASSISTANT - ASR Corporate Office, Hauppauge, New York",https://asrinternationalcorp.applytojob.com/apply/jobs/details/oSYUcKaGm7,"Haupppauge, NY",Haupppauge,NY,United States,Not specified,,,,Space & Defense,2026-08-11,2026-08-11,https://asrinternationalcorp.applytojob.com/apply/jobs,known_careers_url,4,success
47c96cdcf8fc,2026-08-11,f7b8731a7e71,ASR International,https://www.asrintl.com/,https://asrinternationalcorp.applytojob.com/apply/jobs,AutoCAD/GIS Support Specialist,https://asrinternationalcorp.applytojob.com/apply/jobs/details/CFG1T0VA7v,"Laurel, MD",Laurel,MD,United States,Not specified,,,,Space & Defense,2026-08-11,2026-08-11,https://asrinternationalcorp.applytojob.com/apply/jobs,known_careers_url,4,success
206a806a1118,2026-08-11,f7b8731a7e71,ASR International,https://www.asrintl.com/,https://asrinternationalcorp.applytojob.com/apply/jobs,Senior Construction Manager,https://asrinternationalcorp.applytojob.com/apply/jobs/details/KdlEs127io,"Laurel, MD",Laurel,MD,United States,Not specified,,,,Space & Defense,2026-08-11,2026-08-11,https://asrinternationalcorp.applytojob.com/apply/jobs,known_careers_url,4,success
fce7ddcbed83,2026-08-11,f7b8731a7e71,ASR International,https://www.asrintl.com/,https://asrinternationalcorp.applytojob.com/apply/jobs,Senior Office Construction Engineer,https://asrinternationalcorp.applytojob.com/apply/jobs/details/5IYbkcA0yG,"Laurel, MD",Laurel,MD,United States,Not specified,,,,Space & Defense,2026-08-11,2026-08-11,https://asrinternationalcorp.applytojob.com/apply/jobs,known_careers_url,4,success
b7525800e110,2026-08-11,f7b8731a7e71,ASR International,https://www.asrintl.com/,https://asrinternationalcorp.applytojob.com/apply/jobs,Insurance Agent Support Specialist,https://asrinternationalcorp.applytojob.com/apply/jobs/details/b9f6hcZS0i,"Hauppauge, NY",Hauppauge,NY,United States,Not specified,,,,Space & Defense,2026-08-11,2026-08-11,https://asrinternationalcorp.applytojob.com/apply/jobs,known_careers_url,4,success
6796b9fa0b30,2026-08-11,f7b8731a7e71,ASR International,https://www.asrintl.com/,https://asrinternationalcorp.applytojob.com/apply/jobs,Budget Analyst,https://asrinternationalcorp.applytojob.com/apply/jobs/details/RLzUqaJIUe,"Hauppauge, NY",Hauppauge,NY,United States,Not specified,,,,Space & Defense,2026-08-11,2026-08-11,https://asrinternationalcorp.applytojob.com/apply/jobs,known_careers_url,4,success
b3dd33f23140,2026-08-11,f7b8731a7e71,ASR International,https://www.asrintl.com/,https://asrinternationalcorp.applytojob.com/apply/jobs,Warehouse Operations Support,https://asrinternationalcorp.applytojob.com/apply/jobs/details/r9UREC7YrW,"Port Hueneme, CA",Port Hueneme,CA,United States,Not specified,,,,Space & Defense,2026-08-11,2026-08-11,https://asrinternationalcorp.applytojob.com/apply/jobs,known_careers_url,4,success
dd897e1f6477,2026-08-11,f7b8731a7e71,ASR International,https://www.asrintl.com/,https://asrinternationalcorp.applytojob.com/apply/jobs,Construction Management Representative,https://asrinternationalcorp.applytojob.com/apply/jobs/details/UyVNZ9nngE,"Hot Springs, AR",Hot Springs,AR,United States,Not specified,,,,Space & Defense,2026-08-11,2026-08-11,https://asrinternationalcorp.applytojob.com/apply/jobs,known_careers_url,4,success
a6b87e15bfc2,2026-08-11,f7b8731a7e71,ASR International,https://www.asrintl.com/,https://asrinternationalcorp.applytojob.com/apply/jobs,Engineering Technical/Proposal Writer - Entry Level,https://asrinternationalcorp.applytojob.com/apply/jobs/details/XBSGZgZv0y,"Hauppauge, NY",Hauppauge,NY,United States,Not specified,,,,Space & Defense,2026-08-11,2026-08-11,https://asrinternationalcorp.applytojob.com/apply/jobs,known_careers_url,4,success
93d4c14397c7,2026-08-11,f7b8731a7e71,ASR International,https://www.asrintl.com/,https://asrinternationalcorp.applytojob.com/apply/jobs,Payroll Associate,https://asrinternationalcorp.applytojob.com/apply/jobs/details/RlQ0knqVZm,"Hauppauge, NY",Hauppauge,NY,United States,Not specified,,,,Space & Defense,2026-08-11,2026-08-11,https://asrinternationalcorp.applytojob.com/apply/jobs,known_careers_url,4,success
35405d1364a6,2026-08-11,f7b8731a7e71,ASR International,https://www.asrintl.com/,https://asrinternationalcorp.applytojob.com/apply/jobs,Jr. Contract Analyst/Admin,https://asrinternationalcorp.applytojob.com/apply/jobs/details/xgnxrAysaC,"Hauppauge, NY",Hauppauge,NY,United States,Not specified,,,,Space & Defense,2026-08-11,2026-08-11,https://asrinternationalcorp.applytojob.com/apply/jobs,known_careers_url,4,success
c5a1b86385bc,2026-08-11,f7b8731a7e71,ASR International,https://www.asrintl.com/,https://asrinternationalcorp.applytojob.com/apply/jobs,Construction Management Support/Field Engineer,https://asrinternationalcorp.applytojob.com/apply/jobs/details/GnwewXo9mw,"Bremerton, WA",Bremerton,WA,United States,Not specified,,,,Space & Defense,2026-08-11,2026-08-11,https://asrinternationalcorp.applytojob.com/apply/jobs,known_careers_url,4,success
061c23000c12,2026-08-11,f7b8731a7e71,ASR International,https://www.asrintl.com/,https://asrinternationalcorp.applytojob.com/apply/jobs,Project Field Engineer,https://asrinternationalcorp.applytojob.com/apply/jobs/details/ykZ3eXeJqr,"Bremerton, WA",Bremerton,WA,United States,Not specified,,,,Space & Defense,2026-08-11,2026-08-11,https://asrinternationalcorp.applytojob.com/apply/jobs,known_careers_url,4,success
e0ea4168ace7,2026-08-11,f7b8731a7e71,ASR International,https://www.asrintl.com/,https://asrinternationalcorp.applytojob.com/apply/jobs,Construction Inspector/Engineering Technician,https://asrinternationalcorp.applytojob.com/apply/jobs/details/ZszfKDngfY,"Pensacola, FL",Pensacola,FL,United States,Not specified,,,,Space & Defense,2026-08-11,2026-08-11,https://asrinternationalcorp.applytojob.com/apply/jobs,known_careers_url,4,success
0fd58b762edd,2026-08-11,f7b8731a7e71,ASR International,https://www.asrintl.com/,https://asrinternationalcorp.applytojob.com/apply/jobs,Construction Management / Surveillance Engineer (CSE),https://asrinternationalcorp.applytojob.com/apply/jobs/details/ufpzVPyALE,"Pensacola, FL",Pensacola,FL,United States,Not specified,,,,Space & Defense,2026-08-11,2026-08-11,https://asrinternationalcorp.applytojob.com/apply/jobs,known_careers_url,4,success
e9ed9835b461,2026-08-11,f7b8731a7e71,ASR International,https://www.asrintl.com/,https://asrinternationalcorp.applytojob.com/apply/jobs,Pricing/Cost Analyst - Labor (ENTRY Level),https://asrinternationalcorp.applytojob.com/apply/jobs/details/zR8MbQsjSp,"Hauppauge, NY",Hauppauge,NY,United States,Not specified,,,,Space & Defense,2026-08-11,2026-08-11,https://asrinternationalcorp.applytojob.com/apply/jobs,known_careers_url,4,success
f3dade69f26d,2026-08-11,b00ce903c871,Boeing,https://www.boeing.com/resources/boeingdotcom/government-operations/state_cards/Card_NY.pdf,https://jobs.boeing.com/,"P8 Aircraft Maintenance Engineers - Mechanical, Avionics and Structures",https://jobs.boeing.com/job/edinburgh/p8-aircraft-maintenance-engineers-mechanical-avionics-and-structures/185/90814724816,"Edinburgh, Australia",Edinburgh,,Australia,Not specified,,,,Aerospace,2026-08-11,2026-08-11,https://jobs.boeing.com/,known_careers_url,4,success
4d6e67ecda75,2026-08-11,b00ce903c871,Boeing,https://www.boeing.com/resources/boeingdotcom/government-operations/state_cards/Card_NY.pdf,https://jobs.boeing.com/,E-7 Australia Senior Product Support Analyst,https://jobs.boeing.com/job/brisbane/e-7-australia-senior-product-support-analyst/185/99053776496,"Brisbane, Australia",Brisbane,,Australia,Not specified,,,,Aerospace,2026-08-11,2026-08-11,https://jobs.boeing.com/,known_careers_url,4,success
cbae92640133,2026-08-11,b00ce903c871,Boeing,https://www.boeing.com/resources/boeingdotcom/government-operations/state_cards/Card_NY.pdf,https://jobs.boeing.com/,Aircraft Maintenance Engineers - Mechanical,https://jobs.boeing.com/job/oakey/aircraft-maintenance-engineers-mechanical/185/89033384992,"Oakey, Australia",Oakey,,Australia,Not specified,,,,Aerospace,2026-08-11,2026-08-11,https://jobs.boeing.com/,known_careers_url,4,success
91bda6e0ffd0,2026-08-11,b00ce903c871,Boeing,https://www.boeing.com/resources/boeingdotcom/government-operations/state_cards/Card_NY.pdf,https://jobs.boeing.com/manufacturing-careers,Experienced Specialized Test Equipment (STE) Integration Lead (Level 4),https://jobs.boeing.com/job/el-segundo/experienced-specialized-test-equipment-ste-integration-lead-level-4/185/99041173088,"El Segundo, California, United States; and other locations",El Segundo,CA,United States,Not specified,,,,Aerospace,2026-08-11,2026-08-11,https://jobs.boeing.com/manufacturing-careers,linked_page,4,success_after_fallback
8c21ebaaad45,2026-08-11,b00ce903c871,Boeing,https://www.boeing.com/resources/boeingdotcom/government-operations/state_cards/Card_NY.pdf,https://jobs.boeing.com/manufacturing-careers,Environmental Test Technician Senior First Shift – Millennium Space Systems,https://jobs.boeing.com/job/el-segundo/environmental-test-technician-senior-first-shift-millennium-space-systems/185/96799246256,"El Segundo, California, United States; and other locations",El Segundo,CA,United States,Not specified,,,,Aerospace,2026-08-11,2026-08-11,https://jobs.boeing.com/manufacturing-careers,linked_page,4,success_after_fallback
4dacf6cfdc2a,2026-08-11,b00ce903c871,Boeing,https://www.boeing.com/resources/boeingdotcom/government-operations/state_cards/Card_NY.pdf,https://jobs.boeing.com/cybersecurity-careers,Cyber Security Specialist,https://jobs.boeing.com/job/brisbane/cyber-security-specialist/185/97168971856,"Brisbane, Australia",Brisbane,,Australia,Not specified,,,,Aerospace,2026-08-11,2026-08-11,https://jobs.boeing.com/cybersecurity-careers,linked_page,4,success_after_fallback
045d0b4931d2,2026-08-11,b00ce903c871,Boeing,https://www.boeing.com/resources/boeingdotcom/government-operations/state_cards/Card_NY.pdf,https://jobs.boeing.com/cybersecurity-careers,Corporate Cybersecurity Analyst – Millennium Space Systems,https://jobs.boeing.com/job/el-segundo/corporate-cybersecurity-analyst-millennium-space-systems/185/98901410640,"El Segundo, California, United States; and other locations",El Segundo,CA,United States,Not specified,,,,Aerospace,2026-08-11,2026-08-11,https://jobs.boeing.com/cybersecurity-careers,linked_page,4,success_after_fallback
87521ac97af2,2026-08-11,b00ce903c871,Boeing,https://www.boeing.com/resources/boeingdotcom/government-operations/state_cards/Card_NY.pdf,https://jobs.boeing.com/cybersecurity-careers,Cyber Security Specialist,https://jobs.boeing.com/job/brisbane/cyber-security-specialist/185/97175652448,"Brisbane, Australia",Brisbane,,Australia,Not specified,,,,Aerospace,2026-08-11,2026-08-11,https://jobs.boeing.com/cybersecurity-careers,linked_page,4,success_after_fallback
bf96588f28d9,2026-08-11,b00ce903c871,Boeing,https://www.boeing.com/resources/boeingdotcom/government-operations/state_cards/Card_NY.pdf,https://jobs.boeing.com/data-science-and-analytics-careers,Boeing Summer 2027 Internship Program (Paid) – Data Analytics Intern,https://jobs.boeing.com/job/everett/boeing-summer-2027-internship-program-paid-data-analytics-intern/185/98720782192,"Everett, Washington, United States; and other locations",Everett,WA,United States,Not specified,,,,Aerospace,2026-08-11,2026-08-11,https://jobs.boeing.com/data-science-and-analytics-careers,linked_page,4,success_after_fallback
20e65b058e9e,2026-08-11,b00ce903c871,Boeing,https://www.boeing.com/resources/boeingdotcom/government-operations/state_cards/Card_NY.pdf,https://jobs.boeing.com/data-science-and-analytics-careers,Boeing Summer 2027 Internship Program (Paid) - Business Operations,https://jobs.boeing.com/job/everett/boeing-summer-2027-internship-program-paid-business-operations/185/98720778416,"Everett, Washington, United States; and other locations",Everett,WA,United States,Not specified,,,,Aerospace,2026-08-11,2026-08-11,https://jobs.boeing.com/data-science-and-analytics-careers,linked_page,4,success_after_fallback
81abb0298972,2026-08-11,b00ce903c871,Boeing,https://www.boeing.com/resources/boeingdotcom/government-operations/state_cards/Card_NY.pdf,https://jobs.boeing.com/data-science-and-analytics-careers,Senior Data Scientist,https://jobs.boeing.com/job/hazelwood/senior-data-scientist/185/98530977200,"Hazelwood, Missouri, United States",Hazelwood,MO,United States,Not specified,,,,Aerospace,2026-08-11,2026-08-11,https://jobs.boeing.com/data-science-and-analytics-careers,linked_page,4,success_after_fallback
2a9587bb7fa5,2026-08-11,b00ce903c871,Boeing,https://www.boeing.com/resources/boeingdotcom/government-operations/state_cards/Card_NY.pdf,https://jobs.boeing.com/data-science-and-analytics-careers,Experienced Data Scientist,https://jobs.boeing.com/job/hazelwood/experienced-data-scientist/185/98525793280,"Hazelwood, Missouri, United States",Hazelwood,MO,United States,Not specified,,,,Aerospace,2026-08-11,2026-08-11,https://jobs.boeing.com/data-science-and-analytics-careers,linked_page,4,success_after_fallback
9bfbea5c07d1,2026-08-11,b00ce903c871,Boeing,https://www.boeing.com/resources/boeingdotcom/government-operations/state_cards/Card_NY.pdf,https://jobs.boeing.com/information-technology-careers,Software Application Test Lead,https://jobs.boeing.com/job/scott-air-force-base/software-application-test-lead/185/97479072416,"Scott Air Force Base, Illinois, United States",Scott Air Force Base,IL,United States,Not specified,,,,Aerospace,2026-08-11,2026-08-11,https://jobs.boeing.com/information-technology-careers,linked_page,4,success_after_fallback
36b0413167ca,2026-08-11,b00ce903c871,Boeing,https://www.boeing.com/resources/boeingdotcom/government-operations/state_cards/Card_NY.pdf,https://jobs.boeing.com/information-technology-careers,Software Application Tester,https://jobs.boeing.com/job/scott-air-force-base/software-application-tester/185/97479072304,"Scott Air Force Base, Illinois, United States",Scott Air Force Base,IL,United States,Not specified,,,,Aerospace,2026-08-11,2026-08-11,https://jobs.boeing.com/information-technology-careers,linked_page,4,success_after_fallback
0c61085d21cc,2026-08-11,b00ce903c871,Boeing,https://www.boeing.com/resources/boeingdotcom/government-operations/state_cards/Card_NY.pdf,https://jobs.boeing.com/information-technology-careers,Spirit Defense - Senior Information Assurance Specialist,https://jobs.boeing.com/job/wichita/spirit-defense-senior-information-assurance-specialist/185/94703514592,"Wichita, Kansas, United States",Wichita,KS,United States,Not specified,,,,Aerospace,2026-08-11,2026-08-11,https://jobs.boeing.com/information-technology-careers,linked_page,4,success_after_fallback
ce6dda917045,2026-08-11,b00ce903c871,Boeing,https://www.boeing.com/resources/boeingdotcom/government-operations/state_cards/Card_NY.pdf,https://jobs.boeing.com/information-technology-careers,Senior Network Designer **Sign on Bonus Potential**,https://jobs.boeing.com/job/berkeley/senior-network-designer-sign-on-bonus-potential/185/98701398816,"Berkeley, Missouri, United States",Berkeley,MO,United States,Not specified,,,,Aerospace,2026-08-11,2026-08-11,https://jobs.boeing.com/information-technology-careers,linked_page,4,success_after_fallback
714457466d50,2026-08-11,b00ce903c871,Boeing,https://www.boeing.com/resources/boeingdotcom/government-operations/state_cards/Card_NY.pdf,https://jobs.boeing.com/flight-engineering-careers,Experienced Configuration Design Engineer,https://jobs.boeing.com/job/mesa/experienced-configuration-design-engineer/185/97522972704,"Mesa, Arizona, United States",Mesa,AZ,United States,Not specified,,,,Aerospace,2026-08-11,2026-08-11,https://jobs.boeing.com/flight-engineering-careers,linked_page,4,success_after_fallback
ab6366434f18,2026-08-11,b00ce903c871,Boeing,https://www.boeing.com/resources/boeingdotcom/government-operations/state_cards/Card_NY.pdf,https://jobs.boeing.com/flight-engineering-careers,Senior Guidance Navigation & Control Engineer (Control Systems Analysis & Design),https://jobs.boeing.com/job/berkeley/senior-guidance-navigation-and-control-engineer-control-systems-analysis-and-design/185/97576591472,"Berkeley, Missouri, United States",Berkeley,MO,United States,Not specified,,,,Aerospace,2026-08-11,2026-08-11,https://jobs.boeing.com/flight-engineering-careers,linked_page,4,success_after_fallback
7fda0e1de594,2026-08-11,b00ce903c871,Boeing,https://www.boeing.com/resources/boeingdotcom/government-operations/state_cards/Card_NY.pdf,https://jobs.boeing.com/flight-engineering-careers,Experienced / Senior Ground Loads Engineer,https://jobs.boeing.com/job/berkeley/experienced-senior-ground-loads-engineer/185/96478137072,"Berkeley, Missouri, United States",Berkeley,MO,United States,Not specified,,,,Aerospace,2026-08-11,2026-08-11,https://jobs.boeing.com/flight-engineering-careers,linked_page,4,success_after_fallback
5f5936ad451f,2026-08-11,b00ce903c871,Boeing,https://www.boeing.com/resources/boeingdotcom/government-operations/state_cards/Card_NY.pdf,https://jobs.boeing.com/flight-engineering-careers,Experienced / Senior Loads and Dynamics Engineer,https://jobs.boeing.com/job/hazelwood/experienced-senior-loads-and-dynamics-engineer/185/96469991552,"Hazelwood, Missouri, United States",Hazelwood,MO,United States,Not specified,,,,Aerospace,2026-08-11,2026-08-11,https://jobs.boeing.com/flight-engineering-careers,linked_page,4,success_after_fallback
edf7ef5d5b5f,2026-08-11,b00ce903c871,Boeing,https://www.boeing.com/resources/boeingdotcom/government-operations/state_cards/Card_NY.pdf,https://jobs.boeing.com/industrial-engineering-careers,Associate Manufacturing Planner,https://jobs.boeing.com/job/wichita/associate-manufacturing-planner/185/92581913136,"Wichita, Kansas, United States",Wichita,KS,United States,Not specified,,,,Aerospace,2026-08-11,2026-08-11,https://jobs.boeing.com/industrial-engineering-careers,linked_page,4,success_after_fallback
3488da234d15,2026-08-11,b00ce903c871,Boeing,https://www.boeing.com/resources/boeingdotcom/government-operations/state_cards/Card_NY.pdf,https://jobs.boeing.com/industrial-engineering-careers,Industrial Engineer (Associate or Mid-Level),https://jobs.boeing.com/job/wichita/industrial-engineer-associate-or-mid-level/185/93690408000,"Wichita, Kansas, United States",Wichita,KS,United States,Not specified,,,,Aerospace,2026-08-11,2026-08-11,https://jobs.boeing.com/industrial-engineering-careers,linked_page,4,success_after_fallback
95f819ee19c0,2026-08-11,b00ce903c871,Boeing,https://www.boeing.com/resources/boeingdotcom/government-operations/state_cards/Card_NY.pdf,https://jobs.boeing.com/industrial-engineering-careers,Spirit Defense - Associate Industrial Engineer,https://jobs.boeing.com/job/wichita/spirit-defense-associate-industrial-engineer/185/95087216160,"Wichita, Kansas, United States",Wichita,KS,United States,Not specified,,,,Aerospace,2026-08-11,2026-08-11,https://jobs.boeing.com/industrial-engineering-careers,linked_page,4,success_after_fallback
e55e06af8ac9,2026-08-11,2cdfe8725858,Bren-Tronics,https://www.bren-tronics.com/,https://jobs.enersys.com/search?q=&q2=&alertId=&locationsearch=&title=&date=&location=commack,Mechanical Engineer,https://jobs.enersys.com/job/Commack-Mechanical-Engineer-NY-11725/1393814433,"Commack, NY, United States",Commack,NY,United States,Not specified,,,,Aerospace,2026-08-11,2026-08-11,https://jobs.enersys.com/search?q=&q2=&alertId=&locationsearch=&title=&date=&location=commack,known_careers_url,4,success
e4da1064ea63,2026-08-11,2cdfe8725858,Bren-Tronics,https://www.bren-tronics.com/,https://jobs.enersys.com/search?q=&q2=&alertId=&locationsearch=&title=&date=&location=commack,Electrical Engineer,https://jobs.enersys.com/job/Commack-Electrical-Engineer-NY-11725/1393518033,"Commack, NY, United States",Commack,NY,United States,Not specified,,,,Aerospace,2026-08-11,2026-08-11,https://jobs.enersys.com/search?q=&q2=&alertId=&locationsearch=&title=&date=&location=commack,known_careers_url,4,success
3121343f583c,2026-08-11,2cdfe8725858,Bren-Tronics,https://www.bren-tronics.com/,https://jobs.enersys.com/search?q=&q2=&alertId=&locationsearch=&title=&date=&location=commack,Lead Electrical Engineer I,https://jobs.enersys.com/job/Commack-Lead-Electrical-Engineer-I-NY-11725/1422342233,"Commack, NY, United States",Commack,NY,United States,Not specified,,,,Aerospace,2026-08-11,2026-08-11,https://jobs.enersys.com/search?q=&q2=&alertId=&locationsearch=&title=&date=&location=commack,known_careers_url,4,success
7fd68aab3611,2026-08-11,2cdfe8725858,Bren-Tronics,https://www.bren-tronics.com/,https://jobs.enersys.com/search?q=&q2=&alertId=&locationsearch=&title=&date=&location=commack,Senior Manufacturing Engineer,https://jobs.enersys.com/job/Commack-Senior-Manufacturing-Engineer-NY-11725/1410435333,"Commack, NY, United States",Commack,NY,United States,Not specified,,,,Aerospace,2026-08-11,2026-08-11,https://jobs.enersys.com/search?q=&q2=&alertId=&locationsearch=&title=&date=&location=commack,known_careers_url,4,success
6bbc9453e327,2026-08-11,2cdfe8725858,Bren-Tronics,https://www.bren-tronics.com/,https://jobs.enersys.com/search?q=&q2=&alertId=&locationsearch=&title=&date=&location=commack,Manufacturing Engineer,https://jobs.enersys.com/job/Commack-Manufacturing-Engineer-NY-11725/1380552333,"Commack, NY, United States",Commack,NY,United States,Not specified,,,,Aerospace,2026-08-11,2026-08-11,https://jobs.enersys.com/search?q=&q2=&alertId=&locationsearch=&title=&date=&location=commack,known_careers_url,4,success
befe9653a0f7,2026-08-11,2cdfe8725858,Bren-Tronics,https://www.bren-tronics.com/,https://jobs.enersys.com/search?q=&q2=&alertId=&locationsearch=&title=&date=&location=commack,Production Manager,https://jobs.enersys.com/job/Commack-Production-Manager-NY-11725/1368745033,"Commack, NY, United States",Commack,NY,United States,Not specified,,,,Aerospace,2026-08-11,2026-08-11,https://jobs.enersys.com/search?q=&q2=&alertId=&locationsearch=&title=&date=&location=commack,known_careers_url,4,success
5480da740e51,2026-08-11,2cdfe8725858,Bren-Tronics,https://www.bren-tronics.com/,https://jobs.enersys.com/search?q=&q2=&alertId=&locationsearch=&title=&date=&location=commack,Senior Electrical Engineer,https://jobs.enersys.com/job/Commack-Senior-Electrical-Engineer-NY-11725/1279809301,"Commack, NY, United States",Commack,NY,United States,Not specified,,,,Aerospace,2026-08-11,2026-08-11,https://jobs.enersys.com/search?q=&q2=&alertId=&locationsearch=&title=&date=&location=commack,known_careers_url,4,success
869b65d5f22a,2026-08-11,2cdfe8725858,Bren-Tronics,https://www.bren-tronics.com/,https://jobs.enersys.com/search?q=&q2=&alertId=&locationsearch=&title=&date=&location=commack,Senior Mechanical Engineer,https://jobs.enersys.com/job/Commack-Senior-Mechanical-Engineer-NY-11725/1279712201,"Commack, NY, United States",Commack,NY,United States,Not specified,,,,Aerospace,2026-08-11,2026-08-11,https://jobs.enersys.com/search?q=&q2=&alertId=&locationsearch=&title=&date=&location=commack,known_careers_url,4,success
968f00799f05,2026-08-11,2cdfe8725858,Bren-Tronics,https://www.bren-tronics.com/,https://jobs.enersys.com/search?q=&q2=&alertId=&locationsearch=&title=&date=&location=commack,Planning Specialist,https://jobs.enersys.com/job/Commack-Planning-Specialist-NY-11725/1396086333,"Commack, NY, United States",Commack,NY,United States,Not specified,,,,Aerospace,2026-08-11,2026-08-11,https://jobs.enersys.com/search?q=&q2=&alertId=&locationsearch=&title=&date=&location=commack,known_careers_url,4,success
08cd4b9badfa,2026-08-11,2cdfe8725858,Bren-Tronics,https://www.bren-tronics.com/,https://jobs.enersys.com/search?q=&q2=&alertId=&locationsearch=&title=&date=&location=commack,Test Technician III,https://jobs.enersys.com/job/Commack-Test-Technician-III-NY-11725/1394556633,"Commack, NY, United States",Commack,NY,United States,Not specified,,,,Aerospace,2026-08-11,2026-08-11,https://jobs.enersys.com/search?q=&q2=&alertId=&locationsearch=&title=&date=&location=commack,known_careers_url,4,success
1e3224182459,2026-08-11,2cdfe8725858,Bren-Tronics,https://www.bren-tronics.com/,https://jobs.enersys.com/search?q=&q2=&alertId=&locationsearch=&title=&date=&location=commack,Helpdesk Technician,https://jobs.enersys.com/job/Commack-Helpdesk-Technician-NY-11725/1414827333,"Commack, NY, United States",Commack,NY,United States,Not specified,,,,Aerospace,2026-08-11,2026-08-11,https://jobs.enersys.com/search?q=&q2=&alertId=&locationsearch=&title=&date=&location=commack,known_careers_url,4,success
e92437cd5ffb,2026-08-11,2cdfe8725858,Bren-Tronics,https://www.bren-tronics.com/,https://jobs.enersys.com/search?createNewAlert=false&q=&locationsearch=&optionsFacetsDD_department=,Customer Service Manager,https://jobs.enersys.com/job/Largo-Customer-Service-Manager-FL-33777/1414538733,"Commack, NY, United States",Commack,NY,United States,Not specified,,,,Aerospace,2026-08-11,2026-08-11,https://jobs.enersys.com/search?createNewAlert=false&q=&locationsearch=&optionsFacetsDD_department=,linked_page,4,success_after_fallback
1b30d3c866ff,2026-08-11,2cdfe8725858,Bren-Tronics,https://www.bren-tronics.com/,https://jobs.enersys.com/search?createNewAlert=false&q=&locationsearch=&optionsFacetsDD_department=,Accounts Receivable Coordinator,https://jobs.enersys.com/job/Reading-Accounts-Receivable-Coordinator-PA-19605/1414506933,"Commack, NY, United States",Commack,NY,United States,Not specified,,,,Aerospace,2026-08-11,2026-08-11,https://jobs.enersys.com/search?createNewAlert=false&q=&locationsearch=&optionsFacetsDD_department=,linked_page,4,success_after_fallback
4649311d5f2c,2026-08-11,2cdfe8725858,Bren-Tronics,https://www.bren-tronics.com/,https://jobs.enersys.com/search?createNewAlert=false&q=&locationsearch=&optionsFacetsDD_department=,Senior Field Service Technician IV,https://jobs.enersys.com/job/Anytown-Senior-Field-Service-Technician-IV-NY-13057/1414370233,"Commack, NY, United States",Commack,NY,United States,Not specified,,,,Aerospace,2026-08-11,2026-08-11,https://jobs.enersys.com/search?createNewAlert=false&q=&locationsearch=&optionsFacetsDD_department=,linked_page,4,success_after_fallback
3318a2369e75,2026-08-11,2cdfe8725858,Bren-Tronics,https://www.bren-tronics.com/,https://jobs.enersys.com/search?createNewAlert=false&q=&locationsearch=&optionsFacetsDD_department=,Field Service Technician III,https://jobs.enersys.com/job/Anytown-Field-Service-Technician-III-CT-06101/1414371833,"Commack, NY, United States",Commack,NY,United States,Not specified,,,,Aerospace,2026-08-11,2026-08-11,https://jobs.enersys.com/search?createNewAlert=false&q=&locationsearch=&optionsFacetsDD_department=,linked_page,4,success_after_fallback
94b547d11ff6,2026-08-11,2cdfe8725858,Bren-Tronics,https://www.bren-tronics.com/,https://jobs.enersys.com/search?createNewAlert=false&q=&locationsearch=&optionsFacetsDD_department=,Field Service Technician III,https://jobs.enersys.com/job/Anytown-Field-Service-Technician-III-PA-19610/1414371233,"Commack, NY, United States",Commack,NY,United States,Not specified,,,,Aerospace,2026-08-11,2026-08-11,https://jobs.enersys.com/search?createNewAlert=false&q=&locationsearch=&optionsFacetsDD_department=,linked_page,4,success_after_fallback
ae85bc6d0ed8,2026-08-11,2cdfe8725858,Bren-Tronics,https://www.bren-tronics.com/,https://jobs.enersys.com/search?createNewAlert=false&q=&locationsearch=&optionsFacetsDD_department=,Senior Field Service Technician IV,https://jobs.enersys.com/job/Anytown-Senior-Field-Service-Technician-IV-PA-19610/1414370733,"Commack, NY, United States",Commack,NY,United States,Not specified,,,,Aerospace,2026-08-11,2026-08-11,https://jobs.enersys.com/search?createNewAlert=false&q=&locationsearch=&optionsFacetsDD_department=,linked_page,4,success_after_fallback
b2b548caf17b,2026-08-11,2cdfe8725858,Bren-Tronics,https://www.bren-tronics.com/,https://jobs.enersys.com/search?createNewAlert=false&q=&locationsearch=&optionsFacetsDD_department=,Space Sales Manager EMEA,https://jobs.enersys.com/job/Abingdon-Space-Sales-Manager-EMEA-ENG-OX14-3ED/1385027233,"Commack, NY, United States",Commack,NY,United States,Not specified,,,,Aerospace,2026-08-11,2026-08-11,https://jobs.enersys.com/search?createNewAlert=false&q=&locationsearch=&optionsFacetsDD_department=,linked_page,4,success_after_fallback
8c548e684f2c,2026-08-11,2cdfe8725858,Bren-Tronics,https://www.bren-tronics.com/,https://jobs.enersys.com/search?createNewAlert=false&q=&locationsearch=&optionsFacetsDD_department=,Technical Sales Representative,https://jobs.enersys.com/job/Anytown-Technical-Sales-Representative-FL-33805/1394218433,"Commack, NY, United States",Commack,NY,United States,Not specified,,,,Aerospace,2026-08-11,2026-08-11,https://jobs.enersys.com/search?createNewAlert=false&q=&locationsearch=&optionsFacetsDD_department=,linked_page,4,success_after_fallback
13273f1adf78,2026-08-11,2cdfe8725858,Bren-Tronics,https://www.bren-tronics.com/,https://jobs.enersys.com/search?createNewAlert=false&q=&locationsearch=&optionsFacetsDD_department=,Senior Supplier Quality Engineer III,https://jobs.enersys.com/job/Greenville-Senior-Supplier-Quality-Engineer-III-SC-29673/1394194833,"Commack, NY, United States",Commack,NY,United States,Not specified,,,,Aerospace,2026-08-11,2026-08-11,https://jobs.enersys.com/search?createNewAlert=false&q=&locationsearch=&optionsFacetsDD_department=,linked_page,4,success_after_fallback
9c53739b1f44,2026-08-11,2cdfe8725858,Bren-Tronics,https://www.bren-tronics.com/,https://jobs.enersys.com/search?createNewAlert=false&q=&locationsearch=&optionsFacetsDD_department=,Formation Operator,https://jobs.enersys.com/job/Richmond-Formation-Operator-KY-40475/1424932733,"Commack, NY, United States",Commack,NY,United States,Not specified,,,,Aerospace,2026-08-11,2026-08-11,https://jobs.enersys.com/search?createNewAlert=false&q=&locationsearch=&optionsFacetsDD_department=,linked_page,4,success_after_fallback
b1003b80218a,2026-08-11,2cdfe8725858,Bren-Tronics,https://www.bren-tronics.com/,https://jobs.enersys.com/search?createNewAlert=false&q=&locationsearch=&optionsFacetsDD_department=,Project Manager Service II,https://jobs.enersys.com/job/Anytown-Project-Manager-Service-II-TX-75006/1424928433,"Commack, NY, United States",Commack,NY,United States,Not specified,,,,Aerospace,2026-08-11,2026-08-11,https://jobs.enersys.com/search?createNewAlert=false&q=&locationsearch=&optionsFacetsDD_department=,linked_page,4,success_after_fallback
998c2a1041e3,2026-08-11,2cdfe8725858,Bren-Tronics,https://www.bren-tronics.com/,https://jobs.enersys.com/search?createNewAlert=false&q=&locationsearch=&optionsFacetsDD_department=,Sales Excellence Project Manager,https://jobs.enersys.com/job/Reading-Sales-Excellence-Project-Manager-PA-19605/1424890433,"Commack, NY, United States",Commack,NY,United States,Not specified,,,,Aerospace,2026-08-11,2026-08-11,https://jobs.enersys.com/search?createNewAlert=false&q=&locationsearch=&optionsFacetsDD_department=,linked_page,4,success_after_fallback
a402af6b4f58,2026-08-11,2cdfe8725858,Bren-Tronics,https://www.bren-tronics.com/,https://jobs.enersys.com/search?createNewAlert=false&q=&locationsearch=&optionsFacetsDD_department=,Warehouse Manager,https://jobs.enersys.com/job/Chino-Warehouse-Manager-CA-91710/1424957633,"Commack, NY, United States",Commack,NY,United States,Not specified,,,,Aerospace,2026-08-11,2026-08-11,https://jobs.enersys.com/search?createNewAlert=false&q=&locationsearch=&optionsFacetsDD_department=,linked_page,4,success_after_fallback
df5be75b3b0e,2026-08-11,2cdfe8725858,Bren-Tronics,https://www.bren-tronics.com/,https://jobs.enersys.com/search?createNewAlert=false&q=&locationsearch=&optionsFacetsDD_department=,Controls Engineer,https://jobs.enersys.com/job/Springfield-Controls-Engineer-MO-65802/1384290733,"Commack, NY, United States",Commack,NY,United States,Not specified,,,,Aerospace,2026-08-11,2026-08-11,https://jobs.enersys.com/search?createNewAlert=false&q=&locationsearch=&optionsFacetsDD_department=,linked_page,4,success_after_fallback
673fc9be763c,2026-08-11,2cdfe8725858,Bren-Tronics,https://www.bren-tronics.com/,https://jobs.enersys.com/search?createNewAlert=false&q=&locationsearch=&optionsFacetsDD_department=,Manufacturing Technician,https://jobs.enersys.com/job/Abingdon-Manufacturing-Technician-ENG-OX14-3ED/1403886033,"Commack, NY, United States",Commack,NY,United States,Not specified,,,,Aerospace,2026-08-11,2026-08-11,https://jobs.enersys.com/search?createNewAlert=false&q=&locationsearch=&optionsFacetsDD_department=,linked_page,4,success_after_fallback
47d11c11a928,2026-08-11,2cdfe8725858,Bren-Tronics,https://www.bren-tronics.com/,https://jobs.enersys.com/search?createNewAlert=false&q=&locationsearch=&optionsFacetsDD_department=,Sales Engineer,https://jobs.enersys.com/job/Largo-Sales-Engineer-FL-33777/1374298733,"Commack, NY, United States",Commack,NY,United States,Not specified,,,,Aerospace,2026-08-11,2026-08-11,https://jobs.enersys.com/search?createNewAlert=false&q=&locationsearch=&optionsFacetsDD_department=,linked_page,4,success_after_fallback
a33b1150e314,2026-08-11,2cdfe8725858,Bren-Tronics,https://www.bren-tronics.com/,https://jobs.enersys.com/search?createNewAlert=false&q=&locationsearch=&optionsFacetsDD_department=,Service Administrator,https://jobs.enersys.com/job/Barendrecht-Service-Administrator-2991-LT/1383505833,"Commack, NY, United States",Commack,NY,United States,Not specified,,,,Aerospace,2026-08-11,2026-08-11,https://jobs.enersys.com/search?createNewAlert=false&q=&locationsearch=&optionsFacetsDD_department=,linked_page,4,success_after_fallback
eec4855a6cdd,2026-08-11,d3ecafe64223,Calspan Air Services,https://www.calspanairservices.com/,https://careers2-calspan.icims.com/jobs/2623/customer-service-agent/job,Customer Service Agent,https://careers2-calspan.icims.com/jobs/2623/customer-service-agent/job,"Niagara Falls, NY, US",Niagara Falls,NY,United States,Not specified,,,Operations,Aerospace,2026-08-11,2026-08-11,https://careers2-calspan.icims.com/jobs/2623/customer-service-agent/job,ats_detected,4,success_after_fallback
08b20a05908d,2026-08-11,234e92c8de3f,Calspan Business Park,https://calspan.com/,https://careers-calspan.icims.com/jobs/search,Job Title Engineering Technician,https://careers-calspan.icims.com/jobs/2630/engineering-technician/job,"Buffalo, NY, United States",Buffalo,NY,United States,Not specified,,,,Aerospace,2026-08-11,2026-08-11,https://careers-calspan.icims.com/jobs/search,known_careers_url,5,success
5e97562d44e9,2026-08-11,234e92c8de3f,Calspan Business Park,https://calspan.com/,https://careers-calspan.icims.com/jobs/search,Job Title HVAC Technician,https://careers-calspan.icims.com/jobs/2608/hvac-technician/job,"Buffalo, NY, United States",Buffalo,NY,United States,Not specified,,,,Aerospace,2026-08-11,2026-08-11,https://careers-calspan.icims.com/jobs/search,known_careers_url,5,success
8cdf91017e92,2026-08-11,234e92c8de3f,Calspan Business Park,https://calspan.com/,https://careers-calspan.icims.com/jobs/search,Job Title Principal Systems Software Engineer - Jet Engine Test Cells,https://careers-calspan.icims.com/jobs/2500/principal-systems-software-engineer---jet-engine-test-cells/job,"Buffalo, NY, United States",Buffalo,NY,United States,Not specified,,,,Aerospace,2026-08-11,2026-08-11,https://careers-calspan.icims.com/jobs/search,known_careers_url,5,success
a5ff33a43056,2026-08-11,234e92c8de3f,Calspan Business Park,https://calspan.com/,https://careers-calspan.icims.com/jobs/search,Job Title Technician,https://careers-calspan.icims.com/jobs/2601/technician/job,"Buffalo, NY, United States",Buffalo,NY,United States,Not specified,,,,Aerospace,2026-08-11,2026-08-11,https://careers-calspan.icims.com/jobs/search,known_careers_url,5,success
bea45761b69f,2026-08-11,234e92c8de3f,Calspan Business Park,https://calspan.com/,https://careers-calspan.icims.com/jobs/search,Job Title Automotive Technician,https://careers-calspan.icims.com/jobs/2603/automotive-technician/job,"Buffalo, NY, United States",Buffalo,NY,United States,Not specified,,,,Aerospace,2026-08-11,2026-08-11,https://careers-calspan.icims.com/jobs/search,known_careers_url,5,success
2e982c46f123,2026-08-11,234e92c8de3f,Calspan Business Park,https://calspan.com/,https://careers-calspan.icims.com/jobs/search,Job Title Mechanical Assembly Technician,https://careers-calspan.icims.com/jobs/2579/mechanical-assembly-technician/job,"Buffalo, NY, United States",Buffalo,NY,United States,Not specified,,,,Aerospace,2026-08-11,2026-08-11,https://careers-calspan.icims.com/jobs/search,known_careers_url,5,success
1a181099542b,2026-08-11,234e92c8de3f,Calspan Business Park,https://calspan.com/,https://careers-calspan.icims.com/jobs/search,Job Title Controls and Instrumentation Designer,https://careers-calspan.icims.com/jobs/2628/controls-and-instrumentation-designer/job,"Buffalo, NY, United States",Buffalo,NY,United States,Not specified,,,,Aerospace,2026-08-11,2026-08-11,https://careers-calspan.icims.com/jobs/search,known_careers_url,5,success
9bd406987816,2026-08-11,234e92c8de3f,Calspan Business Park,https://calspan.com/,https://careers-calspan.icims.com/jobs/search,Job Title IT Support Specialist,https://careers-calspan.icims.com/jobs/2619/it-support-specialist/job,"Buffalo, NY, United States",Buffalo,NY,United States,Not specified,,,,Aerospace,2026-08-11,2026-08-11,https://careers-calspan.icims.com/jobs/search,known_careers_url,5,success
b59fa2a18c8b,2026-08-11,234e92c8de3f,Calspan Business Park,https://calspan.com/,https://careers-calspan.icims.com/jobs/search,Job Title Sr. Mechanical Engineer,https://careers-calspan.icims.com/jobs/2612/sr.-mechanical-engineer/job,"Buffalo, NY, United States",Buffalo,NY,United States,Not specified,,,,Aerospace,2026-08-11,2026-08-11,https://careers-calspan.icims.com/jobs/search,known_careers_url,5,success
740604b3cd40,2026-08-11,234e92c8de3f,Calspan Business Park,https://calspan.com/,https://careers-calspan.icims.com/jobs/search,Job Title Instrumentation Technician,https://careers-calspan.icims.com/jobs/2615/instrumentation-technician/job,"Buffalo, NY, United States",Buffalo,NY,United States,Not specified,,,,Aerospace,2026-08-11,2026-08-11,https://careers-calspan.icims.com/jobs/search,known_careers_url,5,success
4166865d17d9,2026-08-11,234e92c8de3f,Calspan Business Park,https://calspan.com/,https://careers-calspan.icims.com/jobs/search,Job Title Lead Controls and Instrumentation Engineer,https://careers-calspan.icims.com/jobs/2613/lead-controls-and-instrumentation-engineer/job,"Buffalo, NY, United States",Buffalo,NY,United States,Not specified,,,,Aerospace,2026-08-11,2026-08-11,https://careers-calspan.icims.com/jobs/search,known_careers_url,5,success
a1ed06c23227,2026-08-11,234e92c8de3f,Calspan Business Park,https://calspan.com/,https://careers-calspan.icims.com/jobs/search,"Job Title Applied Test Engineer, TIRE",https://careers-calspan.icims.com/jobs/2605/applied-test-engineer%2c-tire/job,"Buffalo, NY, United States",Buffalo,NY,United States,Not specified,,,,Aerospace,2026-08-11,2026-08-11,https://careers-calspan.icims.com/jobs/search,known_careers_url,5,success
5035ff818551,2026-08-11,234e92c8de3f,Calspan Business Park,https://calspan.com/,https://careers-calspan.icims.com/jobs/search,Job Title Systems Administrator,https://careers-calspan.icims.com/jobs/2543/systems-administrator%c2%a0/job,"Buffalo, NY, United States",Buffalo,NY,United States,Not specified,,,,Aerospace,2026-08-11,2026-08-11,https://careers-calspan.icims.com/jobs/search,known_careers_url,5,success
44b86ae4002b,2026-08-11,234e92c8de3f,Calspan Business Park,https://calspan.com/,https://careers-calspan.icims.com/jobs/2630/engineering-technician/job,Engineering Technician,https://careers-calspan.icims.com/jobs/2630/engineering-technician/referral,"Buffalo, NY, United States",Buffalo,NY,United States,Not specified,,,,Aerospace,2026-08-11,2026-08-11,https://careers-calspan.icims.com/jobs/2630/engineering-technician/job,ats_detected,5,success_after_fallback
abe7f9cebf52,2026-08-11,234e92c8de3f,Calspan Business Park,https://calspan.com/,https://careers-calspan.icims.com/jobs/2608/hvac-technician/job,Hvac Technician,https://careers-calspan.icims.com/jobs/2608/hvac-technician/referral,"Buffalo, NY, United States",Buffalo,NY,United States,Not specified,,,,Aerospace,2026-08-11,2026-08-11,https://careers-calspan.icims.com/jobs/2608/hvac-technician/job,ats_detected,5,success_after_fallback
46bce008ddac,2026-08-11,234e92c8de3f,Calspan Business Park,https://calspan.com/,https://careers-calspan.icims.com/jobs/2500/principal-systems-software-engineer---jet-engine-test-cells/job,Principal Systems Software Engineer Jet Engine Test Cells,https://careers-calspan.icims.com/jobs/2500/principal-systems-software-engineer---jet-engine-test-cells/referral,"Buffalo, NY, United States",Buffalo,NY,United States,Not specified,,,,Aerospace,2026-08-11,2026-08-11,https://careers-calspan.icims.com/jobs/2500/principal-systems-software-engineer---jet-engine-test-cells/job,ats_detected,5,success_after_fallback
d0c95bf6656f,2026-08-11,234e92c8de3f,Calspan Business Park,https://calspan.com/,https://careers-calspan.icims.com/jobs/2633/machine-mechanic/job,Machine Mechanic,https://careers-calspan.icims.com/jobs/2633/machine-mechanic/job,"Buffalo, NY, US",Buffalo,NY,United States,Not specified,,,Operations,Aerospace,2026-08-11,2026-08-11,https://careers-calspan.icims.com/jobs/2633/machine-mechanic/job,ats_detected,4,success_after_fallback
45a0162a1207,2026-08-11,234e92c8de3f,Calspan Business Park,https://calspan.com/,https://careers-calspan.icims.com/jobs/2603/automotive-technician/job,Automotive Technician,https://careers-calspan.icims.com/jobs/2603/automotive-technician/referral,"Buffalo, NY, United States",Buffalo,NY,United States,Not specified,,,,Aerospace,2026-08-11,2026-08-11,https://careers-calspan.icims.com/jobs/2603/automotive-technician/job,ats_detected,5,success_after_fallback
569ca4dc7d89,2026-08-11,234e92c8de3f,Calspan Business Park,https://calspan.com/,https://careers-calspan.icims.com/jobs/2629/buyer/job,Buyer,https://careers-calspan.icims.com/jobs/2629/buyer/job,"St. Paul, MN, US",St. Paul,MN,United States,Not specified,,,Operations,Aerospace,2026-08-11,2026-08-11,https://careers-calspan.icims.com/jobs/2629/buyer/job,ats_detected,4,success_after_fallback
e42e0ec9e24f,2026-08-11,234e92c8de3f,Calspan Business Park,https://calspan.com/,https://careers-calspan.icims.com/jobs/2579/mechanical-assembly-technician/job,Mechanical Assembly Technician,https://careers-calspan.icims.com/jobs/2579/mechanical-assembly-technician/referral,"Buffalo, NY, United States",Buffalo,NY,United States,Not specified,,,,Aerospace,2026-08-11,2026-08-11,https://careers-calspan.icims.com/jobs/2579/mechanical-assembly-technician/job,ats_detected,5,success_after_fallback
f2cbc1617c59,2026-08-11,234e92c8de3f,Calspan Business Park,https://calspan.com/,https://careers-calspan.icims.com/jobs/2628/controls-and-instrumentation-designer/job,Controls And Instrumentation Designer,https://careers-calspan.icims.com/jobs/2628/controls-and-instrumentation-designer/referral,"Buffalo, NY, United States",Buffalo,NY,United States,Not specified,,,,Aerospace,2026-08-11,2026-08-11,https://careers-calspan.icims.com/jobs/2628/controls-and-instrumentation-designer/job,ats_detected,5,success_after_fallback
74934588b269,2026-08-11,babc8fbe4ec9,Crover,https://www.crover.tech/,https://www.smartrecruiters.com/?utm_source=referral&utm_medium=careerwebsitepage&utm_campaign=careerwebsite&utm_content=none&km_partner=none&km_adgroup=none&utm_term=none&km_matchtype=none,Hiring Managers,https://www.smartrecruiters.com/role/talent-acquisition,"Geneva, NY, United States",Geneva,NY,United States,Not specified,,,,Core Space,2026-08-11,2026-08-11,https://www.smartrecruiters.com/?utm_source=referral&utm_medium=careerwebsitepage&utm_campaign=careerwebsite&utm_content=none&km_partner=none&km_adgroup=none&utm_term=none&km_matchtype=none,ats_detected,4,success_after_fallback
b11bae175a23,2026-08-11,babc8fbe4ec9,Crover,https://www.crover.tech/,https://www.smartrecruiters.com/?utm_source=referral&utm_medium=careerwebsitepage&utm_campaign=careerwebsite&utm_content=none&km_partner=none&km_adgroup=none&utm_term=none&km_matchtype=none,Hiring Managers,https://www.smartrecruiters.com/role/hiring-manager,"Geneva, NY, United States",Geneva,NY,United States,Not specified,,,,Core Space,2026-08-11,2026-08-11,https://www.smartrecruiters.com/?utm_source=referral&utm_medium=careerwebsitepage&utm_campaign=careerwebsite&utm_content=none&km_partner=none&km_adgroup=none&utm_term=none&km_matchtype=none,ats_detected,4,success_after_fallback
8e4c7afd2511,2026-08-11,babc8fbe4ec9,Crover,https://www.crover.tech/,https://www.smartrecruiters.com/?utm_source=referral&utm_medium=careerwebsitepage&utm_campaign=careerwebsite&utm_content=none&km_partner=none&km_adgroup=none&utm_term=none&km_matchtype=none,Hiring Managers,https://www.smartrecruiters.com/role/hr,"Geneva, NY, United States",Geneva,NY,United States,Not specified,,,,Core Space,2026-08-11,2026-08-11,https://www.smartrecruiters.com/?utm_source=referral&utm_medium=careerwebsitepage&utm_campaign=careerwebsite&utm_content=none&km_partner=none&km_adgroup=none&utm_term=none&km_matchtype=none,ats_detected,4,success_after_fallback
e942ee7fb593,2026-08-11,babc8fbe4ec9,Crover,https://www.crover.tech/,https://www.smartrecruiters.com/?utm_source=referral&utm_medium=careerwebsitepage&utm_campaign=careerwebsite&utm_content=none&km_partner=none&km_adgroup=none&utm_term=none&km_matchtype=none,Hiring Managers,https://www.smartrecruiters.com/role/it,"Geneva, NY, United States",Geneva,NY,United States,Not specified,,,,Core Space,2026-08-11,2026-08-11,https://www.smartrecruiters.com/?utm_source=referral&utm_medium=careerwebsitepage&utm_campaign=careerwebsite&utm_content=none&km_partner=none&km_adgroup=none&utm_term=none&km_matchtype=none,ats_detected,4,success_after_fallback
675011ceb6de,2026-08-11,babc8fbe4ec9,Crover,https://www.crover.tech/,https://www.smartrecruiters.com/?utm_source=referral&utm_medium=careerwebsitepage&utm_campaign=careerwebsite&utm_content=none&km_partner=none&km_adgroup=none&utm_term=none&km_matchtype=none,Hiring Managers,https://www.smartrecruiters.com/role/finance,"Geneva, NY, United States",Geneva,NY,United States,Not specified,,,,Core Space,2026-08-11,2026-08-11,https://www.smartrecruiters.com/?utm_source=referral&utm_medium=careerwebsitepage&utm_campaign=careerwebsite&utm_content=none&km_partner=none&km_adgroup=none&utm_term=none&km_matchtype=none,ats_detected,4,success_after_fallback
2c4b3b743564,2026-08-11,bad1b820268a,Dawn Aerospace,https://www.dawnaerospace.com/,https://job-boards.anz.greenhouse.io/dawnaerospace,"Intern – Thruster Development Delft, South Holland, Netherlands",https://job-boards.anz.greenhouse.io/dawnaerospace/jobs/4004992201,"Delft, South Holland, Netherlands",Delft,South Holland,Netherlands,Not specified,,,,Core Space,2026-08-11,2026-08-11,https://job-boards.anz.greenhouse.io/dawnaerospace,ats_detected,5,success_after_fallback
447dcb8fbda1,2026-08-11,bad1b820268a,Dawn Aerospace,https://www.dawnaerospace.com/,https://job-boards.anz.greenhouse.io/dawnaerospace,"Junior / Intermediate Project Manager – Space Propulsion Delft, South Holland, Netherlands",https://job-boards.anz.greenhouse.io/dawnaerospace/jobs/4000883201,"Delft, South Holland, Netherlands",Delft,South Holland,Netherlands,Not specified,,,,Core Space,2026-08-11,2026-08-11,https://job-boards.anz.greenhouse.io/dawnaerospace,ats_detected,5,success_after_fallback
1c77a31bbee1,2026-08-11,bad1b820268a,Dawn Aerospace,https://www.dawnaerospace.com/,https://job-boards.anz.greenhouse.io/dawnaerospace,"PhD Research Opportunities (University of Canterbury & Dawn Aerospace) New Christchurch, Canterbury, New Zealand",https://job-boards.anz.greenhouse.io/dawnaerospace/jobs/4005543201,"Manhattan, NY, United States",Manhattan,NY,United States,Not specified,,,,Core Space,2026-08-11,2026-08-11,https://job-boards.anz.greenhouse.io/dawnaerospace,ats_detected,5,success_after_fallback
c94117e1163d,2026-08-11,bad1b820268a,Dawn Aerospace,https://www.dawnaerospace.com/,https://job-boards.anz.greenhouse.io/dawnaerospace,"Satellite Communications Engineer Delft, South Holland, Netherlands",https://job-boards.anz.greenhouse.io/dawnaerospace/jobs/4001647201,"Delft, South Holland, Netherlands",Delft,South Holland,Netherlands,Not specified,,,,Core Space,2026-08-11,2026-08-11,https://job-boards.anz.greenhouse.io/dawnaerospace,ats_detected,5,success_after_fallback
096dbf50f162,2026-08-11,bad1b820268a,Dawn Aerospace,https://www.dawnaerospace.com/,https://job-boards.anz.greenhouse.io/dawnaerospace,"Satellite RF Hardware & Operations Engineer Delft, South Holland, Netherlands",https://job-boards.anz.greenhouse.io/dawnaerospace/jobs/4000878201,"Delft, South Holland, Netherlands",Delft,South Holland,Netherlands,Not specified,,,,Core Space,2026-08-11,2026-08-11,https://job-boards.anz.greenhouse.io/dawnaerospace,ats_detected,5,success_after_fallback
5a2b0a951f06,2026-08-11,bad1b820268a,Dawn Aerospace,https://www.dawnaerospace.com/,https://job-boards.anz.greenhouse.io/dawnaerospace,"Software Developer Internship – Embedded Linux Delft, South Holland, Netherlands",https://job-boards.anz.greenhouse.io/dawnaerospace/jobs/4004658201,"Delft, South Holland, Netherlands",Delft,South Holland,Netherlands,Not specified,,,,Core Space,2026-08-11,2026-08-11,https://job-boards.anz.greenhouse.io/dawnaerospace,ats_detected,5,success_after_fallback
b63f7993dadc,2026-08-11,bad1b820268a,Dawn Aerospace,https://www.dawnaerospace.com/,https://job-boards.anz.greenhouse.io/dawnaerospace,"Aircraft Maintenance Technician New Christchurch, Canterbury, New Zealand",https://job-boards.anz.greenhouse.io/dawnaerospace/jobs/4005539201,"Manhattan, NY, United States",Manhattan,NY,United States,Not specified,,,,Core Space,2026-08-11,2026-08-11,https://job-boards.anz.greenhouse.io/dawnaerospace,ats_detected,5,success_after_fallback
ac0e2509cff1,2026-08-11,bad1b820268a,Dawn Aerospace,https://www.dawnaerospace.com/,https://job-boards.anz.greenhouse.io/dawnaerospace,"Senior Systems Engineer - Spaceplane New Christchurch, Canterbury, New Zealand",https://job-boards.anz.greenhouse.io/dawnaerospace/jobs/4005444201,"Manhattan, NY, United States",Manhattan,NY,United States,Not specified,,,,Core Space,2026-08-11,2026-08-11,https://job-boards.anz.greenhouse.io/dawnaerospace,ats_detected,5,success_after_fallback
1a42f8f3aaaa,2026-08-11,bad1b820268a,Dawn Aerospace,https://www.dawnaerospace.com/,https://job-boards.anz.greenhouse.io/dawnaerospace,"Compliance & Export Controls Specialist New Christchurch, Canterbury, New Zealand",https://job-boards.anz.greenhouse.io/dawnaerospace/jobs/4005442201,"Manhattan, NY, United States",Manhattan,NY,United States,Not specified,,,,Core Space,2026-08-11,2026-08-11,https://job-boards.anz.greenhouse.io/dawnaerospace,ats_detected,5,success_after_fallback
1db33c6f93cb,2026-08-11,bad1b820268a,Dawn Aerospace,https://www.dawnaerospace.com/,https://job-boards.anz.greenhouse.io/dawnaerospace,Head of Defence Sales – Germany Germany,https://job-boards.anz.greenhouse.io/dawnaerospace/jobs/4004923201,"Manhattan, NY, United States",Manhattan,NY,United States,Not specified,,,,Core Space,2026-08-11,2026-08-11,https://job-boards.anz.greenhouse.io/dawnaerospace,ats_detected,5,success_after_fallback
2c974b67f5ad,2026-08-11,ba37ca62f760,echo3D,https://www.echo3d.co/,https://www.echo3d.com/about/careers,Enterprise Sales Executive B2B,https://wellfound.com/jobs/3529921-enterprise-sales-executive-b2b,"Manhattan, NY, United States",Manhattan,NY,United States,Remote,,,,Core Space,2026-08-11,2026-08-11,https://www.echo3d.com/about/careers,known_careers_url,4,success
bb9a4a219de8,2026-08-11,ba37ca62f760,echo3D,https://www.echo3d.co/,https://www.echo3d.com/about/careers,Software Engineer,https://wellfound.com/jobs/1749640-software-engineer,"Manhattan, NY, United States",Manhattan,NY,United States,Remote,,,,Core Space,2026-08-11,2026-08-11,https://www.echo3d.com/about/careers,known_careers_url,4,success
8533e87ca635,2026-08-11,ba37ca62f760,echo3D,https://www.echo3d.co/,https://wellfound.com/jobs/3529921-enterprise-sales-executive-b2b,Scientific Implementation Associate $80k – $80k • 0.005% – 0.025%,https://wellfound.com/jobs/3126751-scientific-implementation-associate,"Manhattan, NY, United States",Manhattan,NY,United States,Not specified,,,,Core Space,2026-08-11,2026-08-11,https://wellfound.com/jobs/3529921-enterprise-sales-executive-b2b,linked_page,4,success_after_fallback
2ae35c6e7a7f,2026-08-11,ba37ca62f760,echo3D,https://www.echo3d.co/,https://wellfound.com/jobs/3529921-enterprise-sales-executive-b2b,Us Business Development And Operations Support Specialist Retail Robotic Solutions,https://wellfound.com/jobs/3130978-us-business-development-and-operations-support-specialist-retail-robotic-solutions,"Manhattan, NY, United States",Manhattan,NY,United States,Not specified,,,,Core Space,2026-08-11,2026-08-11,https://wellfound.com/jobs/3529921-enterprise-sales-executive-b2b,linked_page,4,success_after_fallback
392507830aa7,2026-08-11,ba37ca62f760,echo3D,https://www.echo3d.co/,https://wellfound.com/jobs/3529921-enterprise-sales-executive-b2b,Sales Development Representative (SDR) $80k – $100k,https://wellfound.com/jobs/3203228-sales-development-representative-sdr,"Manhattan, NY, United States",Manhattan,NY,United States,Not specified,,,,Core Space,2026-08-11,2026-08-11,https://wellfound.com/jobs/3529921-enterprise-sales-executive-b2b,linked_page,4,success_after_fallback
f2717eda50cf,2026-08-11,ba37ca62f760,echo3D,https://www.echo3d.co/,https://wellfound.com/jobs/3529921-enterprise-sales-executive-b2b,Sales Intern $1k – $20k • No equity,https://wellfound.com/jobs/3366248-sales-intern,"Manhattan, NY, United States",Manhattan,NY,United States,Not specified,,,,Core Space,2026-08-11,2026-08-11,https://wellfound.com/jobs/3529921-enterprise-sales-executive-b2b,linked_page,4,success_after_fallback
b0a978d331e0,2026-08-11,ba37ca62f760,echo3D,https://www.echo3d.co/,https://wellfound.com/jobs,Director of Sales - STILE DTLA by Kasa,https://wellfound.com/jobs/4574396-director-of-sales-stile-dtla-by-kasa,"Manhattan, NY, United States",Manhattan,NY,United States,Not specified,,,,Core Space,2026-08-11,2026-08-11,https://wellfound.com/jobs,linked_page,4,success_after_fallback
dcfb14c4b5bf,2026-08-11,ba37ca62f760,echo3D,https://www.echo3d.co/,https://wellfound.com/jobs,Senior Creator & Studio Partnerships Manager,https://wellfound.com/jobs/4574058-senior-creator-studio-partnerships-manager,"Manhattan, NY, United States",Manhattan,NY,United States,Remote,,,,Core Space,2026-08-11,2026-08-11,https://wellfound.com/jobs,linked_page,4,success_after_fallback
5bcb4394f8b7,2026-08-11,ba37ca62f760,echo3D,https://www.echo3d.co/,https://wellfound.com/jobs,Product Engineer — Live Platform,https://wellfound.com/jobs/4574061-product-engineer-live-platform,"Manhattan, NY, United States",Manhattan,NY,United States,Remote,,,,Core Space,2026-08-11,2026-08-11,https://wellfound.com/jobs,linked_page,4,success_after_fallback
eecb7d2d505b,2026-08-11,ba37ca62f760,echo3D,https://www.echo3d.co/,https://wellfound.com/jobs,Ruby on Rails Developer - (Remote),https://wellfound.com/jobs/3531489-ruby-on-rails-engineer-remote,"Remote only • Alabama, United States",Remote only • Alabama,,United States,Remote,,,,Core Space,2026-08-11,2026-08-11,https://wellfound.com/jobs,linked_page,4,success_after_fallback
d2f8037f01fe,2026-08-11,ba37ca62f760,echo3D,https://www.echo3d.co/,https://wellfound.com/jobs,AI Engineer,https://wellfound.com/jobs/4574038-ai-engineer,"Manhattan, NY, United States",Manhattan,NY,United States,Remote,,,,Core Space,2026-08-11,2026-08-11,https://wellfound.com/jobs,linked_page,4,success_after_fallback
e999f605db03,2026-08-11,ba37ca62f760,echo3D,https://www.echo3d.co/,https://wellfound.com/jobs,Full-stack Engineer,https://wellfound.com/jobs/3533228-full-stack-engineer,"Manhattan, NY, United States",Manhattan,NY,United States,Remote,,,,Core Space,2026-08-11,2026-08-11,https://wellfound.com/jobs,linked_page,4,success_after_fallback
55758ba79fe9,2026-08-11,ba37ca62f760,echo3D,https://www.echo3d.co/,https://wellfound.com/jobs,MTS - Staff Engineer,https://wellfound.com/jobs/4572939-mts-staff-engineer,"Manhattan, NY, United States",Manhattan,NY,United States,Not specified,,,,Core Space,2026-08-11,2026-08-11,https://wellfound.com/jobs,linked_page,4,success_after_fallback
bb9c483f95cd,2026-08-11,ba37ca62f760,echo3D,https://www.echo3d.co/,https://wellfound.com/jobs,Senior Product Manager - Special Projects,https://wellfound.com/jobs/4573096-senior-product-manager-special-projects,"Manhattan, NY, United States",Manhattan,NY,United States,Remote,,,,Core Space,2026-08-11,2026-08-11,https://wellfound.com/jobs,linked_page,4,success_after_fallback
c05dcbb88f5e,2026-08-11,ba37ca62f760,echo3D,https://www.echo3d.co/,https://wellfound.com/jobs,Head of Product,https://wellfound.com/jobs/4573058-head-of-product,"Manhattan, NY, United States",Manhattan,NY,United States,Not specified,,,,Core Space,2026-08-11,2026-08-11,https://wellfound.com/jobs,linked_page,4,success_after_fallback
f85d5074c70b,2026-08-11,ba37ca62f760,echo3D,https://www.echo3d.co/,https://wellfound.com/jobs,"Sr. Product Manager, Personalization & AI",https://wellfound.com/jobs/4572947-sr-product-manager-personalization-ai,"Manhattan, NY, United States",Manhattan,NY,United States,Not specified,,,,Core Space,2026-08-11,2026-08-11,https://wellfound.com/jobs,linked_page,4,success_after_fallback
60287b1fc0b6,2026-08-11,ba37ca62f760,echo3D,https://www.echo3d.co/,https://wellfound.com/jobs,Product Manager,https://wellfound.com/jobs/3628036-senior-product-manager,"Manhattan, NY, United States",Manhattan,NY,United States,Remote,,,,Core Space,2026-08-11,2026-08-11,https://wellfound.com/jobs,linked_page,4,success_after_fallback
6b0511343390,2026-08-11,ba37ca62f760,echo3D,https://www.echo3d.co/,https://wellfound.com/jobs,Head of Product,https://wellfound.com/jobs/4572629-product-manager-growth-clone,"Manhattan, NY, United States",Manhattan,NY,United States,Remote,,,,Core Space,2026-08-11,2026-08-11,https://wellfound.com/jobs,linked_page,4,success_after_fallback
1b793e786863,2026-08-11,ba37ca62f760,echo3D,https://www.echo3d.co/,https://wellfound.com/jobs,Founding Product UI / UX Designer - Consumer,https://wellfound.com/jobs/4555173-founding-product-ui-ux-designer-consumer,"Manhattan, NY, United States",Manhattan,NY,United States,Remote,,,,Core Space,2026-08-11,2026-08-11,https://wellfound.com/jobs,linked_page,4,success_after_fallback
dd7963404d26,2026-08-11,ba37ca62f760,echo3D,https://www.echo3d.co/,https://wellfound.com/jobs,"Full-Stack Designer (Brand, Marketing & UI)",https://wellfound.com/jobs/4174641-full-stack-designer-brand-marketing-ui,"Manhattan, NY, United States",Manhattan,NY,United States,Remote,,,,Core Space,2026-08-11,2026-08-11,https://wellfound.com/jobs,linked_page,4,success_after_fallback
566741090858,2026-08-11,ba37ca62f760,echo3D,https://www.echo3d.co/,https://wellfound.com/jobs,Product Designer (New Grad),https://wellfound.com/jobs/4536786-product-designer-new-grad,"Manhattan, NY, United States",Manhattan,NY,United States,Remote,,,,Core Space,2026-08-11,2026-08-11,https://wellfound.com/jobs,linked_page,4,success_after_fallback
3f1462149551,2026-08-11,ba37ca62f760,echo3D,https://www.echo3d.co/,https://wellfound.com/jobs,Learning Experience Designer,https://wellfound.com/jobs/4523196-learning-experience-designer,"Manhattan, NY, United States",Manhattan,NY,United States,Not specified,,,,Core Space,2026-08-11,2026-08-11,https://wellfound.com/jobs,linked_page,4,success_after_fallback
60f19298ff4d,2026-08-11,ba37ca62f760,echo3D,https://www.echo3d.co/,https://wellfound.com/jobs,Staff Design Engineer,https://wellfound.com/jobs/4514733-staff-design-engineer,"Manhattan, NY, United States",Manhattan,NY,United States,Not specified,,,,Core Space,2026-08-11,2026-08-11,https://wellfound.com/jobs,linked_page,4,success_after_fallback
09d25e34832e,2026-08-11,ba37ca62f760,echo3D,https://www.echo3d.co/,https://wellfound.com/jobs,Data Engineer for Social Good,https://wellfound.com/jobs/3876240-data-engineer-for-social-good,"Manhattan, NY, United States",Manhattan,NY,United States,Remote,,,,Core Space,2026-08-11,2026-08-11,https://wellfound.com/jobs,linked_page,4,success_after_fallback
38dd09d6d4e4,2026-08-11,ba37ca62f760,echo3D,https://www.echo3d.co/,https://wellfound.com/jobs,"Data Engineer (Staff, Principal, Lead)",https://wellfound.com/jobs/3994821-2-data-engineer-staff-principal-lead,"Manhattan, NY, United States",Manhattan,NY,United States,On-site,,,,Core Space,2026-08-11,2026-08-11,https://wellfound.com/jobs,linked_page,4,success_after_fallback
ffd497db2878,2026-08-11,ba37ca62f760,echo3D,https://www.echo3d.co/,https://wellfound.com/jobs,Data Engineer,https://wellfound.com/jobs/4562602-data-engineer,"Manhattan, NY, United States",Manhattan,NY,United States,Not specified,,,,Core Space,2026-08-11,2026-08-11,https://wellfound.com/jobs,linked_page,4,success_after_fallback
c357ed108a96,2026-08-11,ba37ca62f760,echo3D,https://www.echo3d.co/,https://wellfound.com/jobs,Voice AI Evals - Lead,https://wellfound.com/jobs/4555227-voice-ai-evals-lead,"Manhattan, NY, United States",Manhattan,NY,United States,On-site,,,,Core Space,2026-08-11,2026-08-11,https://wellfound.com/jobs,linked_page,4,success_after_fallback
8c9009a238a6,2026-08-11,ba37ca62f760,echo3D,https://www.echo3d.co/,https://wellfound.com/jobs,Web Scraping Specialist,https://wellfound.com/jobs/2912889-web-scraping-specialist,"Manhattan, NY, United States",Manhattan,NY,United States,Remote,,,,Core Space,2026-08-11,2026-08-11,https://wellfound.com/jobs,linked_page,4,success_after_fallback
07aed2d3e9d2,2026-08-11,ba37ca62f760,echo3D,https://www.echo3d.co/,https://wellfound.com/jobs,Sales Representative,https://wellfound.com/jobs/4572871-sales-representative,"Manhattan, NY, United States",Manhattan,NY,United States,Remote,,,,Core Space,2026-08-11,2026-08-11,https://wellfound.com/jobs,linked_page,4,success_after_fallback
172218f31553,2026-08-11,ba37ca62f760,echo3D,https://www.echo3d.co/,https://wellfound.com/jobs,Territory Partner (Field Sales),https://wellfound.com/jobs/4565984-territory-partner-field-sales,"Manhattan, NY, United States",Manhattan,NY,United States,Remote,,,,Core Space,2026-08-11,2026-08-11,https://wellfound.com/jobs,linked_page,4,success_after_fallback
9e151d582958,2026-08-11,ba37ca62f760,echo3D,https://www.echo3d.co/,https://wellfound.com/jobs,2 Associate Solutions Engineer Housing,https://wellfound.com/jobs/3345492-2-associate-solutions-engineer-housing,"Manhattan, NY, United States",Manhattan,NY,United States,Not specified,,,,Core Space,2026-08-11,2026-08-11,https://wellfound.com/jobs,linked_page,4,success_after_fallback
d2c4150938c4,2026-08-11,ba37ca62f760,echo3D,https://www.echo3d.co/,https://wellfound.com/jobs,Inside Sales (Full-Cycle) — SportsTech SaaS · (Remote),https://wellfound.com/jobs/4550876-inside-sales-full-cycle-sportstech-saas-remote,"Manhattan, NY, United States",Manhattan,NY,United States,Remote,,,,Core Space,2026-08-11,2026-08-11,https://wellfound.com/jobs,linked_page,4,success_after_fallback
3c05855d601a,2026-08-11,ba37ca62f760,echo3D,https://www.echo3d.co/,https://wellfound.com/jobs,B2B Email & LinkedIn Outreach Specialist,https://wellfound.com/jobs/4573997-b2b-email-linkedin-outreach-specialist,"Manhattan, NY, United States",Manhattan,NY,United States,Remote,,,,Core Space,2026-08-11,2026-08-11,https://wellfound.com/jobs,linked_page,4,success_after_fallback
08287205c72e,2026-08-11,ba37ca62f760,echo3D,https://www.echo3d.co/,https://wellfound.com/jobs,"Creative Strategist and Media Buyer / User Acquisition Lead (Meta Ads, Tier-1)",https://wellfound.com/jobs/4571251-creative-strategist-and-media-buyer-user-acquisition-lead-meta-ads-tier-1,"Manhattan, NY, United States",Manhattan,NY,United States,Remote,,,,Core Space,2026-08-11,2026-08-11,https://wellfound.com/jobs,linked_page,4,success_after_fallback
237929b85306,2026-08-11,ba37ca62f760,echo3D,https://www.echo3d.co/,https://wellfound.com/jobs,Growth Lead (Part-Time),https://wellfound.com/jobs/4567620-growth-lead-part-time,"Manhattan, NY, United States",Manhattan,NY,United States,Remote,,,,Core Space,2026-08-11,2026-08-11,https://wellfound.com/jobs,linked_page,4,success_after_fallback
d9e7786ba58f,2026-08-11,ba37ca62f760,echo3D,https://www.echo3d.co/,https://wellfound.com/jobs,Digital Distribution & Social Media Specialist (U.S. Remote),https://wellfound.com/jobs/4550970-digital-distribution-social-media-specialist-u-s-remote,"Manhattan, NY, United States",Manhattan,NY,United States,Remote,,,,Core Space,2026-08-11,2026-08-11,https://wellfound.com/jobs,linked_page,4,success_after_fallback
8fe8cd602ae6,2026-08-11,ba37ca62f760,echo3D,https://www.echo3d.co/,https://wellfound.com/jobs,Security Compliance Program Manager,https://wellfound.com/jobs/4573606-security-compliance-program-manager,"Manhattan, NY, United States",Manhattan,NY,United States,On-site,,,,Core Space,2026-08-11,2026-08-11,https://wellfound.com/jobs,linked_page,4,success_after_fallback
19c4ad3a4d17,2026-08-11,ba37ca62f760,echo3D,https://www.echo3d.co/,https://wellfound.com/jobs,Client Operations Lead - August 2026,https://wellfound.com/jobs/4572950-client-operations-lead-august-2026,"Manhattan, NY, United States",Manhattan,NY,United States,Not specified,,,,Core Space,2026-08-11,2026-08-11,https://wellfound.com/jobs,linked_page,4,success_after_fallback
17446f35750e,2026-08-11,ba37ca62f760,echo3D,https://www.echo3d.co/,https://wellfound.com/jobs,Remote Healthcare Operations Specialist,https://wellfound.com/jobs/4570557-remote-healthcare-operations-specialist,"Manhattan, NY, United States",Manhattan,NY,United States,Remote,,,,Core Space,2026-08-11,2026-08-11,https://wellfound.com/jobs,linked_page,4,success_after_fallback
7153f98c73cc,2026-08-11,ba37ca62f760,echo3D,https://www.echo3d.co/,https://wellfound.com/jobs,VP Operations,https://wellfound.com/jobs/4565973-vp-operations,"Manhattan, NY, United States",Manhattan,NY,United States,On-site,,,,Core Space,2026-08-11,2026-08-11,https://wellfound.com/jobs,linked_page,4,success_after_fallback
1ab17fe90abc,2026-08-11,ba37ca62f760,echo3D,https://www.echo3d.co/,https://wellfound.com/jobs,Implementation Manager,https://wellfound.com/jobs/3351680-implementation-manager,"Manhattan, NY, United States",Manhattan,NY,United States,Remote,,,,Core Space,2026-08-11,2026-08-11,https://wellfound.com/jobs,linked_page,4,success_after_fallback
7a1165d9d989,2026-08-11,ba37ca62f760,echo3D,https://www.echo3d.co/,https://wellfound.com/jobs,Technical Recruiter (Open to Hardware Engineers Transitioning into Recruiting),https://wellfound.com/jobs/4574416-technical-recruiter-open-to-hardware-engineers-transitioning-into-recruiting,"Manhattan, NY, United States",Manhattan,NY,United States,Not specified,,,,Core Space,2026-08-11,2026-08-11,https://wellfound.com/jobs,linked_page,4,success_after_fallback
5c0e54b3cdac,2026-08-11,ba37ca62f760,echo3D,https://www.echo3d.co/,https://wellfound.com/jobs,Senior Technical Recruiter & People Partner,https://wellfound.com/jobs/4573995-senior-technical-recruiter-people-partner,"Manhattan, NY, United States",Manhattan,NY,United States,Not specified,,,,Core Space,2026-08-11,2026-08-11,https://wellfound.com/jobs,linked_page,4,success_after_fallback
bf40f0dbe92d,2026-08-11,ba37ca62f760,echo3D,https://www.echo3d.co/,https://wellfound.com/jobs,Founding Recruiter,https://wellfound.com/jobs/4572846-founding-recruiter,"Manhattan, NY, United States",Manhattan,NY,United States,On-site,,,,Core Space,2026-08-11,2026-08-11,https://wellfound.com/jobs,linked_page,4,success_after_fallback
bbc92f472c76,2026-08-11,ba37ca62f760,echo3D,https://www.echo3d.co/,https://wellfound.com/jobs,"Senior Financial Analyst, FP&A (Seattle)",https://wellfound.com/jobs/4574041-senior-financial-analyst-fp-a-seattle,"Manhattan, NY, United States",Manhattan,NY,United States,Not specified,,,,Core Space,2026-08-11,2026-08-11,https://wellfound.com/jobs,linked_page,4,success_after_fallback
399305d94d21,2026-08-11,ba37ca62f760,echo3D,https://www.echo3d.co/,https://wellfound.com/jobs,Senior Finance & Accounting Ops Manager,https://wellfound.com/jobs/4085399-senior-finance-accounting-ops-manager,"Manhattan, NY, United States",Manhattan,NY,United States,Remote,,,,Core Space,2026-08-11,2026-08-11,https://wellfound.com/jobs,linked_page,4,success_after_fallback
b60ac07ef8d4,2026-08-11,ba37ca62f760,echo3D,https://www.echo3d.co/,https://wellfound.com/jobs,Payroll Assistant Position,https://wellfound.com/jobs/4565968-payroll-assistant-position,"Manhattan, NY, United States",Manhattan,NY,United States,Remote,,,,Core Space,2026-08-11,2026-08-11,https://wellfound.com/jobs,linked_page,4,success_after_fallback
4ffe8f08ee16,2026-08-11,ba37ca62f760,echo3D,https://www.echo3d.co/,https://wellfound.com/jobs,Remote Software Engineer Jobs,https://wellfound.com/role/r/software-engineer,"Manhattan, NY, United States",Manhattan,NY,United States,Remote,,,,Core Space,2026-08-11,2026-08-11,https://wellfound.com/jobs,linked_page,3,success_after_fallback
a36be93e0048,2026-08-11,ba37ca62f760,echo3D,https://www.echo3d.co/,https://wellfound.com/jobs,Remote Product Manager Jobs,https://wellfound.com/role/r/product-manager,"Manhattan, NY, United States",Manhattan,NY,United States,Remote,,,,Core Space,2026-08-11,2026-08-11,https://wellfound.com/jobs,linked_page,3,success_after_fallback
864abf04a02f,2026-08-11,ba37ca62f760,echo3D,https://www.echo3d.co/,https://wellfound.com/jobs,Remote Data Analyst Jobs,https://wellfound.com/role/r/data-analyst,"Manhattan, NY, United States",Manhattan,NY,United States,Remote,,,,Core Space,2026-08-11,2026-08-11,https://wellfound.com/jobs,linked_page,3,success_after_fallback
c51db9a7fc56,2026-08-11,ba37ca62f760,echo3D,https://www.echo3d.co/,https://wellfound.com/jobs,Remote Product Designer Jobs,https://wellfound.com/role/r/product-designer,"Manhattan, NY, United States",Manhattan,NY,United States,Remote,,,,Core Space,2026-08-11,2026-08-11,https://wellfound.com/jobs,linked_page,3,success_after_fallback
21aa410252f9,2026-08-11,ba37ca62f760,echo3D,https://www.echo3d.co/,https://wellfound.com/jobs,Remote Graphic Designer Jobs,https://wellfound.com/role/r/graphic-designer,"Manhattan, NY, United States",Manhattan,NY,United States,Remote,,,,Core Space,2026-08-11,2026-08-11,https://wellfound.com/jobs,linked_page,3,success_after_fallback
2fcff47c1465,2026-08-11,ba37ca62f760,echo3D,https://www.echo3d.co/,https://wellfound.com/jobs,Remote UI/UX Designer Jobs,https://wellfound.com/role/r/ui-ux-designer,"Manhattan, NY, United States",Manhattan,NY,United States,Remote,,,,Core Space,2026-08-11,2026-08-11,https://wellfound.com/jobs,linked_page,3,success_after_fallback
5c3a89bd8bc7,2026-08-11,ba37ca62f760,echo3D,https://www.echo3d.co/,https://wellfound.com/jobs,Remote Operations Manager Jobs,https://wellfound.com/role/r/operations-manager,"Manhattan, NY, United States",Manhattan,NY,United States,Remote,,,,Core Space,2026-08-11,2026-08-11,https://wellfound.com/jobs,linked_page,3,success_after_fallback
c33e6e97fc39,2026-08-11,ba37ca62f760,echo3D,https://www.echo3d.co/,https://wellfound.com/jobs,Remote Account Manager Jobs,https://wellfound.com/role/r/account-manager,"Manhattan, NY, United States",Manhattan,NY,United States,Remote,,,,Core Space,2026-08-11,2026-08-11,https://wellfound.com/jobs,linked_page,3,success_after_fallback
5217fcd690d9,2026-08-11,ba37ca62f760,echo3D,https://www.echo3d.co/,https://wellfound.com/jobs,Remote Sales Manager Jobs,https://wellfound.com/role/r/sales-manager,"Manhattan, NY, United States",Manhattan,NY,United States,Remote,,,,Core Space,2026-08-11,2026-08-11,https://wellfound.com/jobs,linked_page,3,success_after_fallback
0b7eb8bfe674,2026-08-11,ba37ca62f760,echo3D,https://www.echo3d.co/,https://wellfound.com/jobs,Remote Financial Analyst Jobs,https://wellfound.com/role/r/financial-analyst,"Manhattan, NY, United States",Manhattan,NY,United States,Remote,,,,Core Space,2026-08-11,2026-08-11,https://wellfound.com/jobs,linked_page,3,success_after_fallback
e9149de421e0,2026-08-11,ba37ca62f760,echo3D,https://www.echo3d.co/,https://wellfound.com/jobs,Remote HR Manager Jobs,https://wellfound.com/role/r/hr-manager,"Manhattan, NY, United States",Manhattan,NY,United States,Remote,,,,Core Space,2026-08-11,2026-08-11,https://wellfound.com/jobs,linked_page,3,success_after_fallback
fd08b401b85c,2026-08-11,ba37ca62f760,echo3D,https://www.echo3d.co/,https://wellfound.com/browse/tech-jobs,Smart contract Developer,https://wellfound.com/role/smart-contract-developer,"Manhattan, NY, United States",Manhattan,NY,United States,Not specified,,,,Core Space,2026-08-11,2026-08-11,https://wellfound.com/browse/tech-jobs,linked_page,3,success_after_fallback
e0d5fc14ea4a,2026-08-11,ba37ca62f760,echo3D,https://www.echo3d.co/,https://wellfound.com/browse/remote-tech-jobs,Smart contract Developer,https://wellfound.com/role/r/smart-contract-developer,"Manhattan, NY, United States",Manhattan,NY,United States,Not specified,,,,Core Space,2026-08-11,2026-08-11,https://wellfound.com/browse/remote-tech-jobs,linked_page,3,success_after_fallback
4c5de7249bf4,2026-08-11,ba37ca62f760,echo3D,https://www.echo3d.co/,https://wellfound.com/jobs/1730080-enterprise-account-executive-usa,Enterprise Account Executive (USA),https://wellfound.com/jobs/1730080-enterprise-account-executive-usa,"New York, New York, United States",New York,NY,United States,Remote,100000,150000,"Artificial Intelligence, Insurance, Risk Management, and Big Data Analytics",Core Space,2026-08-11,2026-08-11,https://wellfound.com/jobs/1730080-enterprise-account-executive-usa,linked_page,3,success_after_fallback
7461e070df11,2026-08-11,ba37ca62f760,echo3D,https://www.echo3d.co/,https://wellfound.com/jobs/3126751-scientific-implementation-associate,Customer Onboarding Specialist - FinTech SaaS $70k – $105k • 0.0% – 0.5%,https://wellfound.com/jobs/3162208-customer-success-specialist-financial-systems,"Manhattan, NY, United States",Manhattan,NY,United States,Not specified,,,,Core Space,2026-08-11,2026-08-11,https://wellfound.com/jobs/3126751-scientific-implementation-associate,linked_page,4,success_after_fallback
d2e01026fadf,2026-08-11,ba37ca62f760,echo3D,https://www.echo3d.co/,https://wellfound.com/jobs/3126751-scientific-implementation-associate,Ai Engagement Manager Housing,https://wellfound.com/jobs/3345505-ai-engagement-manager-housing,"Manhattan, NY, United States",Manhattan,NY,United States,Not specified,,,,Core Space,2026-08-11,2026-08-11,https://wellfound.com/jobs/3126751-scientific-implementation-associate,linked_page,4,success_after_fallback
63320a9d8bdd,2026-08-11,ba37ca62f760,echo3D,https://www.echo3d.co/,https://wellfound.com/jobs/3126751-scientific-implementation-associate,Engagement Lead $140k – $160k,https://wellfound.com/jobs/3363465-engagement-lead,"Manhattan, NY, United States",Manhattan,NY,United States,Not specified,,,,Core Space,2026-08-11,2026-08-11,https://wellfound.com/jobs/3126751-scientific-implementation-associate,linked_page,4,success_after_fallback
c3c1a3932261,2026-08-11,ba37ca62f760,echo3D,https://www.echo3d.co/,https://wellfound.com/jobs/3126751-scientific-implementation-associate,Enterprise Customer Success Manager $140k – $210k,https://wellfound.com/jobs/3528747-enterprise-customer-success-manager,"Manhattan, NY, United States",Manhattan,NY,United States,Not specified,,,,Core Space,2026-08-11,2026-08-11,https://wellfound.com/jobs/3126751-scientific-implementation-associate,linked_page,4,success_after_fallback
9ed3ad74d2c1,2026-08-11,ba37ca62f760,echo3D,https://www.echo3d.co/,https://wellfound.com/jobs/3126751-scientific-implementation-associate,Client Success Manager (NYC/London) $90k – $100k,https://wellfound.com/jobs/3540384-client-success-manager-nyc-london,"Manhattan, NY, United States",Manhattan,NY,United States,Not specified,,,,Core Space,2026-08-11,2026-08-11,https://wellfound.com/jobs/3126751-scientific-implementation-associate,linked_page,4,success_after_fallback
070728499f89,2026-08-11,ba37ca62f760,echo3D,https://www.echo3d.co/,https://wellfound.com/jobs/3126751-scientific-implementation-associate,Senior Account Manager (Pharma & Life Sciences) $80k – $100k • No equity,https://wellfound.com/jobs/3540750-senior-account-manager-pharma-life-sciences,"Manhattan, NY, United States",Manhattan,NY,United States,Not specified,,,,Core Space,2026-08-11,2026-08-11,https://wellfound.com/jobs/3126751-scientific-implementation-associate,linked_page,4,success_after_fallback
a57c91087bcc,2026-08-11,ba37ca62f760,echo3D,https://www.echo3d.co/,https://wellfound.com/jobs/3126751-scientific-implementation-associate,Client Success Manager $100k – $130k,https://wellfound.com/jobs/3627108-client-success-manager,"Manhattan, NY, United States",Manhattan,NY,United States,Not specified,,,,Core Space,2026-08-11,2026-08-11,https://wellfound.com/jobs/3126751-scientific-implementation-associate,linked_page,4,success_after_fallback
859458d33427,2026-08-11,ba37ca62f760,echo3D,https://www.echo3d.co/,https://wellfound.com/jobs/3126751-scientific-implementation-associate,Enterprise Customer Success Manager $133k – $166k,https://wellfound.com/jobs/3652064-enterprise-customer-success-manager,"Manhattan, NY, United States",Manhattan,NY,United States,Not specified,,,,Core Space,2026-08-11,2026-08-11,https://wellfound.com/jobs/3126751-scientific-implementation-associate,linked_page,4,success_after_fallback
e3b55dd61419,2026-08-11,ba37ca62f760,echo3D,https://www.echo3d.co/,https://wellfound.com/jobs/3165832-b2b-senior-account-executive-healthcare-medicaid,"B2B - Senior Account Executive, Healthcare — Medicaid",https://wellfound.com/jobs/3165832-b2b-senior-account-executive-healthcare-medicaid,"New York, New York, United States",New York,NY,United States,Remote,200000,260000,"E-Commerce, Food and Beverages, Marketplaces, and Local Services",Core Space,2026-08-11,2026-08-11,https://wellfound.com/jobs/3165832-b2b-senior-account-executive-healthcare-medicaid,linked_page,3,success_after_fallback
30cd0322985c,2026-08-11,b0d788b8ea7e,ENSCO Avionics,https://www.ensco.com/aerospace/avionics-engineering-certification,https://job-boards.greenhouse.io/ensco,"Avionics Logistics Engineer II Endicott, New York, United States",https://job-boards.greenhouse.io/ensco/jobs/5214130008,"Endicott, New York, United States",Endicott,NY,United States,Not specified,,,,Aerospace,2026-08-11,2026-08-11,https://job-boards.greenhouse.io/ensco,known_careers_url,5,success
18bbfc625340,2026-08-11,b0d788b8ea7e,ENSCO Avionics,https://www.ensco.com/aerospace/avionics-engineering-certification,https://job-boards.greenhouse.io/ensco,"Avionics Software Engineer III Endicott, New York, United States",https://job-boards.greenhouse.io/ensco/jobs/5160122008,"Endicott, New York, United States",Endicott,NY,United States,Not specified,,,,Aerospace,2026-08-11,2026-08-11,https://job-boards.greenhouse.io/ensco,known_careers_url,5,success
85bbff793bfc,2026-08-11,b0d788b8ea7e,ENSCO Avionics,https://www.ensco.com/aerospace/avionics-engineering-certification,https://job-boards.greenhouse.io/ensco,"Configuration Management Specialist El Segundo, California, United States",https://job-boards.greenhouse.io/ensco/jobs/5361928008,"El Segundo, California, United States",El Segundo,CA,United States,Not specified,,,,Aerospace,2026-08-11,2026-08-11,https://job-boards.greenhouse.io/ensco,known_careers_url,5,success
78d0b807ba6a,2026-08-11,b0d788b8ea7e,ENSCO Avionics,https://www.ensco.com/aerospace/avionics-engineering-certification,https://job-boards.greenhouse.io/ensco,"Electrical Engineer / Board Designer Endicott, New York, United States",https://job-boards.greenhouse.io/ensco/jobs/5349135008,"Endicott, New York, United States",Endicott,NY,United States,Not specified,,,,Aerospace,2026-08-11,2026-08-11,https://job-boards.greenhouse.io/ensco,known_careers_url,5,success
08b2d8483858,2026-08-11,b0d788b8ea7e,ENSCO Avionics,https://www.ensco.com/aerospace/avionics-engineering-certification,https://job-boards.greenhouse.io/ensco,"Embedded Software Engineer Endicott, New York, United States",https://job-boards.greenhouse.io/ensco/jobs/5349198008,"Endicott, New York, United States",Endicott,NY,United States,Not specified,,,,Aerospace,2026-08-11,2026-08-11,https://job-boards.greenhouse.io/ensco,known_careers_url,5,success
d89dd55f29eb,2026-08-11,b0d788b8ea7e,ENSCO Avionics,https://www.ensco.com/aerospace/avionics-engineering-certification,https://job-boards.greenhouse.io/ensco,"Enterprise Architect Warrenton, Virginia, United States",https://job-boards.greenhouse.io/ensco/jobs/5286837008,"Warrenton, Virginia, United States",Warrenton,VA,United States,Not specified,,,,Aerospace,2026-08-11,2026-08-11,https://job-boards.greenhouse.io/ensco,known_careers_url,5,success
95b0a7e5e397,2026-08-11,b0d788b8ea7e,ENSCO Avionics,https://www.ensco.com/aerospace/avionics-engineering-certification,https://job-boards.greenhouse.io/ensco,"Enterprise Requirements and Integration Engineer Colorado Springs, Colorado, United States",https://job-boards.greenhouse.io/ensco/jobs/5361962008,"Colorado Springs, Colorado, United States",Colorado Springs,CO,United States,Not specified,,,,Aerospace,2026-08-11,2026-08-11,https://job-boards.greenhouse.io/ensco,known_careers_url,5,success
44cec47aec75,2026-08-11,b0d788b8ea7e,ENSCO Avionics,https://www.ensco.com/aerospace/avionics-engineering-certification,https://job-boards.greenhouse.io/ensco,"Field Service Engineer Chambersburg, Pennsylvania, United States",https://job-boards.greenhouse.io/ensco/jobs/5268029008,"Chambersburg, Pennsylvania, United States",Chambersburg,PA,United States,Not specified,,,,Aerospace,2026-08-11,2026-08-11,https://job-boards.greenhouse.io/ensco,known_careers_url,5,success
0a8d11a57921,2026-08-11,b0d788b8ea7e,ENSCO Avionics,https://www.ensco.com/aerospace/avionics-engineering-certification,https://job-boards.greenhouse.io/ensco,"FPGA Designer Endicott, New York, United States",https://job-boards.greenhouse.io/ensco/jobs/5349060008,"Endicott, New York, United States",Endicott,NY,United States,Not specified,,,,Aerospace,2026-08-11,2026-08-11,https://job-boards.greenhouse.io/ensco,known_careers_url,5,success
dafc47784c65,2026-08-11,b0d788b8ea7e,ENSCO Avionics,https://www.ensco.com/aerospace/avionics-engineering-certification,https://job-boards.greenhouse.io/ensco,"Junior Enterprise Architect Warrenton, Virginia, United States",https://job-boards.greenhouse.io/ensco/jobs/5286847008,"Warrenton, Virginia, United States",Warrenton,VA,United States,Not specified,,,,Aerospace,2026-08-11,2026-08-11,https://job-boards.greenhouse.io/ensco,known_careers_url,5,success
c0b48621c24a,2026-08-11,b0d788b8ea7e,ENSCO Avionics,https://www.ensco.com/aerospace/avionics-engineering-certification,https://job-boards.greenhouse.io/ensco,"Junior Scientific Data Analyst Melbourne, Florida, United States",https://job-boards.greenhouse.io/ensco/jobs/5354767008,"Melbourne, Florida, United States",Melbourne,FL,United States,Not specified,,,,Aerospace,2026-08-11,2026-08-11,https://job-boards.greenhouse.io/ensco,known_careers_url,5,success
9efbb6b72098,2026-08-11,b0d788b8ea7e,ENSCO Avionics,https://www.ensco.com/aerospace/avionics-engineering-certification,https://job-boards.greenhouse.io/ensco,"Junior Technician Chambersburg, Pennsylvania, United States",https://job-boards.greenhouse.io/ensco/jobs/5238947008,"Chambersburg, Pennsylvania, United States",Chambersburg,PA,United States,Not specified,,,,Aerospace,2026-08-11,2026-08-11,https://job-boards.greenhouse.io/ensco,known_careers_url,5,success
6bc9d293d27b,2026-08-11,b0d788b8ea7e,ENSCO Avionics,https://www.ensco.com/aerospace/avionics-engineering-certification,https://job-boards.greenhouse.io/ensco,"Machine Learning Engineer Melbourne, Florida, United States",https://job-boards.greenhouse.io/ensco/jobs/5228026008,"Melbourne, Florida, United States",Melbourne,FL,United States,Not specified,,,,Aerospace,2026-08-11,2026-08-11,https://job-boards.greenhouse.io/ensco,known_careers_url,5,success
58f245b6716a,2026-08-11,b0d788b8ea7e,ENSCO Avionics,https://www.ensco.com/aerospace/avionics-engineering-certification,https://job-boards.greenhouse.io/ensco,"Mechanical Engineer Endicott, New York, United States",https://job-boards.greenhouse.io/ensco/jobs/5350248008,"Endicott, New York, United States",Endicott,NY,United States,Not specified,,,,Aerospace,2026-08-11,2026-08-11,https://job-boards.greenhouse.io/ensco,known_careers_url,5,success
c96dea8c5fd0,2026-08-11,b0d788b8ea7e,ENSCO Avionics,https://www.ensco.com/aerospace/avionics-engineering-certification,https://job-boards.greenhouse.io/ensco,"RHEL Systems Administrator (Cameo Administrator) Warrenton, Virginia, United States",https://job-boards.greenhouse.io/ensco/jobs/5375450008,"Warrenton, Virginia, United States",Warrenton,VA,United States,Not specified,,,,Aerospace,2026-08-11,2026-08-11,https://job-boards.greenhouse.io/ensco,known_careers_url,5,success
3656344df8eb,2026-08-11,b0d788b8ea7e,ENSCO Avionics,https://www.ensco.com/aerospace/avionics-engineering-certification,https://job-boards.greenhouse.io/ensco,"Scientific Data Analyst Melbourne, Florida, United States",https://job-boards.greenhouse.io/ensco/jobs/5279479008,"Melbourne, Florida, United States",Melbourne,FL,United States,Not specified,,,,Aerospace,2026-08-11,2026-08-11,https://job-boards.greenhouse.io/ensco,known_careers_url,5,success
39e9629c0d58,2026-08-11,b0d788b8ea7e,ENSCO Avionics,https://www.ensco.com/aerospace/avionics-engineering-certification,https://job-boards.greenhouse.io/ensco,"Senior DevSecOps Cybersecurity Engineer New El Segundo, California, United States",https://job-boards.greenhouse.io/ensco/jobs/5376278008,"El Segundo, California, United States",El Segundo,CA,United States,Not specified,,,,Aerospace,2026-08-11,2026-08-11,https://job-boards.greenhouse.io/ensco,known_careers_url,5,success
418b3c27cbfa,2026-08-11,b0d788b8ea7e,ENSCO Avionics,https://www.ensco.com/aerospace/avionics-engineering-certification,https://job-boards.greenhouse.io/ensco,"Senior Evolved Strategic Systems (ESS) Program, Systems Integration Engineer El Segundo, California, United States",https://job-boards.greenhouse.io/ensco/jobs/5170434008,"El Segundo, California, United States",El Segundo,CA,United States,Not specified,,,,Aerospace,2026-08-11,2026-08-11,https://job-boards.greenhouse.io/ensco,known_careers_url,5,success
3b2ad96ac381,2026-08-11,b0d788b8ea7e,ENSCO Avionics,https://www.ensco.com/aerospace/avionics-engineering-certification,https://job-boards.greenhouse.io/ensco,"Senior Program Systems Integration Engineer El Segundo, California, United States",https://job-boards.greenhouse.io/ensco/jobs/5361966008,"El Segundo, California, United States",El Segundo,CA,United States,Not specified,,,,Aerospace,2026-08-11,2026-08-11,https://job-boards.greenhouse.io/ensco,known_careers_url,5,success
6c3b99377673,2026-08-11,b0d788b8ea7e,ENSCO Avionics,https://www.ensco.com/aerospace/avionics-engineering-certification,https://job-boards.greenhouse.io/ensco,"Senior Project Manager Pueblo, Colorado, United States",https://job-boards.greenhouse.io/ensco/jobs/5165967008,"Pueblo, Colorado, United States",Pueblo,CO,United States,Not specified,,,,Aerospace,2026-08-11,2026-08-11,https://job-boards.greenhouse.io/ensco,known_careers_url,5,success
4e41a2ff7770,2026-08-11,b0d788b8ea7e,ENSCO Avionics,https://www.ensco.com/aerospace/avionics-engineering-certification,https://job-boards.greenhouse.io/ensco,"Senior Software Systems Engineer Endicott, New York, United States",https://job-boards.greenhouse.io/ensco/jobs/5219423008,"Endicott, New York, United States",Endicott,NY,United States,Not specified,,,,Aerospace,2026-08-11,2026-08-11,https://job-boards.greenhouse.io/ensco,known_careers_url,5,success
59c84a5b209a,2026-08-11,b0d788b8ea7e,ENSCO Avionics,https://www.ensco.com/aerospace/avionics-engineering-certification,https://job-boards.greenhouse.io/ensco,"Senior Sustainment Systems Engineer Colorado Springs, Colorado, United States",https://job-boards.greenhouse.io/ensco/jobs/5231434008,"Colorado Springs, Colorado, United States",Colorado Springs,CO,United States,Not specified,,,,Aerospace,2026-08-11,2026-08-11,https://job-boards.greenhouse.io/ensco,known_careers_url,5,success
722e6ef316e1,2026-08-11,b0d788b8ea7e,ENSCO Avionics,https://www.ensco.com/aerospace/avionics-engineering-certification,https://job-boards.greenhouse.io/ensco,"Senior Target Digital Network Analyst Colorado Springs, Colorado, United States",https://job-boards.greenhouse.io/ensco/jobs/5308852008,"Colorado Springs, Colorado, United States",Colorado Springs,CO,United States,Not specified,,,,Aerospace,2026-08-11,2026-08-11,https://job-boards.greenhouse.io/ensco,known_careers_url,5,success
5e21881dd2f0,2026-08-11,b0d788b8ea7e,ENSCO Avionics,https://www.ensco.com/aerospace/avionics-engineering-certification,https://job-boards.greenhouse.io/ensco,"Software Delivery Lead Colorado Springs, Colorado, United States; El Segundo, California, United States",https://job-boards.greenhouse.io/ensco/jobs/5361886008,"Colorado Springs, Colorado, United States; El Segundo, California, United States",Colorado Springs,CO,United States,Not specified,,,,Aerospace,2026-08-11,2026-08-11,https://job-boards.greenhouse.io/ensco,known_careers_url,5,success
4240676814b9,2026-08-11,b0d788b8ea7e,ENSCO Avionics,https://www.ensco.com/aerospace/avionics-engineering-certification,https://job-boards.greenhouse.io/ensco,"Software Developer Colorado Springs, Colorado, United States",https://job-boards.greenhouse.io/ensco/jobs/5287243008,"Colorado Springs, Colorado, United States",Colorado Springs,CO,United States,Not specified,,,,Aerospace,2026-08-11,2026-08-11,https://job-boards.greenhouse.io/ensco,known_careers_url,5,success
49d8eb860e09,2026-08-11,b0d788b8ea7e,ENSCO Avionics,https://www.ensco.com/aerospace/avionics-engineering-certification,https://job-boards.greenhouse.io/ensco,"Software Verification Engineer Endicott, New York, United States",https://job-boards.greenhouse.io/ensco/jobs/5078558008,"Endicott, New York, United States",Endicott,NY,United States,Not specified,,,,Aerospace,2026-08-11,2026-08-11,https://job-boards.greenhouse.io/ensco,known_careers_url,5,success
f89b9f45bf4c,2026-08-11,b0d788b8ea7e,ENSCO Avionics,https://www.ensco.com/aerospace/avionics-engineering-certification,https://job-boards.greenhouse.io/ensco,"Strategic Ground Systems Integration Lead El Segundo, California, United States",https://job-boards.greenhouse.io/ensco/jobs/5375727008,"El Segundo, California, United States",El Segundo,CA,United States,Not specified,,,,Aerospace,2026-08-11,2026-08-11,https://job-boards.greenhouse.io/ensco,known_careers_url,5,success
093154c2f256,2026-08-11,b0d788b8ea7e,ENSCO Avionics,https://www.ensco.com/aerospace/avionics-engineering-certification,https://job-boards.greenhouse.io/ensco,"Strategic MBSE Requirements & ICD Lead El Segundo, California, United States",https://job-boards.greenhouse.io/ensco/jobs/5362002008,"El Segundo, California, United States",El Segundo,CA,United States,Not specified,,,,Aerospace,2026-08-11,2026-08-11,https://job-boards.greenhouse.io/ensco,known_careers_url,5,success
3226c8c5d001,2026-08-11,b0d788b8ea7e,ENSCO Avionics,https://www.ensco.com/aerospace/avionics-engineering-certification,https://job-boards.greenhouse.io/ensco,"Strategic Requirements Systems Engineer El Segundo, California, United States",https://job-boards.greenhouse.io/ensco/jobs/5361950008,"El Segundo, California, United States",El Segundo,CA,United States,Not specified,,,,Aerospace,2026-08-11,2026-08-11,https://job-boards.greenhouse.io/ensco,known_careers_url,5,success
c1a771caa3fe,2026-08-11,b0d788b8ea7e,ENSCO Avionics,https://www.ensco.com/aerospace/avionics-engineering-certification,https://job-boards.greenhouse.io/ensco,"Strategic Senior Acquisition Support Specialist El Segundo, California, United States",https://job-boards.greenhouse.io/ensco/jobs/5226392008,"El Segundo, California, United States",El Segundo,CA,United States,Not specified,,,,Aerospace,2026-08-11,2026-08-11,https://job-boards.greenhouse.io/ensco,known_careers_url,5,success
9fb03e5525ff,2026-08-11,b0d788b8ea7e,ENSCO Avionics,https://www.ensco.com/aerospace/avionics-engineering-certification,https://job-boards.greenhouse.io/ensco,"Sustainment Test & Evaluation Engineer Colorado Springs, Colorado, United States",https://job-boards.greenhouse.io/ensco/jobs/5264672008,"Colorado Springs, Colorado, United States",Colorado Springs,CO,United States,Not specified,,,,Aerospace,2026-08-11,2026-08-11,https://job-boards.greenhouse.io/ensco,known_careers_url,5,success
10176d1dcf90,2026-08-11,b0d788b8ea7e,ENSCO Avionics,https://www.ensco.com/aerospace/avionics-engineering-certification,https://job-boards.greenhouse.io/ensco,"Test Equipment Engineer Endicott, New York, United States",https://job-boards.greenhouse.io/ensco/jobs/5285597008,"Endicott, New York, United States",Endicott,NY,United States,Not specified,,,,Aerospace,2026-08-11,2026-08-11,https://job-boards.greenhouse.io/ensco,known_careers_url,5,success
22f87ce948f3,2026-08-11,5e6b2d8a10cd,Flexim Americas,https://www.flexim.com/us,https://joinhandshake.com/early-talent-awards/2026/emerson,Associate Technical Training Instructor,https://app.joinhandshake.com/public/jobs/11098979,"Pittsburgh, Pennsylvania, US; Pittsburgh, Pennsylvania, US",Pittsburgh,PA,United States,Not specified,70000,80000,,Aerospace,2026-08-11,2026-08-11,https://joinhandshake.com/early-talent-awards/2026/emerson,linked_page,4,success_after_fallback
5f5615ac29d2,2026-08-11,5e6b2d8a10cd,Flexim Americas,https://www.flexim.com/us,https://joinhandshake.com/early-talent-awards/2026/emerson,Mechanical Engineer,https://app.joinhandshake.com/public/jobs/11239761,"Naperville, Illinois, US",Naperville,IL,United States,Not specified,75000,90000,,Aerospace,2026-08-11,2026-08-11,https://joinhandshake.com/early-talent-awards/2026/emerson,linked_page,4,success_after_fallback
97706cc9a709,2026-08-11,5e6b2d8a10cd,Flexim Americas,https://www.flexim.com/us,https://joinhandshake.com/early-talent-awards/2026/emerson,Quality Engineer,https://app.joinhandshake.com/public/jobs/11235277,"Ash Flat, Arkansas, US",Ash Flat,AR,United States,Not specified,,,,Aerospace,2026-08-11,2026-08-11,https://joinhandshake.com/early-talent-awards/2026/emerson,linked_page,4,success_after_fallback
328a99811208,2026-08-11,5e6b2d8a10cd,Flexim Americas,https://www.flexim.com/us,https://joinhandshake.com/early-talent-awards/2026/emerson,Sales and Applications Engineer,https://app.joinhandshake.com/public/jobs/11235358,"Marshalltown, Iowa, US",Marshalltown,IA,United States,Not specified,,,,Aerospace,2026-08-11,2026-08-11,https://joinhandshake.com/early-talent-awards/2026/emerson,linked_page,4,success_after_fallback
7c1a6665c0f1,2026-08-11,5e6b2d8a10cd,Flexim Americas,https://www.flexim.com/us,https://joinhandshake.com/students/whos-hiring,Industrial Engineering Intern - Fall 2026 at Amphenol Borisch Technologies,https://app.joinhandshake.com/public/jobs/11286446,"Brentwood, NY, United States",Brentwood,NY,United States,Not specified,,,,Aerospace,2026-08-11,2026-08-11,https://joinhandshake.com/students/whos-hiring,linked_page,4,success_after_fallback
9ee29115d308,2026-08-11,5e6b2d8a10cd,Flexim Americas,https://www.flexim.com/us,https://joinhandshake.com/students/whos-hiring,Marketplace Intern at The Pennsylvania Horticultural Society,https://app.joinhandshake.com/public/jobs/11286413,"Brentwood, NY, United States",Brentwood,NY,United States,Not specified,,,,Aerospace,2026-08-11,2026-08-11,https://joinhandshake.com/students/whos-hiring,linked_page,4,success_after_fallback
82060e8d7c09,2026-08-11,5e6b2d8a10cd,Flexim Americas,https://www.flexim.com/us,https://joinhandshake.com/students/whos-hiring,Social Media Marketing Intern at SOMETHINGS,https://app.joinhandshake.com/public/jobs/11286334,"Brentwood, NY, United States",Brentwood,NY,United States,Not specified,,,,Aerospace,2026-08-11,2026-08-11,https://joinhandshake.com/students/whos-hiring,linked_page,4,success_after_fallback
ce67d3ff51cb,2026-08-11,5e6b2d8a10cd,Flexim Americas,https://www.flexim.com/us,https://joinhandshake.com/students/whos-hiring,Botany Support Specialist at Conservation Corps New Mexico,https://app.joinhandshake.com/public/jobs/11286116,"Brentwood, NY, United States",Brentwood,NY,United States,Not specified,,,,Aerospace,2026-08-11,2026-08-11,https://joinhandshake.com/students/whos-hiring,linked_page,4,success_after_fallback
83baff090002,2026-08-11,5e6b2d8a10cd,Flexim Americas,https://www.flexim.com/us,https://joinhandshake.com/students/whos-hiring,Area Maintenance Manager Intern - Summer 2027 (Nationwide) at Amazon,https://app.joinhandshake.com/public/jobs/11286064,"Brentwood, NY, United States",Brentwood,NY,United States,Not specified,,,,Aerospace,2026-08-11,2026-08-11,https://joinhandshake.com/students/whos-hiring,linked_page,4,success_after_fallback
6eb38639b2fa,2026-08-11,5e6b2d8a10cd,Flexim Americas,https://www.flexim.com/us,https://joinhandshake.com/students/whos-hiring,Certified Nursing Assistant at Eden Senior Care,https://app.joinhandshake.com/public/jobs/11286443,"Brentwood, NY, United States",Brentwood,NY,United States,Not specified,,,,Aerospace,2026-08-11,2026-08-11,https://joinhandshake.com/students/whos-hiring,linked_page,4,success_after_fallback
c51d1447ab3e,2026-08-11,5e6b2d8a10cd,Flexim Americas,https://www.flexim.com/us,https://joinhandshake.com/students/whos-hiring,Business Development & Sales Team Member at LRX Apparel,https://app.joinhandshake.com/public/jobs/11286431,"Brentwood, NY, United States",Brentwood,NY,United States,Not specified,,,,Aerospace,2026-08-11,2026-08-11,https://joinhandshake.com/students/whos-hiring,linked_page,4,success_after_fallback
bd48fc543a63,2026-08-11,9c006685bfd8,General Dynamics,https://www.gdit.com/,https://www.gdit.com/careers/areas-of-expertise,Corporate Operations,https://www.gdit.com/careers/featured-career-paths/corporate-operations,"Rensselaer, NY, United States",Rensselaer,NY,United States,Not specified,,,,Core Space,2026-08-11,2026-08-11,https://www.gdit.com/careers/areas-of-expertise,linked_page,3,success_after_fallback
8cc96cd7ca2c,2026-08-11,22f272cffdda,GI Aerospace,https://www.giaerospace.com/,https://www.gicorp.com/careers/opportunities,Procurement and Sales Coordinator,https://www.gicorp.com/careers/engineering/311-procurement-sales-coordinator,"Kochi, Kerala, India",Kochi,Kerala,India,Not specified,,,,Aerospace,2026-08-11,2026-08-11,https://www.gicorp.com/careers/opportunities,known_careers_url,4,success
73d48c20870d,2026-08-11,22f272cffdda,GI Aerospace,https://www.giaerospace.com/,https://www.gicorp.com/careers/opportunities,Procurement and Sales Coordinator,https://www.gicorp.com/careers/engineering/312-procurement-sales-coordinator,"Dubai, United Arab Emirates",Dubai,,United Arab Emirates,Not specified,,,,Aerospace,2026-08-11,2026-08-11,https://www.gicorp.com/careers/opportunities,known_careers_url,4,success
6980f4a1dae3,2026-08-11,22f272cffdda,GI Aerospace,https://www.giaerospace.com/,https://www.gicorp.com/careers/opportunities,CNC Swiss Lathe Operator - Air Conditioned Facility,https://www.gicorp.com/careers/corp/740-cnc-lathe-machinist,"Houston, TX, United States",Houston,TX,United States,Not specified,,,,Aerospace,2026-08-11,2026-08-11,https://www.gicorp.com/careers/opportunities,known_careers_url,4,success
16834486b237,2026-08-11,22f272cffdda,GI Aerospace,https://www.giaerospace.com/,https://www.gicorp.com/careers/opportunities,Warehouse Associate / Packer,https://www.gicorp.com/careers/pacificsystems/902-warehouse-associate,"Houston, TX, United States",Houston,TX,United States,Not specified,,,,Aerospace,2026-08-11,2026-08-11,https://www.gicorp.com/careers/opportunities,known_careers_url,4,success
e1334ec3197a,2026-08-11,22f272cffdda,GI Aerospace,https://www.giaerospace.com/,https://www.gicorp.com/careers/opportunities,DoD Contractor - Military Packaging Associate,https://www.gicorp.com/careers/pacificsystems/901-packaging-administrator,"Houston, TX, United States",Houston,TX,United States,Not specified,,,,Aerospace,2026-08-11,2026-08-11,https://www.gicorp.com/careers/opportunities,known_careers_url,4,success
cf76937925a1,2026-08-11,22f272cffdda,GI Aerospace,https://www.giaerospace.com/,https://www.gicorp.com/careers/opportunities,Full-Stack Developer - Python & Javascript,https://www.gicorp.com/careers/corp/731-full-stack-developer,"Kochi, Kerala, India",Kochi,Kerala,India,Not specified,,,,Aerospace,2026-08-11,2026-08-11,https://www.gicorp.com/careers/opportunities,known_careers_url,4,success
6c8504dad2fd,2026-08-11,22f272cffdda,GI Aerospace,https://www.giaerospace.com/,https://www.gicorp.com/careers/opportunities,Python Developer - Django,https://www.gicorp.com/careers/corp/732-python-developer-django,"Kochi, Kerala, India",Kochi,Kerala,India,Not specified,,,,Aerospace,2026-08-11,2026-08-11,https://www.gicorp.com/careers/opportunities,known_careers_url,4,success
1e0fd893ba57,2026-08-11,22f272cffdda,GI Aerospace,https://www.giaerospace.com/,https://www.gicorp.com/careers/opportunities,UI / UX Designer,https://www.gicorp.com/careers/consulting/706-ui-ux-designer,"Kochi, Kerala, India",Kochi,Kerala,India,Not specified,,,,Aerospace,2026-08-11,2026-08-11,https://www.gicorp.com/careers/opportunities,known_careers_url,4,success
40ffeb81575d,2026-08-11,22f272cffdda,GI Aerospace,https://www.giaerospace.com/,https://www.gicorp.com/careers/opportunities,Creative Designer - Web and Print,https://www.gicorp.com/careers/corp/734-creative-designer,"Kochi, Kerala, India",Kochi,Kerala,India,Not specified,,,,Aerospace,2026-08-11,2026-08-11,https://www.gicorp.com/careers/opportunities,known_careers_url,4,success
1255dd6cfdd8,2026-08-11,22f272cffdda,GI Aerospace,https://www.giaerospace.com/,https://www.gicorp.com/careers/opportunities,Windows System Administrator,https://www.gicorp.com/careers/corp/738-windows-system-administrator,"Kochi, Kerala, India",Kochi,Kerala,India,Not specified,,,,Aerospace,2026-08-11,2026-08-11,https://www.gicorp.com/careers/opportunities,known_careers_url,4,success
fff41ec9a9cb,2026-08-11,22f272cffdda,GI Aerospace,https://www.giaerospace.com/,https://www.gicorp.com/careers/opportunities,EU Operations & Sales Manager,https://www.gicorp.com/careers/europe/501-eu-operations-sales-manager,"Rotterdam, Netherlands",Rotterdam,,Netherlands,Not specified,,,,Aerospace,2026-08-11,2026-08-11,https://www.gicorp.com/careers/opportunities,known_careers_url,4,success
0c572d500ee6,2026-08-11,22f272cffdda,GI Aerospace,https://www.giaerospace.com/,https://www.gicorp.com/careers/opportunities,Aircraft Assembly Tools - Sales,https://www.gicorp.com/careers/wescon/405-aircraft-assembly-tools-sales,"Houston, TX, United States",Houston,TX,United States,Not specified,,,,Aerospace,2026-08-11,2026-08-11,https://www.gicorp.com/careers/opportunities,known_careers_url,4,success
3f5004c79f36,2026-08-11,22f272cffdda,GI Aerospace,https://www.giaerospace.com/,https://www.gicorp.com/careers/opportunities,Sales Engineer - Electrical,https://www.gicorp.com/careers/engineering/315-sales-engineer-elecrical,"Kochi, Kerala, India",Kochi,Kerala,India,Not specified,,,,Aerospace,2026-08-11,2026-08-11,https://www.gicorp.com/careers/opportunities,known_careers_url,4,success
c9b04257d48a,2026-08-11,22f272cffdda,GI Aerospace,https://www.giaerospace.com/,https://www.gicorp.com/careers/opportunities,Power Transformers (132kV and above) Testing & Commissioning Engineer,https://www.gicorp.com/careers/engineering/307-Transformer-Testing-Commissioning-Engineer,"Dubai, United Arab Emirates",Dubai,,United Arab Emirates,Not specified,,,,Aerospace,2026-08-11,2026-08-11,https://www.gicorp.com/careers/opportunities,known_careers_url,4,success
9dd297bf7d6b,2026-08-11,22f272cffdda,GI Aerospace,https://www.giaerospace.com/,https://www.gicorp.com/careers/opportunities,Aviation Tools Sales Manager - Europe,https://www.gicorp.com/careers/wescon/403-aviation-tools-sales-manager-europe,"United Kingdom, European Union",,,United Kingdom,Not specified,,,,Aerospace,2026-08-11,2026-08-11,https://www.gicorp.com/careers/opportunities,known_careers_url,4,success
348a3cd2baa2,2026-08-11,22f272cffdda,GI Aerospace,https://www.giaerospace.com/,https://www.gicorp.com/careers/opportunities,Aviation Tools Sales Manager - United States,https://www.gicorp.com/careers/wescon/401-aviation-tools-sales-manager-united-states,"Houston, TX, United States",Houston,TX,United States,Not specified,,,,Aerospace,2026-08-11,2026-08-11,https://www.gicorp.com/careers/opportunities,known_careers_url,4,success
44617c16a82a,2026-08-11,22f272cffdda,GI Aerospace,https://www.giaerospace.com/,https://www.gicorp.com/careers/corp/742-cnc-swiss-lathe-programmer,CNC Swiss Lathe Programmer - Air Conditioned Facility,https://www.gicorp.com/careers/corp/742-cnc-swiss-lathe-programmer,"Austin, TX, United States, Austin, TX, United States, US",Austin,TX,United States,Not specified,,,,Aerospace,2026-08-11,2026-08-11,https://www.gicorp.com/careers/corp/742-cnc-swiss-lathe-programmer,linked_page,3,success_after_fallback
7b7751014110,2026-08-11,22f272cffdda,GI Aerospace,https://www.giaerospace.com/,https://www.gicorp.com/careers/corp/742-cnc-swiss-lathe-programmer,"Read, interpret, and work from complex blueprints and engineering drawings.",https://www.gicorp.com/careers/corp/apply,"Queens, NY, United States",Queens,NY,United States,Not specified,,,,Aerospace,2026-08-11,2026-08-11,https://www.gicorp.com/careers/corp/742-cnc-swiss-lathe-programmer,linked_page,3,success_after_fallback
9548940e9a5e,2026-08-11,22f272cffdda,GI Aerospace,https://www.giaerospace.com/,https://www.gicorp.com/careers/corp/741-cnc-swiss-lathe-programmer,CNC Mill Programmer - Air Conditioned Facility,https://www.gicorp.com/careers/corp/741-cnc-swiss-lathe-programmer,"Houston, TX, United States, Houston, TX, United States, US",Houston,TX,United States,Not specified,,,,Aerospace,2026-08-11,2026-08-11,https://www.gicorp.com/careers/corp/741-cnc-swiss-lathe-programmer,linked_page,3,success_after_fallback
557fb95a533a,2026-08-11,22f272cffdda,GI Aerospace,https://www.giaerospace.com/,https://www.gicorp.com/careers/corp/743-cnc-mill-programmer,CNC Mill Programmer - Air Conditioned Facility,https://www.gicorp.com/careers/corp/743-cnc-mill-programmer,"Houston, TX, United States, Houston, TX, United States, US",Houston,TX,United States,Not specified,,,,Aerospace,2026-08-11,2026-08-11,https://www.gicorp.com/careers/corp/743-cnc-mill-programmer,linked_page,3,success_after_fallback
35021aeedbd6,2026-08-11,22f272cffdda,GI Aerospace,https://www.giaerospace.com/,https://www.gicorp.com/careers/pacificsystems/902-warehouse-associate,Warehouse Associate / Packer,https://www.gicorp.com/careers/pacificsystems/apply,"Queens, NY, United States",Queens,NY,United States,Not specified,,,,Aerospace,2026-08-11,2026-08-11,https://www.gicorp.com/careers/pacificsystems/902-warehouse-associate,linked_page,3,success_after_fallback
7992e84a532b,2026-08-11,9aece7086b18,Huntington Ingalls Industries,https://hii.com/,https://careers.huntingtoningalls.com/search?q=&locationsearch=Pascagoula%2C+MS&sortColumn=referencedate&sortDirection=desc&searchby=location&d=10,PRODUCTION TEST TECHNICIAN 4,https://careers.huntingtoningalls.com/job/Pascagoula-PRODUCTION-TEST-TECHNICIAN-4-Miss/1417765200,"Syracuse, NY, United States",Syracuse,NY,United States,Not specified,,,,Space & Defense,2026-08-11,2026-08-11,https://careers.huntingtoningalls.com/search?q=&locationsearch=Pascagoula%2C+MS&sortColumn=referencedate&sortDirection=desc&searchby=location&d=10,known_careers_url,4,success
f05a615dd9d3,2026-08-11,9aece7086b18,Huntington Ingalls Industries,https://hii.com/,https://careers.huntingtoningalls.com/search?q=&locationsearch=Pascagoula%2C+MS&sortColumn=referencedate&sortDirection=desc&searchby=location&d=10,ENGINEER STRUCTURAL 1,https://careers.huntingtoningalls.com/job/Pascagoula-ENGINEER-STRUCTURAL-1-Miss/1417769100,"Syracuse, NY, United States",Syracuse,NY,United States,Not specified,,,,Space & Defense,2026-08-11,2026-08-11,https://careers.huntingtoningalls.com/search?q=&locationsearch=Pascagoula%2C+MS&sortColumn=referencedate&sortDirection=desc&searchby=location&d=10,known_careers_url,4,success
6a029f6044e2,2026-08-11,9aece7086b18,Huntington Ingalls Industries,https://hii.com/,https://careers.huntingtoningalls.com/search?q=&locationsearch=Pascagoula%2C+MS&sortColumn=referencedate&sortDirection=desc&searchby=location&d=10,BUDGET ANALYST 2,https://careers.huntingtoningalls.com/job/Pascagoula-BUDGET-ANALYST-2-Miss/1404787200,"Syracuse, NY, United States",Syracuse,NY,United States,Not specified,,,,Space & Defense,2026-08-11,2026-08-11,https://careers.huntingtoningalls.com/search?q=&locationsearch=Pascagoula%2C+MS&sortColumn=referencedate&sortDirection=desc&searchby=location&d=10,known_careers_url,4,success
705602a73055,2026-08-11,9aece7086b18,Huntington Ingalls Industries,https://hii.com/,https://careers.huntingtoningalls.com/search?q=&locationsearch=Pascagoula%2C+MS&sortColumn=referencedate&sortDirection=desc&searchby=location&d=10,INDUSTRIAL SECURITY ANALYST 2,https://careers.huntingtoningalls.com/job/Pascagoula-INDUSTRIAL-SECURITY-ANALYST-2-Miss/1416973200,"Syracuse, NY, United States",Syracuse,NY,United States,Not specified,,,,Space & Defense,2026-08-11,2026-08-11,https://careers.huntingtoningalls.com/search?q=&locationsearch=Pascagoula%2C+MS&sortColumn=referencedate&sortDirection=desc&searchby=location&d=10,known_careers_url,4,success
a2ef73a2b038,2026-08-11,9aece7086b18,Huntington Ingalls Industries,https://hii.com/,https://careers.huntingtoningalls.com/search?q=&locationsearch=Pascagoula%2C+MS&sortColumn=referencedate&sortDirection=desc&searchby=location&d=10,QUALITY ELECTRICAL INSPECTOR 2,https://careers.huntingtoningalls.com/job/Pascagoula-QUALITY-ELECTRICAL-INSPECTOR-2-Miss/1416197500,"Syracuse, NY, United States",Syracuse,NY,United States,Not specified,,,,Space & Defense,2026-08-11,2026-08-11,https://careers.huntingtoningalls.com/search?q=&locationsearch=Pascagoula%2C+MS&sortColumn=referencedate&sortDirection=desc&searchby=location&d=10,known_careers_url,4,success
820079844a40,2026-08-11,9aece7086b18,Huntington Ingalls Industries,https://hii.com/,https://careers.huntingtoningalls.com/search?q=&locationsearch=Pascagoula%2C+MS&sortColumn=referencedate&sortDirection=desc&searchby=location&d=10,ENGINEER ELECTRICAL 4,https://careers.huntingtoningalls.com/job/Pascagoula-ENGINEER-ELECTRICAL-4-Miss/1401908600,"Syracuse, NY, United States",Syracuse,NY,United States,Not specified,,,,Space & Defense,2026-08-11,2026-08-11,https://careers.huntingtoningalls.com/search?q=&locationsearch=Pascagoula%2C+MS&sortColumn=referencedate&sortDirection=desc&searchby=location&d=10,known_careers_url,4,success
a3843392977b,2026-08-11,9aece7086b18,Huntington Ingalls Industries,https://hii.com/,https://careers.huntingtoningalls.com/search?q=&locationsearch=Pascagoula%2C+MS&sortColumn=referencedate&sortDirection=desc&searchby=location&d=10,DESIGNER 4,https://careers.huntingtoningalls.com/job/Pascagoula-DESIGNER-4-Miss/1412428000,"Syracuse, NY, United States",Syracuse,NY,United States,Not specified,,,,Space & Defense,2026-08-11,2026-08-11,https://careers.huntingtoningalls.com/search?q=&locationsearch=Pascagoula%2C+MS&sortColumn=referencedate&sortDirection=desc&searchby=location&d=10,known_careers_url,4,success
02d8a65d359d,2026-08-11,9aece7086b18,Huntington Ingalls Industries,https://hii.com/,https://careers.huntingtoningalls.com/search?q=&locationsearch=Pascagoula%2C+MS&sortColumn=referencedate&sortDirection=desc&searchby=location&d=10,ENGINEER INDUSTRIAL 1,https://careers.huntingtoningalls.com/job/Pascagoula-ENGINEER-INDUSTRIAL-1-Miss/1393730200,"Syracuse, NY, United States",Syracuse,NY,United States,Not specified,,,,Space & Defense,2026-08-11,2026-08-11,https://careers.huntingtoningalls.com/search?q=&locationsearch=Pascagoula%2C+MS&sortColumn=referencedate&sortDirection=desc&searchby=location&d=10,known_careers_url,4,success
99359e1eda0e,2026-08-11,64d9022f568a,ITT Enidine,https://www.enidine.com/en-US/Home,https://careersenus-itt-inc.icims.com/jobs/search?ss=1&searchRelation=keyword_all,Hr Manager%2C People And Culture%2C Hr,https://careersenus-itt-inc.icims.com/jobs/17362/hr-manager%2c-people-and-culture%2c-hr/job,"Orchard Park, NY, United States",Orchard Park,NY,United States,Not specified,,,,Space & Defense,2026-08-11,2026-08-11,https://careersenus-itt-inc.icims.com/jobs/search?ss=1&searchRelation=keyword_all,ats_detected,5,success_after_fallback
d792a797892c,2026-08-11,64d9022f568a,ITT Enidine,https://www.enidine.com/en-US/Home,https://careersenus-itt-inc.icims.com/jobs/search?ss=1&searchRelation=keyword_all,Title Treasury Operations Manager,https://careersenus-itt-inc.icims.com/jobs/17360/treasury-operations-manager/job,"Orchard Park, NY, United States",Orchard Park,NY,United States,Not specified,,,,Space & Defense,2026-08-11,2026-08-11,https://careersenus-itt-inc.icims.com/jobs/search?ss=1&searchRelation=keyword_all,ats_detected,5,success_after_fallback
080e0443530c,2026-08-11,64d9022f568a,ITT Enidine,https://www.enidine.com/en-US/Home,https://careersenus-itt-inc.icims.com/jobs/search?ss=1&searchRelation=keyword_all,Title Inside Sales Representative,https://careersenus-itt-inc.icims.com/jobs/17348/inside-sales-representative/job,"Orchard Park, NY, United States",Orchard Park,NY,United States,Not specified,,,,Space & Defense,2026-08-11,2026-08-11,https://careersenus-itt-inc.icims.com/jobs/search?ss=1&searchRelation=keyword_all,ats_detected,5,success_after_fallback
c5dad4092d45,2026-08-11,64d9022f568a,ITT Enidine,https://www.enidine.com/en-US/Home,https://careersenus-itt-inc.icims.com/jobs/search?ss=1&searchRelation=keyword_all,Title Service Technician,https://careersenus-itt-inc.icims.com/jobs/17345/service-technician/job,"Orchard Park, NY, United States",Orchard Park,NY,United States,Not specified,,,,Space & Defense,2026-08-11,2026-08-11,https://careersenus-itt-inc.icims.com/jobs/search?ss=1&searchRelation=keyword_all,ats_detected,5,success_after_fallback
98d131eeb602,2026-08-11,64d9022f568a,ITT Enidine,https://www.enidine.com/en-US/Home,https://careersenus-itt-inc.icims.com/jobs/search?ss=1&searchRelation=keyword_all,Title Senior Human Resources Manager,https://careersenus-itt-inc.icims.com/jobs/17344/senior-human-resources-manager/job,"Orchard Park, NY, United States",Orchard Park,NY,United States,Not specified,,,,Space & Defense,2026-08-11,2026-08-11,https://careersenus-itt-inc.icims.com/jobs/search?ss=1&searchRelation=keyword_all,ats_detected,5,success_after_fallback
5eeeea4bf119,2026-08-11,64d9022f568a,ITT Enidine,https://www.enidine.com/en-US/Home,https://careersenus-itt-inc.icims.com/jobs/search?ss=1&searchRelation=keyword_all,Title Senior Quality Engineer,https://careersenus-itt-inc.icims.com/jobs/17312/senior-quality-engineer/job,"Orchard Park, NY, United States",Orchard Park,NY,United States,Not specified,,,,Space & Defense,2026-08-11,2026-08-11,https://careersenus-itt-inc.icims.com/jobs/search?ss=1&searchRelation=keyword_all,ats_detected,5,success_after_fallback
727c7b1098ac,2026-08-11,64d9022f568a,ITT Enidine,https://www.enidine.com/en-US/Home,https://careersenus-itt-inc.icims.com/jobs/search?ss=1&searchRelation=keyword_all,Title Assembly Operator,https://careersenus-itt-inc.icims.com/jobs/17310/assembly-operator/job,"Orchard Park, NY, United States",Orchard Park,NY,United States,Not specified,,,,Space & Defense,2026-08-11,2026-08-11,https://careersenus-itt-inc.icims.com/jobs/search?ss=1&searchRelation=keyword_all,ats_detected,5,success_after_fallback
f5d35003e7ed,2026-08-11,64d9022f568a,ITT Enidine,https://www.enidine.com/en-US/Home,https://careersenus-itt-inc.icims.com/jobs/search?ss=1&searchRelation=keyword_all,Title LEAN TECHNICIAN I (DIRECT) 2nd Shioft,https://careersenus-itt-inc.icims.com/jobs/17285/lean-technician-i-%28direct%29-2nd-shioft/job,"Orchard Park, NY, United States",Orchard Park,NY,United States,Not specified,,,,Space & Defense,2026-08-11,2026-08-11,https://careersenus-itt-inc.icims.com/jobs/search?ss=1&searchRelation=keyword_all,ats_detected,5,success_after_fallback
7a2c741093b1,2026-08-11,64d9022f568a,ITT Enidine,https://www.enidine.com/en-US/Home,https://careersenus-itt-inc.icims.com/jobs/search?ss=1&searchRelation=keyword_all,Title Product Design Engineer I,https://careersenus-itt-inc.icims.com/jobs/17272/product-design-engineer-i/job,"Orchard Park, NY, United States",Orchard Park,NY,United States,Not specified,,,,Space & Defense,2026-08-11,2026-08-11,https://careersenus-itt-inc.icims.com/jobs/search?ss=1&searchRelation=keyword_all,ats_detected,5,success_after_fallback
d8a0e084f566,2026-08-11,64d9022f568a,ITT Enidine,https://www.enidine.com/en-US/Home,https://careersenus-itt-inc.icims.com/jobs/search?ss=1&searchRelation=keyword_all,Title R & D Test Technician,https://careersenus-itt-inc.icims.com/jobs/17271/r-%26-d-test-technician/job,"Orchard Park, NY, United States",Orchard Park,NY,United States,Not specified,,,,Space & Defense,2026-08-11,2026-08-11,https://careersenus-itt-inc.icims.com/jobs/search?ss=1&searchRelation=keyword_all,ats_detected,5,success_after_fallback
5c57e2dd2d6c,2026-08-11,64d9022f568a,ITT Enidine,https://www.enidine.com/en-US/Home,https://careersenus-itt-inc.icims.com/jobs/search?ss=1&searchRelation=keyword_all,Title Global Sourcing Manager,https://careersenus-itt-inc.icims.com/jobs/17268/global-sourcing-manager/job,"Orchard Park, NY, United States",Orchard Park,NY,United States,Not specified,,,,Space & Defense,2026-08-11,2026-08-11,https://careersenus-itt-inc.icims.com/jobs/search?ss=1&searchRelation=keyword_all,ats_detected,5,success_after_fallback
f00c424bfb2e,2026-08-11,64d9022f568a,ITT Enidine,https://www.enidine.com/en-US/Home,https://careersenus-itt-inc.icims.com/jobs/search?ss=1&searchRelation=keyword_all,Title Product Design Engineer,https://careersenus-itt-inc.icims.com/jobs/17267/product-design-engineer/job,"Orchard Park, NY, United States",Orchard Park,NY,United States,Not specified,,,,Space & Defense,2026-08-11,2026-08-11,https://careersenus-itt-inc.icims.com/jobs/search?ss=1&searchRelation=keyword_all,ats_detected,5,success_after_fallback
f2c6c334afc5,2026-08-11,64d9022f568a,ITT Enidine,https://www.enidine.com/en-US/Home,https://careersenus-itt-inc.icims.com/jobs/search?ss=1&searchRelation=keyword_all,Title Assembly Operator II,https://careersenus-itt-inc.icims.com/jobs/17263/assembly-operator-ii/job,"Orchard Park, NY, United States",Orchard Park,NY,United States,Not specified,,,,Space & Defense,2026-08-11,2026-08-11,https://careersenus-itt-inc.icims.com/jobs/search?ss=1&searchRelation=keyword_all,ats_detected,5,success_after_fallback
6ac815b1aef2,2026-08-11,64d9022f568a,ITT Enidine,https://www.enidine.com/en-US/Home,https://careersenus-itt-inc.icims.com/jobs/search?ss=1&searchRelation=keyword_all,Title Assembly Operator,https://careersenus-itt-inc.icims.com/jobs/17262/assembly-operator/job,"Orchard Park, NY, United States",Orchard Park,NY,United States,Not specified,,,,Space & Defense,2026-08-11,2026-08-11,https://careersenus-itt-inc.icims.com/jobs/search?ss=1&searchRelation=keyword_all,ats_detected,5,success_after_fallback
01c9853dad8d,2026-08-11,64d9022f568a,ITT Enidine,https://www.enidine.com/en-US/Home,https://careersenus-itt-inc.icims.com/jobs/search?ss=1&searchRelation=keyword_all,Title Product Design Engineer,https://careersenus-itt-inc.icims.com/jobs/17260/product-design-engineer/job,"Orchard Park, NY, United States",Orchard Park,NY,United States,Not specified,,,,Space & Defense,2026-08-11,2026-08-11,https://careersenus-itt-inc.icims.com/jobs/search?ss=1&searchRelation=keyword_all,ats_detected,5,success_after_fallback
8eac2dfcec39,2026-08-11,64d9022f568a,ITT Enidine,https://www.enidine.com/en-US/Home,https://careersenus-itt-inc.icims.com/jobs/search?ss=1&searchRelation=keyword_all,Title Office Support Specialist,https://careersenus-itt-inc.icims.com/jobs/17249/office-support-specialist/job,"Orchard Park, NY, United States",Orchard Park,NY,United States,Not specified,,,,Space & Defense,2026-08-11,2026-08-11,https://careersenus-itt-inc.icims.com/jobs/search?ss=1&searchRelation=keyword_all,ats_detected,5,success_after_fallback
62dcc8d48312,2026-08-11,64d9022f568a,ITT Enidine,https://www.enidine.com/en-US/Home,https://careersenus-itt-inc.icims.com/jobs/search?ss=1&searchRelation=keyword_all,Title Manufacturing Engineer,https://careersenus-itt-inc.icims.com/jobs/17232/manufacturing-engineer/job,"Orchard Park, NY, United States",Orchard Park,NY,United States,Not specified,,,,Space & Defense,2026-08-11,2026-08-11,https://careersenus-itt-inc.icims.com/jobs/search?ss=1&searchRelation=keyword_all,ats_detected,5,success_after_fallback
cc03e6efd913,2026-08-11,64d9022f568a,ITT Enidine,https://www.enidine.com/en-US/Home,https://careersenus-itt-inc.icims.com/jobs/search?ss=1&searchRelation=keyword_all,Title Manufacturing Engineer,https://careersenus-itt-inc.icims.com/jobs/17231/manufacturing-engineer/job,"Orchard Park, NY, United States",Orchard Park,NY,United States,Not specified,,,,Space & Defense,2026-08-11,2026-08-11,https://careersenus-itt-inc.icims.com/jobs/search?ss=1&searchRelation=keyword_all,ats_detected,5,success_after_fallback
738ec25a3be3,2026-08-11,64d9022f568a,ITT Enidine,https://www.enidine.com/en-US/Home,https://careersenus-itt-inc.icims.com/jobs/search?ss=1&searchRelation=keyword_all,Title Quality Control Specialist I,https://careersenus-itt-inc.icims.com/jobs/17229/quality-control-specialist-i/job,"Orchard Park, NY, United States",Orchard Park,NY,United States,Not specified,,,,Space & Defense,2026-08-11,2026-08-11,https://careersenus-itt-inc.icims.com/jobs/search?ss=1&searchRelation=keyword_all,ats_detected,5,success_after_fallback
7741e73b0d6f,2026-08-11,64d9022f568a,ITT Enidine,https://www.enidine.com/en-US/Home,https://careersenus-itt-inc.icims.com/jobs/search?ss=1&searchRelation=keyword_all,Title Product Design Engineer,https://careersenus-itt-inc.icims.com/jobs/17227/product-design-engineer/job,"Orchard Park, NY, United States",Orchard Park,NY,United States,Not specified,,,,Space & Defense,2026-08-11,2026-08-11,https://careersenus-itt-inc.icims.com/jobs/search?ss=1&searchRelation=keyword_all,ats_detected,5,success_after_fallback
f32c465883ac,2026-08-11,64d9022f568a,ITT Enidine,https://www.enidine.com/en-US/Home,https://careersenus-itt-inc.icims.com/jobs/search?ss=1&searchRelation=keyword_all,Title Product Design Engineer,https://careersenus-itt-inc.icims.com/jobs/17225/product-design-engineer/job,"Orchard Park, NY, United States",Orchard Park,NY,United States,Not specified,,,,Space & Defense,2026-08-11,2026-08-11,https://careersenus-itt-inc.icims.com/jobs/search?ss=1&searchRelation=keyword_all,ats_detected,5,success_after_fallback
31676b79267c,2026-08-11,64d9022f568a,ITT Enidine,https://www.enidine.com/en-US/Home,https://careersenus-itt-inc.icims.com/jobs/search?ss=1&searchRelation=keyword_all,Title Senior Product Design Engineer,https://careersenus-itt-inc.icims.com/jobs/17203/senior-product-design-engineer/job,"Orchard Park, NY, United States",Orchard Park,NY,United States,Not specified,,,,Space & Defense,2026-08-11,2026-08-11,https://careersenus-itt-inc.icims.com/jobs/search?ss=1&searchRelation=keyword_all,ats_detected,5,success_after_fallback
e04dbf7473e9,2026-08-11,64d9022f568a,ITT Enidine,https://www.enidine.com/en-US/Home,https://careersenus-itt-inc.icims.com/jobs/search?ss=1&searchRelation=keyword_all,Title Product Assurance Analyst,https://careersenus-itt-inc.icims.com/jobs/17200/product-assurance-analyst/job,"Orchard Park, NY, United States",Orchard Park,NY,United States,Not specified,,,,Space & Defense,2026-08-11,2026-08-11,https://careersenus-itt-inc.icims.com/jobs/search?ss=1&searchRelation=keyword_all,ats_detected,5,success_after_fallback
6a5714ad6a2d,2026-08-11,64d9022f568a,ITT Enidine,https://www.enidine.com/en-US/Home,https://careersenus-itt-inc.icims.com/jobs/search?ss=1&searchRelation=keyword_all,Title Technical Sales Support Representative,https://careersenus-itt-inc.icims.com/jobs/17197/technical-sales-support-representative/job,"Orchard Park, NY, United States",Orchard Park,NY,United States,Not specified,,,,Space & Defense,2026-08-11,2026-08-11,https://careersenus-itt-inc.icims.com/jobs/search?ss=1&searchRelation=keyword_all,ats_detected,5,success_after_fallback
cdf877a8ad1a,2026-08-11,64d9022f568a,ITT Enidine,https://www.enidine.com/en-US/Home,https://careersenus-itt-inc.icims.com/jobs/search?ss=1&searchRelation=keyword_all,"Title Director, Platform Services",https://careersenus-itt-inc.icims.com/jobs/17194/director%2c-platform-services/job,"Orchard Park, NY, United States",Orchard Park,NY,United States,Hybrid,,,,Space & Defense,2026-08-11,2026-08-11,https://careersenus-itt-inc.icims.com/jobs/search?ss=1&searchRelation=keyword_all,ats_detected,5,success_after_fallback
8fe3828e91d2,2026-08-11,64d9022f568a,ITT Enidine,https://www.enidine.com/en-US/Home,https://careersenus-itt-inc.icims.com/jobs/search?ss=1&searchRelation=keyword_all,Title Trade Compliance Coordinator II,https://careersenus-itt-inc.icims.com/jobs/17168/trade-compliance-coordinator-ii/job,"Orchard Park, NY, United States",Orchard Park,NY,United States,Not specified,,,,Space & Defense,2026-08-11,2026-08-11,https://careersenus-itt-inc.icims.com/jobs/search?ss=1&searchRelation=keyword_all,ats_detected,5,success_after_fallback
cf62009d57a7,2026-08-11,64d9022f568a,ITT Enidine,https://www.enidine.com/en-US/Home,https://careersenus-itt-inc.icims.com/jobs/search?ss=1&searchRelation=keyword_all,"Title Manager, Manufacturing Engineering",https://careersenus-itt-inc.icims.com/jobs/17167/manager%2c-manufacturing-engineering/job,"Orchard Park, NY, United States",Orchard Park,NY,United States,Not specified,,,,Space & Defense,2026-08-11,2026-08-11,https://careersenus-itt-inc.icims.com/jobs/search?ss=1&searchRelation=keyword_all,ats_detected,5,success_after_fallback
1b5d467564d9,2026-08-11,64d9022f568a,ITT Enidine,https://www.enidine.com/en-US/Home,https://careersenus-itt-inc.icims.com/jobs/search?ss=1&searchRelation=keyword_all,Title QA Engineer,https://careersenus-itt-inc.icims.com/jobs/17154/qa-engineer/job,"Orchard Park, NY, United States",Orchard Park,NY,United States,Not specified,,,,Space & Defense,2026-08-11,2026-08-11,https://careersenus-itt-inc.icims.com/jobs/search?ss=1&searchRelation=keyword_all,ats_detected,5,success_after_fallback
2b47cf8b5696,2026-08-11,64d9022f568a,ITT Enidine,https://www.enidine.com/en-US/Home,https://careersenus-itt-inc.icims.com/jobs/search?ss=1&searchRelation=keyword_all,Title Operations Scheduler,https://careersenus-itt-inc.icims.com/jobs/17153/operations-scheduler/job,"Orchard Park, NY, United States",Orchard Park,NY,United States,Not specified,,,,Space & Defense,2026-08-11,2026-08-11,https://careersenus-itt-inc.icims.com/jobs/search?ss=1&searchRelation=keyword_all,ats_detected,5,success_after_fallback
ff116143ad75,2026-08-11,64d9022f568a,ITT Enidine,https://www.enidine.com/en-US/Home,https://careersenus-itt-inc.icims.com/jobs/search?ss=1&searchRelation=keyword_all,Title Operations Scheduler,https://careersenus-itt-inc.icims.com/jobs/17152/operations-scheduler/job,"Orchard Park, NY, United States",Orchard Park,NY,United States,Not specified,,,,Space & Defense,2026-08-11,2026-08-11,https://careersenus-itt-inc.icims.com/jobs/search?ss=1&searchRelation=keyword_all,ats_detected,5,success_after_fallback
1e57e5c179a6,2026-08-11,64d9022f568a,ITT Enidine,https://www.enidine.com/en-US/Home,https://careersenus-itt-inc.icims.com/jobs/search?ss=1&searchRelation=keyword_all,Title HR Manager,https://careersenus-itt-inc.icims.com/jobs/17147/hr-manager/job,"Orchard Park, NY, United States",Orchard Park,NY,United States,Not specified,,,,Space & Defense,2026-08-11,2026-08-11,https://careersenus-itt-inc.icims.com/jobs/search?ss=1&searchRelation=keyword_all,ats_detected,5,success_after_fallback
94ff57f1282c,2026-08-11,64d9022f568a,ITT Enidine,https://www.enidine.com/en-US/Home,https://careersenus-itt-inc.icims.com/jobs/search?ss=1&searchRelation=keyword_all,Title Elastomeric Assembly Technician II,https://careersenus-itt-inc.icims.com/jobs/17137/elastomeric-assembly-technician-ii/job,"Orchard Park, NY, United States",Orchard Park,NY,United States,Not specified,,,,Space & Defense,2026-08-11,2026-08-11,https://careersenus-itt-inc.icims.com/jobs/search?ss=1&searchRelation=keyword_all,ats_detected,5,success_after_fallback
2c5aa67114a5,2026-08-11,64d9022f568a,ITT Enidine,https://www.enidine.com/en-US/Home,https://careersenus-itt-inc.icims.com/jobs/search?ss=1&searchRelation=keyword_all,Title Product Design Engineer II,https://careersenus-itt-inc.icims.com/jobs/17132/product-design-engineer-ii/job,"Orchard Park, NY, United States",Orchard Park,NY,United States,Not specified,,,,Space & Defense,2026-08-11,2026-08-11,https://careersenus-itt-inc.icims.com/jobs/search?ss=1&searchRelation=keyword_all,ats_detected,5,success_after_fallback
f0fe6e9b42f2,2026-08-11,64d9022f568a,ITT Enidine,https://www.enidine.com/en-US/Home,https://careersenus-itt-inc.icims.com/jobs/search?ss=1&searchRelation=keyword_all,Title Product Design Engineer,https://careersenus-itt-inc.icims.com/jobs/17122/product-design-engineer/job,"Orchard Park, NY, United States",Orchard Park,NY,United States,Not specified,,,,Space & Defense,2026-08-11,2026-08-11,https://careersenus-itt-inc.icims.com/jobs/search?ss=1&searchRelation=keyword_all,ats_detected,5,success_after_fallback
93043cbc6d6d,2026-08-11,64d9022f568a,ITT Enidine,https://www.enidine.com/en-US/Home,https://careersenus-itt-inc.icims.com/jobs/search?ss=1&searchRelation=keyword_all,Title Operations Scheduling and Control Specialist,https://careersenus-itt-inc.icims.com/jobs/17094/operations-scheduling-and-control-specialist/job,"Orchard Park, NY, United States",Orchard Park,NY,United States,Not specified,,,,Space & Defense,2026-08-11,2026-08-11,https://careersenus-itt-inc.icims.com/jobs/search?ss=1&searchRelation=keyword_all,ats_detected,5,success_after_fallback
937830fbe4cb,2026-08-11,64d9022f568a,ITT Enidine,https://www.enidine.com/en-US/Home,https://careersenus-itt-inc.icims.com/jobs/search?ss=1&searchRelation=keyword_all,Title Global Strategic Supply Manager,https://careersenus-itt-inc.icims.com/jobs/17071/global-strategic-supply-manager/job,"Orchard Park, NY, United States",Orchard Park,NY,United States,Not specified,,,,Space & Defense,2026-08-11,2026-08-11,https://careersenus-itt-inc.icims.com/jobs/search?ss=1&searchRelation=keyword_all,ats_detected,5,success_after_fallback
6d6428f6846a,2026-08-11,64d9022f568a,ITT Enidine,https://www.enidine.com/en-US/Home,https://careersenus-itt-inc.icims.com/jobs/search?ss=1&searchRelation=keyword_all,Title Senior Municipal Applications Engineer,https://careersenus-itt-inc.icims.com/jobs/17060/senior-municipal-applications-engineer/job,"Orchard Park, NY, United States",Orchard Park,NY,United States,Not specified,,,,Space & Defense,2026-08-11,2026-08-11,https://careersenus-itt-inc.icims.com/jobs/search?ss=1&searchRelation=keyword_all,ats_detected,5,success_after_fallback
2cf9c4b22f24,2026-08-11,64d9022f568a,ITT Enidine,https://www.enidine.com/en-US/Home,https://careersenus-itt-inc.icims.com/jobs/search?ss=1&searchRelation=keyword_all,Title Data Manufacturing Engineer,https://careersenus-itt-inc.icims.com/jobs/17034/data-manufacturing-engineer/job,"Orchard Park, NY, United States",Orchard Park,NY,United States,Not specified,,,,Space & Defense,2026-08-11,2026-08-11,https://careersenus-itt-inc.icims.com/jobs/search?ss=1&searchRelation=keyword_all,ats_detected,5,success_after_fallback
44c7c385faa2,2026-08-11,64d9022f568a,ITT Enidine,https://www.enidine.com/en-US/Home,https://careersenus-itt-inc.icims.com/jobs/search?ss=1&searchRelation=keyword_all,Title Operations Scheduler,https://careersenus-itt-inc.icims.com/jobs/17033/operations-scheduler/job,"Orchard Park, NY, United States",Orchard Park,NY,United States,Not specified,,,,Space & Defense,2026-08-11,2026-08-11,https://careersenus-itt-inc.icims.com/jobs/search?ss=1&searchRelation=keyword_all,ats_detected,5,success_after_fallback
2e09595889c6,2026-08-11,64d9022f568a,ITT Enidine,https://www.enidine.com/en-US/Home,https://careerschn-itt-inc.icims.com/jobs/search?ss=1&searchRelation=keyword_all,标题 Senior Supplier Development Engineer – VIDAR Motors,https://careerschn-itt-inc.icims.com/jobs/17079/senior-supplier-development-engineer-%e2%80%93-vidar-motors/job,"Orchard Park, NY, United States",Orchard Park,NY,United States,Not specified,,,,Space & Defense,2026-08-11,2026-08-11,https://careerschn-itt-inc.icims.com/jobs/search?ss=1&searchRelation=keyword_all,ats_detected,5,success_after_fallback
a3ded9c96d44,2026-08-11,64d9022f568a,ITT Enidine,https://www.enidine.com/en-US/Home,https://careersger-itt-inc.icims.com/jobs/search?ss=1&searchRelation=keyword_all,Distribution Sales Manager %7C Central Europe,https://careersger-itt-inc.icims.com/jobs/16894/distribution-sales-manager-%7c-central-europe/job,"Orchard Park, NY, United States",Orchard Park,NY,United States,Remote,,,,Space & Defense,2026-08-11,2026-08-11,https://careersger-itt-inc.icims.com/jobs/search?ss=1&searchRelation=keyword_all,ats_detected,5,success_after_fallback
94fe2296fb92,2026-08-11,64d9022f568a,ITT Enidine,https://www.enidine.com/en-US/Home,https://careersger-itt-inc.icims.com/jobs/search?ss=1&searchRelation=keyword_all,Titel Product Manager Automotive After Market & Racing,https://careersger-itt-inc.icims.com/jobs/15454/product-manager-automotive-after-market-%26-racing/job,"Orchard Park, NY, United States",Orchard Park,NY,United States,Not specified,,,,Space & Defense,2026-08-11,2026-08-11,https://careersger-itt-inc.icims.com/jobs/search?ss=1&searchRelation=keyword_all,ats_detected,5,success_after_fallback
281e213f90a9,2026-08-11,64d9022f568a,ITT Enidine,https://www.enidine.com/en-US/Home,https://careersmex-itt-inc.icims.com/jobs/search?ss=1&searchRelation=keyword_all,Cargo Assembly Operator,https://careersmex-itt-inc.icims.com/jobs/17331/assembly-operator/job,"Orchard Park, NY, United States",Orchard Park,NY,United States,Not specified,,,,Space & Defense,2026-08-11,2026-08-11,https://careersmex-itt-inc.icims.com/jobs/search?ss=1&searchRelation=keyword_all,ats_detected,5,success_after_fallback
741095c17fd4,2026-08-11,64d9022f568a,ITT Enidine,https://www.enidine.com/en-US/Home,https://careersmex-itt-inc.icims.com/jobs/search?ss=1&searchRelation=keyword_all,"Cargo Sourcing, Supply Chain and Logistics Analyst",https://careersmex-itt-inc.icims.com/jobs/17330/sourcing%2c-supply-chain-and-logistics-analyst/job,"Orchard Park, NY, United States",Orchard Park,NY,United States,Not specified,,,,Space & Defense,2026-08-11,2026-08-11,https://careersmex-itt-inc.icims.com/jobs/search?ss=1&searchRelation=keyword_all,ats_detected,5,success_after_fallback
3b38b77eaac2,2026-08-11,64d9022f568a,ITT Enidine,https://www.enidine.com/en-US/Home,https://careersmex-itt-inc.icims.com/jobs/search?ss=1&searchRelation=keyword_all,Cargo INTERN/Co-op 1,https://careersmex-itt-inc.icims.com/jobs/17169/intern-co-op-1/job,"Orchard Park, NY, United States",Orchard Park,NY,United States,Not specified,,,,Space & Defense,2026-08-11,2026-08-11,https://careersmex-itt-inc.icims.com/jobs/search?ss=1&searchRelation=keyword_all,ats_detected,5,success_after_fallback
b9d2a71458b9,2026-08-11,64d9022f568a,ITT Enidine,https://www.enidine.com/en-US/Home,https://careersmex-itt-inc.icims.com/jobs/search?ss=1&searchRelation=keyword_all,Cargo Customer Service Analyst,https://careersmex-itt-inc.icims.com/jobs/17113/customer-service-analyst/job,"Orchard Park, NY, United States",Orchard Park,NY,United States,Not specified,,,,Space & Defense,2026-08-11,2026-08-11,https://careersmex-itt-inc.icims.com/jobs/search?ss=1&searchRelation=keyword_all,ats_detected,5,success_after_fallback
db184d175990,2026-08-11,64d9022f568a,ITT Enidine,https://www.enidine.com/en-US/Home,https://careersmex-itt-inc.icims.com/jobs/search?ss=1&searchRelation=keyword_all,Cargo Receiving Inspection Technician,https://careersmex-itt-inc.icims.com/jobs/17057/receiving-inspection-technician/job,"Orchard Park, NY, United States",Orchard Park,NY,United States,Not specified,,,,Space & Defense,2026-08-11,2026-08-11,https://careersmex-itt-inc.icims.com/jobs/search?ss=1&searchRelation=keyword_all,ats_detected,5,success_after_fallback
c81b21fa771e,2026-08-11,64d9022f568a,ITT Enidine,https://www.enidine.com/en-US/Home,https://careersmex-itt-inc.icims.com/jobs/search?ss=1&searchRelation=keyword_all,Cargo QA Engineer,https://careersmex-itt-inc.icims.com/jobs/17056/qa-engineer/job,"Orchard Park, NY, United States",Orchard Park,NY,United States,Not specified,,,,Space & Defense,2026-08-11,2026-08-11,https://careersmex-itt-inc.icims.com/jobs/search?ss=1&searchRelation=keyword_all,ats_detected,5,success_after_fallback
896ecc9b3fe8,2026-08-11,64d9022f568a,ITT Enidine,https://www.enidine.com/en-US/Home,https://careersmex-itt-inc.icims.com/jobs/search?ss=1&searchRelation=keyword_all,"Cargo ""Service Technician II Plating Preventive""",https://careersmex-itt-inc.icims.com/jobs/17016/%22service-technician-ii-plating-preventive%22/job,"Orchard Park, NY, United States",Orchard Park,NY,United States,Not specified,,,,Space & Defense,2026-08-11,2026-08-11,https://careersmex-itt-inc.icims.com/jobs/search?ss=1&searchRelation=keyword_all,ats_detected,5,success_after_fallback
dadae87cd5d0,2026-08-11,64d9022f568a,ITT Enidine,https://www.enidine.com/en-US/Home,https://careersmex-itt-inc.icims.com/jobs/search?ss=1&searchRelation=keyword_all,Cargo Service Engineer,https://careersmex-itt-inc.icims.com/jobs/16362/service-engineer/job,"Orchard Park, NY, United States",Orchard Park,NY,United States,Not specified,,,,Space & Defense,2026-08-11,2026-08-11,https://careersmex-itt-inc.icims.com/jobs/search?ss=1&searchRelation=keyword_all,ats_detected,5,success_after_fallback
356153abca2d,2026-08-11,64d9022f568a,ITT Enidine,https://www.enidine.com/en-US/Home,https://careersen-itt-inc.icims.com/jobs/search?ss=1&searchRelation=keyword_all,Title Assembly Operator,https://careersen-itt-inc.icims.com/jobs/17331/assembly-operator/job,"Orchard Park, NY, United States",Orchard Park,NY,United States,Not specified,,,,Space & Defense,2026-08-11,2026-08-11,https://careersen-itt-inc.icims.com/jobs/search?ss=1&searchRelation=keyword_all,ats_detected,5,success_after_fallback
5383c4a8a4ca,2026-08-11,64d9022f568a,ITT Enidine,https://www.enidine.com/en-US/Home,https://careersen-itt-inc.icims.com/jobs/search?ss=1&searchRelation=keyword_all,"Title Sourcing, Supply Chain and Logistics Analyst",https://careersen-itt-inc.icims.com/jobs/17330/sourcing%2c-supply-chain-and-logistics-analyst/job,"Orchard Park, NY, United States",Orchard Park,NY,United States,Not specified,,,,Space & Defense,2026-08-11,2026-08-11,https://careersen-itt-inc.icims.com/jobs/search?ss=1&searchRelation=keyword_all,ats_detected,5,success_after_fallback
2603ec2fb53d,2026-08-11,64d9022f568a,ITT Enidine,https://www.enidine.com/en-US/Home,https://careersen-itt-inc.icims.com/jobs/search?ss=1&searchRelation=keyword_all,Title Lead Analytics Engineer,https://careersen-itt-inc.icims.com/jobs/17299/lead-analytics-engineer/job,"Orchard Park, NY, United States",Orchard Park,NY,United States,Not specified,,,,Space & Defense,2026-08-11,2026-08-11,https://careersen-itt-inc.icims.com/jobs/search?ss=1&searchRelation=keyword_all,ats_detected,5,success_after_fallback
1f063b3551ed,2026-08-11,64d9022f568a,ITT Enidine,https://www.enidine.com/en-US/Home,https://careersen-itt-inc.icims.com/jobs/search?ss=1&searchRelation=keyword_all,Title Junior Analytics Engineer,https://careersen-itt-inc.icims.com/jobs/17291/junior-analytics-engineer/job,"Orchard Park, NY, United States",Orchard Park,NY,United States,Not specified,,,,Space & Defense,2026-08-11,2026-08-11,https://careersen-itt-inc.icims.com/jobs/search?ss=1&searchRelation=keyword_all,ats_detected,5,success_after_fallback
63a9e46c9610,2026-08-11,64d9022f568a,ITT Enidine,https://www.enidine.com/en-US/Home,https://careersen-itt-inc.icims.com/jobs/search?ss=1&searchRelation=keyword_all,Title Quality Control Specialist,https://careersen-itt-inc.icims.com/jobs/17252/quality-control-specialist/job,"Orchard Park, NY, United States",Orchard Park,NY,United States,Not specified,,,,Space & Defense,2026-08-11,2026-08-11,https://careersen-itt-inc.icims.com/jobs/search?ss=1&searchRelation=keyword_all,ats_detected,5,success_after_fallback
e99ab338454a,2026-08-11,64d9022f568a,ITT Enidine,https://www.enidine.com/en-US/Home,https://careersen-itt-inc.icims.com/jobs/search?ss=1&searchRelation=keyword_all,Title INTERN/Co-op 1,https://careersen-itt-inc.icims.com/jobs/17169/intern-co-op-1/job,"Orchard Park, NY, United States",Orchard Park,NY,United States,Not specified,,,,Space & Defense,2026-08-11,2026-08-11,https://careersen-itt-inc.icims.com/jobs/search?ss=1&searchRelation=keyword_all,ats_detected,5,success_after_fallback
ab029f496844,2026-08-11,64d9022f568a,ITT Enidine,https://www.enidine.com/en-US/Home,https://careersen-itt-inc.icims.com/jobs/search?ss=1&searchRelation=keyword_all,Title Sales Manager,https://careersen-itt-inc.icims.com/jobs/17114/sales-manager/job,"Orchard Park, NY, United States",Orchard Park,NY,United States,Not specified,,,,Space & Defense,2026-08-11,2026-08-11,https://careersen-itt-inc.icims.com/jobs/search?ss=1&searchRelation=keyword_all,ats_detected,5,success_after_fallback
7c10f59eecd9,2026-08-11,64d9022f568a,ITT Enidine,https://www.enidine.com/en-US/Home,https://careersen-itt-inc.icims.com/jobs/search?ss=1&searchRelation=keyword_all,Title Customer Service Analyst,https://careersen-itt-inc.icims.com/jobs/17113/customer-service-analyst/job,"Orchard Park, NY, United States",Orchard Park,NY,United States,Not specified,,,,Space & Defense,2026-08-11,2026-08-11,https://careersen-itt-inc.icims.com/jobs/search?ss=1&searchRelation=keyword_all,ats_detected,5,success_after_fallback
1f97047303f5,2026-08-11,64d9022f568a,ITT Enidine,https://www.enidine.com/en-US/Home,https://careersen-itt-inc.icims.com/jobs/search?ss=1&searchRelation=keyword_all,Title Senior Supplier Development Engineer – VIDAR Motors,https://careersen-itt-inc.icims.com/jobs/17079/senior-supplier-development-engineer-%e2%80%93-vidar-motors/job,"Orchard Park, NY, United States",Orchard Park,NY,United States,Not specified,,,,Space & Defense,2026-08-11,2026-08-11,https://careersen-itt-inc.icims.com/jobs/search?ss=1&searchRelation=keyword_all,ats_detected,5,success_after_fallback
41163fde7d23,2026-08-11,64d9022f568a,ITT Enidine,https://www.enidine.com/en-US/Home,https://careersen-itt-inc.icims.com/jobs/search?ss=1&searchRelation=keyword_all,Title Talent Insights Analyst,https://careersen-itt-inc.icims.com/jobs/17072/talent-insights-analyst/job,"Orchard Park, NY, United States",Orchard Park,NY,United States,Not specified,,,,Space & Defense,2026-08-11,2026-08-11,https://careersen-itt-inc.icims.com/jobs/search?ss=1&searchRelation=keyword_all,ats_detected,5,success_after_fallback
45a43096654c,2026-08-11,64d9022f568a,ITT Enidine,https://www.enidine.com/en-US/Home,https://careersen-itt-inc.icims.com/jobs/search?ss=1&searchRelation=keyword_all,Title QA Engineer,https://careersen-itt-inc.icims.com/jobs/17056/qa-engineer/job,"Orchard Park, NY, United States",Orchard Park,NY,United States,Not specified,,,,Space & Defense,2026-08-11,2026-08-11,https://careersen-itt-inc.icims.com/jobs/search?ss=1&searchRelation=keyword_all,ats_detected,5,success_after_fallback
4399fac2e175,2026-08-11,64d9022f568a,ITT Enidine,https://www.enidine.com/en-US/Home,https://careersen-itt-inc.icims.com/jobs/search?ss=1&searchRelation=keyword_all,"Title ""Service Technician II Plating Preventive""",https://careersen-itt-inc.icims.com/jobs/17016/%22service-technician-ii-plating-preventive%22/job,"Orchard Park, NY, United States",Orchard Park,NY,United States,Not specified,,,,Space & Defense,2026-08-11,2026-08-11,https://careersen-itt-inc.icims.com/jobs/search?ss=1&searchRelation=keyword_all,ats_detected,5,success_after_fallback
4c765ca5b2ee,2026-08-11,64d9022f568a,ITT Enidine,https://www.enidine.com/en-US/Home,https://careersen-itt-inc.icims.com/jobs/search?ss=1&searchRelation=keyword_all,Title Project Design Engineer -P2,https://careersen-itt-inc.icims.com/jobs/16933/project-design-engineer--p2/job,"Orchard Park, NY, United States",Orchard Park,NY,United States,Not specified,,,,Space & Defense,2026-08-11,2026-08-11,https://careersen-itt-inc.icims.com/jobs/search?ss=1&searchRelation=keyword_all,ats_detected,5,success_after_fallback
366ea2ea1aa2,2026-08-11,64d9022f568a,ITT Enidine,https://www.enidine.com/en-US/Home,https://careersen-itt-inc.icims.com/jobs/search?ss=1&searchRelation=keyword_all,Distribution Sales Manager %7C Central Europe,https://careersen-itt-inc.icims.com/jobs/16894/distribution-sales-manager-%7c-central-europe/job,"Orchard Park, NY, United States",Orchard Park,NY,United States,Remote,,,,Space & Defense,2026-08-11,2026-08-11,https://careersen-itt-inc.icims.com/jobs/search?ss=1&searchRelation=keyword_all,ats_detected,5,success_after_fallback
91aa73b5e290,2026-08-11,64d9022f568a,ITT Enidine,https://www.enidine.com/en-US/Home,https://careersen-itt-inc.icims.com/jobs/search?ss=1&searchRelation=keyword_all,Title Global Quality Engineer Lead,https://careersen-itt-inc.icims.com/jobs/16805/global-quality-engineer-lead/job,"Orchard Park, NY, United States",Orchard Park,NY,United States,Not specified,,,,Space & Defense,2026-08-11,2026-08-11,https://careersen-itt-inc.icims.com/jobs/search?ss=1&searchRelation=keyword_all,ats_detected,5,success_after_fallback
54f01b8dbe30,2026-08-11,64d9022f568a,ITT Enidine,https://www.enidine.com/en-US/Home,https://careersen-itt-inc.icims.com/jobs/search?ss=1&searchRelation=keyword_all,Title Application Engineer Railway,https://careersen-itt-inc.icims.com/jobs/16767/application-engineer-railway/job,"Orchard Park, NY, United States",Orchard Park,NY,United States,Not specified,,,,Space & Defense,2026-08-11,2026-08-11,https://careersen-itt-inc.icims.com/jobs/search?ss=1&searchRelation=keyword_all,ats_detected,5,success_after_fallback
a2343af66dc4,2026-08-11,64d9022f568a,ITT Enidine,https://www.enidine.com/en-US/Home,https://careersen-itt-inc.icims.com/jobs/search?ss=1&searchRelation=keyword_all,Title Senior AI/ML Engineer,https://careersen-itt-inc.icims.com/jobs/16717/senior-ai-ml-engineer/job,"Orchard Park, NY, United States",Orchard Park,NY,United States,Not specified,,,,Space & Defense,2026-08-11,2026-08-11,https://careersen-itt-inc.icims.com/jobs/search?ss=1&searchRelation=keyword_all,ats_detected,5,success_after_fallback
b607cc8f9a30,2026-08-11,64d9022f568a,ITT Enidine,https://www.enidine.com/en-US/Home,https://careersen-itt-inc.icims.com/jobs/search?ss=1&searchRelation=keyword_all,Title IT Business Analyst (Application Configuration Specialist),https://careersen-itt-inc.icims.com/jobs/16713/it-business-analyst-%28application-configuration-specialist%29/job,"Orchard Park, NY, United States",Orchard Park,NY,United States,Not specified,,,,Space & Defense,2026-08-11,2026-08-11,https://careersen-itt-inc.icims.com/jobs/search?ss=1&searchRelation=keyword_all,ats_detected,5,success_after_fallback
e2fe533dc463,2026-08-11,64d9022f568a,ITT Enidine,https://www.enidine.com/en-US/Home,https://careersen-itt-inc.icims.com/jobs/search?ss=1&searchRelation=keyword_all,Title Application Engineer (P2),https://careersen-itt-inc.icims.com/jobs/16638/application-engineer-%28p2%29/job,"Orchard Park, NY, United States",Orchard Park,NY,United States,Not specified,,,,Space & Defense,2026-08-11,2026-08-11,https://careersen-itt-inc.icims.com/jobs/search?ss=1&searchRelation=keyword_all,ats_detected,5,success_after_fallback
21a2f01f2905,2026-08-11,64d9022f568a,ITT Enidine,https://www.enidine.com/en-US/Home,https://careersen-itt-inc.icims.com/jobs/search?ss=1&searchRelation=keyword_all,Title Senior Application Engineer,https://careersen-itt-inc.icims.com/jobs/16636/senior-application-engineer/job,"Orchard Park, NY, United States",Orchard Park,NY,United States,Not specified,,,,Space & Defense,2026-08-11,2026-08-11,https://careersen-itt-inc.icims.com/jobs/search?ss=1&searchRelation=keyword_all,ats_detected,5,success_after_fallback
b2d0be131c26,2026-08-11,64d9022f568a,ITT Enidine,https://www.enidine.com/en-US/Home,https://careersen-itt-inc.icims.com/jobs/search?ss=1&searchRelation=keyword_all,Title Global Purchasing & Sourcing Lead,https://careersen-itt-inc.icims.com/jobs/16615/global-purchasing-%26-sourcing-lead/job,"Orchard Park, NY, United States",Orchard Park,NY,United States,Not specified,,,,Space & Defense,2026-08-11,2026-08-11,https://careersen-itt-inc.icims.com/jobs/search?ss=1&searchRelation=keyword_all,ats_detected,5,success_after_fallback
c9be68aa8a2a,2026-08-11,64d9022f568a,ITT Enidine,https://www.enidine.com/en-US/Home,https://careersen-itt-inc.icims.com/jobs/search?ss=1&searchRelation=keyword_all,Title SAP Senior Business Specialist,https://careersen-itt-inc.icims.com/jobs/16533/sap-senior-business-specialist/job,"Orchard Park, NY, United States",Orchard Park,NY,United States,Not specified,,,,Space & Defense,2026-08-11,2026-08-11,https://careersen-itt-inc.icims.com/jobs/search?ss=1&searchRelation=keyword_all,ats_detected,5,success_after_fallback
8c401a107db2,2026-08-11,64d9022f568a,ITT Enidine,https://www.enidine.com/en-US/Home,https://careersen-itt-inc.icims.com/jobs/search?ss=1&searchRelation=keyword_all,Title Test Engineer,https://careersen-itt-inc.icims.com/jobs/16378/test-engineer/job,"Orchard Park, NY, United States",Orchard Park,NY,United States,Not specified,,,,Space & Defense,2026-08-11,2026-08-11,https://careersen-itt-inc.icims.com/jobs/search?ss=1&searchRelation=keyword_all,ats_detected,5,success_after_fallback
c122fdee3025,2026-08-11,64d9022f568a,ITT Enidine,https://www.enidine.com/en-US/Home,https://careersen-itt-inc.icims.com/jobs/search?ss=1&searchRelation=keyword_all,Title Service Engineer,https://careersen-itt-inc.icims.com/jobs/16362/service-engineer/job,"Orchard Park, NY, United States",Orchard Park,NY,United States,Not specified,,,,Space & Defense,2026-08-11,2026-08-11,https://careersen-itt-inc.icims.com/jobs/search?ss=1&searchRelation=keyword_all,ats_detected,5,success_after_fallback
860ea8f3330d,2026-08-11,64d9022f568a,ITT Enidine,https://www.enidine.com/en-US/Home,https://careersen-itt-inc.icims.com/jobs/search?ss=1&searchRelation=keyword_all,Title Manufacturing Engineer,https://careersen-itt-inc.icims.com/jobs/16080/manufacturing-engineer/job,"Orchard Park, NY, United States",Orchard Park,NY,United States,Not specified,,,,Space & Defense,2026-08-11,2026-08-11,https://careersen-itt-inc.icims.com/jobs/search?ss=1&searchRelation=keyword_all,ats_detected,5,success_after_fallback
ad288983df18,2026-08-11,64d9022f568a,ITT Enidine,https://www.enidine.com/en-US/Home,https://careersen-itt-inc.icims.com/jobs/search?ss=1&searchRelation=keyword_all,Title Product Manager Automotive After Market & Racing,https://careersen-itt-inc.icims.com/jobs/15454/product-manager-automotive-after-market-%26-racing/job,"Orchard Park, NY, United States",Orchard Park,NY,United States,Not specified,,,,Space & Defense,2026-08-11,2026-08-11,https://careersen-itt-inc.icims.com/jobs/search?ss=1&searchRelation=keyword_all,ats_detected,5,success_after_fallback
6b1b979a6787,2026-08-11,64d9022f568a,ITT Enidine,https://www.enidine.com/en-US/Home,https://careersen-itt-inc.icims.com/jobs/search?ss=1&searchRelation=keyword_all,Title Application Engineer,https://careersen-itt-inc.icims.com/jobs/15377/application-engineer/job,"Orchard Park, NY, United States",Orchard Park,NY,United States,Not specified,,,,Space & Defense,2026-08-11,2026-08-11,https://careersen-itt-inc.icims.com/jobs/search?ss=1&searchRelation=keyword_all,ats_detected,5,success_after_fallback
3ccf63a35027,2026-08-11,64d9022f568a,ITT Enidine,https://www.enidine.com/en-US/Home,https://careersen-itt-inc.icims.com/jobs/search?ss=1&searchRelation=keyword_all,Title Product Design Engineer,https://careersen-itt-inc.icims.com/jobs/15366/product-design-engineer/job,"Orchard Park, NY, United States",Orchard Park,NY,United States,Not specified,,,,Space & Defense,2026-08-11,2026-08-11,https://careersen-itt-inc.icims.com/jobs/search?ss=1&searchRelation=keyword_all,ats_detected,5,success_after_fallback
94bb4ec31afa,2026-08-11,64d9022f568a,ITT Enidine,https://www.enidine.com/en-US/Home,https://careersen-itt-inc.icims.com/jobs/search?ss=1&searchRelation=keyword_all,Title Application Engineering Lead,https://careersen-itt-inc.icims.com/jobs/15348/application-engineering-lead/job,"Orchard Park, NY, United States",Orchard Park,NY,United States,Not specified,,,,Space & Defense,2026-08-11,2026-08-11,https://careersen-itt-inc.icims.com/jobs/search?ss=1&searchRelation=keyword_all,ats_detected,5,success_after_fallback
65b0c84c859f,2026-08-11,64d9022f568a,ITT Enidine,https://www.enidine.com/en-US/Home,https://careersen-itt-inc.icims.com/jobs/search?ss=1&searchRelation=keyword_all,Title Senior Sales Engineer,https://careersen-itt-inc.icims.com/jobs/14632/senior-sales-engineer/job,"Orchard Park, NY, United States",Orchard Park,NY,United States,Not specified,,,,Space & Defense,2026-08-11,2026-08-11,https://careersen-itt-inc.icims.com/jobs/search?ss=1&searchRelation=keyword_all,ats_detected,5,success_after_fallback
7a83830e3edc,2026-08-11,64d9022f568a,ITT Enidine,https://www.enidine.com/en-US/Home,https://careersenus-itt-inc.icims.com/jobs/17363/tax-senior/job,Tax Senior,https://careersenus-itt-inc.icims.com/jobs/17363/tax-senior/job,"Stamford, CT, US",Stamford,CT,United States,Not specified,,,Finance and Accounting,Space & Defense,2026-08-11,2026-08-11,https://careersenus-itt-inc.icims.com/jobs/17363/tax-senior/job,ats_detected,4,success_after_fallback
b4ad3e8ea545,2026-08-11,64d9022f568a,ITT Enidine,https://www.enidine.com/en-US/Home,https://careersenus-itt-inc.icims.com/jobs/17362/hr-manager%2C-people-and-culture%2C-hr/job,Hr Manager%2C People And Culture%2C Hr,https://careersenus-itt-inc.icims.com/jobs/17362/hr-manager%2c-people-and-culture%2c-hr/referral,"Orchard Park, NY, United States",Orchard Park,NY,United States,Not specified,,,,Space & Defense,2026-08-11,2026-08-11,https://careersenus-itt-inc.icims.com/jobs/17362/hr-manager%2C-people-and-culture%2C-hr/job,ats_detected,5,success_after_fallback
ec3bfe07ba09,2026-08-11,64d9022f568a,ITT Enidine,https://www.enidine.com/en-US/Home,https://careersenus-itt-inc.icims.com/jobs/17361/tax-senior/job,Tax Senior,https://careersenus-itt-inc.icims.com/jobs/17361/tax-senior/job,"Stamford, CT, US",Stamford,CT,United States,Not specified,,,Finance and Accounting,Space & Defense,2026-08-11,2026-08-11,https://careersenus-itt-inc.icims.com/jobs/17361/tax-senior/job,ats_detected,4,success_after_fallback
bb978639386d,2026-08-11,49a39e5c497b,L3Harris,https://www.l3harris.com/,https://careers.l3harris.com/en,L3Harris Engineering Hiring Event Rochester New York,https://careers.l3harris.com/en/job/rochester/l3harris-engineering-hiring-event-rochester-new-york/4832/95994967088,"Rochester, NY",Rochester,NY,United States,Not specified,,,,Space & Defense,2026-08-11,2026-08-11,https://careers.l3harris.com/en,known_careers_url,4,success
73dec10857f7,2026-08-11,49a39e5c497b,L3Harris,https://www.l3harris.com/,https://careers.l3harris.com/en,L3Harris Engineering Hiring Event Plano Tx 8,https://careers.l3harris.com/en/job/greenville/l3harris-engineering-hiring-event-plano-tx-8-31/4832/98424212832,"Plano, TX",Plano,TX,United States,Not specified,,,,Space & Defense,2026-08-11,2026-08-11,https://careers.l3harris.com/en,known_careers_url,4,success
783e37e3b700,2026-08-11,49a39e5c497b,L3Harris,https://www.l3harris.com/,https://careers.l3harris.com/en,Lead Electrical Engineering Hardware Design,https://careers.l3harris.com/en/job/cincinnati/lead-electrical-engineering-hardware-design/4832/99046398128,"Cincinnati, Ohio",Cincinnati,OH,United States,Not specified,,,,Space & Defense,2026-08-11,2026-08-11,https://careers.l3harris.com/en,known_careers_url,4,success
2e7920bbd17d,2026-08-11,49a39e5c497b,L3Harris,https://www.l3harris.com/,https://careers.l3harris.com/en,Senior Specialist Mechanical Engineer Tool Design,https://careers.l3harris.com/en/job/huntsville/senior-specialist-mechanical-engineer-tool-design/4832/99046398112,"Huntsville, Alabama",Huntsville,AL,United States,Not specified,,,,Space & Defense,2026-08-11,2026-08-11,https://careers.l3harris.com/en,known_careers_url,4,success
777dc64a6545,2026-08-11,49a39e5c497b,L3Harris,https://www.l3harris.com/,https://careers.l3harris.com/en,Lead Project Engineer,https://careers.l3harris.com/en/job/clifton/lead-project-engineer/4832/99046398080,"Clifton, New Jersey",Clifton,NJ,United States,Not specified,,,,Space & Defense,2026-08-11,2026-08-11,https://careers.l3harris.com/en,known_careers_url,4,success
eb9fa4be782a,2026-08-11,49a39e5c497b,L3Harris,https://www.l3harris.com/,https://careers.l3harris.com/en,Senior Specialist Systems Engineering Battlespace Awareness Operator,https://careers.l3harris.com/en/job/schriever-afb/senior-specialist-systems-engineering-battlespace-awareness-operator/4832/99046398064,"Schriever AFB, Colorado",Schriever AFB,CO,United States,Not specified,,,,Space & Defense,2026-08-11,2026-08-11,https://careers.l3harris.com/en,known_careers_url,4,success
6fb59f00329f,2026-08-11,49a39e5c497b,L3Harris,https://www.l3harris.com/,https://careers.l3harris.com/en/search-jobs,Lead Systems Engineer Secret Security Clearance,https://careers.l3harris.com/en/job/palm-bay/lead-systems-engineer-secret-security-clearance/4832/99046398048,"Palm Bay, Brevard, FL",Palm Bay,FL,United States,Not specified,,,,Space & Defense,2026-08-11,2026-08-11,https://careers.l3harris.com/en/search-jobs,linked_page,4,success_after_fallback
b9ca34614713,2026-08-11,49a39e5c497b,L3Harris,https://www.l3harris.com/,https://careers.l3harris.com/en/search-jobs,"Program Chief Engineer Engineering Millersville, MD",https://careers.l3harris.com/en/job/millersville/program-chief-engineer/4832/99046398000,"Millersville, MD",Millersville,MD,United States,Not specified,,,,Space & Defense,2026-08-11,2026-08-11,https://careers.l3harris.com/en/search-jobs,linked_page,4,success_after_fallback
0022683949ee,2026-08-11,49a39e5c497b,L3Harris,https://www.l3harris.com/,https://careers.l3harris.com/en/search-jobs,Specialist Electrical Engineering Fos,https://careers.l3harris.com/en/job/cincinnati/specialist-electrical-engineering-fos/4832/99046397984,"Cincinnati, OH",Cincinnati,OH,United States,Not specified,,,,Space & Defense,2026-08-11,2026-08-11,https://careers.l3harris.com/en/search-jobs,linked_page,4,success_after_fallback
089c75ccd224,2026-08-11,49a39e5c497b,L3Harris,https://www.l3harris.com/,https://careers.l3harris.com/en/search-jobs,"Senior Specialist, Project Engineering Engineering Multiple Locations",https://careers.l3harris.com/en/job/palm-bay/senior-specialist-project-engineering/4832/99046397968,"Greece, NY, United States",Greece,NY,United States,Not specified,,,,Space & Defense,2026-08-11,2026-08-11,https://careers.l3harris.com/en/search-jobs,linked_page,4,success_after_fallback
69a45a1125c9,2026-08-11,49a39e5c497b,L3Harris,https://www.l3harris.com/,https://careers.l3harris.com/en/search-jobs,Senior Specialist Electrical Engineer Power Supply Design,https://careers.l3harris.com/en/job/san-diego/senior-specialist-electrical-engineer-power-supply-design/4832/99046397920,"San Diego, CA",San Diego,CA,United States,Not specified,,,,Space & Defense,2026-08-11,2026-08-11,https://careers.l3harris.com/en/search-jobs,linked_page,4,success_after_fallback
83c8866e56c7,2026-08-11,49a39e5c497b,L3Harris,https://www.l3harris.com/,https://careers.l3harris.com/en/search-jobs,Lead Program Scheduler,https://careers.l3harris.com/en/job/palm-bay/lead-program-scheduler/4832/99046397888,"Palm Bay, Brevard, FL",Palm Bay,FL,United States,Not specified,,,,Space & Defense,2026-08-11,2026-08-11,https://careers.l3harris.com/en/search-jobs,linked_page,4,success_after_fallback
85c6b05fc9d8,2026-08-11,49a39e5c497b,L3Harris,https://www.l3harris.com/,https://careers.l3harris.com/en/search-jobs,Senior Associate Software Engineer,https://careers.l3harris.com/en/job/salt-lake-city/senior-associate-software-engineer/4832/99046397872,"Salt Lake City, UT",Salt Lake City,UT,United States,Not specified,,,,Space & Defense,2026-08-11,2026-08-11,https://careers.l3harris.com/en/search-jobs,linked_page,4,success_after_fallback
b2147540f711,2026-08-11,49a39e5c497b,L3Harris,https://www.l3harris.com/,https://careers.l3harris.com/en/search-jobs,Senior Specialist Software Engineer,https://careers.l3harris.com/en/job/salt-lake-city/senior-specialist-software-engineer/4832/99046397856,"Salt Lake City, UT",Salt Lake City,UT,United States,Not specified,,,,Space & Defense,2026-08-11,2026-08-11,https://careers.l3harris.com/en/search-jobs,linked_page,4,success_after_fallback
449d0c0e5615,2026-08-11,49a39e5c497b,L3Harris,https://www.l3harris.com/,https://careers.l3harris.com/en/search-jobs,Specialist Structural Engineering,https://careers.l3harris.com/en/job/waco/specialist-structural-engineering/4832/99046397824,"Waco, TX",Waco,TX,United States,Not specified,,,,Space & Defense,2026-08-11,2026-08-11,https://careers.l3harris.com/en/search-jobs,linked_page,4,success_after_fallback
bd197422d547,2026-08-11,49a39e5c497b,L3Harris,https://www.l3harris.com/,https://careers.l3harris.com/en/search-jobs,Lead Structural Engineering,https://careers.l3harris.com/en/job/waco/lead-structural-engineering/4832/99046397776,"Waco, TX",Waco,TX,United States,Not specified,,,,Space & Defense,2026-08-11,2026-08-11,https://careers.l3harris.com/en/search-jobs,linked_page,4,success_after_fallback
fc5999523335,2026-08-11,49a39e5c497b,L3Harris,https://www.l3harris.com/,https://careers.l3harris.com/en/search-jobs,Sr Manager Mechanical Engineer Airbreathing And Turbomachinery Design,https://careers.l3harris.com/en/job/west-palm-beach/sr-manager-mechanical-engineer-airbreathing-and-turbomachinery-design/4832/99046397760,"West Palm Beach, FL",West Palm Beach,FL,United States,Not specified,,,,Space & Defense,2026-08-11,2026-08-11,https://careers.l3harris.com/en/search-jobs,linked_page,4,success_after_fallback
8e7890cf7da9,2026-08-11,49a39e5c497b,L3Harris,https://www.l3harris.com/,https://careers.l3harris.com/en/job/greenville/l3harris-engineering-hiring-event-plano-tx-8-31/4832/98424212832,"L3Harris Engineering Hiring Event - Plano, TX (8/31)",https://careers.l3harris.com/en/job/plano/l3harris-engineering-hiring-event-plano-tx-8-31/4832/98424212832,"Plano, TX, US; Greenville, Texas, United States; Waco, Texas, United States; Rockwall, Texas, United States; Richardson, Texas, United States",Plano,TX,United States,Not specified,,,,Space & Defense,2026-08-11,2026-08-11,https://careers.l3harris.com/en/job/greenville/l3harris-engineering-hiring-event-plano-tx-8-31/4832/98424212832,linked_page,4,success_after_fallback
e196c48b323b,2026-08-11,49a39e5c497b,L3Harris,https://www.l3harris.com/,https://careers.l3harris.com/en/job/greenville/l3harris-engineering-hiring-event-plano-tx-8-31/4832/98424212832,L3Harris Engineering Hiring Event Plano Tx 8,https://careers.l3harris.com/en/job/greenville/l3harris-engineering-hiring-event-plano-tx-8-31/4832/search-jobs,"Greece, NY, United States",Greece,NY,United States,Not specified,,,,Space & Defense,2026-08-11,2026-08-11,https://careers.l3harris.com/en/job/greenville/l3harris-engineering-hiring-event-plano-tx-8-31/4832/98424212832,linked_page,4,success_after_fallback
78ab3047762c,2026-08-11,49a39e5c497b,L3Harris,https://www.l3harris.com/,https://careers.l3harris.com/en/job/greenville/l3harris-engineering-hiring-event-plano-tx-8-31/4832/98424212832,Associate Aerospace Engineer Waco Tx,https://careers.l3harris.com/en/job/waco/associate-aerospace-engineer-waco-tx/4832/99034748384,"Waco, Texas",Waco,TX,United States,Not specified,,,,Space & Defense,2026-08-11,2026-08-11,https://careers.l3harris.com/en/job/greenville/l3harris-engineering-hiring-event-plano-tx-8-31/4832/98424212832,linked_page,4,success_after_fallback
652339e341d9,2026-08-11,49a39e5c497b,L3Harris,https://www.l3harris.com/,https://careers.l3harris.com/en/job/greenville/l3harris-engineering-hiring-event-plano-tx-8-31/4832/98424212832,Associate Mechanical Engineer,https://careers.l3harris.com/en/job/greenville/associate-mechanical-engineer/4832/99034748304,"Greenville, Texas",Greenville,TX,United States,Not specified,,,,Space & Defense,2026-08-11,2026-08-11,https://careers.l3harris.com/en/job/greenville/l3harris-engineering-hiring-event-plano-tx-8-31/4832/98424212832,linked_page,4,success_after_fallback
93f0c7304ba4,2026-08-11,49a39e5c497b,L3Harris,https://www.l3harris.com/,"https://careers.l3harris.com/en/search-jobs?acm=8686208,8679712,62721&alrpm=ALL&ascf=[%7B%22key%22:%22ALL%22,%22value%22:%22%22%7D]",Associate Systems Engineer,https://careers.l3harris.com/en/job/greenville/associate-systems-engineer/4832/99034748272,"Greenville, TX",Greenville,TX,United States,Not specified,,,,Space & Defense,2026-08-11,2026-08-11,"https://careers.l3harris.com/en/search-jobs?acm=8686208,8679712,62721&alrpm=ALL&ascf=[%7B%22key%22:%22ALL%22,%22value%22:%22%22%7D]",linked_page,4,success_after_fallback
490cca721e6b,2026-08-11,49a39e5c497b,L3Harris,https://www.l3harris.com/,"https://careers.l3harris.com/en/search-jobs?acm=8686208,8679712,62721&alrpm=ALL&ascf=[%7B%22key%22:%22ALL%22,%22value%22:%22%22%7D]",Associate Electrical Engineer,https://careers.l3harris.com/en/job/yorba-linda/associate-electrical-engineer/4832/99029147376,"Yorba Linda, CA",Yorba Linda,CA,United States,Not specified,,,,Space & Defense,2026-08-11,2026-08-11,"https://careers.l3harris.com/en/search-jobs?acm=8686208,8679712,62721&alrpm=ALL&ascf=[%7B%22key%22:%22ALL%22,%22value%22:%22%22%7D]",linked_page,4,success_after_fallback
51a51df10326,2026-08-11,49a39e5c497b,L3Harris,https://www.l3harris.com/,"https://careers.l3harris.com/en/search-jobs?acm=8686208,8679712,62721&alrpm=ALL&ascf=[%7B%22key%22:%22ALL%22,%22value%22:%22%22%7D]",Associate Electrical Engineer,https://careers.l3harris.com/en/job/greenville/associate-electrical-engineer/4832/99009049312,"Greenville, TX",Greenville,TX,United States,Not specified,,,,Space & Defense,2026-08-11,2026-08-11,"https://careers.l3harris.com/en/search-jobs?acm=8686208,8679712,62721&alrpm=ALL&ascf=[%7B%22key%22:%22ALL%22,%22value%22:%22%22%7D]",linked_page,4,success_after_fallback
52eb0acff3c0,2026-08-11,49a39e5c497b,L3Harris,https://www.l3harris.com/,"https://careers.l3harris.com/en/search-jobs?acm=8686208,8679712,62721&alrpm=ALL&ascf=[%7B%22key%22:%22ALL%22,%22value%22:%22%22%7D]",Associate Aerospace Engineer,https://careers.l3harris.com/en/job/waco/associate-aerospace-engineer/4832/99009049200,"Waco, TX",Waco,TX,United States,Not specified,,,,Space & Defense,2026-08-11,2026-08-11,"https://careers.l3harris.com/en/search-jobs?acm=8686208,8679712,62721&alrpm=ALL&ascf=[%7B%22key%22:%22ALL%22,%22value%22:%22%22%7D]",linked_page,4,success_after_fallback
8d4c8bd2bbdd,2026-08-11,49a39e5c497b,L3Harris,https://www.l3harris.com/,"https://careers.l3harris.com/en/search-jobs?acm=8686208,8679712,62721&alrpm=ALL&ascf=[%7B%22key%22:%22ALL%22,%22value%22:%22%22%7D]",Associate Systems Engineering,https://careers.l3harris.com/en/job/colorado-springs/associate-systems-engineering/4832/99009049120,"Colorado Springs, CO",Colorado Springs,CO,United States,Not specified,,,,Space & Defense,2026-08-11,2026-08-11,"https://careers.l3harris.com/en/search-jobs?acm=8686208,8679712,62721&alrpm=ALL&ascf=[%7B%22key%22:%22ALL%22,%22value%22:%22%22%7D]",linked_page,4,success_after_fallback
6270dc0a5c0d,2026-08-11,49a39e5c497b,L3Harris,https://www.l3harris.com/,"https://careers.l3harris.com/en/search-jobs?acm=8686208,8679712,62721&alrpm=ALL&ascf=[%7B%22key%22:%22ALL%22,%22value%22:%22%22%7D]",Associate Software Engineeriing,https://careers.l3harris.com/en/job/rochester/associate-software-engineeriing/4832/99009049088,"Rochester, NY",Rochester,NY,United States,Not specified,,,,Space & Defense,2026-08-11,2026-08-11,"https://careers.l3harris.com/en/search-jobs?acm=8686208,8679712,62721&alrpm=ALL&ascf=[%7B%22key%22:%22ALL%22,%22value%22:%22%22%7D]",linked_page,4,success_after_fallback
54ca47c00476,2026-08-11,49a39e5c497b,L3Harris,https://www.l3harris.com/,"https://careers.l3harris.com/en/search-jobs?acm=8686208,8679712,62721&alrpm=ALL&ascf=[%7B%22key%22:%22ALL%22,%22value%22:%22%22%7D]",Associate Electrical Engineering,https://careers.l3harris.com/en/job/palm-bay/associate-electrical-engineering/4832/99009049040,"Palm Bay, Brevard, FL",Palm Bay,FL,United States,Not specified,,,,Space & Defense,2026-08-11,2026-08-11,"https://careers.l3harris.com/en/search-jobs?acm=8686208,8679712,62721&alrpm=ALL&ascf=[%7B%22key%22:%22ALL%22,%22value%22:%22%22%7D]",linked_page,4,success_after_fallback
5d15ae266e60,2026-08-11,49a39e5c497b,L3Harris,https://www.l3harris.com/,"https://careers.l3harris.com/en/search-jobs?acm=8686208,8679712,62721&alrpm=ALL&ascf=[%7B%22key%22:%22ALL%22,%22value%22:%22%22%7D]",Associate Optical Engineering,https://careers.l3harris.com/en/job/rochester/associate-optical-engineering/4832/99009048928,"Rochester, NY",Rochester,NY,United States,Not specified,,,,Space & Defense,2026-08-11,2026-08-11,"https://careers.l3harris.com/en/search-jobs?acm=8686208,8679712,62721&alrpm=ALL&ascf=[%7B%22key%22:%22ALL%22,%22value%22:%22%22%7D]",linked_page,4,success_after_fallback
8d3f1d22b6bb,2026-08-11,49a39e5c497b,L3Harris,https://www.l3harris.com/,"https://careers.l3harris.com/en/search-jobs?acm=8686208,8679712,62721&alrpm=ALL&ascf=[%7B%22key%22:%22ALL%22,%22value%22:%22%22%7D]",Associate Systems Engineer,https://careers.l3harris.com/en/job/melbourne/associate-systems-engineer/4832/99009048896,"Melbourne, FL",Melbourne,FL,United States,Not specified,,,,Space & Defense,2026-08-11,2026-08-11,"https://careers.l3harris.com/en/search-jobs?acm=8686208,8679712,62721&alrpm=ALL&ascf=[%7B%22key%22:%22ALL%22,%22value%22:%22%22%7D]",linked_page,4,success_after_fallback
8657d6adc7fd,2026-08-11,49a39e5c497b,L3Harris,https://www.l3harris.com/,"https://careers.l3harris.com/en/search-jobs?acm=8686208,8679712,62721&alrpm=ALL&ascf=[%7B%22key%22:%22ALL%22,%22value%22:%22%22%7D]",Associate Systems Engineering,https://careers.l3harris.com/en/job/wilmington/associate-systems-engineering/4832/99009048800,"Wilmington, MA",Wilmington,MA,United States,Not specified,,,,Space & Defense,2026-08-11,2026-08-11,"https://careers.l3harris.com/en/search-jobs?acm=8686208,8679712,62721&alrpm=ALL&ascf=[%7B%22key%22:%22ALL%22,%22value%22:%22%22%7D]",linked_page,4,success_after_fallback
c89bd0133d66,2026-08-11,49a39e5c497b,L3Harris,https://www.l3harris.com/,"https://careers.l3harris.com/en/search-jobs?acm=8686208,8679712,62721&alrpm=ALL&ascf=[%7B%22key%22:%22ALL%22,%22value%22:%22%22%7D]",Associate Software Engineeriing,https://careers.l3harris.com/en/job/fort-wayne/associate-software-engineeriing/4832/99009048784,"Fort Wayne, IN",Fort Wayne,IN,United States,Not specified,,,,Space & Defense,2026-08-11,2026-08-11,"https://careers.l3harris.com/en/search-jobs?acm=8686208,8679712,62721&alrpm=ALL&ascf=[%7B%22key%22:%22ALL%22,%22value%22:%22%22%7D]",linked_page,4,success_after_fallback
033b5ee45c6b,2026-08-11,49a39e5c497b,L3Harris,https://www.l3harris.com/,"https://careers.l3harris.com/en/search-jobs?acm=8686208,8679712,62721&alrpm=ALL&ascf=[%7B%22key%22:%22ALL%22,%22value%22:%22%22%7D]",Associate Material Management,https://careers.l3harris.com/en/job/palm-bay/associate-material-management/4832/98833260176,"Palm Bay, Brevard, FL",Palm Bay,FL,United States,Not specified,,,,Space & Defense,2026-08-11,2026-08-11,"https://careers.l3harris.com/en/search-jobs?acm=8686208,8679712,62721&alrpm=ALL&ascf=[%7B%22key%22:%22ALL%22,%22value%22:%22%22%7D]",linked_page,4,success_after_fallback
2f0a7ff5b589,2026-08-11,49a39e5c497b,L3Harris,https://www.l3harris.com/,"https://careers.l3harris.com/en/search-jobs?acm=8686208,8679712,62721&alrpm=ALL&ascf=[%7B%22key%22:%22ALL%22,%22value%22:%22%22%7D]",Associate Software Engineering,https://careers.l3harris.com/en/job/waco/associate-software-engineering/4832/98957135920,"Waco, TX",Waco,TX,United States,Not specified,,,,Space & Defense,2026-08-11,2026-08-11,"https://careers.l3harris.com/en/search-jobs?acm=8686208,8679712,62721&alrpm=ALL&ascf=[%7B%22key%22:%22ALL%22,%22value%22:%22%22%7D]",linked_page,4,success_after_fallback
05ed50814fd2,2026-08-11,49a39e5c497b,L3Harris,https://www.l3harris.com/,https://careers.l3harris.com/en/job/huntsville/l3harris-career-fair-huntsville-al/4832/97208729920,"L3Harris Career Fair - Huntsville, AL",https://careers.l3harris.com/en/job/huntsville/l3harris-career-fair-huntsville-al/4832/97208729920,"Huntsville, AL, US",Huntsville,AL,United States,Not specified,,,,Space & Defense,2026-08-11,2026-08-11,https://careers.l3harris.com/en/job/huntsville/l3harris-career-fair-huntsville-al/4832/97208729920,linked_page,3,success_after_fallback
e43f82d27bd0,2026-08-11,49a39e5c497b,L3Harris,https://www.l3harris.com/,https://careers.l3harris.com/en/job/huntsville/l3harris-career-fair-huntsville-al/4832/97208729920,Senior Specialist Automation,https://careers.l3harris.com/en/job/huntsville/senior-specialist-automation/4832/98852971808,"Huntsville, Alabama",Huntsville,AL,United States,Not specified,,,,Space & Defense,2026-08-11,2026-08-11,https://careers.l3harris.com/en/job/huntsville/l3harris-career-fair-huntsville-al/4832/97208729920,linked_page,4,success_after_fallback
6b37ee73b960,2026-08-11,49a39e5c497b,L3Harris,https://www.l3harris.com/,https://careers.l3harris.com/en/job/huntsville/l3harris-career-fair-huntsville-al/4832/97208729920,Lead Manufacturing Engineer Automation,https://careers.l3harris.com/en/job/huntsville/lead-manufacturing-engineer-automation/4832/98726436784,"Huntsville, Alabama, Camden, Arkansas",Huntsville,AL,United States,Not specified,,,,Space & Defense,2026-08-11,2026-08-11,https://careers.l3harris.com/en/job/huntsville/l3harris-career-fair-huntsville-al/4832/97208729920,linked_page,4,success_after_fallback
c948c38272e7,2026-08-11,b5d41f3f3457,Lockheed Martin,https://www.lockheedmartin.com/,https://www.lockheedmartin.com/en-us/careers/candidates/students-early-careers.html,Meet our Interns,https://www.lockheedmartin.com/en-us/careers/life-at-lm/2023/early-career-lessons-learned.html,"Ballston Spa, NY, United States",Ballston Spa,NY,United States,Not specified,,,,Space & Defense,2026-08-11,2026-08-11,https://www.lockheedmartin.com/en-us/careers/candidates/students-early-careers.html,linked_page,4,success_after_fallback
1a9f2b6c922b,2026-08-11,b5d41f3f3457,Lockheed Martin,https://www.lockheedmartin.com/,https://www.lockheedmartin.com/en-us/careers/candidates/students-early-careers/high-school.html,Top Engineers Influence Top Gun,https://www.lockheedmartin.com/en-us/careers/life-at-lm/2023/top-gun-movie.html,"Ballston Spa, NY, United States",Ballston Spa,NY,United States,Not specified,,,,Space & Defense,2026-08-11,2026-08-11,https://www.lockheedmartin.com/en-us/careers/candidates/students-early-careers/high-school.html,linked_page,4,success_after_fallback
4b18243d77ed,2026-08-11,ee835297a5f7,Magellan Aerospace,https://magellan.aero/,https://careers.magellan.aero/search?createNewAlert=false&q=&locationsearch=&optionsFacetsDD_department=,Surface Treatments Specialist,https://careers.magellan.aero/job/Mississauga-Surface-Treatments-Specialist-ON-L4T-1A9/605072517,"Bohemia, NY, United States",Bohemia,NY,United States,Not specified,,,,Core Space,2026-08-11,2026-08-11,https://careers.magellan.aero/search?createNewAlert=false&q=&locationsearch=&optionsFacetsDD_department=,linked_page,4,success_after_fallback
d322c1144599,2026-08-11,ee835297a5f7,Magellan Aerospace,https://magellan.aero/,https://careers.magellan.aero/search?createNewAlert=false&q=&locationsearch=&optionsFacetsDD_department=,Masking Technical Lead,https://careers.magellan.aero/job/West-Babylon-Masking-Technical-Lead-NY-11704/605065117,"Bohemia, NY, United States",Bohemia,NY,United States,Not specified,,,,Core Space,2026-08-11,2026-08-11,https://careers.magellan.aero/search?createNewAlert=false&q=&locationsearch=&optionsFacetsDD_department=,linked_page,4,success_after_fallback
da5a63ed36d2,2026-08-11,ee835297a5f7,Magellan Aerospace,https://magellan.aero/,https://careers.magellan.aero/search?createNewAlert=false&q=&locationsearch=&optionsFacetsDD_department=,Quality Engineer,https://careers.magellan.aero/job/Haverhill-Quality-Engineer-MA-01832/605045317,"Bohemia, NY, United States",Bohemia,NY,United States,Not specified,,,,Core Space,2026-08-11,2026-08-11,https://careers.magellan.aero/search?createNewAlert=false&q=&locationsearch=&optionsFacetsDD_department=,linked_page,4,success_after_fallback
44a94ca364ae,2026-08-11,ee835297a5f7,Magellan Aerospace,https://magellan.aero/,https://careers.magellan.aero/search?createNewAlert=false&q=&locationsearch=&optionsFacetsDD_department=,Bids and Proposal Specialist,https://careers.magellan.aero/job/Mississauga-Bids-and-Proposal-Specialist-ON-L4T-1A9/605066317,"Bohemia, NY, United States",Bohemia,NY,United States,Not specified,,,,Core Space,2026-08-11,2026-08-11,https://careers.magellan.aero/search?createNewAlert=false&q=&locationsearch=&optionsFacetsDD_department=,linked_page,4,success_after_fallback
4b4ea05ca0db,2026-08-11,ee835297a5f7,Magellan Aerospace,https://magellan.aero/,https://careers.magellan.aero/search?createNewAlert=false&q=&locationsearch=&optionsFacetsDD_department=,Sr. Supervisor of Operations,https://careers.magellan.aero/job/Middletown-Sr_-Supervisor-of-Operations-OH-45042/604239817,"Bohemia, NY, United States",Bohemia,NY,United States,Not specified,,,,Core Space,2026-08-11,2026-08-11,https://careers.magellan.aero/search?createNewAlert=false&q=&locationsearch=&optionsFacetsDD_department=,linked_page,4,success_after_fallback
8a851aae17e6,2026-08-11,ee835297a5f7,Magellan Aerospace,https://magellan.aero/,https://careers.magellan.aero/search?createNewAlert=false&q=&locationsearch=&optionsFacetsDD_department=,Maintenance Associate (Weekend Shift),https://careers.magellan.aero/job/West-Babylon-Maintenance-Associate-%28Weekend-Shift%29-NY-11704/602493317,"Bohemia, NY, United States",Bohemia,NY,United States,Not specified,,,,Core Space,2026-08-11,2026-08-11,https://careers.magellan.aero/search?createNewAlert=false&q=&locationsearch=&optionsFacetsDD_department=,linked_page,4,success_after_fallback
aea8cc6d7fcf,2026-08-11,ee835297a5f7,Magellan Aerospace,https://magellan.aero/,https://careers.magellan.aero/search?createNewAlert=false&q=&locationsearch=&optionsFacetsDD_department=,Finance Analyst,https://careers.magellan.aero/job/Winnipeg-Finance-Analyst-MB-R3H-0S5/604210317,"Bohemia, NY, United States",Bohemia,NY,United States,Not specified,,,,Core Space,2026-08-11,2026-08-11,https://careers.magellan.aero/search?createNewAlert=false&q=&locationsearch=&optionsFacetsDD_department=,linked_page,4,success_after_fallback
075ff634723d,2026-08-11,ee835297a5f7,Magellan Aerospace,https://magellan.aero/,https://careers.magellan.aero/search?createNewAlert=false&q=&locationsearch=&optionsFacetsDD_department=,CMM Operator (Night Shift),https://careers.magellan.aero/job/Bohemia-CMM-Operator-%28Night-Shift%29-NY-11716/602427817,"Bohemia, NY, United States",Bohemia,NY,United States,Not specified,,,,Core Space,2026-08-11,2026-08-11,https://careers.magellan.aero/search?createNewAlert=false&q=&locationsearch=&optionsFacetsDD_department=,linked_page,4,success_after_fallback
94048dc5d393,2026-08-11,ee835297a5f7,Magellan Aerospace,https://magellan.aero/,https://careers.magellan.aero/search?createNewAlert=false&q=&locationsearch=&optionsFacetsDD_department=,Senior Laboratory Technician,https://careers.magellan.aero/job/West-Babylon-Senior-Laboratory-Technician-NY-11704/603218517,"Bohemia, NY, United States",Bohemia,NY,United States,Not specified,,,,Core Space,2026-08-11,2026-08-11,https://careers.magellan.aero/search?createNewAlert=false&q=&locationsearch=&optionsFacetsDD_department=,linked_page,4,success_after_fallback
624b7dde4832,2026-08-11,ee835297a5f7,Magellan Aerospace,https://magellan.aero/,https://careers.magellan.aero/search?createNewAlert=false&q=&locationsearch=&optionsFacetsDD_department=,Program Manager,https://careers.magellan.aero/job/Corona-Program-Manager-NY-11368/601476617,"Bohemia, NY, United States",Bohemia,NY,United States,Not specified,,,,Core Space,2026-08-11,2026-08-11,https://careers.magellan.aero/search?createNewAlert=false&q=&locationsearch=&optionsFacetsDD_department=,linked_page,4,success_after_fallback
dd3bf08cbd17,2026-08-11,ee835297a5f7,Magellan Aerospace,https://magellan.aero/,https://careers.magellan.aero/search?createNewAlert=false&q=&locationsearch=&optionsFacetsDD_department=,Quality Specialist,https://careers.magellan.aero/job/Glendale-Quality-Specialist-AZ-85301/605041417,"Bohemia, NY, United States",Bohemia,NY,United States,Not specified,,,,Core Space,2026-08-11,2026-08-11,https://careers.magellan.aero/search?createNewAlert=false&q=&locationsearch=&optionsFacetsDD_department=,linked_page,4,success_after_fallback
ec717ebe2e87,2026-08-11,c67c1581a301,Mini Circuits Brooklyn,https://www.minicircuits.com/,https://jobs.jobvite.com/mini-circuits/jobs/positions,Engineering Pipeline,https://jobs.jobvite.com/mini-circuits/jobs/pipeline,"Brooklyn, NY, United States",Brooklyn,NY,United States,Not specified,,,,Core Space,2026-08-11,2026-08-11,https://jobs.jobvite.com/mini-circuits/jobs/positions,known_careers_url,4,success
cb884746afa4,2026-08-11,c67c1581a301,Mini Circuits Brooklyn,https://www.minicircuits.com/,https://jobs.jobvite.com/mini-circuits/jobs/positions,"Mechanical Design Engineer I Full-Time Melville, New York",https://jobs.jobvite.com/mini-circuits/job/oWJAAfwz,"Melville, New York",Melville,NY,United States,Not specified,,,,Core Space,2026-08-11,2026-08-11,https://jobs.jobvite.com/mini-circuits/jobs/positions,known_careers_url,4,success
68e8408ff31a,2026-08-11,c67c1581a301,Mini Circuits Brooklyn,https://www.minicircuits.com/,https://jobs.jobvite.com/mini-circuits/jobs/positions,"Quality Engineer Full-Time Hialeah, Florida",https://jobs.jobvite.com/mini-circuits/job/o3mxxfwd,"Hialeah, Florida",Hialeah,FL,United States,Not specified,,,,Core Space,2026-08-11,2026-08-11,https://jobs.jobvite.com/mini-circuits/jobs/positions,known_careers_url,4,success
bea39b9e9255,2026-08-11,c67c1581a301,Mini Circuits Brooklyn,https://www.minicircuits.com/,https://jobs.jobvite.com/mini-circuits/jobs/positions,"NA Operations Project Manager III Full-Time Brooklyn, New York",https://jobs.jobvite.com/mini-circuits/job/oMhWyfwh,"Brooklyn, New York",Brooklyn,NY,United States,Not specified,,,,Core Space,2026-08-11,2026-08-11,https://jobs.jobvite.com/mini-circuits/jobs/positions,known_careers_url,4,success
cec89e682dfc,2026-08-11,c67c1581a301,Mini Circuits Brooklyn,https://www.minicircuits.com/,https://jobs.jobvite.com/mini-circuits/jobs/positions,"Manager of Operational Excellence Full-Time Hialeah, Florida",https://jobs.jobvite.com/mini-circuits/job/o9dlAfw1,"Hialeah, Florida",Hialeah,FL,United States,Not specified,,,,Core Space,2026-08-11,2026-08-11,https://jobs.jobvite.com/mini-circuits/jobs/positions,known_careers_url,4,success
6e74b6f1efe0,2026-08-11,c67c1581a301,Mini Circuits Brooklyn,https://www.minicircuits.com/,https://jobs.jobvite.com/mini-circuits/jobs/positions,Field Applications Engineer - West Coast,https://jobs.jobvite.com/mini-circuits/job/o9l3zfwQ,"Remote, California",Remote,CA,United States,Remote,,,,Core Space,2026-08-11,2026-08-11,https://jobs.jobvite.com/mini-circuits/jobs/positions,known_careers_url,4,success
913280d599b2,2026-08-11,c67c1581a301,Mini Circuits Brooklyn,https://www.minicircuits.com/,https://jobs.jobvite.com/mini-circuits/jobs/positions,Field Applications Engineer NA Central,https://jobs.jobvite.com/mini-circuits/job/oaGmAfww,"Remote, New York",Remote,NY,United States,Remote,,,,Core Space,2026-08-11,2026-08-11,https://jobs.jobvite.com/mini-circuits/jobs/positions,known_careers_url,4,success
ce59b6ee18c5,2026-08-11,c67c1581a301,Mini Circuits Brooklyn,https://www.minicircuits.com/,https://jobs.jobvite.com/mini-circuits/jobs/positions,RF Technician I,https://jobs.jobvite.com/mini-circuits/job/oq5vAfwk,"Deer Park, New York",Deer Park,NY,United States,Not specified,,,,Core Space,2026-08-11,2026-08-11,https://jobs.jobvite.com/mini-circuits/jobs/positions,known_careers_url,4,success
721aa585ae84,2026-08-11,c67c1581a301,Mini Circuits Brooklyn,https://www.minicircuits.com/,https://jobs.jobvite.com/mini-circuits/jobs/positions,Robotic Operations Specialist,https://jobs.jobvite.com/mini-circuits/job/o4KAAfwI,"Deer Park, New York",Deer Park,NY,United States,Not specified,,,,Core Space,2026-08-11,2026-08-11,https://jobs.jobvite.com/mini-circuits/jobs/positions,known_careers_url,4,success
3cab2ab376c8,2026-08-11,c67c1581a301,Mini Circuits Brooklyn,https://www.minicircuits.com/,https://jobs.jobvite.com/mini-circuits/jobs/positions,Senior Manager Environmental Health & Safety,https://jobs.jobvite.com/mini-circuits/job/od4qAfw1,"Brooklyn, NY, United States",Brooklyn,NY,United States,Not specified,,,,Core Space,2026-08-11,2026-08-11,https://jobs.jobvite.com/mini-circuits/jobs/positions,known_careers_url,4,success
ff326000f6a1,2026-08-11,c67c1581a301,Mini Circuits Brooklyn,https://www.minicircuits.com/,https://jobs.jobvite.com/mini-circuits/jobs/positions,Engineer Operations Manager - DBU,https://jobs.jobvite.com/mini-circuits/job/o9R8zfwr,"Melville, New York",Melville,NY,United States,Not specified,,,,Core Space,2026-08-11,2026-08-11,https://jobs.jobvite.com/mini-circuits/jobs/positions,known_careers_url,4,success
cad7ef9c7bf2,2026-08-11,c67c1581a301,Mini Circuits Brooklyn,https://www.minicircuits.com/,https://jobs.jobvite.com/mini-circuits/jobs/positions,RF Design Engineer I,https://jobs.jobvite.com/mini-circuits/job/oaJjAfww,"Hialeah, Florida",Hialeah,FL,United States,Not specified,,,,Core Space,2026-08-11,2026-08-11,https://jobs.jobvite.com/mini-circuits/jobs/positions,known_careers_url,4,success
fd6473f727d6,2026-08-11,c67c1581a301,Mini Circuits Brooklyn,https://www.minicircuits.com/,https://jobs.jobvite.com/mini-circuits/jobs/positions,Senior Manager of Design Engineering,https://jobs.jobvite.com/mini-circuits/job/ocTgvfwA,"Hialeah, Florida",Hialeah,FL,United States,Not specified,,,,Core Space,2026-08-11,2026-08-11,https://jobs.jobvite.com/mini-circuits/jobs/positions,known_careers_url,4,success
708c76c41cf3,2026-08-11,c67c1581a301,Mini Circuits Brooklyn,https://www.minicircuits.com/,https://jobs.jobvite.com/mini-circuits/jobs/positions,Senior Product Engineer,https://jobs.jobvite.com/mini-circuits/job/omwuzfwF,"Hialeah, Florida",Hialeah,FL,United States,Not specified,,,,Core Space,2026-08-11,2026-08-11,https://jobs.jobvite.com/mini-circuits/jobs/positions,known_careers_url,4,success
cae170d97e5c,2026-08-11,c67c1581a301,Mini Circuits Brooklyn,https://www.minicircuits.com/,https://jobs.jobvite.com/mini-circuits/jobs/positions,Engineering Project Manager II,https://jobs.jobvite.com/mini-circuits/job/opZpAfw7,"Deer Park, New York",Deer Park,NY,United States,Not specified,,,,Core Space,2026-08-11,2026-08-11,https://jobs.jobvite.com/mini-circuits/jobs/positions,known_careers_url,4,success
cced1bd3bb9a,2026-08-11,c67c1581a301,Mini Circuits Brooklyn,https://www.minicircuits.com/,https://jobs.jobvite.com/mini-circuits/jobs/positions,Engineering Manager,https://jobs.jobvite.com/mini-circuits/job/o856zfwC,"Melville, New York",Melville,NY,United States,Not specified,,,,Core Space,2026-08-11,2026-08-11,https://jobs.jobvite.com/mini-circuits/jobs/positions,known_careers_url,4,success
a156d077534b,2026-08-11,c67c1581a301,Mini Circuits Brooklyn,https://www.minicircuits.com/,https://jobs.jobvite.com/mini-circuits/jobs/positions,Principal Design Engineer,https://jobs.jobvite.com/mini-circuits/job/oML0zfwQ,"Carlsbad, California",Carlsbad,CA,United States,Not specified,,,,Core Space,2026-08-11,2026-08-11,https://jobs.jobvite.com/mini-circuits/jobs/positions,known_careers_url,4,success
ad4046e78f2f,2026-08-11,c67c1581a301,Mini Circuits Brooklyn,https://www.minicircuits.com/,https://jobs.jobvite.com/mini-circuits/jobs/positions,RF Test Engineer - MMIC,https://jobs.jobvite.com/mini-circuits/job/oaxwAfwx,"Carlsbad, California",Carlsbad,CA,United States,Not specified,,,,Core Space,2026-08-11,2026-08-11,https://jobs.jobvite.com/mini-circuits/jobs/positions,known_careers_url,4,success
f58acd793692,2026-08-11,c67c1581a301,Mini Circuits Brooklyn,https://www.minicircuits.com/,https://jobs.jobvite.com/mini-circuits/jobs/positions,Development Test Engineer II,https://jobs.jobvite.com/mini-circuits/job/ofhVzfwK,"Brooklyn, New York",Brooklyn,NY,United States,Not specified,,,,Core Space,2026-08-11,2026-08-11,https://jobs.jobvite.com/mini-circuits/jobs/positions,known_careers_url,4,success
95fd8732f9fe,2026-08-11,c67c1581a301,Mini Circuits Brooklyn,https://www.minicircuits.com/,https://jobs.jobvite.com/mini-circuits/jobs/positions,PCB Designer II - MMIC,https://jobs.jobvite.com/mini-circuits/job/ovBkAfwK,"Melville, New York",Melville,NY,United States,Not specified,,,,Core Space,2026-08-11,2026-08-11,https://jobs.jobvite.com/mini-circuits/jobs/positions,known_careers_url,4,success
3a888e3d6aa2,2026-08-11,c67c1581a301,Mini Circuits Brooklyn,https://www.minicircuits.com/,https://jobs.jobvite.com/mini-circuits/jobs/positions,Senior Mechanical Design Engineer,https://jobs.jobvite.com/mini-circuits/job/ocdjAfw2,"Melville, New York",Melville,NY,United States,Not specified,,,,Core Space,2026-08-11,2026-08-11,https://jobs.jobvite.com/mini-circuits/jobs/positions,known_careers_url,4,success
3b79409f6427,2026-08-11,c67c1581a301,Mini Circuits Brooklyn,https://www.minicircuits.com/,https://jobs.jobvite.com/mini-circuits/jobs/positions,Automation Systems Engineer II,https://jobs.jobvite.com/mini-circuits/job/oUNKyfwJ,"Brooklyn, New York",Brooklyn,NY,United States,Not specified,,,,Core Space,2026-08-11,2026-08-11,https://jobs.jobvite.com/mini-circuits/jobs/positions,known_careers_url,4,success
9d9a98d628aa,2026-08-11,c67c1581a301,Mini Circuits Brooklyn,https://www.minicircuits.com/,https://jobs.jobvite.com/mini-circuits/jobs/positions,Manufacturing Automation Technician,https://jobs.jobvite.com/mini-circuits/job/oFs4zfwu,"Brooklyn, New York",Brooklyn,NY,United States,Not specified,,,,Core Space,2026-08-11,2026-08-11,https://jobs.jobvite.com/mini-circuits/jobs/positions,known_careers_url,4,success
5eb561230770,2026-08-11,c67c1581a301,Mini Circuits Brooklyn,https://www.minicircuits.com/,https://jobs.jobvite.com/mini-circuits/jobs/positions,Senior Product Manager,https://jobs.jobvite.com/mini-circuits/job/oCWUzfwL,"Melville, New York",Melville,NY,United States,Not specified,,,,Core Space,2026-08-11,2026-08-11,https://jobs.jobvite.com/mini-circuits/jobs/positions,known_careers_url,4,success
791ff36d567d,2026-08-11,c67c1581a301,Mini Circuits Brooklyn,https://www.minicircuits.com/,https://jobs.jobvite.com/mini-circuits/jobs/positions,Supply Chain Project Manager,https://jobs.jobvite.com/mini-circuits/job/oxObAfwQ,"Melville, New York",Melville,NY,United States,Not specified,,,,Core Space,2026-08-11,2026-08-11,https://jobs.jobvite.com/mini-circuits/jobs/positions,known_careers_url,4,success
d6ba4f131525,2026-08-11,c67c1581a301,Mini Circuits Brooklyn,https://www.minicircuits.com/,https://jobs.jobvite.com/mini-circuits/jobs/positions,SAP ERP Manager,https://jobs.jobvite.com/mini-circuits/job/ogUJzfwc,"Brooklyn, NY, United States",Brooklyn,NY,United States,Not specified,,,,Core Space,2026-08-11,2026-08-11,https://jobs.jobvite.com/mini-circuits/jobs/positions,known_careers_url,4,success
1f5311b4790e,2026-08-11,c67c1581a301,Mini Circuits Brooklyn,https://www.minicircuits.com/,https://jobs.jobvite.com/mini-circuits/jobs/positions,SAP Finance (FICO) Solution Specialist,https://jobs.jobvite.com/mini-circuits/job/o4t2zfwS,"Melville, New York",Melville,NY,United States,Not specified,,,,Core Space,2026-08-11,2026-08-11,https://jobs.jobvite.com/mini-circuits/jobs/positions,known_careers_url,4,success
f2f0b0edb725,2026-08-11,c67c1581a301,Mini Circuits Brooklyn,https://www.minicircuits.com/,https://jobs.jobvite.com/mini-circuits/jobs/positions,SAP Master Data Solution Specialist,https://jobs.jobvite.com/mini-circuits/job/oK7LvfwR,"Melville, New York",Melville,NY,United States,Not specified,,,,Core Space,2026-08-11,2026-08-11,https://jobs.jobvite.com/mini-circuits/jobs/positions,known_careers_url,4,success
296a6dcedc95,2026-08-11,c67c1581a301,Mini Circuits Brooklyn,https://www.minicircuits.com/,https://jobs.jobvite.com/mini-circuits/jobs/positions,Level 2 Electro-Mechanical Inspector,https://jobs.jobvite.com/mini-circuits/job/owLmAfwX,"Brooklyn, New York",Brooklyn,NY,United States,Not specified,,,,Core Space,2026-08-11,2026-08-11,https://jobs.jobvite.com/mini-circuits/jobs/positions,known_careers_url,4,success
5f3686a35033,2026-08-11,c67c1581a301,Mini Circuits Brooklyn,https://www.minicircuits.com/,https://jobs.jobvite.com/mini-circuits/jobs/positions,Regulatory Compliance & Sustainability Program Manager,https://jobs.jobvite.com/mini-circuits/job/ol5rAfwb,"Melville, New York",Melville,NY,United States,Not specified,,,,Core Space,2026-08-11,2026-08-11,https://jobs.jobvite.com/mini-circuits/jobs/positions,known_careers_url,4,success
ed2fb6233c1f,2026-08-11,c67c1581a301,Mini Circuits Brooklyn,https://www.minicircuits.com/,https://jobs.jobvite.com/mini-circuits/jobs/positions,Reliability Technician,https://jobs.jobvite.com/mini-circuits/job/oZrrAfwb,"Brooklyn, New York",Brooklyn,NY,United States,Not specified,,,,Core Space,2026-08-11,2026-08-11,https://jobs.jobvite.com/mini-circuits/jobs/positions,known_careers_url,4,success
15e80bbaa767,2026-08-11,c67c1581a301,Mini Circuits Brooklyn,https://www.minicircuits.com/,https://jobs.jobvite.com/mini-circuits/jobs/positions,Supplier Quality Engineer,https://jobs.jobvite.com/mini-circuits/job/osLlAfwS,"Melville, New York",Melville,NY,United States,Not specified,,,,Core Space,2026-08-11,2026-08-11,https://jobs.jobvite.com/mini-circuits/jobs/positions,known_careers_url,4,success
803b97524767,2026-08-11,c67c1581a301,Mini Circuits Brooklyn,https://www.minicircuits.com/,https://jobs.jobvite.com/mini-circuits/jobs/positions,Regional Sales Manager - NA Central,https://jobs.jobvite.com/mini-circuits/job/oj4bAfwS,"Brooklyn, NY, United States",Brooklyn,NY,United States,Not specified,,,,Core Space,2026-08-11,2026-08-11,https://jobs.jobvite.com/mini-circuits/jobs/positions,known_careers_url,4,success
dca4839c54d3,2026-08-11,c67c1581a301,Mini Circuits Brooklyn,https://www.minicircuits.com/,https://jobs.jobvite.com/mini-circuits/jobs/positions,Strategic Sourcing Manager - Electronic Components,https://jobs.jobvite.com/mini-circuits/job/oGEvAfw9,"Melville, New York",Melville,NY,United States,Not specified,,,,Core Space,2026-08-11,2026-08-11,https://jobs.jobvite.com/mini-circuits/jobs/positions,known_careers_url,4,success
4add009a0d64,2026-08-11,c67c1581a301,Mini Circuits Brooklyn,https://www.minicircuits.com/,https://jobs.jobvite.com/mini-circuits/jobs/positions,Level 2 Switch Assembly Operator,https://jobs.jobvite.com/mini-circuits/job/oAHkAfwV,"Brooklyn, New York",Brooklyn,NY,United States,Not specified,,,,Core Space,2026-08-11,2026-08-11,https://jobs.jobvite.com/mini-circuits/jobs/positions,known_careers_url,4,success
d1ba739534fb,2026-08-11,c67c1581a301,Mini Circuits Brooklyn,https://www.minicircuits.com/,https://jobs.jobvite.com/mini-circuits,Mechanical Design Engineer I,https://jobs.jobvite.com/mini-circuits/jobs/positions,"Brooklyn, NY, United States",Brooklyn,NY,United States,Not specified,,,,Core Space,2026-08-11,2026-08-11,https://jobs.jobvite.com/mini-circuits,ats_detected,4,success_after_fallback
92111a8626ea,2026-08-11,dd8e8599680c,NearSpace Labs,https://nearspacelabs.com/,https://job-boards.greenhouse.io/nearspacelabs,"Associate Operator - Stratospheric Systems Nationwide, United States",https://job-boards.greenhouse.io/nearspacelabs/jobs/4749344008,"Nationwide, United States",Nationwide,,United States,Not specified,,,,Core Space,2026-08-11,2026-08-11,https://job-boards.greenhouse.io/nearspacelabs,known_careers_url,5,success
19075f4ce393,2026-08-11,6a2f5abb3318,North Atlantic Industries,https://www.naii.com/,https://www.naii.com/Opportunities,Intern It Helpdesk Tech Fall,https://recruiting.paylocity.com/recruiting/jobs/Apply/4399410/North-Atlantic-Industries-Inc/Intern-IT-Helpdesk-Tech---Fall-2026,"Bohemia, NY",Bohemia,NY,United States,Not specified,,,,Space & Defense,2026-08-11,2026-08-11,https://www.naii.com/Opportunities,linked_page,4,success_after_fallback
f3cb31fe282a,2026-08-11,6a2f5abb3318,North Atlantic Industries,https://www.naii.com/,https://www.naii.com/Opportunities,Sustaining Engineer,https://recruiting.paylocity.com/recruiting/jobs/Apply/4113142/North-Atlantic-Industries-Inc/Sustaining-Engineer,"Bohemia, NY",Bohemia,NY,United States,Not specified,,,,Space & Defense,2026-08-11,2026-08-11,https://www.naii.com/Opportunities,linked_page,4,success_after_fallback
3cd9bf7011ab,2026-08-11,6a2f5abb3318,North Atlantic Industries,https://www.naii.com/,https://www.naii.com/Opportunities,Regional Sales Manager,https://recruiting.paylocity.com/recruiting/jobs/Apply/4369018/North-Atlantic-Industries-Inc/Regional-Sales-Manager,"Los Angeles, CA",Los Angeles,CA,United States,Not specified,,,,Space & Defense,2026-08-11,2026-08-11,https://www.naii.com/Opportunities,linked_page,4,success_after_fallback
538bc55cef72,2026-08-11,6a2f5abb3318,North Atlantic Industries,https://www.naii.com/,https://www.naii.com/Opportunities,Regional Sales Manager,https://recruiting.paylocity.com/recruiting/jobs/Apply/4349376/North-Atlantic-Industries-Inc/Regional-Sales-Manager,"Phoenix, AZ",Phoenix,AZ,United States,Not specified,,,,Space & Defense,2026-08-11,2026-08-11,https://www.naii.com/Opportunities,linked_page,4,success_after_fallback
cfb59b6b405a,2026-08-11,6a2f5abb3318,North Atlantic Industries,https://www.naii.com/,https://www.naii.com/Opportunities,Pcb Designer Iii Hybrid,https://recruiting.paylocity.com/recruiting/jobs/Apply/4397150/North-Atlantic-Industries-Inc/PCB-Designer-III-Hybrid,"Bohemia, NY",Bohemia,NY,United States,Hybrid,,,,Space & Defense,2026-08-11,2026-08-11,https://www.naii.com/Opportunities,linked_page,4,success_after_fallback
593cab673465,2026-08-11,6a2f5abb3318,North Atlantic Industries,https://www.naii.com/,https://www.naii.com/Opportunities,Mechanical Engineer Ii Electronics Packaging Thermal Design,https://recruiting.paylocity.com/recruiting/jobs/Apply/3945062/North-Atlantic-Industries-Inc/Mechanical-Engineer-II---Electronics-Packaging-Thermal-Design,"Bohemia, NY",Bohemia,NY,United States,Not specified,,,,Space & Defense,2026-08-11,2026-08-11,https://www.naii.com/Opportunities,linked_page,4,success_after_fallback
e2a50a01d4f1,2026-08-11,6a2f5abb3318,North Atlantic Industries,https://www.naii.com/,https://www.naii.com/Opportunities,Electronics Technician I,https://recruiting.paylocity.com/recruiting/jobs/Apply/4384717/North-Atlantic-Industries-Inc/Electronics-Technician-I,"Bohemia, NY",Bohemia,NY,United States,Not specified,,,,Space & Defense,2026-08-11,2026-08-11,https://www.naii.com/Opportunities,linked_page,4,success_after_fallback
ae8fdeed05a5,2026-08-11,6a2f5abb3318,North Atlantic Industries,https://www.naii.com/,https://www.naii.com/Opportunities,Electronics Applications Engineer Ii Hybrid,https://recruiting.paylocity.com/recruiting/jobs/Apply/3897103/North-Atlantic-Industries-Inc/Electronics-Applications-Engineer-II-Hybrid,"Bohemia, NY",Bohemia,NY,United States,Hybrid,,,,Space & Defense,2026-08-11,2026-08-11,https://www.naii.com/Opportunities,linked_page,4,success_after_fallback
cb0d07740c33,2026-08-11,6a2f5abb3318,North Atlantic Industries,https://www.naii.com/,https://www.naii.com/Opportunities,Npi Smt Process Engineer,https://recruiting.paylocity.com/recruiting/jobs/Apply/4098066/North-Atlantic-Industries-Inc/NPI-SMT-Process-Engineer,"Bohemia, NY",Bohemia,NY,United States,Not specified,,,,Space & Defense,2026-08-11,2026-08-11,https://www.naii.com/Opportunities,linked_page,4,success_after_fallback
ffeee6d7df67,2026-08-11,6a2f5abb3318,North Atlantic Industries,https://www.naii.com/,https://www.naii.com/Opportunities,Quality Assurance Engineer I,https://recruiting.paylocity.com/recruiting/jobs/Apply/4372866/North-Atlantic-Industries-Inc/Quality-Assurance-Engineer-I,"Bohemia, NY",Bohemia,NY,United States,Not specified,,,,Space & Defense,2026-08-11,2026-08-11,https://www.naii.com/Opportunities,linked_page,4,success_after_fallback
f1c459067988,2026-08-11,6a2f5abb3318,North Atlantic Industries,https://www.naii.com/,https://www.naii.com/Opportunities,Manufacturing Engineer I,https://recruiting.paylocity.com/recruiting/jobs/Apply/4348422/North-Atlantic-Industries-Inc/Manufacturing-Engineer-I,"Bohemia, NY",Bohemia,NY,United States,Not specified,,,,Space & Defense,2026-08-11,2026-08-11,https://www.naii.com/Opportunities,linked_page,4,success_after_fallback
af1b9df3edb6,2026-08-11,0939c3d7e29f,Saab Group,https://www.saab.com/,https://www.saab.com/career/job-opportunities,Manager Remote Tower Projects ﻿,https://www.saab.com/career/job-opportunities/manager-remote-tower-projects,"East Syracuse, NY, United States",East Syracuse,NY,United States,Remote,,,,Space & Defense,2026-08-11,2026-08-11,https://www.saab.com/career/job-opportunities,known_careers_url,3,success
8c2ed35ec687,2026-08-11,0939c3d7e29f,Saab Group,https://www.saab.com/,https://www.saab.com/career/job-opportunities,HR Manager (m/w/d) Compensation & Benefits ﻿,https://www.saab.com/career/job-opportunities/hr-manager-mwd-compensation--benefits,"East Syracuse, NY, United States",East Syracuse,NY,United States,Not specified,,,,Space & Defense,2026-08-11,2026-08-11,https://www.saab.com/career/job-opportunities,known_careers_url,3,success
8e3b8baf19f8,2026-08-11,0939c3d7e29f,Saab Group,https://www.saab.com/,https://www.saab.com/career/job-opportunities,Head of Hybrid Navy Business Development and Sales ﻿,https://www.saab.com/career/job-opportunities/head-of-hybrid-navy-business-development-and-sales,"East Syracuse, NY, United States",East Syracuse,NY,United States,Hybrid,,,,Space & Defense,2026-08-11,2026-08-11,https://www.saab.com/career/job-opportunities,known_careers_url,3,success
523ecfa5a17c,2026-08-11,0939c3d7e29f,Saab Group,https://www.saab.com/,https://www.saab.com/career/job-opportunities,Contract Quality Manager Saab Dynamics ﻿,https://www.saab.com/career/job-opportunities/contract-quality-manager-saab-dynamics,"East Syracuse, NY, United States",East Syracuse,NY,United States,Not specified,,,,Space & Defense,2026-08-11,2026-08-11,https://www.saab.com/career/job-opportunities,known_careers_url,3,success
7733fd0da0e1,2026-08-11,0939c3d7e29f,Saab Group,https://www.saab.com/,https://www.saab.com/career/job-opportunities,Contract Manager (m/w/d) ﻿,https://www.saab.com/career/job-opportunities/contract-manager-mwd,"East Syracuse, NY, United States",East Syracuse,NY,United States,Not specified,,,,Space & Defense,2026-08-11,2026-08-11,https://www.saab.com/career/job-opportunities,known_careers_url,3,success
3272c688cfaa,2026-08-11,0939c3d7e29f,Saab Group,https://www.saab.com/,https://www.saab.com/career/job-opportunities,Contract Quality Manager till Saab ﻿,https://www.saab.com/career/job-opportunities/contract-quality-manager-till-saab1,"East Syracuse, NY, United States",East Syracuse,NY,United States,Not specified,,,,Space & Defense,2026-08-11,2026-08-11,https://www.saab.com/career/job-opportunities,known_careers_url,3,success
f1d8a9c67b3c,2026-08-11,0939c3d7e29f,Saab Group,https://www.saab.com/,https://www.saab.com/career/job-opportunities,"Manager, Contract Management Gripen ﻿",https://www.saab.com/career/job-opportunities/manager-contract-management-gripen,"East Syracuse, NY, United States",East Syracuse,NY,United States,Not specified,,,,Space & Defense,2026-08-11,2026-08-11,https://www.saab.com/career/job-opportunities,known_careers_url,3,success
3c5f971721cc,2026-08-11,0939c3d7e29f,Saab Group,https://www.saab.com/,https://www.saab.com/career/job-opportunities,Senior Avionics Requirements Engineer ﻿,https://www.saab.com/career/job-opportunities/senior-avionics-requirements-engineer,"East Syracuse, NY, United States",East Syracuse,NY,United States,Not specified,,,,Space & Defense,2026-08-11,2026-08-11,https://www.saab.com/career/job-opportunities,known_careers_url,3,success
86a46cc033d8,2026-08-11,0939c3d7e29f,Saab Group,https://www.saab.com/,https://saabgroup.wd116.myworkdayjobs.com/Saab_careers/job/Linkping---Brderna-Ugglas-Gata/Leveransskoordinator_REQ_43402/apply,Leveransskoordinator,https://saabgroup.wd116.myworkdayjobs.com/Saab_careers/job/Linkping---Brderna-Ugglas-Gata/Leveransskoordinator_REQ_43402/apply,"LinkÃ¶ping - BrÃ¶derna Ugglas Gata, Sweden",LinkÃ¶ping - BrÃ¶derna Ugglas Gata,,Sweden,Not specified,,,,Space & Defense,2026-08-11,2026-08-11,https://saabgroup.wd116.myworkdayjobs.com/Saab_careers/job/Linkping---Brderna-Ugglas-Gata/Leveransskoordinator_REQ_43402/apply,ats_detected,3,success_after_fallback
13a8130b16ae,2026-08-11,0939c3d7e29f,Saab Group,https://www.saab.com/,https://saabgroup.wd116.myworkdayjobs.com/Saab_careers/job/Musk---Musk-rlogshamn/Servicetekniker-till-televerkstaden-p-Saab-Musk_REQ_38913/apply,Servicetekniker till televerkstaden pÃ¥ Saab MuskÃ¶,https://saabgroup.wd116.myworkdayjobs.com/Saab_careers/job/Musk---Musk-rlogshamn/Servicetekniker-till-televerkstaden-p-Saab-Musk_REQ_38913/apply,"MuskÃ¶ - MuskÃ¶ Ãrlogshamn, Sweden",MuskÃ¶ - MuskÃ¶ Ãrlogshamn,,Sweden,Not specified,,,,Space & Defense,2026-08-11,2026-08-11,https://saabgroup.wd116.myworkdayjobs.com/Saab_careers/job/Musk---Musk-rlogshamn/Servicetekniker-till-televerkstaden-p-Saab-Musk_REQ_38913/apply,ats_detected,3,success_after_fallback
0087209107d7,2026-08-11,fdb04d86542a,SRI International,https://www.sri.com/,https://careers-sri.icims.com/jobs/search?ss=1&hashed=-625949242,Title Marketing Specialist - Full Time-Temporary,https://careers-sri.icims.com/jobs/6450/marketing-specialist---full-time-temporary/job,"Manhattan, NY, United States",Manhattan,NY,United States,Remote,,,,Core Space,2026-08-11,2026-08-11,https://careers-sri.icims.com/jobs/search?ss=1&hashed=-625949242,ats_detected,5,success_after_fallback
c44ad4764b51,2026-08-11,fdb04d86542a,SRI International,https://www.sri.com/,https://careers-sri.icims.com/jobs/search?ss=1&hashed=-625949242,Title Principal Image Sensor Development Engineer,https://careers-sri.icims.com/jobs/6448/principal-image-sensor-development-engineer/job,"Manhattan, NY, United States",Manhattan,NY,United States,Not specified,,,,Core Space,2026-08-11,2026-08-11,https://careers-sri.icims.com/jobs/search?ss=1&hashed=-625949242,ats_detected,5,success_after_fallback
83cd75cf6b13,2026-08-11,fdb04d86542a,SRI International,https://www.sri.com/,https://careers-sri.icims.com/jobs/search?ss=1&hashed=-625949242,Title Associate Contracts Officer,https://careers-sri.icims.com/jobs/6443/associate-contracts-officer/job,"Manhattan, NY, United States",Manhattan,NY,United States,Remote,,,,Core Space,2026-08-11,2026-08-11,https://careers-sri.icims.com/jobs/search?ss=1&hashed=-625949242,ats_detected,5,success_after_fallback
6f88f052d223,2026-08-11,fdb04d86542a,SRI International,https://www.sri.com/,https://careers-sri.icims.com/jobs/search?ss=1&hashed=-625949242,Title Analog IC Design Engineer,https://careers-sri.icims.com/jobs/6441/analog-ic-design-engineer/job,"Manhattan, NY, United States",Manhattan,NY,United States,Not specified,,,,Core Space,2026-08-11,2026-08-11,https://careers-sri.icims.com/jobs/search?ss=1&hashed=-625949242,ats_detected,5,success_after_fallback
4d7d959e3ed1,2026-08-11,fdb04d86542a,SRI International,https://www.sri.com/,https://careers-sri.icims.com/jobs/search?ss=1&hashed=-625949242,"Title Research Scientist, electron beam lithography",https://careers-sri.icims.com/jobs/6440/research-scientist%2c-electron-beam-lithography/job,"Manhattan, NY, United States",Manhattan,NY,United States,On-site,,,,Core Space,2026-08-11,2026-08-11,https://careers-sri.icims.com/jobs/search?ss=1&hashed=-625949242,ats_detected,5,success_after_fallback
64b737edd5d0,2026-08-11,fdb04d86542a,SRI International,https://www.sri.com/,https://careers-sri.icims.com/jobs/search?ss=1&hashed=-625949242,Title Test Engineers I,https://careers-sri.icims.com/jobs/6439/test-engineers-i/job,"Manhattan, NY, United States",Manhattan,NY,United States,Not specified,,,,Core Space,2026-08-11,2026-08-11,https://careers-sri.icims.com/jobs/search?ss=1&hashed=-625949242,ats_detected,5,success_after_fallback
6d3d0ab8b735,2026-08-11,fdb04d86542a,SRI International,https://www.sri.com/,https://careers-sri.icims.com/jobs/search?ss=1&hashed=-625949242,Title Sr. Photonics Research Engineer,https://careers-sri.icims.com/jobs/6436/sr.-photonics-research-engineer/job,"Manhattan, NY, United States",Manhattan,NY,United States,On-site,,,,Core Space,2026-08-11,2026-08-11,https://careers-sri.icims.com/jobs/search?ss=1&hashed=-625949242,ats_detected,5,success_after_fallback
886af8140a70,2026-08-11,fdb04d86542a,SRI International,https://www.sri.com/,https://careers-sri.icims.com/jobs/search?ss=1&hashed=-625949242,Title Drexel University Co-op: Software Engineering/Full stack development,https://careers-sri.icims.com/jobs/6432/drexel-university-co-op%3a-software-engineering-full-stack-development/job,"Manhattan, NY, United States",Manhattan,NY,United States,Not specified,,,,Core Space,2026-08-11,2026-08-11,https://careers-sri.icims.com/jobs/search?ss=1&hashed=-625949242,ats_detected,5,success_after_fallback
48f2889a9cef,2026-08-11,fdb04d86542a,SRI International,https://www.sri.com/,https://careers-sri.icims.com/jobs/search?ss=1&hashed=-625949242,Title Drexel University Co-op: Embedded Software Engineering,https://careers-sri.icims.com/jobs/6431/drexel-university-co-op%3a-embedded-software-engineering/job,"Manhattan, NY, United States",Manhattan,NY,United States,Not specified,,,,Core Space,2026-08-11,2026-08-11,https://careers-sri.icims.com/jobs/search?ss=1&hashed=-625949242,ats_detected,5,success_after_fallback
9d6caebea5fb,2026-08-11,fdb04d86542a,SRI International,https://www.sri.com/,https://careers-sri.icims.com/jobs/search?ss=1&hashed=-625949242,Bilingual Education Research Assistant%2C Field Assessor %28Preschool Kindergarten In Union County%2C North Carolina%29 Temp Hourly,https://careers-sri.icims.com/jobs/6429/bilingual-education-research-assistant%2c-field-assessor-%28preschool-kindergarten-in-union-county%2c-north-carolina%29-temp-hourly/job,"Manhattan, NY, United States",Manhattan,NY,United States,Not specified,,,,Core Space,2026-08-11,2026-08-11,https://careers-sri.icims.com/jobs/search?ss=1&hashed=-625949242,ats_detected,5,success_after_fallback
fd4e35a63d72,2026-08-11,fdb04d86542a,SRI International,https://www.sri.com/,https://careers-sri.icims.com/jobs/search?ss=1&hashed=-625949242,Title Materials Research Scientist/Engineer,https://careers-sri.icims.com/jobs/6428/materials-research-scientist-engineer/job,"Manhattan, NY, United States",Manhattan,NY,United States,Not specified,,,,Core Space,2026-08-11,2026-08-11,https://careers-sri.icims.com/jobs/search?ss=1&hashed=-625949242,ats_detected,5,success_after_fallback
6a229b52cf25,2026-08-11,fdb04d86542a,SRI International,https://www.sri.com/,https://careers-sri.icims.com/jobs/search?ss=1&hashed=-625949242,Title Robotics Software Engineer - II/III,https://careers-sri.icims.com/jobs/6427/robotics-software-engineer---ii-iii/job,"Manhattan, NY, United States",Manhattan,NY,United States,On-site,,,,Core Space,2026-08-11,2026-08-11,https://careers-sri.icims.com/jobs/search?ss=1&hashed=-625949242,ats_detected,5,success_after_fallback
2bdad292cdec,2026-08-11,fdb04d86542a,SRI International,https://www.sri.com/,https://careers-sri.icims.com/jobs/search?ss=1&hashed=-625949242,Title New Jersey Institute of Technology Co-op: Electrical Engineering/Electro-Optics,https://careers-sri.icims.com/jobs/6423/new-jersey-institute-of-technology-co-op%3a-electrical-engineering-electro-optics/job,"Manhattan, NY, United States",Manhattan,NY,United States,Remote,,,,Core Space,2026-08-11,2026-08-11,https://careers-sri.icims.com/jobs/search?ss=1&hashed=-625949242,ats_detected,5,success_after_fallback
edcb4330653b,2026-08-11,fdb04d86542a,SRI International,https://www.sri.com/,https://careers-sri.icims.com/jobs/search?ss=1&hashed=-625949242,"Title Intern, Center for Health Sciences",https://careers-sri.icims.com/jobs/6421/intern%2c-center-for-health-sciences/job,"Manhattan, NY, United States",Manhattan,NY,United States,Not specified,,,,Core Space,2026-08-11,2026-08-11,https://careers-sri.icims.com/jobs/search?ss=1&hashed=-625949242,ats_detected,5,success_after_fallback
bb16d8c25a0b,2026-08-11,fdb04d86542a,SRI International,https://www.sri.com/,https://careers-sri.icims.com/jobs/search?ss=1&hashed=-625949242,Title Test Technician,https://careers-sri.icims.com/jobs/6419/test-technician/job,"Manhattan, NY, United States",Manhattan,NY,United States,Not specified,,,,Core Space,2026-08-11,2026-08-11,https://careers-sri.icims.com/jobs/search?ss=1&hashed=-625949242,ats_detected,5,success_after_fallback
95b1d44347a2,2026-08-11,fdb04d86542a,SRI International,https://www.sri.com/,https://careers-sri.icims.com/jobs/search?ss=1&hashed=-625949242,Title Sr Research Engineer-RF,https://careers-sri.icims.com/jobs/6407/sr-research-engineer-rf/job,"Manhattan, NY, United States",Manhattan,NY,United States,Remote,,,,Core Space,2026-08-11,2026-08-11,https://careers-sri.icims.com/jobs/search?ss=1&hashed=-625949242,ats_detected,5,success_after_fallback
8135fc124960,2026-08-11,fdb04d86542a,SRI International,https://www.sri.com/,https://careers-sri.icims.com/jobs/search?ss=1&hashed=-625949242,Title Sr Research Engineer-Project Principal Investigator - RF,https://careers-sri.icims.com/jobs/6406/sr-research-engineer-project-principal-investigator---rf/job,"Manhattan, NY, United States",Manhattan,NY,United States,Remote,,,,Core Space,2026-08-11,2026-08-11,https://careers-sri.icims.com/jobs/search?ss=1&hashed=-625949242,ats_detected,5,success_after_fallback
fc661e612cd6,2026-08-11,fdb04d86542a,SRI International,https://www.sri.com/,https://careers-sri.icims.com/jobs/search?ss=1&hashed=-625949242,Title Research Engineer II/III - RF Hardware,https://careers-sri.icims.com/jobs/6405/research-engineer-ii-iii---rf-hardware/job,"Manhattan, NY, United States",Manhattan,NY,United States,Remote,,,,Core Space,2026-08-11,2026-08-11,https://careers-sri.icims.com/jobs/search?ss=1&hashed=-625949242,ats_detected,5,success_after_fallback
f5c85183bee4,2026-08-11,fdb04d86542a,SRI International,https://www.sri.com/,https://careers-sri.icims.com/jobs/search?ss=1&hashed=-625949242,Title IC Design Engineer III,https://careers-sri.icims.com/jobs/6403/ic-design-engineer-iii/job,"Manhattan, NY, United States",Manhattan,NY,United States,Not specified,,,,Core Space,2026-08-11,2026-08-11,https://careers-sri.icims.com/jobs/search?ss=1&hashed=-625949242,ats_detected,5,success_after_fallback
4a918651f386,2026-08-11,fdb04d86542a,SRI International,https://www.sri.com/,https://careers-sri.icims.com/jobs/search?ss=1&hashed=-625949242,Title Wafer Fab Process Engineer,https://careers-sri.icims.com/jobs/6395/wafer-fab-process-engineer/job,"Manhattan, NY, United States",Manhattan,NY,United States,Not specified,,,,Core Space,2026-08-11,2026-08-11,https://careers-sri.icims.com/jobs/search?ss=1&hashed=-625949242,ats_detected,5,success_after_fallback
68175f7d031c,2026-08-11,fdb04d86542a,SRI International,https://www.sri.com/,https://careers-sri.icims.com/jobs/search?ss=1&hashed=-625949242,"Title Semiconductor Equipment Technicians, Experienced - First Shift",https://careers-sri.icims.com/jobs/6392/semiconductor-equipment-technicians%2c-experienced---first-shift/job,"Manhattan, NY, United States",Manhattan,NY,United States,Not specified,,,,Core Space,2026-08-11,2026-08-11,https://careers-sri.icims.com/jobs/search?ss=1&hashed=-625949242,ats_detected,5,success_after_fallback
43d358810612,2026-08-11,fdb04d86542a,SRI International,https://www.sri.com/,https://careers-sri.icims.com/jobs/search?ss=1&hashed=-625949242,"Title Semiconductor Equipment Technicians, Experienced - First Shift",https://careers-sri.icims.com/jobs/6385/semiconductor-equipment-technicians%2c-experienced---first-shift/job,"Manhattan, NY, United States",Manhattan,NY,United States,Not specified,,,,Core Space,2026-08-11,2026-08-11,https://careers-sri.icims.com/jobs/search?ss=1&hashed=-625949242,ats_detected,5,success_after_fallback
914b84c5d97a,2026-08-11,fdb04d86542a,SRI International,https://www.sri.com/,https://careers-sri.icims.com/jobs/search?ss=1&hashed=-625949242,Title Mechanical Engineer,https://careers-sri.icims.com/jobs/6384/mechanical-engineer/job,"Manhattan, NY, United States",Manhattan,NY,United States,Not specified,,,,Core Space,2026-08-11,2026-08-11,https://careers-sri.icims.com/jobs/search?ss=1&hashed=-625949242,ats_detected,5,success_after_fallback
d06c2cd1b5a3,2026-08-11,fdb04d86542a,SRI International,https://www.sri.com/,https://careers-sri.icims.com/jobs/search?ss=1&hashed=-625949242,Title Sr Mechanical Engineer,https://careers-sri.icims.com/jobs/6383/sr-mechanical-engineer/job,"Manhattan, NY, United States",Manhattan,NY,United States,Not specified,,,,Core Space,2026-08-11,2026-08-11,https://careers-sri.icims.com/jobs/search?ss=1&hashed=-625949242,ats_detected,5,success_after_fallback
57bb35df9988,2026-08-11,fdb04d86542a,SRI International,https://www.sri.com/,https://careers-sri.icims.com/jobs/search?ss=1&hashed=-625949242,Title Sr Research Engineer-Project Principal Investigator,https://careers-sri.icims.com/jobs/6377/sr-research-engineer-project-principal-investigator/job,"Manhattan, NY, United States",Manhattan,NY,United States,Remote,,,,Core Space,2026-08-11,2026-08-11,https://careers-sri.icims.com/jobs/search?ss=1&hashed=-625949242,ats_detected,5,success_after_fallback
0bec5a533ca5,2026-08-11,fdb04d86542a,SRI International,https://www.sri.com/,https://careers-sri.icims.com/jobs/search?ss=1&hashed=-625949242,Title IC Design Engineer IV,https://careers-sri.icims.com/jobs/6367/ic-design-engineer-iv/job,"Manhattan, NY, United States",Manhattan,NY,United States,Not specified,,,,Core Space,2026-08-11,2026-08-11,https://careers-sri.icims.com/jobs/search?ss=1&hashed=-625949242,ats_detected,5,success_after_fallback
9b94ba03fc5f,2026-08-11,fdb04d86542a,SRI International,https://www.sri.com/,https://careers-sri.icims.com/jobs/search?ss=1&hashed=-625949242,Title Electronics Design Engineer,https://careers-sri.icims.com/jobs/6365/electronics-design-engineer/job,"Manhattan, NY, United States",Manhattan,NY,United States,Not specified,,,,Core Space,2026-08-11,2026-08-11,https://careers-sri.icims.com/jobs/search?ss=1&hashed=-625949242,ats_detected,5,success_after_fallback
14e6108fd230,2026-08-11,fdb04d86542a,SRI International,https://www.sri.com/,https://careers-sri.icims.com/jobs/search?ss=1&hashed=-625949242,"Title Test Engineer - Analog, ATE",https://careers-sri.icims.com/jobs/6325/test-engineer---analog%2c-ate/job,"Manhattan, NY, United States",Manhattan,NY,United States,Not specified,,,,Core Space,2026-08-11,2026-08-11,https://careers-sri.icims.com/jobs/search?ss=1&hashed=-625949242,ats_detected,5,success_after_fallback
5211adaa3359,2026-08-11,fdb04d86542a,SRI International,https://www.sri.com/,https://careers-sri.icims.com/jobs/search?ss=1&hashed=-625949242,Title Photonics Research Engineer III,https://careers-sri.icims.com/jobs/6320/photonics-research-engineer-iii/job,"Manhattan, NY, United States",Manhattan,NY,United States,On-site,,,,Core Space,2026-08-11,2026-08-11,https://careers-sri.icims.com/jobs/search?ss=1&hashed=-625949242,ats_detected,5,success_after_fallback
56a72cd45a9d,2026-08-11,fdb04d86542a,SRI International,https://www.sri.com/,https://careers-sri.icims.com/jobs/search?ss=1&hashed=-625949242,Title Postdoctoral Fellow - Applied & Computational Scientists,https://careers-sri.icims.com/jobs/6314/postdoctoral-fellow---applied-%26-computational-scientists/job,"Manhattan, NY, United States",Manhattan,NY,United States,Hybrid,,,,Core Space,2026-08-11,2026-08-11,https://careers-sri.icims.com/jobs/search?ss=1&hashed=-625949242,ats_detected,5,success_after_fallback
9dc620c5605a,2026-08-11,fdb04d86542a,SRI International,https://www.sri.com/,https://careers-sri.icims.com/jobs/search?ss=1&hashed=-625949242,Title Applied & Computational Research Scientists,https://careers-sri.icims.com/jobs/6313/applied-%26-computational-research-scientists/job,"Manhattan, NY, United States",Manhattan,NY,United States,Hybrid,,,,Core Space,2026-08-11,2026-08-11,https://careers-sri.icims.com/jobs/search?ss=1&hashed=-625949242,ats_detected,5,success_after_fallback
fc84266c0fdd,2026-08-11,fdb04d86542a,SRI International,https://www.sri.com/,https://careers-sri.icims.com/jobs/search?ss=1&hashed=-625949242,Title Manufacturing Technicians,https://careers-sri.icims.com/jobs/6254/manufacturing-technicians/job,"Manhattan, NY, United States",Manhattan,NY,United States,Not specified,,,,Core Space,2026-08-11,2026-08-11,https://careers-sri.icims.com/jobs/search?ss=1&hashed=-625949242,ats_detected,5,success_after_fallback
886abad21824,2026-08-11,1c2b4e10bf58,Wallaroo AI,https://wallaroo.ai/,https://www.jobvite.com/,TA Leader,https://www.jobvite.com/solutions/role/talent-acquisition-leader,"Manhattan, NY, United States",Manhattan,NY,United States,Not specified,,,,Core Space,2026-08-11,2026-08-11,https://www.jobvite.com/,ats_detected,4,success_after_fallback
fcec0899c79f,2026-08-11,1c2b4e10bf58,Wallaroo AI,https://wallaroo.ai/,https://www.jobvite.com/,HR Leader,https://www.jobvite.com/solutions/role/hr-leader,"Manhattan, NY, United States",Manhattan,NY,United States,Not specified,,,,Core Space,2026-08-11,2026-08-11,https://www.jobvite.com/,ats_detected,4,success_after_fallback
bc3248fdbd4f,2026-08-11,1c2b4e10bf58,Wallaroo AI,https://wallaroo.ai/,https://www.jobvite.com/,IT Manager,https://www.jobvite.com/solutions/role/it,"Manhattan, NY, United States",Manhattan,NY,United States,Not specified,,,,Core Space,2026-08-11,2026-08-11,https://www.jobvite.com/,ats_detected,4,success_after_fallback
