job_id,snapshot_date,company_id,company_name,company_website,careers_url,job_title,job_url,location,city,state,country,remote,salary_min,salary_max,department,category,date_found,last_seen_at,source_url,discovery_method,job_confidence_score,status
54ff67f5275f,2026-08-14,a3c0ab6694be,Bluefors Inc.,https://bluefors.com/,https://careers.bluefors.com/jobs,Manufacturing Associate: BTA Assembler,https://careers.bluefors.com/jobs/8190303-manufacturing-associate-bta-assembler,"Syracuse, NY, United States",Syracuse,NY,United States,Not specified,,,,Core Space,2026-08-14,2026-08-14,https://careers.bluefors.com/jobs,linked_page,4,success_after_fallback
5bc16c4b4fe7,2026-08-14,a3c0ab6694be,Bluefors Inc.,https://bluefors.com/,https://careers.bluefors.com/jobs,Manufacturing Associate: Compressor Assembly,https://careers.bluefors.com/jobs/8190267-manufacturing-associate-compressor-assembly,"Syracuse, NY, United States",Syracuse,NY,United States,Not specified,,,,Core Space,2026-08-14,2026-08-14,https://careers.bluefors.com/jobs,linked_page,4,success_after_fallback
3c8f7f752242,2026-08-14,a3c0ab6694be,Bluefors Inc.,https://bluefors.com/,https://careers.bluefors.com/jobs,R&D and Engineering,https://careers.bluefors.com/jobs/8190250-toolmaker,"Syracuse, NY, United States",Syracuse,NY,United States,Not specified,,,,Core Space,2026-08-14,2026-08-14,https://careers.bluefors.com/jobs,linked_page,4,success_after_fallback
ffc0f9c180a3,2026-08-14,a3c0ab6694be,Bluefors Inc.,https://bluefors.com/,https://careers.bluefors.com/jobs,"Installation Field Service Technician, East Coast",https://careers.bluefors.com/jobs/8126332-installation-field-service-technician-east-coast,"Syracuse, NY, United States",Syracuse,NY,United States,Not specified,,,,Core Space,2026-08-14,2026-08-14,https://careers.bluefors.com/jobs,linked_page,4,success_after_fallback
9e98d837473e,2026-08-14,a3c0ab6694be,Bluefors Inc.,https://bluefors.com/,https://careers.bluefors.com/jobs,"Installation Field Service Technician , West Coast",https://careers.bluefors.com/jobs/8126326-installation-field-service-technician-west-coast,"Syracuse, NY, United States",Syracuse,NY,United States,Not specified,,,,Core Space,2026-08-14,2026-08-14,https://careers.bluefors.com/jobs,linked_page,4,success_after_fallback
2e8c959e69eb,2026-08-14,a3c0ab6694be,Bluefors Inc.,https://bluefors.com/,https://careers.bluefors.com/jobs,Customer Program Manager,https://careers.bluefors.com/jobs/8114573-customer-program-manager,"Syracuse, NY, United States",Syracuse,NY,United States,Not specified,,,,Core Space,2026-08-14,2026-08-14,https://careers.bluefors.com/jobs,linked_page,4,success_after_fallback
bc981d860b12,2026-08-14,a3c0ab6694be,Bluefors Inc.,https://bluefors.com/,https://careers.bluefors.com/jobs,Legal Analyst,https://careers.bluefors.com/jobs/8110901-legal-analyst,"Syracuse, NY, United States",Syracuse,NY,United States,Not specified,,,,Core Space,2026-08-14,2026-08-14,https://careers.bluefors.com/jobs,linked_page,4,success_after_fallback
274cf5aedd27,2026-08-14,a3c0ab6694be,Bluefors Inc.,https://bluefors.com/,https://careers.bluefors.com/jobs,Technical Service Manager,https://careers.bluefors.com/jobs/8060586-technical-service-manager,"Syracuse, NY, United States",Syracuse,NY,United States,Not specified,,,,Core Space,2026-08-14,2026-08-14,https://careers.bluefors.com/jobs,linked_page,4,success_after_fallback
4fc21f16dc33,2026-08-14,a3c0ab6694be,Bluefors Inc.,https://bluefors.com/,https://careers.bluefors.com/jobs,Cryogenic R&D Engineer,https://careers.bluefors.com/jobs/8055772-cryogenic-r-d-engineer,"Syracuse, NY, United States",Syracuse,NY,United States,Not specified,,,,Core Space,2026-08-14,2026-08-14,https://careers.bluefors.com/jobs,linked_page,4,success_after_fallback
29fe6463991a,2026-08-14,a3c0ab6694be,Bluefors Inc.,https://bluefors.com/,https://careers.bluefors.com/jobs,Customer Service Representative-Sales,https://careers.bluefors.com/jobs/8055766-customer-service-representative-sales,"Syracuse, NY, United States",Syracuse,NY,United States,Not specified,,,,Core Space,2026-08-14,2026-08-14,https://careers.bluefors.com/jobs,linked_page,4,success_after_fallback
7b0634e138bf,2026-08-14,a3c0ab6694be,Bluefors Inc.,https://bluefors.com/,https://careers.bluefors.com/jobs,"Account Manager, Growth Accounts",https://careers.bluefors.com/jobs/8040781-account-manager-growth-accounts,"Syracuse, NY, United States",Syracuse,NY,United States,Remote,,,,Core Space,2026-08-14,2026-08-14,https://careers.bluefors.com/jobs,linked_page,4,success_after_fallback
4ca7ad892cd8,2026-08-14,a3c0ab6694be,Bluefors Inc.,https://bluefors.com/,https://careers.bluefors.com/jobs,Stockroom Associate,https://careers.bluefors.com/jobs/7987885-stockroom-associate,"Syracuse, NY, United States",Syracuse,NY,United States,Not specified,,,,Core Space,2026-08-14,2026-08-14,https://careers.bluefors.com/jobs,linked_page,4,success_after_fallback
9eba9e76a6f8,2026-08-14,a3c0ab6694be,Bluefors Inc.,https://bluefors.com/,https://careers.bluefors.com/jobs,Manufacturing Associate: Compressor Assembly,https://careers.bluefors.com/jobs/7987832-manufacturing-associate-compressor-assembly,"Syracuse, NY, United States",Syracuse,NY,United States,Not specified,,,,Core Space,2026-08-14,2026-08-14,https://careers.bluefors.com/jobs,linked_page,4,success_after_fallback
a0d3ae9e0eb4,2026-08-14,a3c0ab6694be,Bluefors Inc.,https://bluefors.com/,https://careers.bluefors.com/jobs,CNC Operator I,https://careers.bluefors.com/jobs/7938132-cnc-operator-i,"Syracuse, NY, United States",Syracuse,NY,United States,Not specified,,,,Core Space,2026-08-14,2026-08-14,https://careers.bluefors.com/jobs,linked_page,4,success_after_fallback
e5ea58cca7b6,2026-08-14,a3c0ab6694be,Bluefors Inc.,https://bluefors.com/,https://careers.bluefors.com/jobs,Service Engineer,https://careers.bluefors.com/jobs/7874628-service-engineer,"Syracuse, NY, United States",Syracuse,NY,United States,Not specified,,,,Core Space,2026-08-14,2026-08-14,https://careers.bluefors.com/jobs,linked_page,4,success_after_fallback
7fdda253c106,2026-08-14,a3c0ab6694be,Bluefors Inc.,https://bluefors.com/,https://careers.bluefors.com/jobs,Business Development Specialist,https://careers.bluefors.com/jobs/7752465-business-development-specialist,"Syracuse, NY, United States",Syracuse,NY,United States,Not specified,,,,Core Space,2026-08-14,2026-08-14,https://careers.bluefors.com/jobs,linked_page,4,success_after_fallback
f02437780332,2026-08-14,a3c0ab6694be,Bluefors Inc.,https://bluefors.com/,https://careers.bluefors.com/jobs,Resident Cryogenic Engineer,https://careers.bluefors.com/jobs/7707351-resident-cryogenic-engineer,"Syracuse, NY, United States",Syracuse,NY,United States,Not specified,,,,Core Space,2026-08-14,2026-08-14,https://careers.bluefors.com/jobs,linked_page,4,success_after_fallback
0fdb5452fafe,2026-08-14,a3c0ab6694be,Bluefors Inc.,https://bluefors.com/,https://careers.bluefors.com/jobs,Production Control Coordinator,https://careers.bluefors.com/jobs/7694531-production-control-coordinator,"Syracuse, NY, United States",Syracuse,NY,United States,Not specified,,,,Core Space,2026-08-14,2026-08-14,https://careers.bluefors.com/jobs,linked_page,4,success_after_fallback
da03c9b935ec,2026-08-14,a3c0ab6694be,Bluefors Inc.,https://bluefors.com/,https://careers.bluefors.com/jobs,Cryo Engineer,https://careers.bluefors.com/jobs/7677576-cryo-engineer,Hybrid,,,,Hybrid,,,,Core Space,2026-08-14,2026-08-14,https://careers.bluefors.com/jobs,linked_page,4,success_after_fallback
a414449d1e04,2026-08-14,a3c0ab6694be,Bluefors Inc.,https://bluefors.com/,https://careers.bluefors.com/jobs,Technical Sales Lead,https://careers.bluefors.com/jobs/7618377-technical-sales-lead,"Syracuse, NY, United States",Syracuse,NY,United States,Remote,,,,Core Space,2026-08-14,2026-08-14,https://careers.bluefors.com/jobs,linked_page,4,success_after_fallback
1a3ad1837653,2026-08-14,0c237be7f93d,Applied Visions,https://www.avi.com/,https://app.trinethire.com/companies/1321-the-applied-visions-companies-applied-visions-software-design-solutions/jobs,Electrical Engineer,https://app.trinethire.com/companies/1321-applied-visions-software-design-solutions/jobs/121839-electrical-engineer,"Clifton Park, NY, United States",Clifton Park,NY,United States,Not specified,,,,Aerospace,2026-08-14,2026-08-14,https://app.trinethire.com/companies/1321-the-applied-visions-companies-applied-visions-software-design-solutions/jobs,linked_page,4,success_after_fallback
cb371e86cd3d,2026-08-14,0c237be7f93d,Applied Visions,https://www.avi.com/,https://app.trinethire.com/companies/1321-the-applied-visions-companies-applied-visions-software-design-solutions/jobs,Director of Engineering,https://app.trinethire.com/companies/1321-applied-visions-software-design-solutions/jobs/118815-director-of-engineering,"Clifton Park, NY, United States",Clifton Park,NY,United States,Not specified,,,,Aerospace,2026-08-14,2026-08-14,https://app.trinethire.com/companies/1321-the-applied-visions-companies-applied-visions-software-design-solutions/jobs,linked_page,4,success_after_fallback
61417aaf893b,2026-08-14,0c237be7f93d,Applied Visions,https://www.avi.com/,https://app.trinethire.com/companies/1321-the-applied-visions-companies-applied-visions-software-design-solutions/jobs,Director of Product Management,https://app.trinethire.com/companies/1321-applied-visions-software-design-solutions/jobs/120485-director-of-product-management,"Clifton Park, NY, United States",Clifton Park,NY,United States,Not specified,,,,Aerospace,2026-08-14,2026-08-14,https://app.trinethire.com/companies/1321-the-applied-visions-companies-applied-visions-software-design-solutions/jobs,linked_page,4,success_after_fallback
0ac45e64ecd0,2026-08-14,0c237be7f93d,Applied Visions,https://www.avi.com/,https://app.trinethire.com/companies/1321-the-applied-visions-companies-applied-visions-software-design-solutions/jobs,Applied Visions Software Design Solutions,https://app.trinethire.com/companies/1321-applied-visions-software-design-solutions/jobs/120013-machinist-prototype-machining-3-month-contract,"Clifton Park, NY, United States",Clifton Park,NY,United States,Not specified,,,,Aerospace,2026-08-14,2026-08-14,https://app.trinethire.com/companies/1321-the-applied-visions-companies-applied-visions-software-design-solutions/jobs,linked_page,4,success_after_fallback
873a8c5d3c48,2026-08-14,405cf37b5e7d,Arkwin Industries,https://www.arkwin.com/,https://www.arkwin.com/job/senior-design-engineer-3,Senior Design Engineer,https://www.arkwin.com/job/senior-design-engineer-3,"Bethpage, NY",Bethpage,NY,United States,Not specified,,,,Space & Defense,2026-08-14,2026-08-14,https://www.arkwin.com/job/senior-design-engineer-3,linked_page,3,success_after_fallback
973ecca02f98,2026-08-14,405cf37b5e7d,Arkwin Industries,https://www.arkwin.com/,https://www.arkwin.com/job/quality-engineer-2,Quality Engineer,https://www.arkwin.com/job/quality-engineer-2,"Bethpage, NY",Bethpage,NY,United States,Not specified,,,,Space & Defense,2026-08-14,2026-08-14,https://www.arkwin.com/job/quality-engineer-2,linked_page,3,success_after_fallback
27443147dc30,2026-08-14,405cf37b5e7d,Arkwin Industries,https://www.arkwin.com/,https://www.arkwin.com/job/business-development-manager,Business Development Manager,https://www.arkwin.com/job/business-development-manager,"Bethpage, NY",Bethpage,NY,United States,Not specified,,,,Space & Defense,2026-08-14,2026-08-14,https://www.arkwin.com/job/business-development-manager,linked_page,3,success_after_fallback
f398e8e870ff,2026-08-14,405cf37b5e7d,Arkwin Industries,https://www.arkwin.com/,https://www.arkwin.com/job/business-unit-manager-4,Business Unit Manager,https://www.arkwin.com/job/business-unit-manager-4,"Bethpage, NY",Bethpage,NY,United States,Not specified,,,,Space & Defense,2026-08-14,2026-08-14,https://www.arkwin.com/job/business-unit-manager-4,linked_page,3,success_after_fallback
8dda5fe97d2c,2026-08-14,405cf37b5e7d,Arkwin Industries,https://www.arkwin.com/,https://www.arkwin.com/job/customer-account-manager-9,Customer Account Manager,https://www.arkwin.com/job/customer-account-manager-9,"Bethpage, NY",Bethpage,NY,United States,Not specified,,,,Space & Defense,2026-08-14,2026-08-14,https://www.arkwin.com/job/customer-account-manager-9,linked_page,3,success_after_fallback
778e8d015845,2026-08-14,f7b8731a7e71,ASR International,https://www.asrintl.com/,https://asrinternationalcorp.applytojob.com/apply/jobs,Project Management Support Analyst – Journeyman (Technology Transfer Emphasis),https://asrinternationalcorp.applytojob.com/apply/jobs/details/o4NNvb5vRq,"Ft. Eustis, VA",Ft. Eustis,VA,United States,Not specified,,,,Space & Defense,2026-08-14,2026-08-14,https://asrinternationalcorp.applytojob.com/apply/jobs,known_careers_url,4,success
de843168e0ac,2026-08-14,f7b8731a7e71,ASR International,https://www.asrintl.com/,https://asrinternationalcorp.applytojob.com/apply/jobs,Project Management Support Analyst – Senior (Technology Transfer Emphasis),https://asrinternationalcorp.applytojob.com/apply/jobs/details/jREvUFGFhX,"Ft. Eustis, VA",Ft. Eustis,VA,United States,Not specified,,,,Space & Defense,2026-08-14,2026-08-14,https://asrinternationalcorp.applytojob.com/apply/jobs,known_careers_url,4,success
2113fff94821,2026-08-14,f7b8731a7e71,ASR International,https://www.asrintl.com/,https://asrinternationalcorp.applytojob.com/apply/jobs,Quality Engineer – Senior,https://asrinternationalcorp.applytojob.com/apply/jobs/details/O1TtOTGlaz,"Ft. Eustis, VA",Ft. Eustis,VA,United States,Not specified,,,,Space & Defense,2026-08-14,2026-08-14,https://asrinternationalcorp.applytojob.com/apply/jobs,known_careers_url,4,success
0f6918bc97ee,2026-08-14,f7b8731a7e71,ASR International,https://www.asrintl.com/,https://asrinternationalcorp.applytojob.com/apply/jobs,Mission Systems Engineer – Journeyman,https://asrinternationalcorp.applytojob.com/apply/jobs/details/c4WGmOl18t,"FT Eustis, VA",FT Eustis,VA,United States,Not specified,,,,Space & Defense,2026-08-14,2026-08-14,https://asrinternationalcorp.applytojob.com/apply/jobs,known_careers_url,4,success
78ae81bbeb08,2026-08-14,f7b8731a7e71,ASR International,https://www.asrintl.com/,https://asrinternationalcorp.applytojob.com/apply/jobs,Mission Systems Engineer – Senior,https://asrinternationalcorp.applytojob.com/apply/jobs/details/TCsNE28jd7,"Ft Eustis, VA",Ft Eustis,VA,United States,Not specified,,,,Space & Defense,2026-08-14,2026-08-14,https://asrinternationalcorp.applytojob.com/apply/jobs,known_careers_url,4,success
b28cd5fe2d36,2026-08-14,f7b8731a7e71,ASR International,https://www.asrintl.com/,https://asrinternationalcorp.applytojob.com/apply/jobs,Software/Instrumentation Engineer – Senior,https://asrinternationalcorp.applytojob.com/apply/jobs/details/svW7hSQDRk,"Ft. Eustis, VA",Ft. Eustis,VA,United States,Not specified,,,,Space & Defense,2026-08-14,2026-08-14,https://asrinternationalcorp.applytojob.com/apply/jobs,known_careers_url,4,success
794e5fd2ee98,2026-08-14,f7b8731a7e71,ASR International,https://www.asrintl.com/,https://asrinternationalcorp.applytojob.com/apply/jobs,Aerospace/Mechanical Engineer – Senior,https://asrinternationalcorp.applytojob.com/apply/jobs/details/SIuDj4Vi9e,"Ft Eustis, VA",Ft Eustis,VA,United States,Not specified,,,,Space & Defense,2026-08-14,2026-08-14,https://asrinternationalcorp.applytojob.com/apply/jobs,known_careers_url,4,success
bb6af9664be0,2026-08-14,f7b8731a7e71,ASR International,https://www.asrintl.com/,https://asrinternationalcorp.applytojob.com/apply/jobs,Electrical Designer - Junior,https://asrinternationalcorp.applytojob.com/apply/jobs/details/qB5bNh92Dr,"Ft Eustis, VA",Ft Eustis,VA,United States,Not specified,,,,Space & Defense,2026-08-14,2026-08-14,https://asrinternationalcorp.applytojob.com/apply/jobs,known_careers_url,4,success
e9109639218f,2026-08-14,f7b8731a7e71,ASR International,https://www.asrintl.com/,https://asrinternationalcorp.applytojob.com/apply/jobs,Electrical Designer – Journeyman,https://asrinternationalcorp.applytojob.com/apply/jobs/details/lepUyRrPLf,"Ft Eustis, VA",Ft Eustis,VA,United States,Not specified,,,,Space & Defense,2026-08-14,2026-08-14,https://asrinternationalcorp.applytojob.com/apply/jobs,known_careers_url,4,success
f65fd95fd4c9,2026-08-14,f7b8731a7e71,ASR International,https://www.asrintl.com/,https://asrinternationalcorp.applytojob.com/apply/jobs,Electrical Designer – Senior,https://asrinternationalcorp.applytojob.com/apply/jobs/details/C7OvYF6zxZ,"Ft Eustis, VA",Ft Eustis,VA,United States,Not specified,,,,Space & Defense,2026-08-14,2026-08-14,https://asrinternationalcorp.applytojob.com/apply/jobs,known_careers_url,4,success
da2c0b099916,2026-08-14,f7b8731a7e71,ASR International,https://www.asrintl.com/,https://asrinternationalcorp.applytojob.com/apply/jobs,Electrical Engineer – Journeyman,https://asrinternationalcorp.applytojob.com/apply/jobs/details/axPdvRIt75,"Ft. Eustis, VA",Ft. Eustis,VA,United States,Not specified,,,,Space & Defense,2026-08-14,2026-08-14,https://asrinternationalcorp.applytojob.com/apply/jobs,known_careers_url,4,success
dcb7ff9815ca,2026-08-14,f7b8731a7e71,ASR International,https://www.asrintl.com/,https://asrinternationalcorp.applytojob.com/apply/jobs,Electrical Engineer – Senior,https://asrinternationalcorp.applytojob.com/apply/jobs/details/Cf3Kt3viKM,"Ft. Eustis, VA",Ft. Eustis,VA,United States,Not specified,,,,Space & Defense,2026-08-14,2026-08-14,https://asrinternationalcorp.applytojob.com/apply/jobs,known_careers_url,4,success
f591753ac2da,2026-08-14,f7b8731a7e71,ASR International,https://www.asrintl.com/,https://asrinternationalcorp.applytojob.com/apply/jobs,Mechanical Designer – Journeyman,https://asrinternationalcorp.applytojob.com/apply/jobs/details/QE5UebMfWm,"Ft. Eustis, VA",Ft. Eustis,VA,United States,Not specified,,,,Space & Defense,2026-08-14,2026-08-14,https://asrinternationalcorp.applytojob.com/apply/jobs,known_careers_url,4,success
9915d007e5a1,2026-08-14,f7b8731a7e71,ASR International,https://www.asrintl.com/,https://asrinternationalcorp.applytojob.com/apply/jobs,Mechanical Designer – Senior,https://asrinternationalcorp.applytojob.com/apply/jobs/details/VAAYzb2jz6,"Ft. Eustis, VA",Ft. Eustis,VA,United States,Not specified,,,,Space & Defense,2026-08-14,2026-08-14,https://asrinternationalcorp.applytojob.com/apply/jobs,known_careers_url,4,success
2a8047149c99,2026-08-14,f7b8731a7e71,ASR International,https://www.asrintl.com/,https://asrinternationalcorp.applytojob.com/apply/jobs,Contract Specialist,https://asrinternationalcorp.applytojob.com/apply/jobs/details/YSn0TWrPnJ,"Laughlin, TX",Laughlin,TX,United States,Not specified,,,,Space & Defense,2026-08-14,2026-08-14,https://asrinternationalcorp.applytojob.com/apply/jobs,known_careers_url,4,success
a290883f801e,2026-08-14,f7b8731a7e71,ASR International,https://www.asrintl.com/,https://asrinternationalcorp.applytojob.com/apply/jobs,Program Manager,https://asrinternationalcorp.applytojob.com/apply/jobs/details/HIXijGcJBv,"Laughlin, TX",Laughlin,TX,United States,Not specified,,,,Space & Defense,2026-08-14,2026-08-14,https://asrinternationalcorp.applytojob.com/apply/jobs,known_careers_url,4,success
1af5e2dd5580,2026-08-14,f7b8731a7e71,ASR International,https://www.asrintl.com/,https://asrinternationalcorp.applytojob.com/apply/jobs,Warehouse Associate,https://asrinternationalcorp.applytojob.com/apply/jobs/details/Sz0qmFohHe,"Minden, NV",Minden,NV,United States,Not specified,,,,Space & Defense,2026-08-14,2026-08-14,https://asrinternationalcorp.applytojob.com/apply/jobs,known_careers_url,4,success
478cb95642ea,2026-08-14,f7b8731a7e71,ASR International,https://www.asrintl.com/,https://asrinternationalcorp.applytojob.com/apply/jobs,Human Resources Specialist,https://asrinternationalcorp.applytojob.com/apply/jobs/details/pGDEb7m4z4,"Hauppauge, NY",Hauppauge,NY,United States,Not specified,,,,Space & Defense,2026-08-14,2026-08-14,https://asrinternationalcorp.applytojob.com/apply/jobs,known_careers_url,4,success
405bd4c10310,2026-08-14,f7b8731a7e71,ASR International,https://www.asrintl.com/,https://asrinternationalcorp.applytojob.com/apply/jobs,Corporate Benefits and Insurance Manager,https://asrinternationalcorp.applytojob.com/apply/jobs/details/NRNvvkf9zF,"Hauppauge, NY",Hauppauge,NY,United States,Not specified,,,,Space & Defense,2026-08-14,2026-08-14,https://asrinternationalcorp.applytojob.com/apply/jobs,known_careers_url,4,success
c8adf6db7e97,2026-08-14,f7b8731a7e71,ASR International,https://www.asrintl.com/,https://asrinternationalcorp.applytojob.com/apply/jobs,Supply Technician,https://asrinternationalcorp.applytojob.com/apply/jobs/details/STTysYlm5N,"Fort Leonard Wood, MO",Fort Leonard Wood,MO,United States,Not specified,,,,Space & Defense,2026-08-14,2026-08-14,https://asrinternationalcorp.applytojob.com/apply/jobs,known_careers_url,4,success
fe6f53b21370,2026-08-14,f7b8731a7e71,ASR International,https://www.asrintl.com/,https://asrinternationalcorp.applytojob.com/apply/jobs,Technical Instructor/Course Developer,https://asrinternationalcorp.applytojob.com/apply/jobs/details/VqhiVDUJjm,"Selfridge, MI",Selfridge,MI,United States,Not specified,,,,Space & Defense,2026-08-14,2026-08-14,https://asrinternationalcorp.applytojob.com/apply/jobs,known_careers_url,4,success
15cd72b1877b,2026-08-14,f7b8731a7e71,ASR International,https://www.asrintl.com/,https://asrinternationalcorp.applytojob.com/apply/jobs,Warehouse Specialist,https://asrinternationalcorp.applytojob.com/apply/jobs/details/Vk28FnZwGp,"Fort Leonard Wood, MO",Fort Leonard Wood,MO,United States,Not specified,,,,Space & Defense,2026-08-14,2026-08-14,https://asrinternationalcorp.applytojob.com/apply/jobs,known_careers_url,4,success
543ec18896e4,2026-08-14,f7b8731a7e71,ASR International,https://www.asrintl.com/,https://asrinternationalcorp.applytojob.com/apply/jobs,Warehouse Specialist,https://asrinternationalcorp.applytojob.com/apply/jobs/details/16x07zLWWW,"Selfridge, MI",Selfridge,MI,United States,Not specified,,,,Space & Defense,2026-08-14,2026-08-14,https://asrinternationalcorp.applytojob.com/apply/jobs,known_careers_url,4,success
bb0d9fc3ddcb,2026-08-14,f7b8731a7e71,ASR International,https://www.asrintl.com/,https://asrinternationalcorp.applytojob.com/apply/jobs,Electronics Technician Maintenance II,https://asrinternationalcorp.applytojob.com/apply/jobs/details/grQg8BNQ9O,"Selfridge, MI",Selfridge,MI,United States,Not specified,,,,Space & Defense,2026-08-14,2026-08-14,https://asrinternationalcorp.applytojob.com/apply/jobs,known_careers_url,4,success
7ae50f4e0fe0,2026-08-14,f7b8731a7e71,ASR International,https://www.asrintl.com/,https://asrinternationalcorp.applytojob.com/apply/jobs,Electronics Technician Maintenance II,https://asrinternationalcorp.applytojob.com/apply/jobs/details/xEwAcZdQEq,"Fort Irwin, CA",Fort Irwin,CA,United States,Not specified,,,,Space & Defense,2026-08-14,2026-08-14,https://asrinternationalcorp.applytojob.com/apply/jobs,known_careers_url,4,success
fd1aec0486d3,2026-08-14,f7b8731a7e71,ASR International,https://www.asrintl.com/,https://asrinternationalcorp.applytojob.com/apply/jobs,Electronics Technician Maintenance II,https://asrinternationalcorp.applytojob.com/apply/jobs/details/ftoyjEClaW,"Fort Polk, LA",Fort Polk,LA,United States,Not specified,,,,Space & Defense,2026-08-14,2026-08-14,https://asrinternationalcorp.applytojob.com/apply/jobs,known_careers_url,4,success
c22cbbf7ca77,2026-08-14,f7b8731a7e71,ASR International,https://www.asrintl.com/,https://asrinternationalcorp.applytojob.com/apply/jobs,Electronics Technician Maintenance II,https://asrinternationalcorp.applytojob.com/apply/jobs/details/RygFEPIjZ6,"Joint Base Lewis McChord, WA",Joint Base Lewis McChord,WA,United States,Not specified,,,,Space & Defense,2026-08-14,2026-08-14,https://asrinternationalcorp.applytojob.com/apply/jobs,known_careers_url,4,success
114fc2a82963,2026-08-14,f7b8731a7e71,ASR International,https://www.asrintl.com/,https://asrinternationalcorp.applytojob.com/apply/jobs,Electronics Technician Maintenance III,https://asrinternationalcorp.applytojob.com/apply/jobs/details/tkckALDrOW,"Fort Carson, CO",Fort Carson,CO,United States,Not specified,,,,Space & Defense,2026-08-14,2026-08-14,https://asrinternationalcorp.applytojob.com/apply/jobs,known_careers_url,4,success
afdaf75f6494,2026-08-14,f7b8731a7e71,ASR International,https://www.asrintl.com/,https://asrinternationalcorp.applytojob.com/apply/jobs,Electronics Technician Maintenance III,https://asrinternationalcorp.applytojob.com/apply/jobs/details/aOFDgS8w68,"Fort Liberty, NC",Fort Liberty,NC,United States,Not specified,,,,Space & Defense,2026-08-14,2026-08-14,https://asrinternationalcorp.applytojob.com/apply/jobs,known_careers_url,4,success
cbeebbc010d4,2026-08-14,f7b8731a7e71,ASR International,https://www.asrintl.com/,https://asrinternationalcorp.applytojob.com/apply/jobs,Electronics Technician Maintenance III,https://asrinternationalcorp.applytojob.com/apply/jobs/details/aucgOsQMp5,"Tyndall AFB, FL",Tyndall AFB,FL,United States,Not specified,,,,Space & Defense,2026-08-14,2026-08-14,https://asrinternationalcorp.applytojob.com/apply/jobs,known_careers_url,4,success
1b581f6a8e14,2026-08-14,f7b8731a7e71,ASR International,https://www.asrintl.com/,https://asrinternationalcorp.applytojob.com/apply/jobs,Electronics Technician Maintenance III,https://asrinternationalcorp.applytojob.com/apply/jobs/details/Aa3X1d2xt0,"Fort Belvoir, VA",Fort Belvoir,VA,United States,Not specified,,,,Space & Defense,2026-08-14,2026-08-14,https://asrinternationalcorp.applytojob.com/apply/jobs,known_careers_url,4,success
0682750694f3,2026-08-14,f7b8731a7e71,ASR International,https://www.asrintl.com/,https://asrinternationalcorp.applytojob.com/apply/jobs,Electronics Technician Maintenance III,https://asrinternationalcorp.applytojob.com/apply/jobs/details/7SJLdYr0U8,"Fort Leonard Wood, MO",Fort Leonard Wood,MO,United States,Not specified,,,,Space & Defense,2026-08-14,2026-08-14,https://asrinternationalcorp.applytojob.com/apply/jobs,known_careers_url,4,success
6cf69048e16c,2026-08-14,f7b8731a7e71,ASR International,https://www.asrintl.com/,https://asrinternationalcorp.applytojob.com/apply/jobs,Electronics Technician Maintenance III,https://asrinternationalcorp.applytojob.com/apply/jobs/details/dl5727MP1g,"Selfridge, MI",Selfridge,MI,United States,Not specified,,,,Space & Defense,2026-08-14,2026-08-14,https://asrinternationalcorp.applytojob.com/apply/jobs,known_careers_url,4,success
4d611d9582ef,2026-08-14,f7b8731a7e71,ASR International,https://www.asrintl.com/,https://asrinternationalcorp.applytojob.com/apply/jobs,Engineering Technician V,https://asrinternationalcorp.applytojob.com/apply/jobs/details/DZkZZxaITE,"Fort Hood, TX",Fort Hood,TX,United States,Not specified,,,,Space & Defense,2026-08-14,2026-08-14,https://asrinternationalcorp.applytojob.com/apply/jobs,known_careers_url,4,success
7ba4f1404840,2026-08-14,f7b8731a7e71,ASR International,https://www.asrintl.com/,https://asrinternationalcorp.applytojob.com/apply/jobs,Engineering Technician V,https://asrinternationalcorp.applytojob.com/apply/jobs/details/o25vp6ScGY,"Tyndall AFB, FL",Tyndall AFB,FL,United States,Not specified,,,,Space & Defense,2026-08-14,2026-08-14,https://asrinternationalcorp.applytojob.com/apply/jobs,known_careers_url,4,success
26c16ea94a97,2026-08-14,f7b8731a7e71,ASR International,https://www.asrintl.com/,https://asrinternationalcorp.applytojob.com/apply/jobs,Engineering Technician V,https://asrinternationalcorp.applytojob.com/apply/jobs/details/GHYuVnP1D0,"Fort Irwin, CA",Fort Irwin,CA,United States,Not specified,,,,Space & Defense,2026-08-14,2026-08-14,https://asrinternationalcorp.applytojob.com/apply/jobs,known_careers_url,4,success
70c78dee8d77,2026-08-14,f7b8731a7e71,ASR International,https://www.asrintl.com/,https://asrinternationalcorp.applytojob.com/apply/jobs,Engineering Technician V,https://asrinternationalcorp.applytojob.com/apply/jobs/details/BwQa0jfLzO,"Blue Grass Army Depot, KY",Blue Grass Army Depot,KY,United States,Not specified,,,,Space & Defense,2026-08-14,2026-08-14,https://asrinternationalcorp.applytojob.com/apply/jobs,known_careers_url,4,success
a32dd6afd23d,2026-08-14,f7b8731a7e71,ASR International,https://www.asrintl.com/,https://asrinternationalcorp.applytojob.com/apply/jobs,Engineering Technician V,https://asrinternationalcorp.applytojob.com/apply/jobs/details/Dm1je3kuW4,"Selfridge, MI",Selfridge,MI,United States,Not specified,,,,Space & Defense,2026-08-14,2026-08-14,https://asrinternationalcorp.applytojob.com/apply/jobs,known_careers_url,4,success
14f6be483896,2026-08-14,f7b8731a7e71,ASR International,https://www.asrintl.com/,https://asrinternationalcorp.applytojob.com/apply/jobs,Engineering Technician VI,https://asrinternationalcorp.applytojob.com/apply/jobs/details/AzBC67Q85x,"Blue Grass Army Depot, KY",Blue Grass Army Depot,KY,United States,Not specified,,,,Space & Defense,2026-08-14,2026-08-14,https://asrinternationalcorp.applytojob.com/apply/jobs,known_careers_url,4,success
4c63055c8585,2026-08-14,f7b8731a7e71,ASR International,https://www.asrintl.com/,https://asrinternationalcorp.applytojob.com/apply/jobs,Engineering Technician VI,https://asrinternationalcorp.applytojob.com/apply/jobs/details/4ba1Xu99wX,"Selfridge, MI",Selfridge,MI,United States,Not specified,,,,Space & Defense,2026-08-14,2026-08-14,https://asrinternationalcorp.applytojob.com/apply/jobs,known_careers_url,4,success
203788f024cd,2026-08-14,f7b8731a7e71,ASR International,https://www.asrintl.com/,https://asrinternationalcorp.applytojob.com/apply/jobs,Operations Supervisor,https://asrinternationalcorp.applytojob.com/apply/jobs/details/djhhxNrDxp,"Selfridge, MI",Selfridge,MI,United States,Not specified,,,,Space & Defense,2026-08-14,2026-08-14,https://asrinternationalcorp.applytojob.com/apply/jobs,known_careers_url,4,success
a1b24335a797,2026-08-14,f7b8731a7e71,ASR International,https://www.asrintl.com/,https://asrinternationalcorp.applytojob.com/apply/jobs,Product Support Integrator / Project Manager I,https://asrinternationalcorp.applytojob.com/apply/jobs/details/JQYWdRG1xF,"Selfridge, MI",Selfridge,MI,United States,Not specified,,,,Space & Defense,2026-08-14,2026-08-14,https://asrinternationalcorp.applytojob.com/apply/jobs,known_careers_url,4,success
331b2ef00235,2026-08-14,f7b8731a7e71,ASR International,https://www.asrintl.com/,https://asrinternationalcorp.applytojob.com/apply/jobs,Project Manager / Lead Product Support Integrator,https://asrinternationalcorp.applytojob.com/apply/jobs/details/p3kM9H87n9,"Selfridge, MI",Selfridge,MI,United States,Not specified,,,,Space & Defense,2026-08-14,2026-08-14,https://asrinternationalcorp.applytojob.com/apply/jobs,known_careers_url,4,success
7a23738b5ac7,2026-08-14,f7b8731a7e71,ASR International,https://www.asrintl.com/,https://asrinternationalcorp.applytojob.com/apply/jobs,Sr. Database Administrator,https://asrinternationalcorp.applytojob.com/apply/jobs/details/dnIGKpsYvm,"Selfridge, MI",Selfridge,MI,United States,Not specified,,,,Space & Defense,2026-08-14,2026-08-14,https://asrinternationalcorp.applytojob.com/apply/jobs,known_careers_url,4,success
918dc8cfd88d,2026-08-14,f7b8731a7e71,ASR International,https://www.asrintl.com/,https://asrinternationalcorp.applytojob.com/apply/jobs,Recruiter (Government Contracting),https://asrinternationalcorp.applytojob.com/apply/jobs/details/nnRyvfnb08,"Hauppauge, NY",Hauppauge,NY,United States,Not specified,,,,Space & Defense,2026-08-14,2026-08-14,https://asrinternationalcorp.applytojob.com/apply/jobs,known_careers_url,4,success
c92c38fcccb8,2026-08-14,f7b8731a7e71,ASR International,https://www.asrintl.com/,https://asrinternationalcorp.applytojob.com/apply/jobs,"ADMINSTRATIVE ASSISTANT - ASR Corporate Office, Hauppauge, New York",https://asrinternationalcorp.applytojob.com/apply/jobs/details/oSYUcKaGm7,"Haupppauge, NY",Haupppauge,NY,United States,Not specified,,,,Space & Defense,2026-08-14,2026-08-14,https://asrinternationalcorp.applytojob.com/apply/jobs,known_careers_url,4,success
47c96cdcf8fc,2026-08-14,f7b8731a7e71,ASR International,https://www.asrintl.com/,https://asrinternationalcorp.applytojob.com/apply/jobs,AutoCAD/GIS Support Specialist,https://asrinternationalcorp.applytojob.com/apply/jobs/details/CFG1T0VA7v,"Laurel, MD",Laurel,MD,United States,Not specified,,,,Space & Defense,2026-08-14,2026-08-14,https://asrinternationalcorp.applytojob.com/apply/jobs,known_careers_url,4,success
206a806a1118,2026-08-14,f7b8731a7e71,ASR International,https://www.asrintl.com/,https://asrinternationalcorp.applytojob.com/apply/jobs,Senior Construction Manager,https://asrinternationalcorp.applytojob.com/apply/jobs/details/KdlEs127io,"Laurel, MD",Laurel,MD,United States,Not specified,,,,Space & Defense,2026-08-14,2026-08-14,https://asrinternationalcorp.applytojob.com/apply/jobs,known_careers_url,4,success
fce7ddcbed83,2026-08-14,f7b8731a7e71,ASR International,https://www.asrintl.com/,https://asrinternationalcorp.applytojob.com/apply/jobs,Senior Office Construction Engineer,https://asrinternationalcorp.applytojob.com/apply/jobs/details/5IYbkcA0yG,"Laurel, MD",Laurel,MD,United States,Not specified,,,,Space & Defense,2026-08-14,2026-08-14,https://asrinternationalcorp.applytojob.com/apply/jobs,known_careers_url,4,success
b7525800e110,2026-08-14,f7b8731a7e71,ASR International,https://www.asrintl.com/,https://asrinternationalcorp.applytojob.com/apply/jobs,Insurance Agent Support Specialist,https://asrinternationalcorp.applytojob.com/apply/jobs/details/b9f6hcZS0i,"Hauppauge, NY",Hauppauge,NY,United States,Not specified,,,,Space & Defense,2026-08-14,2026-08-14,https://asrinternationalcorp.applytojob.com/apply/jobs,known_careers_url,4,success
6796b9fa0b30,2026-08-14,f7b8731a7e71,ASR International,https://www.asrintl.com/,https://asrinternationalcorp.applytojob.com/apply/jobs,Budget Analyst,https://asrinternationalcorp.applytojob.com/apply/jobs/details/RLzUqaJIUe,"Hauppauge, NY",Hauppauge,NY,United States,Not specified,,,,Space & Defense,2026-08-14,2026-08-14,https://asrinternationalcorp.applytojob.com/apply/jobs,known_careers_url,4,success
b3dd33f23140,2026-08-14,f7b8731a7e71,ASR International,https://www.asrintl.com/,https://asrinternationalcorp.applytojob.com/apply/jobs,Warehouse Operations Support,https://asrinternationalcorp.applytojob.com/apply/jobs/details/r9UREC7YrW,"Port Hueneme, CA",Port Hueneme,CA,United States,Not specified,,,,Space & Defense,2026-08-14,2026-08-14,https://asrinternationalcorp.applytojob.com/apply/jobs,known_careers_url,4,success
a6b87e15bfc2,2026-08-14,f7b8731a7e71,ASR International,https://www.asrintl.com/,https://asrinternationalcorp.applytojob.com/apply/jobs,Engineering Technical/Proposal Writer - Entry Level,https://asrinternationalcorp.applytojob.com/apply/jobs/details/XBSGZgZv0y,"Hauppauge, NY",Hauppauge,NY,United States,Not specified,,,,Space & Defense,2026-08-14,2026-08-14,https://asrinternationalcorp.applytojob.com/apply/jobs,known_careers_url,4,success
93d4c14397c7,2026-08-14,f7b8731a7e71,ASR International,https://www.asrintl.com/,https://asrinternationalcorp.applytojob.com/apply/jobs,Payroll Associate,https://asrinternationalcorp.applytojob.com/apply/jobs/details/RlQ0knqVZm,"Hauppauge, NY",Hauppauge,NY,United States,Not specified,,,,Space & Defense,2026-08-14,2026-08-14,https://asrinternationalcorp.applytojob.com/apply/jobs,known_careers_url,4,success
35405d1364a6,2026-08-14,f7b8731a7e71,ASR International,https://www.asrintl.com/,https://asrinternationalcorp.applytojob.com/apply/jobs,Jr. Contract Analyst/Admin,https://asrinternationalcorp.applytojob.com/apply/jobs/details/xgnxrAysaC,"Hauppauge, NY",Hauppauge,NY,United States,Not specified,,,,Space & Defense,2026-08-14,2026-08-14,https://asrinternationalcorp.applytojob.com/apply/jobs,known_careers_url,4,success
c5a1b86385bc,2026-08-14,f7b8731a7e71,ASR International,https://www.asrintl.com/,https://asrinternationalcorp.applytojob.com/apply/jobs,Construction Management Support/Field Engineer,https://asrinternationalcorp.applytojob.com/apply/jobs/details/GnwewXo9mw,"Bremerton, WA",Bremerton,WA,United States,Not specified,,,,Space & Defense,2026-08-14,2026-08-14,https://asrinternationalcorp.applytojob.com/apply/jobs,known_careers_url,4,success
061c23000c12,2026-08-14,f7b8731a7e71,ASR International,https://www.asrintl.com/,https://asrinternationalcorp.applytojob.com/apply/jobs,Project Field Engineer,https://asrinternationalcorp.applytojob.com/apply/jobs/details/ykZ3eXeJqr,"Bremerton, WA",Bremerton,WA,United States,Not specified,,,,Space & Defense,2026-08-14,2026-08-14,https://asrinternationalcorp.applytojob.com/apply/jobs,known_careers_url,4,success
e0ea4168ace7,2026-08-14,f7b8731a7e71,ASR International,https://www.asrintl.com/,https://asrinternationalcorp.applytojob.com/apply/jobs,Construction Inspector/Engineering Technician,https://asrinternationalcorp.applytojob.com/apply/jobs/details/ZszfKDngfY,"Pensacola, FL",Pensacola,FL,United States,Not specified,,,,Space & Defense,2026-08-14,2026-08-14,https://asrinternationalcorp.applytojob.com/apply/jobs,known_careers_url,4,success
0fd58b762edd,2026-08-14,f7b8731a7e71,ASR International,https://www.asrintl.com/,https://asrinternationalcorp.applytojob.com/apply/jobs,Construction Management / Surveillance Engineer (CSE),https://asrinternationalcorp.applytojob.com/apply/jobs/details/ufpzVPyALE,"Pensacola, FL",Pensacola,FL,United States,Not specified,,,,Space & Defense,2026-08-14,2026-08-14,https://asrinternationalcorp.applytojob.com/apply/jobs,known_careers_url,4,success
e9ed9835b461,2026-08-14,f7b8731a7e71,ASR International,https://www.asrintl.com/,https://asrinternationalcorp.applytojob.com/apply/jobs,Pricing/Cost Analyst - Labor (ENTRY Level),https://asrinternationalcorp.applytojob.com/apply/jobs/details/zR8MbQsjSp,"Hauppauge, NY",Hauppauge,NY,United States,Not specified,,,,Space & Defense,2026-08-14,2026-08-14,https://asrinternationalcorp.applytojob.com/apply/jobs,known_careers_url,4,success
1dae77f800ae,2026-08-14,b00ce903c871,Boeing,https://www.boeing.com/resources/boeingdotcom/government-operations/state_cards/Card_NY.pdf,https://jobs.boeing.com/,Experienced Supplier Program Manager (Strategic Sourcing & Supplier Development),https://jobs.boeing.com/job/bengaluru/experienced-supplier-program-manager-strategic-sourcing-and-supplier-development/185/95552362352,"Bengaluru, India",Bengaluru,,India,Not specified,,,,Aerospace,2026-08-14,2026-08-14,https://jobs.boeing.com/,known_careers_url,4,success
64286b67104f,2026-08-14,b00ce903c871,Boeing,https://www.boeing.com/resources/boeingdotcom/government-operations/state_cards/Card_NY.pdf,https://jobs.boeing.com/,Principal Integrated Product Support Specialist (Battlespace Communications Systems),https://jobs.boeing.com/job/brisbane/principal-integrated-product-support-specialist-battlespace-communications-systems/185/99198977168,"Brisbane, Australia",Brisbane,,Australia,Not specified,,,,Aerospace,2026-08-14,2026-08-14,https://jobs.boeing.com/,known_careers_url,4,success
5b6ecb360c92,2026-08-14,b00ce903c871,Boeing,https://www.boeing.com/resources/boeingdotcom/government-operations/state_cards/Card_NY.pdf,https://jobs.boeing.com/manufacturing-careers,Associate Avionics Repair and Modification Technician - B-52 (2400),https://jobs.boeing.com/job/san-antonio/associate-avionics-repair-and-modification-technician-b-52-2400/185/99186152464,"San Antonio, Texas, United States",San Antonio,TX,United States,Not specified,,,,Aerospace,2026-08-14,2026-08-14,https://jobs.boeing.com/manufacturing-careers,linked_page,4,success_after_fallback
b981ebc01a92,2026-08-14,b00ce903c871,Boeing,https://www.boeing.com/resources/boeingdotcom/government-operations/state_cards/Card_NY.pdf,https://jobs.boeing.com/manufacturing-careers,Experienced Avionics Repair and Modification Technician - B-52 (2400),https://jobs.boeing.com/job/san-antonio/experienced-avionics-repair-and-modification-technician-b-52-2400/185/99186152448,"San Antonio, Texas, United States",San Antonio,TX,United States,Not specified,,,,Aerospace,2026-08-14,2026-08-14,https://jobs.boeing.com/manufacturing-careers,linked_page,4,success_after_fallback
bc677f8946ae,2026-08-14,b00ce903c871,Boeing,https://www.boeing.com/resources/boeingdotcom/government-operations/state_cards/Card_NY.pdf,https://jobs.boeing.com/manufacturing-careers,Experienced General Repair and Modification Technician - B-52 (2400),https://jobs.boeing.com/job/san-antonio/experienced-general-repair-and-modification-technician-b-52-2400/185/99186152432,"San Antonio, Texas, United States",San Antonio,TX,United States,Not specified,,,,Aerospace,2026-08-14,2026-08-14,https://jobs.boeing.com/manufacturing-careers,linked_page,4,success_after_fallback
6caf220cf857,2026-08-14,b00ce903c871,Boeing,https://www.boeing.com/resources/boeingdotcom/government-operations/state_cards/Card_NY.pdf,https://jobs.boeing.com/manufacturing-careers,Manufacturing Manager,https://jobs.boeing.com/job/north-charleston/manufacturing-manager/185/97892523744,"North Charleston, South Carolina, United States",North Charleston,SC,United States,Not specified,,,,Aerospace,2026-08-14,2026-08-14,https://jobs.boeing.com/manufacturing-careers,linked_page,4,success_after_fallback
4dacf6cfdc2a,2026-08-14,b00ce903c871,Boeing,https://www.boeing.com/resources/boeingdotcom/government-operations/state_cards/Card_NY.pdf,https://jobs.boeing.com/cybersecurity-careers,Cyber Security Specialist,https://jobs.boeing.com/job/brisbane/cyber-security-specialist/185/97168971856,"Brisbane, Australia",Brisbane,,Australia,Not specified,,,,Aerospace,2026-08-14,2026-08-14,https://jobs.boeing.com/cybersecurity-careers,linked_page,4,success_after_fallback
045d0b4931d2,2026-08-14,b00ce903c871,Boeing,https://www.boeing.com/resources/boeingdotcom/government-operations/state_cards/Card_NY.pdf,https://jobs.boeing.com/cybersecurity-careers,Corporate Cybersecurity Analyst – Millennium Space Systems,https://jobs.boeing.com/job/el-segundo/corporate-cybersecurity-analyst-millennium-space-systems/185/98901410640,"El Segundo, California, United States; and other locations",El Segundo,CA,United States,Not specified,,,,Aerospace,2026-08-14,2026-08-14,https://jobs.boeing.com/cybersecurity-careers,linked_page,4,success_after_fallback
87521ac97af2,2026-08-14,b00ce903c871,Boeing,https://www.boeing.com/resources/boeingdotcom/government-operations/state_cards/Card_NY.pdf,https://jobs.boeing.com/cybersecurity-careers,Cyber Security Specialist,https://jobs.boeing.com/job/brisbane/cyber-security-specialist/185/97175652448,"Brisbane, Australia",Brisbane,,Australia,Not specified,,,,Aerospace,2026-08-14,2026-08-14,https://jobs.boeing.com/cybersecurity-careers,linked_page,4,success_after_fallback
bf96588f28d9,2026-08-14,b00ce903c871,Boeing,https://www.boeing.com/resources/boeingdotcom/government-operations/state_cards/Card_NY.pdf,https://jobs.boeing.com/data-science-and-analytics-careers,Boeing Summer 2027 Internship Program (Paid) – Data Analytics Intern,https://jobs.boeing.com/job/everett/boeing-summer-2027-internship-program-paid-data-analytics-intern/185/98720782192,"Everett, Washington, United States; and other locations",Everett,WA,United States,Not specified,,,,Aerospace,2026-08-14,2026-08-14,https://jobs.boeing.com/data-science-and-analytics-careers,linked_page,4,success_after_fallback
c5df83586922,2026-08-14,b00ce903c871,Boeing,https://www.boeing.com/resources/boeingdotcom/government-operations/state_cards/Card_NY.pdf,https://jobs.boeing.com/data-science-and-analytics-careers,Boeing Summer 2027 Internship Program (Paid) – Information Digital Technology & Security (IDT&S),https://jobs.boeing.com/job/everett/boeing-summer-2027-internship-program-paid-information-digital-technology-and-security-idt-and-s/185/98720781984,"Everett, Washington, United States; and other locations",Everett,WA,United States,Not specified,,,,Aerospace,2026-08-14,2026-08-14,https://jobs.boeing.com/data-science-and-analytics-careers,linked_page,4,success_after_fallback
20e65b058e9e,2026-08-14,b00ce903c871,Boeing,https://www.boeing.com/resources/boeingdotcom/government-operations/state_cards/Card_NY.pdf,https://jobs.boeing.com/data-science-and-analytics-careers,Boeing Summer 2027 Internship Program (Paid) - Business Operations,https://jobs.boeing.com/job/everett/boeing-summer-2027-internship-program-paid-business-operations/185/98720778416,"Everett, Washington, United States; and other locations",Everett,WA,United States,Not specified,,,,Aerospace,2026-08-14,2026-08-14,https://jobs.boeing.com/data-science-and-analytics-careers,linked_page,4,success_after_fallback
28a878d0f9c3,2026-08-14,b00ce903c871,Boeing,https://www.boeing.com/resources/boeingdotcom/government-operations/state_cards/Card_NY.pdf,https://jobs.boeing.com/data-science-and-analytics-careers,Data Platform Architect – Millennium Space Systems,https://jobs.boeing.com/job/el-segundo/data-platform-architect-millennium-space-systems/185/98814272288,"El Segundo, California, United States; and other locations",El Segundo,CA,United States,Not specified,,,,Aerospace,2026-08-14,2026-08-14,https://jobs.boeing.com/data-science-and-analytics-careers,linked_page,4,success_after_fallback
78f8249f1111,2026-08-14,b00ce903c871,Boeing,https://www.boeing.com/resources/boeingdotcom/government-operations/state_cards/Card_NY.pdf,https://jobs.boeing.com/information-technology-careers,IT Systems Administrator - Millennium Space Systems,https://jobs.boeing.com/job/el-segundo/it-systems-administrator-millennium-space-systems/185/96973127232,"El Segundo, California, United States; and other locations",El Segundo,CA,United States,Not specified,,,,Aerospace,2026-08-14,2026-08-14,https://jobs.boeing.com/information-technology-careers,linked_page,4,success_after_fallback
94a0d444e4c3,2026-08-14,b00ce903c871,Boeing,https://www.boeing.com/resources/boeingdotcom/government-operations/state_cards/Card_NY.pdf,https://jobs.boeing.com/information-technology-careers,IT Systems Engineer - Millennium Space Systems,https://jobs.boeing.com/job/el-segundo/it-systems-engineer-millennium-space-systems/185/95400981504,"El Segundo, California, United States; and other locations",El Segundo,CA,United States,Not specified,,,,Aerospace,2026-08-14,2026-08-14,https://jobs.boeing.com/information-technology-careers,linked_page,4,success_after_fallback
e8bfb7693353,2026-08-14,b00ce903c871,Boeing,https://www.boeing.com/resources/boeingdotcom/government-operations/state_cards/Card_NY.pdf,https://jobs.boeing.com/information-technology-careers,Senior Network Engineer - Millennium Space Systems,https://jobs.boeing.com/job/el-segundo/senior-network-engineer-millennium-space-systems/185/95347712112,"El Segundo, California, United States; and other locations",El Segundo,CA,United States,Not specified,,,,Aerospace,2026-08-14,2026-08-14,https://jobs.boeing.com/information-technology-careers,linked_page,4,success_after_fallback
6a4b52358479,2026-08-14,b00ce903c871,Boeing,https://www.boeing.com/resources/boeingdotcom/government-operations/state_cards/Card_NY.pdf,https://jobs.boeing.com/information-technology-careers,Technical Computing Architect (Senior or Lead),https://jobs.boeing.com/job/herndon/technical-computing-architect-senior-or-lead/185/94531695136,"Herndon, Virginia, United States",Herndon,VA,United States,Not specified,,,,Aerospace,2026-08-14,2026-08-14,https://jobs.boeing.com/information-technology-careers,linked_page,4,success_after_fallback
1e9a6103db4e,2026-08-14,b00ce903c871,Boeing,https://www.boeing.com/resources/boeingdotcom/government-operations/state_cards/Card_NY.pdf,https://jobs.boeing.com/flight-engineering-careers,Experienced Design Engineer - Mechanical Flight Controls,https://jobs.boeing.com/job/seal-beach/experienced-design-engineer-mechanical-flight-controls/185/96185881088,"Seal Beach, California, United States",Seal Beach,CA,United States,Not specified,,,,Aerospace,2026-08-14,2026-08-14,https://jobs.boeing.com/flight-engineering-careers,linked_page,4,success_after_fallback
f1a461ea7415,2026-08-14,b00ce903c871,Boeing,https://www.boeing.com/resources/boeingdotcom/government-operations/state_cards/Card_NY.pdf,https://jobs.boeing.com/flight-engineering-careers,Associate Guidance Navigation and Control (GNC) Engineer,https://jobs.boeing.com/job/berkeley/associate-guidance-navigation-and-control-gnc-engineer/185/95052836112,"Berkeley, Missouri, United States",Berkeley,MO,United States,Not specified,,,,Aerospace,2026-08-14,2026-08-14,https://jobs.boeing.com/flight-engineering-careers,linked_page,4,success_after_fallback
8ccadf1b5383,2026-08-14,b00ce903c871,Boeing,https://www.boeing.com/resources/boeingdotcom/government-operations/state_cards/Card_NY.pdf,https://jobs.boeing.com/flight-engineering-careers,Senior Design Engineer - Mechanical Flight Controls,https://jobs.boeing.com/job/seal-beach/senior-design-engineer-mechanical-flight-controls/185/93737591760,"Seal Beach, California, United States",Seal Beach,CA,United States,Not specified,,,,Aerospace,2026-08-14,2026-08-14,https://jobs.boeing.com/flight-engineering-careers,linked_page,4,success_after_fallback
ef4a80117f39,2026-08-14,b00ce903c871,Boeing,https://www.boeing.com/resources/boeingdotcom/government-operations/state_cards/Card_NY.pdf,https://jobs.boeing.com/flight-engineering-careers,Lead Design Engineer - Mechanical Flight Controls,https://jobs.boeing.com/job/seal-beach/lead-design-engineer-mechanical-flight-controls/185/93737591472,"Seal Beach, California, United States",Seal Beach,CA,United States,Not specified,,,,Aerospace,2026-08-14,2026-08-14,https://jobs.boeing.com/flight-engineering-careers,linked_page,4,success_after_fallback
c2156af7a9f4,2026-08-14,b00ce903c871,Boeing,https://www.boeing.com/resources/boeingdotcom/government-operations/state_cards/Card_NY.pdf,https://jobs.boeing.com/industrial-engineering-careers,Industrial Engineer (Associate or Mid-Level),https://jobs.boeing.com/job/wichita/industrial-engineer-associate-or-mid-level/185/94027258800,"Wichita, Kansas, United States",Wichita,KS,United States,Not specified,,,,Aerospace,2026-08-14,2026-08-14,https://jobs.boeing.com/industrial-engineering-careers,linked_page,4,success_after_fallback
95f819ee19c0,2026-08-14,b00ce903c871,Boeing,https://www.boeing.com/resources/boeingdotcom/government-operations/state_cards/Card_NY.pdf,https://jobs.boeing.com/industrial-engineering-careers,Spirit Defense - Associate Industrial Engineer,https://jobs.boeing.com/job/wichita/spirit-defense-associate-industrial-engineer/185/95087216160,"Wichita, Kansas, United States",Wichita,KS,United States,Not specified,,,,Aerospace,2026-08-14,2026-08-14,https://jobs.boeing.com/industrial-engineering-careers,linked_page,4,success_after_fallback
4cb02bef0575,2026-08-14,b00ce903c871,Boeing,https://www.boeing.com/resources/boeingdotcom/government-operations/state_cards/Card_NY.pdf,https://jobs.boeing.com/industrial-engineering-careers,Industrial Engineer (Associate or Mid-Level),https://jobs.boeing.com/job/tulsa/industrial-engineer-associate-or-mid-level/185/96566467040,"Tulsa, Oklahoma, United States",Tulsa,OK,United States,Not specified,,,,Aerospace,2026-08-14,2026-08-14,https://jobs.boeing.com/industrial-engineering-careers,linked_page,4,success_after_fallback
c59a50223bd2,2026-08-14,b00ce903c871,Boeing,https://www.boeing.com/resources/boeingdotcom/government-operations/state_cards/Card_NY.pdf,https://jobs.boeing.com/industrial-engineering-careers,Industrial Engineer (Mid-level or Senior),https://jobs.boeing.com/job/wichita/industrial-engineer-mid-level-or-senior/185/98146099760,"Wichita, Kansas, United States",Wichita,KS,United States,Not specified,,,,Aerospace,2026-08-14,2026-08-14,https://jobs.boeing.com/industrial-engineering-careers,linked_page,4,success_after_fallback
08cd4b9badfa,2026-08-14,2cdfe8725858,Bren-Tronics,https://www.bren-tronics.com/,https://jobs.enersys.com/search?q=&q2=&alertId=&locationsearch=&title=&date=&location=commack,Test Technician III,https://jobs.enersys.com/job/Commack-Test-Technician-III-NY-11725/1394556633,"Commack, NY, United States",Commack,NY,United States,Not specified,,,,Aerospace,2026-08-14,2026-08-14,https://jobs.enersys.com/search?q=&q2=&alertId=&locationsearch=&title=&date=&location=commack,known_careers_url,4,success
1e3224182459,2026-08-14,2cdfe8725858,Bren-Tronics,https://www.bren-tronics.com/,https://jobs.enersys.com/search?q=&q2=&alertId=&locationsearch=&title=&date=&location=commack,Helpdesk Technician,https://jobs.enersys.com/job/Commack-Helpdesk-Technician-NY-11725/1414827333,"Commack, NY, United States",Commack,NY,United States,Not specified,,,,Aerospace,2026-08-14,2026-08-14,https://jobs.enersys.com/search?q=&q2=&alertId=&locationsearch=&title=&date=&location=commack,known_careers_url,4,success
e55e06af8ac9,2026-08-14,2cdfe8725858,Bren-Tronics,https://www.bren-tronics.com/,https://jobs.enersys.com/search?q=&q2=&alertId=&locationsearch=&title=&date=&location=commack,Mechanical Engineer,https://jobs.enersys.com/job/Commack-Mechanical-Engineer-NY-11725/1393814433,"Commack, NY, United States",Commack,NY,United States,Not specified,,,,Aerospace,2026-08-14,2026-08-14,https://jobs.enersys.com/search?q=&q2=&alertId=&locationsearch=&title=&date=&location=commack,known_careers_url,4,success
e4da1064ea63,2026-08-14,2cdfe8725858,Bren-Tronics,https://www.bren-tronics.com/,https://jobs.enersys.com/search?q=&q2=&alertId=&locationsearch=&title=&date=&location=commack,Electrical Engineer,https://jobs.enersys.com/job/Commack-Electrical-Engineer-NY-11725/1393518033,"Commack, NY, United States",Commack,NY,United States,Not specified,,,,Aerospace,2026-08-14,2026-08-14,https://jobs.enersys.com/search?q=&q2=&alertId=&locationsearch=&title=&date=&location=commack,known_careers_url,4,success
3121343f583c,2026-08-14,2cdfe8725858,Bren-Tronics,https://www.bren-tronics.com/,https://jobs.enersys.com/search?q=&q2=&alertId=&locationsearch=&title=&date=&location=commack,Lead Electrical Engineer I,https://jobs.enersys.com/job/Commack-Lead-Electrical-Engineer-I-NY-11725/1422342233,"Commack, NY, United States",Commack,NY,United States,Not specified,,,,Aerospace,2026-08-14,2026-08-14,https://jobs.enersys.com/search?q=&q2=&alertId=&locationsearch=&title=&date=&location=commack,known_careers_url,4,success
7fd68aab3611,2026-08-14,2cdfe8725858,Bren-Tronics,https://www.bren-tronics.com/,https://jobs.enersys.com/search?q=&q2=&alertId=&locationsearch=&title=&date=&location=commack,Senior Manufacturing Engineer,https://jobs.enersys.com/job/Commack-Senior-Manufacturing-Engineer-NY-11725/1410435333,"Commack, NY, United States",Commack,NY,United States,Not specified,,,,Aerospace,2026-08-14,2026-08-14,https://jobs.enersys.com/search?q=&q2=&alertId=&locationsearch=&title=&date=&location=commack,known_careers_url,4,success
6bbc9453e327,2026-08-14,2cdfe8725858,Bren-Tronics,https://www.bren-tronics.com/,https://jobs.enersys.com/search?q=&q2=&alertId=&locationsearch=&title=&date=&location=commack,Manufacturing Engineer,https://jobs.enersys.com/job/Commack-Manufacturing-Engineer-NY-11725/1380552333,"Commack, NY, United States",Commack,NY,United States,Not specified,,,,Aerospace,2026-08-14,2026-08-14,https://jobs.enersys.com/search?q=&q2=&alertId=&locationsearch=&title=&date=&location=commack,known_careers_url,4,success
befe9653a0f7,2026-08-14,2cdfe8725858,Bren-Tronics,https://www.bren-tronics.com/,https://jobs.enersys.com/search?q=&q2=&alertId=&locationsearch=&title=&date=&location=commack,Production Manager,https://jobs.enersys.com/job/Commack-Production-Manager-NY-11725/1368745033,"Commack, NY, United States",Commack,NY,United States,Not specified,,,,Aerospace,2026-08-14,2026-08-14,https://jobs.enersys.com/search?q=&q2=&alertId=&locationsearch=&title=&date=&location=commack,known_careers_url,4,success
869b65d5f22a,2026-08-14,2cdfe8725858,Bren-Tronics,https://www.bren-tronics.com/,https://jobs.enersys.com/search?q=&q2=&alertId=&locationsearch=&title=&date=&location=commack,Senior Mechanical Engineer,https://jobs.enersys.com/job/Commack-Senior-Mechanical-Engineer-NY-11725/1279712201,"Commack, NY, United States",Commack,NY,United States,Not specified,,,,Aerospace,2026-08-14,2026-08-14,https://jobs.enersys.com/search?q=&q2=&alertId=&locationsearch=&title=&date=&location=commack,known_careers_url,4,success
5480da740e51,2026-08-14,2cdfe8725858,Bren-Tronics,https://www.bren-tronics.com/,https://jobs.enersys.com/search?q=&q2=&alertId=&locationsearch=&title=&date=&location=commack,Senior Electrical Engineer,https://jobs.enersys.com/job/Commack-Senior-Electrical-Engineer-NY-11725/1279809301,"Commack, NY, United States",Commack,NY,United States,Not specified,,,,Aerospace,2026-08-14,2026-08-14,https://jobs.enersys.com/search?q=&q2=&alertId=&locationsearch=&title=&date=&location=commack,known_careers_url,4,success
968f00799f05,2026-08-14,2cdfe8725858,Bren-Tronics,https://www.bren-tronics.com/,https://jobs.enersys.com/search?q=&q2=&alertId=&locationsearch=&title=&date=&location=commack,Planning Specialist,https://jobs.enersys.com/job/Commack-Planning-Specialist-NY-11725/1396086333,"Commack, NY, United States",Commack,NY,United States,Not specified,,,,Aerospace,2026-08-14,2026-08-14,https://jobs.enersys.com/search?q=&q2=&alertId=&locationsearch=&title=&date=&location=commack,known_careers_url,4,success
8bd8cd690ac8,2026-08-14,2cdfe8725858,Bren-Tronics,https://www.bren-tronics.com/,https://jobs.enersys.com/search?createNewAlert=false&q=&locationsearch=&optionsFacetsDD_department=,Design Engineer,https://jobs.enersys.com/job/Pinellas-Park-Design-Engineer-FL-33781/1415849833,"Commack, NY, United States",Commack,NY,United States,Not specified,,,,Aerospace,2026-08-14,2026-08-14,https://jobs.enersys.com/search?createNewAlert=false&q=&locationsearch=&optionsFacetsDD_department=,linked_page,4,success_after_fallback
2f892e6f7e60,2026-08-14,2cdfe8725858,Bren-Tronics,https://www.bren-tronics.com/,https://jobs.enersys.com/search?createNewAlert=false&q=&locationsearch=&optionsFacetsDD_department=,Power Electronics Engineer,https://jobs.enersys.com/job/Arras-Cedex-Power-Electronics-Engineer-62033/1385580333,"Commack, NY, United States",Commack,NY,United States,Not specified,,,,Aerospace,2026-08-14,2026-08-14,https://jobs.enersys.com/search?createNewAlert=false&q=&locationsearch=&optionsFacetsDD_department=,linked_page,4,success_after_fallback
7d8fe117b86d,2026-08-14,2cdfe8725858,Bren-Tronics,https://www.bren-tronics.com/,https://jobs.enersys.com/search?createNewAlert=false&q=&locationsearch=&optionsFacetsDD_department=,Field Service Technician II,https://jobs.enersys.com/job/Anytown-Field-Service-Technician-II-AB-T1X-0L3/1405289533,"Commack, NY, United States",Commack,NY,United States,Not specified,,,,Aerospace,2026-08-14,2026-08-14,https://jobs.enersys.com/search?createNewAlert=false&q=&locationsearch=&optionsFacetsDD_department=,linked_page,4,success_after_fallback
6bd32f18f89c,2026-08-14,2cdfe8725858,Bren-Tronics,https://www.bren-tronics.com/,https://jobs.enersys.com/search?createNewAlert=false&q=&locationsearch=&optionsFacetsDD_department=,Strategic Sourcing Manager Indirect CapEx,https://jobs.enersys.com/job/Reading-Strategic-Sourcing-Manager-Indirect-CapEx-PA-19605/1394535633,"Commack, NY, United States",Commack,NY,United States,Not specified,,,,Aerospace,2026-08-14,2026-08-14,https://jobs.enersys.com/search?createNewAlert=false&q=&locationsearch=&optionsFacetsDD_department=,linked_page,4,success_after_fallback
0ce4e22f2fb7,2026-08-14,2cdfe8725858,Bren-Tronics,https://www.bren-tronics.com/,https://jobs.enersys.com/search?createNewAlert=false&q=&locationsearch=&optionsFacetsDD_department=,Environmental Health and Safety Technician,https://jobs.enersys.com/job/Hays-Environmental-Health-and-Safety-Technician-KS-67601/1405241933,"Commack, NY, United States",Commack,NY,United States,Not specified,,,,Aerospace,2026-08-14,2026-08-14,https://jobs.enersys.com/search?createNewAlert=false&q=&locationsearch=&optionsFacetsDD_department=,linked_page,4,success_after_fallback
bbc17e4c38a1,2026-08-14,2cdfe8725858,Bren-Tronics,https://www.bren-tronics.com/,https://jobs.enersys.com/search?createNewAlert=false&q=&locationsearch=&optionsFacetsDD_department=,Field Service Technician III,https://jobs.enersys.com/job/Anytown-Field-Service-Technician-III-AB-T1X-0L3/1405289433,"Commack, NY, United States",Commack,NY,United States,Not specified,,,,Aerospace,2026-08-14,2026-08-14,https://jobs.enersys.com/search?createNewAlert=false&q=&locationsearch=&optionsFacetsDD_department=,linked_page,4,success_after_fallback
9d901322b459,2026-08-14,2cdfe8725858,Bren-Tronics,https://www.bren-tronics.com/,https://jobs.enersys.com/search?createNewAlert=false&q=&locationsearch=&optionsFacetsDD_department=,Field Service Technician I,https://jobs.enersys.com/job/Anytown-Field-Service-Technician-I-GA-30093/1426201433,"Commack, NY, United States",Commack,NY,United States,Not specified,,,,Aerospace,2026-08-14,2026-08-14,https://jobs.enersys.com/search?createNewAlert=false&q=&locationsearch=&optionsFacetsDD_department=,linked_page,4,success_after_fallback
f7f00adc7c67,2026-08-14,2cdfe8725858,Bren-Tronics,https://www.bren-tronics.com/,https://jobs.enersys.com/search?createNewAlert=false&q=&locationsearch=&optionsFacetsDD_department=,Production Coordinator,https://jobs.enersys.com/job/Springfield-Production-Coordinator-MO-65802/1426251333,"Commack, NY, United States",Commack,NY,United States,Not specified,,,,Aerospace,2026-08-14,2026-08-14,https://jobs.enersys.com/search?createNewAlert=false&q=&locationsearch=&optionsFacetsDD_department=,linked_page,4,success_after_fallback
760fbaf6b606,2026-08-14,2cdfe8725858,Bren-Tronics,https://www.bren-tronics.com/,https://jobs.enersys.com/search?createNewAlert=false&q=&locationsearch=&optionsFacetsDD_department=,Production Operator,https://jobs.enersys.com/job/Richmond-Production-Operator-KY-40475/1426348833,"Commack, NY, United States",Commack,NY,United States,Not specified,,,,Aerospace,2026-08-14,2026-08-14,https://jobs.enersys.com/search?createNewAlert=false&q=&locationsearch=&optionsFacetsDD_department=,linked_page,4,success_after_fallback
ca1761cda5f6,2026-08-14,2cdfe8725858,Bren-Tronics,https://www.bren-tronics.com/,https://jobs.enersys.com/search?createNewAlert=false&q=&locationsearch=&optionsFacetsDD_department=,Business Financial Analyst,https://jobs.enersys.com/job/Reading-Business-Financial-Analyst-PA-19605/1426244433,"Commack, NY, United States",Commack,NY,United States,Not specified,,,,Aerospace,2026-08-14,2026-08-14,https://jobs.enersys.com/search?createNewAlert=false&q=&locationsearch=&optionsFacetsDD_department=,linked_page,4,success_after_fallback
2072ba115990,2026-08-14,2cdfe8725858,Bren-Tronics,https://www.bren-tronics.com/,https://jobs.enersys.com/search?createNewAlert=false&q=&locationsearch=&optionsFacetsDD_department=,Administrative Assistant II,https://jobs.enersys.com/job/Burnaby-Administrative-Assistant-II-Brit-V5J-5M4/1426326233,"Commack, NY, United States",Commack,NY,United States,Not specified,,,,Aerospace,2026-08-14,2026-08-14,https://jobs.enersys.com/search?createNewAlert=false&q=&locationsearch=&optionsFacetsDD_department=,linked_page,4,success_after_fallback
e2a5d888c5ab,2026-08-14,2cdfe8725858,Bren-Tronics,https://www.bren-tronics.com/,https://jobs.enersys.com/search?createNewAlert=false&q=&locationsearch=&optionsFacetsDD_department=,Production Operator,https://jobs.enersys.com/job/Bielsko-Bia%C5%82a-Production-Operator-43-300/1414679733,"Commack, NY, United States",Commack,NY,United States,Not specified,,,,Aerospace,2026-08-14,2026-08-14,https://jobs.enersys.com/search?createNewAlert=false&q=&locationsearch=&optionsFacetsDD_department=,linked_page,4,success_after_fallback
21da58e19e41,2026-08-14,2cdfe8725858,Bren-Tronics,https://www.bren-tronics.com/,https://jobs.enersys.com/search?createNewAlert=false&q=&locationsearch=&optionsFacetsDD_department=,Lead Quality Technician,https://jobs.enersys.com/job/Horsham-Lead-Quality-Technician-PA-19044/1415005533,"Commack, NY, United States",Commack,NY,United States,Not specified,,,,Aerospace,2026-08-14,2026-08-14,https://jobs.enersys.com/search?createNewAlert=false&q=&locationsearch=&optionsFacetsDD_department=,linked_page,4,success_after_fallback
ddde7d10c289,2026-08-14,2cdfe8725858,Bren-Tronics,https://www.bren-tronics.com/,https://jobs.enersys.com/search?createNewAlert=false&q=&locationsearch=&optionsFacetsDD_department=,Strategic Sourcing & Procurement Specialist,https://jobs.enersys.com/job/Largo-Strategic-Sourcing-&-Procurement-Specialist-FL-33777/1414951233,"Commack, NY, United States",Commack,NY,United States,Not specified,,,,Aerospace,2026-08-14,2026-08-14,https://jobs.enersys.com/search?createNewAlert=false&q=&locationsearch=&optionsFacetsDD_department=,linked_page,4,success_after_fallback
b383a28aa299,2026-08-14,2cdfe8725858,Bren-Tronics,https://www.bren-tronics.com/,https://jobs.enersys.com/search?createNewAlert=false&q=&locationsearch=&optionsFacetsDD_department=,Field Service Manager EMEA,https://jobs.enersys.com/job/Field-Service-Manager-EMEA/1414598533,"Commack, NY, United States",Commack,NY,United States,Not specified,,,,Aerospace,2026-08-14,2026-08-14,https://jobs.enersys.com/search?createNewAlert=false&q=&locationsearch=&optionsFacetsDD_department=,linked_page,4,success_after_fallback
2f5c08652b7b,2026-08-14,2cdfe8725858,Bren-Tronics,https://www.bren-tronics.com/,https://jobs.enersys.com/search?createNewAlert=false&q=&locationsearch=&optionsFacetsDD_department=,Senior Program Manager,https://jobs.enersys.com/job/Largo-Senior-Program-Manager-FL-33777/1414950933,"Commack, NY, United States",Commack,NY,United States,Not specified,,,,Aerospace,2026-08-14,2026-08-14,https://jobs.enersys.com/search?createNewAlert=false&q=&locationsearch=&optionsFacetsDD_department=,linked_page,4,success_after_fallback
f5835ac9dc89,2026-08-14,2cdfe8725858,Bren-Tronics,https://www.bren-tronics.com/,https://jobs.enersys.com/search?createNewAlert=false&q=&locationsearch=&optionsFacetsDD_department=,Production Operator,https://jobs.enersys.com/job/Bielsko-Bia%C5%82a-Production-Operator-43-300/1414680633,"Commack, NY, United States",Commack,NY,United States,Not specified,,,,Aerospace,2026-08-14,2026-08-14,https://jobs.enersys.com/search?createNewAlert=false&q=&locationsearch=&optionsFacetsDD_department=,linked_page,4,success_after_fallback
eec4855a6cdd,2026-08-14,d3ecafe64223,Calspan Air Services,https://www.calspanairservices.com/,https://careers2-calspan.icims.com/jobs/2623/customer-service-agent/job,Customer Service Agent,https://careers2-calspan.icims.com/jobs/2623/customer-service-agent/job,"Niagara Falls, NY, US",Niagara Falls,NY,United States,Not specified,,,Operations,Aerospace,2026-08-14,2026-08-14,https://careers2-calspan.icims.com/jobs/2623/customer-service-agent/job,ats_detected,4,success_after_fallback
5035ff818551,2026-08-14,234e92c8de3f,Calspan Business Park,https://calspan.com/,https://careers-calspan.icims.com/jobs/search,Job Title Systems Administrator,https://careers-calspan.icims.com/jobs/2543/systems-administrator%c2%a0/job,"Buffalo, NY, United States",Buffalo,NY,United States,Not specified,,,,Aerospace,2026-08-14,2026-08-14,https://careers-calspan.icims.com/jobs/search,known_careers_url,5,success
133abdb9a697,2026-08-14,234e92c8de3f,Calspan Business Park,https://calspan.com/,https://careers-calspan.icims.com/jobs/search,Job Title Senior Project Manager,https://careers-calspan.icims.com/jobs/2635/senior-project-manager/job,"Buffalo, NY, United States",Buffalo,NY,United States,Not specified,,,,Aerospace,2026-08-14,2026-08-14,https://careers-calspan.icims.com/jobs/search,known_careers_url,5,success
9661bf1f5929,2026-08-14,234e92c8de3f,Calspan Business Park,https://calspan.com/,https://careers-calspan.icims.com/jobs/search,Job Title Test Technician - TIRE,https://careers-calspan.icims.com/jobs/2604/test-technician---tire/job,"Buffalo, NY, United States",Buffalo,NY,United States,Not specified,,,,Aerospace,2026-08-14,2026-08-14,https://careers-calspan.icims.com/jobs/search,known_careers_url,5,success
0b0a1ff549c7,2026-08-14,234e92c8de3f,Calspan Business Park,https://calspan.com/,https://careers-calspan.icims.com/jobs/search,"Job Title Supervisor, Testing Operations",https://careers-calspan.icims.com/jobs/2606/supervisor%2c-testing-operations/job,"Buffalo, NY, United States",Buffalo,NY,United States,Not specified,,,,Aerospace,2026-08-14,2026-08-14,https://careers-calspan.icims.com/jobs/search,known_careers_url,5,success
00eef30a6ede,2026-08-14,234e92c8de3f,Calspan Business Park,https://calspan.com/,https://careers-calspan.icims.com/jobs/search,Job Title Technician,https://careers-calspan.icims.com/jobs/2631/technician/job,"Buffalo, NY, United States",Buffalo,NY,United States,Not specified,,,,Aerospace,2026-08-14,2026-08-14,https://careers-calspan.icims.com/jobs/search,known_careers_url,5,success
08b20a05908d,2026-08-14,234e92c8de3f,Calspan Business Park,https://calspan.com/,https://careers-calspan.icims.com/jobs/search,Job Title Engineering Technician,https://careers-calspan.icims.com/jobs/2630/engineering-technician/job,"Buffalo, NY, United States",Buffalo,NY,United States,Not specified,,,,Aerospace,2026-08-14,2026-08-14,https://careers-calspan.icims.com/jobs/search,known_careers_url,5,success
5e97562d44e9,2026-08-14,234e92c8de3f,Calspan Business Park,https://calspan.com/,https://careers-calspan.icims.com/jobs/search,Job Title HVAC Technician,https://careers-calspan.icims.com/jobs/2608/hvac-technician/job,"Buffalo, NY, United States",Buffalo,NY,United States,Not specified,,,,Aerospace,2026-08-14,2026-08-14,https://careers-calspan.icims.com/jobs/search,known_careers_url,5,success
8cdf91017e92,2026-08-14,234e92c8de3f,Calspan Business Park,https://calspan.com/,https://careers-calspan.icims.com/jobs/search,Job Title Principal Systems Software Engineer - Jet Engine Test Cells,https://careers-calspan.icims.com/jobs/2500/principal-systems-software-engineer---jet-engine-test-cells/job,"Buffalo, NY, United States",Buffalo,NY,United States,Not specified,,,,Aerospace,2026-08-14,2026-08-14,https://careers-calspan.icims.com/jobs/search,known_careers_url,5,success
a5ff33a43056,2026-08-14,234e92c8de3f,Calspan Business Park,https://calspan.com/,https://careers-calspan.icims.com/jobs/search,Job Title Technician,https://careers-calspan.icims.com/jobs/2601/technician/job,"Buffalo, NY, United States",Buffalo,NY,United States,Not specified,,,,Aerospace,2026-08-14,2026-08-14,https://careers-calspan.icims.com/jobs/search,known_careers_url,5,success
bea45761b69f,2026-08-14,234e92c8de3f,Calspan Business Park,https://calspan.com/,https://careers-calspan.icims.com/jobs/search,Job Title Automotive Technician,https://careers-calspan.icims.com/jobs/2603/automotive-technician/job,"Buffalo, NY, United States",Buffalo,NY,United States,Not specified,,,,Aerospace,2026-08-14,2026-08-14,https://careers-calspan.icims.com/jobs/search,known_careers_url,5,success
2e982c46f123,2026-08-14,234e92c8de3f,Calspan Business Park,https://calspan.com/,https://careers-calspan.icims.com/jobs/search,Job Title Mechanical Assembly Technician,https://careers-calspan.icims.com/jobs/2579/mechanical-assembly-technician/job,"Buffalo, NY, United States",Buffalo,NY,United States,Not specified,,,,Aerospace,2026-08-14,2026-08-14,https://careers-calspan.icims.com/jobs/search,known_careers_url,5,success
1a181099542b,2026-08-14,234e92c8de3f,Calspan Business Park,https://calspan.com/,https://careers-calspan.icims.com/jobs/search,Job Title Controls and Instrumentation Designer,https://careers-calspan.icims.com/jobs/2628/controls-and-instrumentation-designer/job,"Buffalo, NY, United States",Buffalo,NY,United States,Not specified,,,,Aerospace,2026-08-14,2026-08-14,https://careers-calspan.icims.com/jobs/search,known_careers_url,5,success
9bd406987816,2026-08-14,234e92c8de3f,Calspan Business Park,https://calspan.com/,https://careers-calspan.icims.com/jobs/search,Job Title IT Support Specialist,https://careers-calspan.icims.com/jobs/2619/it-support-specialist/job,"Buffalo, NY, United States",Buffalo,NY,United States,Not specified,,,,Aerospace,2026-08-14,2026-08-14,https://careers-calspan.icims.com/jobs/search,known_careers_url,5,success
b59fa2a18c8b,2026-08-14,234e92c8de3f,Calspan Business Park,https://calspan.com/,https://careers-calspan.icims.com/jobs/search,Job Title Sr. Mechanical Engineer,https://careers-calspan.icims.com/jobs/2612/sr.-mechanical-engineer/job,"Buffalo, NY, United States",Buffalo,NY,United States,Not specified,,,,Aerospace,2026-08-14,2026-08-14,https://careers-calspan.icims.com/jobs/search,known_careers_url,5,success
2ad1bff06ca1,2026-08-14,234e92c8de3f,Calspan Business Park,https://calspan.com/,https://careers-calspan.icims.com/jobs/2543/systems-administrator%C2%A0/job,Systems Administrator%C2%A0,https://careers-calspan.icims.com/jobs/2543/systems-administrator%C2%A0/job,"Buffalo, NY, United States",Buffalo,NY,United States,Not specified,,,,Aerospace,2026-08-14,2026-08-14,https://careers-calspan.icims.com/jobs/2543/systems-administrator%C2%A0/job,ats_detected,5,success_after_fallback
44da5226ab80,2026-08-14,234e92c8de3f,Calspan Business Park,https://calspan.com/,https://careers-calspan.icims.com/jobs/2543/systems-administrator%C2%A0/job,Systems Administrator%C2%A0,https://careers-calspan.icims.com/jobs/2543/systems-administrator%c2%a0/referral,"Buffalo, NY, United States",Buffalo,NY,United States,Not specified,,,,Aerospace,2026-08-14,2026-08-14,https://careers-calspan.icims.com/jobs/2543/systems-administrator%C2%A0/job,ats_detected,5,success_after_fallback
19acde357d3c,2026-08-14,234e92c8de3f,Calspan Business Park,https://calspan.com/,https://careers-calspan.icims.com/jobs/2635/senior-project-manager/job,Senior Project Manager,https://careers-calspan.icims.com/jobs/2635/senior-project-manager/referral,"Buffalo, NY, United States",Buffalo,NY,United States,Not specified,,,,Aerospace,2026-08-14,2026-08-14,https://careers-calspan.icims.com/jobs/2635/senior-project-manager/job,ats_detected,5,success_after_fallback
9feffc538066,2026-08-14,234e92c8de3f,Calspan Business Park,https://calspan.com/,https://careers-calspan.icims.com/jobs/2604/test-technician---tire/job,Test Technician Tire,https://careers-calspan.icims.com/jobs/2604/test-technician---tire/referral,"Buffalo, NY, United States",Buffalo,NY,United States,Not specified,,,,Aerospace,2026-08-14,2026-08-14,https://careers-calspan.icims.com/jobs/2604/test-technician---tire/job,ats_detected,5,success_after_fallback
0e77f9b7d175,2026-08-14,234e92c8de3f,Calspan Business Park,https://calspan.com/,https://careers-calspan.icims.com/jobs/2606/supervisor%2C-testing-operations/job,Supervisor%2C Testing Operations,https://careers-calspan.icims.com/jobs/2606/supervisor%2C-testing-operations/job,"Buffalo, NY, United States",Buffalo,NY,United States,Not specified,,,,Aerospace,2026-08-14,2026-08-14,https://careers-calspan.icims.com/jobs/2606/supervisor%2C-testing-operations/job,ats_detected,5,success_after_fallback
38c660220012,2026-08-14,234e92c8de3f,Calspan Business Park,https://calspan.com/,https://careers-calspan.icims.com/jobs/2606/supervisor%2C-testing-operations/job,Supervisor%2C Testing Operations,https://careers-calspan.icims.com/jobs/2606/supervisor%2c-testing-operations/referral,"Buffalo, NY, United States",Buffalo,NY,United States,Not specified,,,,Aerospace,2026-08-14,2026-08-14,https://careers-calspan.icims.com/jobs/2606/supervisor%2C-testing-operations/job,ats_detected,5,success_after_fallback
44b86ae4002b,2026-08-14,234e92c8de3f,Calspan Business Park,https://calspan.com/,https://careers-calspan.icims.com/jobs/2630/engineering-technician/job,Engineering Technician,https://careers-calspan.icims.com/jobs/2630/engineering-technician/referral,"Buffalo, NY, United States",Buffalo,NY,United States,Not specified,,,,Aerospace,2026-08-14,2026-08-14,https://careers-calspan.icims.com/jobs/2630/engineering-technician/job,ats_detected,5,success_after_fallback
abe7f9cebf52,2026-08-14,234e92c8de3f,Calspan Business Park,https://calspan.com/,https://careers-calspan.icims.com/jobs/2608/hvac-technician/job,Hvac Technician,https://careers-calspan.icims.com/jobs/2608/hvac-technician/referral,"Buffalo, NY, United States",Buffalo,NY,United States,Not specified,,,,Aerospace,2026-08-14,2026-08-14,https://careers-calspan.icims.com/jobs/2608/hvac-technician/job,ats_detected,5,success_after_fallback
74934588b269,2026-08-14,babc8fbe4ec9,Crover,https://www.crover.tech/,https://www.smartrecruiters.com/?utm_source=referral&utm_medium=careerwebsitepage&utm_campaign=careerwebsite&utm_content=none&km_partner=none&km_adgroup=none&utm_term=none&km_matchtype=none,Hiring Managers,https://www.smartrecruiters.com/role/talent-acquisition,"Geneva, NY, United States",Geneva,NY,United States,Not specified,,,,Core Space,2026-08-14,2026-08-14,https://www.smartrecruiters.com/?utm_source=referral&utm_medium=careerwebsitepage&utm_campaign=careerwebsite&utm_content=none&km_partner=none&km_adgroup=none&utm_term=none&km_matchtype=none,ats_detected,4,success_after_fallback
b11bae175a23,2026-08-14,babc8fbe4ec9,Crover,https://www.crover.tech/,https://www.smartrecruiters.com/?utm_source=referral&utm_medium=careerwebsitepage&utm_campaign=careerwebsite&utm_content=none&km_partner=none&km_adgroup=none&utm_term=none&km_matchtype=none,Hiring Managers,https://www.smartrecruiters.com/role/hiring-manager,"Geneva, NY, United States",Geneva,NY,United States,Not specified,,,,Core Space,2026-08-14,2026-08-14,https://www.smartrecruiters.com/?utm_source=referral&utm_medium=careerwebsitepage&utm_campaign=careerwebsite&utm_content=none&km_partner=none&km_adgroup=none&utm_term=none&km_matchtype=none,ats_detected,4,success_after_fallback
8e4c7afd2511,2026-08-14,babc8fbe4ec9,Crover,https://www.crover.tech/,https://www.smartrecruiters.com/?utm_source=referral&utm_medium=careerwebsitepage&utm_campaign=careerwebsite&utm_content=none&km_partner=none&km_adgroup=none&utm_term=none&km_matchtype=none,Hiring Managers,https://www.smartrecruiters.com/role/hr,"Geneva, NY, United States",Geneva,NY,United States,Not specified,,,,Core Space,2026-08-14,2026-08-14,https://www.smartrecruiters.com/?utm_source=referral&utm_medium=careerwebsitepage&utm_campaign=careerwebsite&utm_content=none&km_partner=none&km_adgroup=none&utm_term=none&km_matchtype=none,ats_detected,4,success_after_fallback
e942ee7fb593,2026-08-14,babc8fbe4ec9,Crover,https://www.crover.tech/,https://www.smartrecruiters.com/?utm_source=referral&utm_medium=careerwebsitepage&utm_campaign=careerwebsite&utm_content=none&km_partner=none&km_adgroup=none&utm_term=none&km_matchtype=none,Hiring Managers,https://www.smartrecruiters.com/role/it,"Geneva, NY, United States",Geneva,NY,United States,Not specified,,,,Core Space,2026-08-14,2026-08-14,https://www.smartrecruiters.com/?utm_source=referral&utm_medium=careerwebsitepage&utm_campaign=careerwebsite&utm_content=none&km_partner=none&km_adgroup=none&utm_term=none&km_matchtype=none,ats_detected,4,success_after_fallback
675011ceb6de,2026-08-14,babc8fbe4ec9,Crover,https://www.crover.tech/,https://www.smartrecruiters.com/?utm_source=referral&utm_medium=careerwebsitepage&utm_campaign=careerwebsite&utm_content=none&km_partner=none&km_adgroup=none&utm_term=none&km_matchtype=none,Hiring Managers,https://www.smartrecruiters.com/role/finance,"Geneva, NY, United States",Geneva,NY,United States,Not specified,,,,Core Space,2026-08-14,2026-08-14,https://www.smartrecruiters.com/?utm_source=referral&utm_medium=careerwebsitepage&utm_campaign=careerwebsite&utm_content=none&km_partner=none&km_adgroup=none&utm_term=none&km_matchtype=none,ats_detected,4,success_after_fallback
2c4b3b743564,2026-08-14,bad1b820268a,Dawn Aerospace,https://www.dawnaerospace.com/,https://job-boards.anz.greenhouse.io/dawnaerospace,"Intern – Thruster Development Delft, South Holland, Netherlands",https://job-boards.anz.greenhouse.io/dawnaerospace/jobs/4004992201,"Delft, South Holland, Netherlands",Delft,South Holland,Netherlands,Not specified,,,,Core Space,2026-08-14,2026-08-14,https://job-boards.anz.greenhouse.io/dawnaerospace,ats_detected,5,success_after_fallback
447dcb8fbda1,2026-08-14,bad1b820268a,Dawn Aerospace,https://www.dawnaerospace.com/,https://job-boards.anz.greenhouse.io/dawnaerospace,"Junior / Intermediate Project Manager – Space Propulsion Delft, South Holland, Netherlands",https://job-boards.anz.greenhouse.io/dawnaerospace/jobs/4000883201,"Delft, South Holland, Netherlands",Delft,South Holland,Netherlands,Not specified,,,,Core Space,2026-08-14,2026-08-14,https://job-boards.anz.greenhouse.io/dawnaerospace,ats_detected,5,success_after_fallback
1c77a31bbee1,2026-08-14,bad1b820268a,Dawn Aerospace,https://www.dawnaerospace.com/,https://job-boards.anz.greenhouse.io/dawnaerospace,"PhD Research Opportunities (University of Canterbury & Dawn Aerospace) New Christchurch, Canterbury, New Zealand",https://job-boards.anz.greenhouse.io/dawnaerospace/jobs/4005543201,"Manhattan, NY, United States",Manhattan,NY,United States,Not specified,,,,Core Space,2026-08-14,2026-08-14,https://job-boards.anz.greenhouse.io/dawnaerospace,ats_detected,5,success_after_fallback
c94117e1163d,2026-08-14,bad1b820268a,Dawn Aerospace,https://www.dawnaerospace.com/,https://job-boards.anz.greenhouse.io/dawnaerospace,"Satellite Communications Engineer Delft, South Holland, Netherlands",https://job-boards.anz.greenhouse.io/dawnaerospace/jobs/4001647201,"Delft, South Holland, Netherlands",Delft,South Holland,Netherlands,Not specified,,,,Core Space,2026-08-14,2026-08-14,https://job-boards.anz.greenhouse.io/dawnaerospace,ats_detected,5,success_after_fallback
096dbf50f162,2026-08-14,bad1b820268a,Dawn Aerospace,https://www.dawnaerospace.com/,https://job-boards.anz.greenhouse.io/dawnaerospace,"Satellite RF Hardware & Operations Engineer Delft, South Holland, Netherlands",https://job-boards.anz.greenhouse.io/dawnaerospace/jobs/4000878201,"Delft, South Holland, Netherlands",Delft,South Holland,Netherlands,Not specified,,,,Core Space,2026-08-14,2026-08-14,https://job-boards.anz.greenhouse.io/dawnaerospace,ats_detected,5,success_after_fallback
5a2b0a951f06,2026-08-14,bad1b820268a,Dawn Aerospace,https://www.dawnaerospace.com/,https://job-boards.anz.greenhouse.io/dawnaerospace,"Software Developer Internship – Embedded Linux Delft, South Holland, Netherlands",https://job-boards.anz.greenhouse.io/dawnaerospace/jobs/4004658201,"Delft, South Holland, Netherlands",Delft,South Holland,Netherlands,Not specified,,,,Core Space,2026-08-14,2026-08-14,https://job-boards.anz.greenhouse.io/dawnaerospace,ats_detected,5,success_after_fallback
b63f7993dadc,2026-08-14,bad1b820268a,Dawn Aerospace,https://www.dawnaerospace.com/,https://job-boards.anz.greenhouse.io/dawnaerospace,"Aircraft Maintenance Technician New Christchurch, Canterbury, New Zealand",https://job-boards.anz.greenhouse.io/dawnaerospace/jobs/4005539201,"Manhattan, NY, United States",Manhattan,NY,United States,Not specified,,,,Core Space,2026-08-14,2026-08-14,https://job-boards.anz.greenhouse.io/dawnaerospace,ats_detected,5,success_after_fallback
6ac4ed7744dc,2026-08-14,bad1b820268a,Dawn Aerospace,https://www.dawnaerospace.com/,https://job-boards.anz.greenhouse.io/dawnaerospace,"Senior Systems Engineer - Spaceplane Christchurch, Canterbury, New Zealand",https://job-boards.anz.greenhouse.io/dawnaerospace/jobs/4005444201,"Manhattan, NY, United States",Manhattan,NY,United States,Not specified,,,,Core Space,2026-08-14,2026-08-14,https://job-boards.anz.greenhouse.io/dawnaerospace,ats_detected,5,success_after_fallback
d53f21f5f126,2026-08-14,bad1b820268a,Dawn Aerospace,https://www.dawnaerospace.com/,https://job-boards.anz.greenhouse.io/dawnaerospace,"Facilities & Workplace Coordinator (Part-Time) New Christchurch, Canterbury, New Zealand",https://job-boards.anz.greenhouse.io/dawnaerospace/jobs/4005420201,"Manhattan, NY, United States",Manhattan,NY,United States,Not specified,,,,Core Space,2026-08-14,2026-08-14,https://job-boards.anz.greenhouse.io/dawnaerospace,ats_detected,5,success_after_fallback
3406a1d2dfa6,2026-08-14,bad1b820268a,Dawn Aerospace,https://www.dawnaerospace.com/,https://job-boards.anz.greenhouse.io/dawnaerospace,"Compliance & Export Controls Specialist Christchurch, Canterbury, New Zealand",https://job-boards.anz.greenhouse.io/dawnaerospace/jobs/4005442201,"Manhattan, NY, United States",Manhattan,NY,United States,Not specified,,,,Core Space,2026-08-14,2026-08-14,https://job-boards.anz.greenhouse.io/dawnaerospace,ats_detected,5,success_after_fallback
1db33c6f93cb,2026-08-14,bad1b820268a,Dawn Aerospace,https://www.dawnaerospace.com/,https://job-boards.anz.greenhouse.io/dawnaerospace,Head of Defence Sales – Germany Germany,https://job-boards.anz.greenhouse.io/dawnaerospace/jobs/4004923201,"Manhattan, NY, United States",Manhattan,NY,United States,Not specified,,,,Core Space,2026-08-14,2026-08-14,https://job-boards.anz.greenhouse.io/dawnaerospace,ats_detected,5,success_after_fallback
2c974b67f5ad,2026-08-14,ba37ca62f760,echo3D,https://www.echo3d.co/,https://www.echo3d.com/about/careers,Enterprise Sales Executive B2B,https://wellfound.com/jobs/3529921-enterprise-sales-executive-b2b,"Manhattan, NY, United States",Manhattan,NY,United States,Remote,,,,Core Space,2026-08-14,2026-08-14,https://www.echo3d.com/about/careers,known_careers_url,4,success
bb9a4a219de8,2026-08-14,ba37ca62f760,echo3D,https://www.echo3d.co/,https://www.echo3d.com/about/careers,Software Engineer,https://wellfound.com/jobs/1749640-software-engineer,"Manhattan, NY, United States",Manhattan,NY,United States,Remote,,,,Core Space,2026-08-14,2026-08-14,https://www.echo3d.com/about/careers,known_careers_url,4,success
6f8ce2b1166e,2026-08-14,ba37ca62f760,echo3D,https://www.echo3d.co/,https://wellfound.com/jobs/3529921-enterprise-sales-executive-b2b,Manager - Business Development (North America) - full time $90k – $105k,https://wellfound.com/jobs/2282687-manager-business-development-north-america-full-time,"Manhattan, NY, United States",Manhattan,NY,United States,Not specified,,,,Core Space,2026-08-14,2026-08-14,https://wellfound.com/jobs/3529921-enterprise-sales-executive-b2b,linked_page,4,success_after_fallback
8533e87ca635,2026-08-14,ba37ca62f760,echo3D,https://www.echo3d.co/,https://wellfound.com/jobs/3529921-enterprise-sales-executive-b2b,Scientific Implementation Associate $80k – $80k • 0.005% – 0.025%,https://wellfound.com/jobs/3126751-scientific-implementation-associate,"Manhattan, NY, United States",Manhattan,NY,United States,Not specified,,,,Core Space,2026-08-14,2026-08-14,https://wellfound.com/jobs/3529921-enterprise-sales-executive-b2b,linked_page,4,success_after_fallback
7461e070df11,2026-08-14,ba37ca62f760,echo3D,https://www.echo3d.co/,https://wellfound.com/jobs/3529921-enterprise-sales-executive-b2b,Customer Onboarding Specialist - FinTech SaaS $70k – $105k • 0.0% – 0.5%,https://wellfound.com/jobs/3162208-customer-success-specialist-financial-systems,"Manhattan, NY, United States",Manhattan,NY,United States,Not specified,,,,Core Space,2026-08-14,2026-08-14,https://wellfound.com/jobs/3529921-enterprise-sales-executive-b2b,linked_page,4,success_after_fallback
392507830aa7,2026-08-14,ba37ca62f760,echo3D,https://www.echo3d.co/,https://wellfound.com/jobs/3529921-enterprise-sales-executive-b2b,Sales Development Representative (SDR) $80k – $100k,https://wellfound.com/jobs/3203228-sales-development-representative-sdr,"Manhattan, NY, United States",Manhattan,NY,United States,Not specified,,,,Core Space,2026-08-14,2026-08-14,https://wellfound.com/jobs/3529921-enterprise-sales-executive-b2b,linked_page,4,success_after_fallback
c987b9eddebc,2026-08-14,ba37ca62f760,echo3D,https://www.echo3d.co/,https://wellfound.com/jobs/3529921-enterprise-sales-executive-b2b,Investor Relations Manager $60k – $120k • 0.1% – 0.3%,https://wellfound.com/jobs/3233075-investor-relations-manager,"Manhattan, NY, United States",Manhattan,NY,United States,Not specified,,,,Core Space,2026-08-14,2026-08-14,https://wellfound.com/jobs/3529921-enterprise-sales-executive-b2b,linked_page,4,success_after_fallback
6af96a9e4a14,2026-08-14,ba37ca62f760,echo3D,https://www.echo3d.co/,https://wellfound.com/jobs,"Senior Software Engineer, Python",https://wellfound.com/jobs/4589333-senior-software-engineer-python,Remote,,,,Remote,,,,Core Space,2026-08-14,2026-08-14,https://wellfound.com/jobs,linked_page,4,success_after_fallback
a322ca143fa1,2026-08-14,ba37ca62f760,echo3D,https://www.echo3d.co/,https://wellfound.com/jobs,Sr. Software Engineer - Backend,https://wellfound.com/jobs/4025824-2-sr-software-engineer-backend,"Manhattan, NY, United States",Manhattan,NY,United States,Remote,,,,Core Space,2026-08-14,2026-08-14,https://wellfound.com/jobs,linked_page,4,success_after_fallback
55dc287c8cf5,2026-08-14,ba37ca62f760,echo3D,https://www.echo3d.co/,https://wellfound.com/jobs,NetSuite Administrator,https://wellfound.com/jobs/4589304-netsuite-administrator,Remote,,,,Remote,,,,Core Space,2026-08-14,2026-08-14,https://wellfound.com/jobs,linked_page,4,success_after_fallback
6bf965d359d7,2026-08-14,ba37ca62f760,echo3D,https://www.echo3d.co/,https://wellfound.com/jobs,Reddit Community Manager,https://wellfound.com/jobs/4589284-reddit-community-manager,"Manhattan, NY, United States",Manhattan,NY,United States,Remote,,,,Core Space,2026-08-14,2026-08-14,https://wellfound.com/jobs,linked_page,4,success_after_fallback
d9adbf644683,2026-08-14,ba37ca62f760,echo3D,https://www.echo3d.co/,https://wellfound.com/jobs,Backend Engineer,https://wellfound.com/jobs/4589351-backend-engineer,"Manhattan, NY, United States",Manhattan,NY,United States,Not specified,,,,Core Space,2026-08-14,2026-08-14,https://wellfound.com/jobs,linked_page,4,success_after_fallback
6ef3af75b97f,2026-08-14,ba37ca62f760,echo3D,https://www.echo3d.co/,https://wellfound.com/jobs,Senior Software Engineer,https://wellfound.com/jobs/4586203-senior-software-engineer,"Manhattan, NY, United States",Manhattan,NY,United States,Remote,,,,Core Space,2026-08-14,2026-08-14,https://wellfound.com/jobs,linked_page,4,success_after_fallback
e2031dd217d5,2026-08-14,ba37ca62f760,echo3D,https://www.echo3d.co/,https://wellfound.com/jobs,Frontend Engineer - Marketing & Digital Experience (Contract),https://wellfound.com/jobs/4463633-frontend-engineer-marketing-digital-experience-contract,"Manhattan, NY, United States",Manhattan,NY,United States,Remote,,,,Core Space,2026-08-14,2026-08-14,https://wellfound.com/jobs,linked_page,4,success_after_fallback
44fca99ebad2,2026-08-14,ba37ca62f760,echo3D,https://www.echo3d.co/,https://wellfound.com/jobs,"Technical Support Engineer, Triage & Discovery",https://wellfound.com/jobs/4101386-technical-support-engineer-triage-discovery,"Manhattan, NY, United States",Manhattan,NY,United States,Not specified,,,,Core Space,2026-08-14,2026-08-14,https://wellfound.com/jobs,linked_page,4,success_after_fallback
af0a2ceacace,2026-08-14,ba37ca62f760,echo3D,https://www.echo3d.co/,https://wellfound.com/jobs,Digital Product Engineer,https://wellfound.com/jobs/4584365-digital-product-engineer,"Manhattan, NY, United States",Manhattan,NY,United States,On-site,,,,Core Space,2026-08-14,2026-08-14,https://wellfound.com/jobs,linked_page,4,success_after_fallback
ceac67c2c141,2026-08-14,ba37ca62f760,echo3D,https://www.echo3d.co/,https://wellfound.com/jobs,"Product Lead, App Ecosystem",https://wellfound.com/jobs/4409030-product-lead-app-ecosystem,"Manhattan, NY, United States",Manhattan,NY,United States,Not specified,,,,Core Space,2026-08-14,2026-08-14,https://wellfound.com/jobs,linked_page,4,success_after_fallback
a82025eb8ea7,2026-08-14,ba37ca62f760,echo3D,https://www.echo3d.co/,https://wellfound.com/jobs,"Product Manager, Events & Nightlife",https://wellfound.com/jobs/4584506-product-manager-events-nightlife,"Manhattan, NY, United States",Manhattan,NY,United States,Not specified,,,,Core Space,2026-08-14,2026-08-14,https://wellfound.com/jobs,linked_page,4,success_after_fallback
7210f8938dbd,2026-08-14,ba37ca62f760,echo3D,https://www.echo3d.co/,https://wellfound.com/jobs,"Senior Product Manager, AI Platform & Triage",https://wellfound.com/jobs/4584436-senior-product-manager-ai-platform-triage,"Manhattan, NY, United States",Manhattan,NY,United States,Not specified,,,,Core Space,2026-08-14,2026-08-14,https://wellfound.com/jobs,linked_page,4,success_after_fallback
f6ad4e3fc6f5,2026-08-14,ba37ca62f760,echo3D,https://www.echo3d.co/,https://wellfound.com/jobs,"Senior Product Manager, Verifications",https://wellfound.com/jobs/3976488-senior-product-manager-verifications,"Manhattan, NY, United States",Manhattan,NY,United States,Not specified,,,,Core Space,2026-08-14,2026-08-14,https://wellfound.com/jobs,linked_page,4,success_after_fallback
d570ad7918d1,2026-08-14,ba37ca62f760,echo3D,https://www.echo3d.co/,https://wellfound.com/jobs,"Staff Product Manager, Next-Generation Systems",https://wellfound.com/jobs/4351203-staff-product-manager-next-generation-systems,"Manhattan, NY, United States",Manhattan,NY,United States,Not specified,,,,Core Space,2026-08-14,2026-08-14,https://wellfound.com/jobs,linked_page,4,success_after_fallback
6f5cf5462f85,2026-08-14,ba37ca62f760,echo3D,https://www.echo3d.co/,https://wellfound.com/jobs,Creative Designer,https://wellfound.com/jobs/4584373-creative-designer,"Manhattan, NY, United States",Manhattan,NY,United States,Remote,,,,Core Space,2026-08-14,2026-08-14,https://wellfound.com/jobs,linked_page,4,success_after_fallback
a13ec9ea6447,2026-08-14,ba37ca62f760,echo3D,https://www.echo3d.co/,https://wellfound.com/jobs,Instructional Designer,https://wellfound.com/jobs/4575636-instructional-designer,"Manhattan, NY, United States",Manhattan,NY,United States,Not specified,,,,Core Space,2026-08-14,2026-08-14,https://wellfound.com/jobs,linked_page,4,success_after_fallback
1b793e786863,2026-08-14,ba37ca62f760,echo3D,https://www.echo3d.co/,https://wellfound.com/jobs,Founding Product UI / UX Designer - Consumer,https://wellfound.com/jobs/4555173-founding-product-ui-ux-designer-consumer,"Manhattan, NY, United States",Manhattan,NY,United States,Remote,,,,Core Space,2026-08-14,2026-08-14,https://wellfound.com/jobs,linked_page,4,success_after_fallback
dd7963404d26,2026-08-14,ba37ca62f760,echo3D,https://www.echo3d.co/,https://wellfound.com/jobs,"Full-Stack Designer (Brand, Marketing & UI)",https://wellfound.com/jobs/4174641-full-stack-designer-brand-marketing-ui,"Manhattan, NY, United States",Manhattan,NY,United States,Remote,,,,Core Space,2026-08-14,2026-08-14,https://wellfound.com/jobs,linked_page,4,success_after_fallback
3f1462149551,2026-08-14,ba37ca62f760,echo3D,https://www.echo3d.co/,https://wellfound.com/jobs,Learning Experience Designer,https://wellfound.com/jobs/4523196-learning-experience-designer,"Manhattan, NY, United States",Manhattan,NY,United States,Not specified,,,,Core Space,2026-08-14,2026-08-14,https://wellfound.com/jobs,linked_page,4,success_after_fallback
46dede2704ef,2026-08-14,ba37ca62f760,echo3D,https://www.echo3d.co/,https://wellfound.com/jobs,Senior Data Engineer,https://wellfound.com/jobs/4579478-senior-data-engineer,"Manhattan, NY, United States",Manhattan,NY,United States,On-site,,,,Core Space,2026-08-14,2026-08-14,https://wellfound.com/jobs,linked_page,4,success_after_fallback
4b38efccdd05,2026-08-14,ba37ca62f760,echo3D,https://www.echo3d.co/,https://wellfound.com/jobs,Data Engineer (Mid → Senior) - LATAM,https://wellfound.com/jobs/4584350-data-engineer-aws-redshift-latam-clone,"Manhattan, NY, United States",Manhattan,NY,United States,Remote,,,,Core Space,2026-08-14,2026-08-14,https://wellfound.com/jobs,linked_page,4,success_after_fallback
9894cde774fe,2026-08-14,ba37ca62f760,echo3D,https://www.echo3d.co/,https://wellfound.com/jobs,Sr. Data & Software Engineer,https://wellfound.com/jobs/4584348-sr-data-software-engineer,"Manhattan, NY, United States",Manhattan,NY,United States,On-site,,,,Core Space,2026-08-14,2026-08-14,https://wellfound.com/jobs,linked_page,4,success_after_fallback
0a4361725888,2026-08-14,ba37ca62f760,echo3D,https://www.echo3d.co/,https://wellfound.com/jobs,Fintech Data Engineer - Finthos,https://wellfound.com/jobs/4574728-fintech-data-engineer-finthos,"Manhattan, NY, United States",Manhattan,NY,United States,Remote,,,,Core Space,2026-08-14,2026-08-14,https://wellfound.com/jobs,linked_page,4,success_after_fallback
22d47898a284,2026-08-14,ba37ca62f760,echo3D,https://www.echo3d.co/,https://wellfound.com/jobs,Data Engineer III,https://wellfound.com/jobs/4574657-data-engineer-iii,"Manhattan, NY, United States",Manhattan,NY,United States,Not specified,,,,Core Space,2026-08-14,2026-08-14,https://wellfound.com/jobs,linked_page,4,success_after_fallback
e6eadaf39917,2026-08-14,ba37ca62f760,echo3D,https://www.echo3d.co/,https://wellfound.com/jobs,Remote Business Development Manager (100% Remote and Performance Based),https://wellfound.com/jobs/3625150-remote-business-development-manager-100-remote-and-performance-based,"Manhattan, NY, United States",Manhattan,NY,United States,Remote,,,,Core Space,2026-08-14,2026-08-14,https://wellfound.com/jobs,linked_page,4,success_after_fallback
cb168edf4c0c,2026-08-14,ba37ca62f760,echo3D,https://www.echo3d.co/,https://wellfound.com/jobs,"Sr. AI Systems & Solutions Architect, Global Services",https://wellfound.com/jobs/4550923-sr-ai-systems-solutions-architect-global-services,"Manhattan, NY, United States",Manhattan,NY,United States,Not specified,,,,Core Space,2026-08-14,2026-08-14,https://wellfound.com/jobs,linked_page,4,success_after_fallback
6548ee314575,2026-08-14,ba37ca62f760,echo3D,https://www.echo3d.co/,https://wellfound.com/jobs,Head of Growth / Director of Partnerships (Healthcare Tech/MSO),https://wellfound.com/jobs/4579412-head-of-growth-director-of-partnerships-healthcare-tech-mso,"Manhattan, NY, United States",Manhattan,NY,United States,Remote,,,,Core Space,2026-08-14,2026-08-14,https://wellfound.com/jobs,linked_page,4,success_after_fallback
f857b265cda3,2026-08-14,ba37ca62f760,echo3D,https://www.echo3d.co/,https://wellfound.com/jobs,"Solutions Consultant, Emerging Enterprise, General Business",https://wellfound.com/jobs/4578731-solutions-consultant-emerging-enterprise-general-business,"Manhattan, NY, United States",Manhattan,NY,United States,Not specified,,,,Core Space,2026-08-14,2026-08-14,https://wellfound.com/jobs,linked_page,4,success_after_fallback
7848c40cf454,2026-08-14,ba37ca62f760,echo3D,https://www.echo3d.co/,https://wellfound.com/jobs,Enterprise Sales (AI),https://wellfound.com/jobs/4574586-enterprise-sales-ai,"Manhattan, NY, United States",Manhattan,NY,United States,Remote,,,,Core Space,2026-08-14,2026-08-14,https://wellfound.com/jobs,linked_page,4,success_after_fallback
d9d3e8f0cc4b,2026-08-14,ba37ca62f760,echo3D,https://www.echo3d.co/,https://wellfound.com/jobs,Growth Marketing Specialist — Remote — DearHiringManager.io,https://wellfound.com/jobs/4579391-growth-marketing-specialist-remote-dearhiringmanager-io,"Manhattan, NY, United States",Manhattan,NY,United States,Remote,,,,Core Space,2026-08-14,2026-08-14,https://wellfound.com/jobs,linked_page,4,success_after_fallback
17149abf9379,2026-08-14,ba37ca62f760,echo3D,https://www.echo3d.co/,https://wellfound.com/jobs,Entry Level-B2B Email & LinkedIn Outreach Specialist,https://wellfound.com/jobs/4573997-entry-level-b2b-email-linkedin-outreach-specialist,"Manhattan, NY, United States",Manhattan,NY,United States,Remote,,,,Core Space,2026-08-14,2026-08-14,https://wellfound.com/jobs,linked_page,4,success_after_fallback
ce2354606f0c,2026-08-14,ba37ca62f760,echo3D,https://www.echo3d.co/,https://wellfound.com/jobs,Growth & Customer Lead (Conversion Obsessed),https://wellfound.com/jobs/4573089-growth-customer-lead-conversion-obsessed,"Manhattan, NY, United States",Manhattan,NY,United States,On-site,,,,Core Space,2026-08-14,2026-08-14,https://wellfound.com/jobs,linked_page,4,success_after_fallback
08287205c72e,2026-08-14,ba37ca62f760,echo3D,https://www.echo3d.co/,https://wellfound.com/jobs,"Creative Strategist and Media Buyer / User Acquisition Lead (Meta Ads, Tier-1)",https://wellfound.com/jobs/4571251-creative-strategist-and-media-buyer-user-acquisition-lead-meta-ads-tier-1,"Manhattan, NY, United States",Manhattan,NY,United States,Remote,,,,Core Space,2026-08-14,2026-08-14,https://wellfound.com/jobs,linked_page,4,success_after_fallback
b4467a0cab28,2026-08-14,ba37ca62f760,echo3D,https://www.echo3d.co/,https://wellfound.com/jobs,"Senior Manager, Supplier Enablement & Spend Conversion",https://wellfound.com/jobs/4536641-senior-manager-supplier-enablement-spend-conversion,"Manhattan, NY, United States",Manhattan,NY,United States,Not specified,,,,Core Space,2026-08-14,2026-08-14,https://wellfound.com/jobs,linked_page,4,success_after_fallback
7c7cb352f01b,2026-08-14,ba37ca62f760,echo3D,https://www.echo3d.co/,https://wellfound.com/jobs,Revenue Operations Manager,https://wellfound.com/jobs/4587536-revenue-operations-manager,"Manhattan, NY, United States",Manhattan,NY,United States,Not specified,,,,Core Space,2026-08-14,2026-08-14,https://wellfound.com/jobs,linked_page,4,success_after_fallback
adfac5ee1438,2026-08-14,ba37ca62f760,echo3D,https://www.echo3d.co/,https://wellfound.com/jobs,Procurement Manager,https://wellfound.com/jobs/4584432-procurement-manager,"Manhattan, NY, United States",Manhattan,NY,United States,Not specified,,,,Core Space,2026-08-14,2026-08-14,https://wellfound.com/jobs,linked_page,4,success_after_fallback
273b478c5c0a,2026-08-14,ba37ca62f760,echo3D,https://www.echo3d.co/,https://wellfound.com/jobs,"Manager, HERS/ECC Compliance",https://wellfound.com/jobs/4579631-manager-hers-ecc-compliance,"Manhattan, NY, United States",Manhattan,NY,United States,Remote,,,,Core Space,2026-08-14,2026-08-14,https://wellfound.com/jobs,linked_page,4,success_after_fallback
60cfa9a8afe0,2026-08-14,ba37ca62f760,echo3D,https://www.echo3d.co/,https://wellfound.com/jobs,Sales Operations Lead,https://wellfound.com/jobs/4578697-sales-operations-lead,"Manhattan, NY, United States",Manhattan,NY,United States,Not specified,,,,Core Space,2026-08-14,2026-08-14,https://wellfound.com/jobs,linked_page,4,success_after_fallback
9dd5b7e07420,2026-08-14,ba37ca62f760,echo3D,https://www.echo3d.co/,https://wellfound.com/jobs,Employer Partnerships & Career Placement Manager,https://wellfound.com/jobs/4584378-employer-partnerships-career-placement-manager,"Manhattan, NY, United States",Manhattan,NY,United States,Remote,,,,Core Space,2026-08-14,2026-08-14,https://wellfound.com/jobs,linked_page,4,success_after_fallback
a6f376ca5d56,2026-08-14,ba37ca62f760,echo3D,https://www.echo3d.co/,https://wellfound.com/jobs,Technical Recruiter,https://wellfound.com/jobs/4579625-technical-recruiter,"Manhattan, NY, United States",Manhattan,NY,United States,Not specified,,,,Core Space,2026-08-14,2026-08-14,https://wellfound.com/jobs,linked_page,4,success_after_fallback
03a7f4ea0f32,2026-08-14,ba37ca62f760,echo3D,https://www.echo3d.co/,https://wellfound.com/jobs,"Senior Manager, Accounting",https://wellfound.com/jobs/4584461-senior-manager-accounting,"Manhattan, NY, United States",Manhattan,NY,United States,Not specified,,,,Core Space,2026-08-14,2026-08-14,https://wellfound.com/jobs,linked_page,4,success_after_fallback
24b95753f051,2026-08-14,ba37ca62f760,echo3D,https://www.echo3d.co/,https://wellfound.com/jobs,"Senior Manager, Corporate FP&A",https://wellfound.com/jobs/4584431-senior-manager-corporate-fp-a,"Manhattan, NY, United States",Manhattan,NY,United States,Not specified,,,,Core Space,2026-08-14,2026-08-14,https://wellfound.com/jobs,linked_page,4,success_after_fallback
0e5e3e77f5a2,2026-08-14,ba37ca62f760,echo3D,https://www.echo3d.co/,https://wellfound.com/jobs,Senior Accounting & Finance Manager,https://wellfound.com/jobs/4584317-senior-accounting-finance-manager,"Manhattan, NY, United States",Manhattan,NY,United States,Remote,,,,Core Space,2026-08-14,2026-08-14,https://wellfound.com/jobs,linked_page,4,success_after_fallback
e03408591447,2026-08-14,ba37ca62f760,echo3D,https://www.echo3d.co/,https://wellfound.com/jobs,Sr. Accounting Analyst,https://wellfound.com/jobs/4579513-sr-accounting-analyst,"Manhattan, NY, United States",Manhattan,NY,United States,Not specified,,,,Core Space,2026-08-14,2026-08-14,https://wellfound.com/jobs,linked_page,4,success_after_fallback
4ffe8f08ee16,2026-08-14,ba37ca62f760,echo3D,https://www.echo3d.co/,https://wellfound.com/jobs,Remote Software Engineer Jobs,https://wellfound.com/role/r/software-engineer,"Manhattan, NY, United States",Manhattan,NY,United States,Remote,,,,Core Space,2026-08-14,2026-08-14,https://wellfound.com/jobs,linked_page,3,success_after_fallback
a36be93e0048,2026-08-14,ba37ca62f760,echo3D,https://www.echo3d.co/,https://wellfound.com/jobs,Remote Product Manager Jobs,https://wellfound.com/role/r/product-manager,"Manhattan, NY, United States",Manhattan,NY,United States,Remote,,,,Core Space,2026-08-14,2026-08-14,https://wellfound.com/jobs,linked_page,3,success_after_fallback
864abf04a02f,2026-08-14,ba37ca62f760,echo3D,https://www.echo3d.co/,https://wellfound.com/jobs,Remote Data Analyst Jobs,https://wellfound.com/role/r/data-analyst,"Manhattan, NY, United States",Manhattan,NY,United States,Remote,,,,Core Space,2026-08-14,2026-08-14,https://wellfound.com/jobs,linked_page,3,success_after_fallback
c51db9a7fc56,2026-08-14,ba37ca62f760,echo3D,https://www.echo3d.co/,https://wellfound.com/jobs,Remote Product Designer Jobs,https://wellfound.com/role/r/product-designer,"Manhattan, NY, United States",Manhattan,NY,United States,Remote,,,,Core Space,2026-08-14,2026-08-14,https://wellfound.com/jobs,linked_page,3,success_after_fallback
21aa410252f9,2026-08-14,ba37ca62f760,echo3D,https://www.echo3d.co/,https://wellfound.com/jobs,Remote Graphic Designer Jobs,https://wellfound.com/role/r/graphic-designer,"Manhattan, NY, United States",Manhattan,NY,United States,Remote,,,,Core Space,2026-08-14,2026-08-14,https://wellfound.com/jobs,linked_page,3,success_after_fallback
2fcff47c1465,2026-08-14,ba37ca62f760,echo3D,https://www.echo3d.co/,https://wellfound.com/jobs,Remote UI/UX Designer Jobs,https://wellfound.com/role/r/ui-ux-designer,"Manhattan, NY, United States",Manhattan,NY,United States,Remote,,,,Core Space,2026-08-14,2026-08-14,https://wellfound.com/jobs,linked_page,3,success_after_fallback
5c3a89bd8bc7,2026-08-14,ba37ca62f760,echo3D,https://www.echo3d.co/,https://wellfound.com/jobs,Remote Operations Manager Jobs,https://wellfound.com/role/r/operations-manager,"Manhattan, NY, United States",Manhattan,NY,United States,Remote,,,,Core Space,2026-08-14,2026-08-14,https://wellfound.com/jobs,linked_page,3,success_after_fallback
c33e6e97fc39,2026-08-14,ba37ca62f760,echo3D,https://www.echo3d.co/,https://wellfound.com/jobs,Remote Account Manager Jobs,https://wellfound.com/role/r/account-manager,"Manhattan, NY, United States",Manhattan,NY,United States,Remote,,,,Core Space,2026-08-14,2026-08-14,https://wellfound.com/jobs,linked_page,3,success_after_fallback
5217fcd690d9,2026-08-14,ba37ca62f760,echo3D,https://www.echo3d.co/,https://wellfound.com/jobs,Remote Sales Manager Jobs,https://wellfound.com/role/r/sales-manager,"Manhattan, NY, United States",Manhattan,NY,United States,Remote,,,,Core Space,2026-08-14,2026-08-14,https://wellfound.com/jobs,linked_page,3,success_after_fallback
0b7eb8bfe674,2026-08-14,ba37ca62f760,echo3D,https://www.echo3d.co/,https://wellfound.com/jobs,Remote Financial Analyst Jobs,https://wellfound.com/role/r/financial-analyst,"Manhattan, NY, United States",Manhattan,NY,United States,Remote,,,,Core Space,2026-08-14,2026-08-14,https://wellfound.com/jobs,linked_page,3,success_after_fallback
e9149de421e0,2026-08-14,ba37ca62f760,echo3D,https://www.echo3d.co/,https://wellfound.com/jobs,Remote HR Manager Jobs,https://wellfound.com/role/r/hr-manager,"Manhattan, NY, United States",Manhattan,NY,United States,Remote,,,,Core Space,2026-08-14,2026-08-14,https://wellfound.com/jobs,linked_page,3,success_after_fallback
fd08b401b85c,2026-08-14,ba37ca62f760,echo3D,https://www.echo3d.co/,https://wellfound.com/browse/tech-jobs,Smart contract Developer,https://wellfound.com/role/smart-contract-developer,"Manhattan, NY, United States",Manhattan,NY,United States,Not specified,,,,Core Space,2026-08-14,2026-08-14,https://wellfound.com/browse/tech-jobs,linked_page,3,success_after_fallback
e0d5fc14ea4a,2026-08-14,ba37ca62f760,echo3D,https://www.echo3d.co/,https://wellfound.com/browse/remote-tech-jobs,Smart contract Developer,https://wellfound.com/role/r/smart-contract-developer,"Manhattan, NY, United States",Manhattan,NY,United States,Not specified,,,,Core Space,2026-08-14,2026-08-14,https://wellfound.com/browse/remote-tech-jobs,linked_page,3,success_after_fallback
2ae35c6e7a7f,2026-08-14,ba37ca62f760,echo3D,https://www.echo3d.co/,https://wellfound.com/jobs/2282687-manager-business-development-north-america-full-time,Us Business Development And Operations Support Specialist Retail Robotic Solutions,https://wellfound.com/jobs/3130978-us-business-development-and-operations-support-specialist-retail-robotic-solutions,"Manhattan, NY, United States",Manhattan,NY,United States,Not specified,,,,Core Space,2026-08-14,2026-08-14,https://wellfound.com/jobs/2282687-manager-business-development-north-america-full-time,linked_page,4,success_after_fallback
8dd685d54965,2026-08-14,ba37ca62f760,echo3D,https://www.echo3d.co/,https://wellfound.com/jobs/2282687-manager-business-development-north-america-full-time,Director of Sales $10k – $80k • 1.0% – 5.0%,https://wellfound.com/jobs/3372582-director-of-sales,"Manhattan, NY, United States",Manhattan,NY,United States,Not specified,,,,Core Space,2026-08-14,2026-08-14,https://wellfound.com/jobs/2282687-manager-business-development-north-america-full-time,linked_page,4,success_after_fallback
c0ecb5efb77d,2026-08-14,ba37ca62f760,echo3D,https://www.echo3d.co/,https://wellfound.com/jobs/2282687-manager-business-development-north-america-full-time,Internship Opportunity Community Marketing Ambassador Indian Diaspora Focus,https://wellfound.com/jobs/3517942-internship-opportunity-community-marketing-ambassador-indian-diaspora-focus,"Manhattan, NY, United States",Manhattan,NY,United States,Not specified,,,,Core Space,2026-08-14,2026-08-14,https://wellfound.com/jobs/2282687-manager-business-development-north-america-full-time,linked_page,4,success_after_fallback
aacf1395b742,2026-08-14,ba37ca62f760,echo3D,https://www.echo3d.co/,https://wellfound.com/jobs/2282687-manager-business-development-north-america-full-time,Sales Executive Closer Real Estate Technology Services,https://wellfound.com/jobs/3826499-sales-executive-closer-real-estate-technology-services,"Manhattan, NY, United States",Manhattan,NY,United States,Not specified,,,,Core Space,2026-08-14,2026-08-14,https://wellfound.com/jobs/2282687-manager-business-development-north-america-full-time,linked_page,4,success_after_fallback
315244a8dcbf,2026-08-14,ba37ca62f760,echo3D,https://www.echo3d.co/,https://wellfound.com/jobs/2282687-manager-business-development-north-america-full-time,IBM Sales Manager $60k – $120k,https://wellfound.com/jobs/3827078-ibm-sales-manager,"Manhattan, NY, United States",Manhattan,NY,United States,Not specified,,,,Core Space,2026-08-14,2026-08-14,https://wellfound.com/jobs/2282687-manager-business-development-north-america-full-time,linked_page,4,success_after_fallback
ccb859dc18ce,2026-08-14,ba37ca62f760,echo3D,https://www.echo3d.co/,https://wellfound.com/jobs/2282687-manager-business-development-north-america-full-time,Founding GTM Lead $100k – $175k • 0.2% – 1.0%,https://wellfound.com/jobs/3904359-founding-gtm-lead,"Manhattan, NY, United States",Manhattan,NY,United States,Not specified,,,,Core Space,2026-08-14,2026-08-14,https://wellfound.com/jobs/2282687-manager-business-development-north-america-full-time,linked_page,4,success_after_fallback
be4c83859252,2026-08-14,ba37ca62f760,echo3D,https://www.echo3d.co/,https://wellfound.com/jobs/2282687-manager-business-development-north-america-full-time,Corporate Partnerships Lead $190k – $250k,https://wellfound.com/jobs/4058532-corporate-partnerships-lead,"Manhattan, NY, United States",Manhattan,NY,United States,Not specified,,,,Core Space,2026-08-14,2026-08-14,https://wellfound.com/jobs/2282687-manager-business-development-north-america-full-time,linked_page,4,success_after_fallback
594ee8ebb9f5,2026-08-14,ba37ca62f760,echo3D,https://www.echo3d.co/,https://wellfound.com/jobs/2742334-account-executive,Account Executive,https://wellfound.com/jobs/2742334-account-executive,"New York, New York, United States",New York,NY,United States,Not specified,140000,180000,"Enterprise Software, B2B, Software, Finance Technology, Wealth Management, and Fin Tech",Core Space,2026-08-14,2026-08-14,https://wellfound.com/jobs/2742334-account-executive,linked_page,3,success_after_fallback
d2e01026fadf,2026-08-14,ba37ca62f760,echo3D,https://www.echo3d.co/,https://wellfound.com/jobs/3126751-scientific-implementation-associate,Ai Engagement Manager Housing,https://wellfound.com/jobs/3345505-ai-engagement-manager-housing,"Manhattan, NY, United States",Manhattan,NY,United States,Not specified,,,,Core Space,2026-08-14,2026-08-14,https://wellfound.com/jobs/3126751-scientific-implementation-associate,linked_page,4,success_after_fallback
c3c1a3932261,2026-08-14,ba37ca62f760,echo3D,https://www.echo3d.co/,https://wellfound.com/jobs/3126751-scientific-implementation-associate,Enterprise Customer Success Manager $140k – $210k,https://wellfound.com/jobs/3528747-enterprise-customer-success-manager,"Manhattan, NY, United States",Manhattan,NY,United States,Not specified,,,,Core Space,2026-08-14,2026-08-14,https://wellfound.com/jobs/3126751-scientific-implementation-associate,linked_page,4,success_after_fallback
9ed3ad74d2c1,2026-08-14,ba37ca62f760,echo3D,https://www.echo3d.co/,https://wellfound.com/jobs/3126751-scientific-implementation-associate,Client Success Manager (NYC/London) $90k – $100k,https://wellfound.com/jobs/3540384-client-success-manager-nyc-london,"Manhattan, NY, United States",Manhattan,NY,United States,Not specified,,,,Core Space,2026-08-14,2026-08-14,https://wellfound.com/jobs/3126751-scientific-implementation-associate,linked_page,4,success_after_fallback
070728499f89,2026-08-14,ba37ca62f760,echo3D,https://www.echo3d.co/,https://wellfound.com/jobs/3126751-scientific-implementation-associate,Senior Account Manager (Pharma & Life Sciences) $80k – $100k • No equity,https://wellfound.com/jobs/3540750-senior-account-manager-pharma-life-sciences,"Manhattan, NY, United States",Manhattan,NY,United States,Not specified,,,,Core Space,2026-08-14,2026-08-14,https://wellfound.com/jobs/3126751-scientific-implementation-associate,linked_page,4,success_after_fallback
a57c91087bcc,2026-08-14,ba37ca62f760,echo3D,https://www.echo3d.co/,https://wellfound.com/jobs/3126751-scientific-implementation-associate,Client Success Manager $100k – $130k,https://wellfound.com/jobs/3627108-client-success-manager,"Manhattan, NY, United States",Manhattan,NY,United States,Not specified,,,,Core Space,2026-08-14,2026-08-14,https://wellfound.com/jobs/3126751-scientific-implementation-associate,linked_page,4,success_after_fallback
859458d33427,2026-08-14,ba37ca62f760,echo3D,https://www.echo3d.co/,https://wellfound.com/jobs/3126751-scientific-implementation-associate,Enterprise Customer Success Manager $133k – $166k,https://wellfound.com/jobs/3652064-enterprise-customer-success-manager,"Manhattan, NY, United States",Manhattan,NY,United States,Not specified,,,,Core Space,2026-08-14,2026-08-14,https://wellfound.com/jobs/3126751-scientific-implementation-associate,linked_page,4,success_after_fallback
365bc9c1c091,2026-08-14,ba37ca62f760,echo3D,https://www.echo3d.co/,https://wellfound.com/jobs/3126751-scientific-implementation-associate,AI Agent Implementation Specialist $20k – $24k • 0.1% – 0.15%,https://wellfound.com/jobs/3714182-ai-agent-implementation-specialist,"Manhattan, NY, United States",Manhattan,NY,United States,Not specified,,,,Core Space,2026-08-14,2026-08-14,https://wellfound.com/jobs/3126751-scientific-implementation-associate,linked_page,4,success_after_fallback
d565ed2b70f9,2026-08-14,ba37ca62f760,echo3D,https://www.echo3d.co/,https://wellfound.com/jobs/3152031-enterprise-account-executive-ii,Enterprise Account Executive II,https://wellfound.com/jobs/3152031-enterprise-account-executive-ii,"New York, New York, United States",New York,NY,United States,Remote,294000,325000,Fin Tech and Financial Technology,Core Space,2026-08-14,2026-08-14,https://wellfound.com/jobs/3152031-enterprise-account-executive-ii,linked_page,3,success_after_fallback
0f016734aae9,2026-08-14,b0d788b8ea7e,ENSCO Avionics,https://www.ensco.com/aerospace/avionics-engineering-certification,https://job-boards.greenhouse.io/ensco,"Assistant Controller New Vienna, Virginia, United States",https://job-boards.greenhouse.io/ensco/jobs/5389049008,"Vienna, Virginia, United States",Vienna,VA,United States,Not specified,,,,Aerospace,2026-08-14,2026-08-14,https://job-boards.greenhouse.io/ensco,known_careers_url,5,success
30cd0322985c,2026-08-14,b0d788b8ea7e,ENSCO Avionics,https://www.ensco.com/aerospace/avionics-engineering-certification,https://job-boards.greenhouse.io/ensco,"Avionics Logistics Engineer II Endicott, New York, United States",https://job-boards.greenhouse.io/ensco/jobs/5214130008,"Endicott, New York, United States",Endicott,NY,United States,Not specified,,,,Aerospace,2026-08-14,2026-08-14,https://job-boards.greenhouse.io/ensco,known_careers_url,5,success
18bbfc625340,2026-08-14,b0d788b8ea7e,ENSCO Avionics,https://www.ensco.com/aerospace/avionics-engineering-certification,https://job-boards.greenhouse.io/ensco,"Avionics Software Engineer III Endicott, New York, United States",https://job-boards.greenhouse.io/ensco/jobs/5160122008,"Endicott, New York, United States",Endicott,NY,United States,Not specified,,,,Aerospace,2026-08-14,2026-08-14,https://job-boards.greenhouse.io/ensco,known_careers_url,5,success
85bbff793bfc,2026-08-14,b0d788b8ea7e,ENSCO Avionics,https://www.ensco.com/aerospace/avionics-engineering-certification,https://job-boards.greenhouse.io/ensco,"Configuration Management Specialist El Segundo, California, United States",https://job-boards.greenhouse.io/ensco/jobs/5361928008,"El Segundo, California, United States",El Segundo,CA,United States,Not specified,,,,Aerospace,2026-08-14,2026-08-14,https://job-boards.greenhouse.io/ensco,known_careers_url,5,success
78d0b807ba6a,2026-08-14,b0d788b8ea7e,ENSCO Avionics,https://www.ensco.com/aerospace/avionics-engineering-certification,https://job-boards.greenhouse.io/ensco,"Electrical Engineer / Board Designer Endicott, New York, United States",https://job-boards.greenhouse.io/ensco/jobs/5349135008,"Endicott, New York, United States",Endicott,NY,United States,Not specified,,,,Aerospace,2026-08-14,2026-08-14,https://job-boards.greenhouse.io/ensco,known_careers_url,5,success
08b2d8483858,2026-08-14,b0d788b8ea7e,ENSCO Avionics,https://www.ensco.com/aerospace/avionics-engineering-certification,https://job-boards.greenhouse.io/ensco,"Embedded Software Engineer Endicott, New York, United States",https://job-boards.greenhouse.io/ensco/jobs/5349198008,"Endicott, New York, United States",Endicott,NY,United States,Not specified,,,,Aerospace,2026-08-14,2026-08-14,https://job-boards.greenhouse.io/ensco,known_careers_url,5,success
d89dd55f29eb,2026-08-14,b0d788b8ea7e,ENSCO Avionics,https://www.ensco.com/aerospace/avionics-engineering-certification,https://job-boards.greenhouse.io/ensco,"Enterprise Architect Warrenton, Virginia, United States",https://job-boards.greenhouse.io/ensco/jobs/5286837008,"Warrenton, Virginia, United States",Warrenton,VA,United States,Not specified,,,,Aerospace,2026-08-14,2026-08-14,https://job-boards.greenhouse.io/ensco,known_careers_url,5,success
95b0a7e5e397,2026-08-14,b0d788b8ea7e,ENSCO Avionics,https://www.ensco.com/aerospace/avionics-engineering-certification,https://job-boards.greenhouse.io/ensco,"Enterprise Requirements and Integration Engineer Colorado Springs, Colorado, United States",https://job-boards.greenhouse.io/ensco/jobs/5361962008,"Colorado Springs, Colorado, United States",Colorado Springs,CO,United States,Not specified,,,,Aerospace,2026-08-14,2026-08-14,https://job-boards.greenhouse.io/ensco,known_careers_url,5,success
35f6e0cf6a13,2026-08-14,b0d788b8ea7e,ENSCO Avionics,https://www.ensco.com/aerospace/avionics-engineering-certification,https://job-boards.greenhouse.io/ensco,"Environmental Health & Safety (EHS) Specialist New Pueblo, Colorado, United States",https://job-boards.greenhouse.io/ensco/jobs/5380647008,"Pueblo, Colorado, United States",Pueblo,CO,United States,Not specified,,,,Aerospace,2026-08-14,2026-08-14,https://job-boards.greenhouse.io/ensco,known_careers_url,5,success
44cec47aec75,2026-08-14,b0d788b8ea7e,ENSCO Avionics,https://www.ensco.com/aerospace/avionics-engineering-certification,https://job-boards.greenhouse.io/ensco,"Field Service Engineer Chambersburg, Pennsylvania, United States",https://job-boards.greenhouse.io/ensco/jobs/5268029008,"Chambersburg, Pennsylvania, United States",Chambersburg,PA,United States,Not specified,,,,Aerospace,2026-08-14,2026-08-14,https://job-boards.greenhouse.io/ensco,known_careers_url,5,success
0a8d11a57921,2026-08-14,b0d788b8ea7e,ENSCO Avionics,https://www.ensco.com/aerospace/avionics-engineering-certification,https://job-boards.greenhouse.io/ensco,"FPGA Designer Endicott, New York, United States",https://job-boards.greenhouse.io/ensco/jobs/5349060008,"Endicott, New York, United States",Endicott,NY,United States,Not specified,,,,Aerospace,2026-08-14,2026-08-14,https://job-boards.greenhouse.io/ensco,known_careers_url,5,success
dafc47784c65,2026-08-14,b0d788b8ea7e,ENSCO Avionics,https://www.ensco.com/aerospace/avionics-engineering-certification,https://job-boards.greenhouse.io/ensco,"Junior Enterprise Architect Warrenton, Virginia, United States",https://job-boards.greenhouse.io/ensco/jobs/5286847008,"Warrenton, Virginia, United States",Warrenton,VA,United States,Not specified,,,,Aerospace,2026-08-14,2026-08-14,https://job-boards.greenhouse.io/ensco,known_careers_url,5,success
c0b48621c24a,2026-08-14,b0d788b8ea7e,ENSCO Avionics,https://www.ensco.com/aerospace/avionics-engineering-certification,https://job-boards.greenhouse.io/ensco,"Junior Scientific Data Analyst Melbourne, Florida, United States",https://job-boards.greenhouse.io/ensco/jobs/5354767008,"Melbourne, Florida, United States",Melbourne,FL,United States,Not specified,,,,Aerospace,2026-08-14,2026-08-14,https://job-boards.greenhouse.io/ensco,known_careers_url,5,success
9efbb6b72098,2026-08-14,b0d788b8ea7e,ENSCO Avionics,https://www.ensco.com/aerospace/avionics-engineering-certification,https://job-boards.greenhouse.io/ensco,"Junior Technician Chambersburg, Pennsylvania, United States",https://job-boards.greenhouse.io/ensco/jobs/5238947008,"Chambersburg, Pennsylvania, United States",Chambersburg,PA,United States,Not specified,,,,Aerospace,2026-08-14,2026-08-14,https://job-boards.greenhouse.io/ensco,known_careers_url,5,success
a6f7ae535e5b,2026-08-14,b0d788b8ea7e,ENSCO Avionics,https://www.ensco.com/aerospace/avionics-engineering-certification,https://job-boards.greenhouse.io/ensco,"Junior Technician New Chambersburg, Pennsylvania, United States",https://job-boards.greenhouse.io/ensco/jobs/5384815008,"Chambersburg, Pennsylvania, United States",Chambersburg,PA,United States,Not specified,,,,Aerospace,2026-08-14,2026-08-14,https://job-boards.greenhouse.io/ensco,known_careers_url,5,success
6bc9d293d27b,2026-08-14,b0d788b8ea7e,ENSCO Avionics,https://www.ensco.com/aerospace/avionics-engineering-certification,https://job-boards.greenhouse.io/ensco,"Machine Learning Engineer Melbourne, Florida, United States",https://job-boards.greenhouse.io/ensco/jobs/5228026008,"Melbourne, Florida, United States",Melbourne,FL,United States,Not specified,,,,Aerospace,2026-08-14,2026-08-14,https://job-boards.greenhouse.io/ensco,known_careers_url,5,success
58f245b6716a,2026-08-14,b0d788b8ea7e,ENSCO Avionics,https://www.ensco.com/aerospace/avionics-engineering-certification,https://job-boards.greenhouse.io/ensco,"Mechanical Engineer Endicott, New York, United States",https://job-boards.greenhouse.io/ensco/jobs/5350248008,"Endicott, New York, United States",Endicott,NY,United States,Not specified,,,,Aerospace,2026-08-14,2026-08-14,https://job-boards.greenhouse.io/ensco,known_careers_url,5,success
981e0da672ec,2026-08-14,b0d788b8ea7e,ENSCO Avionics,https://www.ensco.com/aerospace/avionics-engineering-certification,https://job-boards.greenhouse.io/ensco,"Onsite Mission Operations & Technical Support Specialist New Melbourne, Florida, United States",https://job-boards.greenhouse.io/ensco/jobs/5383032008,"Melbourne, Florida, United States",Melbourne,FL,United States,On-site,,,,Aerospace,2026-08-14,2026-08-14,https://job-boards.greenhouse.io/ensco,known_careers_url,5,success
c96dea8c5fd0,2026-08-14,b0d788b8ea7e,ENSCO Avionics,https://www.ensco.com/aerospace/avionics-engineering-certification,https://job-boards.greenhouse.io/ensco,"RHEL Systems Administrator (Cameo Administrator) Warrenton, Virginia, United States",https://job-boards.greenhouse.io/ensco/jobs/5375450008,"Warrenton, Virginia, United States",Warrenton,VA,United States,Not specified,,,,Aerospace,2026-08-14,2026-08-14,https://job-boards.greenhouse.io/ensco,known_careers_url,5,success
3656344df8eb,2026-08-14,b0d788b8ea7e,ENSCO Avionics,https://www.ensco.com/aerospace/avionics-engineering-certification,https://job-boards.greenhouse.io/ensco,"Scientific Data Analyst Melbourne, Florida, United States",https://job-boards.greenhouse.io/ensco/jobs/5279479008,"Melbourne, Florida, United States",Melbourne,FL,United States,Not specified,,,,Aerospace,2026-08-14,2026-08-14,https://job-boards.greenhouse.io/ensco,known_careers_url,5,success
d7887199c77c,2026-08-14,b0d788b8ea7e,ENSCO Avionics,https://www.ensco.com/aerospace/avionics-engineering-certification,https://job-boards.greenhouse.io/ensco,"Senior DevSecOps Cybersecurity Engineer El Segundo, California, United States",https://job-boards.greenhouse.io/ensco/jobs/5376278008,"El Segundo, California, United States",El Segundo,CA,United States,Not specified,,,,Aerospace,2026-08-14,2026-08-14,https://job-boards.greenhouse.io/ensco,known_careers_url,5,success
418b3c27cbfa,2026-08-14,b0d788b8ea7e,ENSCO Avionics,https://www.ensco.com/aerospace/avionics-engineering-certification,https://job-boards.greenhouse.io/ensco,"Senior Evolved Strategic Systems (ESS) Program, Systems Integration Engineer El Segundo, California, United States",https://job-boards.greenhouse.io/ensco/jobs/5170434008,"El Segundo, California, United States",El Segundo,CA,United States,Not specified,,,,Aerospace,2026-08-14,2026-08-14,https://job-boards.greenhouse.io/ensco,known_careers_url,5,success
3b2ad96ac381,2026-08-14,b0d788b8ea7e,ENSCO Avionics,https://www.ensco.com/aerospace/avionics-engineering-certification,https://job-boards.greenhouse.io/ensco,"Senior Program Systems Integration Engineer El Segundo, California, United States",https://job-boards.greenhouse.io/ensco/jobs/5361966008,"El Segundo, California, United States",El Segundo,CA,United States,Not specified,,,,Aerospace,2026-08-14,2026-08-14,https://job-boards.greenhouse.io/ensco,known_careers_url,5,success
d9e578b27932,2026-08-14,b0d788b8ea7e,ENSCO Avionics,https://www.ensco.com/aerospace/avionics-engineering-certification,https://job-boards.greenhouse.io/ensco,"Senior Project Manager New Pueblo, Colorado, United States",https://job-boards.greenhouse.io/ensco/jobs/5384887008,"Pueblo, Colorado, United States",Pueblo,CO,United States,Not specified,,,,Aerospace,2026-08-14,2026-08-14,https://job-boards.greenhouse.io/ensco,known_careers_url,5,success
4e41a2ff7770,2026-08-14,b0d788b8ea7e,ENSCO Avionics,https://www.ensco.com/aerospace/avionics-engineering-certification,https://job-boards.greenhouse.io/ensco,"Senior Software Systems Engineer Endicott, New York, United States",https://job-boards.greenhouse.io/ensco/jobs/5219423008,"Endicott, New York, United States",Endicott,NY,United States,Not specified,,,,Aerospace,2026-08-14,2026-08-14,https://job-boards.greenhouse.io/ensco,known_careers_url,5,success
59c84a5b209a,2026-08-14,b0d788b8ea7e,ENSCO Avionics,https://www.ensco.com/aerospace/avionics-engineering-certification,https://job-boards.greenhouse.io/ensco,"Senior Sustainment Systems Engineer Colorado Springs, Colorado, United States",https://job-boards.greenhouse.io/ensco/jobs/5231434008,"Colorado Springs, Colorado, United States",Colorado Springs,CO,United States,Not specified,,,,Aerospace,2026-08-14,2026-08-14,https://job-boards.greenhouse.io/ensco,known_careers_url,5,success
722e6ef316e1,2026-08-14,b0d788b8ea7e,ENSCO Avionics,https://www.ensco.com/aerospace/avionics-engineering-certification,https://job-boards.greenhouse.io/ensco,"Senior Target Digital Network Analyst Colorado Springs, Colorado, United States",https://job-boards.greenhouse.io/ensco/jobs/5308852008,"Colorado Springs, Colorado, United States",Colorado Springs,CO,United States,Not specified,,,,Aerospace,2026-08-14,2026-08-14,https://job-boards.greenhouse.io/ensco,known_careers_url,5,success
5e21881dd2f0,2026-08-14,b0d788b8ea7e,ENSCO Avionics,https://www.ensco.com/aerospace/avionics-engineering-certification,https://job-boards.greenhouse.io/ensco,"Software Delivery Lead Colorado Springs, Colorado, United States; El Segundo, California, United States",https://job-boards.greenhouse.io/ensco/jobs/5361886008,"Colorado Springs, Colorado, United States; El Segundo, California, United States",Colorado Springs,CO,United States,Not specified,,,,Aerospace,2026-08-14,2026-08-14,https://job-boards.greenhouse.io/ensco,known_careers_url,5,success
4240676814b9,2026-08-14,b0d788b8ea7e,ENSCO Avionics,https://www.ensco.com/aerospace/avionics-engineering-certification,https://job-boards.greenhouse.io/ensco,"Software Developer Colorado Springs, Colorado, United States",https://job-boards.greenhouse.io/ensco/jobs/5287243008,"Colorado Springs, Colorado, United States",Colorado Springs,CO,United States,Not specified,,,,Aerospace,2026-08-14,2026-08-14,https://job-boards.greenhouse.io/ensco,known_careers_url,5,success
7a16597ee620,2026-08-14,b0d788b8ea7e,ENSCO Avionics,https://www.ensco.com/aerospace/avionics-engineering-certification,https://job-boards.greenhouse.io/ensco,"Software Developer New Melbourne, Florida, United States",https://job-boards.greenhouse.io/ensco/jobs/5384918008,"Melbourne, Florida, United States",Melbourne,FL,United States,Not specified,,,,Aerospace,2026-08-14,2026-08-14,https://job-boards.greenhouse.io/ensco,known_careers_url,5,success
49d8eb860e09,2026-08-14,b0d788b8ea7e,ENSCO Avionics,https://www.ensco.com/aerospace/avionics-engineering-certification,https://job-boards.greenhouse.io/ensco,"Software Verification Engineer Endicott, New York, United States",https://job-boards.greenhouse.io/ensco/jobs/5078558008,"Endicott, New York, United States",Endicott,NY,United States,Not specified,,,,Aerospace,2026-08-14,2026-08-14,https://job-boards.greenhouse.io/ensco,known_careers_url,5,success
f89b9f45bf4c,2026-08-14,b0d788b8ea7e,ENSCO Avionics,https://www.ensco.com/aerospace/avionics-engineering-certification,https://job-boards.greenhouse.io/ensco,"Strategic Ground Systems Integration Lead El Segundo, California, United States",https://job-boards.greenhouse.io/ensco/jobs/5375727008,"El Segundo, California, United States",El Segundo,CA,United States,Not specified,,,,Aerospace,2026-08-14,2026-08-14,https://job-boards.greenhouse.io/ensco,known_careers_url,5,success
093154c2f256,2026-08-14,b0d788b8ea7e,ENSCO Avionics,https://www.ensco.com/aerospace/avionics-engineering-certification,https://job-boards.greenhouse.io/ensco,"Strategic MBSE Requirements & ICD Lead El Segundo, California, United States",https://job-boards.greenhouse.io/ensco/jobs/5362002008,"El Segundo, California, United States",El Segundo,CA,United States,Not specified,,,,Aerospace,2026-08-14,2026-08-14,https://job-boards.greenhouse.io/ensco,known_careers_url,5,success
3226c8c5d001,2026-08-14,b0d788b8ea7e,ENSCO Avionics,https://www.ensco.com/aerospace/avionics-engineering-certification,https://job-boards.greenhouse.io/ensco,"Strategic Requirements Systems Engineer El Segundo, California, United States",https://job-boards.greenhouse.io/ensco/jobs/5361950008,"El Segundo, California, United States",El Segundo,CA,United States,Not specified,,,,Aerospace,2026-08-14,2026-08-14,https://job-boards.greenhouse.io/ensco,known_careers_url,5,success
c1a771caa3fe,2026-08-14,b0d788b8ea7e,ENSCO Avionics,https://www.ensco.com/aerospace/avionics-engineering-certification,https://job-boards.greenhouse.io/ensco,"Strategic Senior Acquisition Support Specialist El Segundo, California, United States",https://job-boards.greenhouse.io/ensco/jobs/5226392008,"El Segundo, California, United States",El Segundo,CA,United States,Not specified,,,,Aerospace,2026-08-14,2026-08-14,https://job-boards.greenhouse.io/ensco,known_careers_url,5,success
9fb03e5525ff,2026-08-14,b0d788b8ea7e,ENSCO Avionics,https://www.ensco.com/aerospace/avionics-engineering-certification,https://job-boards.greenhouse.io/ensco,"Sustainment Test & Evaluation Engineer Colorado Springs, Colorado, United States",https://job-boards.greenhouse.io/ensco/jobs/5264672008,"Colorado Springs, Colorado, United States",Colorado Springs,CO,United States,Not specified,,,,Aerospace,2026-08-14,2026-08-14,https://job-boards.greenhouse.io/ensco,known_careers_url,5,success
10176d1dcf90,2026-08-14,b0d788b8ea7e,ENSCO Avionics,https://www.ensco.com/aerospace/avionics-engineering-certification,https://job-boards.greenhouse.io/ensco,"Test Equipment Engineer Endicott, New York, United States",https://job-boards.greenhouse.io/ensco/jobs/5285597008,"Endicott, New York, United States",Endicott,NY,United States,Not specified,,,,Aerospace,2026-08-14,2026-08-14,https://job-boards.greenhouse.io/ensco,known_careers_url,5,success
22f87ce948f3,2026-08-14,5e6b2d8a10cd,Flexim Americas,https://www.flexim.com/us,https://joinhandshake.com/early-talent-awards/2026/emerson,Associate Technical Training Instructor,https://app.joinhandshake.com/public/jobs/11098979,"Pittsburgh, Pennsylvania, US; Pittsburgh, Pennsylvania, US",Pittsburgh,PA,United States,Not specified,70000,80000,,Aerospace,2026-08-14,2026-08-14,https://joinhandshake.com/early-talent-awards/2026/emerson,linked_page,4,success_after_fallback
0f0ed6339532,2026-08-14,5e6b2d8a10cd,Flexim Americas,https://www.flexim.com/us,https://joinhandshake.com/early-talent-awards/2026/emerson,Inside Sales Engineer,https://app.joinhandshake.com/public/jobs/11293597,"Boulder, Colorado, US",Boulder,CO,United States,Not specified,70000,74000,,Aerospace,2026-08-14,2026-08-14,https://joinhandshake.com/early-talent-awards/2026/emerson,linked_page,4,success_after_fallback
c0c8f2a6a7fd,2026-08-14,5e6b2d8a10cd,Flexim Americas,https://www.flexim.com/us,https://joinhandshake.com/early-talent-awards/2026/emerson,Manufacturing Engineer,https://app.joinhandshake.com/public/jobs/11289884,"Minneapolis, Minnesota, US",Minneapolis,MN,United States,Not specified,70000,74000,,Aerospace,2026-08-14,2026-08-14,https://joinhandshake.com/early-talent-awards/2026/emerson,linked_page,4,success_after_fallback
5f5615ac29d2,2026-08-14,5e6b2d8a10cd,Flexim Americas,https://www.flexim.com/us,https://joinhandshake.com/early-talent-awards/2026/emerson,Mechanical Engineer,https://app.joinhandshake.com/public/jobs/11239761,"Naperville, Illinois, US",Naperville,IL,United States,Not specified,75000,90000,,Aerospace,2026-08-14,2026-08-14,https://joinhandshake.com/early-talent-awards/2026/emerson,linked_page,4,success_after_fallback
97706cc9a709,2026-08-14,5e6b2d8a10cd,Flexim Americas,https://www.flexim.com/us,https://joinhandshake.com/early-talent-awards/2026/emerson,Quality Engineer,https://app.joinhandshake.com/public/jobs/11235277,"Ash Flat, Arkansas, US",Ash Flat,AR,United States,Not specified,,,,Aerospace,2026-08-14,2026-08-14,https://joinhandshake.com/early-talent-awards/2026/emerson,linked_page,4,success_after_fallback
da3a993a11e0,2026-08-14,5e6b2d8a10cd,Flexim Americas,https://www.flexim.com/us,https://joinhandshake.com/students/whos-hiring,Go-to-Market and Operations Internship at Sonibel Instruments,https://app.joinhandshake.com/public/jobs/11302430,"Brentwood, NY, United States",Brentwood,NY,United States,Not specified,,,,Aerospace,2026-08-14,2026-08-14,https://joinhandshake.com/students/whos-hiring,linked_page,4,success_after_fallback
ce797a16fcd2,2026-08-14,5e6b2d8a10cd,Flexim Americas,https://www.flexim.com/us,https://joinhandshake.com/students/whos-hiring,Growth Intern at Photon,https://app.joinhandshake.com/public/jobs/11302418,"Brentwood, NY, United States",Brentwood,NY,United States,Not specified,,,,Aerospace,2026-08-14,2026-08-14,https://joinhandshake.com/students/whos-hiring,linked_page,4,success_after_fallback
e84bfc2224ce,2026-08-14,5e6b2d8a10cd,Flexim Americas,https://www.flexim.com/us,https://joinhandshake.com/students/whos-hiring,Workshop Facilitator Assistant at Renaissance 21,https://app.joinhandshake.com/public/jobs/11302286,"Brentwood, NY, United States",Brentwood,NY,United States,Not specified,,,,Aerospace,2026-08-14,2026-08-14,https://joinhandshake.com/students/whos-hiring,linked_page,4,success_after_fallback
d05d398f98db,2026-08-14,5e6b2d8a10cd,Flexim Americas,https://www.flexim.com/us,https://joinhandshake.com/students/whos-hiring,Growth & Partnerships Intern at Swivr,https://app.joinhandshake.com/public/jobs/11302319,"Brentwood, NY, United States",Brentwood,NY,United States,Remote,,,,Aerospace,2026-08-14,2026-08-14,https://joinhandshake.com/students/whos-hiring,linked_page,4,success_after_fallback
9017a73f76e1,2026-08-14,5e6b2d8a10cd,Flexim Americas,https://www.flexim.com/us,https://joinhandshake.com/students/whos-hiring,Lead Medical Scribe at Oak Street Health,https://app.joinhandshake.com/public/jobs/11302422,"Brentwood, NY, United States",Brentwood,NY,United States,Not specified,,,,Aerospace,2026-08-14,2026-08-14,https://joinhandshake.com/students/whos-hiring,linked_page,4,success_after_fallback
3edb1de0734a,2026-08-14,5e6b2d8a10cd,Flexim Americas,https://www.flexim.com/us,https://joinhandshake.com/students/whos-hiring,Part-Time Conference Sales Representative at CounterTEN,https://app.joinhandshake.com/public/jobs/11302420,"Brentwood, NY, United States",Brentwood,NY,United States,Not specified,,,,Aerospace,2026-08-14,2026-08-14,https://joinhandshake.com/students/whos-hiring,linked_page,4,success_after_fallback
bd48fc543a63,2026-08-14,9c006685bfd8,General Dynamics,https://www.gdit.com/,https://www.gdit.com/careers/areas-of-expertise,Corporate Operations,https://www.gdit.com/careers/featured-career-paths/corporate-operations,"Rensselaer, NY, United States",Rensselaer,NY,United States,Not specified,,,,Core Space,2026-08-14,2026-08-14,https://www.gdit.com/careers/areas-of-expertise,linked_page,3,success_after_fallback
8cc96cd7ca2c,2026-08-14,22f272cffdda,GI Aerospace,https://www.giaerospace.com/,https://www.gicorp.com/careers/opportunities,Procurement and Sales Coordinator,https://www.gicorp.com/careers/engineering/311-procurement-sales-coordinator,"Kochi, Kerala, India",Kochi,Kerala,India,Not specified,,,,Aerospace,2026-08-14,2026-08-14,https://www.gicorp.com/careers/opportunities,known_careers_url,4,success
73d48c20870d,2026-08-14,22f272cffdda,GI Aerospace,https://www.giaerospace.com/,https://www.gicorp.com/careers/opportunities,Procurement and Sales Coordinator,https://www.gicorp.com/careers/engineering/312-procurement-sales-coordinator,"Dubai, United Arab Emirates",Dubai,,United Arab Emirates,Not specified,,,,Aerospace,2026-08-14,2026-08-14,https://www.gicorp.com/careers/opportunities,known_careers_url,4,success
6980f4a1dae3,2026-08-14,22f272cffdda,GI Aerospace,https://www.giaerospace.com/,https://www.gicorp.com/careers/opportunities,CNC Swiss Lathe Operator - Air Conditioned Facility,https://www.gicorp.com/careers/corp/740-cnc-lathe-machinist,"Houston, TX, United States",Houston,TX,United States,Not specified,,,,Aerospace,2026-08-14,2026-08-14,https://www.gicorp.com/careers/opportunities,known_careers_url,4,success
16834486b237,2026-08-14,22f272cffdda,GI Aerospace,https://www.giaerospace.com/,https://www.gicorp.com/careers/opportunities,Warehouse Associate / Packer,https://www.gicorp.com/careers/pacificsystems/902-warehouse-associate,"Houston, TX, United States",Houston,TX,United States,Not specified,,,,Aerospace,2026-08-14,2026-08-14,https://www.gicorp.com/careers/opportunities,known_careers_url,4,success
e1334ec3197a,2026-08-14,22f272cffdda,GI Aerospace,https://www.giaerospace.com/,https://www.gicorp.com/careers/opportunities,DoD Contractor - Military Packaging Associate,https://www.gicorp.com/careers/pacificsystems/901-packaging-administrator,"Houston, TX, United States",Houston,TX,United States,Not specified,,,,Aerospace,2026-08-14,2026-08-14,https://www.gicorp.com/careers/opportunities,known_careers_url,4,success
cf76937925a1,2026-08-14,22f272cffdda,GI Aerospace,https://www.giaerospace.com/,https://www.gicorp.com/careers/opportunities,Full-Stack Developer - Python & Javascript,https://www.gicorp.com/careers/corp/731-full-stack-developer,"Kochi, Kerala, India",Kochi,Kerala,India,Not specified,,,,Aerospace,2026-08-14,2026-08-14,https://www.gicorp.com/careers/opportunities,known_careers_url,4,success
6c8504dad2fd,2026-08-14,22f272cffdda,GI Aerospace,https://www.giaerospace.com/,https://www.gicorp.com/careers/opportunities,Python Developer - Django,https://www.gicorp.com/careers/corp/732-python-developer-django,"Kochi, Kerala, India",Kochi,Kerala,India,Not specified,,,,Aerospace,2026-08-14,2026-08-14,https://www.gicorp.com/careers/opportunities,known_careers_url,4,success
1e0fd893ba57,2026-08-14,22f272cffdda,GI Aerospace,https://www.giaerospace.com/,https://www.gicorp.com/careers/opportunities,UI / UX Designer,https://www.gicorp.com/careers/consulting/706-ui-ux-designer,"Kochi, Kerala, India",Kochi,Kerala,India,Not specified,,,,Aerospace,2026-08-14,2026-08-14,https://www.gicorp.com/careers/opportunities,known_careers_url,4,success
40ffeb81575d,2026-08-14,22f272cffdda,GI Aerospace,https://www.giaerospace.com/,https://www.gicorp.com/careers/opportunities,Creative Designer - Web and Print,https://www.gicorp.com/careers/corp/734-creative-designer,"Kochi, Kerala, India",Kochi,Kerala,India,Not specified,,,,Aerospace,2026-08-14,2026-08-14,https://www.gicorp.com/careers/opportunities,known_careers_url,4,success
1255dd6cfdd8,2026-08-14,22f272cffdda,GI Aerospace,https://www.giaerospace.com/,https://www.gicorp.com/careers/opportunities,Windows System Administrator,https://www.gicorp.com/careers/corp/738-windows-system-administrator,"Kochi, Kerala, India",Kochi,Kerala,India,Not specified,,,,Aerospace,2026-08-14,2026-08-14,https://www.gicorp.com/careers/opportunities,known_careers_url,4,success
fff41ec9a9cb,2026-08-14,22f272cffdda,GI Aerospace,https://www.giaerospace.com/,https://www.gicorp.com/careers/opportunities,EU Operations & Sales Manager,https://www.gicorp.com/careers/europe/501-eu-operations-sales-manager,"Rotterdam, Netherlands",Rotterdam,,Netherlands,Not specified,,,,Aerospace,2026-08-14,2026-08-14,https://www.gicorp.com/careers/opportunities,known_careers_url,4,success
0c572d500ee6,2026-08-14,22f272cffdda,GI Aerospace,https://www.giaerospace.com/,https://www.gicorp.com/careers/opportunities,Aircraft Assembly Tools - Sales,https://www.gicorp.com/careers/wescon/405-aircraft-assembly-tools-sales,"Houston, TX, United States",Houston,TX,United States,Not specified,,,,Aerospace,2026-08-14,2026-08-14,https://www.gicorp.com/careers/opportunities,known_careers_url,4,success
3f5004c79f36,2026-08-14,22f272cffdda,GI Aerospace,https://www.giaerospace.com/,https://www.gicorp.com/careers/opportunities,Sales Engineer - Electrical,https://www.gicorp.com/careers/engineering/315-sales-engineer-elecrical,"Kochi, Kerala, India",Kochi,Kerala,India,Not specified,,,,Aerospace,2026-08-14,2026-08-14,https://www.gicorp.com/careers/opportunities,known_careers_url,4,success
c9b04257d48a,2026-08-14,22f272cffdda,GI Aerospace,https://www.giaerospace.com/,https://www.gicorp.com/careers/opportunities,Power Transformers (132kV and above) Testing & Commissioning Engineer,https://www.gicorp.com/careers/engineering/307-Transformer-Testing-Commissioning-Engineer,"Dubai, United Arab Emirates",Dubai,,United Arab Emirates,Not specified,,,,Aerospace,2026-08-14,2026-08-14,https://www.gicorp.com/careers/opportunities,known_careers_url,4,success
9dd297bf7d6b,2026-08-14,22f272cffdda,GI Aerospace,https://www.giaerospace.com/,https://www.gicorp.com/careers/opportunities,Aviation Tools Sales Manager - Europe,https://www.gicorp.com/careers/wescon/403-aviation-tools-sales-manager-europe,"United Kingdom, European Union",,,United Kingdom,Not specified,,,,Aerospace,2026-08-14,2026-08-14,https://www.gicorp.com/careers/opportunities,known_careers_url,4,success
348a3cd2baa2,2026-08-14,22f272cffdda,GI Aerospace,https://www.giaerospace.com/,https://www.gicorp.com/careers/opportunities,Aviation Tools Sales Manager - United States,https://www.gicorp.com/careers/wescon/401-aviation-tools-sales-manager-united-states,"Houston, TX, United States",Houston,TX,United States,Not specified,,,,Aerospace,2026-08-14,2026-08-14,https://www.gicorp.com/careers/opportunities,known_careers_url,4,success
44617c16a82a,2026-08-14,22f272cffdda,GI Aerospace,https://www.giaerospace.com/,https://www.gicorp.com/careers/corp/742-cnc-swiss-lathe-programmer,CNC Swiss Lathe Programmer - Air Conditioned Facility,https://www.gicorp.com/careers/corp/742-cnc-swiss-lathe-programmer,"Austin, TX, United States, Austin, TX, United States, US",Austin,TX,United States,Not specified,,,,Aerospace,2026-08-14,2026-08-14,https://www.gicorp.com/careers/corp/742-cnc-swiss-lathe-programmer,linked_page,3,success_after_fallback
7b7751014110,2026-08-14,22f272cffdda,GI Aerospace,https://www.giaerospace.com/,https://www.gicorp.com/careers/corp/742-cnc-swiss-lathe-programmer,"Read, interpret, and work from complex blueprints and engineering drawings.",https://www.gicorp.com/careers/corp/apply,"Queens, NY, United States",Queens,NY,United States,Not specified,,,,Aerospace,2026-08-14,2026-08-14,https://www.gicorp.com/careers/corp/742-cnc-swiss-lathe-programmer,linked_page,3,success_after_fallback
9548940e9a5e,2026-08-14,22f272cffdda,GI Aerospace,https://www.giaerospace.com/,https://www.gicorp.com/careers/corp/741-cnc-swiss-lathe-programmer,CNC Mill Programmer - Air Conditioned Facility,https://www.gicorp.com/careers/corp/741-cnc-swiss-lathe-programmer,"Houston, TX, United States, Houston, TX, United States, US",Houston,TX,United States,Not specified,,,,Aerospace,2026-08-14,2026-08-14,https://www.gicorp.com/careers/corp/741-cnc-swiss-lathe-programmer,linked_page,3,success_after_fallback
557fb95a533a,2026-08-14,22f272cffdda,GI Aerospace,https://www.giaerospace.com/,https://www.gicorp.com/careers/corp/743-cnc-mill-programmer,CNC Mill Programmer - Air Conditioned Facility,https://www.gicorp.com/careers/corp/743-cnc-mill-programmer,"Houston, TX, United States, Houston, TX, United States, US",Houston,TX,United States,Not specified,,,,Aerospace,2026-08-14,2026-08-14,https://www.gicorp.com/careers/corp/743-cnc-mill-programmer,linked_page,3,success_after_fallback
35021aeedbd6,2026-08-14,22f272cffdda,GI Aerospace,https://www.giaerospace.com/,https://www.gicorp.com/careers/pacificsystems/902-warehouse-associate,Warehouse Associate / Packer,https://www.gicorp.com/careers/pacificsystems/apply,"Queens, NY, United States",Queens,NY,United States,Not specified,,,,Aerospace,2026-08-14,2026-08-14,https://www.gicorp.com/careers/pacificsystems/902-warehouse-associate,linked_page,3,success_after_fallback
868751eacef7,2026-08-14,9aece7086b18,Huntington Ingalls Industries,https://hii.com/,https://careers.huntingtoningalls.com/search?q=&locationsearch=Pascagoula%2C+MS&sortColumn=referencedate&sortDirection=desc&searchby=location&d=10,MGR ENGINEERING 2,https://careers.huntingtoningalls.com/job/Pascagoula-MGR-ENGINEERING-2-Miss/1419489300,"Syracuse, NY, United States",Syracuse,NY,United States,Not specified,,,,Space & Defense,2026-08-14,2026-08-14,https://careers.huntingtoningalls.com/search?q=&locationsearch=Pascagoula%2C+MS&sortColumn=referencedate&sortDirection=desc&searchby=location&d=10,known_careers_url,4,success
2eaecad0ebb8,2026-08-14,9aece7086b18,Huntington Ingalls Industries,https://hii.com/,https://careers.huntingtoningalls.com/search?q=&locationsearch=Pascagoula%2C+MS&sortColumn=referencedate&sortDirection=desc&searchby=location&d=10,PROJECT MANAGEMENT 1,https://careers.huntingtoningalls.com/job/Pascagoula-PROJECT-MANAGEMENT-1-Miss/1419494400,"Syracuse, NY, United States",Syracuse,NY,United States,Not specified,,,,Space & Defense,2026-08-14,2026-08-14,https://careers.huntingtoningalls.com/search?q=&locationsearch=Pascagoula%2C+MS&sortColumn=referencedate&sortDirection=desc&searchby=location&d=10,known_careers_url,4,success
ae7618754ce9,2026-08-14,9aece7086b18,Huntington Ingalls Industries,https://hii.com/,https://careers.huntingtoningalls.com/search?q=&locationsearch=Pascagoula%2C+MS&sortColumn=referencedate&sortDirection=desc&searchby=location&d=10,DESIGNER 1,https://careers.huntingtoningalls.com/job/Pascagoula-DESIGNER-1-Miss/1419008500,"Syracuse, NY, United States",Syracuse,NY,United States,Not specified,,,,Space & Defense,2026-08-14,2026-08-14,https://careers.huntingtoningalls.com/search?q=&locationsearch=Pascagoula%2C+MS&sortColumn=referencedate&sortDirection=desc&searchby=location&d=10,known_careers_url,4,success
1ce728366e7e,2026-08-14,9aece7086b18,Huntington Ingalls Industries,https://hii.com/,https://careers.huntingtoningalls.com/search?q=&locationsearch=Pascagoula%2C+MS&sortColumn=referencedate&sortDirection=desc&searchby=location&d=10,DESIGNER 4,https://careers.huntingtoningalls.com/job/Pascagoula-DESIGNER-4-Miss/1419008600,"Syracuse, NY, United States",Syracuse,NY,United States,Not specified,,,,Space & Defense,2026-08-14,2026-08-14,https://careers.huntingtoningalls.com/search?q=&locationsearch=Pascagoula%2C+MS&sortColumn=referencedate&sortDirection=desc&searchby=location&d=10,known_careers_url,4,success
efa5d85a58c7,2026-08-14,9aece7086b18,Huntington Ingalls Industries,https://hii.com/,https://careers.huntingtoningalls.com/search?q=&locationsearch=Pascagoula%2C+MS&sortColumn=referencedate&sortDirection=desc&searchby=location&d=10,DESIGNER 2,https://careers.huntingtoningalls.com/job/Pascagoula-DESIGNER-2-Miss/1419008800,"Syracuse, NY, United States",Syracuse,NY,United States,Not specified,,,,Space & Defense,2026-08-14,2026-08-14,https://careers.huntingtoningalls.com/search?q=&locationsearch=Pascagoula%2C+MS&sortColumn=referencedate&sortDirection=desc&searchby=location&d=10,known_careers_url,4,success
6eda33ad96ba,2026-08-14,9aece7086b18,Huntington Ingalls Industries,https://hii.com/,https://careers.huntingtoningalls.com/search?q=&locationsearch=Pascagoula%2C+MS&sortColumn=referencedate&sortDirection=desc&searchby=location&d=10,MANUFACTURING ANALYST 2,https://careers.huntingtoningalls.com/job/Pascagoula-MANUFACTURING-ANALYST-2-Miss/1419062400,"Syracuse, NY, United States",Syracuse,NY,United States,Not specified,,,,Space & Defense,2026-08-14,2026-08-14,https://careers.huntingtoningalls.com/search?q=&locationsearch=Pascagoula%2C+MS&sortColumn=referencedate&sortDirection=desc&searchby=location&d=10,known_careers_url,4,success
b8cb6aa834fa,2026-08-14,9aece7086b18,Huntington Ingalls Industries,https://hii.com/,https://careers.huntingtoningalls.com/search?q=&locationsearch=Pascagoula%2C+MS&sortColumn=referencedate&sortDirection=desc&searchby=location&d=10,INFORMATION ASSURANCE ENGINEER 3,https://careers.huntingtoningalls.com/job/Pascagoula-INFORMATION-ASSURANCE-ENGINEER-3-Miss/1418553400,"Syracuse, NY, United States",Syracuse,NY,United States,Not specified,,,,Space & Defense,2026-08-14,2026-08-14,https://careers.huntingtoningalls.com/search?q=&locationsearch=Pascagoula%2C+MS&sortColumn=referencedate&sortDirection=desc&searchby=location&d=10,known_careers_url,4,success
7992e84a532b,2026-08-14,9aece7086b18,Huntington Ingalls Industries,https://hii.com/,https://careers.huntingtoningalls.com/search?q=&locationsearch=Pascagoula%2C+MS&sortColumn=referencedate&sortDirection=desc&searchby=location&d=10,PRODUCTION TEST TECHNICIAN 4,https://careers.huntingtoningalls.com/job/Pascagoula-PRODUCTION-TEST-TECHNICIAN-4-Miss/1417765200,"Syracuse, NY, United States",Syracuse,NY,United States,Not specified,,,,Space & Defense,2026-08-14,2026-08-14,https://careers.huntingtoningalls.com/search?q=&locationsearch=Pascagoula%2C+MS&sortColumn=referencedate&sortDirection=desc&searchby=location&d=10,known_careers_url,4,success
f05a615dd9d3,2026-08-14,9aece7086b18,Huntington Ingalls Industries,https://hii.com/,https://careers.huntingtoningalls.com/search?q=&locationsearch=Pascagoula%2C+MS&sortColumn=referencedate&sortDirection=desc&searchby=location&d=10,ENGINEER STRUCTURAL 1,https://careers.huntingtoningalls.com/job/Pascagoula-ENGINEER-STRUCTURAL-1-Miss/1417769100,"Syracuse, NY, United States",Syracuse,NY,United States,Not specified,,,,Space & Defense,2026-08-14,2026-08-14,https://careers.huntingtoningalls.com/search?q=&locationsearch=Pascagoula%2C+MS&sortColumn=referencedate&sortDirection=desc&searchby=location&d=10,known_careers_url,4,success
6a029f6044e2,2026-08-14,9aece7086b18,Huntington Ingalls Industries,https://hii.com/,https://careers.huntingtoningalls.com/search?q=&locationsearch=Pascagoula%2C+MS&sortColumn=referencedate&sortDirection=desc&searchby=location&d=10,BUDGET ANALYST 2,https://careers.huntingtoningalls.com/job/Pascagoula-BUDGET-ANALYST-2-Miss/1404787200,"Syracuse, NY, United States",Syracuse,NY,United States,Not specified,,,,Space & Defense,2026-08-14,2026-08-14,https://careers.huntingtoningalls.com/search?q=&locationsearch=Pascagoula%2C+MS&sortColumn=referencedate&sortDirection=desc&searchby=location&d=10,known_careers_url,4,success
820079844a40,2026-08-14,9aece7086b18,Huntington Ingalls Industries,https://hii.com/,https://careers.huntingtoningalls.com/search?q=&locationsearch=Pascagoula%2C+MS&sortColumn=referencedate&sortDirection=desc&searchby=location&d=10,ENGINEER ELECTRICAL 4,https://careers.huntingtoningalls.com/job/Pascagoula-ENGINEER-ELECTRICAL-4-Miss/1401908600,"Syracuse, NY, United States",Syracuse,NY,United States,Not specified,,,,Space & Defense,2026-08-14,2026-08-14,https://careers.huntingtoningalls.com/search?q=&locationsearch=Pascagoula%2C+MS&sortColumn=referencedate&sortDirection=desc&searchby=location&d=10,known_careers_url,4,success
a3843392977b,2026-08-14,9aece7086b18,Huntington Ingalls Industries,https://hii.com/,https://careers.huntingtoningalls.com/search?q=&locationsearch=Pascagoula%2C+MS&sortColumn=referencedate&sortDirection=desc&searchby=location&d=10,DESIGNER 4,https://careers.huntingtoningalls.com/job/Pascagoula-DESIGNER-4-Miss/1412428000,"Syracuse, NY, United States",Syracuse,NY,United States,Not specified,,,,Space & Defense,2026-08-14,2026-08-14,https://careers.huntingtoningalls.com/search?q=&locationsearch=Pascagoula%2C+MS&sortColumn=referencedate&sortDirection=desc&searchby=location&d=10,known_careers_url,4,success
02d8a65d359d,2026-08-14,9aece7086b18,Huntington Ingalls Industries,https://hii.com/,https://careers.huntingtoningalls.com/search?q=&locationsearch=Pascagoula%2C+MS&sortColumn=referencedate&sortDirection=desc&searchby=location&d=10,ENGINEER INDUSTRIAL 1,https://careers.huntingtoningalls.com/job/Pascagoula-ENGINEER-INDUSTRIAL-1-Miss/1393730200,"Syracuse, NY, United States",Syracuse,NY,United States,Not specified,,,,Space & Defense,2026-08-14,2026-08-14,https://careers.huntingtoningalls.com/search?q=&locationsearch=Pascagoula%2C+MS&sortColumn=referencedate&sortDirection=desc&searchby=location&d=10,known_careers_url,4,success
b379dabea4f7,2026-08-14,64d9022f568a,ITT Enidine,https://www.enidine.com/en-US/Home,https://careersenus-itt-inc.icims.com/jobs/search?ss=1&searchRelation=keyword_all,Title Assembly Operator,https://careersenus-itt-inc.icims.com/jobs/17418/assembly-operator/job,"Orchard Park, NY, United States",Orchard Park,NY,United States,Not specified,,,,Space & Defense,2026-08-14,2026-08-14,https://careersenus-itt-inc.icims.com/jobs/search?ss=1&searchRelation=keyword_all,ats_detected,5,success_after_fallback
f570160dc3ce,2026-08-14,64d9022f568a,ITT Enidine,https://www.enidine.com/en-US/Home,https://careersenus-itt-inc.icims.com/jobs/search?ss=1&searchRelation=keyword_all,Title HR Leader - Transformation and Strategic Projects,https://careersenus-itt-inc.icims.com/jobs/17362/hr-leader---transformation-and-strategic-projects/job,"Orchard Park, NY, United States",Orchard Park,NY,United States,Not specified,,,,Space & Defense,2026-08-14,2026-08-14,https://careersenus-itt-inc.icims.com/jobs/search?ss=1&searchRelation=keyword_all,ats_detected,5,success_after_fallback
d792a797892c,2026-08-14,64d9022f568a,ITT Enidine,https://www.enidine.com/en-US/Home,https://careersenus-itt-inc.icims.com/jobs/search?ss=1&searchRelation=keyword_all,Title Treasury Operations Manager,https://careersenus-itt-inc.icims.com/jobs/17360/treasury-operations-manager/job,"Orchard Park, NY, United States",Orchard Park,NY,United States,Not specified,,,,Space & Defense,2026-08-14,2026-08-14,https://careersenus-itt-inc.icims.com/jobs/search?ss=1&searchRelation=keyword_all,ats_detected,5,success_after_fallback
080e0443530c,2026-08-14,64d9022f568a,ITT Enidine,https://www.enidine.com/en-US/Home,https://careersenus-itt-inc.icims.com/jobs/search?ss=1&searchRelation=keyword_all,Title Inside Sales Representative,https://careersenus-itt-inc.icims.com/jobs/17348/inside-sales-representative/job,"Orchard Park, NY, United States",Orchard Park,NY,United States,Not specified,,,,Space & Defense,2026-08-14,2026-08-14,https://careersenus-itt-inc.icims.com/jobs/search?ss=1&searchRelation=keyword_all,ats_detected,5,success_after_fallback
cdb8f447724d,2026-08-14,64d9022f568a,ITT Enidine,https://www.enidine.com/en-US/Home,https://careersenus-itt-inc.icims.com/jobs/search?ss=1&searchRelation=keyword_all,Title Sales Representative,https://careersenus-itt-inc.icims.com/jobs/17347/sales-representative/job,"Orchard Park, NY, United States",Orchard Park,NY,United States,Not specified,,,,Space & Defense,2026-08-14,2026-08-14,https://careersenus-itt-inc.icims.com/jobs/search?ss=1&searchRelation=keyword_all,ats_detected,5,success_after_fallback
c5dad4092d45,2026-08-14,64d9022f568a,ITT Enidine,https://www.enidine.com/en-US/Home,https://careersenus-itt-inc.icims.com/jobs/search?ss=1&searchRelation=keyword_all,Title Service Technician,https://careersenus-itt-inc.icims.com/jobs/17345/service-technician/job,"Orchard Park, NY, United States",Orchard Park,NY,United States,Not specified,,,,Space & Defense,2026-08-14,2026-08-14,https://careersenus-itt-inc.icims.com/jobs/search?ss=1&searchRelation=keyword_all,ats_detected,5,success_after_fallback
98d131eeb602,2026-08-14,64d9022f568a,ITT Enidine,https://www.enidine.com/en-US/Home,https://careersenus-itt-inc.icims.com/jobs/search?ss=1&searchRelation=keyword_all,Title Senior Human Resources Manager,https://careersenus-itt-inc.icims.com/jobs/17344/senior-human-resources-manager/job,"Orchard Park, NY, United States",Orchard Park,NY,United States,Not specified,,,,Space & Defense,2026-08-14,2026-08-14,https://careersenus-itt-inc.icims.com/jobs/search?ss=1&searchRelation=keyword_all,ats_detected,5,success_after_fallback
306b03c9a2df,2026-08-14,64d9022f568a,ITT Enidine,https://www.enidine.com/en-US/Home,https://careersenus-itt-inc.icims.com/jobs/search?ss=1&searchRelation=keyword_all,Title Maintenance Technician II,https://careersenus-itt-inc.icims.com/jobs/17286/maintenance-technician-ii/job,"Orchard Park, NY, United States",Orchard Park,NY,United States,Not specified,,,,Space & Defense,2026-08-14,2026-08-14,https://careersenus-itt-inc.icims.com/jobs/search?ss=1&searchRelation=keyword_all,ats_detected,5,success_after_fallback
f5d35003e7ed,2026-08-14,64d9022f568a,ITT Enidine,https://www.enidine.com/en-US/Home,https://careersenus-itt-inc.icims.com/jobs/search?ss=1&searchRelation=keyword_all,Title LEAN TECHNICIAN I (DIRECT) 2nd Shioft,https://careersenus-itt-inc.icims.com/jobs/17285/lean-technician-i-%28direct%29-2nd-shioft/job,"Orchard Park, NY, United States",Orchard Park,NY,United States,Not specified,,,,Space & Defense,2026-08-14,2026-08-14,https://careersenus-itt-inc.icims.com/jobs/search?ss=1&searchRelation=keyword_all,ats_detected,5,success_after_fallback
7a2c741093b1,2026-08-14,64d9022f568a,ITT Enidine,https://www.enidine.com/en-US/Home,https://careersenus-itt-inc.icims.com/jobs/search?ss=1&searchRelation=keyword_all,Title Product Design Engineer I,https://careersenus-itt-inc.icims.com/jobs/17272/product-design-engineer-i/job,"Orchard Park, NY, United States",Orchard Park,NY,United States,Not specified,,,,Space & Defense,2026-08-14,2026-08-14,https://careersenus-itt-inc.icims.com/jobs/search?ss=1&searchRelation=keyword_all,ats_detected,5,success_after_fallback
d8a0e084f566,2026-08-14,64d9022f568a,ITT Enidine,https://www.enidine.com/en-US/Home,https://careersenus-itt-inc.icims.com/jobs/search?ss=1&searchRelation=keyword_all,Title R & D Test Technician,https://careersenus-itt-inc.icims.com/jobs/17271/r-%26-d-test-technician/job,"Orchard Park, NY, United States",Orchard Park,NY,United States,Not specified,,,,Space & Defense,2026-08-14,2026-08-14,https://careersenus-itt-inc.icims.com/jobs/search?ss=1&searchRelation=keyword_all,ats_detected,5,success_after_fallback
5c57e2dd2d6c,2026-08-14,64d9022f568a,ITT Enidine,https://www.enidine.com/en-US/Home,https://careersenus-itt-inc.icims.com/jobs/search?ss=1&searchRelation=keyword_all,Title Global Sourcing Manager,https://careersenus-itt-inc.icims.com/jobs/17268/global-sourcing-manager/job,"Orchard Park, NY, United States",Orchard Park,NY,United States,Not specified,,,,Space & Defense,2026-08-14,2026-08-14,https://careersenus-itt-inc.icims.com/jobs/search?ss=1&searchRelation=keyword_all,ats_detected,5,success_after_fallback
f00c424bfb2e,2026-08-14,64d9022f568a,ITT Enidine,https://www.enidine.com/en-US/Home,https://careersenus-itt-inc.icims.com/jobs/search?ss=1&searchRelation=keyword_all,Title Product Design Engineer,https://careersenus-itt-inc.icims.com/jobs/17267/product-design-engineer/job,"Orchard Park, NY, United States",Orchard Park,NY,United States,Not specified,,,,Space & Defense,2026-08-14,2026-08-14,https://careersenus-itt-inc.icims.com/jobs/search?ss=1&searchRelation=keyword_all,ats_detected,5,success_after_fallback
f2c6c334afc5,2026-08-14,64d9022f568a,ITT Enidine,https://www.enidine.com/en-US/Home,https://careersenus-itt-inc.icims.com/jobs/search?ss=1&searchRelation=keyword_all,Title Assembly Operator II,https://careersenus-itt-inc.icims.com/jobs/17263/assembly-operator-ii/job,"Orchard Park, NY, United States",Orchard Park,NY,United States,Not specified,,,,Space & Defense,2026-08-14,2026-08-14,https://careersenus-itt-inc.icims.com/jobs/search?ss=1&searchRelation=keyword_all,ats_detected,5,success_after_fallback
6ac815b1aef2,2026-08-14,64d9022f568a,ITT Enidine,https://www.enidine.com/en-US/Home,https://careersenus-itt-inc.icims.com/jobs/search?ss=1&searchRelation=keyword_all,Title Assembly Operator,https://careersenus-itt-inc.icims.com/jobs/17262/assembly-operator/job,"Orchard Park, NY, United States",Orchard Park,NY,United States,Not specified,,,,Space & Defense,2026-08-14,2026-08-14,https://careersenus-itt-inc.icims.com/jobs/search?ss=1&searchRelation=keyword_all,ats_detected,5,success_after_fallback
01c9853dad8d,2026-08-14,64d9022f568a,ITT Enidine,https://www.enidine.com/en-US/Home,https://careersenus-itt-inc.icims.com/jobs/search?ss=1&searchRelation=keyword_all,Title Product Design Engineer,https://careersenus-itt-inc.icims.com/jobs/17260/product-design-engineer/job,"Orchard Park, NY, United States",Orchard Park,NY,United States,Not specified,,,,Space & Defense,2026-08-14,2026-08-14,https://careersenus-itt-inc.icims.com/jobs/search?ss=1&searchRelation=keyword_all,ats_detected,5,success_after_fallback
6d8ff3c0a265,2026-08-14,64d9022f568a,ITT Enidine,https://www.enidine.com/en-US/Home,https://careersenus-itt-inc.icims.com/jobs/search?ss=1&searchRelation=keyword_all,Title Quality Control Specialist,https://careersenus-itt-inc.icims.com/jobs/17252/quality-control-specialist/job,"Orchard Park, NY, United States",Orchard Park,NY,United States,Not specified,,,,Space & Defense,2026-08-14,2026-08-14,https://careersenus-itt-inc.icims.com/jobs/search?ss=1&searchRelation=keyword_all,ats_detected,5,success_after_fallback
8eac2dfcec39,2026-08-14,64d9022f568a,ITT Enidine,https://www.enidine.com/en-US/Home,https://careersenus-itt-inc.icims.com/jobs/search?ss=1&searchRelation=keyword_all,Title Office Support Specialist,https://careersenus-itt-inc.icims.com/jobs/17249/office-support-specialist/job,"Orchard Park, NY, United States",Orchard Park,NY,United States,Not specified,,,,Space & Defense,2026-08-14,2026-08-14,https://careersenus-itt-inc.icims.com/jobs/search?ss=1&searchRelation=keyword_all,ats_detected,5,success_after_fallback
62dcc8d48312,2026-08-14,64d9022f568a,ITT Enidine,https://www.enidine.com/en-US/Home,https://careersenus-itt-inc.icims.com/jobs/search?ss=1&searchRelation=keyword_all,Title Manufacturing Engineer,https://careersenus-itt-inc.icims.com/jobs/17232/manufacturing-engineer/job,"Orchard Park, NY, United States",Orchard Park,NY,United States,Not specified,,,,Space & Defense,2026-08-14,2026-08-14,https://careersenus-itt-inc.icims.com/jobs/search?ss=1&searchRelation=keyword_all,ats_detected,5,success_after_fallback
cc03e6efd913,2026-08-14,64d9022f568a,ITT Enidine,https://www.enidine.com/en-US/Home,https://careersenus-itt-inc.icims.com/jobs/search?ss=1&searchRelation=keyword_all,Title Manufacturing Engineer,https://careersenus-itt-inc.icims.com/jobs/17231/manufacturing-engineer/job,"Orchard Park, NY, United States",Orchard Park,NY,United States,Not specified,,,,Space & Defense,2026-08-14,2026-08-14,https://careersenus-itt-inc.icims.com/jobs/search?ss=1&searchRelation=keyword_all,ats_detected,5,success_after_fallback
738ec25a3be3,2026-08-14,64d9022f568a,ITT Enidine,https://www.enidine.com/en-US/Home,https://careersenus-itt-inc.icims.com/jobs/search?ss=1&searchRelation=keyword_all,Title Quality Control Specialist I,https://careersenus-itt-inc.icims.com/jobs/17229/quality-control-specialist-i/job,"Orchard Park, NY, United States",Orchard Park,NY,United States,Not specified,,,,Space & Defense,2026-08-14,2026-08-14,https://careersenus-itt-inc.icims.com/jobs/search?ss=1&searchRelation=keyword_all,ats_detected,5,success_after_fallback
7741e73b0d6f,2026-08-14,64d9022f568a,ITT Enidine,https://www.enidine.com/en-US/Home,https://careersenus-itt-inc.icims.com/jobs/search?ss=1&searchRelation=keyword_all,Title Product Design Engineer,https://careersenus-itt-inc.icims.com/jobs/17227/product-design-engineer/job,"Orchard Park, NY, United States",Orchard Park,NY,United States,Not specified,,,,Space & Defense,2026-08-14,2026-08-14,https://careersenus-itt-inc.icims.com/jobs/search?ss=1&searchRelation=keyword_all,ats_detected,5,success_after_fallback
f32c465883ac,2026-08-14,64d9022f568a,ITT Enidine,https://www.enidine.com/en-US/Home,https://careersenus-itt-inc.icims.com/jobs/search?ss=1&searchRelation=keyword_all,Title Product Design Engineer,https://careersenus-itt-inc.icims.com/jobs/17225/product-design-engineer/job,"Orchard Park, NY, United States",Orchard Park,NY,United States,Not specified,,,,Space & Defense,2026-08-14,2026-08-14,https://careersenus-itt-inc.icims.com/jobs/search?ss=1&searchRelation=keyword_all,ats_detected,5,success_after_fallback
31676b79267c,2026-08-14,64d9022f568a,ITT Enidine,https://www.enidine.com/en-US/Home,https://careersenus-itt-inc.icims.com/jobs/search?ss=1&searchRelation=keyword_all,Title Senior Product Design Engineer,https://careersenus-itt-inc.icims.com/jobs/17203/senior-product-design-engineer/job,"Orchard Park, NY, United States",Orchard Park,NY,United States,Not specified,,,,Space & Defense,2026-08-14,2026-08-14,https://careersenus-itt-inc.icims.com/jobs/search?ss=1&searchRelation=keyword_all,ats_detected,5,success_after_fallback
e04dbf7473e9,2026-08-14,64d9022f568a,ITT Enidine,https://www.enidine.com/en-US/Home,https://careersenus-itt-inc.icims.com/jobs/search?ss=1&searchRelation=keyword_all,Title Product Assurance Analyst,https://careersenus-itt-inc.icims.com/jobs/17200/product-assurance-analyst/job,"Orchard Park, NY, United States",Orchard Park,NY,United States,Not specified,,,,Space & Defense,2026-08-14,2026-08-14,https://careersenus-itt-inc.icims.com/jobs/search?ss=1&searchRelation=keyword_all,ats_detected,5,success_after_fallback
6a5714ad6a2d,2026-08-14,64d9022f568a,ITT Enidine,https://www.enidine.com/en-US/Home,https://careersenus-itt-inc.icims.com/jobs/search?ss=1&searchRelation=keyword_all,Title Technical Sales Support Representative,https://careersenus-itt-inc.icims.com/jobs/17197/technical-sales-support-representative/job,"Orchard Park, NY, United States",Orchard Park,NY,United States,Not specified,,,,Space & Defense,2026-08-14,2026-08-14,https://careersenus-itt-inc.icims.com/jobs/search?ss=1&searchRelation=keyword_all,ats_detected,5,success_after_fallback
cdf877a8ad1a,2026-08-14,64d9022f568a,ITT Enidine,https://www.enidine.com/en-US/Home,https://careersenus-itt-inc.icims.com/jobs/search?ss=1&searchRelation=keyword_all,"Title Director, Platform Services",https://careersenus-itt-inc.icims.com/jobs/17194/director%2c-platform-services/job,"Orchard Park, NY, United States",Orchard Park,NY,United States,Hybrid,,,,Space & Defense,2026-08-14,2026-08-14,https://careersenus-itt-inc.icims.com/jobs/search?ss=1&searchRelation=keyword_all,ats_detected,5,success_after_fallback
cf62009d57a7,2026-08-14,64d9022f568a,ITT Enidine,https://www.enidine.com/en-US/Home,https://careersenus-itt-inc.icims.com/jobs/search?ss=1&searchRelation=keyword_all,"Title Manager, Manufacturing Engineering",https://careersenus-itt-inc.icims.com/jobs/17167/manager%2c-manufacturing-engineering/job,"Orchard Park, NY, United States",Orchard Park,NY,United States,Not specified,,,,Space & Defense,2026-08-14,2026-08-14,https://careersenus-itt-inc.icims.com/jobs/search?ss=1&searchRelation=keyword_all,ats_detected,5,success_after_fallback
d1dde5cb9155,2026-08-14,64d9022f568a,ITT Enidine,https://www.enidine.com/en-US/Home,https://careersenus-itt-inc.icims.com/jobs/search?ss=1&searchRelation=keyword_all,Title Quality Engineer (Elastomer/PTFE),https://careersenus-itt-inc.icims.com/jobs/17154/quality-engineer-%28elastomer-ptfe%29/job,"Orchard Park, NY, United States",Orchard Park,NY,United States,Not specified,,,,Space & Defense,2026-08-14,2026-08-14,https://careersenus-itt-inc.icims.com/jobs/search?ss=1&searchRelation=keyword_all,ats_detected,5,success_after_fallback
2b47cf8b5696,2026-08-14,64d9022f568a,ITT Enidine,https://www.enidine.com/en-US/Home,https://careersenus-itt-inc.icims.com/jobs/search?ss=1&searchRelation=keyword_all,Title Operations Scheduler,https://careersenus-itt-inc.icims.com/jobs/17153/operations-scheduler/job,"Orchard Park, NY, United States",Orchard Park,NY,United States,Not specified,,,,Space & Defense,2026-08-14,2026-08-14,https://careersenus-itt-inc.icims.com/jobs/search?ss=1&searchRelation=keyword_all,ats_detected,5,success_after_fallback
ff116143ad75,2026-08-14,64d9022f568a,ITT Enidine,https://www.enidine.com/en-US/Home,https://careersenus-itt-inc.icims.com/jobs/search?ss=1&searchRelation=keyword_all,Title Operations Scheduler,https://careersenus-itt-inc.icims.com/jobs/17152/operations-scheduler/job,"Orchard Park, NY, United States",Orchard Park,NY,United States,Not specified,,,,Space & Defense,2026-08-14,2026-08-14,https://careersenus-itt-inc.icims.com/jobs/search?ss=1&searchRelation=keyword_all,ats_detected,5,success_after_fallback
1e57e5c179a6,2026-08-14,64d9022f568a,ITT Enidine,https://www.enidine.com/en-US/Home,https://careersenus-itt-inc.icims.com/jobs/search?ss=1&searchRelation=keyword_all,Title HR Manager,https://careersenus-itt-inc.icims.com/jobs/17147/hr-manager/job,"Orchard Park, NY, United States",Orchard Park,NY,United States,Not specified,,,,Space & Defense,2026-08-14,2026-08-14,https://careersenus-itt-inc.icims.com/jobs/search?ss=1&searchRelation=keyword_all,ats_detected,5,success_after_fallback
94ff57f1282c,2026-08-14,64d9022f568a,ITT Enidine,https://www.enidine.com/en-US/Home,https://careersenus-itt-inc.icims.com/jobs/search?ss=1&searchRelation=keyword_all,Title Elastomeric Assembly Technician II,https://careersenus-itt-inc.icims.com/jobs/17137/elastomeric-assembly-technician-ii/job,"Orchard Park, NY, United States",Orchard Park,NY,United States,Not specified,,,,Space & Defense,2026-08-14,2026-08-14,https://careersenus-itt-inc.icims.com/jobs/search?ss=1&searchRelation=keyword_all,ats_detected,5,success_after_fallback
2c5aa67114a5,2026-08-14,64d9022f568a,ITT Enidine,https://www.enidine.com/en-US/Home,https://careersenus-itt-inc.icims.com/jobs/search?ss=1&searchRelation=keyword_all,Title Product Design Engineer II,https://careersenus-itt-inc.icims.com/jobs/17132/product-design-engineer-ii/job,"Orchard Park, NY, United States",Orchard Park,NY,United States,Not specified,,,,Space & Defense,2026-08-14,2026-08-14,https://careersenus-itt-inc.icims.com/jobs/search?ss=1&searchRelation=keyword_all,ats_detected,5,success_after_fallback
f0fe6e9b42f2,2026-08-14,64d9022f568a,ITT Enidine,https://www.enidine.com/en-US/Home,https://careersenus-itt-inc.icims.com/jobs/search?ss=1&searchRelation=keyword_all,Title Product Design Engineer,https://careersenus-itt-inc.icims.com/jobs/17122/product-design-engineer/job,"Orchard Park, NY, United States",Orchard Park,NY,United States,Not specified,,,,Space & Defense,2026-08-14,2026-08-14,https://careersenus-itt-inc.icims.com/jobs/search?ss=1&searchRelation=keyword_all,ats_detected,5,success_after_fallback
937830fbe4cb,2026-08-14,64d9022f568a,ITT Enidine,https://www.enidine.com/en-US/Home,https://careersenus-itt-inc.icims.com/jobs/search?ss=1&searchRelation=keyword_all,Title Global Strategic Supply Manager,https://careersenus-itt-inc.icims.com/jobs/17071/global-strategic-supply-manager/job,"Orchard Park, NY, United States",Orchard Park,NY,United States,Not specified,,,,Space & Defense,2026-08-14,2026-08-14,https://careersenus-itt-inc.icims.com/jobs/search?ss=1&searchRelation=keyword_all,ats_detected,5,success_after_fallback
6d6428f6846a,2026-08-14,64d9022f568a,ITT Enidine,https://www.enidine.com/en-US/Home,https://careersenus-itt-inc.icims.com/jobs/search?ss=1&searchRelation=keyword_all,Title Senior Municipal Applications Engineer,https://careersenus-itt-inc.icims.com/jobs/17060/senior-municipal-applications-engineer/job,"Orchard Park, NY, United States",Orchard Park,NY,United States,Not specified,,,,Space & Defense,2026-08-14,2026-08-14,https://careersenus-itt-inc.icims.com/jobs/search?ss=1&searchRelation=keyword_all,ats_detected,5,success_after_fallback
e75e4bc3dbe7,2026-08-14,64d9022f568a,ITT Enidine,https://www.enidine.com/en-US/Home,https://careersenus-itt-inc.icims.com/jobs/search?ss=1&searchRelation=keyword_all,Title Manufacturing Engineer,https://careersenus-itt-inc.icims.com/jobs/17034/manufacturing-engineer/job,"Orchard Park, NY, United States",Orchard Park,NY,United States,Not specified,,,,Space & Defense,2026-08-14,2026-08-14,https://careersenus-itt-inc.icims.com/jobs/search?ss=1&searchRelation=keyword_all,ats_detected,5,success_after_fallback
44c7c385faa2,2026-08-14,64d9022f568a,ITT Enidine,https://www.enidine.com/en-US/Home,https://careersenus-itt-inc.icims.com/jobs/search?ss=1&searchRelation=keyword_all,Title Operations Scheduler,https://careersenus-itt-inc.icims.com/jobs/17033/operations-scheduler/job,"Orchard Park, NY, United States",Orchard Park,NY,United States,Not specified,,,,Space & Defense,2026-08-14,2026-08-14,https://careersenus-itt-inc.icims.com/jobs/search?ss=1&searchRelation=keyword_all,ats_detected,5,success_after_fallback
a3ded9c96d44,2026-08-14,64d9022f568a,ITT Enidine,https://www.enidine.com/en-US/Home,https://careersger-itt-inc.icims.com/jobs/search?ss=1&searchRelation=keyword_all,Distribution Sales Manager %7C Central Europe,https://careersger-itt-inc.icims.com/jobs/16894/distribution-sales-manager-%7c-central-europe/job,"Orchard Park, NY, United States",Orchard Park,NY,United States,Remote,,,,Space & Defense,2026-08-14,2026-08-14,https://careersger-itt-inc.icims.com/jobs/search?ss=1&searchRelation=keyword_all,ats_detected,5,success_after_fallback
94fe2296fb92,2026-08-14,64d9022f568a,ITT Enidine,https://www.enidine.com/en-US/Home,https://careersger-itt-inc.icims.com/jobs/search?ss=1&searchRelation=keyword_all,Titel Product Manager Automotive After Market & Racing,https://careersger-itt-inc.icims.com/jobs/15454/product-manager-automotive-after-market-%26-racing/job,"Orchard Park, NY, United States",Orchard Park,NY,United States,Not specified,,,,Space & Defense,2026-08-14,2026-08-14,https://careersger-itt-inc.icims.com/jobs/search?ss=1&searchRelation=keyword_all,ats_detected,5,success_after_fallback
043e2de0bf64,2026-08-14,64d9022f568a,ITT Enidine,https://www.enidine.com/en-US/Home,https://careersmex-itt-inc.icims.com/jobs/search?ss=1&searchRelation=keyword_all,Cargo INTERN/Co-op 1,https://careersmex-itt-inc.icims.com/jobs/17353/intern-co-op-1/job,"Orchard Park, NY, United States",Orchard Park,NY,United States,Not specified,,,,Space & Defense,2026-08-14,2026-08-14,https://careersmex-itt-inc.icims.com/jobs/search?ss=1&searchRelation=keyword_all,ats_detected,5,success_after_fallback
281e213f90a9,2026-08-14,64d9022f568a,ITT Enidine,https://www.enidine.com/en-US/Home,https://careersmex-itt-inc.icims.com/jobs/search?ss=1&searchRelation=keyword_all,Cargo Assembly Operator,https://careersmex-itt-inc.icims.com/jobs/17331/assembly-operator/job,"Orchard Park, NY, United States",Orchard Park,NY,United States,Not specified,,,,Space & Defense,2026-08-14,2026-08-14,https://careersmex-itt-inc.icims.com/jobs/search?ss=1&searchRelation=keyword_all,ats_detected,5,success_after_fallback
741095c17fd4,2026-08-14,64d9022f568a,ITT Enidine,https://www.enidine.com/en-US/Home,https://careersmex-itt-inc.icims.com/jobs/search?ss=1&searchRelation=keyword_all,"Cargo Sourcing, Supply Chain and Logistics Analyst",https://careersmex-itt-inc.icims.com/jobs/17330/sourcing%2c-supply-chain-and-logistics-analyst/job,"Orchard Park, NY, United States",Orchard Park,NY,United States,Not specified,,,,Space & Defense,2026-08-14,2026-08-14,https://careersmex-itt-inc.icims.com/jobs/search?ss=1&searchRelation=keyword_all,ats_detected,5,success_after_fallback
3b38b77eaac2,2026-08-14,64d9022f568a,ITT Enidine,https://www.enidine.com/en-US/Home,https://careersmex-itt-inc.icims.com/jobs/search?ss=1&searchRelation=keyword_all,Cargo INTERN/Co-op 1,https://careersmex-itt-inc.icims.com/jobs/17169/intern-co-op-1/job,"Orchard Park, NY, United States",Orchard Park,NY,United States,Not specified,,,,Space & Defense,2026-08-14,2026-08-14,https://careersmex-itt-inc.icims.com/jobs/search?ss=1&searchRelation=keyword_all,ats_detected,5,success_after_fallback
b9d2a71458b9,2026-08-14,64d9022f568a,ITT Enidine,https://www.enidine.com/en-US/Home,https://careersmex-itt-inc.icims.com/jobs/search?ss=1&searchRelation=keyword_all,Cargo Customer Service Analyst,https://careersmex-itt-inc.icims.com/jobs/17113/customer-service-analyst/job,"Orchard Park, NY, United States",Orchard Park,NY,United States,Not specified,,,,Space & Defense,2026-08-14,2026-08-14,https://careersmex-itt-inc.icims.com/jobs/search?ss=1&searchRelation=keyword_all,ats_detected,5,success_after_fallback
db184d175990,2026-08-14,64d9022f568a,ITT Enidine,https://www.enidine.com/en-US/Home,https://careersmex-itt-inc.icims.com/jobs/search?ss=1&searchRelation=keyword_all,Cargo Receiving Inspection Technician,https://careersmex-itt-inc.icims.com/jobs/17057/receiving-inspection-technician/job,"Orchard Park, NY, United States",Orchard Park,NY,United States,Not specified,,,,Space & Defense,2026-08-14,2026-08-14,https://careersmex-itt-inc.icims.com/jobs/search?ss=1&searchRelation=keyword_all,ats_detected,5,success_after_fallback
c81b21fa771e,2026-08-14,64d9022f568a,ITT Enidine,https://www.enidine.com/en-US/Home,https://careersmex-itt-inc.icims.com/jobs/search?ss=1&searchRelation=keyword_all,Cargo QA Engineer,https://careersmex-itt-inc.icims.com/jobs/17056/qa-engineer/job,"Orchard Park, NY, United States",Orchard Park,NY,United States,Not specified,,,,Space & Defense,2026-08-14,2026-08-14,https://careersmex-itt-inc.icims.com/jobs/search?ss=1&searchRelation=keyword_all,ats_detected,5,success_after_fallback
0b003e4277a8,2026-08-14,64d9022f568a,ITT Enidine,https://www.enidine.com/en-US/Home,https://careersmex-itt-inc.icims.com/jobs/search?ss=1&searchRelation=keyword_all,Cargo INTERN/Co-op 1,https://careersmex-itt-inc.icims.com/jobs/17036/intern-co-op-1/job,"Orchard Park, NY, United States",Orchard Park,NY,United States,Not specified,,,,Space & Defense,2026-08-14,2026-08-14,https://careersmex-itt-inc.icims.com/jobs/search?ss=1&searchRelation=keyword_all,ats_detected,5,success_after_fallback
dadae87cd5d0,2026-08-14,64d9022f568a,ITT Enidine,https://www.enidine.com/en-US/Home,https://careersmex-itt-inc.icims.com/jobs/search?ss=1&searchRelation=keyword_all,Cargo Service Engineer,https://careersmex-itt-inc.icims.com/jobs/16362/service-engineer/job,"Orchard Park, NY, United States",Orchard Park,NY,United States,Not specified,,,,Space & Defense,2026-08-14,2026-08-14,https://careersmex-itt-inc.icims.com/jobs/search?ss=1&searchRelation=keyword_all,ats_detected,5,success_after_fallback
356153abca2d,2026-08-14,64d9022f568a,ITT Enidine,https://www.enidine.com/en-US/Home,https://careersen-itt-inc.icims.com/jobs/search?ss=1&searchRelation=keyword_all,Title Assembly Operator,https://careersen-itt-inc.icims.com/jobs/17331/assembly-operator/job,"Orchard Park, NY, United States",Orchard Park,NY,United States,Not specified,,,,Space & Defense,2026-08-14,2026-08-14,https://careersen-itt-inc.icims.com/jobs/search?ss=1&searchRelation=keyword_all,ats_detected,5,success_after_fallback
5383c4a8a4ca,2026-08-14,64d9022f568a,ITT Enidine,https://www.enidine.com/en-US/Home,https://careersen-itt-inc.icims.com/jobs/search?ss=1&searchRelation=keyword_all,"Title Sourcing, Supply Chain and Logistics Analyst",https://careersen-itt-inc.icims.com/jobs/17330/sourcing%2c-supply-chain-and-logistics-analyst/job,"Orchard Park, NY, United States",Orchard Park,NY,United States,Not specified,,,,Space & Defense,2026-08-14,2026-08-14,https://careersen-itt-inc.icims.com/jobs/search?ss=1&searchRelation=keyword_all,ats_detected,5,success_after_fallback
2603ec2fb53d,2026-08-14,64d9022f568a,ITT Enidine,https://www.enidine.com/en-US/Home,https://careersen-itt-inc.icims.com/jobs/search?ss=1&searchRelation=keyword_all,Title Lead Analytics Engineer,https://careersen-itt-inc.icims.com/jobs/17299/lead-analytics-engineer/job,"Orchard Park, NY, United States",Orchard Park,NY,United States,Not specified,,,,Space & Defense,2026-08-14,2026-08-14,https://careersen-itt-inc.icims.com/jobs/search?ss=1&searchRelation=keyword_all,ats_detected,5,success_after_fallback
1f063b3551ed,2026-08-14,64d9022f568a,ITT Enidine,https://www.enidine.com/en-US/Home,https://careersen-itt-inc.icims.com/jobs/search?ss=1&searchRelation=keyword_all,Title Junior Analytics Engineer,https://careersen-itt-inc.icims.com/jobs/17291/junior-analytics-engineer/job,"Orchard Park, NY, United States",Orchard Park,NY,United States,Not specified,,,,Space & Defense,2026-08-14,2026-08-14,https://careersen-itt-inc.icims.com/jobs/search?ss=1&searchRelation=keyword_all,ats_detected,5,success_after_fallback
66a52bce4bc4,2026-08-14,64d9022f568a,ITT Enidine,https://www.enidine.com/en-US/Home,https://careersen-itt-inc.icims.com/jobs/search?ss=1&searchRelation=keyword_all,Title Application Engineer,https://careersen-itt-inc.icims.com/jobs/17214/application-engineer/job,"Orchard Park, NY, United States",Orchard Park,NY,United States,Not specified,,,,Space & Defense,2026-08-14,2026-08-14,https://careersen-itt-inc.icims.com/jobs/search?ss=1&searchRelation=keyword_all,ats_detected,5,success_after_fallback
e99ab338454a,2026-08-14,64d9022f568a,ITT Enidine,https://www.enidine.com/en-US/Home,https://careersen-itt-inc.icims.com/jobs/search?ss=1&searchRelation=keyword_all,Title INTERN/Co-op 1,https://careersen-itt-inc.icims.com/jobs/17169/intern-co-op-1/job,"Orchard Park, NY, United States",Orchard Park,NY,United States,Not specified,,,,Space & Defense,2026-08-14,2026-08-14,https://careersen-itt-inc.icims.com/jobs/search?ss=1&searchRelation=keyword_all,ats_detected,5,success_after_fallback
ab029f496844,2026-08-14,64d9022f568a,ITT Enidine,https://www.enidine.com/en-US/Home,https://careersen-itt-inc.icims.com/jobs/search?ss=1&searchRelation=keyword_all,Title Sales Manager,https://careersen-itt-inc.icims.com/jobs/17114/sales-manager/job,"Orchard Park, NY, United States",Orchard Park,NY,United States,Not specified,,,,Space & Defense,2026-08-14,2026-08-14,https://careersen-itt-inc.icims.com/jobs/search?ss=1&searchRelation=keyword_all,ats_detected,5,success_after_fallback
7c10f59eecd9,2026-08-14,64d9022f568a,ITT Enidine,https://www.enidine.com/en-US/Home,https://careersen-itt-inc.icims.com/jobs/search?ss=1&searchRelation=keyword_all,Title Customer Service Analyst,https://careersen-itt-inc.icims.com/jobs/17113/customer-service-analyst/job,"Orchard Park, NY, United States",Orchard Park,NY,United States,Not specified,,,,Space & Defense,2026-08-14,2026-08-14,https://careersen-itt-inc.icims.com/jobs/search?ss=1&searchRelation=keyword_all,ats_detected,5,success_after_fallback
41163fde7d23,2026-08-14,64d9022f568a,ITT Enidine,https://www.enidine.com/en-US/Home,https://careersen-itt-inc.icims.com/jobs/search?ss=1&searchRelation=keyword_all,Title Talent Insights Analyst,https://careersen-itt-inc.icims.com/jobs/17072/talent-insights-analyst/job,"Orchard Park, NY, United States",Orchard Park,NY,United States,Not specified,,,,Space & Defense,2026-08-14,2026-08-14,https://careersen-itt-inc.icims.com/jobs/search?ss=1&searchRelation=keyword_all,ats_detected,5,success_after_fallback
45a43096654c,2026-08-14,64d9022f568a,ITT Enidine,https://www.enidine.com/en-US/Home,https://careersen-itt-inc.icims.com/jobs/search?ss=1&searchRelation=keyword_all,Title QA Engineer,https://careersen-itt-inc.icims.com/jobs/17056/qa-engineer/job,"Orchard Park, NY, United States",Orchard Park,NY,United States,Not specified,,,,Space & Defense,2026-08-14,2026-08-14,https://careersen-itt-inc.icims.com/jobs/search?ss=1&searchRelation=keyword_all,ats_detected,5,success_after_fallback
8e1b611dbc12,2026-08-14,64d9022f568a,ITT Enidine,https://www.enidine.com/en-US/Home,https://careersen-itt-inc.icims.com/jobs/search?ss=1&searchRelation=keyword_all,Title INTERN/Co-op 1,https://careersen-itt-inc.icims.com/jobs/17036/intern-co-op-1/job,"Orchard Park, NY, United States",Orchard Park,NY,United States,Not specified,,,,Space & Defense,2026-08-14,2026-08-14,https://careersen-itt-inc.icims.com/jobs/search?ss=1&searchRelation=keyword_all,ats_detected,5,success_after_fallback
4c765ca5b2ee,2026-08-14,64d9022f568a,ITT Enidine,https://www.enidine.com/en-US/Home,https://careersen-itt-inc.icims.com/jobs/search?ss=1&searchRelation=keyword_all,Title Project Design Engineer -P2,https://careersen-itt-inc.icims.com/jobs/16933/project-design-engineer--p2/job,"Orchard Park, NY, United States",Orchard Park,NY,United States,Not specified,,,,Space & Defense,2026-08-14,2026-08-14,https://careersen-itt-inc.icims.com/jobs/search?ss=1&searchRelation=keyword_all,ats_detected,5,success_after_fallback
366ea2ea1aa2,2026-08-14,64d9022f568a,ITT Enidine,https://www.enidine.com/en-US/Home,https://careersen-itt-inc.icims.com/jobs/search?ss=1&searchRelation=keyword_all,Distribution Sales Manager %7C Central Europe,https://careersen-itt-inc.icims.com/jobs/16894/distribution-sales-manager-%7c-central-europe/job,"Orchard Park, NY, United States",Orchard Park,NY,United States,Remote,,,,Space & Defense,2026-08-14,2026-08-14,https://careersen-itt-inc.icims.com/jobs/search?ss=1&searchRelation=keyword_all,ats_detected,5,success_after_fallback
91aa73b5e290,2026-08-14,64d9022f568a,ITT Enidine,https://www.enidine.com/en-US/Home,https://careersen-itt-inc.icims.com/jobs/search?ss=1&searchRelation=keyword_all,Title Global Quality Engineer Lead,https://careersen-itt-inc.icims.com/jobs/16805/global-quality-engineer-lead/job,"Orchard Park, NY, United States",Orchard Park,NY,United States,Not specified,,,,Space & Defense,2026-08-14,2026-08-14,https://careersen-itt-inc.icims.com/jobs/search?ss=1&searchRelation=keyword_all,ats_detected,5,success_after_fallback
54f01b8dbe30,2026-08-14,64d9022f568a,ITT Enidine,https://www.enidine.com/en-US/Home,https://careersen-itt-inc.icims.com/jobs/search?ss=1&searchRelation=keyword_all,Title Application Engineer Railway,https://careersen-itt-inc.icims.com/jobs/16767/application-engineer-railway/job,"Orchard Park, NY, United States",Orchard Park,NY,United States,Not specified,,,,Space & Defense,2026-08-14,2026-08-14,https://careersen-itt-inc.icims.com/jobs/search?ss=1&searchRelation=keyword_all,ats_detected,5,success_after_fallback
a2343af66dc4,2026-08-14,64d9022f568a,ITT Enidine,https://www.enidine.com/en-US/Home,https://careersen-itt-inc.icims.com/jobs/search?ss=1&searchRelation=keyword_all,Title Senior AI/ML Engineer,https://careersen-itt-inc.icims.com/jobs/16717/senior-ai-ml-engineer/job,"Orchard Park, NY, United States",Orchard Park,NY,United States,Not specified,,,,Space & Defense,2026-08-14,2026-08-14,https://careersen-itt-inc.icims.com/jobs/search?ss=1&searchRelation=keyword_all,ats_detected,5,success_after_fallback
b607cc8f9a30,2026-08-14,64d9022f568a,ITT Enidine,https://www.enidine.com/en-US/Home,https://careersen-itt-inc.icims.com/jobs/search?ss=1&searchRelation=keyword_all,Title IT Business Analyst (Application Configuration Specialist),https://careersen-itt-inc.icims.com/jobs/16713/it-business-analyst-%28application-configuration-specialist%29/job,"Orchard Park, NY, United States",Orchard Park,NY,United States,Not specified,,,,Space & Defense,2026-08-14,2026-08-14,https://careersen-itt-inc.icims.com/jobs/search?ss=1&searchRelation=keyword_all,ats_detected,5,success_after_fallback
e2fe533dc463,2026-08-14,64d9022f568a,ITT Enidine,https://www.enidine.com/en-US/Home,https://careersen-itt-inc.icims.com/jobs/search?ss=1&searchRelation=keyword_all,Title Application Engineer (P2),https://careersen-itt-inc.icims.com/jobs/16638/application-engineer-%28p2%29/job,"Orchard Park, NY, United States",Orchard Park,NY,United States,Not specified,,,,Space & Defense,2026-08-14,2026-08-14,https://careersen-itt-inc.icims.com/jobs/search?ss=1&searchRelation=keyword_all,ats_detected,5,success_after_fallback
21a2f01f2905,2026-08-14,64d9022f568a,ITT Enidine,https://www.enidine.com/en-US/Home,https://careersen-itt-inc.icims.com/jobs/search?ss=1&searchRelation=keyword_all,Title Senior Application Engineer,https://careersen-itt-inc.icims.com/jobs/16636/senior-application-engineer/job,"Orchard Park, NY, United States",Orchard Park,NY,United States,Not specified,,,,Space & Defense,2026-08-14,2026-08-14,https://careersen-itt-inc.icims.com/jobs/search?ss=1&searchRelation=keyword_all,ats_detected,5,success_after_fallback
b2d0be131c26,2026-08-14,64d9022f568a,ITT Enidine,https://www.enidine.com/en-US/Home,https://careersen-itt-inc.icims.com/jobs/search?ss=1&searchRelation=keyword_all,Title Global Purchasing & Sourcing Lead,https://careersen-itt-inc.icims.com/jobs/16615/global-purchasing-%26-sourcing-lead/job,"Orchard Park, NY, United States",Orchard Park,NY,United States,Not specified,,,,Space & Defense,2026-08-14,2026-08-14,https://careersen-itt-inc.icims.com/jobs/search?ss=1&searchRelation=keyword_all,ats_detected,5,success_after_fallback
c9be68aa8a2a,2026-08-14,64d9022f568a,ITT Enidine,https://www.enidine.com/en-US/Home,https://careersen-itt-inc.icims.com/jobs/search?ss=1&searchRelation=keyword_all,Title SAP Senior Business Specialist,https://careersen-itt-inc.icims.com/jobs/16533/sap-senior-business-specialist/job,"Orchard Park, NY, United States",Orchard Park,NY,United States,Not specified,,,,Space & Defense,2026-08-14,2026-08-14,https://careersen-itt-inc.icims.com/jobs/search?ss=1&searchRelation=keyword_all,ats_detected,5,success_after_fallback
8c401a107db2,2026-08-14,64d9022f568a,ITT Enidine,https://www.enidine.com/en-US/Home,https://careersen-itt-inc.icims.com/jobs/search?ss=1&searchRelation=keyword_all,Title Test Engineer,https://careersen-itt-inc.icims.com/jobs/16378/test-engineer/job,"Orchard Park, NY, United States",Orchard Park,NY,United States,Not specified,,,,Space & Defense,2026-08-14,2026-08-14,https://careersen-itt-inc.icims.com/jobs/search?ss=1&searchRelation=keyword_all,ats_detected,5,success_after_fallback
c122fdee3025,2026-08-14,64d9022f568a,ITT Enidine,https://www.enidine.com/en-US/Home,https://careersen-itt-inc.icims.com/jobs/search?ss=1&searchRelation=keyword_all,Title Service Engineer,https://careersen-itt-inc.icims.com/jobs/16362/service-engineer/job,"Orchard Park, NY, United States",Orchard Park,NY,United States,Not specified,,,,Space & Defense,2026-08-14,2026-08-14,https://careersen-itt-inc.icims.com/jobs/search?ss=1&searchRelation=keyword_all,ats_detected,5,success_after_fallback
ad288983df18,2026-08-14,64d9022f568a,ITT Enidine,https://www.enidine.com/en-US/Home,https://careersen-itt-inc.icims.com/jobs/search?ss=1&searchRelation=keyword_all,Title Product Manager Automotive After Market & Racing,https://careersen-itt-inc.icims.com/jobs/15454/product-manager-automotive-after-market-%26-racing/job,"Orchard Park, NY, United States",Orchard Park,NY,United States,Not specified,,,,Space & Defense,2026-08-14,2026-08-14,https://careersen-itt-inc.icims.com/jobs/search?ss=1&searchRelation=keyword_all,ats_detected,5,success_after_fallback
6b1b979a6787,2026-08-14,64d9022f568a,ITT Enidine,https://www.enidine.com/en-US/Home,https://careersen-itt-inc.icims.com/jobs/search?ss=1&searchRelation=keyword_all,Title Application Engineer,https://careersen-itt-inc.icims.com/jobs/15377/application-engineer/job,"Orchard Park, NY, United States",Orchard Park,NY,United States,Not specified,,,,Space & Defense,2026-08-14,2026-08-14,https://careersen-itt-inc.icims.com/jobs/search?ss=1&searchRelation=keyword_all,ats_detected,5,success_after_fallback
3ccf63a35027,2026-08-14,64d9022f568a,ITT Enidine,https://www.enidine.com/en-US/Home,https://careersen-itt-inc.icims.com/jobs/search?ss=1&searchRelation=keyword_all,Title Product Design Engineer,https://careersen-itt-inc.icims.com/jobs/15366/product-design-engineer/job,"Orchard Park, NY, United States",Orchard Park,NY,United States,Not specified,,,,Space & Defense,2026-08-14,2026-08-14,https://careersen-itt-inc.icims.com/jobs/search?ss=1&searchRelation=keyword_all,ats_detected,5,success_after_fallback
94bb4ec31afa,2026-08-14,64d9022f568a,ITT Enidine,https://www.enidine.com/en-US/Home,https://careersen-itt-inc.icims.com/jobs/search?ss=1&searchRelation=keyword_all,Title Application Engineering Lead,https://careersen-itt-inc.icims.com/jobs/15348/application-engineering-lead/job,"Orchard Park, NY, United States",Orchard Park,NY,United States,Not specified,,,,Space & Defense,2026-08-14,2026-08-14,https://careersen-itt-inc.icims.com/jobs/search?ss=1&searchRelation=keyword_all,ats_detected,5,success_after_fallback
3a70ddfc851a,2026-08-14,64d9022f568a,ITT Enidine,https://www.enidine.com/en-US/Home,https://careersenus-itt-inc.icims.com/jobs/17418/assembly-operator/job,Assembly Operator,https://careersenus-itt-inc.icims.com/jobs/17418/assembly-operator/referral,"Orchard Park, NY, United States",Orchard Park,NY,United States,Not specified,,,,Space & Defense,2026-08-14,2026-08-14,https://careersenus-itt-inc.icims.com/jobs/17418/assembly-operator/job,ats_detected,5,success_after_fallback
7a83830e3edc,2026-08-14,64d9022f568a,ITT Enidine,https://www.enidine.com/en-US/Home,https://careersenus-itt-inc.icims.com/jobs/17363/tax-senior/job,Tax Senior,https://careersenus-itt-inc.icims.com/jobs/17363/tax-senior/job,"Stamford, CT, US",Stamford,CT,United States,Not specified,,,Finance and Accounting,Space & Defense,2026-08-14,2026-08-14,https://careersenus-itt-inc.icims.com/jobs/17363/tax-senior/job,ats_detected,4,success_after_fallback
18008d819169,2026-08-14,64d9022f568a,ITT Enidine,https://www.enidine.com/en-US/Home,https://careersenus-itt-inc.icims.com/jobs/17362/hr-leader---transformation-and-strategic-projects/job,Hr Leader Transformation And Strategic Projects,https://careersenus-itt-inc.icims.com/jobs/17362/hr-leader---transformation-and-strategic-projects/referral,"Orchard Park, NY, United States",Orchard Park,NY,United States,Not specified,,,,Space & Defense,2026-08-14,2026-08-14,https://careersenus-itt-inc.icims.com/jobs/17362/hr-leader---transformation-and-strategic-projects/job,ats_detected,5,success_after_fallback
ec3bfe07ba09,2026-08-14,64d9022f568a,ITT Enidine,https://www.enidine.com/en-US/Home,https://careersenus-itt-inc.icims.com/jobs/17361/tax-senior/job,Tax Senior,https://careersenus-itt-inc.icims.com/jobs/17361/tax-senior/job,"Stamford, CT, US",Stamford,CT,United States,Not specified,,,Finance and Accounting,Space & Defense,2026-08-14,2026-08-14,https://careersenus-itt-inc.icims.com/jobs/17361/tax-senior/job,ats_detected,4,success_after_fallback
73dec10857f7,2026-08-14,49a39e5c497b,L3Harris,https://www.l3harris.com/,https://careers.l3harris.com/en,L3Harris Engineering Hiring Event Plano Tx 8,https://careers.l3harris.com/en/job/greenville/l3harris-engineering-hiring-event-plano-tx-8-31/4832/98424212832,"Salt Lake City, Utah",Salt Lake City,UT,United States,Not specified,,,,Space & Defense,2026-08-14,2026-08-14,https://careers.l3harris.com/en,known_careers_url,4,success
046afbe120ea,2026-08-14,49a39e5c497b,L3Harris,https://www.l3harris.com/,https://careers.l3harris.com/en,Engineering Technician C,https://careers.l3harris.com/en/job/cincinnati/engineering-technician-c/4832/99204148288,"Cincinnati, Ohio",Cincinnati,OH,United States,Not specified,,,,Space & Defense,2026-08-14,2026-08-14,https://careers.l3harris.com/en,known_careers_url,4,success
1758332713ec,2026-08-14,49a39e5c497b,L3Harris,https://www.l3harris.com/,https://careers.l3harris.com/en,Senior Specialist Electrical Engineer,https://careers.l3harris.com/en/job/canoga-park/senior-specialist-electrical-engineer/4832/98442863712,"Canoga Park, California, Huntsville, Alabama",Canoga Park,CA,United States,Not specified,,,,Space & Defense,2026-08-14,2026-08-14,https://careers.l3harris.com/en,known_careers_url,4,success
b9c6c264e5a5,2026-08-14,49a39e5c497b,L3Harris,https://www.l3harris.com/,https://careers.l3harris.com/en,Specialist Electrical Engineer,https://careers.l3harris.com/en/job/canoga-park/specialist-electrical-engineer/4832/96025885344,"Canoga Park, California, Huntsville, Alabama",Canoga Park,CA,United States,Not specified,,,,Space & Defense,2026-08-14,2026-08-14,https://careers.l3harris.com/en,known_careers_url,4,success
2d6f235a7111,2026-08-14,49a39e5c497b,L3Harris,https://www.l3harris.com/,https://careers.l3harris.com/en/search-jobs,Desktop Support Technician,https://careers.l3harris.com/en/job/malabar/desktop-support-technician/4832/98418617120,"Malabar, FL",Malabar,FL,United States,Not specified,,,,Space & Defense,2026-08-14,2026-08-14,https://careers.l3harris.com/en/search-jobs,linked_page,4,success_after_fallback
00906b75a319,2026-08-14,49a39e5c497b,L3Harris,https://www.l3harris.com/,https://careers.l3harris.com/en/search-jobs,"Flight, Operations",https://careers.l3harris.com/en/job/greenville/senior-supervisor-aircraft-maintenance/4832/99115135312,"Greenville, TX",Greenville,TX,United States,Not specified,,,,Space & Defense,2026-08-14,2026-08-14,https://careers.l3harris.com/en/search-jobs,linked_page,4,success_after_fallback
dacd78847c52,2026-08-14,49a39e5c497b,L3Harris,https://www.l3harris.com/,https://careers.l3harris.com/en/search-jobs,Desktop Support Technician,https://careers.l3harris.com/en/job/herndon/desktop-support-technician/4832/98418617104,"Herndon, VA",Herndon,VA,United States,Not specified,,,,Space & Defense,2026-08-14,2026-08-14,https://careers.l3harris.com/en/search-jobs,linked_page,4,success_after_fallback
b3c0c162f0f9,2026-08-14,49a39e5c497b,L3Harris,https://www.l3harris.com/,https://careers.l3harris.com/en/search-jobs,Associate Tax Tax Operations Analyst,https://careers.l3harris.com/en/job/melbourne/associate-tax-tax-operations-analyst/4832/98418617088,"Melbourne, FL",Melbourne,FL,United States,Not specified,,,,Space & Defense,2026-08-14,2026-08-14,https://careers.l3harris.com/en/search-jobs,linked_page,4,success_after_fallback
48f8759277d8,2026-08-14,49a39e5c497b,L3Harris,https://www.l3harris.com/,https://careers.l3harris.com/en/search-jobs,Lead Program Scheduler,https://careers.l3harris.com/en/job/fort-wayne/lead-program-scheduler/4832/97231780560,"Fort Wayne, IN",Fort Wayne,IN,United States,Not specified,,,,Space & Defense,2026-08-14,2026-08-14,https://careers.l3harris.com/en/search-jobs,linked_page,4,success_after_fallback
fedb045536b5,2026-08-14,49a39e5c497b,L3Harris,https://www.l3harris.com/,https://careers.l3harris.com/en/search-jobs,Senior Specialist Program Scheduler,https://careers.l3harris.com/en/job/fort-wayne/senior-specialist-program-scheduler/4832/97231780544,"Fort Wayne, IN",Fort Wayne,IN,United States,Not specified,,,,Space & Defense,2026-08-14,2026-08-14,https://careers.l3harris.com/en/search-jobs,linked_page,4,success_after_fallback
9eafc5bdda30,2026-08-14,49a39e5c497b,L3Harris,https://www.l3harris.com/,https://careers.l3harris.com/en/search-jobs,"UK Customer Engagement and Support Lead Engineering London, England",https://careers.l3harris.com/en/job/london/uk-customer-engagement-and-support-lead/4832/94445592816,"Greece, NY, United States",Greece,NY,United States,Not specified,,,,Space & Defense,2026-08-14,2026-08-14,https://careers.l3harris.com/en/search-jobs,linked_page,4,success_after_fallback
7a0edd972dff,2026-08-14,49a39e5c497b,L3Harris,https://www.l3harris.com/,https://careers.l3harris.com/en/search-jobs,"Lead, Finance - FP&A Finance Multiple Locations",https://careers.l3harris.com/en/job/melbourne/lead-finance-fp-and-a/4832/99191622176,"Greece, NY, United States",Greece,NY,United States,Not specified,,,,Space & Defense,2026-08-14,2026-08-14,https://careers.l3harris.com/en/search-jobs,linked_page,4,success_after_fallback
db130d75207b,2026-08-14,49a39e5c497b,L3Harris,https://www.l3harris.com/,https://careers.l3harris.com/en/search-jobs,Sr Assoc Software Engineering,https://careers.l3harris.com/en/job/nashville/sr-assoc-software-engineering/4832/97875550064,"Nashville, TN",Nashville,TN,United States,Not specified,,,,Space & Defense,2026-08-14,2026-08-14,https://careers.l3harris.com/en/search-jobs,linked_page,4,success_after_fallback
c4b50339b41c,2026-08-14,49a39e5c497b,L3Harris,https://www.l3harris.com/,https://careers.l3harris.com/en/search-jobs,"Composite Technician A - Weekend A Manufacturing Huntsville, AL",https://careers.l3harris.com/en/job/huntsville/composite-technician-a-weekend-a/4832/97476905808,"Huntsville, AL",Huntsville,AL,United States,Not specified,,,,Space & Defense,2026-08-14,2026-08-14,https://careers.l3harris.com/en/search-jobs,linked_page,4,success_after_fallback
e276014e4842,2026-08-14,49a39e5c497b,L3Harris,https://www.l3harris.com/,https://careers.l3harris.com/en/search-jobs,"Senior Associate, Contracts Contracts Multiple Locations",https://careers.l3harris.com/en/job/nashville/senior-associate-contracts/4832/99191621968,"Greece, NY, United States",Greece,NY,United States,Not specified,,,,Space & Defense,2026-08-14,2026-08-14,https://careers.l3harris.com/en/search-jobs,linked_page,4,success_after_fallback
8e7890cf7da9,2026-08-14,49a39e5c497b,L3Harris,https://www.l3harris.com/,https://careers.l3harris.com/en/job/greenville/l3harris-engineering-hiring-event-plano-tx-8-31/4832/98424212832,"L3Harris Engineering Hiring Event - Plano, TX (8/31)",https://careers.l3harris.com/en/job/plano/l3harris-engineering-hiring-event-plano-tx-8-31/4832/98424212832,"Plano, TX, US; Greenville, Texas, United States; Waco, Texas, United States; Rockwall, Texas, United States; Richardson, Texas, United States",Plano,TX,United States,Not specified,,,,Space & Defense,2026-08-14,2026-08-14,https://careers.l3harris.com/en/job/greenville/l3harris-engineering-hiring-event-plano-tx-8-31/4832/98424212832,linked_page,4,success_after_fallback
e196c48b323b,2026-08-14,49a39e5c497b,L3Harris,https://www.l3harris.com/,https://careers.l3harris.com/en/job/greenville/l3harris-engineering-hiring-event-plano-tx-8-31/4832/98424212832,L3Harris Engineering Hiring Event Plano Tx 8,https://careers.l3harris.com/en/job/greenville/l3harris-engineering-hiring-event-plano-tx-8-31/4832/search-jobs,"Greece, NY, United States",Greece,NY,United States,Not specified,,,,Space & Defense,2026-08-14,2026-08-14,https://careers.l3harris.com/en/job/greenville/l3harris-engineering-hiring-event-plano-tx-8-31/4832/98424212832,linked_page,4,success_after_fallback
232ca7e15664,2026-08-14,49a39e5c497b,L3Harris,https://www.l3harris.com/,https://careers.l3harris.com/en/job/greenville/l3harris-engineering-hiring-event-plano-tx-8-31/4832/98424212832,Specialist Software Engineering,https://careers.l3harris.com/en/job/plano/specialist-software-engineering/4832/99166969168,"Plano, Texas",Plano,TX,United States,Not specified,,,,Space & Defense,2026-08-14,2026-08-14,https://careers.l3harris.com/en/job/greenville/l3harris-engineering-hiring-event-plano-tx-8-31/4832/98424212832,linked_page,4,success_after_fallback
257fe1555858,2026-08-14,49a39e5c497b,L3Harris,https://www.l3harris.com/,https://careers.l3harris.com/en/job/greenville/l3harris-engineering-hiring-event-plano-tx-8-31/4832/98424212832,Associate Software Engineering,https://careers.l3harris.com/en/job/greenville/associate-software-engineering/4832/99167005936,"Greenville, Texas",Greenville,TX,United States,Not specified,,,,Space & Defense,2026-08-14,2026-08-14,https://careers.l3harris.com/en/job/greenville/l3harris-engineering-hiring-event-plano-tx-8-31/4832/98424212832,linked_page,4,success_after_fallback
593269e6a78c,2026-08-14,49a39e5c497b,L3Harris,https://www.l3harris.com/,https://careers.l3harris.com/en/job/greenville/l3harris-engineering-hiring-event-plano-tx-8-31/4832/98424212832,Associate Software Engineering,https://careers.l3harris.com/en/job/rockwall/associate-software-engineering/4832/99079460640,"Rockwall, Texas",Rockwall,TX,United States,Not specified,,,,Space & Defense,2026-08-14,2026-08-14,https://careers.l3harris.com/en/job/greenville/l3harris-engineering-hiring-event-plano-tx-8-31/4832/98424212832,linked_page,4,success_after_fallback
7037c11ff010,2026-08-14,49a39e5c497b,L3Harris,https://www.l3harris.com/,https://careers.l3harris.com/en/job/greenville/l3harris-engineering-hiring-event-plano-tx-8-31/4832/98424212832,Associate Software Engineer,https://careers.l3harris.com/en/job/greenville/associate-software-engineer/4832/99046398144,"Greenville, Texas",Greenville,TX,United States,Not specified,,,,Space & Defense,2026-08-14,2026-08-14,https://careers.l3harris.com/en/job/greenville/l3harris-engineering-hiring-event-plano-tx-8-31/4832/98424212832,linked_page,4,success_after_fallback
14c9918a55b7,2026-08-14,49a39e5c497b,L3Harris,https://www.l3harris.com/,"https://careers.l3harris.com/en/search-jobs?acm=8686208,8679712,62721&alrpm=ALL&ascf=[%7B%22key%22:%22ALL%22,%22value%22:%22%22%7D]",Associate Environmental Health And Safety,https://careers.l3harris.com/en/job/tulsa/associate-environmental-health-and-safety/4832/99191621488,"Tulsa, OK",Tulsa,OK,United States,Not specified,,,,Space & Defense,2026-08-14,2026-08-14,"https://careers.l3harris.com/en/search-jobs?acm=8686208,8679712,62721&alrpm=ALL&ascf=[%7B%22key%22:%22ALL%22,%22value%22:%22%22%7D]",linked_page,4,success_after_fallback
af9c87587dea,2026-08-14,49a39e5c497b,L3Harris,https://www.l3harris.com/,"https://careers.l3harris.com/en/search-jobs?acm=8686208,8679712,62721&alrpm=ALL&ascf=[%7B%22key%22:%22ALL%22,%22value%22:%22%22%7D]",Sr Associate Software Engineering Chantilly Va,https://careers.l3harris.com/en/job/chantilly/sr-associate-software-engineering-chantilly-va/4832/98569791584,"Chantilly, VA",Chantilly,VA,United States,Not specified,,,,Space & Defense,2026-08-14,2026-08-14,"https://careers.l3harris.com/en/search-jobs?acm=8686208,8679712,62721&alrpm=ALL&ascf=[%7B%22key%22:%22ALL%22,%22value%22:%22%22%7D]",linked_page,4,success_after_fallback
faa5870fa19b,2026-08-14,49a39e5c497b,L3Harris,https://www.l3harris.com/,"https://careers.l3harris.com/en/search-jobs?acm=8686208,8679712,62721&alrpm=ALL&ascf=[%7B%22key%22:%22ALL%22,%22value%22:%22%22%7D]",Associate Software Engineer,https://careers.l3harris.com/en/job/lynchburg/associate-software-engineer/4832/99092768336,"Lynchburg, VA",Lynchburg,VA,United States,Not specified,,,,Space & Defense,2026-08-14,2026-08-14,"https://careers.l3harris.com/en/search-jobs?acm=8686208,8679712,62721&alrpm=ALL&ascf=[%7B%22key%22:%22ALL%22,%22value%22:%22%22%7D]",linked_page,4,success_after_fallback
1ee796b1b608,2026-08-14,49a39e5c497b,L3Harris,https://www.l3harris.com/,"https://careers.l3harris.com/en/search-jobs?acm=8686208,8679712,62721&alrpm=ALL&ascf=[%7B%22key%22:%22ALL%22,%22value%22:%22%22%7D]",Associate Software Engineer Palm Bay Fl,https://careers.l3harris.com/en/job/palm-bay/associate-software-engineer-palm-bay-fl/4832/98418616336,"Palm Bay, Brevard, FL",Palm Bay,FL,United States,Not specified,,,,Space & Defense,2026-08-14,2026-08-14,"https://careers.l3harris.com/en/search-jobs?acm=8686208,8679712,62721&alrpm=ALL&ascf=[%7B%22key%22:%22ALL%22,%22value%22:%22%22%7D]",linked_page,4,success_after_fallback
dd4820ca5dc9,2026-08-14,49a39e5c497b,L3Harris,https://www.l3harris.com/,"https://careers.l3harris.com/en/search-jobs?acm=8686208,8679712,62721&alrpm=ALL&ascf=[%7B%22key%22:%22ALL%22,%22value%22:%22%22%7D]",Sr Associate Software Engineering,https://careers.l3harris.com/en/job/rochester/sr-associate-software-engineering/4832/99009049088,"Rochester, NY",Rochester,NY,United States,Not specified,,,,Space & Defense,2026-08-14,2026-08-14,"https://careers.l3harris.com/en/search-jobs?acm=8686208,8679712,62721&alrpm=ALL&ascf=[%7B%22key%22:%22ALL%22,%22value%22:%22%22%7D]",linked_page,4,success_after_fallback
fd2845868148,2026-08-14,49a39e5c497b,L3Harris,https://www.l3harris.com/,"https://careers.l3harris.com/en/search-jobs?acm=8686208,8679712,62721&alrpm=ALL&ascf=[%7B%22key%22:%22ALL%22,%22value%22:%22%22%7D]",Sr Associate Software Engineering,https://careers.l3harris.com/en/job/fort-wayne/sr-associate-software-engineering/4832/99009048784,"Fort Wayne, IN",Fort Wayne,IN,United States,Not specified,,,,Space & Defense,2026-08-14,2026-08-14,"https://careers.l3harris.com/en/search-jobs?acm=8686208,8679712,62721&alrpm=ALL&ascf=[%7B%22key%22:%22ALL%22,%22value%22:%22%22%7D]",linked_page,4,success_after_fallback
d56e676c95c3,2026-08-14,49a39e5c497b,L3Harris,https://www.l3harris.com/,"https://careers.l3harris.com/en/search-jobs?acm=8686208,8679712,62721&alrpm=ALL&ascf=[%7B%22key%22:%22ALL%22,%22value%22:%22%22%7D]",Associate Procurement,https://careers.l3harris.com/en/job/canoga-park/associate-procurement/4832/99167006128,"Canoga Park, CA",Canoga Park,CA,United States,Not specified,,,,Space & Defense,2026-08-14,2026-08-14,"https://careers.l3harris.com/en/search-jobs?acm=8686208,8679712,62721&alrpm=ALL&ascf=[%7B%22key%22:%22ALL%22,%22value%22:%22%22%7D]",linked_page,4,success_after_fallback
56892b413107,2026-08-14,49a39e5c497b,L3Harris,https://www.l3harris.com/,"https://careers.l3harris.com/en/search-jobs?acm=8686208,8679712,62721&alrpm=ALL&ascf=[%7B%22key%22:%22ALL%22,%22value%22:%22%22%7D]",Associate Procurement,https://careers.l3harris.com/en/job/canoga-park/associate-procurement/4832/99167006064,"Canoga Park, CA",Canoga Park,CA,United States,Not specified,,,,Space & Defense,2026-08-14,2026-08-14,"https://careers.l3harris.com/en/search-jobs?acm=8686208,8679712,62721&alrpm=ALL&ascf=[%7B%22key%22:%22ALL%22,%22value%22:%22%22%7D]",linked_page,4,success_after_fallback
5effc4fe137b,2026-08-14,49a39e5c497b,L3Harris,https://www.l3harris.com/,"https://careers.l3harris.com/en/search-jobs?acm=8686208,8679712,62721&alrpm=ALL&ascf=[%7B%22key%22:%22ALL%22,%22value%22:%22%22%7D]",Senior Associate Finance Pricing,https://careers.l3harris.com/en/job/greenville/senior-associate-finance-pricing/4832/99167006048,"Greenville, TX",Greenville,TX,United States,Not specified,,,,Space & Defense,2026-08-14,2026-08-14,"https://careers.l3harris.com/en/search-jobs?acm=8686208,8679712,62721&alrpm=ALL&ascf=[%7B%22key%22:%22ALL%22,%22value%22:%22%22%7D]",linked_page,4,success_after_fallback
bad369748a9f,2026-08-14,49a39e5c497b,L3Harris,https://www.l3harris.com/,"https://careers.l3harris.com/en/search-jobs?acm=8686208,8679712,62721&alrpm=ALL&ascf=[%7B%22key%22:%22ALL%22,%22value%22:%22%22%7D]",Associate Mechanical Engineering,https://careers.l3harris.com/en/job/greenville/associate-mechanical-engineering/4832/99167006000,"Greenville, TX",Greenville,TX,United States,Not specified,,,,Space & Defense,2026-08-14,2026-08-14,"https://careers.l3harris.com/en/search-jobs?acm=8686208,8679712,62721&alrpm=ALL&ascf=[%7B%22key%22:%22ALL%22,%22value%22:%22%22%7D]",linked_page,4,success_after_fallback
b926cd4b24a3,2026-08-14,49a39e5c497b,L3Harris,https://www.l3harris.com/,"https://careers.l3harris.com/en/search-jobs?acm=8686208,8679712,62721&alrpm=ALL&ascf=[%7B%22key%22:%22ALL%22,%22value%22:%22%22%7D]",Associate Mechanical Engineer Greenville Tx,https://careers.l3harris.com/en/job/greenville/associate-mechanical-engineer-greenville-tx/4832/99167005968,"Greenville, TX",Greenville,TX,United States,Not specified,,,,Space & Defense,2026-08-14,2026-08-14,"https://careers.l3harris.com/en/search-jobs?acm=8686208,8679712,62721&alrpm=ALL&ascf=[%7B%22key%22:%22ALL%22,%22value%22:%22%22%7D]",linked_page,4,success_after_fallback
95b94a49c91c,2026-08-14,49a39e5c497b,L3Harris,https://www.l3harris.com/,"https://careers.l3harris.com/en/search-jobs?acm=8686208,8679712,62721&alrpm=ALL&ascf=[%7B%22key%22:%22ALL%22,%22value%22:%22%22%7D]",Senior Associate Integration And Test Engineering,https://careers.l3harris.com/en/job/greenville/senior-associate-integration-and-test-engineering/4832/99167005952,"Greenville, TX",Greenville,TX,United States,Not specified,,,,Space & Defense,2026-08-14,2026-08-14,"https://careers.l3harris.com/en/search-jobs?acm=8686208,8679712,62721&alrpm=ALL&ascf=[%7B%22key%22:%22ALL%22,%22value%22:%22%22%7D]",linked_page,4,success_after_fallback
2a43443b950b,2026-08-14,49a39e5c497b,L3Harris,https://www.l3harris.com/,"https://careers.l3harris.com/en/search-jobs?acm=61370,8684512,8684496,8684688,8684208,8687808,8696112,8684256,8690160,8684528&alrpm=ALL&ascf=[%7B%22key%22:%22ALL%22,%22value%22:%22%22%7D]",Lead Iptl Software Engineer Optical Space Systems Sign On Bonus 30K Max,https://careers.l3harris.com/en/job/wilmington/lead-iptl-software-engineer-optical-space-systems-sign-on-bonus-30k-max/4832/99138844208,"Wilmington, MA",Wilmington,MA,United States,Not specified,,,,Space & Defense,2026-08-14,2026-08-14,"https://careers.l3harris.com/en/search-jobs?acm=61370,8684512,8684496,8684688,8684208,8687808,8696112,8684256,8690160,8684528&alrpm=ALL&ascf=[%7B%22key%22:%22ALL%22,%22value%22:%22%22%7D]",linked_page,4,success_after_fallback
6af59ecec355,2026-08-14,49a39e5c497b,L3Harris,https://www.l3harris.com/,"https://careers.l3harris.com/en/search-jobs?acm=61370,8684512,8684496,8684688,8684208,8687808,8696112,8684256,8690160,8684528&alrpm=ALL&ascf=[%7B%22key%22:%22ALL%22,%22value%22:%22%22%7D]","Lead, Optical Systems Engineering Engineering Multiple Locations",https://careers.l3harris.com/en/job/palm-bay/lead-optical-systems-engineering/4832/99126212912,"Greece, NY, United States",Greece,NY,United States,Not specified,,,,Space & Defense,2026-08-14,2026-08-14,"https://careers.l3harris.com/en/search-jobs?acm=61370,8684512,8684496,8684688,8684208,8687808,8696112,8684256,8690160,8684528&alrpm=ALL&ascf=[%7B%22key%22:%22ALL%22,%22value%22:%22%22%7D]",linked_page,4,success_after_fallback
d9095e1c7a94,2026-08-14,49a39e5c497b,L3Harris,https://www.l3harris.com/,"https://careers.l3harris.com/en/search-jobs?acm=61370,8684512,8684496,8684688,8684208,8687808,8696112,8684256,8690160,8684528&alrpm=ALL&ascf=[%7B%22key%22:%22ALL%22,%22value%22:%22%22%7D]",Lead Software Engineer,https://careers.l3harris.com/en/job/herndon/lead-software-engineer/4832/99100048720,"Herndon, VA",Herndon,VA,United States,Not specified,,,,Space & Defense,2026-08-14,2026-08-14,"https://careers.l3harris.com/en/search-jobs?acm=61370,8684512,8684496,8684688,8684208,8687808,8696112,8684256,8690160,8684528&alrpm=ALL&ascf=[%7B%22key%22:%22ALL%22,%22value%22:%22%22%7D]",linked_page,4,success_after_fallback
7a5feb4abbbb,2026-08-14,49a39e5c497b,L3Harris,https://www.l3harris.com/,"https://careers.l3harris.com/en/search-jobs?acm=61370,8684512,8684496,8684688,8684208,8687808,8696112,8684256,8690160,8684528&alrpm=ALL&ascf=[%7B%22key%22:%22ALL%22,%22value%22:%22%22%7D]",Senior Specialist Software Engineer Ts Sci,https://careers.l3harris.com/en/job/palm-bay/senior-specialist-software-engineer-ts-sci-1/4832/99092768512,"Palm Bay, Brevard, FL",Palm Bay,FL,United States,Not specified,,,,Space & Defense,2026-08-14,2026-08-14,"https://careers.l3harris.com/en/search-jobs?acm=61370,8684512,8684496,8684688,8684208,8687808,8696112,8684256,8690160,8684528&alrpm=ALL&ascf=[%7B%22key%22:%22ALL%22,%22value%22:%22%22%7D]",linked_page,4,success_after_fallback
5b28c5562af1,2026-08-14,49a39e5c497b,L3Harris,https://www.l3harris.com/,"https://careers.l3harris.com/en/search-jobs?acm=61370,8684512,8684496,8684688,8684208,8687808,8696112,8684256,8690160,8684528&alrpm=ALL&ascf=[%7B%22key%22:%22ALL%22,%22value%22:%22%22%7D]",Senior Specialist Software Engineer Ts Sci,https://careers.l3harris.com/en/job/palm-bay/senior-specialist-software-engineer-ts-sci/4832/99092768496,"Palm Bay, Brevard, FL",Palm Bay,FL,United States,Not specified,,,,Space & Defense,2026-08-14,2026-08-14,"https://careers.l3harris.com/en/search-jobs?acm=61370,8684512,8684496,8684688,8684208,8687808,8696112,8684256,8690160,8684528&alrpm=ALL&ascf=[%7B%22key%22:%22ALL%22,%22value%22:%22%22%7D]",linked_page,4,success_after_fallback
5be108ea2b2c,2026-08-14,49a39e5c497b,L3Harris,https://www.l3harris.com/,"https://careers.l3harris.com/en/search-jobs?acm=61370,8684512,8684496,8684688,8684208,8687808,8696112,8684256,8690160,8684528&alrpm=ALL&ascf=[%7B%22key%22:%22ALL%22,%22value%22:%22%22%7D]","Lead Systems Engineering Engineering Millersville, MD",https://careers.l3harris.com/en/job/millersville/lead-systems-engineering/4832/99079460400,"Millersville, MD",Millersville,MD,United States,Not specified,,,,Space & Defense,2026-08-14,2026-08-14,"https://careers.l3harris.com/en/search-jobs?acm=61370,8684512,8684496,8684688,8684208,8687808,8696112,8684256,8690160,8684528&alrpm=ALL&ascf=[%7B%22key%22:%22ALL%22,%22value%22:%22%22%7D]",linked_page,4,success_after_fallback
3334f5845104,2026-08-14,49a39e5c497b,L3Harris,https://www.l3harris.com/,"https://careers.l3harris.com/en/search-jobs?acm=61403,61374,62323,61407,8698064,62355,75609&alrpm=ALL&ascf=[%7B%22key%22:%22ALL%22,%22value%22:%22%22%7D]","Manufacturing Technician C - Maintenance Manufacturing Malabar, FL",https://careers.l3harris.com/en/job/malabar/manufacturing-technician-c-maintenance/4832/99191621840,"Malabar, FL",Malabar,FL,United States,Not specified,,,,Space & Defense,2026-08-14,2026-08-14,"https://careers.l3harris.com/en/search-jobs?acm=61403,61374,62323,61407,8698064,62355,75609&alrpm=ALL&ascf=[%7B%22key%22:%22ALL%22,%22value%22:%22%22%7D]",linked_page,4,success_after_fallback
9d2a0f23f4f7,2026-08-14,49a39e5c497b,L3Harris,https://www.l3harris.com/,"https://careers.l3harris.com/en/search-jobs?acm=61403,61374,62323,61407,8698064,62355,75609&alrpm=ALL&ascf=[%7B%22key%22:%22ALL%22,%22value%22:%22%22%7D]","Composite Technician A - 1st Shift Manufacturing Huntsville, AL",https://careers.l3harris.com/en/job/huntsville/composite-technician-a-1st-shift/4832/99191621824,"Huntsville, AL",Huntsville,AL,United States,Not specified,,,,Space & Defense,2026-08-14,2026-08-14,"https://careers.l3harris.com/en/search-jobs?acm=61403,61374,62323,61407,8698064,62355,75609&alrpm=ALL&ascf=[%7B%22key%22:%22ALL%22,%22value%22:%22%22%7D]",linked_page,4,success_after_fallback
a1b007bba31a,2026-08-14,49a39e5c497b,L3Harris,https://www.l3harris.com/,"https://careers.l3harris.com/en/search-jobs?acm=61403,61374,62323,61407,8698064,62355,75609&alrpm=ALL&ascf=[%7B%22key%22:%22ALL%22,%22value%22:%22%22%7D]",Specialist Subcontracts,https://careers.l3harris.com/en/job/united-states/specialist-subcontracts/4832/99191621792,Remote,,,,Remote,,,,Space & Defense,2026-08-14,2026-08-14,"https://careers.l3harris.com/en/search-jobs?acm=61403,61374,62323,61407,8698064,62355,75609&alrpm=ALL&ascf=[%7B%22key%22:%22ALL%22,%22value%22:%22%22%7D]",linked_page,4,success_after_fallback
1143da74d8c7,2026-08-14,49a39e5c497b,L3Harris,https://www.l3harris.com/,"https://careers.l3harris.com/en/search-jobs?acm=61403,61374,62323,61407,8698064,62355,75609&alrpm=ALL&ascf=[%7B%22key%22:%22ALL%22,%22value%22:%22%22%7D]",Quality Technician C,https://careers.l3harris.com/en/job/rochester/quality-technician-c/4832/97114629600,"Rochester, NY",Rochester,NY,United States,Not specified,,,,Space & Defense,2026-08-14,2026-08-14,"https://careers.l3harris.com/en/search-jobs?acm=61403,61374,62323,61407,8698064,62355,75609&alrpm=ALL&ascf=[%7B%22key%22:%22ALL%22,%22value%22:%22%22%7D]",linked_page,4,success_after_fallback
84f25d844ff3,2026-08-14,49a39e5c497b,L3Harris,https://www.l3harris.com/,"https://careers.l3harris.com/en/search-jobs?acm=61403,61374,62323,61407,8698064,62355,75609&alrpm=ALL&ascf=[%7B%22key%22:%22ALL%22,%22value%22:%22%22%7D]",Specialist Program Finance,https://careers.l3harris.com/en/job/greenville/specialist-program-finance/4832/99191621536,"Greenville, TX",Greenville,TX,United States,Not specified,,,,Space & Defense,2026-08-14,2026-08-14,"https://careers.l3harris.com/en/search-jobs?acm=61403,61374,62323,61407,8698064,62355,75609&alrpm=ALL&ascf=[%7B%22key%22:%22ALL%22,%22value%22:%22%22%7D]",linked_page,4,success_after_fallback
df4d5d806a94,2026-08-14,49a39e5c497b,L3Harris,https://www.l3harris.com/,"https://careers.l3harris.com/en/search-jobs?acm=61403,61374,62323,61407,8698064,62355,75609&alrpm=ALL&ascf=[%7B%22key%22:%22ALL%22,%22value%22:%22%22%7D]",Director Supply Chain,https://careers.l3harris.com/en/job/nashville/director-supply-chain/4832/99191621408,"Nashville, TN",Nashville,TN,United States,Not specified,,,,Space & Defense,2026-08-14,2026-08-14,"https://careers.l3harris.com/en/search-jobs?acm=61403,61374,62323,61407,8698064,62355,75609&alrpm=ALL&ascf=[%7B%22key%22:%22ALL%22,%22value%22:%22%22%7D]",linked_page,4,success_after_fallback
86467c0a1467,2026-08-14,49a39e5c497b,L3Harris,https://www.l3harris.com/,https://careers.l3harris.com/en/search-jobs/remote,"Field Technician Engineering, Services Remote",https://careers.l3harris.com/en/job/united-states/field-technician/4832/98039117232,Remote,,,,Remote,,,,Space & Defense,2026-08-14,2026-08-14,https://careers.l3harris.com/en/search-jobs/remote,linked_page,4,success_after_fallback
033923656d90,2026-08-14,49a39e5c497b,L3Harris,https://www.l3harris.com/,https://careers.l3harris.com/en/search-jobs/remote,"Field Technician C (Baltimore, MD) Engineering, Services Remote",https://careers.l3harris.com/en/job/united-states/field-technician-c-baltimore-md/4832/97244882560,Remote,,,,Remote,,,,Space & Defense,2026-08-14,2026-08-14,https://careers.l3harris.com/en/search-jobs/remote,linked_page,4,success_after_fallback
3b1908fc9545,2026-08-14,49a39e5c497b,L3Harris,https://www.l3harris.com/,https://careers.l3harris.com/en/search-jobs/remote,"Senior Specialist, Program Scheduler 1 Program, Management Remote",https://careers.l3harris.com/en/job/united-states/senior-specialist-program-scheduler-1/4832/98522983216,Remote,,,,Remote,,,,Space & Defense,2026-08-14,2026-08-14,https://careers.l3harris.com/en/search-jobs/remote,linked_page,4,success_after_fallback
54ac599e2eff,2026-08-14,49a39e5c497b,L3Harris,https://www.l3harris.com/,https://careers.l3harris.com/en/search-jobs/remote,"Senior Specialist, Supply Chain Management Supply, Chain Remote",https://careers.l3harris.com/en/job/united-states/senior-specialist-supply-chain-management/4832/98430374912,Remote,,,,Remote,,,,Space & Defense,2026-08-14,2026-08-14,https://careers.l3harris.com/en/search-jobs/remote,linked_page,4,success_after_fallback
6f485ad3d125,2026-08-14,49a39e5c497b,L3Harris,https://www.l3harris.com/,https://careers.l3harris.com/en/search-jobs/remote,Senior Specialist Subcontracts,https://careers.l3harris.com/en/job/united-states/senior-specialist-subcontracts/4832/97208730272,Remote,,,,Remote,,,,Space & Defense,2026-08-14,2026-08-14,https://careers.l3harris.com/en/search-jobs/remote,linked_page,4,success_after_fallback
780783476408,2026-08-14,49a39e5c497b,L3Harris,https://www.l3harris.com/,https://careers.l3harris.com/en/search-jobs/remote,"Senior Specialist, Precision Machining Supply, Chain Remote",https://careers.l3harris.com/en/job/united-states/senior-specialist-precision-machining/4832/98477241472,Remote,,,,Remote,,,,Space & Defense,2026-08-14,2026-08-14,https://careers.l3harris.com/en/search-jobs/remote,linked_page,4,success_after_fallback
9a586b9b89b6,2026-08-14,49a39e5c497b,L3Harris,https://www.l3harris.com/,https://careers.l3harris.com/en/search-jobs/remote,Director Business Development Sales And Strategy,https://careers.l3harris.com/en/job/united-states/director-business-development-sales-and-strategy/4832/97092138640,Remote,,,,Remote,,,,Space & Defense,2026-08-14,2026-08-14,https://careers.l3harris.com/en/search-jobs/remote,linked_page,4,success_after_fallback
3ec7d0f12226,2026-08-14,49a39e5c497b,L3Harris,https://www.l3harris.com/,https://careers.l3harris.com/en/search-jobs/remote,"Manager, Cash Management & Accounts Receivable Finance Remote",https://careers.l3harris.com/en/job/united-states/manager-cash-management-and-accounts-receivable/4832/98865265264,Remote,,,,Remote,,,,Space & Defense,2026-08-14,2026-08-14,https://careers.l3harris.com/en/search-jobs/remote,linked_page,4,success_after_fallback
f1e5fc3406e6,2026-08-14,49a39e5c497b,L3Harris,https://www.l3harris.com/,https://careers.l3harris.com/en/search-jobs/remote,Manager Field Service Engineering,https://careers.l3harris.com/en/job/nashville/manager-field-service-engineering/4832/97189649776,"Nashville, TN",Nashville,TN,United States,Not specified,,,,Space & Defense,2026-08-14,2026-08-14,https://careers.l3harris.com/en/search-jobs/remote,linked_page,4,success_after_fallback
afc33cecda9b,2026-08-14,49a39e5c497b,L3Harris,https://www.l3harris.com/,https://careers.l3harris.com/en/search-jobs/remote,"Lead, Data Engineer Information, Technology Remote",https://careers.l3harris.com/en/job/united-states/lead-data-engineer/4832/97880113552,Remote,,,,Remote,,,,Space & Defense,2026-08-14,2026-08-14,https://careers.l3harris.com/en/search-jobs/remote,linked_page,4,success_after_fallback
2adaa5cb2f63,2026-08-14,49a39e5c497b,L3Harris,https://www.l3harris.com/,https://careers.l3harris.com/en/search-jobs/remote,Senior Specialist Subcontracts,https://careers.l3harris.com/en/job/united-states/senior-specialist-subcontracts/4832/98796814000,Remote,,,,Remote,,,,Space & Defense,2026-08-14,2026-08-14,https://careers.l3harris.com/en/search-jobs/remote,linked_page,4,success_after_fallback
c3d3d8b0f4d5,2026-08-14,49a39e5c497b,L3Harris,https://www.l3harris.com/,https://careers.l3harris.com/en/search-jobs/remote,"Accounting Manager, GBS Analytics Finance Remote",https://careers.l3harris.com/en/job/united-states/accounting-manager-gbs-analytics/4832/98397465792,Remote,,,,Remote,,,,Space & Defense,2026-08-14,2026-08-14,https://careers.l3harris.com/en/search-jobs/remote,linked_page,4,success_after_fallback
1bdb8c8e41a8,2026-08-14,49a39e5c497b,L3Harris,https://www.l3harris.com/,https://careers.l3harris.com/en/search-jobs/remote,Senior Specialist Subcontracts,https://careers.l3harris.com/en/job/united-states/senior-specialist-subcontracts/4832/98096050368,Remote,,,,Remote,,,,Space & Defense,2026-08-14,2026-08-14,https://careers.l3harris.com/en/search-jobs/remote,linked_page,4,success_after_fallback
52ead95bc365,2026-08-14,49a39e5c497b,L3Harris,https://www.l3harris.com/,https://careers.l3harris.com/en/search-jobs/remote,Field Technician C New Orleans La,https://careers.l3harris.com/en/job/harahan/field-technician-c-new-orleans-la/4832/99191621360,"Harahan, LA",Harahan,LA,United States,Not specified,,,,Space & Defense,2026-08-14,2026-08-14,https://careers.l3harris.com/en/search-jobs/remote,linked_page,4,success_after_fallback
c948c38272e7,2026-08-14,b5d41f3f3457,Lockheed Martin,https://www.lockheedmartin.com/,https://www.lockheedmartin.com/en-us/careers/candidates/students-early-careers.html,Meet our Interns,https://www.lockheedmartin.com/en-us/careers/life-at-lm/2023/early-career-lessons-learned.html,"Ballston Spa, NY, United States",Ballston Spa,NY,United States,Not specified,,,,Space & Defense,2026-08-14,2026-08-14,https://www.lockheedmartin.com/en-us/careers/candidates/students-early-careers.html,linked_page,4,success_after_fallback
1a9f2b6c922b,2026-08-14,b5d41f3f3457,Lockheed Martin,https://www.lockheedmartin.com/,https://www.lockheedmartin.com/en-us/careers/candidates/students-early-careers/high-school.html,Top Engineers Influence Top Gun,https://www.lockheedmartin.com/en-us/careers/life-at-lm/2023/top-gun-movie.html,"Ballston Spa, NY, United States",Ballston Spa,NY,United States,Not specified,,,,Space & Defense,2026-08-14,2026-08-14,https://www.lockheedmartin.com/en-us/careers/candidates/students-early-careers/high-school.html,linked_page,4,success_after_fallback
ac6ac155e05e,2026-08-14,6f56721ec5b5,Lourdes Industries,https://lourdesinc.com/,https://lourdesinc.com/careers,Mechanical Assembler - III--Aerospace,https://lourdesinc.com/careers/9dcd85a1be748d78/mechanical-assembler-iii-aerospace,"📍 Hauppauge, NY",📍 Hauppauge,NY,United States,Not specified,,,,Space & Defense,2026-08-14,2026-08-14,https://lourdesinc.com/careers,known_careers_url,3,success
2478ef542a72,2026-08-14,6f56721ec5b5,Lourdes Industries,https://lourdesinc.com/,https://lourdesinc.com/careers,Sr. Accountant-Aerospace,https://lourdesinc.com/careers/80b0abe13eaa1651/sr-accountant-aerospace,"📍 Hauppauge, NY",📍 Hauppauge,NY,United States,Not specified,,,,Space & Defense,2026-08-14,2026-08-14,https://lourdesinc.com/careers,known_careers_url,3,success
883509704e31,2026-08-14,ee835297a5f7,Magellan Aerospace,https://magellan.aero/,https://careers.magellan.aero/search?createNewAlert=false&q=&locationsearch=&optionsFacetsDD_department=,Special Process/ Quality Systems Internal Audit Lead,https://careers.magellan.aero/job/West-Babylon-Special-Process-Quality-Systems-Internal-Audit-Lead-NY-11704/603218317,"Bohemia, NY, United States",Bohemia,NY,United States,Not specified,,,,Core Space,2026-08-14,2026-08-14,https://careers.magellan.aero/search?createNewAlert=false&q=&locationsearch=&optionsFacetsDD_department=,linked_page,4,success_after_fallback
163cd3129e21,2026-08-14,ee835297a5f7,Magellan Aerospace,https://magellan.aero/,https://careers.magellan.aero/search?createNewAlert=false&q=&locationsearch=&optionsFacetsDD_department=,Special Process Operator,https://careers.magellan.aero/job/Winnipeg-Special-Process-Operator-MB-R3H-0S5/601713317,"Bohemia, NY, United States",Bohemia,NY,United States,Not specified,,,,Core Space,2026-08-14,2026-08-14,https://careers.magellan.aero/search?createNewAlert=false&q=&locationsearch=&optionsFacetsDD_department=,linked_page,4,success_after_fallback
36f546e325db,2026-08-14,ee835297a5f7,Magellan Aerospace,https://magellan.aero/,https://careers.magellan.aero/search?createNewAlert=false&q=&locationsearch=&optionsFacetsDD_department=,F404 Field Support Manager,https://careers.magellan.aero/job/Mississauga-F404-Field-Support-Manager-ON-L4T-1A9/602613617,"Bohemia, NY, United States",Bohemia,NY,United States,Not specified,,,,Core Space,2026-08-14,2026-08-14,https://careers.magellan.aero/search?createNewAlert=false&q=&locationsearch=&optionsFacetsDD_department=,linked_page,4,success_after_fallback
46960db9f79f,2026-08-14,ee835297a5f7,Magellan Aerospace,https://magellan.aero/,https://careers.magellan.aero/search?createNewAlert=false&q=&locationsearch=&optionsFacetsDD_department=,N/C Milling Operator,https://careers.magellan.aero/job/Bohemia-NC-Milling-Operator-NY-11716/599087817,"Bohemia, NY, United States",Bohemia,NY,United States,Not specified,,,,Core Space,2026-08-14,2026-08-14,https://careers.magellan.aero/search?createNewAlert=false&q=&locationsearch=&optionsFacetsDD_department=,linked_page,4,success_after_fallback
409a7653938a,2026-08-14,ee835297a5f7,Magellan Aerospace,https://magellan.aero/,https://careers.magellan.aero/search?createNewAlert=false&q=&locationsearch=&optionsFacetsDD_department=,Finance Manager,https://careers.magellan.aero/job/Glendale-Finance-Manager-AZ-85031/603495217,"Bohemia, NY, United States",Bohemia,NY,United States,Not specified,,,,Core Space,2026-08-14,2026-08-14,https://careers.magellan.aero/search?createNewAlert=false&q=&locationsearch=&optionsFacetsDD_department=,linked_page,4,success_after_fallback
fbe0c5f68737,2026-08-14,ee835297a5f7,Magellan Aerospace,https://magellan.aero/,https://careers.magellan.aero/search?createNewAlert=false&q=&locationsearch=&optionsFacetsDD_department=,Information Technology Support Specialist,https://careers.magellan.aero/job/Haley-Station-Information-Technology-Support-Specialist-ON-K0J-1Y0/605158617,"Bohemia, NY, United States",Bohemia,NY,United States,Not specified,,,,Core Space,2026-08-14,2026-08-14,https://careers.magellan.aero/search?createNewAlert=false&q=&locationsearch=&optionsFacetsDD_department=,linked_page,4,success_after_fallback
0a890acf6017,2026-08-14,ee835297a5f7,Magellan Aerospace,https://magellan.aero/,https://careers.magellan.aero/search?createNewAlert=false&q=&locationsearch=&optionsFacetsDD_department=,Maintenance Manager,https://careers.magellan.aero/job/Haverhill-Maintenance-Manager-MA-01832/605142117,"Bohemia, NY, United States",Bohemia,NY,United States,Not specified,,,,Core Space,2026-08-14,2026-08-14,https://careers.magellan.aero/search?createNewAlert=false&q=&locationsearch=&optionsFacetsDD_department=,linked_page,4,success_after_fallback
61e8b02fbbef,2026-08-14,ee835297a5f7,Magellan Aerospace,https://magellan.aero/,https://careers.magellan.aero/search?createNewAlert=false&q=&locationsearch=&optionsFacetsDD_department=,Quality Engineer I,https://careers.magellan.aero/job/Middletown-Quality-Engineer-I-OH-45042/605101017,"Bohemia, NY, United States",Bohemia,NY,United States,Not specified,,,,Core Space,2026-08-14,2026-08-14,https://careers.magellan.aero/search?createNewAlert=false&q=&locationsearch=&optionsFacetsDD_department=,linked_page,4,success_after_fallback
6557a8b42b0d,2026-08-14,ee835297a5f7,Magellan Aerospace,https://magellan.aero/,https://careers.magellan.aero/search?createNewAlert=false&q=&locationsearch=&optionsFacetsDD_department=,Quality Assurance Administrator (Weekend Shift),https://careers.magellan.aero/job/West-Babylon-Quality-Assurance-Administrator-%28Weekend-Shift%29-NY-11704/605121117,"Bohemia, NY, United States",Bohemia,NY,United States,Not specified,,,,Core Space,2026-08-14,2026-08-14,https://careers.magellan.aero/search?createNewAlert=false&q=&locationsearch=&optionsFacetsDD_department=,linked_page,4,success_after_fallback
ec717ebe2e87,2026-08-14,c67c1581a301,Mini Circuits Brooklyn,https://www.minicircuits.com/,https://jobs.jobvite.com/mini-circuits/jobs/positions,Engineering Pipeline,https://jobs.jobvite.com/mini-circuits/jobs/pipeline,"Brooklyn, NY, United States",Brooklyn,NY,United States,Not specified,,,,Core Space,2026-08-14,2026-08-14,https://jobs.jobvite.com/mini-circuits/jobs/positions,known_careers_url,4,success
384355f4924e,2026-08-14,c67c1581a301,Mini Circuits Brooklyn,https://www.minicircuits.com/,https://jobs.jobvite.com/mini-circuits/jobs/positions,"SAP Master Data Solution Specialist Full-Time Melville, New York",https://jobs.jobvite.com/mini-circuits/job/oK7LvfwR,"Melville, New York",Melville,NY,United States,Not specified,,,,Core Space,2026-08-14,2026-08-14,https://jobs.jobvite.com/mini-circuits/jobs/positions,known_careers_url,4,success
bea39b9e9255,2026-08-14,c67c1581a301,Mini Circuits Brooklyn,https://www.minicircuits.com/,https://jobs.jobvite.com/mini-circuits/jobs/positions,"NA Operations Project Manager III Full-Time Brooklyn, New York",https://jobs.jobvite.com/mini-circuits/job/oMhWyfwh,"Brooklyn, New York",Brooklyn,NY,United States,Not specified,,,,Core Space,2026-08-14,2026-08-14,https://jobs.jobvite.com/mini-circuits/jobs/positions,known_careers_url,4,success
018f7ae54409,2026-08-14,c67c1581a301,Mini Circuits Brooklyn,https://www.minicircuits.com/,https://jobs.jobvite.com/mini-circuits/jobs/positions,"SAP Finance (FICO) Solution Specialist Temporary Melville, New York",https://jobs.jobvite.com/mini-circuits/job/o4t2zfwS,"Melville, New York",Melville,NY,United States,Not specified,,,,Core Space,2026-08-14,2026-08-14,https://jobs.jobvite.com/mini-circuits/jobs/positions,known_careers_url,4,success
85c631cdded6,2026-08-14,c67c1581a301,Mini Circuits Brooklyn,https://www.minicircuits.com/,https://jobs.jobvite.com/mini-circuits/jobs/positions,"Senior Product Manager Full-Time Melville, New York",https://jobs.jobvite.com/mini-circuits/job/oCWUzfwL,"Melville, New York",Melville,NY,United States,Not specified,,,,Core Space,2026-08-14,2026-08-14,https://jobs.jobvite.com/mini-circuits/jobs/positions,known_careers_url,4,success
6e74b6f1efe0,2026-08-14,c67c1581a301,Mini Circuits Brooklyn,https://www.minicircuits.com/,https://jobs.jobvite.com/mini-circuits/jobs/positions,Field Applications Engineer - West Coast,https://jobs.jobvite.com/mini-circuits/job/o9l3zfwQ,"Remote, California",Remote,CA,United States,Remote,,,,Core Space,2026-08-14,2026-08-14,https://jobs.jobvite.com/mini-circuits/jobs/positions,known_careers_url,4,success
913280d599b2,2026-08-14,c67c1581a301,Mini Circuits Brooklyn,https://www.minicircuits.com/,https://jobs.jobvite.com/mini-circuits/jobs/positions,Field Applications Engineer NA Central,https://jobs.jobvite.com/mini-circuits/job/oaGmAfww,"Remote, New York",Remote,NY,United States,Remote,,,,Core Space,2026-08-14,2026-08-14,https://jobs.jobvite.com/mini-circuits/jobs/positions,known_careers_url,4,success
ce59b6ee18c5,2026-08-14,c67c1581a301,Mini Circuits Brooklyn,https://www.minicircuits.com/,https://jobs.jobvite.com/mini-circuits/jobs/positions,RF Technician I,https://jobs.jobvite.com/mini-circuits/job/oq5vAfwk,"Deer Park, New York",Deer Park,NY,United States,Not specified,,,,Core Space,2026-08-14,2026-08-14,https://jobs.jobvite.com/mini-circuits/jobs/positions,known_careers_url,4,success
721aa585ae84,2026-08-14,c67c1581a301,Mini Circuits Brooklyn,https://www.minicircuits.com/,https://jobs.jobvite.com/mini-circuits/jobs/positions,Robotic Operations Specialist,https://jobs.jobvite.com/mini-circuits/job/o4KAAfwI,"Deer Park, New York",Deer Park,NY,United States,Not specified,,,,Core Space,2026-08-14,2026-08-14,https://jobs.jobvite.com/mini-circuits/jobs/positions,known_careers_url,4,success
3cab2ab376c8,2026-08-14,c67c1581a301,Mini Circuits Brooklyn,https://www.minicircuits.com/,https://jobs.jobvite.com/mini-circuits/jobs/positions,Senior Manager Environmental Health & Safety,https://jobs.jobvite.com/mini-circuits/job/od4qAfw1,"Brooklyn, NY, United States",Brooklyn,NY,United States,Not specified,,,,Core Space,2026-08-14,2026-08-14,https://jobs.jobvite.com/mini-circuits/jobs/positions,known_careers_url,4,success
ff326000f6a1,2026-08-14,c67c1581a301,Mini Circuits Brooklyn,https://www.minicircuits.com/,https://jobs.jobvite.com/mini-circuits/jobs/positions,Engineer Operations Manager - DBU,https://jobs.jobvite.com/mini-circuits/job/o9R8zfwr,"Melville, New York",Melville,NY,United States,Not specified,,,,Core Space,2026-08-14,2026-08-14,https://jobs.jobvite.com/mini-circuits/jobs/positions,known_careers_url,4,success
b2adc8c2a082,2026-08-14,c67c1581a301,Mini Circuits Brooklyn,https://www.minicircuits.com/,https://jobs.jobvite.com/mini-circuits/jobs/positions,Mechanical Design Engineer I,https://jobs.jobvite.com/mini-circuits/job/oWJAAfwz,"Melville, New York",Melville,NY,United States,Not specified,,,,Core Space,2026-08-14,2026-08-14,https://jobs.jobvite.com/mini-circuits/jobs/positions,known_careers_url,4,success
cad7ef9c7bf2,2026-08-14,c67c1581a301,Mini Circuits Brooklyn,https://www.minicircuits.com/,https://jobs.jobvite.com/mini-circuits/jobs/positions,RF Design Engineer I,https://jobs.jobvite.com/mini-circuits/job/oaJjAfww,"Hialeah, Florida",Hialeah,FL,United States,Not specified,,,,Core Space,2026-08-14,2026-08-14,https://jobs.jobvite.com/mini-circuits/jobs/positions,known_careers_url,4,success
fd6473f727d6,2026-08-14,c67c1581a301,Mini Circuits Brooklyn,https://www.minicircuits.com/,https://jobs.jobvite.com/mini-circuits/jobs/positions,Senior Manager of Design Engineering,https://jobs.jobvite.com/mini-circuits/job/ocTgvfwA,"Hialeah, Florida",Hialeah,FL,United States,Not specified,,,,Core Space,2026-08-14,2026-08-14,https://jobs.jobvite.com/mini-circuits/jobs/positions,known_careers_url,4,success
708c76c41cf3,2026-08-14,c67c1581a301,Mini Circuits Brooklyn,https://www.minicircuits.com/,https://jobs.jobvite.com/mini-circuits/jobs/positions,Senior Product Engineer,https://jobs.jobvite.com/mini-circuits/job/omwuzfwF,"Hialeah, Florida",Hialeah,FL,United States,Not specified,,,,Core Space,2026-08-14,2026-08-14,https://jobs.jobvite.com/mini-circuits/jobs/positions,known_careers_url,4,success
cae170d97e5c,2026-08-14,c67c1581a301,Mini Circuits Brooklyn,https://www.minicircuits.com/,https://jobs.jobvite.com/mini-circuits/jobs/positions,Engineering Project Manager II,https://jobs.jobvite.com/mini-circuits/job/opZpAfw7,"Deer Park, New York",Deer Park,NY,United States,Not specified,,,,Core Space,2026-08-14,2026-08-14,https://jobs.jobvite.com/mini-circuits/jobs/positions,known_careers_url,4,success
cced1bd3bb9a,2026-08-14,c67c1581a301,Mini Circuits Brooklyn,https://www.minicircuits.com/,https://jobs.jobvite.com/mini-circuits/jobs/positions,Engineering Manager,https://jobs.jobvite.com/mini-circuits/job/o856zfwC,"Melville, New York",Melville,NY,United States,Not specified,,,,Core Space,2026-08-14,2026-08-14,https://jobs.jobvite.com/mini-circuits/jobs/positions,known_careers_url,4,success
a156d077534b,2026-08-14,c67c1581a301,Mini Circuits Brooklyn,https://www.minicircuits.com/,https://jobs.jobvite.com/mini-circuits/jobs/positions,Principal Design Engineer,https://jobs.jobvite.com/mini-circuits/job/oML0zfwQ,"Carlsbad, California",Carlsbad,CA,United States,Not specified,,,,Core Space,2026-08-14,2026-08-14,https://jobs.jobvite.com/mini-circuits/jobs/positions,known_careers_url,4,success
ad4046e78f2f,2026-08-14,c67c1581a301,Mini Circuits Brooklyn,https://www.minicircuits.com/,https://jobs.jobvite.com/mini-circuits/jobs/positions,RF Test Engineer - MMIC,https://jobs.jobvite.com/mini-circuits/job/oaxwAfwx,"Carlsbad, California",Carlsbad,CA,United States,Not specified,,,,Core Space,2026-08-14,2026-08-14,https://jobs.jobvite.com/mini-circuits/jobs/positions,known_careers_url,4,success
f58acd793692,2026-08-14,c67c1581a301,Mini Circuits Brooklyn,https://www.minicircuits.com/,https://jobs.jobvite.com/mini-circuits/jobs/positions,Development Test Engineer II,https://jobs.jobvite.com/mini-circuits/job/ofhVzfwK,"Brooklyn, New York",Brooklyn,NY,United States,Not specified,,,,Core Space,2026-08-14,2026-08-14,https://jobs.jobvite.com/mini-circuits/jobs/positions,known_careers_url,4,success
95fd8732f9fe,2026-08-14,c67c1581a301,Mini Circuits Brooklyn,https://www.minicircuits.com/,https://jobs.jobvite.com/mini-circuits/jobs/positions,PCB Designer II - MMIC,https://jobs.jobvite.com/mini-circuits/job/ovBkAfwK,"Melville, New York",Melville,NY,United States,Not specified,,,,Core Space,2026-08-14,2026-08-14,https://jobs.jobvite.com/mini-circuits/jobs/positions,known_careers_url,4,success
3a888e3d6aa2,2026-08-14,c67c1581a301,Mini Circuits Brooklyn,https://www.minicircuits.com/,https://jobs.jobvite.com/mini-circuits/jobs/positions,Senior Mechanical Design Engineer,https://jobs.jobvite.com/mini-circuits/job/ocdjAfw2,"Melville, New York",Melville,NY,United States,Not specified,,,,Core Space,2026-08-14,2026-08-14,https://jobs.jobvite.com/mini-circuits/jobs/positions,known_careers_url,4,success
3b79409f6427,2026-08-14,c67c1581a301,Mini Circuits Brooklyn,https://www.minicircuits.com/,https://jobs.jobvite.com/mini-circuits/jobs/positions,Automation Systems Engineer II,https://jobs.jobvite.com/mini-circuits/job/oUNKyfwJ,"Brooklyn, New York",Brooklyn,NY,United States,Not specified,,,,Core Space,2026-08-14,2026-08-14,https://jobs.jobvite.com/mini-circuits/jobs/positions,known_careers_url,4,success
9d9a98d628aa,2026-08-14,c67c1581a301,Mini Circuits Brooklyn,https://www.minicircuits.com/,https://jobs.jobvite.com/mini-circuits/jobs/positions,Manufacturing Automation Technician,https://jobs.jobvite.com/mini-circuits/job/oFs4zfwu,"Brooklyn, New York",Brooklyn,NY,United States,Not specified,,,,Core Space,2026-08-14,2026-08-14,https://jobs.jobvite.com/mini-circuits/jobs/positions,known_careers_url,4,success
791ff36d567d,2026-08-14,c67c1581a301,Mini Circuits Brooklyn,https://www.minicircuits.com/,https://jobs.jobvite.com/mini-circuits/jobs/positions,Supply Chain Project Manager,https://jobs.jobvite.com/mini-circuits/job/oxObAfwQ,"Melville, New York",Melville,NY,United States,Not specified,,,,Core Space,2026-08-14,2026-08-14,https://jobs.jobvite.com/mini-circuits/jobs/positions,known_careers_url,4,success
d6ba4f131525,2026-08-14,c67c1581a301,Mini Circuits Brooklyn,https://www.minicircuits.com/,https://jobs.jobvite.com/mini-circuits/jobs/positions,SAP ERP Manager,https://jobs.jobvite.com/mini-circuits/job/ogUJzfwc,"Brooklyn, NY, United States",Brooklyn,NY,United States,Not specified,,,,Core Space,2026-08-14,2026-08-14,https://jobs.jobvite.com/mini-circuits/jobs/positions,known_careers_url,4,success
296a6dcedc95,2026-08-14,c67c1581a301,Mini Circuits Brooklyn,https://www.minicircuits.com/,https://jobs.jobvite.com/mini-circuits/jobs/positions,Level 2 Electro-Mechanical Inspector,https://jobs.jobvite.com/mini-circuits/job/owLmAfwX,"Brooklyn, New York",Brooklyn,NY,United States,Not specified,,,,Core Space,2026-08-14,2026-08-14,https://jobs.jobvite.com/mini-circuits/jobs/positions,known_careers_url,4,success
617178dc5c6b,2026-08-14,c67c1581a301,Mini Circuits Brooklyn,https://www.minicircuits.com/,https://jobs.jobvite.com/mini-circuits/jobs/positions,Quality Engineer,https://jobs.jobvite.com/mini-circuits/job/o3mxxfwd,"Hialeah, Florida",Hialeah,FL,United States,Not specified,,,,Core Space,2026-08-14,2026-08-14,https://jobs.jobvite.com/mini-circuits/jobs/positions,known_careers_url,4,success
5f3686a35033,2026-08-14,c67c1581a301,Mini Circuits Brooklyn,https://www.minicircuits.com/,https://jobs.jobvite.com/mini-circuits/jobs/positions,Regulatory Compliance & Sustainability Program Manager,https://jobs.jobvite.com/mini-circuits/job/ol5rAfwb,"Melville, New York",Melville,NY,United States,Not specified,,,,Core Space,2026-08-14,2026-08-14,https://jobs.jobvite.com/mini-circuits/jobs/positions,known_careers_url,4,success
ed2fb6233c1f,2026-08-14,c67c1581a301,Mini Circuits Brooklyn,https://www.minicircuits.com/,https://jobs.jobvite.com/mini-circuits/jobs/positions,Reliability Technician,https://jobs.jobvite.com/mini-circuits/job/oZrrAfwb,"Brooklyn, New York",Brooklyn,NY,United States,Not specified,,,,Core Space,2026-08-14,2026-08-14,https://jobs.jobvite.com/mini-circuits/jobs/positions,known_careers_url,4,success
803b97524767,2026-08-14,c67c1581a301,Mini Circuits Brooklyn,https://www.minicircuits.com/,https://jobs.jobvite.com/mini-circuits/jobs/positions,Regional Sales Manager - NA Central,https://jobs.jobvite.com/mini-circuits/job/oj4bAfwS,"Brooklyn, NY, United States",Brooklyn,NY,United States,Not specified,,,,Core Space,2026-08-14,2026-08-14,https://jobs.jobvite.com/mini-circuits/jobs/positions,known_careers_url,4,success
dca4839c54d3,2026-08-14,c67c1581a301,Mini Circuits Brooklyn,https://www.minicircuits.com/,https://jobs.jobvite.com/mini-circuits/jobs/positions,Strategic Sourcing Manager - Electronic Components,https://jobs.jobvite.com/mini-circuits/job/oGEvAfw9,"Melville, New York",Melville,NY,United States,Not specified,,,,Core Space,2026-08-14,2026-08-14,https://jobs.jobvite.com/mini-circuits/jobs/positions,known_careers_url,4,success
4add009a0d64,2026-08-14,c67c1581a301,Mini Circuits Brooklyn,https://www.minicircuits.com/,https://jobs.jobvite.com/mini-circuits/jobs/positions,Level 2 Switch Assembly Operator,https://jobs.jobvite.com/mini-circuits/job/oAHkAfwV,"Brooklyn, New York",Brooklyn,NY,United States,Not specified,,,,Core Space,2026-08-14,2026-08-14,https://jobs.jobvite.com/mini-circuits/jobs/positions,known_careers_url,4,success
849da493d9eb,2026-08-14,c67c1581a301,Mini Circuits Brooklyn,https://www.minicircuits.com/,https://jobs.jobvite.com/mini-circuits,SAP Master Data Solution Specialist,https://jobs.jobvite.com/mini-circuits/jobs/positions,"Brooklyn, NY, United States",Brooklyn,NY,United States,Not specified,,,,Core Space,2026-08-14,2026-08-14,https://jobs.jobvite.com/mini-circuits,ats_detected,4,success_after_fallback
92111a8626ea,2026-08-14,dd8e8599680c,NearSpace Labs,https://nearspacelabs.com/,https://job-boards.greenhouse.io/nearspacelabs,"Associate Operator - Stratospheric Systems Nationwide, United States",https://job-boards.greenhouse.io/nearspacelabs/jobs/4749344008,"Nationwide, United States",Nationwide,,United States,Not specified,,,,Core Space,2026-08-14,2026-08-14,https://job-boards.greenhouse.io/nearspacelabs,known_careers_url,5,success
ffeee6d7df67,2026-08-14,6a2f5abb3318,North Atlantic Industries,https://www.naii.com/,https://www.naii.com/Opportunities,Quality Assurance Engineer I,https://recruiting.paylocity.com/recruiting/jobs/Apply/4372866/North-Atlantic-Industries-Inc/Quality-Assurance-Engineer-I,"Bohemia, NY",Bohemia,NY,United States,Not specified,,,,Space & Defense,2026-08-14,2026-08-14,https://www.naii.com/Opportunities,linked_page,4,success_after_fallback
19075f4ce393,2026-08-14,6a2f5abb3318,North Atlantic Industries,https://www.naii.com/,https://www.naii.com/Opportunities,Intern It Helpdesk Tech Fall,https://recruiting.paylocity.com/recruiting/jobs/Apply/4399410/North-Atlantic-Industries-Inc/Intern-IT-Helpdesk-Tech---Fall-2026,"Bohemia, NY",Bohemia,NY,United States,Not specified,,,,Space & Defense,2026-08-14,2026-08-14,https://www.naii.com/Opportunities,linked_page,4,success_after_fallback
f3cb31fe282a,2026-08-14,6a2f5abb3318,North Atlantic Industries,https://www.naii.com/,https://www.naii.com/Opportunities,Sustaining Engineer,https://recruiting.paylocity.com/recruiting/jobs/Apply/4113142/North-Atlantic-Industries-Inc/Sustaining-Engineer,"Bohemia, NY",Bohemia,NY,United States,Not specified,,,,Space & Defense,2026-08-14,2026-08-14,https://www.naii.com/Opportunities,linked_page,4,success_after_fallback
3cd9bf7011ab,2026-08-14,6a2f5abb3318,North Atlantic Industries,https://www.naii.com/,https://www.naii.com/Opportunities,Regional Sales Manager,https://recruiting.paylocity.com/recruiting/jobs/Apply/4369018/North-Atlantic-Industries-Inc/Regional-Sales-Manager,"Los Angeles, CA",Los Angeles,CA,United States,Not specified,,,,Space & Defense,2026-08-14,2026-08-14,https://www.naii.com/Opportunities,linked_page,4,success_after_fallback
538bc55cef72,2026-08-14,6a2f5abb3318,North Atlantic Industries,https://www.naii.com/,https://www.naii.com/Opportunities,Regional Sales Manager,https://recruiting.paylocity.com/recruiting/jobs/Apply/4349376/North-Atlantic-Industries-Inc/Regional-Sales-Manager,"Phoenix, AZ",Phoenix,AZ,United States,Not specified,,,,Space & Defense,2026-08-14,2026-08-14,https://www.naii.com/Opportunities,linked_page,4,success_after_fallback
cfb59b6b405a,2026-08-14,6a2f5abb3318,North Atlantic Industries,https://www.naii.com/,https://www.naii.com/Opportunities,Pcb Designer Iii Hybrid,https://recruiting.paylocity.com/recruiting/jobs/Apply/4397150/North-Atlantic-Industries-Inc/PCB-Designer-III-Hybrid,"Bohemia, NY",Bohemia,NY,United States,Hybrid,,,,Space & Defense,2026-08-14,2026-08-14,https://www.naii.com/Opportunities,linked_page,4,success_after_fallback
593cab673465,2026-08-14,6a2f5abb3318,North Atlantic Industries,https://www.naii.com/,https://www.naii.com/Opportunities,Mechanical Engineer Ii Electronics Packaging Thermal Design,https://recruiting.paylocity.com/recruiting/jobs/Apply/3945062/North-Atlantic-Industries-Inc/Mechanical-Engineer-II---Electronics-Packaging-Thermal-Design,"Bohemia, NY",Bohemia,NY,United States,Not specified,,,,Space & Defense,2026-08-14,2026-08-14,https://www.naii.com/Opportunities,linked_page,4,success_after_fallback
e2a50a01d4f1,2026-08-14,6a2f5abb3318,North Atlantic Industries,https://www.naii.com/,https://www.naii.com/Opportunities,Electronics Technician I,https://recruiting.paylocity.com/recruiting/jobs/Apply/4384717/North-Atlantic-Industries-Inc/Electronics-Technician-I,"Bohemia, NY",Bohemia,NY,United States,Not specified,,,,Space & Defense,2026-08-14,2026-08-14,https://www.naii.com/Opportunities,linked_page,4,success_after_fallback
ae8fdeed05a5,2026-08-14,6a2f5abb3318,North Atlantic Industries,https://www.naii.com/,https://www.naii.com/Opportunities,Electronics Applications Engineer Ii Hybrid,https://recruiting.paylocity.com/recruiting/jobs/Apply/3897103/North-Atlantic-Industries-Inc/Electronics-Applications-Engineer-II-Hybrid,"Bohemia, NY",Bohemia,NY,United States,Hybrid,,,,Space & Defense,2026-08-14,2026-08-14,https://www.naii.com/Opportunities,linked_page,4,success_after_fallback
cb0d07740c33,2026-08-14,6a2f5abb3318,North Atlantic Industries,https://www.naii.com/,https://www.naii.com/Opportunities,Npi Smt Process Engineer,https://recruiting.paylocity.com/recruiting/jobs/Apply/4098066/North-Atlantic-Industries-Inc/NPI-SMT-Process-Engineer,"Bohemia, NY",Bohemia,NY,United States,Not specified,,,,Space & Defense,2026-08-14,2026-08-14,https://www.naii.com/Opportunities,linked_page,4,success_after_fallback
f1c459067988,2026-08-14,6a2f5abb3318,North Atlantic Industries,https://www.naii.com/,https://www.naii.com/Opportunities,Manufacturing Engineer I,https://recruiting.paylocity.com/recruiting/jobs/Apply/4348422/North-Atlantic-Industries-Inc/Manufacturing-Engineer-I,"Bohemia, NY",Bohemia,NY,United States,Not specified,,,,Space & Defense,2026-08-14,2026-08-14,https://www.naii.com/Opportunities,linked_page,4,success_after_fallback
e634f75dc11e,2026-08-14,0197a4411659,RCM Engineering,https://rcmengineeringgroup.com/,https://jobs.rcmhealthcare.com/,Technician Greenville South Carolina,https://jobs.rcmhealthcare.com/job/331838-technician-greenville-south-carolina,"West Sayville, NY, United States",West Sayville,NY,United States,Not specified,,,,Aerospace,2026-08-14,2026-08-14,https://jobs.rcmhealthcare.com/,linked_page,4,success_after_fallback
af1b9df3edb6,2026-08-14,0939c3d7e29f,Saab Group,https://www.saab.com/,https://www.saab.com/career/job-opportunities,Manager Remote Tower Projects ﻿,https://www.saab.com/career/job-opportunities/manager-remote-tower-projects,"East Syracuse, NY, United States",East Syracuse,NY,United States,Remote,,,,Space & Defense,2026-08-14,2026-08-14,https://www.saab.com/career/job-opportunities,known_careers_url,3,success
8c2ed35ec687,2026-08-14,0939c3d7e29f,Saab Group,https://www.saab.com/,https://www.saab.com/career/job-opportunities,HR Manager (m/w/d) Compensation & Benefits ﻿,https://www.saab.com/career/job-opportunities/hr-manager-mwd-compensation--benefits,"East Syracuse, NY, United States",East Syracuse,NY,United States,Not specified,,,,Space & Defense,2026-08-14,2026-08-14,https://www.saab.com/career/job-opportunities,known_careers_url,3,success
8e3b8baf19f8,2026-08-14,0939c3d7e29f,Saab Group,https://www.saab.com/,https://www.saab.com/career/job-opportunities,Head of Hybrid Navy Business Development and Sales ﻿,https://www.saab.com/career/job-opportunities/head-of-hybrid-navy-business-development-and-sales,"East Syracuse, NY, United States",East Syracuse,NY,United States,Hybrid,,,,Space & Defense,2026-08-14,2026-08-14,https://www.saab.com/career/job-opportunities,known_careers_url,3,success
523ecfa5a17c,2026-08-14,0939c3d7e29f,Saab Group,https://www.saab.com/,https://www.saab.com/career/job-opportunities,Contract Quality Manager Saab Dynamics ﻿,https://www.saab.com/career/job-opportunities/contract-quality-manager-saab-dynamics,"East Syracuse, NY, United States",East Syracuse,NY,United States,Not specified,,,,Space & Defense,2026-08-14,2026-08-14,https://www.saab.com/career/job-opportunities,known_careers_url,3,success
7733fd0da0e1,2026-08-14,0939c3d7e29f,Saab Group,https://www.saab.com/,https://www.saab.com/career/job-opportunities,Contract Manager (m/w/d) ﻿,https://www.saab.com/career/job-opportunities/contract-manager-mwd,"East Syracuse, NY, United States",East Syracuse,NY,United States,Not specified,,,,Space & Defense,2026-08-14,2026-08-14,https://www.saab.com/career/job-opportunities,known_careers_url,3,success
3272c688cfaa,2026-08-14,0939c3d7e29f,Saab Group,https://www.saab.com/,https://www.saab.com/career/job-opportunities,Contract Quality Manager till Saab ﻿,https://www.saab.com/career/job-opportunities/contract-quality-manager-till-saab1,"East Syracuse, NY, United States",East Syracuse,NY,United States,Not specified,,,,Space & Defense,2026-08-14,2026-08-14,https://www.saab.com/career/job-opportunities,known_careers_url,3,success
f1d8a9c67b3c,2026-08-14,0939c3d7e29f,Saab Group,https://www.saab.com/,https://www.saab.com/career/job-opportunities,"Manager, Contract Management Gripen ﻿",https://www.saab.com/career/job-opportunities/manager-contract-management-gripen,"East Syracuse, NY, United States",East Syracuse,NY,United States,Not specified,,,,Space & Defense,2026-08-14,2026-08-14,https://www.saab.com/career/job-opportunities,known_careers_url,3,success
3c5f971721cc,2026-08-14,0939c3d7e29f,Saab Group,https://www.saab.com/,https://www.saab.com/career/job-opportunities,Senior Avionics Requirements Engineer ﻿,https://www.saab.com/career/job-opportunities/senior-avionics-requirements-engineer,"East Syracuse, NY, United States",East Syracuse,NY,United States,Not specified,,,,Space & Defense,2026-08-14,2026-08-14,https://www.saab.com/career/job-opportunities,known_careers_url,3,success
86a46cc033d8,2026-08-14,0939c3d7e29f,Saab Group,https://www.saab.com/,https://saabgroup.wd116.myworkdayjobs.com/Saab_careers/job/Linkping---Brderna-Ugglas-Gata/Leveransskoordinator_REQ_43402/apply,Leveransskoordinator,https://saabgroup.wd116.myworkdayjobs.com/Saab_careers/job/Linkping---Brderna-Ugglas-Gata/Leveransskoordinator_REQ_43402/apply,"LinkÃ¶ping - BrÃ¶derna Ugglas Gata, Sweden",LinkÃ¶ping - BrÃ¶derna Ugglas Gata,,Sweden,Not specified,,,,Space & Defense,2026-08-14,2026-08-14,https://saabgroup.wd116.myworkdayjobs.com/Saab_careers/job/Linkping---Brderna-Ugglas-Gata/Leveransskoordinator_REQ_43402/apply,ats_detected,3,success_after_fallback
13a8130b16ae,2026-08-14,0939c3d7e29f,Saab Group,https://www.saab.com/,https://saabgroup.wd116.myworkdayjobs.com/Saab_careers/job/Musk---Musk-rlogshamn/Servicetekniker-till-televerkstaden-p-Saab-Musk_REQ_38913/apply,Servicetekniker till televerkstaden pÃ¥ Saab MuskÃ¶,https://saabgroup.wd116.myworkdayjobs.com/Saab_careers/job/Musk---Musk-rlogshamn/Servicetekniker-till-televerkstaden-p-Saab-Musk_REQ_38913/apply,"MuskÃ¶ - MuskÃ¶ Ãrlogshamn, Sweden",MuskÃ¶ - MuskÃ¶ Ãrlogshamn,,Sweden,Not specified,,,,Space & Defense,2026-08-14,2026-08-14,https://saabgroup.wd116.myworkdayjobs.com/Saab_careers/job/Musk---Musk-rlogshamn/Servicetekniker-till-televerkstaden-p-Saab-Musk_REQ_38913/apply,ats_detected,3,success_after_fallback
9b71665c6f26,2026-08-14,0939c3d7e29f,Saab Group,https://www.saab.com/,https://www.saab.com/career/job-opportunities/cloud-site-reliability-engineer,Cloud Site Reliability Engineer Req,https://saabgroup.wd116.myworkdayjobs.com/Saab_careers/job/Stockholm---Solna/Cloud-Site-Reliability-Engineer_REQ_43891/apply,"East Syracuse, NY, United States",East Syracuse,NY,United States,Not specified,,,,Space & Defense,2026-08-14,2026-08-14,https://www.saab.com/career/job-opportunities/cloud-site-reliability-engineer,linked_page,4,success_after_fallback
c0175a50d947,2026-08-14,fdb04d86542a,SRI International,https://www.sri.com/,https://careers-sri.icims.com/jobs/search?ss=1&hashed=-625949242,"Title Intern, Sleep Lab",https://careers-sri.icims.com/jobs/6454/intern%2c-sleep-lab/job,"Manhattan, NY, United States",Manhattan,NY,United States,Not specified,,,,Core Space,2026-08-14,2026-08-14,https://careers-sri.icims.com/jobs/search?ss=1&hashed=-625949242,ats_detected,5,success_after_fallback
0087209107d7,2026-08-14,fdb04d86542a,SRI International,https://www.sri.com/,https://careers-sri.icims.com/jobs/search?ss=1&hashed=-625949242,Title Marketing Specialist - Full Time-Temporary,https://careers-sri.icims.com/jobs/6450/marketing-specialist---full-time-temporary/job,"Manhattan, NY, United States",Manhattan,NY,United States,Remote,,,,Core Space,2026-08-14,2026-08-14,https://careers-sri.icims.com/jobs/search?ss=1&hashed=-625949242,ats_detected,5,success_after_fallback
c44ad4764b51,2026-08-14,fdb04d86542a,SRI International,https://www.sri.com/,https://careers-sri.icims.com/jobs/search?ss=1&hashed=-625949242,Title Principal Image Sensor Development Engineer,https://careers-sri.icims.com/jobs/6448/principal-image-sensor-development-engineer/job,"Manhattan, NY, United States",Manhattan,NY,United States,Not specified,,,,Core Space,2026-08-14,2026-08-14,https://careers-sri.icims.com/jobs/search?ss=1&hashed=-625949242,ats_detected,5,success_after_fallback
28df1f4c1bd9,2026-08-14,fdb04d86542a,SRI International,https://www.sri.com/,https://careers-sri.icims.com/jobs/search?ss=1&hashed=-625949242,Title IC Layout Engineer III,https://careers-sri.icims.com/jobs/6445/ic-layout-engineer-iii/job,"Manhattan, NY, United States",Manhattan,NY,United States,Not specified,,,,Core Space,2026-08-14,2026-08-14,https://careers-sri.icims.com/jobs/search?ss=1&hashed=-625949242,ats_detected,5,success_after_fallback
83cd75cf6b13,2026-08-14,fdb04d86542a,SRI International,https://www.sri.com/,https://careers-sri.icims.com/jobs/search?ss=1&hashed=-625949242,Title Associate Contracts Officer,https://careers-sri.icims.com/jobs/6443/associate-contracts-officer/job,"Manhattan, NY, United States",Manhattan,NY,United States,Remote,,,,Core Space,2026-08-14,2026-08-14,https://careers-sri.icims.com/jobs/search?ss=1&hashed=-625949242,ats_detected,5,success_after_fallback
6f88f052d223,2026-08-14,fdb04d86542a,SRI International,https://www.sri.com/,https://careers-sri.icims.com/jobs/search?ss=1&hashed=-625949242,Title Analog IC Design Engineer,https://careers-sri.icims.com/jobs/6441/analog-ic-design-engineer/job,"Manhattan, NY, United States",Manhattan,NY,United States,Not specified,,,,Core Space,2026-08-14,2026-08-14,https://careers-sri.icims.com/jobs/search?ss=1&hashed=-625949242,ats_detected,5,success_after_fallback
4d7d959e3ed1,2026-08-14,fdb04d86542a,SRI International,https://www.sri.com/,https://careers-sri.icims.com/jobs/search?ss=1&hashed=-625949242,"Title Research Scientist, electron beam lithography",https://careers-sri.icims.com/jobs/6440/research-scientist%2c-electron-beam-lithography/job,"Manhattan, NY, United States",Manhattan,NY,United States,On-site,,,,Core Space,2026-08-14,2026-08-14,https://careers-sri.icims.com/jobs/search?ss=1&hashed=-625949242,ats_detected,5,success_after_fallback
64b737edd5d0,2026-08-14,fdb04d86542a,SRI International,https://www.sri.com/,https://careers-sri.icims.com/jobs/search?ss=1&hashed=-625949242,Title Test Engineers I,https://careers-sri.icims.com/jobs/6439/test-engineers-i/job,"Manhattan, NY, United States",Manhattan,NY,United States,Not specified,,,,Core Space,2026-08-14,2026-08-14,https://careers-sri.icims.com/jobs/search?ss=1&hashed=-625949242,ats_detected,5,success_after_fallback
6d3d0ab8b735,2026-08-14,fdb04d86542a,SRI International,https://www.sri.com/,https://careers-sri.icims.com/jobs/search?ss=1&hashed=-625949242,Title Sr. Photonics Research Engineer,https://careers-sri.icims.com/jobs/6436/sr.-photonics-research-engineer/job,"Manhattan, NY, United States",Manhattan,NY,United States,On-site,,,,Core Space,2026-08-14,2026-08-14,https://careers-sri.icims.com/jobs/search?ss=1&hashed=-625949242,ats_detected,5,success_after_fallback
886af8140a70,2026-08-14,fdb04d86542a,SRI International,https://www.sri.com/,https://careers-sri.icims.com/jobs/search?ss=1&hashed=-625949242,Title Drexel University Co-op: Software Engineering/Full stack development,https://careers-sri.icims.com/jobs/6432/drexel-university-co-op%3a-software-engineering-full-stack-development/job,"Manhattan, NY, United States",Manhattan,NY,United States,Not specified,,,,Core Space,2026-08-14,2026-08-14,https://careers-sri.icims.com/jobs/search?ss=1&hashed=-625949242,ats_detected,5,success_after_fallback
fd4e35a63d72,2026-08-14,fdb04d86542a,SRI International,https://www.sri.com/,https://careers-sri.icims.com/jobs/search?ss=1&hashed=-625949242,Title Materials Research Scientist/Engineer,https://careers-sri.icims.com/jobs/6428/materials-research-scientist-engineer/job,"Manhattan, NY, United States",Manhattan,NY,United States,Not specified,,,,Core Space,2026-08-14,2026-08-14,https://careers-sri.icims.com/jobs/search?ss=1&hashed=-625949242,ats_detected,5,success_after_fallback
6a229b52cf25,2026-08-14,fdb04d86542a,SRI International,https://www.sri.com/,https://careers-sri.icims.com/jobs/search?ss=1&hashed=-625949242,Title Robotics Software Engineer - II/III,https://careers-sri.icims.com/jobs/6427/robotics-software-engineer---ii-iii/job,"Manhattan, NY, United States",Manhattan,NY,United States,On-site,,,,Core Space,2026-08-14,2026-08-14,https://careers-sri.icims.com/jobs/search?ss=1&hashed=-625949242,ats_detected,5,success_after_fallback
edcb4330653b,2026-08-14,fdb04d86542a,SRI International,https://www.sri.com/,https://careers-sri.icims.com/jobs/search?ss=1&hashed=-625949242,"Title Intern, Center for Health Sciences",https://careers-sri.icims.com/jobs/6421/intern%2c-center-for-health-sciences/job,"Manhattan, NY, United States",Manhattan,NY,United States,Not specified,,,,Core Space,2026-08-14,2026-08-14,https://careers-sri.icims.com/jobs/search?ss=1&hashed=-625949242,ats_detected,5,success_after_fallback
bb16d8c25a0b,2026-08-14,fdb04d86542a,SRI International,https://www.sri.com/,https://careers-sri.icims.com/jobs/search?ss=1&hashed=-625949242,Title Test Technician,https://careers-sri.icims.com/jobs/6419/test-technician/job,"Manhattan, NY, United States",Manhattan,NY,United States,Not specified,,,,Core Space,2026-08-14,2026-08-14,https://careers-sri.icims.com/jobs/search?ss=1&hashed=-625949242,ats_detected,5,success_after_fallback
95b1d44347a2,2026-08-14,fdb04d86542a,SRI International,https://www.sri.com/,https://careers-sri.icims.com/jobs/search?ss=1&hashed=-625949242,Title Sr Research Engineer-RF,https://careers-sri.icims.com/jobs/6407/sr-research-engineer-rf/job,"Manhattan, NY, United States",Manhattan,NY,United States,Remote,,,,Core Space,2026-08-14,2026-08-14,https://careers-sri.icims.com/jobs/search?ss=1&hashed=-625949242,ats_detected,5,success_after_fallback
8135fc124960,2026-08-14,fdb04d86542a,SRI International,https://www.sri.com/,https://careers-sri.icims.com/jobs/search?ss=1&hashed=-625949242,Title Sr Research Engineer-Project Principal Investigator - RF,https://careers-sri.icims.com/jobs/6406/sr-research-engineer-project-principal-investigator---rf/job,"Manhattan, NY, United States",Manhattan,NY,United States,Remote,,,,Core Space,2026-08-14,2026-08-14,https://careers-sri.icims.com/jobs/search?ss=1&hashed=-625949242,ats_detected,5,success_after_fallback
fc661e612cd6,2026-08-14,fdb04d86542a,SRI International,https://www.sri.com/,https://careers-sri.icims.com/jobs/search?ss=1&hashed=-625949242,Title Research Engineer II/III - RF Hardware,https://careers-sri.icims.com/jobs/6405/research-engineer-ii-iii---rf-hardware/job,"Manhattan, NY, United States",Manhattan,NY,United States,Remote,,,,Core Space,2026-08-14,2026-08-14,https://careers-sri.icims.com/jobs/search?ss=1&hashed=-625949242,ats_detected,5,success_after_fallback
f5c85183bee4,2026-08-14,fdb04d86542a,SRI International,https://www.sri.com/,https://careers-sri.icims.com/jobs/search?ss=1&hashed=-625949242,Title IC Design Engineer III,https://careers-sri.icims.com/jobs/6403/ic-design-engineer-iii/job,"Manhattan, NY, United States",Manhattan,NY,United States,Not specified,,,,Core Space,2026-08-14,2026-08-14,https://careers-sri.icims.com/jobs/search?ss=1&hashed=-625949242,ats_detected,5,success_after_fallback
4a918651f386,2026-08-14,fdb04d86542a,SRI International,https://www.sri.com/,https://careers-sri.icims.com/jobs/search?ss=1&hashed=-625949242,Title Wafer Fab Process Engineer,https://careers-sri.icims.com/jobs/6395/wafer-fab-process-engineer/job,"Manhattan, NY, United States",Manhattan,NY,United States,Not specified,,,,Core Space,2026-08-14,2026-08-14,https://careers-sri.icims.com/jobs/search?ss=1&hashed=-625949242,ats_detected,5,success_after_fallback
68175f7d031c,2026-08-14,fdb04d86542a,SRI International,https://www.sri.com/,https://careers-sri.icims.com/jobs/search?ss=1&hashed=-625949242,"Title Semiconductor Equipment Technicians, Experienced - First Shift",https://careers-sri.icims.com/jobs/6392/semiconductor-equipment-technicians%2c-experienced---first-shift/job,"Manhattan, NY, United States",Manhattan,NY,United States,Not specified,,,,Core Space,2026-08-14,2026-08-14,https://careers-sri.icims.com/jobs/search?ss=1&hashed=-625949242,ats_detected,5,success_after_fallback
43d358810612,2026-08-14,fdb04d86542a,SRI International,https://www.sri.com/,https://careers-sri.icims.com/jobs/search?ss=1&hashed=-625949242,"Title Semiconductor Equipment Technicians, Experienced - First Shift",https://careers-sri.icims.com/jobs/6385/semiconductor-equipment-technicians%2c-experienced---first-shift/job,"Manhattan, NY, United States",Manhattan,NY,United States,Not specified,,,,Core Space,2026-08-14,2026-08-14,https://careers-sri.icims.com/jobs/search?ss=1&hashed=-625949242,ats_detected,5,success_after_fallback
914b84c5d97a,2026-08-14,fdb04d86542a,SRI International,https://www.sri.com/,https://careers-sri.icims.com/jobs/search?ss=1&hashed=-625949242,Title Mechanical Engineer,https://careers-sri.icims.com/jobs/6384/mechanical-engineer/job,"Manhattan, NY, United States",Manhattan,NY,United States,Not specified,,,,Core Space,2026-08-14,2026-08-14,https://careers-sri.icims.com/jobs/search?ss=1&hashed=-625949242,ats_detected,5,success_after_fallback
d06c2cd1b5a3,2026-08-14,fdb04d86542a,SRI International,https://www.sri.com/,https://careers-sri.icims.com/jobs/search?ss=1&hashed=-625949242,Title Sr Mechanical Engineer,https://careers-sri.icims.com/jobs/6383/sr-mechanical-engineer/job,"Manhattan, NY, United States",Manhattan,NY,United States,Not specified,,,,Core Space,2026-08-14,2026-08-14,https://careers-sri.icims.com/jobs/search?ss=1&hashed=-625949242,ats_detected,5,success_after_fallback
57bb35df9988,2026-08-14,fdb04d86542a,SRI International,https://www.sri.com/,https://careers-sri.icims.com/jobs/search?ss=1&hashed=-625949242,Title Sr Research Engineer-Project Principal Investigator,https://careers-sri.icims.com/jobs/6377/sr-research-engineer-project-principal-investigator/job,"Manhattan, NY, United States",Manhattan,NY,United States,Remote,,,,Core Space,2026-08-14,2026-08-14,https://careers-sri.icims.com/jobs/search?ss=1&hashed=-625949242,ats_detected,5,success_after_fallback
0bec5a533ca5,2026-08-14,fdb04d86542a,SRI International,https://www.sri.com/,https://careers-sri.icims.com/jobs/search?ss=1&hashed=-625949242,Title IC Design Engineer IV,https://careers-sri.icims.com/jobs/6367/ic-design-engineer-iv/job,"Manhattan, NY, United States",Manhattan,NY,United States,Not specified,,,,Core Space,2026-08-14,2026-08-14,https://careers-sri.icims.com/jobs/search?ss=1&hashed=-625949242,ats_detected,5,success_after_fallback
9b94ba03fc5f,2026-08-14,fdb04d86542a,SRI International,https://www.sri.com/,https://careers-sri.icims.com/jobs/search?ss=1&hashed=-625949242,Title Electronics Design Engineer,https://careers-sri.icims.com/jobs/6365/electronics-design-engineer/job,"Manhattan, NY, United States",Manhattan,NY,United States,Not specified,,,,Core Space,2026-08-14,2026-08-14,https://careers-sri.icims.com/jobs/search?ss=1&hashed=-625949242,ats_detected,5,success_after_fallback
14e6108fd230,2026-08-14,fdb04d86542a,SRI International,https://www.sri.com/,https://careers-sri.icims.com/jobs/search?ss=1&hashed=-625949242,"Title Test Engineer - Analog, ATE",https://careers-sri.icims.com/jobs/6325/test-engineer---analog%2c-ate/job,"Manhattan, NY, United States",Manhattan,NY,United States,Not specified,,,,Core Space,2026-08-14,2026-08-14,https://careers-sri.icims.com/jobs/search?ss=1&hashed=-625949242,ats_detected,5,success_after_fallback
5211adaa3359,2026-08-14,fdb04d86542a,SRI International,https://www.sri.com/,https://careers-sri.icims.com/jobs/search?ss=1&hashed=-625949242,Title Photonics Research Engineer III,https://careers-sri.icims.com/jobs/6320/photonics-research-engineer-iii/job,"Manhattan, NY, United States",Manhattan,NY,United States,On-site,,,,Core Space,2026-08-14,2026-08-14,https://careers-sri.icims.com/jobs/search?ss=1&hashed=-625949242,ats_detected,5,success_after_fallback
56a72cd45a9d,2026-08-14,fdb04d86542a,SRI International,https://www.sri.com/,https://careers-sri.icims.com/jobs/search?ss=1&hashed=-625949242,Title Postdoctoral Fellow - Applied & Computational Scientists,https://careers-sri.icims.com/jobs/6314/postdoctoral-fellow---applied-%26-computational-scientists/job,"Manhattan, NY, United States",Manhattan,NY,United States,Hybrid,,,,Core Space,2026-08-14,2026-08-14,https://careers-sri.icims.com/jobs/search?ss=1&hashed=-625949242,ats_detected,5,success_after_fallback
9dc620c5605a,2026-08-14,fdb04d86542a,SRI International,https://www.sri.com/,https://careers-sri.icims.com/jobs/search?ss=1&hashed=-625949242,Title Applied & Computational Research Scientists,https://careers-sri.icims.com/jobs/6313/applied-%26-computational-research-scientists/job,"Manhattan, NY, United States",Manhattan,NY,United States,Hybrid,,,,Core Space,2026-08-14,2026-08-14,https://careers-sri.icims.com/jobs/search?ss=1&hashed=-625949242,ats_detected,5,success_after_fallback
fc84266c0fdd,2026-08-14,fdb04d86542a,SRI International,https://www.sri.com/,https://careers-sri.icims.com/jobs/search?ss=1&hashed=-625949242,Title Manufacturing Technicians,https://careers-sri.icims.com/jobs/6254/manufacturing-technicians/job,"Manhattan, NY, United States",Manhattan,NY,United States,Not specified,,,,Core Space,2026-08-14,2026-08-14,https://careers-sri.icims.com/jobs/search?ss=1&hashed=-625949242,ats_detected,5,success_after_fallback
873b3da4120a,2026-08-14,e04ea6a314c3,Vishay Americas,https://www.vishay.com/,https://jobs.vishay.com/career-areas,Diamond Polisher Operator,https://jobs.vishay.com/jobs/diamond-polisher-operator,"Hudson, MA, United States of America",Hudson,MA,United States,Not specified,,,,Core Space,2026-08-14,2026-08-14,https://jobs.vishay.com/career-areas,linked_page,3,success_after_fallback
3e1382b76cac,2026-08-14,e04ea6a314c3,Vishay Americas,https://www.vishay.com/,https://vishay.wd3.myworkdayjobs.com/VishayCareers/job/Itzehoe-DE/XMLNAME--Junior--Controller--m-w-d-_JR-19172-1/apply,(Junior) Controller (m/w/d),https://vishay.wd3.myworkdayjobs.com/VishayCareers/job/Itzehoe-DE/XMLNAME--Junior--Controller--m-w-d-_JR-19172-1/apply,"Itzehoe, DE, Germany",Itzehoe,DE,Germany,Not specified,,,,Core Space,2026-08-14,2026-08-14,https://vishay.wd3.myworkdayjobs.com/VishayCareers/job/Itzehoe-DE/XMLNAME--Junior--Controller--m-w-d-_JR-19172-1/apply,ats_detected,3,success_after_fallback
b8c3f0a204e8,2026-08-14,e04ea6a314c3,Vishay Americas,https://www.vishay.com/,https://jobs.vishay.com/jobs/senior-hr-specialist-m-w-d,Xmlname Senior Hr Specialist M W D Jr,https://vishay.wd3.myworkdayjobs.com/VishayCareers/job/Selb-DE/XMLNAME--Senior--HR-Specialist--m-w-d-_JR-17989-1/apply,"Niagara Falls, NY, United States",Niagara Falls,NY,United States,Not specified,,,,Core Space,2026-08-14,2026-08-14,https://jobs.vishay.com/jobs/senior-hr-specialist-m-w-d,linked_page,4,success_after_fallback
2683cca29df5,2026-08-14,e04ea6a314c3,Vishay Americas,https://www.vishay.com/,https://jobs.vishay.com/jobs/senior-specialist-ehs-quality-m-w-d,Xmlname Senior Specialist Ehs Quality M W D Jr,https://vishay.wd3.myworkdayjobs.com/VishayCareers/job/Erndtebrck-DE/XMLNAME--Senior--Specialist-EHS---Quality--m-w-d-_JR-15993/apply,"Niagara Falls, NY, United States",Niagara Falls,NY,United States,Not specified,,,,Core Space,2026-08-14,2026-08-14,https://jobs.vishay.com/jobs/senior-specialist-ehs-quality-m-w-d,linked_page,4,success_after_fallback
886abad21824,2026-08-14,1c2b4e10bf58,Wallaroo AI,https://wallaroo.ai/,https://www.jobvite.com/,TA Leader,https://www.jobvite.com/solutions/role/talent-acquisition-leader,"Manhattan, NY, United States",Manhattan,NY,United States,Not specified,,,,Core Space,2026-08-14,2026-08-14,https://www.jobvite.com/,ats_detected,4,success_after_fallback
fcec0899c79f,2026-08-14,1c2b4e10bf58,Wallaroo AI,https://wallaroo.ai/,https://www.jobvite.com/,HR Leader,https://www.jobvite.com/solutions/role/hr-leader,"Manhattan, NY, United States",Manhattan,NY,United States,Not specified,,,,Core Space,2026-08-14,2026-08-14,https://www.jobvite.com/,ats_detected,4,success_after_fallback
bc3248fdbd4f,2026-08-14,1c2b4e10bf58,Wallaroo AI,https://wallaroo.ai/,https://www.jobvite.com/,IT Manager,https://www.jobvite.com/solutions/role/it,"Manhattan, NY, United States",Manhattan,NY,United States,Not specified,,,,Core Space,2026-08-14,2026-08-14,https://www.jobvite.com/,ats_detected,4,success_after_fallback
