job_id,snapshot_date,company_id,company_name,company_website,careers_url,job_title,job_url,location,city,state,country,remote,salary_min,salary_max,department,category,date_found,last_seen_at,source_url,discovery_method,job_confidence_score,status
1825ecf3f257,2026-08-20,a3c0ab6694be,Bluefors Inc.,https://bluefors.com/,https://careers.bluefors.com/jobs/8237894-job-fair-8-27-2026,Job Fair 8/27/2026,https://careers.bluefors.com/jobs/8237894-job-fair-8-27-2026,"Syracuse, NY, United States",Syracuse,NY,United States,Not specified,,,,Core Space,2026-08-20,2026-08-20,https://careers.bluefors.com/jobs/8237894-job-fair-8-27-2026,linked_page,3,success_after_fallback
64cb776284e0,2026-08-20,a3c0ab6694be,Bluefors Inc.,https://bluefors.com/,https://careers.bluefors.com/jobs,Operations and Supply Chain,https://careers.bluefors.com/jobs/8241888-strategic-buyer,"Syracuse, NY, United States",Syracuse,NY,United States,Not specified,,,,Core Space,2026-08-20,2026-08-20,https://careers.bluefors.com/jobs,linked_page,4,success_after_fallback
8acad2b94319,2026-08-20,a3c0ab6694be,Bluefors Inc.,https://bluefors.com/,https://careers.bluefors.com/jobs,Shipping Coordinator,https://careers.bluefors.com/jobs/8237875-shipping-coordinator,"Syracuse, NY, United States",Syracuse,NY,United States,Not specified,,,,Core Space,2026-08-20,2026-08-20,https://careers.bluefors.com/jobs,linked_page,4,success_after_fallback
30f6f44e3b72,2026-08-20,a3c0ab6694be,Bluefors Inc.,https://bluefors.com/,https://careers.bluefors.com/jobs,Technical Sales Manager,https://careers.bluefors.com/jobs/8231513-technical-sales-manager,"Syracuse, NY, United States",Syracuse,NY,United States,Not specified,,,,Core Space,2026-08-20,2026-08-20,https://careers.bluefors.com/jobs,linked_page,4,success_after_fallback
57a0dbfdc8e4,2026-08-20,a3c0ab6694be,Bluefors Inc.,https://bluefors.com/,https://careers.bluefors.com/jobs,Accounting Associate,https://careers.bluefors.com/jobs/8224975-accounting-associate,"Syracuse, NY, United States",Syracuse,NY,United States,Not specified,,,,Core Space,2026-08-20,2026-08-20,https://careers.bluefors.com/jobs,linked_page,4,success_after_fallback
54ff67f5275f,2026-08-20,a3c0ab6694be,Bluefors Inc.,https://bluefors.com/,https://careers.bluefors.com/jobs,Manufacturing Associate: BTA Assembler,https://careers.bluefors.com/jobs/8190303-manufacturing-associate-bta-assembler,"Syracuse, NY, United States",Syracuse,NY,United States,Not specified,,,,Core Space,2026-08-20,2026-08-20,https://careers.bluefors.com/jobs,linked_page,4,success_after_fallback
5bc16c4b4fe7,2026-08-20,a3c0ab6694be,Bluefors Inc.,https://bluefors.com/,https://careers.bluefors.com/jobs,Manufacturing Associate: Compressor Assembly,https://careers.bluefors.com/jobs/8190267-manufacturing-associate-compressor-assembly,"Syracuse, NY, United States",Syracuse,NY,United States,Not specified,,,,Core Space,2026-08-20,2026-08-20,https://careers.bluefors.com/jobs,linked_page,4,success_after_fallback
3c8f7f752242,2026-08-20,a3c0ab6694be,Bluefors Inc.,https://bluefors.com/,https://careers.bluefors.com/jobs,R&D and Engineering,https://careers.bluefors.com/jobs/8190250-toolmaker,"Syracuse, NY, United States",Syracuse,NY,United States,Not specified,,,,Core Space,2026-08-20,2026-08-20,https://careers.bluefors.com/jobs,linked_page,4,success_after_fallback
ffc0f9c180a3,2026-08-20,a3c0ab6694be,Bluefors Inc.,https://bluefors.com/,https://careers.bluefors.com/jobs,"Installation Field Service Technician, East Coast",https://careers.bluefors.com/jobs/8126332-installation-field-service-technician-east-coast,"Syracuse, NY, United States",Syracuse,NY,United States,Not specified,,,,Core Space,2026-08-20,2026-08-20,https://careers.bluefors.com/jobs,linked_page,4,success_after_fallback
9e98d837473e,2026-08-20,a3c0ab6694be,Bluefors Inc.,https://bluefors.com/,https://careers.bluefors.com/jobs,"Installation Field Service Technician , West Coast",https://careers.bluefors.com/jobs/8126326-installation-field-service-technician-west-coast,"Syracuse, NY, United States",Syracuse,NY,United States,Not specified,,,,Core Space,2026-08-20,2026-08-20,https://careers.bluefors.com/jobs,linked_page,4,success_after_fallback
bc981d860b12,2026-08-20,a3c0ab6694be,Bluefors Inc.,https://bluefors.com/,https://careers.bluefors.com/jobs,Legal Analyst,https://careers.bluefors.com/jobs/8110901-legal-analyst,"Syracuse, NY, United States",Syracuse,NY,United States,Not specified,,,,Core Space,2026-08-20,2026-08-20,https://careers.bluefors.com/jobs,linked_page,4,success_after_fallback
274cf5aedd27,2026-08-20,a3c0ab6694be,Bluefors Inc.,https://bluefors.com/,https://careers.bluefors.com/jobs,Technical Service Manager,https://careers.bluefors.com/jobs/8060586-technical-service-manager,"Syracuse, NY, United States",Syracuse,NY,United States,Not specified,,,,Core Space,2026-08-20,2026-08-20,https://careers.bluefors.com/jobs,linked_page,4,success_after_fallback
4fc21f16dc33,2026-08-20,a3c0ab6694be,Bluefors Inc.,https://bluefors.com/,https://careers.bluefors.com/jobs,Cryogenic R&D Engineer,https://careers.bluefors.com/jobs/8055772-cryogenic-r-d-engineer,"Syracuse, NY, United States",Syracuse,NY,United States,Not specified,,,,Core Space,2026-08-20,2026-08-20,https://careers.bluefors.com/jobs,linked_page,4,success_after_fallback
7b0634e138bf,2026-08-20,a3c0ab6694be,Bluefors Inc.,https://bluefors.com/,https://careers.bluefors.com/jobs,"Account Manager, Growth Accounts",https://careers.bluefors.com/jobs/8040781-account-manager-growth-accounts,"Syracuse, NY, United States",Syracuse,NY,United States,Remote,,,,Core Space,2026-08-20,2026-08-20,https://careers.bluefors.com/jobs,linked_page,4,success_after_fallback
a0d3ae9e0eb4,2026-08-20,a3c0ab6694be,Bluefors Inc.,https://bluefors.com/,https://careers.bluefors.com/jobs,CNC Operator I,https://careers.bluefors.com/jobs/7938132-cnc-operator-i,"Syracuse, NY, United States",Syracuse,NY,United States,Not specified,,,,Core Space,2026-08-20,2026-08-20,https://careers.bluefors.com/jobs,linked_page,4,success_after_fallback
e5ea58cca7b6,2026-08-20,a3c0ab6694be,Bluefors Inc.,https://bluefors.com/,https://careers.bluefors.com/jobs,Service Engineer,https://careers.bluefors.com/jobs/7874628-service-engineer,"Syracuse, NY, United States",Syracuse,NY,United States,Not specified,,,,Core Space,2026-08-20,2026-08-20,https://careers.bluefors.com/jobs,linked_page,4,success_after_fallback
7fdda253c106,2026-08-20,a3c0ab6694be,Bluefors Inc.,https://bluefors.com/,https://careers.bluefors.com/jobs,Business Development Specialist,https://careers.bluefors.com/jobs/7752465-business-development-specialist,"Syracuse, NY, United States",Syracuse,NY,United States,Not specified,,,,Core Space,2026-08-20,2026-08-20,https://careers.bluefors.com/jobs,linked_page,4,success_after_fallback
f02437780332,2026-08-20,a3c0ab6694be,Bluefors Inc.,https://bluefors.com/,https://careers.bluefors.com/jobs,Resident Cryogenic Engineer,https://careers.bluefors.com/jobs/7707351-resident-cryogenic-engineer,"Syracuse, NY, United States",Syracuse,NY,United States,Not specified,,,,Core Space,2026-08-20,2026-08-20,https://careers.bluefors.com/jobs,linked_page,4,success_after_fallback
da03c9b935ec,2026-08-20,a3c0ab6694be,Bluefors Inc.,https://bluefors.com/,https://careers.bluefors.com/jobs,Cryo Engineer,https://careers.bluefors.com/jobs/7677576-cryo-engineer,Hybrid,,,,Hybrid,,,,Core Space,2026-08-20,2026-08-20,https://careers.bluefors.com/jobs,linked_page,4,success_after_fallback
a414449d1e04,2026-08-20,a3c0ab6694be,Bluefors Inc.,https://bluefors.com/,https://careers.bluefors.com/jobs,Technical Sales Lead,https://careers.bluefors.com/jobs/7618377-technical-sales-lead,"Syracuse, NY, United States",Syracuse,NY,United States,Remote,,,,Core Space,2026-08-20,2026-08-20,https://careers.bluefors.com/jobs,linked_page,4,success_after_fallback
44b6c278841b,2026-08-20,49a10cfcff0c,AIP Publishing,https://publishing.aip.org/,https://job-boards.greenhouse.io/aippublishing,Cloud Infrastructure Engineer,https://job-boards.greenhouse.io/aippublishing/jobs/6144177004,"Remote - NY, NJ, CT, MD, VA, PA, MA, RI or Washington, DC",Remote - NY,NJ,United States,Remote,,,,Core Space,2026-08-20,2026-08-20,https://job-boards.greenhouse.io/aippublishing,known_careers_url,5,success
1a3ad1837653,2026-08-20,0c237be7f93d,Applied Visions,https://www.avi.com/,https://app.trinethire.com/companies/1321-the-applied-visions-companies-applied-visions-software-design-solutions/jobs,Electrical Engineer,https://app.trinethire.com/companies/1321-applied-visions-software-design-solutions/jobs/121839-electrical-engineer,"Clifton Park, NY, United States",Clifton Park,NY,United States,Not specified,,,,Aerospace,2026-08-20,2026-08-20,https://app.trinethire.com/companies/1321-the-applied-visions-companies-applied-visions-software-design-solutions/jobs,linked_page,4,success_after_fallback
cb371e86cd3d,2026-08-20,0c237be7f93d,Applied Visions,https://www.avi.com/,https://app.trinethire.com/companies/1321-the-applied-visions-companies-applied-visions-software-design-solutions/jobs,Director of Engineering,https://app.trinethire.com/companies/1321-applied-visions-software-design-solutions/jobs/118815-director-of-engineering,"Clifton Park, NY, United States",Clifton Park,NY,United States,Not specified,,,,Aerospace,2026-08-20,2026-08-20,https://app.trinethire.com/companies/1321-the-applied-visions-companies-applied-visions-software-design-solutions/jobs,linked_page,4,success_after_fallback
61417aaf893b,2026-08-20,0c237be7f93d,Applied Visions,https://www.avi.com/,https://app.trinethire.com/companies/1321-the-applied-visions-companies-applied-visions-software-design-solutions/jobs,Director of Product Management,https://app.trinethire.com/companies/1321-applied-visions-software-design-solutions/jobs/120485-director-of-product-management,"Clifton Park, NY, United States",Clifton Park,NY,United States,Not specified,,,,Aerospace,2026-08-20,2026-08-20,https://app.trinethire.com/companies/1321-the-applied-visions-companies-applied-visions-software-design-solutions/jobs,linked_page,4,success_after_fallback
0ac45e64ecd0,2026-08-20,0c237be7f93d,Applied Visions,https://www.avi.com/,https://app.trinethire.com/companies/1321-the-applied-visions-companies-applied-visions-software-design-solutions/jobs,Applied Visions Software Design Solutions,https://app.trinethire.com/companies/1321-applied-visions-software-design-solutions/jobs/120013-machinist-prototype-machining-3-month-contract,"Clifton Park, NY, United States",Clifton Park,NY,United States,Not specified,,,,Aerospace,2026-08-20,2026-08-20,https://app.trinethire.com/companies/1321-the-applied-visions-companies-applied-visions-software-design-solutions/jobs,linked_page,4,success_after_fallback
873a8c5d3c48,2026-08-20,405cf37b5e7d,Arkwin Industries,https://www.arkwin.com/,https://www.arkwin.com/job/senior-design-engineer-3,Senior Design Engineer,https://www.arkwin.com/job/senior-design-engineer-3,"Bethpage, NY",Bethpage,NY,United States,Not specified,,,,Space & Defense,2026-08-20,2026-08-20,https://www.arkwin.com/job/senior-design-engineer-3,linked_page,3,success_after_fallback
973ecca02f98,2026-08-20,405cf37b5e7d,Arkwin Industries,https://www.arkwin.com/,https://www.arkwin.com/job/quality-engineer-2,Quality Engineer,https://www.arkwin.com/job/quality-engineer-2,"Bethpage, NY",Bethpage,NY,United States,Not specified,,,,Space & Defense,2026-08-20,2026-08-20,https://www.arkwin.com/job/quality-engineer-2,linked_page,3,success_after_fallback
27443147dc30,2026-08-20,405cf37b5e7d,Arkwin Industries,https://www.arkwin.com/,https://www.arkwin.com/job/business-development-manager,Business Development Manager,https://www.arkwin.com/job/business-development-manager,"Bethpage, NY",Bethpage,NY,United States,Not specified,,,,Space & Defense,2026-08-20,2026-08-20,https://www.arkwin.com/job/business-development-manager,linked_page,3,success_after_fallback
f398e8e870ff,2026-08-20,405cf37b5e7d,Arkwin Industries,https://www.arkwin.com/,https://www.arkwin.com/job/business-unit-manager-4,Business Unit Manager,https://www.arkwin.com/job/business-unit-manager-4,"Bethpage, NY",Bethpage,NY,United States,Not specified,,,,Space & Defense,2026-08-20,2026-08-20,https://www.arkwin.com/job/business-unit-manager-4,linked_page,3,success_after_fallback
8dda5fe97d2c,2026-08-20,405cf37b5e7d,Arkwin Industries,https://www.arkwin.com/,https://www.arkwin.com/job/customer-account-manager-9,Customer Account Manager,https://www.arkwin.com/job/customer-account-manager-9,"Bethpage, NY",Bethpage,NY,United States,Not specified,,,,Space & Defense,2026-08-20,2026-08-20,https://www.arkwin.com/job/customer-account-manager-9,linked_page,3,success_after_fallback
d9d06315290c,2026-08-20,f7b8731a7e71,ASR International,https://www.asrintl.com/,https://asrinternationalcorp.applytojob.com/apply/jobs,Configuration Manager,https://asrinternationalcorp.applytojob.com/apply/jobs/details/8P5k3ffLoW,"MacDill AFB, FL",MacDill AFB,FL,United States,Not specified,,,,Space & Defense,2026-08-20,2026-08-20,https://asrinternationalcorp.applytojob.com/apply/jobs,known_careers_url,4,success
1607117b0a47,2026-08-20,f7b8731a7e71,ASR International,https://www.asrintl.com/,https://asrinternationalcorp.applytojob.com/apply/jobs,IT Asset Manager,https://asrinternationalcorp.applytojob.com/apply/jobs/details/VzwN3Vnbws,"MacDill AFB, FL",MacDill AFB,FL,United States,Not specified,,,,Space & Defense,2026-08-20,2026-08-20,https://asrinternationalcorp.applytojob.com/apply/jobs,known_careers_url,4,success
04099190582d,2026-08-20,f7b8731a7e71,ASR International,https://www.asrintl.com/,https://asrinternationalcorp.applytojob.com/apply/jobs,Senior Configuration Manager,https://asrinternationalcorp.applytojob.com/apply/jobs/details/R8fgQykTyg,"MacDill AFB, FL",MacDill AFB,FL,United States,Not specified,,,,Space & Defense,2026-08-20,2026-08-20,https://asrinternationalcorp.applytojob.com/apply/jobs,known_careers_url,4,success
26c8fc694e6b,2026-08-20,f7b8731a7e71,ASR International,https://www.asrintl.com/,https://asrinternationalcorp.applytojob.com/apply/jobs,Civil Engineer,https://asrinternationalcorp.applytojob.com/apply/jobs/details/4EwkxN1ubg,"Silverdale, WA",Silverdale,WA,United States,Not specified,,,,Space & Defense,2026-08-20,2026-08-20,https://asrinternationalcorp.applytojob.com/apply/jobs,known_careers_url,4,success
2197f386d265,2026-08-20,f7b8731a7e71,ASR International,https://www.asrintl.com/,https://asrinternationalcorp.applytojob.com/apply/jobs,Electrical Engineer,https://asrinternationalcorp.applytojob.com/apply/jobs/details/ZLuDtwfZhZ,"Silverdale, WA",Silverdale,WA,United States,Not specified,,,,Space & Defense,2026-08-20,2026-08-20,https://asrinternationalcorp.applytojob.com/apply/jobs,known_careers_url,4,success
96cc8aca75f1,2026-08-20,f7b8731a7e71,ASR International,https://www.asrintl.com/,https://asrinternationalcorp.applytojob.com/apply/jobs,Fire Protection Engineer,https://asrinternationalcorp.applytojob.com/apply/jobs/details/AbPsOo11Oe,"Silverdale, WA",Silverdale,WA,United States,Not specified,,,,Space & Defense,2026-08-20,2026-08-20,https://asrinternationalcorp.applytojob.com/apply/jobs,known_careers_url,4,success
3877182c7709,2026-08-20,f7b8731a7e71,ASR International,https://www.asrintl.com/,https://asrinternationalcorp.applytojob.com/apply/jobs,Geotechnical Engineer,https://asrinternationalcorp.applytojob.com/apply/jobs/details/iyeZrOpeMV,"Silverdale, WA",Silverdale,WA,United States,Not specified,,,,Space & Defense,2026-08-20,2026-08-20,https://asrinternationalcorp.applytojob.com/apply/jobs,known_careers_url,4,success
e7579b5a575e,2026-08-20,f7b8731a7e71,ASR International,https://www.asrintl.com/,https://asrinternationalcorp.applytojob.com/apply/jobs,Interior Designer,https://asrinternationalcorp.applytojob.com/apply/jobs/details/U8rduUxF8h,"Silverdale, WA",Silverdale,WA,United States,Not specified,,,,Space & Defense,2026-08-20,2026-08-20,https://asrinternationalcorp.applytojob.com/apply/jobs,known_careers_url,4,success
3d39b6753765,2026-08-20,f7b8731a7e71,ASR International,https://www.asrintl.com/,https://asrinternationalcorp.applytojob.com/apply/jobs,Mechanical Engineer,https://asrinternationalcorp.applytojob.com/apply/jobs/details/uzScG4So4o,"Silverdale, WA",Silverdale,WA,United States,Not specified,,,,Space & Defense,2026-08-20,2026-08-20,https://asrinternationalcorp.applytojob.com/apply/jobs,known_careers_url,4,success
16f02b522c48,2026-08-20,f7b8731a7e71,ASR International,https://www.asrintl.com/,https://asrinternationalcorp.applytojob.com/apply/jobs,Program / Data Analyst,https://asrinternationalcorp.applytojob.com/apply/jobs/details/kJ6JG8cPbt,"Silverdale, WA",Silverdale,WA,United States,Not specified,,,,Space & Defense,2026-08-20,2026-08-20,https://asrinternationalcorp.applytojob.com/apply/jobs,known_careers_url,4,success
025d5c4b4032,2026-08-20,f7b8731a7e71,ASR International,https://www.asrintl.com/,https://asrinternationalcorp.applytojob.com/apply/jobs,Structural Engineer,https://asrinternationalcorp.applytojob.com/apply/jobs/details/Sg497yjGBO,"Silverdale, WA",Silverdale,WA,United States,Not specified,,,,Space & Defense,2026-08-20,2026-08-20,https://asrinternationalcorp.applytojob.com/apply/jobs,known_careers_url,4,success
778e8d015845,2026-08-20,f7b8731a7e71,ASR International,https://www.asrintl.com/,https://asrinternationalcorp.applytojob.com/apply/jobs,Project Management Support Analyst – Journeyman (Technology Transfer Emphasis),https://asrinternationalcorp.applytojob.com/apply/jobs/details/o4NNvb5vRq,"Ft. Eustis, VA",Ft. Eustis,VA,United States,Not specified,,,,Space & Defense,2026-08-20,2026-08-20,https://asrinternationalcorp.applytojob.com/apply/jobs,known_careers_url,4,success
de843168e0ac,2026-08-20,f7b8731a7e71,ASR International,https://www.asrintl.com/,https://asrinternationalcorp.applytojob.com/apply/jobs,Project Management Support Analyst – Senior (Technology Transfer Emphasis),https://asrinternationalcorp.applytojob.com/apply/jobs/details/jREvUFGFhX,"Ft. Eustis, VA",Ft. Eustis,VA,United States,Not specified,,,,Space & Defense,2026-08-20,2026-08-20,https://asrinternationalcorp.applytojob.com/apply/jobs,known_careers_url,4,success
2113fff94821,2026-08-20,f7b8731a7e71,ASR International,https://www.asrintl.com/,https://asrinternationalcorp.applytojob.com/apply/jobs,Quality Engineer – Senior,https://asrinternationalcorp.applytojob.com/apply/jobs/details/O1TtOTGlaz,"Ft. Eustis, VA",Ft. Eustis,VA,United States,Not specified,,,,Space & Defense,2026-08-20,2026-08-20,https://asrinternationalcorp.applytojob.com/apply/jobs,known_careers_url,4,success
0f6918bc97ee,2026-08-20,f7b8731a7e71,ASR International,https://www.asrintl.com/,https://asrinternationalcorp.applytojob.com/apply/jobs,Mission Systems Engineer – Journeyman,https://asrinternationalcorp.applytojob.com/apply/jobs/details/c4WGmOl18t,"FT Eustis, VA",FT Eustis,VA,United States,Not specified,,,,Space & Defense,2026-08-20,2026-08-20,https://asrinternationalcorp.applytojob.com/apply/jobs,known_careers_url,4,success
78ae81bbeb08,2026-08-20,f7b8731a7e71,ASR International,https://www.asrintl.com/,https://asrinternationalcorp.applytojob.com/apply/jobs,Mission Systems Engineer – Senior,https://asrinternationalcorp.applytojob.com/apply/jobs/details/TCsNE28jd7,"Ft Eustis, VA",Ft Eustis,VA,United States,Not specified,,,,Space & Defense,2026-08-20,2026-08-20,https://asrinternationalcorp.applytojob.com/apply/jobs,known_careers_url,4,success
b28cd5fe2d36,2026-08-20,f7b8731a7e71,ASR International,https://www.asrintl.com/,https://asrinternationalcorp.applytojob.com/apply/jobs,Software/Instrumentation Engineer – Senior,https://asrinternationalcorp.applytojob.com/apply/jobs/details/svW7hSQDRk,"Ft. Eustis, VA",Ft. Eustis,VA,United States,Not specified,,,,Space & Defense,2026-08-20,2026-08-20,https://asrinternationalcorp.applytojob.com/apply/jobs,known_careers_url,4,success
794e5fd2ee98,2026-08-20,f7b8731a7e71,ASR International,https://www.asrintl.com/,https://asrinternationalcorp.applytojob.com/apply/jobs,Aerospace/Mechanical Engineer – Senior,https://asrinternationalcorp.applytojob.com/apply/jobs/details/SIuDj4Vi9e,"Ft Eustis, VA",Ft Eustis,VA,United States,Not specified,,,,Space & Defense,2026-08-20,2026-08-20,https://asrinternationalcorp.applytojob.com/apply/jobs,known_careers_url,4,success
bb6af9664be0,2026-08-20,f7b8731a7e71,ASR International,https://www.asrintl.com/,https://asrinternationalcorp.applytojob.com/apply/jobs,Electrical Designer - Junior,https://asrinternationalcorp.applytojob.com/apply/jobs/details/qB5bNh92Dr,"Ft Eustis, VA",Ft Eustis,VA,United States,Not specified,,,,Space & Defense,2026-08-20,2026-08-20,https://asrinternationalcorp.applytojob.com/apply/jobs,known_careers_url,4,success
e9109639218f,2026-08-20,f7b8731a7e71,ASR International,https://www.asrintl.com/,https://asrinternationalcorp.applytojob.com/apply/jobs,Electrical Designer – Journeyman,https://asrinternationalcorp.applytojob.com/apply/jobs/details/lepUyRrPLf,"Ft Eustis, VA",Ft Eustis,VA,United States,Not specified,,,,Space & Defense,2026-08-20,2026-08-20,https://asrinternationalcorp.applytojob.com/apply/jobs,known_careers_url,4,success
f65fd95fd4c9,2026-08-20,f7b8731a7e71,ASR International,https://www.asrintl.com/,https://asrinternationalcorp.applytojob.com/apply/jobs,Electrical Designer – Senior,https://asrinternationalcorp.applytojob.com/apply/jobs/details/C7OvYF6zxZ,"Ft Eustis, VA",Ft Eustis,VA,United States,Not specified,,,,Space & Defense,2026-08-20,2026-08-20,https://asrinternationalcorp.applytojob.com/apply/jobs,known_careers_url,4,success
da2c0b099916,2026-08-20,f7b8731a7e71,ASR International,https://www.asrintl.com/,https://asrinternationalcorp.applytojob.com/apply/jobs,Electrical Engineer – Journeyman,https://asrinternationalcorp.applytojob.com/apply/jobs/details/axPdvRIt75,"Ft. Eustis, VA",Ft. Eustis,VA,United States,Not specified,,,,Space & Defense,2026-08-20,2026-08-20,https://asrinternationalcorp.applytojob.com/apply/jobs,known_careers_url,4,success
dcb7ff9815ca,2026-08-20,f7b8731a7e71,ASR International,https://www.asrintl.com/,https://asrinternationalcorp.applytojob.com/apply/jobs,Electrical Engineer – Senior,https://asrinternationalcorp.applytojob.com/apply/jobs/details/Cf3Kt3viKM,"Ft. Eustis, VA",Ft. Eustis,VA,United States,Not specified,,,,Space & Defense,2026-08-20,2026-08-20,https://asrinternationalcorp.applytojob.com/apply/jobs,known_careers_url,4,success
f591753ac2da,2026-08-20,f7b8731a7e71,ASR International,https://www.asrintl.com/,https://asrinternationalcorp.applytojob.com/apply/jobs,Mechanical Designer – Journeyman,https://asrinternationalcorp.applytojob.com/apply/jobs/details/QE5UebMfWm,"Ft. Eustis, VA",Ft. Eustis,VA,United States,Not specified,,,,Space & Defense,2026-08-20,2026-08-20,https://asrinternationalcorp.applytojob.com/apply/jobs,known_careers_url,4,success
9915d007e5a1,2026-08-20,f7b8731a7e71,ASR International,https://www.asrintl.com/,https://asrinternationalcorp.applytojob.com/apply/jobs,Mechanical Designer – Senior,https://asrinternationalcorp.applytojob.com/apply/jobs/details/VAAYzb2jz6,"Ft. Eustis, VA",Ft. Eustis,VA,United States,Not specified,,,,Space & Defense,2026-08-20,2026-08-20,https://asrinternationalcorp.applytojob.com/apply/jobs,known_careers_url,4,success
1af5e2dd5580,2026-08-20,f7b8731a7e71,ASR International,https://www.asrintl.com/,https://asrinternationalcorp.applytojob.com/apply/jobs,Warehouse Associate,https://asrinternationalcorp.applytojob.com/apply/jobs/details/Sz0qmFohHe,"Minden, NV",Minden,NV,United States,Not specified,,,,Space & Defense,2026-08-20,2026-08-20,https://asrinternationalcorp.applytojob.com/apply/jobs,known_careers_url,4,success
478cb95642ea,2026-08-20,f7b8731a7e71,ASR International,https://www.asrintl.com/,https://asrinternationalcorp.applytojob.com/apply/jobs,Human Resources Specialist,https://asrinternationalcorp.applytojob.com/apply/jobs/details/pGDEb7m4z4,"Hauppauge, NY",Hauppauge,NY,United States,Not specified,,,,Space & Defense,2026-08-20,2026-08-20,https://asrinternationalcorp.applytojob.com/apply/jobs,known_careers_url,4,success
405bd4c10310,2026-08-20,f7b8731a7e71,ASR International,https://www.asrintl.com/,https://asrinternationalcorp.applytojob.com/apply/jobs,Corporate Benefits and Insurance Manager,https://asrinternationalcorp.applytojob.com/apply/jobs/details/NRNvvkf9zF,"Hauppauge, NY",Hauppauge,NY,United States,Not specified,,,,Space & Defense,2026-08-20,2026-08-20,https://asrinternationalcorp.applytojob.com/apply/jobs,known_careers_url,4,success
918dc8cfd88d,2026-08-20,f7b8731a7e71,ASR International,https://www.asrintl.com/,https://asrinternationalcorp.applytojob.com/apply/jobs,Recruiter (Government Contracting),https://asrinternationalcorp.applytojob.com/apply/jobs/details/nnRyvfnb08,"Hauppauge, NY",Hauppauge,NY,United States,Not specified,,,,Space & Defense,2026-08-20,2026-08-20,https://asrinternationalcorp.applytojob.com/apply/jobs,known_careers_url,4,success
c92c38fcccb8,2026-08-20,f7b8731a7e71,ASR International,https://www.asrintl.com/,https://asrinternationalcorp.applytojob.com/apply/jobs,"ADMINSTRATIVE ASSISTANT - ASR Corporate Office, Hauppauge, New York",https://asrinternationalcorp.applytojob.com/apply/jobs/details/oSYUcKaGm7,"Haupppauge, NY",Haupppauge,NY,United States,Not specified,,,,Space & Defense,2026-08-20,2026-08-20,https://asrinternationalcorp.applytojob.com/apply/jobs,known_careers_url,4,success
b3dd33f23140,2026-08-20,f7b8731a7e71,ASR International,https://www.asrintl.com/,https://asrinternationalcorp.applytojob.com/apply/jobs,Warehouse Operations Support,https://asrinternationalcorp.applytojob.com/apply/jobs/details/r9UREC7YrW,"Port Hueneme, CA",Port Hueneme,CA,United States,Not specified,,,,Space & Defense,2026-08-20,2026-08-20,https://asrinternationalcorp.applytojob.com/apply/jobs,known_careers_url,4,success
a6b87e15bfc2,2026-08-20,f7b8731a7e71,ASR International,https://www.asrintl.com/,https://asrinternationalcorp.applytojob.com/apply/jobs,Engineering Technical/Proposal Writer - Entry Level,https://asrinternationalcorp.applytojob.com/apply/jobs/details/XBSGZgZv0y,"Hauppauge, NY",Hauppauge,NY,United States,Not specified,,,,Space & Defense,2026-08-20,2026-08-20,https://asrinternationalcorp.applytojob.com/apply/jobs,known_careers_url,4,success
35405d1364a6,2026-08-20,f7b8731a7e71,ASR International,https://www.asrintl.com/,https://asrinternationalcorp.applytojob.com/apply/jobs,Jr. Contract Analyst/Admin,https://asrinternationalcorp.applytojob.com/apply/jobs/details/xgnxrAysaC,"Hauppauge, NY",Hauppauge,NY,United States,Not specified,,,,Space & Defense,2026-08-20,2026-08-20,https://asrinternationalcorp.applytojob.com/apply/jobs,known_careers_url,4,success
c5a1b86385bc,2026-08-20,f7b8731a7e71,ASR International,https://www.asrintl.com/,https://asrinternationalcorp.applytojob.com/apply/jobs,Construction Management Support/Field Engineer,https://asrinternationalcorp.applytojob.com/apply/jobs/details/GnwewXo9mw,"Bremerton, WA",Bremerton,WA,United States,Not specified,,,,Space & Defense,2026-08-20,2026-08-20,https://asrinternationalcorp.applytojob.com/apply/jobs,known_careers_url,4,success
061c23000c12,2026-08-20,f7b8731a7e71,ASR International,https://www.asrintl.com/,https://asrinternationalcorp.applytojob.com/apply/jobs,Project Field Engineer,https://asrinternationalcorp.applytojob.com/apply/jobs/details/ykZ3eXeJqr,"Bremerton, WA",Bremerton,WA,United States,Not specified,,,,Space & Defense,2026-08-20,2026-08-20,https://asrinternationalcorp.applytojob.com/apply/jobs,known_careers_url,4,success
e0ea4168ace7,2026-08-20,f7b8731a7e71,ASR International,https://www.asrintl.com/,https://asrinternationalcorp.applytojob.com/apply/jobs,Construction Inspector/Engineering Technician,https://asrinternationalcorp.applytojob.com/apply/jobs/details/ZszfKDngfY,"Pensacola, FL",Pensacola,FL,United States,Not specified,,,,Space & Defense,2026-08-20,2026-08-20,https://asrinternationalcorp.applytojob.com/apply/jobs,known_careers_url,4,success
0fd58b762edd,2026-08-20,f7b8731a7e71,ASR International,https://www.asrintl.com/,https://asrinternationalcorp.applytojob.com/apply/jobs,Construction Management / Surveillance Engineer (CSE),https://asrinternationalcorp.applytojob.com/apply/jobs/details/ufpzVPyALE,"Pensacola, FL",Pensacola,FL,United States,Not specified,,,,Space & Defense,2026-08-20,2026-08-20,https://asrinternationalcorp.applytojob.com/apply/jobs,known_careers_url,4,success
e9ed9835b461,2026-08-20,f7b8731a7e71,ASR International,https://www.asrintl.com/,https://asrinternationalcorp.applytojob.com/apply/jobs,Pricing/Cost Analyst - Labor (ENTRY Level),https://asrinternationalcorp.applytojob.com/apply/jobs/details/zR8MbQsjSp,"Hauppauge, NY",Hauppauge,NY,United States,Not specified,,,,Space & Defense,2026-08-20,2026-08-20,https://asrinternationalcorp.applytojob.com/apply/jobs,known_careers_url,4,success
423b471a3ec1,2026-08-20,b00ce903c871,Boeing,https://www.boeing.com/resources/boeingdotcom/government-operations/state_cards/Card_NY.pdf,https://jobs.boeing.com/,Marketing & Sales Rep - Vertical Lift Sales Lead,https://jobs.boeing.com/job/bristol/marketing-and-sales-rep-vertical-lift-sales-lead/185/99156528832,"Bristol, United Kingdom",Bristol,,United Kingdom,Not specified,,,,Aerospace,2026-08-20,2026-08-20,https://jobs.boeing.com/,known_careers_url,4,success
c49e17b59a4c,2026-08-20,b00ce903c871,Boeing,https://www.boeing.com/resources/boeingdotcom/government-operations/state_cards/Card_NY.pdf,https://jobs.boeing.com/,Contracts Specialist,https://jobs.boeing.com/job/brisbane/contracts-specialist/185/99478829216,"Brisbane, Australia",Brisbane,,Australia,Not specified,,,,Aerospace,2026-08-20,2026-08-20,https://jobs.boeing.com/,known_careers_url,4,success
3b72bbbf47a3,2026-08-20,b00ce903c871,Boeing,https://www.boeing.com/resources/boeingdotcom/government-operations/state_cards/Card_NY.pdf,https://jobs.boeing.com/cybersecurity-careers,Cybersecurity Analyst - Product Security,https://jobs.boeing.com/job/aurora/cybersecurity-analyst-product-security/185/93778184640,"Aurora, Colorado, United States; and other locations",Aurora,CO,United States,Not specified,,,,Aerospace,2026-08-20,2026-08-20,https://jobs.boeing.com/cybersecurity-careers,linked_page,4,success_after_fallback
4dacf6cfdc2a,2026-08-20,b00ce903c871,Boeing,https://www.boeing.com/resources/boeingdotcom/government-operations/state_cards/Card_NY.pdf,https://jobs.boeing.com/cybersecurity-careers,Cyber Security Specialist,https://jobs.boeing.com/job/brisbane/cyber-security-specialist/185/97168971856,"Brisbane, Australia",Brisbane,,Australia,Not specified,,,,Aerospace,2026-08-20,2026-08-20,https://jobs.boeing.com/cybersecurity-careers,linked_page,4,success_after_fallback
045d0b4931d2,2026-08-20,b00ce903c871,Boeing,https://www.boeing.com/resources/boeingdotcom/government-operations/state_cards/Card_NY.pdf,https://jobs.boeing.com/cybersecurity-careers,Corporate Cybersecurity Analyst – Millennium Space Systems,https://jobs.boeing.com/job/el-segundo/corporate-cybersecurity-analyst-millennium-space-systems/185/98901410640,"El Segundo, California, United States; and other locations",El Segundo,CA,United States,Not specified,,,,Aerospace,2026-08-20,2026-08-20,https://jobs.boeing.com/cybersecurity-careers,linked_page,4,success_after_fallback
d9c4f0dd36f5,2026-08-20,b00ce903c871,Boeing,https://www.boeing.com/resources/boeingdotcom/government-operations/state_cards/Card_NY.pdf,https://jobs.boeing.com/data-science-and-analytics-careers,Senior Business Intelligence / Data Science Analyst,https://jobs.boeing.com/job/chicago/senior-business-intelligence-data-science-analyst/185/99362441072,"Chicago, Illinois, United States; and other locations",Chicago,IL,United States,Not specified,,,,Aerospace,2026-08-20,2026-08-20,https://jobs.boeing.com/data-science-and-analytics-careers,linked_page,4,success_after_fallback
e63872981697,2026-08-20,b00ce903c871,Boeing,https://www.boeing.com/resources/boeingdotcom/government-operations/state_cards/Card_NY.pdf,https://jobs.boeing.com/data-science-and-analytics-careers,Senior Artificial Intelligence (AI) Solutions Architect,https://jobs.boeing.com/job/seattle/senior-artificial-intelligence-ai-solutions-architect/185/95870768368,"Seattle, Washington, United States; and other locations",Seattle,WA,United States,Not specified,,,,Aerospace,2026-08-20,2026-08-20,https://jobs.boeing.com/data-science-and-analytics-careers,linked_page,4,success_after_fallback
acf9f8bb3ff8,2026-08-20,b00ce903c871,Boeing,https://www.boeing.com/resources/boeingdotcom/government-operations/state_cards/Card_NY.pdf,https://jobs.boeing.com/data-science-and-analytics-careers,Advanced Technologist - Mid-Level Cloud Engineer,https://jobs.boeing.com/job/hazelwood/advanced-technologist-mid-level-cloud-engineer/185/98710336400,"Hazelwood, Missouri, United States",Hazelwood,MO,United States,Not specified,,,,Aerospace,2026-08-20,2026-08-20,https://jobs.boeing.com/data-science-and-analytics-careers,linked_page,4,success_after_fallback
0264e50c9e7f,2026-08-20,b00ce903c871,Boeing,https://www.boeing.com/resources/boeingdotcom/government-operations/state_cards/Card_NY.pdf,https://jobs.boeing.com/data-science-and-analytics-careers,Advanced Technologist - Associate Cloud Engineer,https://jobs.boeing.com/job/hazelwood/advanced-technologist-associate-cloud-engineer/185/98710336416,"Hazelwood, Missouri, United States",Hazelwood,MO,United States,Not specified,,,,Aerospace,2026-08-20,2026-08-20,https://jobs.boeing.com/data-science-and-analytics-careers,linked_page,4,success_after_fallback
78f8249f1111,2026-08-20,b00ce903c871,Boeing,https://www.boeing.com/resources/boeingdotcom/government-operations/state_cards/Card_NY.pdf,https://jobs.boeing.com/information-technology-careers,IT Systems Administrator - Millennium Space Systems,https://jobs.boeing.com/job/el-segundo/it-systems-administrator-millennium-space-systems/185/96973127232,"El Segundo, California, United States; and other locations",El Segundo,CA,United States,Not specified,,,,Aerospace,2026-08-20,2026-08-20,https://jobs.boeing.com/information-technology-careers,linked_page,4,success_after_fallback
96f16c198e7b,2026-08-20,b00ce903c871,Boeing,https://www.boeing.com/resources/boeingdotcom/government-operations/state_cards/Card_NY.pdf,https://jobs.boeing.com/information-technology-careers,Lead Programmer Analyst,https://jobs.boeing.com/job/hazelwood/lead-programmer-analyst/185/98479486976,"Hazelwood, Missouri, United States",Hazelwood,MO,United States,Not specified,,,,Aerospace,2026-08-20,2026-08-20,https://jobs.boeing.com/information-technology-careers,linked_page,4,success_after_fallback
92c99048a22f,2026-08-20,b00ce903c871,Boeing,https://www.boeing.com/resources/boeingdotcom/government-operations/state_cards/Card_NY.pdf,https://jobs.boeing.com/information-technology-careers,Experienced Programmer Analyst,https://jobs.boeing.com/job/hazelwood/experienced-programmer-analyst/185/97202913584,"Hazelwood, Missouri, United States",Hazelwood,MO,United States,Not specified,,,,Aerospace,2026-08-20,2026-08-20,https://jobs.boeing.com/information-technology-careers,linked_page,4,success_after_fallback
914a129074cb,2026-08-20,b00ce903c871,Boeing,https://www.boeing.com/resources/boeingdotcom/government-operations/state_cards/Card_NY.pdf,https://jobs.boeing.com/information-technology-careers,IT Help Desk Technician - Millennium Space Systems,https://jobs.boeing.com/job/el-segundo/it-help-desk-technician-millennium-space-systems/185/99450863568,"El Segundo, California, United States; and other locations",El Segundo,CA,United States,Not specified,,,,Aerospace,2026-08-20,2026-08-20,https://jobs.boeing.com/information-technology-careers,linked_page,4,success_after_fallback
61f053c3d5cd,2026-08-20,b00ce903c871,Boeing,https://www.boeing.com/resources/boeingdotcom/government-operations/state_cards/Card_NY.pdf,https://jobs.boeing.com/flight-engineering-careers,Lead Fault & Autonomy Engineer - Experimental Space Programs,https://jobs.boeing.com/job/seal-beach/lead-fault-and-autonomy-engineer-experimental-space-programs/185/98103154896,"Seal Beach, California, United States; and other locations",Seal Beach,CA,United States,Not specified,,,,Aerospace,2026-08-20,2026-08-20,https://jobs.boeing.com/flight-engineering-careers,linked_page,4,success_after_fallback
20e720465490,2026-08-20,b00ce903c871,Boeing,https://www.boeing.com/resources/boeingdotcom/government-operations/state_cards/Card_NY.pdf,https://jobs.boeing.com/flight-engineering-careers,Astrodynamics Engineer (Lead/Senior) - Millennium Space Systems,https://jobs.boeing.com/job/el-segundo/astrodynamics-engineer-lead-senior-millennium-space-systems/185/99463720016,"El Segundo, California, United States; and other locations",El Segundo,CA,United States,Not specified,,,,Aerospace,2026-08-20,2026-08-20,https://jobs.boeing.com/flight-engineering-careers,linked_page,4,success_after_fallback
2c5509059ed3,2026-08-20,b00ce903c871,Boeing,https://www.boeing.com/resources/boeingdotcom/government-operations/state_cards/Card_NY.pdf,https://jobs.boeing.com/flight-engineering-careers,Experienced Weights and Mass Properties Engineer,https://jobs.boeing.com/job/hazelwood/experienced-weights-and-mass-properties-engineer/185/98715664480,"Hazelwood, Missouri, United States; and other locations",Hazelwood,MO,United States,Not specified,,,,Aerospace,2026-08-20,2026-08-20,https://jobs.boeing.com/flight-engineering-careers,linked_page,4,success_after_fallback
ab6366434f18,2026-08-20,b00ce903c871,Boeing,https://www.boeing.com/resources/boeingdotcom/government-operations/state_cards/Card_NY.pdf,https://jobs.boeing.com/flight-engineering-careers,Senior Guidance Navigation & Control Engineer (Control Systems Analysis & Design),https://jobs.boeing.com/job/berkeley/senior-guidance-navigation-and-control-engineer-control-systems-analysis-and-design/185/97576591472,"Berkeley, Missouri, United States",Berkeley,MO,United States,Not specified,,,,Aerospace,2026-08-20,2026-08-20,https://jobs.boeing.com/flight-engineering-careers,linked_page,4,success_after_fallback
c2156af7a9f4,2026-08-20,b00ce903c871,Boeing,https://www.boeing.com/resources/boeingdotcom/government-operations/state_cards/Card_NY.pdf,https://jobs.boeing.com/industrial-engineering-careers,Industrial Engineer (Associate or Mid-Level),https://jobs.boeing.com/job/wichita/industrial-engineer-associate-or-mid-level/185/94027258800,"Wichita, Kansas, United States",Wichita,KS,United States,Not specified,,,,Aerospace,2026-08-20,2026-08-20,https://jobs.boeing.com/industrial-engineering-careers,linked_page,4,success_after_fallback
95f819ee19c0,2026-08-20,b00ce903c871,Boeing,https://www.boeing.com/resources/boeingdotcom/government-operations/state_cards/Card_NY.pdf,https://jobs.boeing.com/industrial-engineering-careers,Spirit Defense - Associate Industrial Engineer,https://jobs.boeing.com/job/wichita/spirit-defense-associate-industrial-engineer/185/95087216160,"Wichita, Kansas, United States",Wichita,KS,United States,Not specified,,,,Aerospace,2026-08-20,2026-08-20,https://jobs.boeing.com/industrial-engineering-careers,linked_page,4,success_after_fallback
4cb02bef0575,2026-08-20,b00ce903c871,Boeing,https://www.boeing.com/resources/boeingdotcom/government-operations/state_cards/Card_NY.pdf,https://jobs.boeing.com/industrial-engineering-careers,Industrial Engineer (Associate or Mid-Level),https://jobs.boeing.com/job/tulsa/industrial-engineer-associate-or-mid-level/185/96566467040,"Tulsa, Oklahoma, United States",Tulsa,OK,United States,Not specified,,,,Aerospace,2026-08-20,2026-08-20,https://jobs.boeing.com/industrial-engineering-careers,linked_page,4,success_after_fallback
c59a50223bd2,2026-08-20,b00ce903c871,Boeing,https://www.boeing.com/resources/boeingdotcom/government-operations/state_cards/Card_NY.pdf,https://jobs.boeing.com/industrial-engineering-careers,Industrial Engineer (Mid-level or Senior),https://jobs.boeing.com/job/wichita/industrial-engineer-mid-level-or-senior/185/98146099760,"Wichita, Kansas, United States",Wichita,KS,United States,Not specified,,,,Aerospace,2026-08-20,2026-08-20,https://jobs.boeing.com/industrial-engineering-careers,linked_page,4,success_after_fallback
968f00799f05,2026-08-20,2cdfe8725858,Bren-Tronics,https://www.bren-tronics.com/,https://jobs.enersys.com/search?q=&q2=&alertId=&locationsearch=&title=&date=&location=commack,Planning Specialist,https://jobs.enersys.com/job/Commack-Planning-Specialist-NY-11725/1396086333,"Commack, NY, United States",Commack,NY,United States,Not specified,,,,Aerospace,2026-08-20,2026-08-20,https://jobs.enersys.com/search?q=&q2=&alertId=&locationsearch=&title=&date=&location=commack,known_careers_url,4,success
08cd4b9badfa,2026-08-20,2cdfe8725858,Bren-Tronics,https://www.bren-tronics.com/,https://jobs.enersys.com/search?q=&q2=&alertId=&locationsearch=&title=&date=&location=commack,Test Technician III,https://jobs.enersys.com/job/Commack-Test-Technician-III-NY-11725/1394556633,"Commack, NY, United States",Commack,NY,United States,Not specified,,,,Aerospace,2026-08-20,2026-08-20,https://jobs.enersys.com/search?q=&q2=&alertId=&locationsearch=&title=&date=&location=commack,known_careers_url,4,success
1e3224182459,2026-08-20,2cdfe8725858,Bren-Tronics,https://www.bren-tronics.com/,https://jobs.enersys.com/search?q=&q2=&alertId=&locationsearch=&title=&date=&location=commack,Helpdesk Technician,https://jobs.enersys.com/job/Commack-Helpdesk-Technician-NY-11725/1414827333,"Commack, NY, United States",Commack,NY,United States,Not specified,,,,Aerospace,2026-08-20,2026-08-20,https://jobs.enersys.com/search?q=&q2=&alertId=&locationsearch=&title=&date=&location=commack,known_careers_url,4,success
e55e06af8ac9,2026-08-20,2cdfe8725858,Bren-Tronics,https://www.bren-tronics.com/,https://jobs.enersys.com/search?q=&q2=&alertId=&locationsearch=&title=&date=&location=commack,Mechanical Engineer,https://jobs.enersys.com/job/Commack-Mechanical-Engineer-NY-11725/1393814433,"Commack, NY, United States",Commack,NY,United States,Not specified,,,,Aerospace,2026-08-20,2026-08-20,https://jobs.enersys.com/search?q=&q2=&alertId=&locationsearch=&title=&date=&location=commack,known_careers_url,4,success
e4da1064ea63,2026-08-20,2cdfe8725858,Bren-Tronics,https://www.bren-tronics.com/,https://jobs.enersys.com/search?q=&q2=&alertId=&locationsearch=&title=&date=&location=commack,Electrical Engineer,https://jobs.enersys.com/job/Commack-Electrical-Engineer-NY-11725/1393518033,"Commack, NY, United States",Commack,NY,United States,Not specified,,,,Aerospace,2026-08-20,2026-08-20,https://jobs.enersys.com/search?q=&q2=&alertId=&locationsearch=&title=&date=&location=commack,known_careers_url,4,success
3121343f583c,2026-08-20,2cdfe8725858,Bren-Tronics,https://www.bren-tronics.com/,https://jobs.enersys.com/search?q=&q2=&alertId=&locationsearch=&title=&date=&location=commack,Lead Electrical Engineer I,https://jobs.enersys.com/job/Commack-Lead-Electrical-Engineer-I-NY-11725/1422342233,"Commack, NY, United States",Commack,NY,United States,Not specified,,,,Aerospace,2026-08-20,2026-08-20,https://jobs.enersys.com/search?q=&q2=&alertId=&locationsearch=&title=&date=&location=commack,known_careers_url,4,success
7fd68aab3611,2026-08-20,2cdfe8725858,Bren-Tronics,https://www.bren-tronics.com/,https://jobs.enersys.com/search?q=&q2=&alertId=&locationsearch=&title=&date=&location=commack,Senior Manufacturing Engineer,https://jobs.enersys.com/job/Commack-Senior-Manufacturing-Engineer-NY-11725/1410435333,"Commack, NY, United States",Commack,NY,United States,Not specified,,,,Aerospace,2026-08-20,2026-08-20,https://jobs.enersys.com/search?q=&q2=&alertId=&locationsearch=&title=&date=&location=commack,known_careers_url,4,success
6bbc9453e327,2026-08-20,2cdfe8725858,Bren-Tronics,https://www.bren-tronics.com/,https://jobs.enersys.com/search?q=&q2=&alertId=&locationsearch=&title=&date=&location=commack,Manufacturing Engineer,https://jobs.enersys.com/job/Commack-Manufacturing-Engineer-NY-11725/1380552333,"Commack, NY, United States",Commack,NY,United States,Not specified,,,,Aerospace,2026-08-20,2026-08-20,https://jobs.enersys.com/search?q=&q2=&alertId=&locationsearch=&title=&date=&location=commack,known_careers_url,4,success
5480da740e51,2026-08-20,2cdfe8725858,Bren-Tronics,https://www.bren-tronics.com/,https://jobs.enersys.com/search?q=&q2=&alertId=&locationsearch=&title=&date=&location=commack,Senior Electrical Engineer,https://jobs.enersys.com/job/Commack-Senior-Electrical-Engineer-NY-11725/1279809301,"Commack, NY, United States",Commack,NY,United States,Not specified,,,,Aerospace,2026-08-20,2026-08-20,https://jobs.enersys.com/search?q=&q2=&alertId=&locationsearch=&title=&date=&location=commack,known_careers_url,4,success
befe9653a0f7,2026-08-20,2cdfe8725858,Bren-Tronics,https://www.bren-tronics.com/,https://jobs.enersys.com/search?q=&q2=&alertId=&locationsearch=&title=&date=&location=commack,Production Manager,https://jobs.enersys.com/job/Commack-Production-Manager-NY-11725/1368745033,"Commack, NY, United States",Commack,NY,United States,Not specified,,,,Aerospace,2026-08-20,2026-08-20,https://jobs.enersys.com/search?q=&q2=&alertId=&locationsearch=&title=&date=&location=commack,known_careers_url,4,success
869b65d5f22a,2026-08-20,2cdfe8725858,Bren-Tronics,https://www.bren-tronics.com/,https://jobs.enersys.com/search?q=&q2=&alertId=&locationsearch=&title=&date=&location=commack,Senior Mechanical Engineer,https://jobs.enersys.com/job/Commack-Senior-Mechanical-Engineer-NY-11725/1279712201,"Commack, NY, United States",Commack,NY,United States,Not specified,,,,Aerospace,2026-08-20,2026-08-20,https://jobs.enersys.com/search?q=&q2=&alertId=&locationsearch=&title=&date=&location=commack,known_careers_url,4,success
ae4b8613a0e2,2026-08-20,2cdfe8725858,Bren-Tronics,https://www.bren-tronics.com/,https://jobs.enersys.com/search?createNewAlert=false&q=&locationsearch=&optionsFacetsDD_department=,EHS Operator,https://jobs.enersys.com/job/Warrensburg-EHS-Operator-MO-64093-9301/1388507333,"Commack, NY, United States",Commack,NY,United States,Not specified,,,,Aerospace,2026-08-20,2026-08-20,https://jobs.enersys.com/search?createNewAlert=false&q=&locationsearch=&optionsFacetsDD_department=,linked_page,4,success_after_fallback
f01489eec408,2026-08-20,2cdfe8725858,Bren-Tronics,https://www.bren-tronics.com/,https://jobs.enersys.com/search?createNewAlert=false&q=&locationsearch=&optionsFacetsDD_department=,"Plant 1 Team Lead, Sub Assembly, 2nd Shift, M-F, 1:50pm-10:20pm",https://jobs.enersys.com/job/Springfield-Plant-1-Team-Lead%2C-Sub-Assembly%2C-2nd-Shift%2C-M-F%2C-150pm-1020pm-MO-65803/1407655733,"Commack, NY, United States",Commack,NY,United States,Not specified,,,,Aerospace,2026-08-20,2026-08-20,https://jobs.enersys.com/search?createNewAlert=false&q=&locationsearch=&optionsFacetsDD_department=,linked_page,4,success_after_fallback
6d2849047900,2026-08-20,2cdfe8725858,Bren-Tronics,https://www.bren-tronics.com/,https://jobs.enersys.com/search?createNewAlert=false&q=&locationsearch=&optionsFacetsDD_department=,Field Service Technician II,https://jobs.enersys.com/job/Somerset-Field-Service-Technician-II-NJ-08873/1417477233,"Commack, NY, United States",Commack,NY,United States,Not specified,,,,Aerospace,2026-08-20,2026-08-20,https://jobs.enersys.com/search?createNewAlert=false&q=&locationsearch=&optionsFacetsDD_department=,linked_page,4,success_after_fallback
c67fc9a6b805,2026-08-20,2cdfe8725858,Bren-Tronics,https://www.bren-tronics.com/,https://jobs.enersys.com/search?createNewAlert=false&q=&locationsearch=&optionsFacetsDD_department=,Process Engineer,https://jobs.enersys.com/job/Warrensburg-Process-Engineer-MO-64093-9301/1407199533,"Commack, NY, United States",Commack,NY,United States,Not specified,,,,Aerospace,2026-08-20,2026-08-20,https://jobs.enersys.com/search?createNewAlert=false&q=&locationsearch=&optionsFacetsDD_department=,linked_page,4,success_after_fallback
9dde70097a3e,2026-08-20,2cdfe8725858,Bren-Tronics,https://www.bren-tronics.com/,https://jobs.enersys.com/search?createNewAlert=false&q=&locationsearch=&optionsFacetsDD_department=,Services Estimating Manager,https://jobs.enersys.com/job/Anytown-Services-Estimating-Manager-NY-13057/1407193933,"Commack, NY, United States",Commack,NY,United States,Not specified,,,,Aerospace,2026-08-20,2026-08-20,https://jobs.enersys.com/search?createNewAlert=false&q=&locationsearch=&optionsFacetsDD_department=,linked_page,4,success_after_fallback
e2ae4f6723c0,2026-08-20,2cdfe8725858,Bren-Tronics,https://www.bren-tronics.com/,https://jobs.enersys.com/search?createNewAlert=false&q=&locationsearch=&optionsFacetsDD_department=,Product Manager - VLA & TPPL Product Lines,https://jobs.enersys.com/job/Reading-Product-Manager-VLA-&-TPPL-Product-Lines-PA-19605/1407128833,"Commack, NY, United States",Commack,NY,United States,Not specified,,,,Aerospace,2026-08-20,2026-08-20,https://jobs.enersys.com/search?createNewAlert=false&q=&locationsearch=&optionsFacetsDD_department=,linked_page,4,success_after_fallback
57704a9bd1fe,2026-08-20,2cdfe8725858,Bren-Tronics,https://www.bren-tronics.com/,https://jobs.enersys.com/search?createNewAlert=false&q=&locationsearch=&optionsFacetsDD_department=,Senior Technical Sales Representative,https://jobs.enersys.com/job/Anytown-Senior-Technical-Sales-Representative-GA-30093/1428064533,"Commack, NY, United States",Commack,NY,United States,Not specified,,,,Aerospace,2026-08-20,2026-08-20,https://jobs.enersys.com/search?createNewAlert=false&q=&locationsearch=&optionsFacetsDD_department=,linked_page,4,success_after_fallback
cd52f6a3c743,2026-08-20,2cdfe8725858,Bren-Tronics,https://www.bren-tronics.com/,https://jobs.enersys.com/search?createNewAlert=false&q=&locationsearch=&optionsFacetsDD_department=,Production Operator,https://jobs.enersys.com/job/Pinellas-Park-Production-Operator-FL-33781/1428049133,"Commack, NY, United States",Commack,NY,United States,Not specified,,,,Aerospace,2026-08-20,2026-08-20,https://jobs.enersys.com/search?createNewAlert=false&q=&locationsearch=&optionsFacetsDD_department=,linked_page,4,success_after_fallback
136491bb8aba,2026-08-20,2cdfe8725858,Bren-Tronics,https://www.bren-tronics.com/,https://jobs.enersys.com/search?createNewAlert=false&q=&locationsearch=&optionsFacetsDD_department=,Manufacturing Technician,https://jobs.enersys.com/job/Longmont-Manufacturing-Technician-CO-80503/1428014033,"Commack, NY, United States",Commack,NY,United States,Not specified,,,,Aerospace,2026-08-20,2026-08-20,https://jobs.enersys.com/search?createNewAlert=false&q=&locationsearch=&optionsFacetsDD_department=,linked_page,4,success_after_fallback
1377d5af062f,2026-08-20,2cdfe8725858,Bren-Tronics,https://www.bren-tronics.com/,https://jobs.enersys.com/search?createNewAlert=false&q=&locationsearch=&optionsFacetsDD_department=,"Plant 1 Tool & Die Technician, 12-Hr Nights",https://jobs.enersys.com/job/Springfield-Plant-1-Tool-&-Die-Technician%2C-12-Hr-Nights-MO-65803/1377494833,"Commack, NY, United States",Commack,NY,United States,Not specified,,,,Aerospace,2026-08-20,2026-08-20,https://jobs.enersys.com/search?createNewAlert=false&q=&locationsearch=&optionsFacetsDD_department=,linked_page,4,success_after_fallback
698bf392e2ea,2026-08-20,2cdfe8725858,Bren-Tronics,https://www.bren-tronics.com/,https://jobs.enersys.com/search?createNewAlert=false&q=&locationsearch=&optionsFacetsDD_department=,Quality Engineer III,https://jobs.enersys.com/job/Suwanee-Quality-Engineer-III-GA-30024/1416945933,"Commack, NY, United States",Commack,NY,United States,Not specified,,,,Aerospace,2026-08-20,2026-08-20,https://jobs.enersys.com/search?createNewAlert=false&q=&locationsearch=&optionsFacetsDD_department=,linked_page,4,success_after_fallback
2bb3ef8518ca,2026-08-20,2cdfe8725858,Bren-Tronics,https://www.bren-tronics.com/,https://jobs.enersys.com/search?createNewAlert=false&q=&locationsearch=&optionsFacetsDD_department=,Global Supply Planning Manager,https://jobs.enersys.com/job/Reading-Global-Supply-Planning-Manager-PA-19605/1416965833,"Commack, NY, United States",Commack,NY,United States,Not specified,,,,Aerospace,2026-08-20,2026-08-20,https://jobs.enersys.com/search?createNewAlert=false&q=&locationsearch=&optionsFacetsDD_department=,linked_page,4,success_after_fallback
61d25a99d14e,2026-08-20,2cdfe8725858,Bren-Tronics,https://www.bren-tronics.com/,https://jobs.enersys.com/search?createNewAlert=false&q=&locationsearch=&optionsFacetsDD_department=,Field Service Technician III,https://jobs.enersys.com/job/East-Syracuse-Field-Service-Technician-III-NY-13057/1387486233,"Commack, NY, United States",Commack,NY,United States,Not specified,,,,Aerospace,2026-08-20,2026-08-20,https://jobs.enersys.com/search?createNewAlert=false&q=&locationsearch=&optionsFacetsDD_department=,linked_page,4,success_after_fallback
18151b053aa7,2026-08-20,2cdfe8725858,Bren-Tronics,https://www.bren-tronics.com/,https://jobs.enersys.com/search?createNewAlert=false&q=&locationsearch=&optionsFacetsDD_department=,Effluent Operator,https://jobs.enersys.com/job/Richmond-Effluent-Operator-KY-40475/1427539933,"Commack, NY, United States",Commack,NY,United States,Not specified,,,,Aerospace,2026-08-20,2026-08-20,https://jobs.enersys.com/search?createNewAlert=false&q=&locationsearch=&optionsFacetsDD_department=,linked_page,4,success_after_fallback
99146529881a,2026-08-20,2cdfe8725858,Bren-Tronics,https://www.bren-tronics.com/,https://jobs.enersys.com/search?createNewAlert=false&q=&locationsearch=&optionsFacetsDD_department=,Plant 2 LEAD HSL C & D Shifts,https://jobs.enersys.com/job/Springfield-Plant-2-LEAD-HSL-C-&-D-Shifts-MO-65802/1427424233,"Commack, NY, United States",Commack,NY,United States,Not specified,,,,Aerospace,2026-08-20,2026-08-20,https://jobs.enersys.com/search?createNewAlert=false&q=&locationsearch=&optionsFacetsDD_department=,linked_page,4,success_after_fallback
b9df5a7c29cb,2026-08-20,2cdfe8725858,Bren-Tronics,https://www.bren-tronics.com/,https://jobs.enersys.com/search?createNewAlert=false&q=&locationsearch=&optionsFacetsDD_department=,Software Test Manager II,https://jobs.enersys.com/job/Burnaby-Software-Test-Manager-II-Brit-V5J-5M4/1386624833,"Commack, NY, United States",Commack,NY,United States,Not specified,,,,Aerospace,2026-08-20,2026-08-20,https://jobs.enersys.com/search?createNewAlert=false&q=&locationsearch=&optionsFacetsDD_department=,linked_page,4,success_after_fallback
fe0da81fff26,2026-08-20,2cdfe8725858,Bren-Tronics,https://www.bren-tronics.com/,https://jobs.enersys.com/search?createNewAlert=false&q=&locationsearch=&optionsFacetsDD_department=,Quality Engineer,https://jobs.enersys.com/job/Horsham-Quality-Engineer-PA-19044/1396702433,"Commack, NY, United States",Commack,NY,United States,Not specified,,,,Aerospace,2026-08-20,2026-08-20,https://jobs.enersys.com/search?createNewAlert=false&q=&locationsearch=&optionsFacetsDD_department=,linked_page,4,success_after_fallback
6961245df0c4,2026-08-20,2cdfe8725858,Bren-Tronics,https://www.bren-tronics.com/,https://jobs.enersys.com/search?createNewAlert=false&q=&locationsearch=&optionsFacetsDD_department=,Plant 2 HSL Operator All Shifts,https://jobs.enersys.com/job/Springfield-Plant-2-HSL-Operator-All-Shifts-MO-65802/1427155333,"Commack, NY, United States",Commack,NY,United States,Not specified,,,,Aerospace,2026-08-20,2026-08-20,https://jobs.enersys.com/search?createNewAlert=false&q=&locationsearch=&optionsFacetsDD_department=,linked_page,4,success_after_fallback
fcd2dfb19a6c,2026-08-20,2cdfe8725858,Bren-Tronics,https://www.bren-tronics.com/,https://jobs.enersys.com/search?createNewAlert=false&q=&locationsearch=&optionsFacetsDD_department=,Sales Manager Defence Land EMEA (Remote position),https://jobs.enersys.com/job/Abingdon-Sales-Manager-Defence-Land-EMEA-%28Remote-position%29-ENG-OX14-3ED/1426856433,"Commack, NY, United States",Commack,NY,United States,Remote,,,,Aerospace,2026-08-20,2026-08-20,https://jobs.enersys.com/search?createNewAlert=false&q=&locationsearch=&optionsFacetsDD_department=,linked_page,4,success_after_fallback
eec4855a6cdd,2026-08-20,d3ecafe64223,Calspan Air Services,https://www.calspanairservices.com/,https://careers2-calspan.icims.com/jobs/2623/customer-service-agent/job,Customer Service Agent,https://careers2-calspan.icims.com/jobs/2623/customer-service-agent/job,"Niagara Falls, NY, US",Niagara Falls,NY,United States,Not specified,,,Operations,Aerospace,2026-08-20,2026-08-20,https://careers2-calspan.icims.com/jobs/2623/customer-service-agent/job,ats_detected,4,success_after_fallback
5035ff818551,2026-08-20,234e92c8de3f,Calspan Business Park,https://calspan.com/,https://careers-calspan.icims.com/jobs/search,Job Title Systems Administrator,https://careers-calspan.icims.com/jobs/2543/systems-administrator%c2%a0/job,"Buffalo, NY, United States",Buffalo,NY,United States,Not specified,,,,Aerospace,2026-08-20,2026-08-20,https://careers-calspan.icims.com/jobs/search,known_careers_url,5,success
133abdb9a697,2026-08-20,234e92c8de3f,Calspan Business Park,https://calspan.com/,https://careers-calspan.icims.com/jobs/search,Job Title Senior Project Manager,https://careers-calspan.icims.com/jobs/2635/senior-project-manager/job,"Buffalo, NY, United States",Buffalo,NY,United States,Not specified,,,,Aerospace,2026-08-20,2026-08-20,https://careers-calspan.icims.com/jobs/search,known_careers_url,5,success
9661bf1f5929,2026-08-20,234e92c8de3f,Calspan Business Park,https://calspan.com/,https://careers-calspan.icims.com/jobs/search,Job Title Test Technician - TIRE,https://careers-calspan.icims.com/jobs/2604/test-technician---tire/job,"Buffalo, NY, United States",Buffalo,NY,United States,Not specified,,,,Aerospace,2026-08-20,2026-08-20,https://careers-calspan.icims.com/jobs/search,known_careers_url,5,success
0b0a1ff549c7,2026-08-20,234e92c8de3f,Calspan Business Park,https://calspan.com/,https://careers-calspan.icims.com/jobs/search,"Job Title Supervisor, Testing Operations",https://careers-calspan.icims.com/jobs/2606/supervisor%2c-testing-operations/job,"Buffalo, NY, United States",Buffalo,NY,United States,Not specified,,,,Aerospace,2026-08-20,2026-08-20,https://careers-calspan.icims.com/jobs/search,known_careers_url,5,success
00eef30a6ede,2026-08-20,234e92c8de3f,Calspan Business Park,https://calspan.com/,https://careers-calspan.icims.com/jobs/search,Job Title Technician,https://careers-calspan.icims.com/jobs/2631/technician/job,"Buffalo, NY, United States",Buffalo,NY,United States,Not specified,,,,Aerospace,2026-08-20,2026-08-20,https://careers-calspan.icims.com/jobs/search,known_careers_url,5,success
08b20a05908d,2026-08-20,234e92c8de3f,Calspan Business Park,https://calspan.com/,https://careers-calspan.icims.com/jobs/search,Job Title Engineering Technician,https://careers-calspan.icims.com/jobs/2630/engineering-technician/job,"Buffalo, NY, United States",Buffalo,NY,United States,Not specified,,,,Aerospace,2026-08-20,2026-08-20,https://careers-calspan.icims.com/jobs/search,known_careers_url,5,success
5e97562d44e9,2026-08-20,234e92c8de3f,Calspan Business Park,https://calspan.com/,https://careers-calspan.icims.com/jobs/search,Job Title HVAC Technician,https://careers-calspan.icims.com/jobs/2608/hvac-technician/job,"Buffalo, NY, United States",Buffalo,NY,United States,Not specified,,,,Aerospace,2026-08-20,2026-08-20,https://careers-calspan.icims.com/jobs/search,known_careers_url,5,success
8cdf91017e92,2026-08-20,234e92c8de3f,Calspan Business Park,https://calspan.com/,https://careers-calspan.icims.com/jobs/search,Job Title Principal Systems Software Engineer - Jet Engine Test Cells,https://careers-calspan.icims.com/jobs/2500/principal-systems-software-engineer---jet-engine-test-cells/job,"Buffalo, NY, United States",Buffalo,NY,United States,Not specified,,,,Aerospace,2026-08-20,2026-08-20,https://careers-calspan.icims.com/jobs/search,known_careers_url,5,success
a5ff33a43056,2026-08-20,234e92c8de3f,Calspan Business Park,https://calspan.com/,https://careers-calspan.icims.com/jobs/search,Job Title Technician,https://careers-calspan.icims.com/jobs/2601/technician/job,"Buffalo, NY, United States",Buffalo,NY,United States,Not specified,,,,Aerospace,2026-08-20,2026-08-20,https://careers-calspan.icims.com/jobs/search,known_careers_url,5,success
bea45761b69f,2026-08-20,234e92c8de3f,Calspan Business Park,https://calspan.com/,https://careers-calspan.icims.com/jobs/search,Job Title Automotive Technician,https://careers-calspan.icims.com/jobs/2603/automotive-technician/job,"Buffalo, NY, United States",Buffalo,NY,United States,Not specified,,,,Aerospace,2026-08-20,2026-08-20,https://careers-calspan.icims.com/jobs/search,known_careers_url,5,success
2e982c46f123,2026-08-20,234e92c8de3f,Calspan Business Park,https://calspan.com/,https://careers-calspan.icims.com/jobs/search,Job Title Mechanical Assembly Technician,https://careers-calspan.icims.com/jobs/2579/mechanical-assembly-technician/job,"Buffalo, NY, United States",Buffalo,NY,United States,Not specified,,,,Aerospace,2026-08-20,2026-08-20,https://careers-calspan.icims.com/jobs/search,known_careers_url,5,success
1a181099542b,2026-08-20,234e92c8de3f,Calspan Business Park,https://calspan.com/,https://careers-calspan.icims.com/jobs/search,Job Title Controls and Instrumentation Designer,https://careers-calspan.icims.com/jobs/2628/controls-and-instrumentation-designer/job,"Buffalo, NY, United States",Buffalo,NY,United States,Not specified,,,,Aerospace,2026-08-20,2026-08-20,https://careers-calspan.icims.com/jobs/search,known_careers_url,5,success
9bd406987816,2026-08-20,234e92c8de3f,Calspan Business Park,https://calspan.com/,https://careers-calspan.icims.com/jobs/search,Job Title IT Support Specialist,https://careers-calspan.icims.com/jobs/2619/it-support-specialist/job,"Buffalo, NY, United States",Buffalo,NY,United States,Not specified,,,,Aerospace,2026-08-20,2026-08-20,https://careers-calspan.icims.com/jobs/search,known_careers_url,5,success
b59fa2a18c8b,2026-08-20,234e92c8de3f,Calspan Business Park,https://calspan.com/,https://careers-calspan.icims.com/jobs/search,Job Title Sr. Mechanical Engineer,https://careers-calspan.icims.com/jobs/2612/sr.-mechanical-engineer/job,"Buffalo, NY, United States",Buffalo,NY,United States,Not specified,,,,Aerospace,2026-08-20,2026-08-20,https://careers-calspan.icims.com/jobs/search,known_careers_url,5,success
2ad1bff06ca1,2026-08-20,234e92c8de3f,Calspan Business Park,https://calspan.com/,https://careers-calspan.icims.com/jobs/2543/systems-administrator%C2%A0/job,Systems Administrator%C2%A0,https://careers-calspan.icims.com/jobs/2543/systems-administrator%C2%A0/job,"Buffalo, NY, United States",Buffalo,NY,United States,Not specified,,,,Aerospace,2026-08-20,2026-08-20,https://careers-calspan.icims.com/jobs/2543/systems-administrator%C2%A0/job,ats_detected,5,success_after_fallback
44da5226ab80,2026-08-20,234e92c8de3f,Calspan Business Park,https://calspan.com/,https://careers-calspan.icims.com/jobs/2543/systems-administrator%C2%A0/job,Systems Administrator%C2%A0,https://careers-calspan.icims.com/jobs/2543/systems-administrator%c2%a0/referral,"Buffalo, NY, United States",Buffalo,NY,United States,Not specified,,,,Aerospace,2026-08-20,2026-08-20,https://careers-calspan.icims.com/jobs/2543/systems-administrator%C2%A0/job,ats_detected,5,success_after_fallback
19acde357d3c,2026-08-20,234e92c8de3f,Calspan Business Park,https://calspan.com/,https://careers-calspan.icims.com/jobs/2635/senior-project-manager/job,Senior Project Manager,https://careers-calspan.icims.com/jobs/2635/senior-project-manager/referral,"Buffalo, NY, United States",Buffalo,NY,United States,Not specified,,,,Aerospace,2026-08-20,2026-08-20,https://careers-calspan.icims.com/jobs/2635/senior-project-manager/job,ats_detected,5,success_after_fallback
9feffc538066,2026-08-20,234e92c8de3f,Calspan Business Park,https://calspan.com/,https://careers-calspan.icims.com/jobs/2604/test-technician---tire/job,Test Technician Tire,https://careers-calspan.icims.com/jobs/2604/test-technician---tire/referral,"Buffalo, NY, United States",Buffalo,NY,United States,Not specified,,,,Aerospace,2026-08-20,2026-08-20,https://careers-calspan.icims.com/jobs/2604/test-technician---tire/job,ats_detected,5,success_after_fallback
0e77f9b7d175,2026-08-20,234e92c8de3f,Calspan Business Park,https://calspan.com/,https://careers-calspan.icims.com/jobs/2606/supervisor%2C-testing-operations/job,Supervisor%2C Testing Operations,https://careers-calspan.icims.com/jobs/2606/supervisor%2C-testing-operations/job,"Buffalo, NY, United States",Buffalo,NY,United States,Not specified,,,,Aerospace,2026-08-20,2026-08-20,https://careers-calspan.icims.com/jobs/2606/supervisor%2C-testing-operations/job,ats_detected,5,success_after_fallback
38c660220012,2026-08-20,234e92c8de3f,Calspan Business Park,https://calspan.com/,https://careers-calspan.icims.com/jobs/2606/supervisor%2C-testing-operations/job,Supervisor%2C Testing Operations,https://careers-calspan.icims.com/jobs/2606/supervisor%2c-testing-operations/referral,"Buffalo, NY, United States",Buffalo,NY,United States,Not specified,,,,Aerospace,2026-08-20,2026-08-20,https://careers-calspan.icims.com/jobs/2606/supervisor%2C-testing-operations/job,ats_detected,5,success_after_fallback
44b86ae4002b,2026-08-20,234e92c8de3f,Calspan Business Park,https://calspan.com/,https://careers-calspan.icims.com/jobs/2630/engineering-technician/job,Engineering Technician,https://careers-calspan.icims.com/jobs/2630/engineering-technician/referral,"Buffalo, NY, United States",Buffalo,NY,United States,Not specified,,,,Aerospace,2026-08-20,2026-08-20,https://careers-calspan.icims.com/jobs/2630/engineering-technician/job,ats_detected,5,success_after_fallback
abe7f9cebf52,2026-08-20,234e92c8de3f,Calspan Business Park,https://calspan.com/,https://careers-calspan.icims.com/jobs/2608/hvac-technician/job,Hvac Technician,https://careers-calspan.icims.com/jobs/2608/hvac-technician/referral,"Buffalo, NY, United States",Buffalo,NY,United States,Not specified,,,,Aerospace,2026-08-20,2026-08-20,https://careers-calspan.icims.com/jobs/2608/hvac-technician/job,ats_detected,5,success_after_fallback
74934588b269,2026-08-20,babc8fbe4ec9,Crover,https://www.crover.tech/,https://www.smartrecruiters.com/?utm_source=referral&utm_medium=careerwebsitepage&utm_campaign=careerwebsite&utm_content=none&km_partner=none&km_adgroup=none&utm_term=none&km_matchtype=none,Hiring Managers,https://www.smartrecruiters.com/role/talent-acquisition,"Geneva, NY, United States",Geneva,NY,United States,Not specified,,,,Core Space,2026-08-20,2026-08-20,https://www.smartrecruiters.com/?utm_source=referral&utm_medium=careerwebsitepage&utm_campaign=careerwebsite&utm_content=none&km_partner=none&km_adgroup=none&utm_term=none&km_matchtype=none,ats_detected,4,success_after_fallback
b11bae175a23,2026-08-20,babc8fbe4ec9,Crover,https://www.crover.tech/,https://www.smartrecruiters.com/?utm_source=referral&utm_medium=careerwebsitepage&utm_campaign=careerwebsite&utm_content=none&km_partner=none&km_adgroup=none&utm_term=none&km_matchtype=none,Hiring Managers,https://www.smartrecruiters.com/role/hiring-manager,"Geneva, NY, United States",Geneva,NY,United States,Not specified,,,,Core Space,2026-08-20,2026-08-20,https://www.smartrecruiters.com/?utm_source=referral&utm_medium=careerwebsitepage&utm_campaign=careerwebsite&utm_content=none&km_partner=none&km_adgroup=none&utm_term=none&km_matchtype=none,ats_detected,4,success_after_fallback
8e4c7afd2511,2026-08-20,babc8fbe4ec9,Crover,https://www.crover.tech/,https://www.smartrecruiters.com/?utm_source=referral&utm_medium=careerwebsitepage&utm_campaign=careerwebsite&utm_content=none&km_partner=none&km_adgroup=none&utm_term=none&km_matchtype=none,Hiring Managers,https://www.smartrecruiters.com/role/hr,"Geneva, NY, United States",Geneva,NY,United States,Not specified,,,,Core Space,2026-08-20,2026-08-20,https://www.smartrecruiters.com/?utm_source=referral&utm_medium=careerwebsitepage&utm_campaign=careerwebsite&utm_content=none&km_partner=none&km_adgroup=none&utm_term=none&km_matchtype=none,ats_detected,4,success_after_fallback
e942ee7fb593,2026-08-20,babc8fbe4ec9,Crover,https://www.crover.tech/,https://www.smartrecruiters.com/?utm_source=referral&utm_medium=careerwebsitepage&utm_campaign=careerwebsite&utm_content=none&km_partner=none&km_adgroup=none&utm_term=none&km_matchtype=none,Hiring Managers,https://www.smartrecruiters.com/role/it,"Geneva, NY, United States",Geneva,NY,United States,Not specified,,,,Core Space,2026-08-20,2026-08-20,https://www.smartrecruiters.com/?utm_source=referral&utm_medium=careerwebsitepage&utm_campaign=careerwebsite&utm_content=none&km_partner=none&km_adgroup=none&utm_term=none&km_matchtype=none,ats_detected,4,success_after_fallback
675011ceb6de,2026-08-20,babc8fbe4ec9,Crover,https://www.crover.tech/,https://www.smartrecruiters.com/?utm_source=referral&utm_medium=careerwebsitepage&utm_campaign=careerwebsite&utm_content=none&km_partner=none&km_adgroup=none&utm_term=none&km_matchtype=none,Hiring Managers,https://www.smartrecruiters.com/role/finance,"Geneva, NY, United States",Geneva,NY,United States,Not specified,,,,Core Space,2026-08-20,2026-08-20,https://www.smartrecruiters.com/?utm_source=referral&utm_medium=careerwebsitepage&utm_campaign=careerwebsite&utm_content=none&km_partner=none&km_adgroup=none&utm_term=none&km_matchtype=none,ats_detected,4,success_after_fallback
2c4b3b743564,2026-08-20,bad1b820268a,Dawn Aerospace,https://www.dawnaerospace.com/,https://job-boards.anz.greenhouse.io/dawnaerospace,"Intern – Thruster Development Delft, South Holland, Netherlands",https://job-boards.anz.greenhouse.io/dawnaerospace/jobs/4004992201,"Delft, South Holland, Netherlands",Delft,South Holland,Netherlands,Not specified,,,,Core Space,2026-08-20,2026-08-20,https://job-boards.anz.greenhouse.io/dawnaerospace,ats_detected,5,success_after_fallback
447dcb8fbda1,2026-08-20,bad1b820268a,Dawn Aerospace,https://www.dawnaerospace.com/,https://job-boards.anz.greenhouse.io/dawnaerospace,"Junior / Intermediate Project Manager – Space Propulsion Delft, South Holland, Netherlands",https://job-boards.anz.greenhouse.io/dawnaerospace/jobs/4000883201,"Delft, South Holland, Netherlands",Delft,South Holland,Netherlands,Not specified,,,,Core Space,2026-08-20,2026-08-20,https://job-boards.anz.greenhouse.io/dawnaerospace,ats_detected,5,success_after_fallback
aeee1a6d6219,2026-08-20,bad1b820268a,Dawn Aerospace,https://www.dawnaerospace.com/,https://job-boards.anz.greenhouse.io/dawnaerospace,"PhD Research Opportunities (University of Canterbury & Dawn Aerospace) Christchurch, Canterbury, New Zealand",https://job-boards.anz.greenhouse.io/dawnaerospace/jobs/4005543201,"Manhattan, NY, United States",Manhattan,NY,United States,Not specified,,,,Core Space,2026-08-20,2026-08-20,https://job-boards.anz.greenhouse.io/dawnaerospace,ats_detected,5,success_after_fallback
c94117e1163d,2026-08-20,bad1b820268a,Dawn Aerospace,https://www.dawnaerospace.com/,https://job-boards.anz.greenhouse.io/dawnaerospace,"Satellite Communications Engineer Delft, South Holland, Netherlands",https://job-boards.anz.greenhouse.io/dawnaerospace/jobs/4001647201,"Delft, South Holland, Netherlands",Delft,South Holland,Netherlands,Not specified,,,,Core Space,2026-08-20,2026-08-20,https://job-boards.anz.greenhouse.io/dawnaerospace,ats_detected,5,success_after_fallback
096dbf50f162,2026-08-20,bad1b820268a,Dawn Aerospace,https://www.dawnaerospace.com/,https://job-boards.anz.greenhouse.io/dawnaerospace,"Satellite RF Hardware & Operations Engineer Delft, South Holland, Netherlands",https://job-boards.anz.greenhouse.io/dawnaerospace/jobs/4000878201,"Delft, South Holland, Netherlands",Delft,South Holland,Netherlands,Not specified,,,,Core Space,2026-08-20,2026-08-20,https://job-boards.anz.greenhouse.io/dawnaerospace,ats_detected,5,success_after_fallback
5a2b0a951f06,2026-08-20,bad1b820268a,Dawn Aerospace,https://www.dawnaerospace.com/,https://job-boards.anz.greenhouse.io/dawnaerospace,"Software Developer Internship – Embedded Linux Delft, South Holland, Netherlands",https://job-boards.anz.greenhouse.io/dawnaerospace/jobs/4004658201,"Delft, South Holland, Netherlands",Delft,South Holland,Netherlands,Not specified,,,,Core Space,2026-08-20,2026-08-20,https://job-boards.anz.greenhouse.io/dawnaerospace,ats_detected,5,success_after_fallback
ac64c55dfb00,2026-08-20,bad1b820268a,Dawn Aerospace,https://www.dawnaerospace.com/,https://job-boards.anz.greenhouse.io/dawnaerospace,"Avionics Technician - Spaceplane New Christchurch, Canterbury, New Zealand",https://job-boards.anz.greenhouse.io/dawnaerospace/jobs/4005859201,"Manhattan, NY, United States",Manhattan,NY,United States,Not specified,,,,Core Space,2026-08-20,2026-08-20,https://job-boards.anz.greenhouse.io/dawnaerospace,ats_detected,5,success_after_fallback
a59f939d5150,2026-08-20,bad1b820268a,Dawn Aerospace,https://www.dawnaerospace.com/,https://job-boards.anz.greenhouse.io/dawnaerospace,"Aircraft Maintenance Technician Christchurch, Canterbury, New Zealand",https://job-boards.anz.greenhouse.io/dawnaerospace/jobs/4005539201,"Manhattan, NY, United States",Manhattan,NY,United States,Not specified,,,,Core Space,2026-08-20,2026-08-20,https://job-boards.anz.greenhouse.io/dawnaerospace,ats_detected,5,success_after_fallback
6ac4ed7744dc,2026-08-20,bad1b820268a,Dawn Aerospace,https://www.dawnaerospace.com/,https://job-boards.anz.greenhouse.io/dawnaerospace,"Senior Systems Engineer - Spaceplane Christchurch, Canterbury, New Zealand",https://job-boards.anz.greenhouse.io/dawnaerospace/jobs/4005444201,"Manhattan, NY, United States",Manhattan,NY,United States,Not specified,,,,Core Space,2026-08-20,2026-08-20,https://job-boards.anz.greenhouse.io/dawnaerospace,ats_detected,5,success_after_fallback
caa5c227ee77,2026-08-20,bad1b820268a,Dawn Aerospace,https://www.dawnaerospace.com/,https://job-boards.anz.greenhouse.io/dawnaerospace,"Facilities & Workplace Coordinator (Part-Time) Christchurch, Canterbury, New Zealand",https://job-boards.anz.greenhouse.io/dawnaerospace/jobs/4005420201,"Manhattan, NY, United States",Manhattan,NY,United States,Not specified,,,,Core Space,2026-08-20,2026-08-20,https://job-boards.anz.greenhouse.io/dawnaerospace,ats_detected,5,success_after_fallback
3406a1d2dfa6,2026-08-20,bad1b820268a,Dawn Aerospace,https://www.dawnaerospace.com/,https://job-boards.anz.greenhouse.io/dawnaerospace,"Compliance & Export Controls Specialist Christchurch, Canterbury, New Zealand",https://job-boards.anz.greenhouse.io/dawnaerospace/jobs/4005442201,"Manhattan, NY, United States",Manhattan,NY,United States,Not specified,,,,Core Space,2026-08-20,2026-08-20,https://job-boards.anz.greenhouse.io/dawnaerospace,ats_detected,5,success_after_fallback
1db33c6f93cb,2026-08-20,bad1b820268a,Dawn Aerospace,https://www.dawnaerospace.com/,https://job-boards.anz.greenhouse.io/dawnaerospace,Head of Defence Sales – Germany Germany,https://job-boards.anz.greenhouse.io/dawnaerospace/jobs/4004923201,"Manhattan, NY, United States",Manhattan,NY,United States,Not specified,,,,Core Space,2026-08-20,2026-08-20,https://job-boards.anz.greenhouse.io/dawnaerospace,ats_detected,5,success_after_fallback
2c974b67f5ad,2026-08-20,ba37ca62f760,echo3D,https://www.echo3d.co/,https://www.echo3d.com/about/careers,Enterprise Sales Executive B2B,https://wellfound.com/jobs/3529921-enterprise-sales-executive-b2b,"Manhattan, NY, United States",Manhattan,NY,United States,Remote,,,,Core Space,2026-08-20,2026-08-20,https://www.echo3d.com/about/careers,known_careers_url,4,success
bb9a4a219de8,2026-08-20,ba37ca62f760,echo3D,https://www.echo3d.co/,https://www.echo3d.com/about/careers,Software Engineer,https://wellfound.com/jobs/1749640-software-engineer,"Manhattan, NY, United States",Manhattan,NY,United States,Remote,,,,Core Space,2026-08-20,2026-08-20,https://www.echo3d.com/about/careers,known_careers_url,4,success
8533e87ca635,2026-08-20,ba37ca62f760,echo3D,https://www.echo3d.co/,https://wellfound.com/jobs/3529921-enterprise-sales-executive-b2b,Scientific Implementation Associate $80k – $80k • 0.005% – 0.025%,https://wellfound.com/jobs/3126751-scientific-implementation-associate,"Manhattan, NY, United States",Manhattan,NY,United States,Not specified,,,,Core Space,2026-08-20,2026-08-20,https://wellfound.com/jobs/3529921-enterprise-sales-executive-b2b,linked_page,4,success_after_fallback
0f004c166e48,2026-08-20,ba37ca62f760,echo3D,https://www.echo3d.co/,https://wellfound.com/jobs/3529921-enterprise-sales-executive-b2b,Senior Client Portfolio Manager $180k – $200k,https://wellfound.com/jobs/3355683-senior-client-portfolio-manager,"Manhattan, NY, United States",Manhattan,NY,United States,Not specified,,,,Core Space,2026-08-20,2026-08-20,https://wellfound.com/jobs/3529921-enterprise-sales-executive-b2b,linked_page,4,success_after_fallback
9ff0f897e2d7,2026-08-20,ba37ca62f760,echo3D,https://www.echo3d.co/,https://wellfound.com/jobs,"Software Engineer II, Backend",https://wellfound.com/jobs/4607376-software-engineer-ii-backend,"Manhattan, NY, United States",Manhattan,NY,United States,Remote,,,,Core Space,2026-08-20,2026-08-20,https://wellfound.com/jobs,linked_page,4,success_after_fallback
3c4d5d506cdd,2026-08-20,ba37ca62f760,echo3D,https://www.echo3d.co/,https://wellfound.com/jobs,Payments Engineer,https://wellfound.com/jobs/4025146-payments-engineer,"Manhattan, NY, United States",Manhattan,NY,United States,Not specified,,,,Core Space,2026-08-20,2026-08-20,https://wellfound.com/jobs,linked_page,4,success_after_fallback
5c50b7575681,2026-08-20,ba37ca62f760,echo3D,https://www.echo3d.co/,https://wellfound.com/jobs,Software Engineer,https://wellfound.com/jobs/4607318-software-engineer,"Manhattan, NY, United States",Manhattan,NY,United States,On-site,,,,Core Space,2026-08-20,2026-08-20,https://wellfound.com/jobs,linked_page,4,success_after_fallback
ba65e8f43fc5,2026-08-20,ba37ca62f760,echo3D,https://www.echo3d.co/,https://wellfound.com/jobs,Senior AI Solutions Engineer,https://wellfound.com/jobs/4231178-senior-ai-solutions-engineer,"Manhattan, NY, United States",Manhattan,NY,United States,Not specified,,,,Core Space,2026-08-20,2026-08-20,https://wellfound.com/jobs,linked_page,4,success_after_fallback
395a44566874,2026-08-20,ba37ca62f760,echo3D,https://www.echo3d.co/,https://wellfound.com/jobs,Backend Engineer (Mid-Level),https://wellfound.com/jobs/4607101-backend-engineer-mid-level,"Manhattan, NY, United States",Manhattan,NY,United States,Not specified,,,,Core Space,2026-08-20,2026-08-20,https://wellfound.com/jobs,linked_page,4,success_after_fallback
cddd99437fa2,2026-08-20,ba37ca62f760,echo3D,https://www.echo3d.co/,https://wellfound.com/jobs,Frontend Engineer,https://wellfound.com/jobs/4521052-frontend-engineer,"Remote only • Dallas, Texas",Remote only • Dallas,TX,United States,Remote,,,,Core Space,2026-08-20,2026-08-20,https://wellfound.com/jobs,linked_page,4,success_after_fallback
9ef850a8f75f,2026-08-20,ba37ca62f760,echo3D,https://www.echo3d.co/,https://wellfound.com/jobs,"Staff Product Manager, B2B",https://wellfound.com/jobs/3542480-staff-product-manager-b2b,"Manhattan, NY, United States",Manhattan,NY,United States,Remote,,,,Core Space,2026-08-20,2026-08-20,https://wellfound.com/jobs,linked_page,4,success_after_fallback
b7a9e503e5b7,2026-08-20,ba37ca62f760,echo3D,https://www.echo3d.co/,https://wellfound.com/jobs,"Senior Product Owner, Cash and Liquidity",https://wellfound.com/jobs/4493413-senior-product-owner-cash-and-liquidity,"Manhattan, NY, United States",Manhattan,NY,United States,Not specified,,,,Core Space,2026-08-20,2026-08-20,https://wellfound.com/jobs,linked_page,4,success_after_fallback
2f9d0e484285,2026-08-20,ba37ca62f760,echo3D,https://www.echo3d.co/,https://wellfound.com/jobs,Founding Product Manager (PM/Design/Eng Hybrid),https://wellfound.com/jobs/4607182-founding-product-manager-pm-design-eng-hybrid,"Manhattan, NY, United States",Manhattan,NY,United States,Remote,,,,Core Space,2026-08-20,2026-08-20,https://wellfound.com/jobs,linked_page,4,success_after_fallback
a17b8ee24608,2026-08-20,ba37ca62f760,echo3D,https://www.echo3d.co/,https://wellfound.com/jobs,"Product & Operations Lead, RFP Proposal Writer Product & Services",https://wellfound.com/jobs/4602721-product-operations-lead-rfp-proposal-writer-product-services,"Manhattan, NY, United States",Manhattan,NY,United States,Not specified,,,,Core Space,2026-08-20,2026-08-20,https://wellfound.com/jobs,linked_page,4,success_after_fallback
0de6391a5aff,2026-08-20,ba37ca62f760,echo3D,https://www.echo3d.co/,https://wellfound.com/jobs,Web Developer,https://wellfound.com/jobs/4597705-web-developer,"Manhattan, NY, United States",Manhattan,NY,United States,Remote,,,,Core Space,2026-08-20,2026-08-20,https://wellfound.com/jobs,linked_page,4,success_after_fallback
6f5cf5462f85,2026-08-20,ba37ca62f760,echo3D,https://www.echo3d.co/,https://wellfound.com/jobs,Creative Designer,https://wellfound.com/jobs/4584373-creative-designer,"Manhattan, NY, United States",Manhattan,NY,United States,Remote,,,,Core Space,2026-08-20,2026-08-20,https://wellfound.com/jobs,linked_page,4,success_after_fallback
a13ec9ea6447,2026-08-20,ba37ca62f760,echo3D,https://www.echo3d.co/,https://wellfound.com/jobs,Instructional Designer,https://wellfound.com/jobs/4575636-instructional-designer,"Manhattan, NY, United States",Manhattan,NY,United States,Not specified,,,,Core Space,2026-08-20,2026-08-20,https://wellfound.com/jobs,linked_page,4,success_after_fallback
1b793e786863,2026-08-20,ba37ca62f760,echo3D,https://www.echo3d.co/,https://wellfound.com/jobs,Founding Product UI / UX Designer - Consumer,https://wellfound.com/jobs/4555173-founding-product-ui-ux-designer-consumer,"Manhattan, NY, United States",Manhattan,NY,United States,Remote,,,,Core Space,2026-08-20,2026-08-20,https://wellfound.com/jobs,linked_page,4,success_after_fallback
76436592b2c9,2026-08-20,ba37ca62f760,echo3D,https://www.echo3d.co/,https://wellfound.com/jobs,Data Engineer,https://wellfound.com/jobs/4602438-data-engineer,"Manhattan, NY, United States",Manhattan,NY,United States,Remote,,,,Core Space,2026-08-20,2026-08-20,https://wellfound.com/jobs,linked_page,4,success_after_fallback
38dd09d6d4e4,2026-08-20,ba37ca62f760,echo3D,https://www.echo3d.co/,https://wellfound.com/jobs,"Data Engineer (Staff, Principal, Lead)",https://wellfound.com/jobs/3994821-2-data-engineer-staff-principal-lead,"Manhattan, NY, United States",Manhattan,NY,United States,On-site,,,,Core Space,2026-08-20,2026-08-20,https://wellfound.com/jobs,linked_page,4,success_after_fallback
8c9009a238a6,2026-08-20,ba37ca62f760,echo3D,https://www.echo3d.co/,https://wellfound.com/jobs,Web Scraping Specialist,https://wellfound.com/jobs/2912889-web-scraping-specialist,"Manhattan, NY, United States",Manhattan,NY,United States,Remote,,,,Core Space,2026-08-20,2026-08-20,https://wellfound.com/jobs,linked_page,4,success_after_fallback
a1630175e6ea,2026-08-20,ba37ca62f760,echo3D,https://www.echo3d.co/,https://wellfound.com/jobs,Lead Data Engineer,https://wellfound.com/jobs/4379442-lead-data-engineer,"Manhattan, NY, United States",Manhattan,NY,United States,Remote,,,,Core Space,2026-08-20,2026-08-20,https://wellfound.com/jobs,linked_page,4,success_after_fallback
46dede2704ef,2026-08-20,ba37ca62f760,echo3D,https://www.echo3d.co/,https://wellfound.com/jobs,Senior Data Engineer,https://wellfound.com/jobs/4579478-senior-data-engineer,"Manhattan, NY, United States",Manhattan,NY,United States,On-site,,,,Core Space,2026-08-20,2026-08-20,https://wellfound.com/jobs,linked_page,4,success_after_fallback
dc8b188053e9,2026-08-20,ba37ca62f760,echo3D,https://www.echo3d.co/,https://wellfound.com/jobs,Founding Commercial Lead / High-Ticket Closer [Performance Based],https://wellfound.com/jobs/4610009-founding-commercial-lead-high-ticket-closer-performance-based,"Manhattan, NY, United States",Manhattan,NY,United States,Remote,,,,Core Space,2026-08-20,2026-08-20,https://wellfound.com/jobs,linked_page,4,success_after_fallback
88238ef45abb,2026-08-20,ba37ca62f760,echo3D,https://www.echo3d.co/,https://wellfound.com/jobs,Senior Sales Engineer,https://wellfound.com/jobs/4602717-senior-sales-engineer,"Manhattan, NY, United States",Manhattan,NY,United States,Remote,,,,Core Space,2026-08-20,2026-08-20,https://wellfound.com/jobs,linked_page,4,success_after_fallback
99ef12012e6a,2026-08-20,ba37ca62f760,echo3D,https://www.echo3d.co/,https://wellfound.com/jobs,VP of Sales,https://wellfound.com/jobs/4584266-vp-of-sales,"Manhattan, NY, United States",Manhattan,NY,United States,On-site,,,,Core Space,2026-08-20,2026-08-20,https://wellfound.com/jobs,linked_page,4,success_after_fallback
2fbd7ddfa48b,2026-08-20,ba37ca62f760,echo3D,https://www.echo3d.co/,https://wellfound.com/jobs,Solutions Engineer,https://wellfound.com/jobs/4594827-solutions-engineer,"Manhattan, NY, United States",Manhattan,NY,United States,Remote,,,,Core Space,2026-08-20,2026-08-20,https://wellfound.com/jobs,linked_page,4,success_after_fallback
baa84944c572,2026-08-20,ba37ca62f760,echo3D,https://www.echo3d.co/,https://wellfound.com/jobs,Senior Martech Engineer,https://wellfound.com/jobs/4607195-senior-martech-engineer,"Manhattan, NY, United States",Manhattan,NY,United States,Remote,,,,Core Space,2026-08-20,2026-08-20,https://wellfound.com/jobs,linked_page,4,success_after_fallback
a0960344c519,2026-08-20,ba37ca62f760,echo3D,https://www.echo3d.co/,https://wellfound.com/jobs,B2B Ride-hailing Technology Company looking for a Digital Marketing Manager/CMO,https://wellfound.com/jobs/4597868-b2b-ride-hailing-technology-company-looking-for-a-digital-marketing-manager-cmo,"Remote only • California, United States",Remote only • California,,United States,Remote,,,,Core Space,2026-08-20,2026-08-20,https://wellfound.com/jobs,linked_page,4,success_after_fallback
a22de124bc76,2026-08-20,ba37ca62f760,echo3D,https://www.echo3d.co/,https://wellfound.com/jobs,Field Sales Representative,https://wellfound.com/jobs/4597848-field-sales-representative,"Manhattan, NY, United States",Manhattan,NY,United States,On-site,,,,Core Space,2026-08-20,2026-08-20,https://wellfound.com/jobs,linked_page,4,success_after_fallback
0fd16975e84a,2026-08-20,ba37ca62f760,echo3D,https://www.echo3d.co/,https://wellfound.com/jobs,Social Media & Content Lead,https://wellfound.com/jobs/4594836-social-media-content-lead,"Manhattan, NY, United States",Manhattan,NY,United States,On-site,,,,Core Space,2026-08-20,2026-08-20,https://wellfound.com/jobs,linked_page,4,success_after_fallback
b891f98643f3,2026-08-20,ba37ca62f760,echo3D,https://www.echo3d.co/,https://wellfound.com/jobs,"Regional Manager, Virginia",https://wellfound.com/jobs/4607259-regional-manager-virginia,"Manhattan, NY, United States",Manhattan,NY,United States,Not specified,,,,Core Space,2026-08-20,2026-08-20,https://wellfound.com/jobs,linked_page,4,success_after_fallback
fa5893b3e834,2026-08-20,ba37ca62f760,echo3D,https://www.echo3d.co/,https://wellfound.com/jobs,Events Manager,https://wellfound.com/jobs/4602753-events-manager,"Manhattan, NY, United States",Manhattan,NY,United States,Not specified,,,,Core Space,2026-08-20,2026-08-20,https://wellfound.com/jobs,linked_page,4,success_after_fallback
9fcf0872a8d6,2026-08-20,ba37ca62f760,echo3D,https://www.echo3d.co/,https://wellfound.com/jobs,"District Manager, East Coast",https://wellfound.com/jobs/4602701-district-manager-east-coast,"Manhattan, NY, United States",Manhattan,NY,United States,Not specified,,,,Core Space,2026-08-20,2026-08-20,https://wellfound.com/jobs,linked_page,4,success_after_fallback
54e1e8918b37,2026-08-20,ba37ca62f760,echo3D,https://www.echo3d.co/,https://wellfound.com/jobs,Sales Onboarding Manager,https://wellfound.com/jobs/4602696-sales-onboarding-manager,"Manhattan, NY, United States",Manhattan,NY,United States,Remote,,,,Core Space,2026-08-20,2026-08-20,https://wellfound.com/jobs,linked_page,4,success_after_fallback
6071f39d3482,2026-08-20,ba37ca62f760,echo3D,https://www.echo3d.co/,https://wellfound.com/jobs,Impact Leader – Enterprise AI Delivery (US),https://wellfound.com/jobs/4362005-impact-leader-enterprise-ai-delivery-us,"Manhattan, NY, United States",Manhattan,NY,United States,Remote,,,,Core Space,2026-08-20,2026-08-20,https://wellfound.com/jobs,linked_page,4,success_after_fallback
e8f37f829675,2026-08-20,ba37ca62f760,echo3D,https://www.echo3d.co/,https://wellfound.com/jobs,"Founding Recruiter, Technical",https://wellfound.com/jobs/4245731-founding-recruiter-technical,"Manhattan, NY, United States",Manhattan,NY,United States,Not specified,,,,Core Space,2026-08-20,2026-08-20,https://wellfound.com/jobs,linked_page,4,success_after_fallback
9d012e68b1cb,2026-08-20,ba37ca62f760,echo3D,https://www.echo3d.co/,https://wellfound.com/jobs,Senior Recruiter,https://wellfound.com/jobs/3886137-senior-recruiter,"Manhattan, NY, United States",Manhattan,NY,United States,Remote,,,,Core Space,2026-08-20,2026-08-20,https://wellfound.com/jobs,linked_page,4,success_after_fallback
9a468199a914,2026-08-20,ba37ca62f760,echo3D,https://www.echo3d.co/,https://wellfound.com/jobs,"Director, SOX Compliance",https://wellfound.com/jobs/4607333-director-sox-compliance,"Manhattan, NY, United States",Manhattan,NY,United States,Not specified,,,,Core Space,2026-08-20,2026-08-20,https://wellfound.com/jobs,linked_page,4,success_after_fallback
0fd2acbde539,2026-08-20,ba37ca62f760,echo3D,https://www.echo3d.co/,https://wellfound.com/jobs,Technical Accounting Manager,https://wellfound.com/jobs/4607303-technical-accounting-manager,"Manhattan, NY, United States",Manhattan,NY,United States,Not specified,,,,Core Space,2026-08-20,2026-08-20,https://wellfound.com/jobs,linked_page,4,success_after_fallback
6230c35b5912,2026-08-20,ba37ca62f760,echo3D,https://www.echo3d.co/,https://wellfound.com/jobs,Revenue Accounting - Senior Associate,https://wellfound.com/jobs/4602587-revenue-accounting-senior-associate,"Manhattan, NY, United States",Manhattan,NY,United States,Not specified,,,,Core Space,2026-08-20,2026-08-20,https://wellfound.com/jobs,linked_page,4,success_after_fallback
4ffe8f08ee16,2026-08-20,ba37ca62f760,echo3D,https://www.echo3d.co/,https://wellfound.com/jobs,Remote Software Engineer Jobs,https://wellfound.com/role/r/software-engineer,"Manhattan, NY, United States",Manhattan,NY,United States,Remote,,,,Core Space,2026-08-20,2026-08-20,https://wellfound.com/jobs,linked_page,3,success_after_fallback
a36be93e0048,2026-08-20,ba37ca62f760,echo3D,https://www.echo3d.co/,https://wellfound.com/jobs,Remote Product Manager Jobs,https://wellfound.com/role/r/product-manager,"Manhattan, NY, United States",Manhattan,NY,United States,Remote,,,,Core Space,2026-08-20,2026-08-20,https://wellfound.com/jobs,linked_page,3,success_after_fallback
864abf04a02f,2026-08-20,ba37ca62f760,echo3D,https://www.echo3d.co/,https://wellfound.com/jobs,Remote Data Analyst Jobs,https://wellfound.com/role/r/data-analyst,"Manhattan, NY, United States",Manhattan,NY,United States,Remote,,,,Core Space,2026-08-20,2026-08-20,https://wellfound.com/jobs,linked_page,3,success_after_fallback
c51db9a7fc56,2026-08-20,ba37ca62f760,echo3D,https://www.echo3d.co/,https://wellfound.com/jobs,Remote Product Designer Jobs,https://wellfound.com/role/r/product-designer,"Manhattan, NY, United States",Manhattan,NY,United States,Remote,,,,Core Space,2026-08-20,2026-08-20,https://wellfound.com/jobs,linked_page,3,success_after_fallback
21aa410252f9,2026-08-20,ba37ca62f760,echo3D,https://www.echo3d.co/,https://wellfound.com/jobs,Remote Graphic Designer Jobs,https://wellfound.com/role/r/graphic-designer,"Manhattan, NY, United States",Manhattan,NY,United States,Remote,,,,Core Space,2026-08-20,2026-08-20,https://wellfound.com/jobs,linked_page,3,success_after_fallback
2fcff47c1465,2026-08-20,ba37ca62f760,echo3D,https://www.echo3d.co/,https://wellfound.com/jobs,Remote UI/UX Designer Jobs,https://wellfound.com/role/r/ui-ux-designer,"Manhattan, NY, United States",Manhattan,NY,United States,Remote,,,,Core Space,2026-08-20,2026-08-20,https://wellfound.com/jobs,linked_page,3,success_after_fallback
5c3a89bd8bc7,2026-08-20,ba37ca62f760,echo3D,https://www.echo3d.co/,https://wellfound.com/jobs,Remote Operations Manager Jobs,https://wellfound.com/role/r/operations-manager,"Manhattan, NY, United States",Manhattan,NY,United States,Remote,,,,Core Space,2026-08-20,2026-08-20,https://wellfound.com/jobs,linked_page,3,success_after_fallback
c33e6e97fc39,2026-08-20,ba37ca62f760,echo3D,https://www.echo3d.co/,https://wellfound.com/jobs,Remote Account Manager Jobs,https://wellfound.com/role/r/account-manager,"Manhattan, NY, United States",Manhattan,NY,United States,Remote,,,,Core Space,2026-08-20,2026-08-20,https://wellfound.com/jobs,linked_page,3,success_after_fallback
5217fcd690d9,2026-08-20,ba37ca62f760,echo3D,https://www.echo3d.co/,https://wellfound.com/jobs,Remote Sales Manager Jobs,https://wellfound.com/role/r/sales-manager,"Manhattan, NY, United States",Manhattan,NY,United States,Remote,,,,Core Space,2026-08-20,2026-08-20,https://wellfound.com/jobs,linked_page,3,success_after_fallback
0b7eb8bfe674,2026-08-20,ba37ca62f760,echo3D,https://www.echo3d.co/,https://wellfound.com/jobs,Remote Financial Analyst Jobs,https://wellfound.com/role/r/financial-analyst,"Manhattan, NY, United States",Manhattan,NY,United States,Remote,,,,Core Space,2026-08-20,2026-08-20,https://wellfound.com/jobs,linked_page,3,success_after_fallback
e9149de421e0,2026-08-20,ba37ca62f760,echo3D,https://www.echo3d.co/,https://wellfound.com/jobs,Remote HR Manager Jobs,https://wellfound.com/role/r/hr-manager,"Manhattan, NY, United States",Manhattan,NY,United States,Remote,,,,Core Space,2026-08-20,2026-08-20,https://wellfound.com/jobs,linked_page,3,success_after_fallback
fd08b401b85c,2026-08-20,ba37ca62f760,echo3D,https://www.echo3d.co/,https://wellfound.com/browse/tech-jobs,Smart contract Developer,https://wellfound.com/role/smart-contract-developer,"Manhattan, NY, United States",Manhattan,NY,United States,Not specified,,,,Core Space,2026-08-20,2026-08-20,https://wellfound.com/browse/tech-jobs,linked_page,3,success_after_fallback
e0d5fc14ea4a,2026-08-20,ba37ca62f760,echo3D,https://www.echo3d.co/,https://wellfound.com/browse/remote-tech-jobs,Smart contract Developer,https://wellfound.com/role/r/smart-contract-developer,"Manhattan, NY, United States",Manhattan,NY,United States,Not specified,,,,Core Space,2026-08-20,2026-08-20,https://wellfound.com/browse/remote-tech-jobs,linked_page,3,success_after_fallback
3aa393bf69bb,2026-08-20,ba37ca62f760,echo3D,https://www.echo3d.co/,https://wellfound.com/jobs/1959251-enterprise-account-executive,Enterprise Account Executive,https://wellfound.com/jobs/1959251-enterprise-account-executive,"New York, New York, United States",New York,NY,United States,Remote,120000,180000,"Artificial Intelligence, Construction, Predictive Analytics, and Internet of Things",Core Space,2026-08-20,2026-08-20,https://wellfound.com/jobs/1959251-enterprise-account-executive,linked_page,3,success_after_fallback
2ae35c6e7a7f,2026-08-20,ba37ca62f760,echo3D,https://www.echo3d.co/,https://wellfound.com/jobs/1959251-enterprise-account-executive,Us Business Development And Operations Support Specialist Retail Robotic Solutions,https://wellfound.com/jobs/3130978-us-business-development-and-operations-support-specialist-retail-robotic-solutions,"Manhattan, NY, United States",Manhattan,NY,United States,Not specified,,,,Core Space,2026-08-20,2026-08-20,https://wellfound.com/jobs/1959251-enterprise-account-executive,linked_page,4,success_after_fallback
594ee8ebb9f5,2026-08-20,ba37ca62f760,echo3D,https://www.echo3d.co/,https://wellfound.com/jobs/2742334-account-executive,Account Executive,https://wellfound.com/jobs/2742334-account-executive,"New York, New York, United States",New York,NY,United States,Not specified,140000,180000,"Enterprise Software, B2B, Software, Finance Technology, Wealth Management, and Fin Tech",Core Space,2026-08-20,2026-08-20,https://wellfound.com/jobs/2742334-account-executive,linked_page,3,success_after_fallback
e07aba4d4e3c,2026-08-20,ba37ca62f760,echo3D,https://www.echo3d.co/,https://wellfound.com/jobs/3096753-account-executive-enterprise,"Account Executive, Enterprise",https://wellfound.com/jobs/3096753-account-executive-enterprise,"New York, New York, United States; California, United States",New York,NY,United States,Not specified,140000,180000,"Financial Services, Finance, Identity Management, and Financial Technology",Core Space,2026-08-20,2026-08-20,https://wellfound.com/jobs/3096753-account-executive-enterprise,linked_page,3,success_after_fallback
7461e070df11,2026-08-20,ba37ca62f760,echo3D,https://www.echo3d.co/,https://wellfound.com/jobs/3126751-scientific-implementation-associate,Customer Onboarding Specialist - FinTech SaaS $70k – $105k • 0.0% – 0.5%,https://wellfound.com/jobs/3162208-customer-success-specialist-financial-systems,"Manhattan, NY, United States",Manhattan,NY,United States,Not specified,,,,Core Space,2026-08-20,2026-08-20,https://wellfound.com/jobs/3126751-scientific-implementation-associate,linked_page,4,success_after_fallback
882c361c4c78,2026-08-20,ba37ca62f760,echo3D,https://www.echo3d.co/,https://wellfound.com/jobs/3126751-scientific-implementation-associate,"Implementation Consultant, Advisory $100k – $130k",https://wellfound.com/jobs/3163092-implementation-consultant-advisory,"Manhattan, NY, United States",Manhattan,NY,United States,Not specified,,,,Core Space,2026-08-20,2026-08-20,https://wellfound.com/jobs/3126751-scientific-implementation-associate,linked_page,4,success_after_fallback
c3c1a3932261,2026-08-20,ba37ca62f760,echo3D,https://www.echo3d.co/,https://wellfound.com/jobs/3126751-scientific-implementation-associate,Enterprise Customer Success Manager $140k – $210k,https://wellfound.com/jobs/3528747-enterprise-customer-success-manager,"Manhattan, NY, United States",Manhattan,NY,United States,Not specified,,,,Core Space,2026-08-20,2026-08-20,https://wellfound.com/jobs/3126751-scientific-implementation-associate,linked_page,4,success_after_fallback
2c010feac993,2026-08-20,ba37ca62f760,echo3D,https://www.echo3d.co/,https://wellfound.com/jobs/3126751-scientific-implementation-associate,Strategic Customer Success Manager - Americas $150k – $189k,https://wellfound.com/jobs/3532296-2-strategic-customer-success-manager-americas,"Manhattan, NY, United States",Manhattan,NY,United States,Not specified,,,,Core Space,2026-08-20,2026-08-20,https://wellfound.com/jobs/3126751-scientific-implementation-associate,linked_page,4,success_after_fallback
9ed3ad74d2c1,2026-08-20,ba37ca62f760,echo3D,https://www.echo3d.co/,https://wellfound.com/jobs/3126751-scientific-implementation-associate,Client Success Manager (NYC/London) $90k – $100k,https://wellfound.com/jobs/3540384-client-success-manager-nyc-london,"Manhattan, NY, United States",Manhattan,NY,United States,Not specified,,,,Core Space,2026-08-20,2026-08-20,https://wellfound.com/jobs/3126751-scientific-implementation-associate,linked_page,4,success_after_fallback
070728499f89,2026-08-20,ba37ca62f760,echo3D,https://www.echo3d.co/,https://wellfound.com/jobs/3126751-scientific-implementation-associate,Senior Account Manager (Pharma & Life Sciences) $80k – $100k • No equity,https://wellfound.com/jobs/3540750-senior-account-manager-pharma-life-sciences,"Manhattan, NY, United States",Manhattan,NY,United States,Not specified,,,,Core Space,2026-08-20,2026-08-20,https://wellfound.com/jobs/3126751-scientific-implementation-associate,linked_page,4,success_after_fallback
a57c91087bcc,2026-08-20,ba37ca62f760,echo3D,https://www.echo3d.co/,https://wellfound.com/jobs/3126751-scientific-implementation-associate,Client Success Manager $100k – $130k,https://wellfound.com/jobs/3627108-client-success-manager,"Manhattan, NY, United States",Manhattan,NY,United States,Not specified,,,,Core Space,2026-08-20,2026-08-20,https://wellfound.com/jobs/3126751-scientific-implementation-associate,linked_page,4,success_after_fallback
859458d33427,2026-08-20,ba37ca62f760,echo3D,https://www.echo3d.co/,https://wellfound.com/jobs/3126751-scientific-implementation-associate,Enterprise Customer Success Manager $133k – $166k,https://wellfound.com/jobs/3652064-enterprise-customer-success-manager,"Manhattan, NY, United States",Manhattan,NY,United States,Not specified,,,,Core Space,2026-08-20,2026-08-20,https://wellfound.com/jobs/3126751-scientific-implementation-associate,linked_page,4,success_after_fallback
0f016734aae9,2026-08-20,b0d788b8ea7e,ENSCO Avionics,https://www.ensco.com/aerospace/avionics-engineering-certification,https://job-boards.greenhouse.io/ensco,"Assistant Controller New Vienna, Virginia, United States",https://job-boards.greenhouse.io/ensco/jobs/5389049008,"Vienna, Virginia, United States",Vienna,VA,United States,Not specified,,,,Aerospace,2026-08-20,2026-08-20,https://job-boards.greenhouse.io/ensco,known_careers_url,5,success
30cd0322985c,2026-08-20,b0d788b8ea7e,ENSCO Avionics,https://www.ensco.com/aerospace/avionics-engineering-certification,https://job-boards.greenhouse.io/ensco,"Avionics Logistics Engineer II Endicott, New York, United States",https://job-boards.greenhouse.io/ensco/jobs/5214130008,"Endicott, New York, United States",Endicott,NY,United States,Not specified,,,,Aerospace,2026-08-20,2026-08-20,https://job-boards.greenhouse.io/ensco,known_careers_url,5,success
18bbfc625340,2026-08-20,b0d788b8ea7e,ENSCO Avionics,https://www.ensco.com/aerospace/avionics-engineering-certification,https://job-boards.greenhouse.io/ensco,"Avionics Software Engineer III Endicott, New York, United States",https://job-boards.greenhouse.io/ensco/jobs/5160122008,"Endicott, New York, United States",Endicott,NY,United States,Not specified,,,,Aerospace,2026-08-20,2026-08-20,https://job-boards.greenhouse.io/ensco,known_careers_url,5,success
f51bdebb2917,2026-08-20,b0d788b8ea7e,ENSCO Avionics,https://www.ensco.com/aerospace/avionics-engineering-certification,https://job-boards.greenhouse.io/ensco,"Computer Support Specialist New Colorado Springs, Colorado, United States",https://job-boards.greenhouse.io/ensco/jobs/5387813008,"Colorado Springs, Colorado, United States",Colorado Springs,CO,United States,Not specified,,,,Aerospace,2026-08-20,2026-08-20,https://job-boards.greenhouse.io/ensco,known_careers_url,5,success
85bbff793bfc,2026-08-20,b0d788b8ea7e,ENSCO Avionics,https://www.ensco.com/aerospace/avionics-engineering-certification,https://job-boards.greenhouse.io/ensco,"Configuration Management Specialist El Segundo, California, United States",https://job-boards.greenhouse.io/ensco/jobs/5361928008,"El Segundo, California, United States",El Segundo,CA,United States,Not specified,,,,Aerospace,2026-08-20,2026-08-20,https://job-boards.greenhouse.io/ensco,known_careers_url,5,success
78d0b807ba6a,2026-08-20,b0d788b8ea7e,ENSCO Avionics,https://www.ensco.com/aerospace/avionics-engineering-certification,https://job-boards.greenhouse.io/ensco,"Electrical Engineer / Board Designer Endicott, New York, United States",https://job-boards.greenhouse.io/ensco/jobs/5349135008,"Endicott, New York, United States",Endicott,NY,United States,Not specified,,,,Aerospace,2026-08-20,2026-08-20,https://job-boards.greenhouse.io/ensco,known_careers_url,5,success
08b2d8483858,2026-08-20,b0d788b8ea7e,ENSCO Avionics,https://www.ensco.com/aerospace/avionics-engineering-certification,https://job-boards.greenhouse.io/ensco,"Embedded Software Engineer Endicott, New York, United States",https://job-boards.greenhouse.io/ensco/jobs/5349198008,"Endicott, New York, United States",Endicott,NY,United States,Not specified,,,,Aerospace,2026-08-20,2026-08-20,https://job-boards.greenhouse.io/ensco,known_careers_url,5,success
ab3a86522c0f,2026-08-20,b0d788b8ea7e,ENSCO Avionics,https://www.ensco.com/aerospace/avionics-engineering-certification,https://job-boards.greenhouse.io/ensco,"Enterprise Architect Fort Washington, Maryland, United States; Warrenton, Virginia, United States",https://job-boards.greenhouse.io/ensco/jobs/5286837008,"Fort Washington, Maryland, United States; Warrenton, Virginia, United States",Fort Washington,MD,United States,Not specified,,,,Aerospace,2026-08-20,2026-08-20,https://job-boards.greenhouse.io/ensco,known_careers_url,5,success
35f6e0cf6a13,2026-08-20,b0d788b8ea7e,ENSCO Avionics,https://www.ensco.com/aerospace/avionics-engineering-certification,https://job-boards.greenhouse.io/ensco,"Environmental Health & Safety (EHS) Specialist New Pueblo, Colorado, United States",https://job-boards.greenhouse.io/ensco/jobs/5380647008,"Pueblo, Colorado, United States",Pueblo,CO,United States,Not specified,,,,Aerospace,2026-08-20,2026-08-20,https://job-boards.greenhouse.io/ensco,known_careers_url,5,success
44cec47aec75,2026-08-20,b0d788b8ea7e,ENSCO Avionics,https://www.ensco.com/aerospace/avionics-engineering-certification,https://job-boards.greenhouse.io/ensco,"Field Service Engineer Chambersburg, Pennsylvania, United States",https://job-boards.greenhouse.io/ensco/jobs/5268029008,"Chambersburg, Pennsylvania, United States",Chambersburg,PA,United States,Not specified,,,,Aerospace,2026-08-20,2026-08-20,https://job-boards.greenhouse.io/ensco,known_careers_url,5,success
0a8d11a57921,2026-08-20,b0d788b8ea7e,ENSCO Avionics,https://www.ensco.com/aerospace/avionics-engineering-certification,https://job-boards.greenhouse.io/ensco,"FPGA Designer Endicott, New York, United States",https://job-boards.greenhouse.io/ensco/jobs/5349060008,"Endicott, New York, United States",Endicott,NY,United States,Not specified,,,,Aerospace,2026-08-20,2026-08-20,https://job-boards.greenhouse.io/ensco,known_careers_url,5,success
72f3e05bafe1,2026-08-20,b0d788b8ea7e,ENSCO Avionics,https://www.ensco.com/aerospace/avionics-engineering-certification,https://job-boards.greenhouse.io/ensco,"Junior Enterprise Architect Fort Washington, Maryland, United States; Warrenton, Virginia, United States",https://job-boards.greenhouse.io/ensco/jobs/5286847008,"Fort Washington, Maryland, United States; Warrenton, Virginia, United States",Fort Washington,MD,United States,Not specified,,,,Aerospace,2026-08-20,2026-08-20,https://job-boards.greenhouse.io/ensco,known_careers_url,5,success
c0b48621c24a,2026-08-20,b0d788b8ea7e,ENSCO Avionics,https://www.ensco.com/aerospace/avionics-engineering-certification,https://job-boards.greenhouse.io/ensco,"Junior Scientific Data Analyst Melbourne, Florida, United States",https://job-boards.greenhouse.io/ensco/jobs/5354767008,"Melbourne, Florida, United States",Melbourne,FL,United States,Not specified,,,,Aerospace,2026-08-20,2026-08-20,https://job-boards.greenhouse.io/ensco,known_careers_url,5,success
9efbb6b72098,2026-08-20,b0d788b8ea7e,ENSCO Avionics,https://www.ensco.com/aerospace/avionics-engineering-certification,https://job-boards.greenhouse.io/ensco,"Junior Technician Chambersburg, Pennsylvania, United States",https://job-boards.greenhouse.io/ensco/jobs/5238947008,"Chambersburg, Pennsylvania, United States",Chambersburg,PA,United States,Not specified,,,,Aerospace,2026-08-20,2026-08-20,https://job-boards.greenhouse.io/ensco,known_careers_url,5,success
4c926dfe0b51,2026-08-20,b0d788b8ea7e,ENSCO Avionics,https://www.ensco.com/aerospace/avionics-engineering-certification,https://job-boards.greenhouse.io/ensco,"Junior Technician Chambersburg, Pennsylvania, United States",https://job-boards.greenhouse.io/ensco/jobs/5384815008,"Chambersburg, Pennsylvania, United States",Chambersburg,PA,United States,Not specified,,,,Aerospace,2026-08-20,2026-08-20,https://job-boards.greenhouse.io/ensco,known_careers_url,5,success
58f245b6716a,2026-08-20,b0d788b8ea7e,ENSCO Avionics,https://www.ensco.com/aerospace/avionics-engineering-certification,https://job-boards.greenhouse.io/ensco,"Mechanical Engineer Endicott, New York, United States",https://job-boards.greenhouse.io/ensco/jobs/5350248008,"Endicott, New York, United States",Endicott,NY,United States,Not specified,,,,Aerospace,2026-08-20,2026-08-20,https://job-boards.greenhouse.io/ensco,known_careers_url,5,success
7306101f4161,2026-08-20,b0d788b8ea7e,ENSCO Avionics,https://www.ensco.com/aerospace/avionics-engineering-certification,https://job-boards.greenhouse.io/ensco,"Onsite Mission Operations & Technical Support Specialist Melbourne, Florida, United States",https://job-boards.greenhouse.io/ensco/jobs/5383032008,"Melbourne, Florida, United States",Melbourne,FL,United States,On-site,,,,Aerospace,2026-08-20,2026-08-20,https://job-boards.greenhouse.io/ensco,known_careers_url,5,success
8f83ef44da1b,2026-08-20,b0d788b8ea7e,ENSCO Avionics,https://www.ensco.com/aerospace/avionics-engineering-certification,https://job-boards.greenhouse.io/ensco,RHEL Systems Administrator (Cameo Administrator),https://job-boards.greenhouse.io/ensco/jobs/5375450008,"Fort Washington, Maryland, United States; Warrenton, Virginia, United States",Fort Washington,MD,United States,Not specified,,,,Aerospace,2026-08-20,2026-08-20,https://job-boards.greenhouse.io/ensco,known_careers_url,5,success
3656344df8eb,2026-08-20,b0d788b8ea7e,ENSCO Avionics,https://www.ensco.com/aerospace/avionics-engineering-certification,https://job-boards.greenhouse.io/ensco,"Scientific Data Analyst Melbourne, Florida, United States",https://job-boards.greenhouse.io/ensco/jobs/5279479008,"Melbourne, Florida, United States",Melbourne,FL,United States,Not specified,,,,Aerospace,2026-08-20,2026-08-20,https://job-boards.greenhouse.io/ensco,known_careers_url,5,success
3b2ad96ac381,2026-08-20,b0d788b8ea7e,ENSCO Avionics,https://www.ensco.com/aerospace/avionics-engineering-certification,https://job-boards.greenhouse.io/ensco,"Senior Program Systems Integration Engineer El Segundo, California, United States",https://job-boards.greenhouse.io/ensco/jobs/5361966008,"El Segundo, California, United States",El Segundo,CA,United States,Not specified,,,,Aerospace,2026-08-20,2026-08-20,https://job-boards.greenhouse.io/ensco,known_careers_url,5,success
6ad05658c5e8,2026-08-20,b0d788b8ea7e,ENSCO Avionics,https://www.ensco.com/aerospace/avionics-engineering-certification,https://job-boards.greenhouse.io/ensco,"Senior Project Manager Pueblo, Colorado, United States",https://job-boards.greenhouse.io/ensco/jobs/5384887008,"Pueblo, Colorado, United States",Pueblo,CO,United States,Not specified,,,,Aerospace,2026-08-20,2026-08-20,https://job-boards.greenhouse.io/ensco,known_careers_url,5,success
4e41a2ff7770,2026-08-20,b0d788b8ea7e,ENSCO Avionics,https://www.ensco.com/aerospace/avionics-engineering-certification,https://job-boards.greenhouse.io/ensco,"Senior Software Systems Engineer Endicott, New York, United States",https://job-boards.greenhouse.io/ensco/jobs/5219423008,"Endicott, New York, United States",Endicott,NY,United States,Not specified,,,,Aerospace,2026-08-20,2026-08-20,https://job-boards.greenhouse.io/ensco,known_careers_url,5,success
1dba221488b5,2026-08-20,b0d788b8ea7e,ENSCO Avionics,https://www.ensco.com/aerospace/avionics-engineering-certification,https://job-boards.greenhouse.io/ensco,"Senior Staff Project Coordinator New Endicott, New York, United States",https://job-boards.greenhouse.io/ensco/jobs/5394028008,"Endicott, New York, United States",Endicott,NY,United States,Not specified,,,,Aerospace,2026-08-20,2026-08-20,https://job-boards.greenhouse.io/ensco,known_careers_url,5,success
59c84a5b209a,2026-08-20,b0d788b8ea7e,ENSCO Avionics,https://www.ensco.com/aerospace/avionics-engineering-certification,https://job-boards.greenhouse.io/ensco,"Senior Sustainment Systems Engineer Colorado Springs, Colorado, United States",https://job-boards.greenhouse.io/ensco/jobs/5231434008,"Colorado Springs, Colorado, United States",Colorado Springs,CO,United States,Not specified,,,,Aerospace,2026-08-20,2026-08-20,https://job-boards.greenhouse.io/ensco,known_careers_url,5,success
722e6ef316e1,2026-08-20,b0d788b8ea7e,ENSCO Avionics,https://www.ensco.com/aerospace/avionics-engineering-certification,https://job-boards.greenhouse.io/ensco,"Senior Target Digital Network Analyst Colorado Springs, Colorado, United States",https://job-boards.greenhouse.io/ensco/jobs/5308852008,"Colorado Springs, Colorado, United States",Colorado Springs,CO,United States,Not specified,,,,Aerospace,2026-08-20,2026-08-20,https://job-boards.greenhouse.io/ensco,known_careers_url,5,success
d900795cadd4,2026-08-20,b0d788b8ea7e,ENSCO Avionics,https://www.ensco.com/aerospace/avionics-engineering-certification,https://job-boards.greenhouse.io/ensco,"Software Architect Colorado Springs, Colorado, United States",https://job-boards.greenhouse.io/ensco/jobs/5287251008,"Colorado Springs, Colorado, United States",Colorado Springs,CO,United States,Not specified,,,,Aerospace,2026-08-20,2026-08-20,https://job-boards.greenhouse.io/ensco,known_careers_url,5,success
5e21881dd2f0,2026-08-20,b0d788b8ea7e,ENSCO Avionics,https://www.ensco.com/aerospace/avionics-engineering-certification,https://job-boards.greenhouse.io/ensco,"Software Delivery Lead Colorado Springs, Colorado, United States; El Segundo, California, United States",https://job-boards.greenhouse.io/ensco/jobs/5361886008,"Colorado Springs, Colorado, United States; El Segundo, California, United States",Colorado Springs,CO,United States,Not specified,,,,Aerospace,2026-08-20,2026-08-20,https://job-boards.greenhouse.io/ensco,known_careers_url,5,success
4240676814b9,2026-08-20,b0d788b8ea7e,ENSCO Avionics,https://www.ensco.com/aerospace/avionics-engineering-certification,https://job-boards.greenhouse.io/ensco,"Software Developer Colorado Springs, Colorado, United States",https://job-boards.greenhouse.io/ensco/jobs/5287243008,"Colorado Springs, Colorado, United States",Colorado Springs,CO,United States,Not specified,,,,Aerospace,2026-08-20,2026-08-20,https://job-boards.greenhouse.io/ensco,known_careers_url,5,success
2b0fe1affc44,2026-08-20,b0d788b8ea7e,ENSCO Avionics,https://www.ensco.com/aerospace/avionics-engineering-certification,https://job-boards.greenhouse.io/ensco,"Software Developer Melbourne, Florida, United States",https://job-boards.greenhouse.io/ensco/jobs/5384918008,"Melbourne, Florida, United States",Melbourne,FL,United States,Not specified,,,,Aerospace,2026-08-20,2026-08-20,https://job-boards.greenhouse.io/ensco,known_careers_url,5,success
49d8eb860e09,2026-08-20,b0d788b8ea7e,ENSCO Avionics,https://www.ensco.com/aerospace/avionics-engineering-certification,https://job-boards.greenhouse.io/ensco,"Software Verification Engineer Endicott, New York, United States",https://job-boards.greenhouse.io/ensco/jobs/5078558008,"Endicott, New York, United States",Endicott,NY,United States,Not specified,,,,Aerospace,2026-08-20,2026-08-20,https://job-boards.greenhouse.io/ensco,known_careers_url,5,success
093154c2f256,2026-08-20,b0d788b8ea7e,ENSCO Avionics,https://www.ensco.com/aerospace/avionics-engineering-certification,https://job-boards.greenhouse.io/ensco,"Strategic MBSE Requirements & ICD Lead El Segundo, California, United States",https://job-boards.greenhouse.io/ensco/jobs/5362002008,"El Segundo, California, United States",El Segundo,CA,United States,Not specified,,,,Aerospace,2026-08-20,2026-08-20,https://job-boards.greenhouse.io/ensco,known_careers_url,5,success
3226c8c5d001,2026-08-20,b0d788b8ea7e,ENSCO Avionics,https://www.ensco.com/aerospace/avionics-engineering-certification,https://job-boards.greenhouse.io/ensco,"Strategic Requirements Systems Engineer El Segundo, California, United States",https://job-boards.greenhouse.io/ensco/jobs/5361950008,"El Segundo, California, United States",El Segundo,CA,United States,Not specified,,,,Aerospace,2026-08-20,2026-08-20,https://job-boards.greenhouse.io/ensco,known_careers_url,5,success
9fb03e5525ff,2026-08-20,b0d788b8ea7e,ENSCO Avionics,https://www.ensco.com/aerospace/avionics-engineering-certification,https://job-boards.greenhouse.io/ensco,"Sustainment Test & Evaluation Engineer Colorado Springs, Colorado, United States",https://job-boards.greenhouse.io/ensco/jobs/5264672008,"Colorado Springs, Colorado, United States",Colorado Springs,CO,United States,Not specified,,,,Aerospace,2026-08-20,2026-08-20,https://job-boards.greenhouse.io/ensco,known_careers_url,5,success
10176d1dcf90,2026-08-20,b0d788b8ea7e,ENSCO Avionics,https://www.ensco.com/aerospace/avionics-engineering-certification,https://job-boards.greenhouse.io/ensco,"Test Equipment Engineer Endicott, New York, United States",https://job-boards.greenhouse.io/ensco/jobs/5285597008,"Endicott, New York, United States",Endicott,NY,United States,Not specified,,,,Aerospace,2026-08-20,2026-08-20,https://job-boards.greenhouse.io/ensco,known_careers_url,5,success
22f87ce948f3,2026-08-20,5e6b2d8a10cd,Flexim Americas,https://www.flexim.com/us,https://joinhandshake.com/early-talent-awards/2026/emerson,Associate Technical Training Instructor,https://app.joinhandshake.com/public/jobs/11098979,"Pittsburgh, Pennsylvania, US; Pittsburgh, Pennsylvania, US",Pittsburgh,PA,United States,Not specified,70000,80000,,Aerospace,2026-08-20,2026-08-20,https://joinhandshake.com/early-talent-awards/2026/emerson,linked_page,4,success_after_fallback
0f0ed6339532,2026-08-20,5e6b2d8a10cd,Flexim Americas,https://www.flexim.com/us,https://joinhandshake.com/early-talent-awards/2026/emerson,Inside Sales Engineer,https://app.joinhandshake.com/public/jobs/11293597,"Boulder, Colorado, US",Boulder,CO,United States,Not specified,70000,74000,,Aerospace,2026-08-20,2026-08-20,https://joinhandshake.com/early-talent-awards/2026/emerson,linked_page,4,success_after_fallback
c0c8f2a6a7fd,2026-08-20,5e6b2d8a10cd,Flexim Americas,https://www.flexim.com/us,https://joinhandshake.com/early-talent-awards/2026/emerson,Manufacturing Engineer,https://app.joinhandshake.com/public/jobs/11289884,"Minneapolis, Minnesota, US",Minneapolis,MN,United States,Not specified,70000,74000,,Aerospace,2026-08-20,2026-08-20,https://joinhandshake.com/early-talent-awards/2026/emerson,linked_page,4,success_after_fallback
5f5615ac29d2,2026-08-20,5e6b2d8a10cd,Flexim Americas,https://www.flexim.com/us,https://joinhandshake.com/early-talent-awards/2026/emerson,Mechanical Engineer,https://app.joinhandshake.com/public/jobs/11239761,"Naperville, Illinois, US",Naperville,IL,United States,Not specified,75000,90000,,Aerospace,2026-08-20,2026-08-20,https://joinhandshake.com/early-talent-awards/2026/emerson,linked_page,4,success_after_fallback
97706cc9a709,2026-08-20,5e6b2d8a10cd,Flexim Americas,https://www.flexim.com/us,https://joinhandshake.com/early-talent-awards/2026/emerson,Quality Engineer,https://app.joinhandshake.com/public/jobs/11235277,"Ash Flat, Arkansas, US",Ash Flat,AR,United States,Not specified,,,,Aerospace,2026-08-20,2026-08-20,https://joinhandshake.com/early-talent-awards/2026/emerson,linked_page,4,success_after_fallback
5f7dd7ab373c,2026-08-20,5e6b2d8a10cd,Flexim Americas,https://www.flexim.com/us,https://joinhandshake.com/students/whos-hiring,Engineering Intern (Summer 2027) at Griffith Company,https://app.joinhandshake.com/public/jobs/11321110,"Brentwood, NY, United States",Brentwood,NY,United States,Not specified,,,,Aerospace,2026-08-20,2026-08-20,https://joinhandshake.com/students/whos-hiring,linked_page,4,success_after_fallback
19227ccceb5f,2026-08-20,5e6b2d8a10cd,Flexim Americas,https://www.flexim.com/us,https://joinhandshake.com/students/whos-hiring,Learning and Engagement Intern at Historical Society of Pennsylvania,https://app.joinhandshake.com/public/jobs/11321091,"Brentwood, NY, United States",Brentwood,NY,United States,Not specified,,,,Aerospace,2026-08-20,2026-08-20,https://joinhandshake.com/students/whos-hiring,linked_page,4,success_after_fallback
12205b188998,2026-08-20,5e6b2d8a10cd,Flexim Americas,https://www.flexim.com/us,https://joinhandshake.com/students/whos-hiring,"UX / UI Designer Intern at Another Come Up, Inc",https://app.joinhandshake.com/public/jobs/11321085,"Brentwood, NY, United States",Brentwood,NY,United States,Not specified,,,,Aerospace,2026-08-20,2026-08-20,https://joinhandshake.com/students/whos-hiring,linked_page,4,success_after_fallback
f209a3a1da27,2026-08-20,5e6b2d8a10cd,Flexim Americas,https://www.flexim.com/us,https://joinhandshake.com/students/whos-hiring,Recruiting & Sales Intern at Truity Partners (formerly Baker Tilly Search & Staffing),https://app.joinhandshake.com/public/jobs/11321047,"Brentwood, NY, United States",Brentwood,NY,United States,Not specified,,,,Aerospace,2026-08-20,2026-08-20,https://joinhandshake.com/students/whos-hiring,linked_page,4,success_after_fallback
94c9d01d6705,2026-08-20,5e6b2d8a10cd,Flexim Americas,https://www.flexim.com/us,https://joinhandshake.com/students/whos-hiring,Communications Intern at Spark CDI,https://app.joinhandshake.com/public/jobs/11321064,"Brentwood, NY, United States",Brentwood,NY,United States,Not specified,,,,Aerospace,2026-08-20,2026-08-20,https://joinhandshake.com/students/whos-hiring,linked_page,4,success_after_fallback
ccb97cab8f2d,2026-08-20,5e6b2d8a10cd,Flexim Americas,https://www.flexim.com/us,https://joinhandshake.com/students/whos-hiring,Corporate & Institutional Banking Undergraduate Intern – Midland Loan Services at PNC Financial Services,https://app.joinhandshake.com/public/jobs/11321055,"Brentwood, NY, United States",Brentwood,NY,United States,Not specified,,,,Aerospace,2026-08-20,2026-08-20,https://joinhandshake.com/students/whos-hiring,linked_page,4,success_after_fallback
42f868984667,2026-08-20,5e6b2d8a10cd,Flexim Americas,https://www.flexim.com/us,https://joinhandshake.com/students/whos-hiring,Retail Account Manager at Flex Consulting Group Inc,https://app.joinhandshake.com/public/jobs/11321131,"Brentwood, NY, United States",Brentwood,NY,United States,Not specified,,,,Aerospace,2026-08-20,2026-08-20,https://joinhandshake.com/students/whos-hiring,linked_page,4,success_after_fallback
cc8a91a36603,2026-08-20,5e6b2d8a10cd,Flexim Americas,https://www.flexim.com/us,https://joinhandshake.com/students/whos-hiring,"Audiology Technician at Midwest Ear, Nose & Throat Specialists",https://app.joinhandshake.com/public/jobs/11321122,"Brentwood, NY, United States",Brentwood,NY,United States,Not specified,,,,Aerospace,2026-08-20,2026-08-20,https://joinhandshake.com/students/whos-hiring,linked_page,4,success_after_fallback
31e798bf447d,2026-08-20,5e6b2d8a10cd,Flexim Americas,https://www.flexim.com/us,https://joinhandshake.com/students/whos-hiring,MWR Accounting Technician (Senior Staff Accountant) at Naval Civilian Careers,https://app.joinhandshake.com/public/jobs/11321099,"Brentwood, NY, United States",Brentwood,NY,United States,Not specified,,,,Aerospace,2026-08-20,2026-08-20,https://joinhandshake.com/students/whos-hiring,linked_page,4,success_after_fallback
3d02141a694e,2026-08-20,5e6b2d8a10cd,Flexim Americas,https://www.flexim.com/us,https://joinhandshake.com/students/whos-hiring,Staff Engineer - Construction at French & Parrello Associates,https://app.joinhandshake.com/public/jobs/11321119,"Brentwood, NY, United States",Brentwood,NY,United States,Not specified,,,,Aerospace,2026-08-20,2026-08-20,https://joinhandshake.com/students/whos-hiring,linked_page,4,success_after_fallback
bd48fc543a63,2026-08-20,9c006685bfd8,General Dynamics,https://www.gdit.com/,https://www.gdit.com/careers/areas-of-expertise,Corporate Operations,https://www.gdit.com/careers/featured-career-paths/corporate-operations,"Rensselaer, NY, United States",Rensselaer,NY,United States,Not specified,,,,Core Space,2026-08-20,2026-08-20,https://www.gdit.com/careers/areas-of-expertise,linked_page,3,success_after_fallback
8cc96cd7ca2c,2026-08-20,22f272cffdda,GI Aerospace,https://www.giaerospace.com/,https://www.gicorp.com/careers/opportunities,Procurement and Sales Coordinator,https://www.gicorp.com/careers/engineering/311-procurement-sales-coordinator,"Kochi, Kerala, India",Kochi,Kerala,India,Not specified,,,,Aerospace,2026-08-20,2026-08-20,https://www.gicorp.com/careers/opportunities,known_careers_url,4,success
73d48c20870d,2026-08-20,22f272cffdda,GI Aerospace,https://www.giaerospace.com/,https://www.gicorp.com/careers/opportunities,Procurement and Sales Coordinator,https://www.gicorp.com/careers/engineering/312-procurement-sales-coordinator,"Dubai, United Arab Emirates",Dubai,,United Arab Emirates,Not specified,,,,Aerospace,2026-08-20,2026-08-20,https://www.gicorp.com/careers/opportunities,known_careers_url,4,success
6980f4a1dae3,2026-08-20,22f272cffdda,GI Aerospace,https://www.giaerospace.com/,https://www.gicorp.com/careers/opportunities,CNC Swiss Lathe Operator - Air Conditioned Facility,https://www.gicorp.com/careers/corp/740-cnc-lathe-machinist,"Houston, TX, United States",Houston,TX,United States,Not specified,,,,Aerospace,2026-08-20,2026-08-20,https://www.gicorp.com/careers/opportunities,known_careers_url,4,success
16834486b237,2026-08-20,22f272cffdda,GI Aerospace,https://www.giaerospace.com/,https://www.gicorp.com/careers/opportunities,Warehouse Associate / Packer,https://www.gicorp.com/careers/pacificsystems/902-warehouse-associate,"Houston, TX, United States",Houston,TX,United States,Not specified,,,,Aerospace,2026-08-20,2026-08-20,https://www.gicorp.com/careers/opportunities,known_careers_url,4,success
e1334ec3197a,2026-08-20,22f272cffdda,GI Aerospace,https://www.giaerospace.com/,https://www.gicorp.com/careers/opportunities,DoD Contractor - Military Packaging Associate,https://www.gicorp.com/careers/pacificsystems/901-packaging-administrator,"Houston, TX, United States",Houston,TX,United States,Not specified,,,,Aerospace,2026-08-20,2026-08-20,https://www.gicorp.com/careers/opportunities,known_careers_url,4,success
cf76937925a1,2026-08-20,22f272cffdda,GI Aerospace,https://www.giaerospace.com/,https://www.gicorp.com/careers/opportunities,Full-Stack Developer - Python & Javascript,https://www.gicorp.com/careers/corp/731-full-stack-developer,"Kochi, Kerala, India",Kochi,Kerala,India,Not specified,,,,Aerospace,2026-08-20,2026-08-20,https://www.gicorp.com/careers/opportunities,known_careers_url,4,success
6c8504dad2fd,2026-08-20,22f272cffdda,GI Aerospace,https://www.giaerospace.com/,https://www.gicorp.com/careers/opportunities,Python Developer - Django,https://www.gicorp.com/careers/corp/732-python-developer-django,"Kochi, Kerala, India",Kochi,Kerala,India,Not specified,,,,Aerospace,2026-08-20,2026-08-20,https://www.gicorp.com/careers/opportunities,known_careers_url,4,success
1e0fd893ba57,2026-08-20,22f272cffdda,GI Aerospace,https://www.giaerospace.com/,https://www.gicorp.com/careers/opportunities,UI / UX Designer,https://www.gicorp.com/careers/consulting/706-ui-ux-designer,"Kochi, Kerala, India",Kochi,Kerala,India,Not specified,,,,Aerospace,2026-08-20,2026-08-20,https://www.gicorp.com/careers/opportunities,known_careers_url,4,success
40ffeb81575d,2026-08-20,22f272cffdda,GI Aerospace,https://www.giaerospace.com/,https://www.gicorp.com/careers/opportunities,Creative Designer - Web and Print,https://www.gicorp.com/careers/corp/734-creative-designer,"Kochi, Kerala, India",Kochi,Kerala,India,Not specified,,,,Aerospace,2026-08-20,2026-08-20,https://www.gicorp.com/careers/opportunities,known_careers_url,4,success
1255dd6cfdd8,2026-08-20,22f272cffdda,GI Aerospace,https://www.giaerospace.com/,https://www.gicorp.com/careers/opportunities,Windows System Administrator,https://www.gicorp.com/careers/corp/738-windows-system-administrator,"Kochi, Kerala, India",Kochi,Kerala,India,Not specified,,,,Aerospace,2026-08-20,2026-08-20,https://www.gicorp.com/careers/opportunities,known_careers_url,4,success
fff41ec9a9cb,2026-08-20,22f272cffdda,GI Aerospace,https://www.giaerospace.com/,https://www.gicorp.com/careers/opportunities,EU Operations & Sales Manager,https://www.gicorp.com/careers/europe/501-eu-operations-sales-manager,"Rotterdam, Netherlands",Rotterdam,,Netherlands,Not specified,,,,Aerospace,2026-08-20,2026-08-20,https://www.gicorp.com/careers/opportunities,known_careers_url,4,success
0c572d500ee6,2026-08-20,22f272cffdda,GI Aerospace,https://www.giaerospace.com/,https://www.gicorp.com/careers/opportunities,Aircraft Assembly Tools - Sales,https://www.gicorp.com/careers/wescon/405-aircraft-assembly-tools-sales,"Houston, TX, United States",Houston,TX,United States,Not specified,,,,Aerospace,2026-08-20,2026-08-20,https://www.gicorp.com/careers/opportunities,known_careers_url,4,success
3f5004c79f36,2026-08-20,22f272cffdda,GI Aerospace,https://www.giaerospace.com/,https://www.gicorp.com/careers/opportunities,Sales Engineer - Electrical,https://www.gicorp.com/careers/engineering/315-sales-engineer-elecrical,"Kochi, Kerala, India",Kochi,Kerala,India,Not specified,,,,Aerospace,2026-08-20,2026-08-20,https://www.gicorp.com/careers/opportunities,known_careers_url,4,success
c9b04257d48a,2026-08-20,22f272cffdda,GI Aerospace,https://www.giaerospace.com/,https://www.gicorp.com/careers/opportunities,Power Transformers (132kV and above) Testing & Commissioning Engineer,https://www.gicorp.com/careers/engineering/307-Transformer-Testing-Commissioning-Engineer,"Dubai, United Arab Emirates",Dubai,,United Arab Emirates,Not specified,,,,Aerospace,2026-08-20,2026-08-20,https://www.gicorp.com/careers/opportunities,known_careers_url,4,success
9dd297bf7d6b,2026-08-20,22f272cffdda,GI Aerospace,https://www.giaerospace.com/,https://www.gicorp.com/careers/opportunities,Aviation Tools Sales Manager - Europe,https://www.gicorp.com/careers/wescon/403-aviation-tools-sales-manager-europe,"United Kingdom, European Union",,,United Kingdom,Not specified,,,,Aerospace,2026-08-20,2026-08-20,https://www.gicorp.com/careers/opportunities,known_careers_url,4,success
348a3cd2baa2,2026-08-20,22f272cffdda,GI Aerospace,https://www.giaerospace.com/,https://www.gicorp.com/careers/opportunities,Aviation Tools Sales Manager - United States,https://www.gicorp.com/careers/wescon/401-aviation-tools-sales-manager-united-states,"Houston, TX, United States",Houston,TX,United States,Not specified,,,,Aerospace,2026-08-20,2026-08-20,https://www.gicorp.com/careers/opportunities,known_careers_url,4,success
44617c16a82a,2026-08-20,22f272cffdda,GI Aerospace,https://www.giaerospace.com/,https://www.gicorp.com/careers/corp/742-cnc-swiss-lathe-programmer,CNC Swiss Lathe Programmer - Air Conditioned Facility,https://www.gicorp.com/careers/corp/742-cnc-swiss-lathe-programmer,"Austin, TX, United States, Austin, TX, United States, US",Austin,TX,United States,Not specified,,,,Aerospace,2026-08-20,2026-08-20,https://www.gicorp.com/careers/corp/742-cnc-swiss-lathe-programmer,linked_page,3,success_after_fallback
7b7751014110,2026-08-20,22f272cffdda,GI Aerospace,https://www.giaerospace.com/,https://www.gicorp.com/careers/corp/742-cnc-swiss-lathe-programmer,"Read, interpret, and work from complex blueprints and engineering drawings.",https://www.gicorp.com/careers/corp/apply,"Queens, NY, United States",Queens,NY,United States,Not specified,,,,Aerospace,2026-08-20,2026-08-20,https://www.gicorp.com/careers/corp/742-cnc-swiss-lathe-programmer,linked_page,3,success_after_fallback
9548940e9a5e,2026-08-20,22f272cffdda,GI Aerospace,https://www.giaerospace.com/,https://www.gicorp.com/careers/corp/741-cnc-swiss-lathe-programmer,CNC Mill Programmer - Air Conditioned Facility,https://www.gicorp.com/careers/corp/741-cnc-swiss-lathe-programmer,"Houston, TX, United States, Houston, TX, United States, US",Houston,TX,United States,Not specified,,,,Aerospace,2026-08-20,2026-08-20,https://www.gicorp.com/careers/corp/741-cnc-swiss-lathe-programmer,linked_page,3,success_after_fallback
557fb95a533a,2026-08-20,22f272cffdda,GI Aerospace,https://www.giaerospace.com/,https://www.gicorp.com/careers/corp/743-cnc-mill-programmer,CNC Mill Programmer - Air Conditioned Facility,https://www.gicorp.com/careers/corp/743-cnc-mill-programmer,"Houston, TX, United States, Houston, TX, United States, US",Houston,TX,United States,Not specified,,,,Aerospace,2026-08-20,2026-08-20,https://www.gicorp.com/careers/corp/743-cnc-mill-programmer,linked_page,3,success_after_fallback
35021aeedbd6,2026-08-20,22f272cffdda,GI Aerospace,https://www.giaerospace.com/,https://www.gicorp.com/careers/pacificsystems/902-warehouse-associate,Warehouse Associate / Packer,https://www.gicorp.com/careers/pacificsystems/apply,"Queens, NY, United States",Queens,NY,United States,Not specified,,,,Aerospace,2026-08-20,2026-08-20,https://www.gicorp.com/careers/pacificsystems/902-warehouse-associate,linked_page,3,success_after_fallback
02d8a65d359d,2026-08-20,9aece7086b18,Huntington Ingalls Industries,https://hii.com/,https://careers.huntingtoningalls.com/search?q=&locationsearch=Pascagoula%2C+MS&sortColumn=referencedate&sortDirection=desc&searchby=location&d=10,ENGINEER INDUSTRIAL 1,https://careers.huntingtoningalls.com/job/Pascagoula-ENGINEER-INDUSTRIAL-1-Miss/1393730200,"Syracuse, NY, United States",Syracuse,NY,United States,Not specified,,,,Space & Defense,2026-08-20,2026-08-20,https://careers.huntingtoningalls.com/search?q=&locationsearch=Pascagoula%2C+MS&sortColumn=referencedate&sortDirection=desc&searchby=location&d=10,known_careers_url,4,success
2ca2a60eeb6d,2026-08-20,9aece7086b18,Huntington Ingalls Industries,https://hii.com/,https://careers.huntingtoningalls.com/search?q=&locationsearch=Pascagoula%2C+MS&sortColumn=referencedate&sortDirection=desc&searchby=location&d=10,SOFTWARE DEVELOPMENT ANALYST 1,https://careers.huntingtoningalls.com/job/Pascagoula-SOFTWARE-DEVELOPMENT-ANALYST-1-Miss/1420487000,"Syracuse, NY, United States",Syracuse,NY,United States,Not specified,,,,Space & Defense,2026-08-20,2026-08-20,https://careers.huntingtoningalls.com/search?q=&locationsearch=Pascagoula%2C+MS&sortColumn=referencedate&sortDirection=desc&searchby=location&d=10,known_careers_url,4,success
90b9f5aefac9,2026-08-20,9aece7086b18,Huntington Ingalls Industries,https://hii.com/,https://careers.huntingtoningalls.com/search?q=&locationsearch=Pascagoula%2C+MS&sortColumn=referencedate&sortDirection=desc&searchby=location&d=10,DATA CENTER SERVICES LEAD,https://careers.huntingtoningalls.com/job/Pascagoula-DATA-CENTER-SERVICES-LEAD-Miss/1420005000,"Syracuse, NY, United States",Syracuse,NY,United States,Not specified,,,,Space & Defense,2026-08-20,2026-08-20,https://careers.huntingtoningalls.com/search?q=&locationsearch=Pascagoula%2C+MS&sortColumn=referencedate&sortDirection=desc&searchby=location&d=10,known_careers_url,4,success
039c73b923c4,2026-08-20,9aece7086b18,Huntington Ingalls Industries,https://hii.com/,https://careers.huntingtoningalls.com/search?q=&locationsearch=Pascagoula%2C+MS&sortColumn=referencedate&sortDirection=desc&searchby=location&d=10,SUBCONTRACTS ADMINISTRATOR 1,https://careers.huntingtoningalls.com/job/Pascagoula-SUBCONTRACTS-ADMINISTRATOR-1-Miss/1420066200,"Syracuse, NY, United States",Syracuse,NY,United States,Not specified,,,,Space & Defense,2026-08-20,2026-08-20,https://careers.huntingtoningalls.com/search?q=&locationsearch=Pascagoula%2C+MS&sortColumn=referencedate&sortDirection=desc&searchby=location&d=10,known_careers_url,4,success
9317c9cc12b1,2026-08-20,9aece7086b18,Huntington Ingalls Industries,https://hii.com/,https://careers.huntingtoningalls.com/search?q=&locationsearch=Pascagoula%2C+MS&sortColumn=referencedate&sortDirection=desc&searchby=location&d=10,SUBCONTRACTS ADMINISTRATOR 4,https://careers.huntingtoningalls.com/job/Pascagoula-SUBCONTRACTS-ADMINISTRATOR-4-Miss/1420068800,"Syracuse, NY, United States",Syracuse,NY,United States,Not specified,,,,Space & Defense,2026-08-20,2026-08-20,https://careers.huntingtoningalls.com/search?q=&locationsearch=Pascagoula%2C+MS&sortColumn=referencedate&sortDirection=desc&searchby=location&d=10,known_careers_url,4,success
58c417f4b1d4,2026-08-20,9aece7086b18,Huntington Ingalls Industries,https://hii.com/,https://careers.huntingtoningalls.com/search?q=&locationsearch=Pascagoula%2C+MS&sortColumn=referencedate&sortDirection=desc&searchby=location&d=10,SUBCONTRACTS ADMINISTRATOR 2,https://careers.huntingtoningalls.com/job/Pascagoula-SUBCONTRACTS-ADMINISTRATOR-2-Miss/1420068000,"Syracuse, NY, United States",Syracuse,NY,United States,Not specified,,,,Space & Defense,2026-08-20,2026-08-20,https://careers.huntingtoningalls.com/search?q=&locationsearch=Pascagoula%2C+MS&sortColumn=referencedate&sortDirection=desc&searchby=location&d=10,known_careers_url,4,success
e5aec0b92a04,2026-08-20,9aece7086b18,Huntington Ingalls Industries,https://hii.com/,https://careers.huntingtoningalls.com/search?q=&locationsearch=Pascagoula%2C+MS&sortColumn=referencedate&sortDirection=desc&searchby=location&d=10,SUBCONTRACTS ADMINISTRATOR 3,https://careers.huntingtoningalls.com/job/Pascagoula-SUBCONTRACTS-ADMINISTRATOR-3-Miss/1420068700,"Syracuse, NY, United States",Syracuse,NY,United States,Not specified,,,,Space & Defense,2026-08-20,2026-08-20,https://careers.huntingtoningalls.com/search?q=&locationsearch=Pascagoula%2C+MS&sortColumn=referencedate&sortDirection=desc&searchby=location&d=10,known_careers_url,4,success
a5bcb4375d9b,2026-08-20,9aece7086b18,Huntington Ingalls Industries,https://hii.com/,https://careers.huntingtoningalls.com/search?q=&locationsearch=Pascagoula%2C+MS&sortColumn=referencedate&sortDirection=desc&searchby=location&d=10,PROCUREMENT ANALYST 1,https://careers.huntingtoningalls.com/job/Pascagoula-PROCUREMENT-ANALYST-1-Miss/1420069000,"Syracuse, NY, United States",Syracuse,NY,United States,Not specified,,,,Space & Defense,2026-08-20,2026-08-20,https://careers.huntingtoningalls.com/search?q=&locationsearch=Pascagoula%2C+MS&sortColumn=referencedate&sortDirection=desc&searchby=location&d=10,known_careers_url,4,success
1e67a2183f38,2026-08-20,9aece7086b18,Huntington Ingalls Industries,https://hii.com/,https://careers.huntingtoningalls.com/search?q=&locationsearch=Pascagoula%2C+MS&sortColumn=referencedate&sortDirection=desc&searchby=location&d=10,ENGINEERING DESIGN 2,https://careers.huntingtoningalls.com/job/Pascagoula-ENGINEERING-DESIGN-2-Miss/1419688900,"Syracuse, NY, United States",Syracuse,NY,United States,Not specified,,,,Space & Defense,2026-08-20,2026-08-20,https://careers.huntingtoningalls.com/search?q=&locationsearch=Pascagoula%2C+MS&sortColumn=referencedate&sortDirection=desc&searchby=location&d=10,known_careers_url,4,success
479f2170aa1c,2026-08-20,9aece7086b18,Huntington Ingalls Industries,https://hii.com/,https://careers.huntingtoningalls.com/search?q=&locationsearch=Pascagoula%2C+MS&sortColumn=referencedate&sortDirection=desc&searchby=location&d=10,ENGINEERING HULL DESIGN 2,https://careers.huntingtoningalls.com/job/Pascagoula-ENGINEERING-HULL-DESIGN-2-Miss/1419689300,"Syracuse, NY, United States",Syracuse,NY,United States,Not specified,,,,Space & Defense,2026-08-20,2026-08-20,https://careers.huntingtoningalls.com/search?q=&locationsearch=Pascagoula%2C+MS&sortColumn=referencedate&sortDirection=desc&searchby=location&d=10,known_careers_url,4,success
efa5d85a58c7,2026-08-20,9aece7086b18,Huntington Ingalls Industries,https://hii.com/,https://careers.huntingtoningalls.com/search?q=&locationsearch=Pascagoula%2C+MS&sortColumn=referencedate&sortDirection=desc&searchby=location&d=10,DESIGNER 2,https://careers.huntingtoningalls.com/job/Pascagoula-DESIGNER-2-Miss/1419008800,"Syracuse, NY, United States",Syracuse,NY,United States,Not specified,,,,Space & Defense,2026-08-20,2026-08-20,https://careers.huntingtoningalls.com/search?q=&locationsearch=Pascagoula%2C+MS&sortColumn=referencedate&sortDirection=desc&searchby=location&d=10,known_careers_url,4,success
80196bec59ef,2026-08-20,9aece7086b18,Huntington Ingalls Industries,https://hii.com/,https://careers.huntingtoningalls.com/search?q=&locationsearch=Pascagoula%2C+MS&sortColumn=referencedate&sortDirection=desc&searchby=location&d=10,DATA DEVELOPMENT TECHNICIAN 3,https://careers.huntingtoningalls.com/job/Pascagoula-DATA-DEVELOPMENT-TECHNICIAN-3-Miss/1415393400,"Syracuse, NY, United States",Syracuse,NY,United States,Not specified,,,,Space & Defense,2026-08-20,2026-08-20,https://careers.huntingtoningalls.com/search?q=&locationsearch=Pascagoula%2C+MS&sortColumn=referencedate&sortDirection=desc&searchby=location&d=10,known_careers_url,4,success
22f5b0bf905f,2026-08-20,9aece7086b18,Huntington Ingalls Industries,https://hii.com/,https://careers.huntingtoningalls.com/search?q=&locationsearch=Pascagoula%2C+MS&sortColumn=referencedate&sortDirection=desc&searchby=location&d=10,SOFTWARE DEVELOPMENT ANALYST 4,https://careers.huntingtoningalls.com/job/Pascagoula-SOFTWARE-DEVELOPMENT-ANALYST-4-Miss/1405348900,"Syracuse, NY, United States",Syracuse,NY,United States,Not specified,,,,Space & Defense,2026-08-20,2026-08-20,https://careers.huntingtoningalls.com/search?q=&locationsearch=Pascagoula%2C+MS&sortColumn=referencedate&sortDirection=desc&searchby=location&d=10,known_careers_url,4,success
ee5582f5829b,2026-08-20,64d9022f568a,ITT Enidine,https://www.enidine.com/en-US/Home,https://careersenus-itt-inc.icims.com/jobs/search?ss=1&searchRelation=keyword_all,"Title Manager, Strategic Accounts",https://careersenus-itt-inc.icims.com/jobs/17423/manager%2c-strategic-accounts/job,"Orchard Park, NY, United States",Orchard Park,NY,United States,Not specified,,,,Space & Defense,2026-08-20,2026-08-20,https://careersenus-itt-inc.icims.com/jobs/search?ss=1&searchRelation=keyword_all,ats_detected,5,success_after_fallback
b379dabea4f7,2026-08-20,64d9022f568a,ITT Enidine,https://www.enidine.com/en-US/Home,https://careersenus-itt-inc.icims.com/jobs/search?ss=1&searchRelation=keyword_all,Title Assembly Operator,https://careersenus-itt-inc.icims.com/jobs/17418/assembly-operator/job,"Orchard Park, NY, United States",Orchard Park,NY,United States,Not specified,,,,Space & Defense,2026-08-20,2026-08-20,https://careersenus-itt-inc.icims.com/jobs/search?ss=1&searchRelation=keyword_all,ats_detected,5,success_after_fallback
05558de3919c,2026-08-20,64d9022f568a,ITT Enidine,https://www.enidine.com/en-US/Home,https://careersenus-itt-inc.icims.com/jobs/search?ss=1&searchRelation=keyword_all,Title Test Engineer,https://careersenus-itt-inc.icims.com/jobs/17381/test-engineer/job,"Orchard Park, NY, United States",Orchard Park,NY,United States,Not specified,,,,Space & Defense,2026-08-20,2026-08-20,https://careersenus-itt-inc.icims.com/jobs/search?ss=1&searchRelation=keyword_all,ats_detected,5,success_after_fallback
d792a797892c,2026-08-20,64d9022f568a,ITT Enidine,https://www.enidine.com/en-US/Home,https://careersenus-itt-inc.icims.com/jobs/search?ss=1&searchRelation=keyword_all,Title Treasury Operations Manager,https://careersenus-itt-inc.icims.com/jobs/17360/treasury-operations-manager/job,"Orchard Park, NY, United States",Orchard Park,NY,United States,Not specified,,,,Space & Defense,2026-08-20,2026-08-20,https://careersenus-itt-inc.icims.com/jobs/search?ss=1&searchRelation=keyword_all,ats_detected,5,success_after_fallback
3cb6aecaf9f4,2026-08-20,64d9022f568a,ITT Enidine,https://www.enidine.com/en-US/Home,https://careersenus-itt-inc.icims.com/jobs/search?ss=1&searchRelation=keyword_all,Title Calibration/Test Technician,https://careersenus-itt-inc.icims.com/jobs/17355/calibration-test-technician/job,"Orchard Park, NY, United States",Orchard Park,NY,United States,Not specified,,,,Space & Defense,2026-08-20,2026-08-20,https://careersenus-itt-inc.icims.com/jobs/search?ss=1&searchRelation=keyword_all,ats_detected,5,success_after_fallback
080e0443530c,2026-08-20,64d9022f568a,ITT Enidine,https://www.enidine.com/en-US/Home,https://careersenus-itt-inc.icims.com/jobs/search?ss=1&searchRelation=keyword_all,Title Inside Sales Representative,https://careersenus-itt-inc.icims.com/jobs/17348/inside-sales-representative/job,"Orchard Park, NY, United States",Orchard Park,NY,United States,Not specified,,,,Space & Defense,2026-08-20,2026-08-20,https://careersenus-itt-inc.icims.com/jobs/search?ss=1&searchRelation=keyword_all,ats_detected,5,success_after_fallback
c5dad4092d45,2026-08-20,64d9022f568a,ITT Enidine,https://www.enidine.com/en-US/Home,https://careersenus-itt-inc.icims.com/jobs/search?ss=1&searchRelation=keyword_all,Title Service Technician,https://careersenus-itt-inc.icims.com/jobs/17345/service-technician/job,"Orchard Park, NY, United States",Orchard Park,NY,United States,Not specified,,,,Space & Defense,2026-08-20,2026-08-20,https://careersenus-itt-inc.icims.com/jobs/search?ss=1&searchRelation=keyword_all,ats_detected,5,success_after_fallback
98d131eeb602,2026-08-20,64d9022f568a,ITT Enidine,https://www.enidine.com/en-US/Home,https://careersenus-itt-inc.icims.com/jobs/search?ss=1&searchRelation=keyword_all,Title Senior Human Resources Manager,https://careersenus-itt-inc.icims.com/jobs/17344/senior-human-resources-manager/job,"Orchard Park, NY, United States",Orchard Park,NY,United States,Not specified,,,,Space & Defense,2026-08-20,2026-08-20,https://careersenus-itt-inc.icims.com/jobs/search?ss=1&searchRelation=keyword_all,ats_detected,5,success_after_fallback
306b03c9a2df,2026-08-20,64d9022f568a,ITT Enidine,https://www.enidine.com/en-US/Home,https://careersenus-itt-inc.icims.com/jobs/search?ss=1&searchRelation=keyword_all,Title Maintenance Technician II,https://careersenus-itt-inc.icims.com/jobs/17286/maintenance-technician-ii/job,"Orchard Park, NY, United States",Orchard Park,NY,United States,Not specified,,,,Space & Defense,2026-08-20,2026-08-20,https://careersenus-itt-inc.icims.com/jobs/search?ss=1&searchRelation=keyword_all,ats_detected,5,success_after_fallback
f5d35003e7ed,2026-08-20,64d9022f568a,ITT Enidine,https://www.enidine.com/en-US/Home,https://careersenus-itt-inc.icims.com/jobs/search?ss=1&searchRelation=keyword_all,Title LEAN TECHNICIAN I (DIRECT) 2nd Shioft,https://careersenus-itt-inc.icims.com/jobs/17285/lean-technician-i-%28direct%29-2nd-shioft/job,"Orchard Park, NY, United States",Orchard Park,NY,United States,Not specified,,,,Space & Defense,2026-08-20,2026-08-20,https://careersenus-itt-inc.icims.com/jobs/search?ss=1&searchRelation=keyword_all,ats_detected,5,success_after_fallback
7a2c741093b1,2026-08-20,64d9022f568a,ITT Enidine,https://www.enidine.com/en-US/Home,https://careersenus-itt-inc.icims.com/jobs/search?ss=1&searchRelation=keyword_all,Title Product Design Engineer I,https://careersenus-itt-inc.icims.com/jobs/17272/product-design-engineer-i/job,"Orchard Park, NY, United States",Orchard Park,NY,United States,Not specified,,,,Space & Defense,2026-08-20,2026-08-20,https://careersenus-itt-inc.icims.com/jobs/search?ss=1&searchRelation=keyword_all,ats_detected,5,success_after_fallback
d8a0e084f566,2026-08-20,64d9022f568a,ITT Enidine,https://www.enidine.com/en-US/Home,https://careersenus-itt-inc.icims.com/jobs/search?ss=1&searchRelation=keyword_all,Title R & D Test Technician,https://careersenus-itt-inc.icims.com/jobs/17271/r-%26-d-test-technician/job,"Orchard Park, NY, United States",Orchard Park,NY,United States,Not specified,,,,Space & Defense,2026-08-20,2026-08-20,https://careersenus-itt-inc.icims.com/jobs/search?ss=1&searchRelation=keyword_all,ats_detected,5,success_after_fallback
5c57e2dd2d6c,2026-08-20,64d9022f568a,ITT Enidine,https://www.enidine.com/en-US/Home,https://careersenus-itt-inc.icims.com/jobs/search?ss=1&searchRelation=keyword_all,Title Global Sourcing Manager,https://careersenus-itt-inc.icims.com/jobs/17268/global-sourcing-manager/job,"Orchard Park, NY, United States",Orchard Park,NY,United States,Not specified,,,,Space & Defense,2026-08-20,2026-08-20,https://careersenus-itt-inc.icims.com/jobs/search?ss=1&searchRelation=keyword_all,ats_detected,5,success_after_fallback
f00c424bfb2e,2026-08-20,64d9022f568a,ITT Enidine,https://www.enidine.com/en-US/Home,https://careersenus-itt-inc.icims.com/jobs/search?ss=1&searchRelation=keyword_all,Title Product Design Engineer,https://careersenus-itt-inc.icims.com/jobs/17267/product-design-engineer/job,"Orchard Park, NY, United States",Orchard Park,NY,United States,Not specified,,,,Space & Defense,2026-08-20,2026-08-20,https://careersenus-itt-inc.icims.com/jobs/search?ss=1&searchRelation=keyword_all,ats_detected,5,success_after_fallback
01c9853dad8d,2026-08-20,64d9022f568a,ITT Enidine,https://www.enidine.com/en-US/Home,https://careersenus-itt-inc.icims.com/jobs/search?ss=1&searchRelation=keyword_all,Title Product Design Engineer,https://careersenus-itt-inc.icims.com/jobs/17260/product-design-engineer/job,"Orchard Park, NY, United States",Orchard Park,NY,United States,Not specified,,,,Space & Defense,2026-08-20,2026-08-20,https://careersenus-itt-inc.icims.com/jobs/search?ss=1&searchRelation=keyword_all,ats_detected,5,success_after_fallback
6d8ff3c0a265,2026-08-20,64d9022f568a,ITT Enidine,https://www.enidine.com/en-US/Home,https://careersenus-itt-inc.icims.com/jobs/search?ss=1&searchRelation=keyword_all,Title Quality Control Specialist,https://careersenus-itt-inc.icims.com/jobs/17252/quality-control-specialist/job,"Orchard Park, NY, United States",Orchard Park,NY,United States,Not specified,,,,Space & Defense,2026-08-20,2026-08-20,https://careersenus-itt-inc.icims.com/jobs/search?ss=1&searchRelation=keyword_all,ats_detected,5,success_after_fallback
8eac2dfcec39,2026-08-20,64d9022f568a,ITT Enidine,https://www.enidine.com/en-US/Home,https://careersenus-itt-inc.icims.com/jobs/search?ss=1&searchRelation=keyword_all,Title Office Support Specialist,https://careersenus-itt-inc.icims.com/jobs/17249/office-support-specialist/job,"Orchard Park, NY, United States",Orchard Park,NY,United States,Not specified,,,,Space & Defense,2026-08-20,2026-08-20,https://careersenus-itt-inc.icims.com/jobs/search?ss=1&searchRelation=keyword_all,ats_detected,5,success_after_fallback
62dcc8d48312,2026-08-20,64d9022f568a,ITT Enidine,https://www.enidine.com/en-US/Home,https://careersenus-itt-inc.icims.com/jobs/search?ss=1&searchRelation=keyword_all,Title Manufacturing Engineer,https://careersenus-itt-inc.icims.com/jobs/17232/manufacturing-engineer/job,"Orchard Park, NY, United States",Orchard Park,NY,United States,Not specified,,,,Space & Defense,2026-08-20,2026-08-20,https://careersenus-itt-inc.icims.com/jobs/search?ss=1&searchRelation=keyword_all,ats_detected,5,success_after_fallback
cc03e6efd913,2026-08-20,64d9022f568a,ITT Enidine,https://www.enidine.com/en-US/Home,https://careersenus-itt-inc.icims.com/jobs/search?ss=1&searchRelation=keyword_all,Title Manufacturing Engineer,https://careersenus-itt-inc.icims.com/jobs/17231/manufacturing-engineer/job,"Orchard Park, NY, United States",Orchard Park,NY,United States,Not specified,,,,Space & Defense,2026-08-20,2026-08-20,https://careersenus-itt-inc.icims.com/jobs/search?ss=1&searchRelation=keyword_all,ats_detected,5,success_after_fallback
7741e73b0d6f,2026-08-20,64d9022f568a,ITT Enidine,https://www.enidine.com/en-US/Home,https://careersenus-itt-inc.icims.com/jobs/search?ss=1&searchRelation=keyword_all,Title Product Design Engineer,https://careersenus-itt-inc.icims.com/jobs/17227/product-design-engineer/job,"Orchard Park, NY, United States",Orchard Park,NY,United States,Not specified,,,,Space & Defense,2026-08-20,2026-08-20,https://careersenus-itt-inc.icims.com/jobs/search?ss=1&searchRelation=keyword_all,ats_detected,5,success_after_fallback
f32c465883ac,2026-08-20,64d9022f568a,ITT Enidine,https://www.enidine.com/en-US/Home,https://careersenus-itt-inc.icims.com/jobs/search?ss=1&searchRelation=keyword_all,Title Product Design Engineer,https://careersenus-itt-inc.icims.com/jobs/17225/product-design-engineer/job,"Orchard Park, NY, United States",Orchard Park,NY,United States,Not specified,,,,Space & Defense,2026-08-20,2026-08-20,https://careersenus-itt-inc.icims.com/jobs/search?ss=1&searchRelation=keyword_all,ats_detected,5,success_after_fallback
e04dbf7473e9,2026-08-20,64d9022f568a,ITT Enidine,https://www.enidine.com/en-US/Home,https://careersenus-itt-inc.icims.com/jobs/search?ss=1&searchRelation=keyword_all,Title Product Assurance Analyst,https://careersenus-itt-inc.icims.com/jobs/17200/product-assurance-analyst/job,"Orchard Park, NY, United States",Orchard Park,NY,United States,Not specified,,,,Space & Defense,2026-08-20,2026-08-20,https://careersenus-itt-inc.icims.com/jobs/search?ss=1&searchRelation=keyword_all,ats_detected,5,success_after_fallback
2a74a7e96b95,2026-08-20,64d9022f568a,ITT Enidine,https://www.enidine.com/en-US/Home,https://careersenus-itt-inc.icims.com/jobs/search?ss=1&searchRelation=keyword_all,Title Technical Sales Lead,https://careersenus-itt-inc.icims.com/jobs/17199/technical-sales-lead/job,"Orchard Park, NY, United States",Orchard Park,NY,United States,Remote,,,,Space & Defense,2026-08-20,2026-08-20,https://careersenus-itt-inc.icims.com/jobs/search?ss=1&searchRelation=keyword_all,ats_detected,5,success_after_fallback
6a5714ad6a2d,2026-08-20,64d9022f568a,ITT Enidine,https://www.enidine.com/en-US/Home,https://careersenus-itt-inc.icims.com/jobs/search?ss=1&searchRelation=keyword_all,Title Technical Sales Support Representative,https://careersenus-itt-inc.icims.com/jobs/17197/technical-sales-support-representative/job,"Orchard Park, NY, United States",Orchard Park,NY,United States,Not specified,,,,Space & Defense,2026-08-20,2026-08-20,https://careersenus-itt-inc.icims.com/jobs/search?ss=1&searchRelation=keyword_all,ats_detected,5,success_after_fallback
cdf877a8ad1a,2026-08-20,64d9022f568a,ITT Enidine,https://www.enidine.com/en-US/Home,https://careersenus-itt-inc.icims.com/jobs/search?ss=1&searchRelation=keyword_all,"Title Director, Platform Services",https://careersenus-itt-inc.icims.com/jobs/17194/director%2c-platform-services/job,"Orchard Park, NY, United States",Orchard Park,NY,United States,Hybrid,,,,Space & Defense,2026-08-20,2026-08-20,https://careersenus-itt-inc.icims.com/jobs/search?ss=1&searchRelation=keyword_all,ats_detected,5,success_after_fallback
d1dc059cf203,2026-08-20,64d9022f568a,ITT Enidine,https://www.enidine.com/en-US/Home,https://careersenus-itt-inc.icims.com/jobs/search?ss=1&searchRelation=keyword_all,Title Project Manager,https://careersenus-itt-inc.icims.com/jobs/17179/project-manager/job,"Orchard Park, NY, United States",Orchard Park,NY,United States,Not specified,,,,Space & Defense,2026-08-20,2026-08-20,https://careersenus-itt-inc.icims.com/jobs/search?ss=1&searchRelation=keyword_all,ats_detected,5,success_after_fallback
cf62009d57a7,2026-08-20,64d9022f568a,ITT Enidine,https://www.enidine.com/en-US/Home,https://careersenus-itt-inc.icims.com/jobs/search?ss=1&searchRelation=keyword_all,"Title Manager, Manufacturing Engineering",https://careersenus-itt-inc.icims.com/jobs/17167/manager%2c-manufacturing-engineering/job,"Orchard Park, NY, United States",Orchard Park,NY,United States,Not specified,,,,Space & Defense,2026-08-20,2026-08-20,https://careersenus-itt-inc.icims.com/jobs/search?ss=1&searchRelation=keyword_all,ats_detected,5,success_after_fallback
d1dde5cb9155,2026-08-20,64d9022f568a,ITT Enidine,https://www.enidine.com/en-US/Home,https://careersenus-itt-inc.icims.com/jobs/search?ss=1&searchRelation=keyword_all,Title Quality Engineer (Elastomer/PTFE),https://careersenus-itt-inc.icims.com/jobs/17154/quality-engineer-%28elastomer-ptfe%29/job,"Orchard Park, NY, United States",Orchard Park,NY,United States,Not specified,,,,Space & Defense,2026-08-20,2026-08-20,https://careersenus-itt-inc.icims.com/jobs/search?ss=1&searchRelation=keyword_all,ats_detected,5,success_after_fallback
2b47cf8b5696,2026-08-20,64d9022f568a,ITT Enidine,https://www.enidine.com/en-US/Home,https://careersenus-itt-inc.icims.com/jobs/search?ss=1&searchRelation=keyword_all,Title Operations Scheduler,https://careersenus-itt-inc.icims.com/jobs/17153/operations-scheduler/job,"Orchard Park, NY, United States",Orchard Park,NY,United States,Not specified,,,,Space & Defense,2026-08-20,2026-08-20,https://careersenus-itt-inc.icims.com/jobs/search?ss=1&searchRelation=keyword_all,ats_detected,5,success_after_fallback
ff116143ad75,2026-08-20,64d9022f568a,ITT Enidine,https://www.enidine.com/en-US/Home,https://careersenus-itt-inc.icims.com/jobs/search?ss=1&searchRelation=keyword_all,Title Operations Scheduler,https://careersenus-itt-inc.icims.com/jobs/17152/operations-scheduler/job,"Orchard Park, NY, United States",Orchard Park,NY,United States,Not specified,,,,Space & Defense,2026-08-20,2026-08-20,https://careersenus-itt-inc.icims.com/jobs/search?ss=1&searchRelation=keyword_all,ats_detected,5,success_after_fallback
1e57e5c179a6,2026-08-20,64d9022f568a,ITT Enidine,https://www.enidine.com/en-US/Home,https://careersenus-itt-inc.icims.com/jobs/search?ss=1&searchRelation=keyword_all,Title HR Manager,https://careersenus-itt-inc.icims.com/jobs/17147/hr-manager/job,"Orchard Park, NY, United States",Orchard Park,NY,United States,Not specified,,,,Space & Defense,2026-08-20,2026-08-20,https://careersenus-itt-inc.icims.com/jobs/search?ss=1&searchRelation=keyword_all,ats_detected,5,success_after_fallback
2c5aa67114a5,2026-08-20,64d9022f568a,ITT Enidine,https://www.enidine.com/en-US/Home,https://careersenus-itt-inc.icims.com/jobs/search?ss=1&searchRelation=keyword_all,Title Product Design Engineer II,https://careersenus-itt-inc.icims.com/jobs/17132/product-design-engineer-ii/job,"Orchard Park, NY, United States",Orchard Park,NY,United States,Not specified,,,,Space & Defense,2026-08-20,2026-08-20,https://careersenus-itt-inc.icims.com/jobs/search?ss=1&searchRelation=keyword_all,ats_detected,5,success_after_fallback
f0fe6e9b42f2,2026-08-20,64d9022f568a,ITT Enidine,https://www.enidine.com/en-US/Home,https://careersenus-itt-inc.icims.com/jobs/search?ss=1&searchRelation=keyword_all,Title Product Design Engineer,https://careersenus-itt-inc.icims.com/jobs/17122/product-design-engineer/job,"Orchard Park, NY, United States",Orchard Park,NY,United States,Not specified,,,,Space & Defense,2026-08-20,2026-08-20,https://careersenus-itt-inc.icims.com/jobs/search?ss=1&searchRelation=keyword_all,ats_detected,5,success_after_fallback
937830fbe4cb,2026-08-20,64d9022f568a,ITT Enidine,https://www.enidine.com/en-US/Home,https://careersenus-itt-inc.icims.com/jobs/search?ss=1&searchRelation=keyword_all,Title Global Strategic Supply Manager,https://careersenus-itt-inc.icims.com/jobs/17071/global-strategic-supply-manager/job,"Orchard Park, NY, United States",Orchard Park,NY,United States,Not specified,,,,Space & Defense,2026-08-20,2026-08-20,https://careersenus-itt-inc.icims.com/jobs/search?ss=1&searchRelation=keyword_all,ats_detected,5,success_after_fallback
6d6428f6846a,2026-08-20,64d9022f568a,ITT Enidine,https://www.enidine.com/en-US/Home,https://careersenus-itt-inc.icims.com/jobs/search?ss=1&searchRelation=keyword_all,Title Senior Municipal Applications Engineer,https://careersenus-itt-inc.icims.com/jobs/17060/senior-municipal-applications-engineer/job,"Orchard Park, NY, United States",Orchard Park,NY,United States,Not specified,,,,Space & Defense,2026-08-20,2026-08-20,https://careersenus-itt-inc.icims.com/jobs/search?ss=1&searchRelation=keyword_all,ats_detected,5,success_after_fallback
e75e4bc3dbe7,2026-08-20,64d9022f568a,ITT Enidine,https://www.enidine.com/en-US/Home,https://careersenus-itt-inc.icims.com/jobs/search?ss=1&searchRelation=keyword_all,Title Manufacturing Engineer,https://careersenus-itt-inc.icims.com/jobs/17034/manufacturing-engineer/job,"Orchard Park, NY, United States",Orchard Park,NY,United States,Not specified,,,,Space & Defense,2026-08-20,2026-08-20,https://careersenus-itt-inc.icims.com/jobs/search?ss=1&searchRelation=keyword_all,ats_detected,5,success_after_fallback
f3178d2fac08,2026-08-20,64d9022f568a,ITT Enidine,https://www.enidine.com/en-US/Home,https://careersger-itt-inc.icims.com/jobs/search?ss=1&searchRelation=keyword_all,Titel Technical Business Development Manager Connectors for Defense & Aerospace – Eastern Europe,https://careersger-itt-inc.icims.com/jobs/17258/technical-business-development-manager-connectors-for-defense-%26-aerospace-%e2%80%93-eastern-europe/job,"Orchard Park, NY, United States",Orchard Park,NY,United States,Remote,,,,Space & Defense,2026-08-20,2026-08-20,https://careersger-itt-inc.icims.com/jobs/search?ss=1&searchRelation=keyword_all,ats_detected,5,success_after_fallback
9f6ea6672698,2026-08-20,64d9022f568a,ITT Enidine,https://www.enidine.com/en-US/Home,https://careersger-itt-inc.icims.com/jobs/search?ss=1&searchRelation=keyword_all,Titel Technical Business Development Manager Connectors for Defense & Aerospace - DACH,https://careersger-itt-inc.icims.com/jobs/17257/technical-business-development-manager-connectors-for-defense-%26-aerospace---dach/job,"Orchard Park, NY, United States",Orchard Park,NY,United States,Remote,,,,Space & Defense,2026-08-20,2026-08-20,https://careersger-itt-inc.icims.com/jobs/search?ss=1&searchRelation=keyword_all,ats_detected,5,success_after_fallback
1d4ca1a899ef,2026-08-20,64d9022f568a,ITT Enidine,https://www.enidine.com/en-US/Home,https://careersger-itt-inc.icims.com/jobs/search?ss=1&searchRelation=keyword_all,Titel Manager Production Hygienic,https://careersger-itt-inc.icims.com/jobs/17151/manager-production-hygienic/job,"Orchard Park, NY, United States",Orchard Park,NY,United States,Not specified,,,,Space & Defense,2026-08-20,2026-08-20,https://careersger-itt-inc.icims.com/jobs/search?ss=1&searchRelation=keyword_all,ats_detected,5,success_after_fallback
a3ded9c96d44,2026-08-20,64d9022f568a,ITT Enidine,https://www.enidine.com/en-US/Home,https://careersger-itt-inc.icims.com/jobs/search?ss=1&searchRelation=keyword_all,Distribution Sales Manager %7C Central Europe,https://careersger-itt-inc.icims.com/jobs/16894/distribution-sales-manager-%7c-central-europe/job,"Orchard Park, NY, United States",Orchard Park,NY,United States,Remote,,,,Space & Defense,2026-08-20,2026-08-20,https://careersger-itt-inc.icims.com/jobs/search?ss=1&searchRelation=keyword_all,ats_detected,5,success_after_fallback
94fe2296fb92,2026-08-20,64d9022f568a,ITT Enidine,https://www.enidine.com/en-US/Home,https://careersger-itt-inc.icims.com/jobs/search?ss=1&searchRelation=keyword_all,Titel Product Manager Automotive After Market & Racing,https://careersger-itt-inc.icims.com/jobs/15454/product-manager-automotive-after-market-%26-racing/job,"Orchard Park, NY, United States",Orchard Park,NY,United States,Not specified,,,,Space & Defense,2026-08-20,2026-08-20,https://careersger-itt-inc.icims.com/jobs/search?ss=1&searchRelation=keyword_all,ats_detected,5,success_after_fallback
b98c7d1c9b39,2026-08-20,64d9022f568a,ITT Enidine,https://www.enidine.com/en-US/Home,https://careersmex-itt-inc.icims.com/jobs/search?ss=1&searchRelation=keyword_all,Cargo Planning Manager - SAP Implementation Project,https://careersmex-itt-inc.icims.com/jobs/17364/planning-manager---sap-implementation-project/job,"Orchard Park, NY, United States",Orchard Park,NY,United States,Not specified,,,,Space & Defense,2026-08-20,2026-08-20,https://careersmex-itt-inc.icims.com/jobs/search?ss=1&searchRelation=keyword_all,ats_detected,5,success_after_fallback
043e2de0bf64,2026-08-20,64d9022f568a,ITT Enidine,https://www.enidine.com/en-US/Home,https://careersmex-itt-inc.icims.com/jobs/search?ss=1&searchRelation=keyword_all,Cargo INTERN/Co-op 1,https://careersmex-itt-inc.icims.com/jobs/17353/intern-co-op-1/job,"Orchard Park, NY, United States",Orchard Park,NY,United States,Not specified,,,,Space & Defense,2026-08-20,2026-08-20,https://careersmex-itt-inc.icims.com/jobs/search?ss=1&searchRelation=keyword_all,ats_detected,5,success_after_fallback
281e213f90a9,2026-08-20,64d9022f568a,ITT Enidine,https://www.enidine.com/en-US/Home,https://careersmex-itt-inc.icims.com/jobs/search?ss=1&searchRelation=keyword_all,Cargo Assembly Operator,https://careersmex-itt-inc.icims.com/jobs/17331/assembly-operator/job,"Orchard Park, NY, United States",Orchard Park,NY,United States,Not specified,,,,Space & Defense,2026-08-20,2026-08-20,https://careersmex-itt-inc.icims.com/jobs/search?ss=1&searchRelation=keyword_all,ats_detected,5,success_after_fallback
741095c17fd4,2026-08-20,64d9022f568a,ITT Enidine,https://www.enidine.com/en-US/Home,https://careersmex-itt-inc.icims.com/jobs/search?ss=1&searchRelation=keyword_all,"Cargo Sourcing, Supply Chain and Logistics Analyst",https://careersmex-itt-inc.icims.com/jobs/17330/sourcing%2c-supply-chain-and-logistics-analyst/job,"Orchard Park, NY, United States",Orchard Park,NY,United States,Not specified,,,,Space & Defense,2026-08-20,2026-08-20,https://careersmex-itt-inc.icims.com/jobs/search?ss=1&searchRelation=keyword_all,ats_detected,5,success_after_fallback
3b38b77eaac2,2026-08-20,64d9022f568a,ITT Enidine,https://www.enidine.com/en-US/Home,https://careersmex-itt-inc.icims.com/jobs/search?ss=1&searchRelation=keyword_all,Cargo INTERN/Co-op 1,https://careersmex-itt-inc.icims.com/jobs/17169/intern-co-op-1/job,"Orchard Park, NY, United States",Orchard Park,NY,United States,Not specified,,,,Space & Defense,2026-08-20,2026-08-20,https://careersmex-itt-inc.icims.com/jobs/search?ss=1&searchRelation=keyword_all,ats_detected,5,success_after_fallback
b9d2a71458b9,2026-08-20,64d9022f568a,ITT Enidine,https://www.enidine.com/en-US/Home,https://careersmex-itt-inc.icims.com/jobs/search?ss=1&searchRelation=keyword_all,Cargo Customer Service Analyst,https://careersmex-itt-inc.icims.com/jobs/17113/customer-service-analyst/job,"Orchard Park, NY, United States",Orchard Park,NY,United States,Not specified,,,,Space & Defense,2026-08-20,2026-08-20,https://careersmex-itt-inc.icims.com/jobs/search?ss=1&searchRelation=keyword_all,ats_detected,5,success_after_fallback
db184d175990,2026-08-20,64d9022f568a,ITT Enidine,https://www.enidine.com/en-US/Home,https://careersmex-itt-inc.icims.com/jobs/search?ss=1&searchRelation=keyword_all,Cargo Receiving Inspection Technician,https://careersmex-itt-inc.icims.com/jobs/17057/receiving-inspection-technician/job,"Orchard Park, NY, United States",Orchard Park,NY,United States,Not specified,,,,Space & Defense,2026-08-20,2026-08-20,https://careersmex-itt-inc.icims.com/jobs/search?ss=1&searchRelation=keyword_all,ats_detected,5,success_after_fallback
c81b21fa771e,2026-08-20,64d9022f568a,ITT Enidine,https://www.enidine.com/en-US/Home,https://careersmex-itt-inc.icims.com/jobs/search?ss=1&searchRelation=keyword_all,Cargo QA Engineer,https://careersmex-itt-inc.icims.com/jobs/17056/qa-engineer/job,"Orchard Park, NY, United States",Orchard Park,NY,United States,Not specified,,,,Space & Defense,2026-08-20,2026-08-20,https://careersmex-itt-inc.icims.com/jobs/search?ss=1&searchRelation=keyword_all,ats_detected,5,success_after_fallback
0b003e4277a8,2026-08-20,64d9022f568a,ITT Enidine,https://www.enidine.com/en-US/Home,https://careersmex-itt-inc.icims.com/jobs/search?ss=1&searchRelation=keyword_all,Cargo INTERN/Co-op 1,https://careersmex-itt-inc.icims.com/jobs/17036/intern-co-op-1/job,"Orchard Park, NY, United States",Orchard Park,NY,United States,Not specified,,,,Space & Defense,2026-08-20,2026-08-20,https://careersmex-itt-inc.icims.com/jobs/search?ss=1&searchRelation=keyword_all,ats_detected,5,success_after_fallback
dadae87cd5d0,2026-08-20,64d9022f568a,ITT Enidine,https://www.enidine.com/en-US/Home,https://careersmex-itt-inc.icims.com/jobs/search?ss=1&searchRelation=keyword_all,Cargo Service Engineer,https://careersmex-itt-inc.icims.com/jobs/16362/service-engineer/job,"Orchard Park, NY, United States",Orchard Park,NY,United States,Not specified,,,,Space & Defense,2026-08-20,2026-08-20,https://careersmex-itt-inc.icims.com/jobs/search?ss=1&searchRelation=keyword_all,ats_detected,5,success_after_fallback
95066864036e,2026-08-20,64d9022f568a,ITT Enidine,https://www.enidine.com/en-US/Home,https://careersen-itt-inc.icims.com/jobs/search?ss=1&searchRelation=keyword_all,Title HR Leader - Transformation & Strategic Projects,https://careersen-itt-inc.icims.com/jobs/17459/hr-leader---transformation-%26-strategic-projects/job,"Orchard Park, NY, United States",Orchard Park,NY,United States,Not specified,,,,Space & Defense,2026-08-20,2026-08-20,https://careersen-itt-inc.icims.com/jobs/search?ss=1&searchRelation=keyword_all,ats_detected,5,success_after_fallback
72a6568f7f40,2026-08-20,64d9022f568a,ITT Enidine,https://www.enidine.com/en-US/Home,https://careersen-itt-inc.icims.com/jobs/search?ss=1&searchRelation=keyword_all,Title Planning Manager - SAP Implementation Project,https://careersen-itt-inc.icims.com/jobs/17364/planning-manager---sap-implementation-project/job,"Orchard Park, NY, United States",Orchard Park,NY,United States,Not specified,,,,Space & Defense,2026-08-20,2026-08-20,https://careersen-itt-inc.icims.com/jobs/search?ss=1&searchRelation=keyword_all,ats_detected,5,success_after_fallback
5160d1d1e933,2026-08-20,64d9022f568a,ITT Enidine,https://www.enidine.com/en-US/Home,https://careersen-itt-inc.icims.com/jobs/search?ss=1&searchRelation=keyword_all,Title Sales Representative,https://careersen-itt-inc.icims.com/jobs/17347/sales-representative/job,"Orchard Park, NY, United States",Orchard Park,NY,United States,Not specified,,,,Space & Defense,2026-08-20,2026-08-20,https://careersen-itt-inc.icims.com/jobs/search?ss=1&searchRelation=keyword_all,ats_detected,5,success_after_fallback
356153abca2d,2026-08-20,64d9022f568a,ITT Enidine,https://www.enidine.com/en-US/Home,https://careersen-itt-inc.icims.com/jobs/search?ss=1&searchRelation=keyword_all,Title Assembly Operator,https://careersen-itt-inc.icims.com/jobs/17331/assembly-operator/job,"Orchard Park, NY, United States",Orchard Park,NY,United States,Not specified,,,,Space & Defense,2026-08-20,2026-08-20,https://careersen-itt-inc.icims.com/jobs/search?ss=1&searchRelation=keyword_all,ats_detected,5,success_after_fallback
5383c4a8a4ca,2026-08-20,64d9022f568a,ITT Enidine,https://www.enidine.com/en-US/Home,https://careersen-itt-inc.icims.com/jobs/search?ss=1&searchRelation=keyword_all,"Title Sourcing, Supply Chain and Logistics Analyst",https://careersen-itt-inc.icims.com/jobs/17330/sourcing%2c-supply-chain-and-logistics-analyst/job,"Orchard Park, NY, United States",Orchard Park,NY,United States,Not specified,,,,Space & Defense,2026-08-20,2026-08-20,https://careersen-itt-inc.icims.com/jobs/search?ss=1&searchRelation=keyword_all,ats_detected,5,success_after_fallback
2603ec2fb53d,2026-08-20,64d9022f568a,ITT Enidine,https://www.enidine.com/en-US/Home,https://careersen-itt-inc.icims.com/jobs/search?ss=1&searchRelation=keyword_all,Title Lead Analytics Engineer,https://careersen-itt-inc.icims.com/jobs/17299/lead-analytics-engineer/job,"Orchard Park, NY, United States",Orchard Park,NY,United States,Not specified,,,,Space & Defense,2026-08-20,2026-08-20,https://careersen-itt-inc.icims.com/jobs/search?ss=1&searchRelation=keyword_all,ats_detected,5,success_after_fallback
1f063b3551ed,2026-08-20,64d9022f568a,ITT Enidine,https://www.enidine.com/en-US/Home,https://careersen-itt-inc.icims.com/jobs/search?ss=1&searchRelation=keyword_all,Title Junior Analytics Engineer,https://careersen-itt-inc.icims.com/jobs/17291/junior-analytics-engineer/job,"Orchard Park, NY, United States",Orchard Park,NY,United States,Not specified,,,,Space & Defense,2026-08-20,2026-08-20,https://careersen-itt-inc.icims.com/jobs/search?ss=1&searchRelation=keyword_all,ats_detected,5,success_after_fallback
0c8e0c119fe4,2026-08-20,64d9022f568a,ITT Enidine,https://www.enidine.com/en-US/Home,https://careersen-itt-inc.icims.com/jobs/search?ss=1&searchRelation=keyword_all,Title Technical Business Development Manager Connectors for Defense & Aerospace – Eastern Europe,https://careersen-itt-inc.icims.com/jobs/17258/technical-business-development-manager-connectors-for-defense-%26-aerospace-%e2%80%93-eastern-europe/job,"Orchard Park, NY, United States",Orchard Park,NY,United States,Remote,,,,Space & Defense,2026-08-20,2026-08-20,https://careersen-itt-inc.icims.com/jobs/search?ss=1&searchRelation=keyword_all,ats_detected,5,success_after_fallback
dc5541523c3d,2026-08-20,64d9022f568a,ITT Enidine,https://www.enidine.com/en-US/Home,https://careersen-itt-inc.icims.com/jobs/search?ss=1&searchRelation=keyword_all,Title Technical Business Development Manager Connectors for Defense & Aerospace - DACH,https://careersen-itt-inc.icims.com/jobs/17257/technical-business-development-manager-connectors-for-defense-%26-aerospace---dach/job,"Orchard Park, NY, United States",Orchard Park,NY,United States,Remote,,,,Space & Defense,2026-08-20,2026-08-20,https://careersen-itt-inc.icims.com/jobs/search?ss=1&searchRelation=keyword_all,ats_detected,5,success_after_fallback
66a52bce4bc4,2026-08-20,64d9022f568a,ITT Enidine,https://www.enidine.com/en-US/Home,https://careersen-itt-inc.icims.com/jobs/search?ss=1&searchRelation=keyword_all,Title Application Engineer,https://careersen-itt-inc.icims.com/jobs/17214/application-engineer/job,"Orchard Park, NY, United States",Orchard Park,NY,United States,Not specified,,,,Space & Defense,2026-08-20,2026-08-20,https://careersen-itt-inc.icims.com/jobs/search?ss=1&searchRelation=keyword_all,ats_detected,5,success_after_fallback
e99ab338454a,2026-08-20,64d9022f568a,ITT Enidine,https://www.enidine.com/en-US/Home,https://careersen-itt-inc.icims.com/jobs/search?ss=1&searchRelation=keyword_all,Title INTERN/Co-op 1,https://careersen-itt-inc.icims.com/jobs/17169/intern-co-op-1/job,"Orchard Park, NY, United States",Orchard Park,NY,United States,Not specified,,,,Space & Defense,2026-08-20,2026-08-20,https://careersen-itt-inc.icims.com/jobs/search?ss=1&searchRelation=keyword_all,ats_detected,5,success_after_fallback
ab029f496844,2026-08-20,64d9022f568a,ITT Enidine,https://www.enidine.com/en-US/Home,https://careersen-itt-inc.icims.com/jobs/search?ss=1&searchRelation=keyword_all,Title Sales Manager,https://careersen-itt-inc.icims.com/jobs/17114/sales-manager/job,"Orchard Park, NY, United States",Orchard Park,NY,United States,Not specified,,,,Space & Defense,2026-08-20,2026-08-20,https://careersen-itt-inc.icims.com/jobs/search?ss=1&searchRelation=keyword_all,ats_detected,5,success_after_fallback
7c10f59eecd9,2026-08-20,64d9022f568a,ITT Enidine,https://www.enidine.com/en-US/Home,https://careersen-itt-inc.icims.com/jobs/search?ss=1&searchRelation=keyword_all,Title Customer Service Analyst,https://careersen-itt-inc.icims.com/jobs/17113/customer-service-analyst/job,"Orchard Park, NY, United States",Orchard Park,NY,United States,Not specified,,,,Space & Defense,2026-08-20,2026-08-20,https://careersen-itt-inc.icims.com/jobs/search?ss=1&searchRelation=keyword_all,ats_detected,5,success_after_fallback
41163fde7d23,2026-08-20,64d9022f568a,ITT Enidine,https://www.enidine.com/en-US/Home,https://careersen-itt-inc.icims.com/jobs/search?ss=1&searchRelation=keyword_all,Title Talent Insights Analyst,https://careersen-itt-inc.icims.com/jobs/17072/talent-insights-analyst/job,"Orchard Park, NY, United States",Orchard Park,NY,United States,Not specified,,,,Space & Defense,2026-08-20,2026-08-20,https://careersen-itt-inc.icims.com/jobs/search?ss=1&searchRelation=keyword_all,ats_detected,5,success_after_fallback
45a43096654c,2026-08-20,64d9022f568a,ITT Enidine,https://www.enidine.com/en-US/Home,https://careersen-itt-inc.icims.com/jobs/search?ss=1&searchRelation=keyword_all,Title QA Engineer,https://careersen-itt-inc.icims.com/jobs/17056/qa-engineer/job,"Orchard Park, NY, United States",Orchard Park,NY,United States,Not specified,,,,Space & Defense,2026-08-20,2026-08-20,https://careersen-itt-inc.icims.com/jobs/search?ss=1&searchRelation=keyword_all,ats_detected,5,success_after_fallback
8e1b611dbc12,2026-08-20,64d9022f568a,ITT Enidine,https://www.enidine.com/en-US/Home,https://careersen-itt-inc.icims.com/jobs/search?ss=1&searchRelation=keyword_all,Title INTERN/Co-op 1,https://careersen-itt-inc.icims.com/jobs/17036/intern-co-op-1/job,"Orchard Park, NY, United States",Orchard Park,NY,United States,Not specified,,,,Space & Defense,2026-08-20,2026-08-20,https://careersen-itt-inc.icims.com/jobs/search?ss=1&searchRelation=keyword_all,ats_detected,5,success_after_fallback
4c765ca5b2ee,2026-08-20,64d9022f568a,ITT Enidine,https://www.enidine.com/en-US/Home,https://careersen-itt-inc.icims.com/jobs/search?ss=1&searchRelation=keyword_all,Title Project Design Engineer -P2,https://careersen-itt-inc.icims.com/jobs/16933/project-design-engineer--p2/job,"Orchard Park, NY, United States",Orchard Park,NY,United States,Not specified,,,,Space & Defense,2026-08-20,2026-08-20,https://careersen-itt-inc.icims.com/jobs/search?ss=1&searchRelation=keyword_all,ats_detected,5,success_after_fallback
366ea2ea1aa2,2026-08-20,64d9022f568a,ITT Enidine,https://www.enidine.com/en-US/Home,https://careersen-itt-inc.icims.com/jobs/search?ss=1&searchRelation=keyword_all,Distribution Sales Manager %7C Central Europe,https://careersen-itt-inc.icims.com/jobs/16894/distribution-sales-manager-%7c-central-europe/job,"Orchard Park, NY, United States",Orchard Park,NY,United States,Remote,,,,Space & Defense,2026-08-20,2026-08-20,https://careersen-itt-inc.icims.com/jobs/search?ss=1&searchRelation=keyword_all,ats_detected,5,success_after_fallback
91aa73b5e290,2026-08-20,64d9022f568a,ITT Enidine,https://www.enidine.com/en-US/Home,https://careersen-itt-inc.icims.com/jobs/search?ss=1&searchRelation=keyword_all,Title Global Quality Engineer Lead,https://careersen-itt-inc.icims.com/jobs/16805/global-quality-engineer-lead/job,"Orchard Park, NY, United States",Orchard Park,NY,United States,Not specified,,,,Space & Defense,2026-08-20,2026-08-20,https://careersen-itt-inc.icims.com/jobs/search?ss=1&searchRelation=keyword_all,ats_detected,5,success_after_fallback
54f01b8dbe30,2026-08-20,64d9022f568a,ITT Enidine,https://www.enidine.com/en-US/Home,https://careersen-itt-inc.icims.com/jobs/search?ss=1&searchRelation=keyword_all,Title Application Engineer Railway,https://careersen-itt-inc.icims.com/jobs/16767/application-engineer-railway/job,"Orchard Park, NY, United States",Orchard Park,NY,United States,Not specified,,,,Space & Defense,2026-08-20,2026-08-20,https://careersen-itt-inc.icims.com/jobs/search?ss=1&searchRelation=keyword_all,ats_detected,5,success_after_fallback
a2343af66dc4,2026-08-20,64d9022f568a,ITT Enidine,https://www.enidine.com/en-US/Home,https://careersen-itt-inc.icims.com/jobs/search?ss=1&searchRelation=keyword_all,Title Senior AI/ML Engineer,https://careersen-itt-inc.icims.com/jobs/16717/senior-ai-ml-engineer/job,"Orchard Park, NY, United States",Orchard Park,NY,United States,Not specified,,,,Space & Defense,2026-08-20,2026-08-20,https://careersen-itt-inc.icims.com/jobs/search?ss=1&searchRelation=keyword_all,ats_detected,5,success_after_fallback
b607cc8f9a30,2026-08-20,64d9022f568a,ITT Enidine,https://www.enidine.com/en-US/Home,https://careersen-itt-inc.icims.com/jobs/search?ss=1&searchRelation=keyword_all,Title IT Business Analyst (Application Configuration Specialist),https://careersen-itt-inc.icims.com/jobs/16713/it-business-analyst-%28application-configuration-specialist%29/job,"Orchard Park, NY, United States",Orchard Park,NY,United States,Not specified,,,,Space & Defense,2026-08-20,2026-08-20,https://careersen-itt-inc.icims.com/jobs/search?ss=1&searchRelation=keyword_all,ats_detected,5,success_after_fallback
e2fe533dc463,2026-08-20,64d9022f568a,ITT Enidine,https://www.enidine.com/en-US/Home,https://careersen-itt-inc.icims.com/jobs/search?ss=1&searchRelation=keyword_all,Title Application Engineer (P2),https://careersen-itt-inc.icims.com/jobs/16638/application-engineer-%28p2%29/job,"Orchard Park, NY, United States",Orchard Park,NY,United States,Not specified,,,,Space & Defense,2026-08-20,2026-08-20,https://careersen-itt-inc.icims.com/jobs/search?ss=1&searchRelation=keyword_all,ats_detected,5,success_after_fallback
b2d0be131c26,2026-08-20,64d9022f568a,ITT Enidine,https://www.enidine.com/en-US/Home,https://careersen-itt-inc.icims.com/jobs/search?ss=1&searchRelation=keyword_all,Title Global Purchasing & Sourcing Lead,https://careersen-itt-inc.icims.com/jobs/16615/global-purchasing-%26-sourcing-lead/job,"Orchard Park, NY, United States",Orchard Park,NY,United States,Not specified,,,,Space & Defense,2026-08-20,2026-08-20,https://careersen-itt-inc.icims.com/jobs/search?ss=1&searchRelation=keyword_all,ats_detected,5,success_after_fallback
c9be68aa8a2a,2026-08-20,64d9022f568a,ITT Enidine,https://www.enidine.com/en-US/Home,https://careersen-itt-inc.icims.com/jobs/search?ss=1&searchRelation=keyword_all,Title SAP Senior Business Specialist,https://careersen-itt-inc.icims.com/jobs/16533/sap-senior-business-specialist/job,"Orchard Park, NY, United States",Orchard Park,NY,United States,Not specified,,,,Space & Defense,2026-08-20,2026-08-20,https://careersen-itt-inc.icims.com/jobs/search?ss=1&searchRelation=keyword_all,ats_detected,5,success_after_fallback
8c401a107db2,2026-08-20,64d9022f568a,ITT Enidine,https://www.enidine.com/en-US/Home,https://careersen-itt-inc.icims.com/jobs/search?ss=1&searchRelation=keyword_all,Title Test Engineer,https://careersen-itt-inc.icims.com/jobs/16378/test-engineer/job,"Orchard Park, NY, United States",Orchard Park,NY,United States,Not specified,,,,Space & Defense,2026-08-20,2026-08-20,https://careersen-itt-inc.icims.com/jobs/search?ss=1&searchRelation=keyword_all,ats_detected,5,success_after_fallback
c122fdee3025,2026-08-20,64d9022f568a,ITT Enidine,https://www.enidine.com/en-US/Home,https://careersen-itt-inc.icims.com/jobs/search?ss=1&searchRelation=keyword_all,Title Service Engineer,https://careersen-itt-inc.icims.com/jobs/16362/service-engineer/job,"Orchard Park, NY, United States",Orchard Park,NY,United States,Not specified,,,,Space & Defense,2026-08-20,2026-08-20,https://careersen-itt-inc.icims.com/jobs/search?ss=1&searchRelation=keyword_all,ats_detected,5,success_after_fallback
ad288983df18,2026-08-20,64d9022f568a,ITT Enidine,https://www.enidine.com/en-US/Home,https://careersen-itt-inc.icims.com/jobs/search?ss=1&searchRelation=keyword_all,Title Product Manager Automotive After Market & Racing,https://careersen-itt-inc.icims.com/jobs/15454/product-manager-automotive-after-market-%26-racing/job,"Orchard Park, NY, United States",Orchard Park,NY,United States,Not specified,,,,Space & Defense,2026-08-20,2026-08-20,https://careersen-itt-inc.icims.com/jobs/search?ss=1&searchRelation=keyword_all,ats_detected,5,success_after_fallback
6b1b979a6787,2026-08-20,64d9022f568a,ITT Enidine,https://www.enidine.com/en-US/Home,https://careersen-itt-inc.icims.com/jobs/search?ss=1&searchRelation=keyword_all,Title Application Engineer,https://careersen-itt-inc.icims.com/jobs/15377/application-engineer/job,"Orchard Park, NY, United States",Orchard Park,NY,United States,Not specified,,,,Space & Defense,2026-08-20,2026-08-20,https://careersen-itt-inc.icims.com/jobs/search?ss=1&searchRelation=keyword_all,ats_detected,5,success_after_fallback
3ccf63a35027,2026-08-20,64d9022f568a,ITT Enidine,https://www.enidine.com/en-US/Home,https://careersen-itt-inc.icims.com/jobs/search?ss=1&searchRelation=keyword_all,Title Product Design Engineer,https://careersen-itt-inc.icims.com/jobs/15366/product-design-engineer/job,"Orchard Park, NY, United States",Orchard Park,NY,United States,Not specified,,,,Space & Defense,2026-08-20,2026-08-20,https://careersen-itt-inc.icims.com/jobs/search?ss=1&searchRelation=keyword_all,ats_detected,5,success_after_fallback
94bb4ec31afa,2026-08-20,64d9022f568a,ITT Enidine,https://www.enidine.com/en-US/Home,https://careersen-itt-inc.icims.com/jobs/search?ss=1&searchRelation=keyword_all,Title Application Engineering Lead,https://careersen-itt-inc.icims.com/jobs/15348/application-engineering-lead/job,"Orchard Park, NY, United States",Orchard Park,NY,United States,Not specified,,,,Space & Defense,2026-08-20,2026-08-20,https://careersen-itt-inc.icims.com/jobs/search?ss=1&searchRelation=keyword_all,ats_detected,5,success_after_fallback
3d6ae89fdd98,2026-08-20,64d9022f568a,ITT Enidine,https://www.enidine.com/en-US/Home,https://careersenus-itt-inc.icims.com/jobs/17450/cnc-swiss-screw-setup-machinist/job,CNC Swiss Screw Setup Machinist,https://careersenus-itt-inc.icims.com/jobs/17450/cnc-swiss-screw-setup-machinist/job,"El Cajon, CA, US",El Cajon,CA,United States,Not specified,,,Operations,Space & Defense,2026-08-20,2026-08-20,https://careersenus-itt-inc.icims.com/jobs/17450/cnc-swiss-screw-setup-machinist/job,ats_detected,4,success_after_fallback
2d0258b7e03f,2026-08-20,64d9022f568a,ITT Enidine,https://www.enidine.com/en-US/Home,https://careersenus-itt-inc.icims.com/jobs/17436/contingent---machinist-1-weekend/job,Contingent - Machinist 1 Weekend,https://careersenus-itt-inc.icims.com/jobs/17436/contingent---machinist-1-weekend/job,"Valencia, CA, US",Valencia,CA,United States,Not specified,,,Operations,Space & Defense,2026-08-20,2026-08-20,https://careersenus-itt-inc.icims.com/jobs/17436/contingent---machinist-1-weekend/job,ats_detected,4,success_after_fallback
59c0a28c4f7d,2026-08-20,64d9022f568a,ITT Enidine,https://www.enidine.com/en-US/Home,https://careersenus-itt-inc.icims.com/jobs/17423/manager%2C-strategic-accounts/job,Manager%2C Strategic Accounts,https://careersenus-itt-inc.icims.com/jobs/17423/manager%2c-strategic-accounts/referral,"Orchard Park, NY, United States",Orchard Park,NY,United States,Not specified,,,,Space & Defense,2026-08-20,2026-08-20,https://careersenus-itt-inc.icims.com/jobs/17423/manager%2C-strategic-accounts/job,ats_detected,5,success_after_fallback
73dec10857f7,2026-08-20,49a39e5c497b,L3Harris,https://www.l3harris.com/,https://careers.l3harris.com/en,L3Harris Engineering Hiring Event Plano Tx 8,https://careers.l3harris.com/en/job/greenville/l3harris-engineering-hiring-event-plano-tx-8-31/4832/98424212832,"Plano, TX",Plano,TX,United States,Not specified,,,,Space & Defense,2026-08-20,2026-08-20,https://careers.l3harris.com/en,known_careers_url,4,success
982f7feeff58,2026-08-20,49a39e5c497b,L3Harris,https://www.l3harris.com/,https://careers.l3harris.com/en,L3Harris Engineering Hiring Event Greater Boston Ma,https://careers.l3harris.com/en/job/wilmington/l3harris-engineering-hiring-event-greater-boston-ma/4832/98348330736,"Greece, NY, United States",Greece,NY,United States,Not specified,,,,Space & Defense,2026-08-20,2026-08-20,https://careers.l3harris.com/en,known_careers_url,4,success
213fe0e4d1d9,2026-08-20,49a39e5c497b,L3Harris,https://www.l3harris.com/,https://careers.l3harris.com/en,Lead Software Engineer Backend Integration Ts Sci,https://careers.l3harris.com/en/job/patrick-air-force-base/lead-software-engineer-backend-integration-ts-sci/4832/99478804288,"Patrick Air Force Base, Florida",Patrick Air Force Base,FL,United States,Not specified,,,,Space & Defense,2026-08-20,2026-08-20,https://careers.l3harris.com/en,known_careers_url,4,success
a5e383914fe7,2026-08-20,49a39e5c497b,L3Harris,https://www.l3harris.com/,https://careers.l3harris.com/en,Software Engineering Team Lead,https://careers.l3harris.com/en/job/brisbane/software-engineering-team-lead/4832/99478804272,"Greece, NY, United States",Greece,NY,United States,Not specified,,,,Space & Defense,2026-08-20,2026-08-20,https://careers.l3harris.com/en,known_careers_url,4,success
57c7ee4fa991,2026-08-20,49a39e5c497b,L3Harris,https://www.l3harris.com/,https://careers.l3harris.com/en,Senior Software Engineer,https://careers.l3harris.com/en/job/brisbane/senior-software-engineer/4832/99478804256,"Greece, NY, United States",Greece,NY,United States,Not specified,,,,Space & Defense,2026-08-20,2026-08-20,https://careers.l3harris.com/en,known_careers_url,4,success
f6147293220e,2026-08-20,49a39e5c497b,L3Harris,https://www.l3harris.com/,https://careers.l3harris.com/en,Scientist System Integration And Test Engineering,https://careers.l3harris.com/en/job/palm-bay/scientist-system-integration-and-test-engineering/4832/99478804240,"Palm Bay, Florida",Palm Bay,FL,United States,Not specified,,,,Space & Defense,2026-08-20,2026-08-20,https://careers.l3harris.com/en,known_careers_url,4,success
7712b5bcc529,2026-08-20,49a39e5c497b,L3Harris,https://www.l3harris.com/,https://careers.l3harris.com/en/search-jobs,"Embedded Software Engineer Engineering Brisbane, Queensland",https://careers.l3harris.com/en/job/brisbane/embedded-software-engineer/4832/99478804224,"Greece, NY, United States",Greece,NY,United States,Not specified,,,,Space & Defense,2026-08-20,2026-08-20,https://careers.l3harris.com/en/search-jobs,linked_page,4,success_after_fallback
e84b3f642831,2026-08-20,49a39e5c497b,L3Harris,https://www.l3harris.com/,https://careers.l3harris.com/en/search-jobs,"Senior Specialist, Contracts Contracts Multiple Locations",https://careers.l3harris.com/en/job/nashville/senior-specialist-contracts/4832/98865265184,"Greece, NY, United States",Greece,NY,United States,Not specified,,,,Space & Defense,2026-08-20,2026-08-20,https://careers.l3harris.com/en/search-jobs,linked_page,4,success_after_fallback
0730c798ba56,2026-08-20,49a39e5c497b,L3Harris,https://www.l3harris.com/,https://careers.l3harris.com/en/search-jobs,Senior Specialist Contracts,https://careers.l3harris.com/en/job/waco/senior-specialist-contracts/4832/98569791648,"Waco, TX",Waco,TX,United States,Not specified,,,,Space & Defense,2026-08-20,2026-08-20,https://careers.l3harris.com/en/search-jobs,linked_page,4,success_after_fallback
66316d899aa7,2026-08-20,49a39e5c497b,L3Harris,https://www.l3harris.com/,https://careers.l3harris.com/en/search-jobs,Associate Software Engineering,https://careers.l3harris.com/en/job/salt-lake-city/associate-software-engineering/4832/99468972880,"Salt Lake City, UT",Salt Lake City,UT,United States,Not specified,,,,Space & Defense,2026-08-20,2026-08-20,https://careers.l3harris.com/en/search-jobs,linked_page,4,success_after_fallback
6ea3cb5a5d9e,2026-08-20,49a39e5c497b,L3Harris,https://www.l3harris.com/,https://careers.l3harris.com/en/search-jobs,"Specialist Systems Engineer Engineering Brisbane, Queensland",https://careers.l3harris.com/en/job/brisbane/specialist-systems-engineer/4832/99468972832,"Greece, NY, United States",Greece,NY,United States,Not specified,,,,Space & Defense,2026-08-20,2026-08-20,https://careers.l3harris.com/en/search-jobs,linked_page,4,success_after_fallback
fc0b6d34eb57,2026-08-20,49a39e5c497b,L3Harris,https://www.l3harris.com/,https://careers.l3harris.com/en/search-jobs,Manager Mechanical Engineering Sign On Bonus Starting At 25K,https://careers.l3harris.com/en/job/waco/manager-mechanical-engineering-sign-on-bonus-starting-at-25k/4832/99468972784,"Waco, TX",Waco,TX,United States,Not specified,,,,Space & Defense,2026-08-20,2026-08-20,https://careers.l3harris.com/en/search-jobs,linked_page,4,success_after_fallback
4b6bf91ac0aa,2026-08-20,49a39e5c497b,L3Harris,https://www.l3harris.com/,https://careers.l3harris.com/en/search-jobs,Senior Associate Procurement,https://careers.l3harris.com/en/job/nashville/senior-associate-procurement/4832/99468972720,"Nashville, TN",Nashville,TN,United States,Not specified,,,,Space & Defense,2026-08-20,2026-08-20,https://careers.l3harris.com/en/search-jobs,linked_page,4,success_after_fallback
633c4ade88df,2026-08-20,49a39e5c497b,L3Harris,https://www.l3harris.com/,https://careers.l3harris.com/en/search-jobs,Associate Manager Quality Engineering Qa Chief,https://careers.l3harris.com/en/job/tucson/associate-manager-quality-engineering-qa-chief/4832/99468972656,"Tucson, AZ",Tucson,AZ,United States,Not specified,,,,Space & Defense,2026-08-20,2026-08-20,https://careers.l3harris.com/en/search-jobs,linked_page,4,success_after_fallback
2a4c4c51a91b,2026-08-20,49a39e5c497b,L3Harris,https://www.l3harris.com/,https://careers.l3harris.com/en/search-jobs,Associate Procurement,https://careers.l3harris.com/en/job/nashville/associate-procurement/4832/99468972608,"Nashville, TN",Nashville,TN,United States,Not specified,,,,Space & Defense,2026-08-20,2026-08-20,https://careers.l3harris.com/en/search-jobs,linked_page,4,success_after_fallback
f671a3582158,2026-08-20,49a39e5c497b,L3Harris,https://www.l3harris.com/,https://careers.l3harris.com/en/search-jobs,Associate Systems Engineering,https://careers.l3harris.com/en/job/palm-bay/associate-systems-engineering/4832/99468972528,"Palm Bay, Brevard, FL",Palm Bay,FL,United States,Not specified,,,,Space & Defense,2026-08-20,2026-08-20,https://careers.l3harris.com/en/search-jobs,linked_page,4,success_after_fallback
8e7890cf7da9,2026-08-20,49a39e5c497b,L3Harris,https://www.l3harris.com/,https://careers.l3harris.com/en/job/greenville/l3harris-engineering-hiring-event-plano-tx-8-31/4832/98424212832,"L3Harris Engineering Hiring Event - Plano, TX (8/31)",https://careers.l3harris.com/en/job/plano/l3harris-engineering-hiring-event-plano-tx-8-31/4832/98424212832,"Plano, TX, US; Greenville, Texas, United States; Waco, Texas, United States; Rockwall, Texas, United States; Richardson, Texas, United States",Plano,TX,United States,Not specified,,,,Space & Defense,2026-08-20,2026-08-20,https://careers.l3harris.com/en/job/greenville/l3harris-engineering-hiring-event-plano-tx-8-31/4832/98424212832,linked_page,4,success_after_fallback
e196c48b323b,2026-08-20,49a39e5c497b,L3Harris,https://www.l3harris.com/,https://careers.l3harris.com/en/job/greenville/l3harris-engineering-hiring-event-plano-tx-8-31/4832/98424212832,L3Harris Engineering Hiring Event Plano Tx 8,https://careers.l3harris.com/en/job/greenville/l3harris-engineering-hiring-event-plano-tx-8-31/4832/search-jobs,"Greece, NY, United States",Greece,NY,United States,Not specified,,,,Space & Defense,2026-08-20,2026-08-20,https://careers.l3harris.com/en/job/greenville/l3harris-engineering-hiring-event-plano-tx-8-31/4832/98424212832,linked_page,4,success_after_fallback
06bc90eb608e,2026-08-20,49a39e5c497b,L3Harris,https://www.l3harris.com/,https://careers.l3harris.com/en/job/greenville/l3harris-engineering-hiring-event-plano-tx-8-31/4832/98424212832,Senior Specialist Software Engineering,https://careers.l3harris.com/en/job/waco/senior-specialist-software-engineering/4832/97433248096,"Waco, Texas",Waco,TX,United States,Not specified,,,,Space & Defense,2026-08-20,2026-08-20,https://careers.l3harris.com/en/job/greenville/l3harris-engineering-hiring-event-plano-tx-8-31/4832/98424212832,linked_page,4,success_after_fallback
73841e40dde0,2026-08-20,49a39e5c497b,L3Harris,https://www.l3harris.com/,https://careers.l3harris.com/en/job/greenville/l3harris-engineering-hiring-event-plano-tx-8-31/4832/98424212832,Lead Systems Engineering Database Devops,https://careers.l3harris.com/en/job/greenville/lead-systems-engineering-database-devops/4832/96169231376,"Greenville, Texas",Greenville,TX,United States,Not specified,,,,Space & Defense,2026-08-20,2026-08-20,https://careers.l3harris.com/en/job/greenville/l3harris-engineering-hiring-event-plano-tx-8-31/4832/98424212832,linked_page,4,success_after_fallback
e2d651f5f8c9,2026-08-20,49a39e5c497b,L3Harris,https://www.l3harris.com/,https://careers.l3harris.com/en/job/greenville/l3harris-engineering-hiring-event-plano-tx-8-31/4832/98424212832,Associate Integration Test Engineering,https://careers.l3harris.com/en/job/waco/associate-integration-test-engineering/4832/99447531840,"Waco, Texas",Waco,TX,United States,Not specified,,,,Space & Defense,2026-08-20,2026-08-20,https://careers.l3harris.com/en/job/greenville/l3harris-engineering-hiring-event-plano-tx-8-31/4832/98424212832,linked_page,4,success_after_fallback
c8508256c94a,2026-08-20,49a39e5c497b,L3Harris,https://www.l3harris.com/,https://careers.l3harris.com/en/job/wilmington/l3harris-engineering-hiring-event-greater-boston-ma/4832/98348330736,L3Harris Engineering Hiring Event Greater Boston Ma,https://careers.l3harris.com/en/job/wilmington/l3harris-engineering-hiring-event-greater-boston-ma/4832/search-jobs,"Greece, NY, United States",Greece,NY,United States,Not specified,,,,Space & Defense,2026-08-20,2026-08-20,https://careers.l3harris.com/en/job/wilmington/l3harris-engineering-hiring-event-greater-boston-ma/4832/98348330736,linked_page,4,success_after_fallback
9437a23fd4db,2026-08-20,49a39e5c497b,L3Harris,https://www.l3harris.com/,https://careers.l3harris.com/en/job/wilmington/l3harris-engineering-hiring-event-greater-boston-ma/4832/98348330736,Lead Embedded Software Test Engineer Optical Space Systems Sign On Bonus 30K Max,https://careers.l3harris.com/en/job/wilmington/lead-embedded-software-test-engineer-optical-space-systems-sign-on-bonus-30k-max/4832/98442824928,"Wilmington, Massachusetts",Wilmington,MA,United States,Not specified,,,,Space & Defense,2026-08-20,2026-08-20,https://careers.l3harris.com/en/job/wilmington/l3harris-engineering-hiring-event-greater-boston-ma/4832/98348330736,linked_page,4,success_after_fallback
d63717ad8758,2026-08-20,49a39e5c497b,L3Harris,https://www.l3harris.com/,https://careers.l3harris.com/en/job/wilmington/l3harris-engineering-hiring-event-greater-boston-ma/4832/98348330736,Senior Embedded Software Engineer Space Systems Sign On Bonus 30K Max,https://careers.l3harris.com/en/job/wilmington/senior-embedded-software-engineer-space-systems-sign-on-bonus-30k-max/4832/96266413600,"Wilmington, Massachusetts",Wilmington,MA,United States,Not specified,,,,Space & Defense,2026-08-20,2026-08-20,https://careers.l3harris.com/en/job/wilmington/l3harris-engineering-hiring-event-greater-boston-ma/4832/98348330736,linked_page,4,success_after_fallback
05c13fafa314,2026-08-20,49a39e5c497b,L3Harris,https://www.l3harris.com/,https://careers.l3harris.com/en/job/wilmington/l3harris-engineering-hiring-event-greater-boston-ma/4832/98348330736,Specialist Embedded Software Engineer Aerospace Flight Sign On Bonus 15K Max,https://careers.l3harris.com/en/job/wilmington/specialist-embedded-software-engineer-aerospace-flight-sign-on-bonus-15k-max/4832/96255790656,"Wilmington, Massachusetts",Wilmington,MA,United States,Not specified,,,,Space & Defense,2026-08-20,2026-08-20,https://careers.l3harris.com/en/job/wilmington/l3harris-engineering-hiring-event-greater-boston-ma/4832/98348330736,linked_page,4,success_after_fallback
05c67b0573b5,2026-08-20,49a39e5c497b,L3Harris,https://www.l3harris.com/,https://careers.l3harris.com/en/job/wilmington/l3harris-engineering-hiring-event-greater-boston-ma/4832/98348330736,Lead Systems Engineer Optical Systems Program Lead,https://careers.l3harris.com/en/job/wilmington/lead-systems-engineer-optical-systems-program-lead/4832/99454394176,"Wilmington, Massachusetts",Wilmington,MA,United States,Not specified,,,,Space & Defense,2026-08-20,2026-08-20,https://careers.l3harris.com/en/job/wilmington/l3harris-engineering-hiring-event-greater-boston-ma/4832/98348330736,linked_page,4,success_after_fallback
311645e09dc3,2026-08-20,49a39e5c497b,L3Harris,https://www.l3harris.com/,"https://careers.l3harris.com/en/search-jobs?acm=8686208,8679712,62721&alrpm=ALL&ascf=[%7B%22key%22:%22ALL%22,%22value%22:%22%22%7D]",Associate Quality Engineer,https://careers.l3harris.com/en/job/huntsville/associate-quality-engineer/4832/99468972448,"Huntsville, AL",Huntsville,AL,United States,Not specified,,,,Space & Defense,2026-08-20,2026-08-20,"https://careers.l3harris.com/en/search-jobs?acm=8686208,8679712,62721&alrpm=ALL&ascf=[%7B%22key%22:%22ALL%22,%22value%22:%22%22%7D]",linked_page,4,success_after_fallback
27a8c67db275,2026-08-20,49a39e5c497b,L3Harris,https://www.l3harris.com/,"https://careers.l3harris.com/en/search-jobs?acm=8686208,8679712,62721&alrpm=ALL&ascf=[%7B%22key%22:%22ALL%22,%22value%22:%22%22%7D]",Sr Associate Mechanical Engineering,https://careers.l3harris.com/en/job/palm-bay/sr-associate-mechanical-engineering-1/4832/99468972352,"Palm Bay, Brevard, FL",Palm Bay,FL,United States,Not specified,,,,Space & Defense,2026-08-20,2026-08-20,"https://careers.l3harris.com/en/search-jobs?acm=8686208,8679712,62721&alrpm=ALL&ascf=[%7B%22key%22:%22ALL%22,%22value%22:%22%22%7D]",linked_page,4,success_after_fallback
0e5cbf4b6d39,2026-08-20,49a39e5c497b,L3Harris,https://www.l3harris.com/,"https://careers.l3harris.com/en/search-jobs?acm=8686208,8679712,62721&alrpm=ALL&ascf=[%7B%22key%22:%22ALL%22,%22value%22:%22%22%7D]",Associate Systems Engineer,https://careers.l3harris.com/en/job/salt-lake-city/associate-systems-engineer/4832/99454394736,"Salt Lake City, UT",Salt Lake City,UT,United States,Not specified,,,,Space & Defense,2026-08-20,2026-08-20,"https://careers.l3harris.com/en/search-jobs?acm=8686208,8679712,62721&alrpm=ALL&ascf=[%7B%22key%22:%22ALL%22,%22value%22:%22%22%7D]",linked_page,4,success_after_fallback
f7f42117616e,2026-08-20,49a39e5c497b,L3Harris,https://www.l3harris.com/,"https://careers.l3harris.com/en/search-jobs?acm=8686208,8679712,62721&alrpm=ALL&ascf=[%7B%22key%22:%22ALL%22,%22value%22:%22%22%7D]",Associate Software Engineering Colorado Springs Co,https://careers.l3harris.com/en/job/colorado-springs/associate-software-engineering-colorado-springs-co/4832/99454394640,"Colorado Springs, CO",Colorado Springs,CO,United States,Not specified,,,,Space & Defense,2026-08-20,2026-08-20,"https://careers.l3harris.com/en/search-jobs?acm=8686208,8679712,62721&alrpm=ALL&ascf=[%7B%22key%22:%22ALL%22,%22value%22:%22%22%7D]",linked_page,4,success_after_fallback
882f1855b138,2026-08-20,49a39e5c497b,L3Harris,https://www.l3harris.com/,"https://careers.l3harris.com/en/search-jobs?acm=8686208,8679712,62721&alrpm=ALL&ascf=[%7B%22key%22:%22ALL%22,%22value%22:%22%22%7D]",Associate Tax,https://careers.l3harris.com/en/job/united-states/associate-tax/4832/99447532208,Remote,,,,Remote,,,,Space & Defense,2026-08-20,2026-08-20,"https://careers.l3harris.com/en/search-jobs?acm=8686208,8679712,62721&alrpm=ALL&ascf=[%7B%22key%22:%22ALL%22,%22value%22:%22%22%7D]",linked_page,4,success_after_fallback
cbe2b6deb3aa,2026-08-20,49a39e5c497b,L3Harris,https://www.l3harris.com/,"https://careers.l3harris.com/en/search-jobs?acm=8686208,8679712,62721&alrpm=ALL&ascf=[%7B%22key%22:%22ALL%22,%22value%22:%22%22%7D]",Associate Environmental Health And Safety,https://careers.l3harris.com/en/job/melbourne/associate-environmental-health-and-safety/4832/99447532192,"Melbourne, FL",Melbourne,FL,United States,Not specified,,,,Space & Defense,2026-08-20,2026-08-20,"https://careers.l3harris.com/en/search-jobs?acm=8686208,8679712,62721&alrpm=ALL&ascf=[%7B%22key%22:%22ALL%22,%22value%22:%22%22%7D]",linked_page,4,success_after_fallback
9990683cf617,2026-08-20,49a39e5c497b,L3Harris,https://www.l3harris.com/,"https://careers.l3harris.com/en/search-jobs?acm=8686208,8679712,62721&alrpm=ALL&ascf=[%7B%22key%22:%22ALL%22,%22value%22:%22%22%7D]",Info Sec Sys Engineer Intern,https://careers.l3harris.com/en/job/melbourne/info-sec-sys-engineer-intern/4832/99447532176,"Melbourne, FL",Melbourne,FL,United States,Not specified,,,,Space & Defense,2026-08-20,2026-08-20,"https://careers.l3harris.com/en/search-jobs?acm=8686208,8679712,62721&alrpm=ALL&ascf=[%7B%22key%22:%22ALL%22,%22value%22:%22%22%7D]",linked_page,4,success_after_fallback
7fc17ddccf20,2026-08-20,49a39e5c497b,L3Harris,https://www.l3harris.com/,"https://careers.l3harris.com/en/search-jobs?acm=8686208,8679712,62721&alrpm=ALL&ascf=[%7B%22key%22:%22ALL%22,%22value%22:%22%22%7D]",Associate Manufacturing Engineer,https://careers.l3harris.com/en/job/melbourne/associate-manufacturing-engineer/4832/99447532160,"Melbourne, FL",Melbourne,FL,United States,Not specified,,,,Space & Defense,2026-08-20,2026-08-20,"https://careers.l3harris.com/en/search-jobs?acm=8686208,8679712,62721&alrpm=ALL&ascf=[%7B%22key%22:%22ALL%22,%22value%22:%22%22%7D]",linked_page,4,success_after_fallback
29b45c97951c,2026-08-20,49a39e5c497b,L3Harris,https://www.l3harris.com/,"https://careers.l3harris.com/en/search-jobs?acm=8686208,8679712,62721&alrpm=ALL&ascf=[%7B%22key%22:%22ALL%22,%22value%22:%22%22%7D]",Associate Finance Shared Services,https://careers.l3harris.com/en/job/united-states/associate-finance-shared-services/4832/99447532128,Remote,,,,Remote,,,,Space & Defense,2026-08-20,2026-08-20,"https://careers.l3harris.com/en/search-jobs?acm=8686208,8679712,62721&alrpm=ALL&ascf=[%7B%22key%22:%22ALL%22,%22value%22:%22%22%7D]",linked_page,4,success_after_fallback
63828b700979,2026-08-20,49a39e5c497b,L3Harris,https://www.l3harris.com/,"https://careers.l3harris.com/en/search-jobs?acm=8686208,8679712,62721&alrpm=ALL&ascf=[%7B%22key%22:%22ALL%22,%22value%22:%22%22%7D]",Associate Finance Shared Services,https://careers.l3harris.com/en/job/melbourne/associate-finance-shared-services/4832/99447532112,"Melbourne, FL",Melbourne,FL,United States,Not specified,,,,Space & Defense,2026-08-20,2026-08-20,"https://careers.l3harris.com/en/search-jobs?acm=8686208,8679712,62721&alrpm=ALL&ascf=[%7B%22key%22:%22ALL%22,%22value%22:%22%22%7D]",linked_page,4,success_after_fallback
d57bd546635f,2026-08-20,49a39e5c497b,L3Harris,https://www.l3harris.com/,"https://careers.l3harris.com/en/search-jobs?acm=8686208,8679712,62721&alrpm=ALL&ascf=[%7B%22key%22:%22ALL%22,%22value%22:%22%22%7D]",Specialist Material Management,https://careers.l3harris.com/en/job/alpharetta/specialist-material-management/4832/95383071664,"Alpharetta, Georgia",Alpharetta,GA,United States,Not specified,,,,Space & Defense,2026-08-20,2026-08-20,"https://careers.l3harris.com/en/search-jobs?acm=8686208,8679712,62721&alrpm=ALL&ascf=[%7B%22key%22:%22ALL%22,%22value%22:%22%22%7D]",linked_page,4,success_after_fallback
c948c38272e7,2026-08-20,b5d41f3f3457,Lockheed Martin,https://www.lockheedmartin.com/,https://www.lockheedmartin.com/en-us/careers/candidates/students-early-careers.html,Meet our Interns,https://www.lockheedmartin.com/en-us/careers/life-at-lm/2023/early-career-lessons-learned.html,"Ballston Spa, NY, United States",Ballston Spa,NY,United States,Not specified,,,,Space & Defense,2026-08-20,2026-08-20,https://www.lockheedmartin.com/en-us/careers/candidates/students-early-careers.html,linked_page,4,success_after_fallback
ac6ac155e05e,2026-08-20,6f56721ec5b5,Lourdes Industries,https://lourdesinc.com/,https://lourdesinc.com/careers,Mechanical Assembler - III--Aerospace,https://lourdesinc.com/careers/9dcd85a1be748d78/mechanical-assembler-iii-aerospace,"📍 Hauppauge, NY",📍 Hauppauge,NY,United States,Not specified,,,,Space & Defense,2026-08-20,2026-08-20,https://lourdesinc.com/careers,known_careers_url,3,success
4d7bbcdb3604,2026-08-20,ee835297a5f7,Magellan Aerospace,https://magellan.aero/,https://careers.magellan.aero/search?createNewAlert=false&q=&locationsearch=&optionsFacetsDD_department=,Sr Facilities Engineering,https://careers.magellan.aero/job/Winnipeg-Sr-Facilities-Engineering-MB-R3H-0S5/600170517,"Bohemia, NY, United States",Bohemia,NY,United States,Not specified,,,,Core Space,2026-08-20,2026-08-20,https://careers.magellan.aero/search?createNewAlert=false&q=&locationsearch=&optionsFacetsDD_department=,linked_page,4,success_after_fallback
566332c89930,2026-08-20,ee835297a5f7,Magellan Aerospace,https://magellan.aero/,https://careers.magellan.aero/search?createNewAlert=false&q=&locationsearch=&optionsFacetsDD_department=,Continuous Improvement / Environmental Health & Safety (EHS) Manager,https://careers.magellan.aero/job/Kitchener-Continuous-Improvement-Environmental-Health-&-Safety-%28EHS%29-Manager-ON-N2C-1J1/605313017,"Bohemia, NY, United States",Bohemia,NY,United States,Not specified,,,,Core Space,2026-08-20,2026-08-20,https://careers.magellan.aero/search?createNewAlert=false&q=&locationsearch=&optionsFacetsDD_department=,linked_page,4,success_after_fallback
84ea80db8807,2026-08-20,ee835297a5f7,Magellan Aerospace,https://magellan.aero/,https://careers.magellan.aero/search?createNewAlert=false&q=&locationsearch=&optionsFacetsDD_department=,Electronic Technician,https://careers.magellan.aero/job/Bohemia-Electronic-Technician-NY-11716/605259817,"Bohemia, NY, United States",Bohemia,NY,United States,Not specified,,,,Core Space,2026-08-20,2026-08-20,https://careers.magellan.aero/search?createNewAlert=false&q=&locationsearch=&optionsFacetsDD_department=,linked_page,4,success_after_fallback
ec3cf0a69139,2026-08-20,ee835297a5f7,Magellan Aerospace,https://magellan.aero/,https://careers.magellan.aero/search?createNewAlert=false&q=&locationsearch=&optionsFacetsDD_department=,"Senior Business Analyst, Payroll (12 Months Contract)",https://careers.magellan.aero/job/Mississauga-Senior-Business-Analyst%2C-Payroll-%2812-Months-Contract%29-ON-L4T-1A9/602639717,"Bohemia, NY, United States",Bohemia,NY,United States,Not specified,,,,Core Space,2026-08-20,2026-08-20,https://careers.magellan.aero/search?createNewAlert=false&q=&locationsearch=&optionsFacetsDD_department=,linked_page,4,success_after_fallback
b4a011bf386e,2026-08-20,ee835297a5f7,Magellan Aerospace,https://magellan.aero/,https://careers.magellan.aero/search?createNewAlert=false&q=&locationsearch=&optionsFacetsDD_department=,NDT Technician II,https://careers.magellan.aero/job/MIDDLETOWN-NDT-Technician-II-OH-45042/602415317,"Bohemia, NY, United States",Bohemia,NY,United States,Not specified,,,,Core Space,2026-08-20,2026-08-20,https://careers.magellan.aero/search?createNewAlert=false&q=&locationsearch=&optionsFacetsDD_department=,linked_page,4,success_after_fallback
ec717ebe2e87,2026-08-20,c67c1581a301,Mini Circuits Brooklyn,https://www.minicircuits.com/,https://jobs.jobvite.com/mini-circuits/jobs/positions,Engineering Pipeline,https://jobs.jobvite.com/mini-circuits/jobs/pipeline,"Brooklyn, NY, United States",Brooklyn,NY,United States,Not specified,,,,Core Space,2026-08-20,2026-08-20,https://jobs.jobvite.com/mini-circuits/jobs/positions,known_careers_url,4,success
e6d2f4b07e2e,2026-08-20,c67c1581a301,Mini Circuits Brooklyn,https://www.minicircuits.com/,https://jobs.jobvite.com/mini-circuits/jobs/positions,"Level 1 General Assembly Operator Full-Time Hialeah, Florida",https://jobs.jobvite.com/mini-circuits/job/oWFFAfwA,"Hialeah, Florida",Hialeah,FL,United States,Not specified,,,,Core Space,2026-08-20,2026-08-20,https://jobs.jobvite.com/mini-circuits/jobs/positions,known_careers_url,4,success
f410e598fd97,2026-08-20,c67c1581a301,Mini Circuits Brooklyn,https://www.minicircuits.com/,https://jobs.jobvite.com/mini-circuits/jobs/positions,"Level 1 General Assembly Operator Full-Time Hialeah, Florida",https://jobs.jobvite.com/mini-circuits/job/oXFFAfwB,"Hialeah, Florida",Hialeah,FL,United States,Not specified,,,,Core Space,2026-08-20,2026-08-20,https://jobs.jobvite.com/mini-circuits/jobs/positions,known_careers_url,4,success
7c2b05893454,2026-08-20,c67c1581a301,Mini Circuits Brooklyn,https://www.minicircuits.com/,https://jobs.jobvite.com/mini-circuits/jobs/positions,"Regulatory Compliance & Sustainability Program Manager Full-Time Melville, New York",https://jobs.jobvite.com/mini-circuits/job/ol5rAfwb,"Melville, New York",Melville,NY,United States,Not specified,,,,Core Space,2026-08-20,2026-08-20,https://jobs.jobvite.com/mini-circuits/jobs/positions,known_careers_url,4,success
fc8d6ba2fce1,2026-08-20,c67c1581a301,Mini Circuits Brooklyn,https://www.minicircuits.com/,https://jobs.jobvite.com/mini-circuits/jobs/positions,"RF Technician I Full-Time Deer Park, New York",https://jobs.jobvite.com/mini-circuits/job/oq5vAfwk,"Deer Park, New York",Deer Park,NY,United States,Not specified,,,,Core Space,2026-08-20,2026-08-20,https://jobs.jobvite.com/mini-circuits/jobs/positions,known_careers_url,4,success
6e74b6f1efe0,2026-08-20,c67c1581a301,Mini Circuits Brooklyn,https://www.minicircuits.com/,https://jobs.jobvite.com/mini-circuits/jobs/positions,Field Applications Engineer - West Coast,https://jobs.jobvite.com/mini-circuits/job/o9l3zfwQ,"Remote, California",Remote,CA,United States,Remote,,,,Core Space,2026-08-20,2026-08-20,https://jobs.jobvite.com/mini-circuits/jobs/positions,known_careers_url,4,success
913280d599b2,2026-08-20,c67c1581a301,Mini Circuits Brooklyn,https://www.minicircuits.com/,https://jobs.jobvite.com/mini-circuits/jobs/positions,Field Applications Engineer NA Central,https://jobs.jobvite.com/mini-circuits/job/oaGmAfww,"Remote, New York",Remote,NY,United States,Remote,,,,Core Space,2026-08-20,2026-08-20,https://jobs.jobvite.com/mini-circuits/jobs/positions,known_careers_url,4,success
721aa585ae84,2026-08-20,c67c1581a301,Mini Circuits Brooklyn,https://www.minicircuits.com/,https://jobs.jobvite.com/mini-circuits/jobs/positions,Robotic Operations Specialist,https://jobs.jobvite.com/mini-circuits/job/o4KAAfwI,"Deer Park, New York",Deer Park,NY,United States,Not specified,,,,Core Space,2026-08-20,2026-08-20,https://jobs.jobvite.com/mini-circuits/jobs/positions,known_careers_url,4,success
cda7e5624678,2026-08-20,c67c1581a301,Mini Circuits Brooklyn,https://www.minicircuits.com/,https://jobs.jobvite.com/mini-circuits/jobs/positions,Warehouse Operator I,https://jobs.jobvite.com/mini-circuits/job/oWcFAfw7,"Deer Park, New York",Deer Park,NY,United States,Not specified,,,,Core Space,2026-08-20,2026-08-20,https://jobs.jobvite.com/mini-circuits/jobs/positions,known_careers_url,4,success
3cab2ab376c8,2026-08-20,c67c1581a301,Mini Circuits Brooklyn,https://www.minicircuits.com/,https://jobs.jobvite.com/mini-circuits/jobs/positions,Senior Manager Environmental Health & Safety,https://jobs.jobvite.com/mini-circuits/job/od4qAfw1,"Brooklyn, NY, United States",Brooklyn,NY,United States,Not specified,,,,Core Space,2026-08-20,2026-08-20,https://jobs.jobvite.com/mini-circuits/jobs/positions,known_careers_url,4,success
ff326000f6a1,2026-08-20,c67c1581a301,Mini Circuits Brooklyn,https://www.minicircuits.com/,https://jobs.jobvite.com/mini-circuits/jobs/positions,Engineer Operations Manager - DBU,https://jobs.jobvite.com/mini-circuits/job/o9R8zfwr,"Melville, New York",Melville,NY,United States,Not specified,,,,Core Space,2026-08-20,2026-08-20,https://jobs.jobvite.com/mini-circuits/jobs/positions,known_careers_url,4,success
b2adc8c2a082,2026-08-20,c67c1581a301,Mini Circuits Brooklyn,https://www.minicircuits.com/,https://jobs.jobvite.com/mini-circuits/jobs/positions,Mechanical Design Engineer I,https://jobs.jobvite.com/mini-circuits/job/oWJAAfwz,"Melville, New York",Melville,NY,United States,Not specified,,,,Core Space,2026-08-20,2026-08-20,https://jobs.jobvite.com/mini-circuits/jobs/positions,known_careers_url,4,success
cad7ef9c7bf2,2026-08-20,c67c1581a301,Mini Circuits Brooklyn,https://www.minicircuits.com/,https://jobs.jobvite.com/mini-circuits/jobs/positions,RF Design Engineer I,https://jobs.jobvite.com/mini-circuits/job/oaJjAfww,"Hialeah, Florida",Hialeah,FL,United States,Not specified,,,,Core Space,2026-08-20,2026-08-20,https://jobs.jobvite.com/mini-circuits/jobs/positions,known_careers_url,4,success
fd6473f727d6,2026-08-20,c67c1581a301,Mini Circuits Brooklyn,https://www.minicircuits.com/,https://jobs.jobvite.com/mini-circuits/jobs/positions,Senior Manager of Design Engineering,https://jobs.jobvite.com/mini-circuits/job/ocTgvfwA,"Hialeah, Florida",Hialeah,FL,United States,Not specified,,,,Core Space,2026-08-20,2026-08-20,https://jobs.jobvite.com/mini-circuits/jobs/positions,known_careers_url,4,success
708c76c41cf3,2026-08-20,c67c1581a301,Mini Circuits Brooklyn,https://www.minicircuits.com/,https://jobs.jobvite.com/mini-circuits/jobs/positions,Senior Product Engineer,https://jobs.jobvite.com/mini-circuits/job/omwuzfwF,"Hialeah, Florida",Hialeah,FL,United States,Not specified,,,,Core Space,2026-08-20,2026-08-20,https://jobs.jobvite.com/mini-circuits/jobs/positions,known_careers_url,4,success
cced1bd3bb9a,2026-08-20,c67c1581a301,Mini Circuits Brooklyn,https://www.minicircuits.com/,https://jobs.jobvite.com/mini-circuits/jobs/positions,Engineering Manager,https://jobs.jobvite.com/mini-circuits/job/o856zfwC,"Melville, New York",Melville,NY,United States,Not specified,,,,Core Space,2026-08-20,2026-08-20,https://jobs.jobvite.com/mini-circuits/jobs/positions,known_careers_url,4,success
a156d077534b,2026-08-20,c67c1581a301,Mini Circuits Brooklyn,https://www.minicircuits.com/,https://jobs.jobvite.com/mini-circuits/jobs/positions,Principal Design Engineer,https://jobs.jobvite.com/mini-circuits/job/oML0zfwQ,"Carlsbad, California",Carlsbad,CA,United States,Not specified,,,,Core Space,2026-08-20,2026-08-20,https://jobs.jobvite.com/mini-circuits/jobs/positions,known_careers_url,4,success
ad4046e78f2f,2026-08-20,c67c1581a301,Mini Circuits Brooklyn,https://www.minicircuits.com/,https://jobs.jobvite.com/mini-circuits/jobs/positions,RF Test Engineer - MMIC,https://jobs.jobvite.com/mini-circuits/job/oaxwAfwx,"Carlsbad, California",Carlsbad,CA,United States,Not specified,,,,Core Space,2026-08-20,2026-08-20,https://jobs.jobvite.com/mini-circuits/jobs/positions,known_careers_url,4,success
f58acd793692,2026-08-20,c67c1581a301,Mini Circuits Brooklyn,https://www.minicircuits.com/,https://jobs.jobvite.com/mini-circuits/jobs/positions,Development Test Engineer II,https://jobs.jobvite.com/mini-circuits/job/ofhVzfwK,"Brooklyn, New York",Brooklyn,NY,United States,Not specified,,,,Core Space,2026-08-20,2026-08-20,https://jobs.jobvite.com/mini-circuits/jobs/positions,known_careers_url,4,success
95fd8732f9fe,2026-08-20,c67c1581a301,Mini Circuits Brooklyn,https://www.minicircuits.com/,https://jobs.jobvite.com/mini-circuits/jobs/positions,PCB Designer II - MMIC,https://jobs.jobvite.com/mini-circuits/job/ovBkAfwK,"Melville, New York",Melville,NY,United States,Not specified,,,,Core Space,2026-08-20,2026-08-20,https://jobs.jobvite.com/mini-circuits/jobs/positions,known_careers_url,4,success
3a888e3d6aa2,2026-08-20,c67c1581a301,Mini Circuits Brooklyn,https://www.minicircuits.com/,https://jobs.jobvite.com/mini-circuits/jobs/positions,Senior Mechanical Design Engineer,https://jobs.jobvite.com/mini-circuits/job/ocdjAfw2,"Melville, New York",Melville,NY,United States,Not specified,,,,Core Space,2026-08-20,2026-08-20,https://jobs.jobvite.com/mini-circuits/jobs/positions,known_careers_url,4,success
e4379a06ee4a,2026-08-20,c67c1581a301,Mini Circuits Brooklyn,https://www.minicircuits.com/,https://jobs.jobvite.com/mini-circuits/jobs/positions,Manager - Global Supply Chain Systems,https://jobs.jobvite.com/mini-circuits/job/oydFAfwK,"Melville, New York",Melville,NY,United States,Not specified,,,,Core Space,2026-08-20,2026-08-20,https://jobs.jobvite.com/mini-circuits/jobs/positions,known_careers_url,4,success
3b79409f6427,2026-08-20,c67c1581a301,Mini Circuits Brooklyn,https://www.minicircuits.com/,https://jobs.jobvite.com/mini-circuits/jobs/positions,Automation Systems Engineer II,https://jobs.jobvite.com/mini-circuits/job/oUNKyfwJ,"Brooklyn, New York",Brooklyn,NY,United States,Not specified,,,,Core Space,2026-08-20,2026-08-20,https://jobs.jobvite.com/mini-circuits/jobs/positions,known_careers_url,4,success
9d9a98d628aa,2026-08-20,c67c1581a301,Mini Circuits Brooklyn,https://www.minicircuits.com/,https://jobs.jobvite.com/mini-circuits/jobs/positions,Manufacturing Automation Technician,https://jobs.jobvite.com/mini-circuits/job/oFs4zfwu,"Brooklyn, New York",Brooklyn,NY,United States,Not specified,,,,Core Space,2026-08-20,2026-08-20,https://jobs.jobvite.com/mini-circuits/jobs/positions,known_careers_url,4,success
c839efcea6da,2026-08-20,c67c1581a301,Mini Circuits Brooklyn,https://www.minicircuits.com/,https://jobs.jobvite.com/mini-circuits/jobs/positions,NA Operations Project Manager III,https://jobs.jobvite.com/mini-circuits/job/oMhWyfwh,"Brooklyn, New York",Brooklyn,NY,United States,Not specified,,,,Core Space,2026-08-20,2026-08-20,https://jobs.jobvite.com/mini-circuits/jobs/positions,known_careers_url,4,success
d6ba4f131525,2026-08-20,c67c1581a301,Mini Circuits Brooklyn,https://www.minicircuits.com/,https://jobs.jobvite.com/mini-circuits/jobs/positions,SAP ERP Manager,https://jobs.jobvite.com/mini-circuits/job/ogUJzfwc,"Brooklyn, NY, United States",Brooklyn,NY,United States,Not specified,,,,Core Space,2026-08-20,2026-08-20,https://jobs.jobvite.com/mini-circuits/jobs/positions,known_careers_url,4,success
1f5311b4790e,2026-08-20,c67c1581a301,Mini Circuits Brooklyn,https://www.minicircuits.com/,https://jobs.jobvite.com/mini-circuits/jobs/positions,SAP Finance (FICO) Solution Specialist,https://jobs.jobvite.com/mini-circuits/job/o4t2zfwS,"Melville, New York",Melville,NY,United States,Not specified,,,,Core Space,2026-08-20,2026-08-20,https://jobs.jobvite.com/mini-circuits/jobs/positions,known_careers_url,4,success
f2f0b0edb725,2026-08-20,c67c1581a301,Mini Circuits Brooklyn,https://www.minicircuits.com/,https://jobs.jobvite.com/mini-circuits/jobs/positions,SAP Master Data Solution Specialist,https://jobs.jobvite.com/mini-circuits/job/oK7LvfwR,"Melville, New York",Melville,NY,United States,Not specified,,,,Core Space,2026-08-20,2026-08-20,https://jobs.jobvite.com/mini-circuits/jobs/positions,known_careers_url,4,success
617178dc5c6b,2026-08-20,c67c1581a301,Mini Circuits Brooklyn,https://www.minicircuits.com/,https://jobs.jobvite.com/mini-circuits/jobs/positions,Quality Engineer,https://jobs.jobvite.com/mini-circuits/job/o3mxxfwd,"Hialeah, Florida",Hialeah,FL,United States,Not specified,,,,Core Space,2026-08-20,2026-08-20,https://jobs.jobvite.com/mini-circuits/jobs/positions,known_careers_url,4,success
ed2fb6233c1f,2026-08-20,c67c1581a301,Mini Circuits Brooklyn,https://www.minicircuits.com/,https://jobs.jobvite.com/mini-circuits/jobs/positions,Reliability Technician,https://jobs.jobvite.com/mini-circuits/job/oZrrAfwb,"Brooklyn, New York",Brooklyn,NY,United States,Not specified,,,,Core Space,2026-08-20,2026-08-20,https://jobs.jobvite.com/mini-circuits/jobs/positions,known_careers_url,4,success
803b97524767,2026-08-20,c67c1581a301,Mini Circuits Brooklyn,https://www.minicircuits.com/,https://jobs.jobvite.com/mini-circuits/jobs/positions,Regional Sales Manager - NA Central,https://jobs.jobvite.com/mini-circuits/job/oj4bAfwS,"Brooklyn, NY, United States",Brooklyn,NY,United States,Not specified,,,,Core Space,2026-08-20,2026-08-20,https://jobs.jobvite.com/mini-circuits/jobs/positions,known_careers_url,4,success
4add009a0d64,2026-08-20,c67c1581a301,Mini Circuits Brooklyn,https://www.minicircuits.com/,https://jobs.jobvite.com/mini-circuits/jobs/positions,Level 2 Switch Assembly Operator,https://jobs.jobvite.com/mini-circuits/job/oAHkAfwV,"Brooklyn, New York",Brooklyn,NY,United States,Not specified,,,,Core Space,2026-08-20,2026-08-20,https://jobs.jobvite.com/mini-circuits/jobs/positions,known_careers_url,4,success
d9e358cc4325,2026-08-20,c67c1581a301,Mini Circuits Brooklyn,https://www.minicircuits.com/,https://jobs.jobvite.com/mini-circuits,Level 1 General Assembly Operator,https://jobs.jobvite.com/mini-circuits/jobs/positions,"Brooklyn, NY, United States",Brooklyn,NY,United States,Not specified,,,,Core Space,2026-08-20,2026-08-20,https://jobs.jobvite.com/mini-circuits,ats_detected,4,success_after_fallback
92111a8626ea,2026-08-20,dd8e8599680c,NearSpace Labs,https://nearspacelabs.com/,https://job-boards.greenhouse.io/nearspacelabs,"Associate Operator - Stratospheric Systems Nationwide, United States",https://job-boards.greenhouse.io/nearspacelabs/jobs/4749344008,"Nationwide, United States",Nationwide,,United States,Not specified,,,,Core Space,2026-08-20,2026-08-20,https://job-boards.greenhouse.io/nearspacelabs,known_careers_url,5,success
ffeee6d7df67,2026-08-20,6a2f5abb3318,North Atlantic Industries,https://www.naii.com/,https://www.naii.com/Opportunities,Quality Assurance Engineer I,https://recruiting.paylocity.com/recruiting/jobs/Apply/4372866/North-Atlantic-Industries-Inc/Quality-Assurance-Engineer-I,"Bohemia, NY",Bohemia,NY,United States,Not specified,,,,Space & Defense,2026-08-20,2026-08-20,https://www.naii.com/Opportunities,linked_page,4,success_after_fallback
19075f4ce393,2026-08-20,6a2f5abb3318,North Atlantic Industries,https://www.naii.com/,https://www.naii.com/Opportunities,Intern It Helpdesk Tech Fall,https://recruiting.paylocity.com/recruiting/jobs/Apply/4399410/North-Atlantic-Industries-Inc/Intern-IT-Helpdesk-Tech---Fall-2026,"Bohemia, NY",Bohemia,NY,United States,Not specified,,,,Space & Defense,2026-08-20,2026-08-20,https://www.naii.com/Opportunities,linked_page,4,success_after_fallback
f3cb31fe282a,2026-08-20,6a2f5abb3318,North Atlantic Industries,https://www.naii.com/,https://www.naii.com/Opportunities,Sustaining Engineer,https://recruiting.paylocity.com/recruiting/jobs/Apply/4113142/North-Atlantic-Industries-Inc/Sustaining-Engineer,"Bohemia, NY",Bohemia,NY,United States,Not specified,,,,Space & Defense,2026-08-20,2026-08-20,https://www.naii.com/Opportunities,linked_page,4,success_after_fallback
3cd9bf7011ab,2026-08-20,6a2f5abb3318,North Atlantic Industries,https://www.naii.com/,https://www.naii.com/Opportunities,Regional Sales Manager,https://recruiting.paylocity.com/recruiting/jobs/Apply/4369018/North-Atlantic-Industries-Inc/Regional-Sales-Manager,"Los Angeles, CA",Los Angeles,CA,United States,Not specified,,,,Space & Defense,2026-08-20,2026-08-20,https://www.naii.com/Opportunities,linked_page,4,success_after_fallback
538bc55cef72,2026-08-20,6a2f5abb3318,North Atlantic Industries,https://www.naii.com/,https://www.naii.com/Opportunities,Regional Sales Manager,https://recruiting.paylocity.com/recruiting/jobs/Apply/4349376/North-Atlantic-Industries-Inc/Regional-Sales-Manager,"Phoenix, AZ",Phoenix,AZ,United States,Not specified,,,,Space & Defense,2026-08-20,2026-08-20,https://www.naii.com/Opportunities,linked_page,4,success_after_fallback
cfb59b6b405a,2026-08-20,6a2f5abb3318,North Atlantic Industries,https://www.naii.com/,https://www.naii.com/Opportunities,Pcb Designer Iii Hybrid,https://recruiting.paylocity.com/recruiting/jobs/Apply/4397150/North-Atlantic-Industries-Inc/PCB-Designer-III-Hybrid,"Bohemia, NY",Bohemia,NY,United States,Hybrid,,,,Space & Defense,2026-08-20,2026-08-20,https://www.naii.com/Opportunities,linked_page,4,success_after_fallback
593cab673465,2026-08-20,6a2f5abb3318,North Atlantic Industries,https://www.naii.com/,https://www.naii.com/Opportunities,Mechanical Engineer Ii Electronics Packaging Thermal Design,https://recruiting.paylocity.com/recruiting/jobs/Apply/3945062/North-Atlantic-Industries-Inc/Mechanical-Engineer-II---Electronics-Packaging-Thermal-Design,"Bohemia, NY",Bohemia,NY,United States,Not specified,,,,Space & Defense,2026-08-20,2026-08-20,https://www.naii.com/Opportunities,linked_page,4,success_after_fallback
e2a50a01d4f1,2026-08-20,6a2f5abb3318,North Atlantic Industries,https://www.naii.com/,https://www.naii.com/Opportunities,Electronics Technician I,https://recruiting.paylocity.com/recruiting/jobs/Apply/4384717/North-Atlantic-Industries-Inc/Electronics-Technician-I,"Bohemia, NY",Bohemia,NY,United States,Not specified,,,,Space & Defense,2026-08-20,2026-08-20,https://www.naii.com/Opportunities,linked_page,4,success_after_fallback
ae8fdeed05a5,2026-08-20,6a2f5abb3318,North Atlantic Industries,https://www.naii.com/,https://www.naii.com/Opportunities,Electronics Applications Engineer Ii Hybrid,https://recruiting.paylocity.com/recruiting/jobs/Apply/3897103/North-Atlantic-Industries-Inc/Electronics-Applications-Engineer-II-Hybrid,"Bohemia, NY",Bohemia,NY,United States,Hybrid,,,,Space & Defense,2026-08-20,2026-08-20,https://www.naii.com/Opportunities,linked_page,4,success_after_fallback
cb0d07740c33,2026-08-20,6a2f5abb3318,North Atlantic Industries,https://www.naii.com/,https://www.naii.com/Opportunities,Npi Smt Process Engineer,https://recruiting.paylocity.com/recruiting/jobs/Apply/4098066/North-Atlantic-Industries-Inc/NPI-SMT-Process-Engineer,"Bohemia, NY",Bohemia,NY,United States,Not specified,,,,Space & Defense,2026-08-20,2026-08-20,https://www.naii.com/Opportunities,linked_page,4,success_after_fallback
f1c459067988,2026-08-20,6a2f5abb3318,North Atlantic Industries,https://www.naii.com/,https://www.naii.com/Opportunities,Manufacturing Engineer I,https://recruiting.paylocity.com/recruiting/jobs/Apply/4348422/North-Atlantic-Industries-Inc/Manufacturing-Engineer-I,"Bohemia, NY",Bohemia,NY,United States,Not specified,,,,Space & Defense,2026-08-20,2026-08-20,https://www.naii.com/Opportunities,linked_page,4,success_after_fallback
192ed4b68efa,2026-08-20,0197a4411659,RCM Engineering,https://rcmengineeringgroup.com/,https://jobs.rcmhealthcare.com/,Technician Boston Massachusetts,https://jobs.rcmhealthcare.com/job/331682-technician-boston-massachusetts,"West Sayville, NY, United States",West Sayville,NY,United States,Not specified,,,,Aerospace,2026-08-20,2026-08-20,https://jobs.rcmhealthcare.com/,linked_page,4,success_after_fallback
ec6664376535,2026-08-20,0197a4411659,RCM Engineering,https://rcmengineeringgroup.com/,https://jobs.rcmhealthcare.com/,Certified Nursing Assistant/CNA,https://jobs.rcmhealthcare.com/job/331272-certified-nursing-assistant-cna-monroe-washington,"West Sayville, NY, United States",West Sayville,NY,United States,Not specified,,,,Aerospace,2026-08-20,2026-08-20,https://jobs.rcmhealthcare.com/,linked_page,4,success_after_fallback
41611f59356f,2026-08-20,0197a4411659,RCM Engineering,https://rcmengineeringgroup.com/,https://jobs.rcmhealthcare.com/,Technician Monroe Washington,https://jobs.rcmhealthcare.com/job/330365-technician-monroe-washington,"West Sayville, NY, United States",West Sayville,NY,United States,Not specified,,,,Aerospace,2026-08-20,2026-08-20,https://jobs.rcmhealthcare.com/,linked_page,4,success_after_fallback
8eca2be41cb2,2026-08-20,0197a4411659,RCM Engineering,https://rcmengineeringgroup.com/,https://jobs.rcmhealthcare.com/,Technician Lowell Massachusetts,https://jobs.rcmhealthcare.com/job/327768-technician-lowell-massachusetts,"West Sayville, NY, United States",West Sayville,NY,United States,Not specified,,,,Aerospace,2026-08-20,2026-08-20,https://jobs.rcmhealthcare.com/,linked_page,4,success_after_fallback
af1b9df3edb6,2026-08-20,0939c3d7e29f,Saab Group,https://www.saab.com/,https://www.saab.com/career/job-opportunities,Manager Remote Tower Projects ﻿,https://www.saab.com/career/job-opportunities/manager-remote-tower-projects,"East Syracuse, NY, United States",East Syracuse,NY,United States,Remote,,,,Space & Defense,2026-08-20,2026-08-20,https://www.saab.com/career/job-opportunities,known_careers_url,3,success
8c2ed35ec687,2026-08-20,0939c3d7e29f,Saab Group,https://www.saab.com/,https://www.saab.com/career/job-opportunities,HR Manager (m/w/d) Compensation & Benefits ﻿,https://www.saab.com/career/job-opportunities/hr-manager-mwd-compensation--benefits,"East Syracuse, NY, United States",East Syracuse,NY,United States,Not specified,,,,Space & Defense,2026-08-20,2026-08-20,https://www.saab.com/career/job-opportunities,known_careers_url,3,success
8e3b8baf19f8,2026-08-20,0939c3d7e29f,Saab Group,https://www.saab.com/,https://www.saab.com/career/job-opportunities,Head of Hybrid Navy Business Development and Sales ﻿,https://www.saab.com/career/job-opportunities/head-of-hybrid-navy-business-development-and-sales,"East Syracuse, NY, United States",East Syracuse,NY,United States,Hybrid,,,,Space & Defense,2026-08-20,2026-08-20,https://www.saab.com/career/job-opportunities,known_careers_url,3,success
7733fd0da0e1,2026-08-20,0939c3d7e29f,Saab Group,https://www.saab.com/,https://www.saab.com/career/job-opportunities,Contract Manager (m/w/d) ﻿,https://www.saab.com/career/job-opportunities/contract-manager-mwd,"East Syracuse, NY, United States",East Syracuse,NY,United States,Not specified,,,,Space & Defense,2026-08-20,2026-08-20,https://www.saab.com/career/job-opportunities,known_careers_url,3,success
3c5f971721cc,2026-08-20,0939c3d7e29f,Saab Group,https://www.saab.com/,https://www.saab.com/career/job-opportunities,Senior Avionics Requirements Engineer ﻿,https://www.saab.com/career/job-opportunities/senior-avionics-requirements-engineer,"East Syracuse, NY, United States",East Syracuse,NY,United States,Not specified,,,,Space & Defense,2026-08-20,2026-08-20,https://www.saab.com/career/job-opportunities,known_careers_url,3,success
0eccf36fba68,2026-08-20,0939c3d7e29f,Saab Group,https://www.saab.com/,https://www.saab.com/career/job-opportunities/section-manager---sensor-control-and-tracking-design-pu-fighter-radar,Section Manager Sensor Control And Tracking Design Pu Fighter Radar Req,https://saabgroup.wd116.myworkdayjobs.com/Saab_careers/job/Gteborg/Section-Manager---Sensor-Control-and-Tracking-Design--PU-Fighter-Radar_REQ_44379/apply,"East Syracuse, NY, United States",East Syracuse,NY,United States,Not specified,,,,Space & Defense,2026-08-20,2026-08-20,https://www.saab.com/career/job-opportunities/section-manager---sensor-control-and-tracking-design-pu-fighter-radar,linked_page,4,success_after_fallback
2f8a4ca68607,2026-08-20,0939c3d7e29f,Saab Group,https://www.saab.com/,https://www.saab.com/career/job-opportunities/section-manager-missile-electronics-design-pu-fighter-radar,Section Manager Missile Electronics Design Pu Fighter Radar Req,https://saabgroup.wd116.myworkdayjobs.com/Saab_careers/job/Gteborg/Section-Manager-Missile-Electronics-Design--PU-Fighter-Radar_REQ_44378/apply,"East Syracuse, NY, United States",East Syracuse,NY,United States,Not specified,,,,Space & Defense,2026-08-20,2026-08-20,https://www.saab.com/career/job-opportunities/section-manager-missile-electronics-design-pu-fighter-radar,linked_page,4,success_after_fallback
af0dace94594,2026-08-20,fdb04d86542a,SRI International,https://www.sri.com/,https://careers-sri.icims.com/jobs/search?ss=1&hashed=-625949242,"Title Research Engineer II/III - FPGA, real-time and HPC code development (C programming)",https://careers-sri.icims.com/jobs/6457/research-engineer-ii-iii---fpga%2c-real-time-and-hpc-code-development-%28c-programming%29/job,"Manhattan, NY, United States",Manhattan,NY,United States,Remote,,,,Core Space,2026-08-20,2026-08-20,https://careers-sri.icims.com/jobs/search?ss=1&hashed=-625949242,ats_detected,5,success_after_fallback
eee012eafc8f,2026-08-20,fdb04d86542a,SRI International,https://www.sri.com/,https://careers-sri.icims.com/jobs/search?ss=1&hashed=-625949242,Title Finance Project Analyst II/III,https://careers-sri.icims.com/jobs/6456/finance-project-analyst-ii-iii/job,"Manhattan, NY, United States",Manhattan,NY,United States,Remote,,,,Core Space,2026-08-20,2026-08-20,https://careers-sri.icims.com/jobs/search?ss=1&hashed=-625949242,ats_detected,5,success_after_fallback
c0175a50d947,2026-08-20,fdb04d86542a,SRI International,https://www.sri.com/,https://careers-sri.icims.com/jobs/search?ss=1&hashed=-625949242,"Title Intern, Sleep Lab",https://careers-sri.icims.com/jobs/6454/intern%2c-sleep-lab/job,"Manhattan, NY, United States",Manhattan,NY,United States,Not specified,,,,Core Space,2026-08-20,2026-08-20,https://careers-sri.icims.com/jobs/search?ss=1&hashed=-625949242,ats_detected,5,success_after_fallback
0087209107d7,2026-08-20,fdb04d86542a,SRI International,https://www.sri.com/,https://careers-sri.icims.com/jobs/search?ss=1&hashed=-625949242,Title Marketing Specialist - Full Time-Temporary,https://careers-sri.icims.com/jobs/6450/marketing-specialist---full-time-temporary/job,"Manhattan, NY, United States",Manhattan,NY,United States,Remote,,,,Core Space,2026-08-20,2026-08-20,https://careers-sri.icims.com/jobs/search?ss=1&hashed=-625949242,ats_detected,5,success_after_fallback
c44ad4764b51,2026-08-20,fdb04d86542a,SRI International,https://www.sri.com/,https://careers-sri.icims.com/jobs/search?ss=1&hashed=-625949242,Title Principal Image Sensor Development Engineer,https://careers-sri.icims.com/jobs/6448/principal-image-sensor-development-engineer/job,"Manhattan, NY, United States",Manhattan,NY,United States,Not specified,,,,Core Space,2026-08-20,2026-08-20,https://careers-sri.icims.com/jobs/search?ss=1&hashed=-625949242,ats_detected,5,success_after_fallback
28df1f4c1bd9,2026-08-20,fdb04d86542a,SRI International,https://www.sri.com/,https://careers-sri.icims.com/jobs/search?ss=1&hashed=-625949242,Title IC Layout Engineer III,https://careers-sri.icims.com/jobs/6445/ic-layout-engineer-iii/job,"Manhattan, NY, United States",Manhattan,NY,United States,Not specified,,,,Core Space,2026-08-20,2026-08-20,https://careers-sri.icims.com/jobs/search?ss=1&hashed=-625949242,ats_detected,5,success_after_fallback
83cd75cf6b13,2026-08-20,fdb04d86542a,SRI International,https://www.sri.com/,https://careers-sri.icims.com/jobs/search?ss=1&hashed=-625949242,Title Associate Contracts Officer,https://careers-sri.icims.com/jobs/6443/associate-contracts-officer/job,"Manhattan, NY, United States",Manhattan,NY,United States,Remote,,,,Core Space,2026-08-20,2026-08-20,https://careers-sri.icims.com/jobs/search?ss=1&hashed=-625949242,ats_detected,5,success_after_fallback
6f88f052d223,2026-08-20,fdb04d86542a,SRI International,https://www.sri.com/,https://careers-sri.icims.com/jobs/search?ss=1&hashed=-625949242,Title Analog IC Design Engineer,https://careers-sri.icims.com/jobs/6441/analog-ic-design-engineer/job,"Manhattan, NY, United States",Manhattan,NY,United States,Not specified,,,,Core Space,2026-08-20,2026-08-20,https://careers-sri.icims.com/jobs/search?ss=1&hashed=-625949242,ats_detected,5,success_after_fallback
4d7d959e3ed1,2026-08-20,fdb04d86542a,SRI International,https://www.sri.com/,https://careers-sri.icims.com/jobs/search?ss=1&hashed=-625949242,"Title Research Scientist, electron beam lithography",https://careers-sri.icims.com/jobs/6440/research-scientist%2c-electron-beam-lithography/job,"Manhattan, NY, United States",Manhattan,NY,United States,On-site,,,,Core Space,2026-08-20,2026-08-20,https://careers-sri.icims.com/jobs/search?ss=1&hashed=-625949242,ats_detected,5,success_after_fallback
64b737edd5d0,2026-08-20,fdb04d86542a,SRI International,https://www.sri.com/,https://careers-sri.icims.com/jobs/search?ss=1&hashed=-625949242,Title Test Engineers I,https://careers-sri.icims.com/jobs/6439/test-engineers-i/job,"Manhattan, NY, United States",Manhattan,NY,United States,Not specified,,,,Core Space,2026-08-20,2026-08-20,https://careers-sri.icims.com/jobs/search?ss=1&hashed=-625949242,ats_detected,5,success_after_fallback
6d3d0ab8b735,2026-08-20,fdb04d86542a,SRI International,https://www.sri.com/,https://careers-sri.icims.com/jobs/search?ss=1&hashed=-625949242,Title Sr. Photonics Research Engineer,https://careers-sri.icims.com/jobs/6436/sr.-photonics-research-engineer/job,"Manhattan, NY, United States",Manhattan,NY,United States,On-site,,,,Core Space,2026-08-20,2026-08-20,https://careers-sri.icims.com/jobs/search?ss=1&hashed=-625949242,ats_detected,5,success_after_fallback
886af8140a70,2026-08-20,fdb04d86542a,SRI International,https://www.sri.com/,https://careers-sri.icims.com/jobs/search?ss=1&hashed=-625949242,Title Drexel University Co-op: Software Engineering/Full stack development,https://careers-sri.icims.com/jobs/6432/drexel-university-co-op%3a-software-engineering-full-stack-development/job,"Manhattan, NY, United States",Manhattan,NY,United States,Not specified,,,,Core Space,2026-08-20,2026-08-20,https://careers-sri.icims.com/jobs/search?ss=1&hashed=-625949242,ats_detected,5,success_after_fallback
fd4e35a63d72,2026-08-20,fdb04d86542a,SRI International,https://www.sri.com/,https://careers-sri.icims.com/jobs/search?ss=1&hashed=-625949242,Title Materials Research Scientist/Engineer,https://careers-sri.icims.com/jobs/6428/materials-research-scientist-engineer/job,"Manhattan, NY, United States",Manhattan,NY,United States,Not specified,,,,Core Space,2026-08-20,2026-08-20,https://careers-sri.icims.com/jobs/search?ss=1&hashed=-625949242,ats_detected,5,success_after_fallback
6a229b52cf25,2026-08-20,fdb04d86542a,SRI International,https://www.sri.com/,https://careers-sri.icims.com/jobs/search?ss=1&hashed=-625949242,Title Robotics Software Engineer - II/III,https://careers-sri.icims.com/jobs/6427/robotics-software-engineer---ii-iii/job,"Manhattan, NY, United States",Manhattan,NY,United States,On-site,,,,Core Space,2026-08-20,2026-08-20,https://careers-sri.icims.com/jobs/search?ss=1&hashed=-625949242,ats_detected,5,success_after_fallback
edcb4330653b,2026-08-20,fdb04d86542a,SRI International,https://www.sri.com/,https://careers-sri.icims.com/jobs/search?ss=1&hashed=-625949242,"Title Intern, Center for Health Sciences",https://careers-sri.icims.com/jobs/6421/intern%2c-center-for-health-sciences/job,"Manhattan, NY, United States",Manhattan,NY,United States,Not specified,,,,Core Space,2026-08-20,2026-08-20,https://careers-sri.icims.com/jobs/search?ss=1&hashed=-625949242,ats_detected,5,success_after_fallback
bb16d8c25a0b,2026-08-20,fdb04d86542a,SRI International,https://www.sri.com/,https://careers-sri.icims.com/jobs/search?ss=1&hashed=-625949242,Title Test Technician,https://careers-sri.icims.com/jobs/6419/test-technician/job,"Manhattan, NY, United States",Manhattan,NY,United States,Not specified,,,,Core Space,2026-08-20,2026-08-20,https://careers-sri.icims.com/jobs/search?ss=1&hashed=-625949242,ats_detected,5,success_after_fallback
95b1d44347a2,2026-08-20,fdb04d86542a,SRI International,https://www.sri.com/,https://careers-sri.icims.com/jobs/search?ss=1&hashed=-625949242,Title Sr Research Engineer-RF,https://careers-sri.icims.com/jobs/6407/sr-research-engineer-rf/job,"Manhattan, NY, United States",Manhattan,NY,United States,Remote,,,,Core Space,2026-08-20,2026-08-20,https://careers-sri.icims.com/jobs/search?ss=1&hashed=-625949242,ats_detected,5,success_after_fallback
8135fc124960,2026-08-20,fdb04d86542a,SRI International,https://www.sri.com/,https://careers-sri.icims.com/jobs/search?ss=1&hashed=-625949242,Title Sr Research Engineer-Project Principal Investigator - RF,https://careers-sri.icims.com/jobs/6406/sr-research-engineer-project-principal-investigator---rf/job,"Manhattan, NY, United States",Manhattan,NY,United States,Remote,,,,Core Space,2026-08-20,2026-08-20,https://careers-sri.icims.com/jobs/search?ss=1&hashed=-625949242,ats_detected,5,success_after_fallback
fc661e612cd6,2026-08-20,fdb04d86542a,SRI International,https://www.sri.com/,https://careers-sri.icims.com/jobs/search?ss=1&hashed=-625949242,Title Research Engineer II/III - RF Hardware,https://careers-sri.icims.com/jobs/6405/research-engineer-ii-iii---rf-hardware/job,"Manhattan, NY, United States",Manhattan,NY,United States,Remote,,,,Core Space,2026-08-20,2026-08-20,https://careers-sri.icims.com/jobs/search?ss=1&hashed=-625949242,ats_detected,5,success_after_fallback
f5c85183bee4,2026-08-20,fdb04d86542a,SRI International,https://www.sri.com/,https://careers-sri.icims.com/jobs/search?ss=1&hashed=-625949242,Title IC Design Engineer III,https://careers-sri.icims.com/jobs/6403/ic-design-engineer-iii/job,"Manhattan, NY, United States",Manhattan,NY,United States,Not specified,,,,Core Space,2026-08-20,2026-08-20,https://careers-sri.icims.com/jobs/search?ss=1&hashed=-625949242,ats_detected,5,success_after_fallback
4a918651f386,2026-08-20,fdb04d86542a,SRI International,https://www.sri.com/,https://careers-sri.icims.com/jobs/search?ss=1&hashed=-625949242,Title Wafer Fab Process Engineer,https://careers-sri.icims.com/jobs/6395/wafer-fab-process-engineer/job,"Manhattan, NY, United States",Manhattan,NY,United States,Not specified,,,,Core Space,2026-08-20,2026-08-20,https://careers-sri.icims.com/jobs/search?ss=1&hashed=-625949242,ats_detected,5,success_after_fallback
68175f7d031c,2026-08-20,fdb04d86542a,SRI International,https://www.sri.com/,https://careers-sri.icims.com/jobs/search?ss=1&hashed=-625949242,"Title Semiconductor Equipment Technicians, Experienced - First Shift",https://careers-sri.icims.com/jobs/6392/semiconductor-equipment-technicians%2c-experienced---first-shift/job,"Manhattan, NY, United States",Manhattan,NY,United States,Not specified,,,,Core Space,2026-08-20,2026-08-20,https://careers-sri.icims.com/jobs/search?ss=1&hashed=-625949242,ats_detected,5,success_after_fallback
43d358810612,2026-08-20,fdb04d86542a,SRI International,https://www.sri.com/,https://careers-sri.icims.com/jobs/search?ss=1&hashed=-625949242,"Title Semiconductor Equipment Technicians, Experienced - First Shift",https://careers-sri.icims.com/jobs/6385/semiconductor-equipment-technicians%2c-experienced---first-shift/job,"Manhattan, NY, United States",Manhattan,NY,United States,Not specified,,,,Core Space,2026-08-20,2026-08-20,https://careers-sri.icims.com/jobs/search?ss=1&hashed=-625949242,ats_detected,5,success_after_fallback
914b84c5d97a,2026-08-20,fdb04d86542a,SRI International,https://www.sri.com/,https://careers-sri.icims.com/jobs/search?ss=1&hashed=-625949242,Title Mechanical Engineer,https://careers-sri.icims.com/jobs/6384/mechanical-engineer/job,"Manhattan, NY, United States",Manhattan,NY,United States,Not specified,,,,Core Space,2026-08-20,2026-08-20,https://careers-sri.icims.com/jobs/search?ss=1&hashed=-625949242,ats_detected,5,success_after_fallback
d06c2cd1b5a3,2026-08-20,fdb04d86542a,SRI International,https://www.sri.com/,https://careers-sri.icims.com/jobs/search?ss=1&hashed=-625949242,Title Sr Mechanical Engineer,https://careers-sri.icims.com/jobs/6383/sr-mechanical-engineer/job,"Manhattan, NY, United States",Manhattan,NY,United States,Not specified,,,,Core Space,2026-08-20,2026-08-20,https://careers-sri.icims.com/jobs/search?ss=1&hashed=-625949242,ats_detected,5,success_after_fallback
57bb35df9988,2026-08-20,fdb04d86542a,SRI International,https://www.sri.com/,https://careers-sri.icims.com/jobs/search?ss=1&hashed=-625949242,Title Sr Research Engineer-Project Principal Investigator,https://careers-sri.icims.com/jobs/6377/sr-research-engineer-project-principal-investigator/job,"Manhattan, NY, United States",Manhattan,NY,United States,Remote,,,,Core Space,2026-08-20,2026-08-20,https://careers-sri.icims.com/jobs/search?ss=1&hashed=-625949242,ats_detected,5,success_after_fallback
0bec5a533ca5,2026-08-20,fdb04d86542a,SRI International,https://www.sri.com/,https://careers-sri.icims.com/jobs/search?ss=1&hashed=-625949242,Title IC Design Engineer IV,https://careers-sri.icims.com/jobs/6367/ic-design-engineer-iv/job,"Manhattan, NY, United States",Manhattan,NY,United States,Not specified,,,,Core Space,2026-08-20,2026-08-20,https://careers-sri.icims.com/jobs/search?ss=1&hashed=-625949242,ats_detected,5,success_after_fallback
9b94ba03fc5f,2026-08-20,fdb04d86542a,SRI International,https://www.sri.com/,https://careers-sri.icims.com/jobs/search?ss=1&hashed=-625949242,Title Electronics Design Engineer,https://careers-sri.icims.com/jobs/6365/electronics-design-engineer/job,"Manhattan, NY, United States",Manhattan,NY,United States,Not specified,,,,Core Space,2026-08-20,2026-08-20,https://careers-sri.icims.com/jobs/search?ss=1&hashed=-625949242,ats_detected,5,success_after_fallback
14e6108fd230,2026-08-20,fdb04d86542a,SRI International,https://www.sri.com/,https://careers-sri.icims.com/jobs/search?ss=1&hashed=-625949242,"Title Test Engineer - Analog, ATE",https://careers-sri.icims.com/jobs/6325/test-engineer---analog%2c-ate/job,"Manhattan, NY, United States",Manhattan,NY,United States,Not specified,,,,Core Space,2026-08-20,2026-08-20,https://careers-sri.icims.com/jobs/search?ss=1&hashed=-625949242,ats_detected,5,success_after_fallback
5211adaa3359,2026-08-20,fdb04d86542a,SRI International,https://www.sri.com/,https://careers-sri.icims.com/jobs/search?ss=1&hashed=-625949242,Title Photonics Research Engineer III,https://careers-sri.icims.com/jobs/6320/photonics-research-engineer-iii/job,"Manhattan, NY, United States",Manhattan,NY,United States,On-site,,,,Core Space,2026-08-20,2026-08-20,https://careers-sri.icims.com/jobs/search?ss=1&hashed=-625949242,ats_detected,5,success_after_fallback
56a72cd45a9d,2026-08-20,fdb04d86542a,SRI International,https://www.sri.com/,https://careers-sri.icims.com/jobs/search?ss=1&hashed=-625949242,Title Postdoctoral Fellow - Applied & Computational Scientists,https://careers-sri.icims.com/jobs/6314/postdoctoral-fellow---applied-%26-computational-scientists/job,"Manhattan, NY, United States",Manhattan,NY,United States,Hybrid,,,,Core Space,2026-08-20,2026-08-20,https://careers-sri.icims.com/jobs/search?ss=1&hashed=-625949242,ats_detected,5,success_after_fallback
9dc620c5605a,2026-08-20,fdb04d86542a,SRI International,https://www.sri.com/,https://careers-sri.icims.com/jobs/search?ss=1&hashed=-625949242,Title Applied & Computational Research Scientists,https://careers-sri.icims.com/jobs/6313/applied-%26-computational-research-scientists/job,"Manhattan, NY, United States",Manhattan,NY,United States,Hybrid,,,,Core Space,2026-08-20,2026-08-20,https://careers-sri.icims.com/jobs/search?ss=1&hashed=-625949242,ats_detected,5,success_after_fallback
fc84266c0fdd,2026-08-20,fdb04d86542a,SRI International,https://www.sri.com/,https://careers-sri.icims.com/jobs/search?ss=1&hashed=-625949242,Title Manufacturing Technicians,https://careers-sri.icims.com/jobs/6254/manufacturing-technicians/job,"Manhattan, NY, United States",Manhattan,NY,United States,Not specified,,,,Core Space,2026-08-20,2026-08-20,https://careers-sri.icims.com/jobs/search?ss=1&hashed=-625949242,ats_detected,5,success_after_fallback
3e1382b76cac,2026-08-20,e04ea6a314c3,Vishay Americas,https://www.vishay.com/,https://vishay.wd3.myworkdayjobs.com/VishayCareers/job/Itzehoe-DE/XMLNAME--Junior--Controller--m-w-d-_JR-19172-1/apply,(Junior) Controller (m/w/d),https://vishay.wd3.myworkdayjobs.com/VishayCareers/job/Itzehoe-DE/XMLNAME--Junior--Controller--m-w-d-_JR-19172-1/apply,"Itzehoe, DE, Germany",Itzehoe,DE,Germany,Not specified,,,,Core Space,2026-08-20,2026-08-20,https://vishay.wd3.myworkdayjobs.com/VishayCareers/job/Itzehoe-DE/XMLNAME--Junior--Controller--m-w-d-_JR-19172-1/apply,ats_detected,3,success_after_fallback
b8c3f0a204e8,2026-08-20,e04ea6a314c3,Vishay Americas,https://www.vishay.com/,https://jobs.vishay.com/jobs/senior-hr-specialist-m-w-d,Xmlname Senior Hr Specialist M W D Jr,https://vishay.wd3.myworkdayjobs.com/VishayCareers/job/Selb-DE/XMLNAME--Senior--HR-Specialist--m-w-d-_JR-17989-1/apply,"Niagara Falls, NY, United States",Niagara Falls,NY,United States,Not specified,,,,Core Space,2026-08-20,2026-08-20,https://jobs.vishay.com/jobs/senior-hr-specialist-m-w-d,linked_page,4,success_after_fallback
2683cca29df5,2026-08-20,e04ea6a314c3,Vishay Americas,https://www.vishay.com/,https://jobs.vishay.com/jobs/senior-specialist-ehs-quality-m-w-d,Xmlname Senior Specialist Ehs Quality M W D Jr,https://vishay.wd3.myworkdayjobs.com/VishayCareers/job/Erndtebrck-DE/XMLNAME--Senior--Specialist-EHS---Quality--m-w-d-_JR-15993/apply,"Niagara Falls, NY, United States",Niagara Falls,NY,United States,Not specified,,,,Core Space,2026-08-20,2026-08-20,https://jobs.vishay.com/jobs/senior-specialist-ehs-quality-m-w-d,linked_page,4,success_after_fallback
886abad21824,2026-08-20,1c2b4e10bf58,Wallaroo AI,https://wallaroo.ai/,https://www.jobvite.com/,TA Leader,https://www.jobvite.com/solutions/role/talent-acquisition-leader,"Manhattan, NY, United States",Manhattan,NY,United States,Not specified,,,,Core Space,2026-08-20,2026-08-20,https://www.jobvite.com/,ats_detected,4,success_after_fallback
fcec0899c79f,2026-08-20,1c2b4e10bf58,Wallaroo AI,https://wallaroo.ai/,https://www.jobvite.com/,HR Leader,https://www.jobvite.com/solutions/role/hr-leader,"Manhattan, NY, United States",Manhattan,NY,United States,Not specified,,,,Core Space,2026-08-20,2026-08-20,https://www.jobvite.com/,ats_detected,4,success_after_fallback
bc3248fdbd4f,2026-08-20,1c2b4e10bf58,Wallaroo AI,https://wallaroo.ai/,https://www.jobvite.com/,IT Manager,https://www.jobvite.com/solutions/role/it,"Manhattan, NY, United States",Manhattan,NY,United States,Not specified,,,,Core Space,2026-08-20,2026-08-20,https://www.jobvite.com/,ats_detected,4,success_after_fallback
